molecule_chembl_id,target_chembl_id,target_pref_name,standard_type,standard_relation,standard_value,standard_units,assay_chembl_id,assay_type,assay_description,document_chembl_id,uniprot_id,target_pref_name,readout,smiles,pActivity
CHEMBL432038,CHEMBL5137,Metabotropic glutamate receptor 2,IC50,=,200.0,nM,CHEMBL820340,B,Antagonistic activity against stimulation of GTP (gamma) 35 S binding by glutamate in membranes from CHO cells expressing human mGluR2,CHEMBL1134156,Q14416,Metabotropic glutamate receptor 2,IC50,N[C@](CC1c2ccccc2Oc2ccccc21)(C(=O)O)[C@H]1C[C@@H]1C(=O)O,6.698970004336019
CHEMBL108735,CHEMBL5137,Metabotropic glutamate receptor 2,IC50,=,6400.0,nM,CHEMBL718204,B,Antagonistic activity against stimulation of GTP (gamma) 35 S binding by glutamate in membranes from CHO cells expressing human Metabotropic glutamate receptor 2,CHEMBL1134156,Q14416,Metabotropic glutamate receptor 2,IC50,NC(C(=O)O)[C@H]1[C@@H](CC2c3ccccc3Oc3ccccc32)[C@@H]1C(=O)O,5.1938200260161125
CHEMBL325140,CHEMBL5137,Metabotropic glutamate receptor 2,IC50,=,200.0,nM,CHEMBL718204,B,Antagonistic activity against stimulation of GTP (gamma) 35 S binding by glutamate in membranes from CHO cells expressing human Metabotropic glutamate receptor 2,CHEMBL1134156,Q14416,Metabotropic glutamate receptor 2,IC50,NC(C(=O)O)[C@H]1[C@@H](CCC2c3ccccc3Oc3ccccc32)[C@@H]1C(=O)O,6.698970004336019
CHEMBL39338,CHEMBL5137,Metabotropic glutamate receptor 2,IC50,=,400.0,nM,CHEMBL717363,B,Inhibitory activity against human Metabotropic glutamate receptor 2,CHEMBL1132716,Q14416,Metabotropic glutamate receptor 2,IC50,N[C@@H](C[C@H](CCCC(c1ccccc1)c1ccccc1)C(=O)O)C(=O)O,6.3979400086720375
CHEMBL287831,CHEMBL5137,Metabotropic glutamate receptor 2,IC50,=,34.0,nM,CHEMBL717363,B,Inhibitory activity against human Metabotropic glutamate receptor 2,CHEMBL1132716,Q14416,Metabotropic glutamate receptor 2,IC50,CC1c2ccccc2Oc2cccc([C@@](N)(C(=O)O)[C@H]3C[C@@H]3C(=O)O)c21,7.468521082957745
CHEMBL40123,CHEMBL5137,Metabotropic glutamate receptor 2,IC50,=,3000.0,nM,CHEMBL717363,B,Inhibitory activity against human Metabotropic glutamate receptor 2,CHEMBL1132716,Q14416,Metabotropic glutamate receptor 2,IC50,N[C@@H](C[C@H](CC(c1ccccc1)c1ccccc1)C(=O)O)C(=O)O,5.522878745280337
CHEMBL432038,CHEMBL5137,Metabotropic glutamate receptor 2,IC50,=,2.9,nM,CHEMBL929194,B,Displacement of [3H]-MGS0008 from mGluR2 expressed in CHO cells,CHEMBL1144772,Q14416,Metabotropic glutamate receptor 2,IC50,N[C@](CC1c2ccccc2Oc2ccccc21)(C(=O)O)[C@H]1C[C@@H]1C(=O)O,8.537602002101044
CHEMBL259435,CHEMBL5137,Metabotropic glutamate receptor 2,IC50,=,4.45,nM,CHEMBL929194,B,Displacement of [3H]-MGS0008 from mGluR2 expressed in CHO cells,CHEMBL1144772,Q14416,Metabotropic glutamate receptor 2,IC50,NC(CC1c2ccccc2Oc2ccccc21)(C(=O)O)C1CC1(F)C(=O)O,8.351639989019068
CHEMBL409928,CHEMBL5137,Metabotropic glutamate receptor 2,IC50,=,3.49,nM,CHEMBL929194,B,Displacement of [3H]-MGS0008 from mGluR2 expressed in CHO cells,CHEMBL1144772,Q14416,Metabotropic glutamate receptor 2,IC50,N[C@](CC1c2ccccc2Oc2ccccc21)(C(=O)O)[C@H]1C[C@]1(F)C(=O)O,8.45717457304082
CHEMBL259435,CHEMBL5137,Metabotropic glutamate receptor 2,IC50,=,211.0,nM,CHEMBL929194,B,Displacement of [3H]-MGS0008 from mGluR2 expressed in CHO cells,CHEMBL1144772,Q14416,Metabotropic glutamate receptor 2,IC50,NC(CC1c2ccccc2Oc2ccccc21)(C(=O)O)C1CC1(F)C(=O)O,6.675717544702307
CHEMBL2179319,CHEMBL5137,Metabotropic glutamate receptor 2,IC50,=,15.0,nM,CHEMBL2185983,B,Binding affinity to human mGlu2R expressed in CHO cells by radioligand binding assay,CHEMBL2176880,Q14416,Metabotropic glutamate receptor 2,IC50,FC(F)(F)c1c(N2CCC(c3ccccc3)CC2)ccn2c(CC3CC3)nnc12,7.823908740944319
CHEMBL2206447,CHEMBL5137,Metabotropic glutamate receptor 2,IC50,=,5.6,nM,CHEMBL2215921,B,Displacement of [3H]JNJ-40068782 from human mGLuR2 expressed in CHO cell membrane after 60 mins by liquid scintillation counting,CHEMBL2202996,Q14416,Metabotropic glutamate receptor 2,IC50,COc1cc(F)cc(F)c1C1CCN(c2ccn3c(CC4CC4)nnc3c2Cl)CC1,8.2518119729938
CHEMBL2206446,CHEMBL5137,Metabotropic glutamate receptor 2,IC50,=,7.3,nM,CHEMBL2215921,B,Displacement of [3H]JNJ-40068782 from human mGLuR2 expressed in CHO cell membrane after 60 mins by liquid scintillation counting,CHEMBL2202996,Q14416,Metabotropic glutamate receptor 2,IC50,COc1ccc(F)c(F)c1C1CCN(c2ccn3c(CC4CC4)nnc3c2Cl)CC1,8.136677139879545
CHEMBL2206445,CHEMBL5137,Metabotropic glutamate receptor 2,IC50,=,9.23,nM,CHEMBL2215921,B,Displacement of [3H]JNJ-40068782 from human mGLuR2 expressed in CHO cell membrane after 60 mins by liquid scintillation counting,CHEMBL2202996,Q14416,Metabotropic glutamate receptor 2,IC50,COc1c(F)ccc(F)c1C1CCN(c2ccn3c(CC4CC4)nnc3c2Cl)CC1,8.034798298974088
CHEMBL2206442,CHEMBL5137,Metabotropic glutamate receptor 2,IC50,=,11.2,nM,CHEMBL2215921,B,Displacement of [3H]JNJ-40068782 from human mGLuR2 expressed in CHO cell membrane after 60 mins by liquid scintillation counting,CHEMBL2202996,Q14416,Metabotropic glutamate receptor 2,IC50,COc1cccc(F)c1C1CCN(c2ccn3c(CC4CC4)nnc3c2Cl)CC1,7.950781977329818
CHEMBL2206441,CHEMBL5137,Metabotropic glutamate receptor 2,IC50,=,11.2,nM,CHEMBL2215921,B,Displacement of [3H]JNJ-40068782 from human mGLuR2 expressed in CHO cell membrane after 60 mins by liquid scintillation counting,CHEMBL2202996,Q14416,Metabotropic glutamate receptor 2,IC50,COc1ccc(F)cc1C1CCN(c2ccn3c(CC4CC4)nnc3c2Cl)CC1,7.950781977329818
CHEMBL2204436,CHEMBL5137,Metabotropic glutamate receptor 2,IC50,=,17000.0,nM,CHEMBL2213654,B,Negative allosteric modulation of mGlu2 assessed as thallium flux through GIRK channels by cell-based assay,CHEMBL2203026,Q14416,Metabotropic glutamate receptor 2,IC50,Clc1ccc(CN[C@H]2CCN(c3ncc(Br)cn3)C2)c(Cl)c1,4.769551078621726
CHEMBL1629855,CHEMBL5137,Metabotropic glutamate receptor 2,IC50,=,296.0,nM,CHEMBL2213652,B,Negative allosteric modulation of mGlu2 by cell-based assay,CHEMBL2203026,Q14416,Metabotropic glutamate receptor 2,IC50,Cc1cc(-c2cccc(C3=Nc4cc(C)c(C(F)(F)F)cc4NC(=O)C3)c2)cc(C)n1,6.528708288941061
CHEMBL1629855,CHEMBL5137,Metabotropic glutamate receptor 2,IC50,=,296.0,nM,CHEMBL2390125,B,Negative allosteric modulation of mGlu2 receptor (unknown origin),CHEMBL2384940,Q14416,Metabotropic glutamate receptor 2,IC50,Cc1cc(-c2cccc(C3=Nc4cc(C)c(C(F)(F)F)cc4NC(=O)C3)c2)cc(C)n1,6.528708288941061
CHEMBL3337527,CHEMBL5137,Metabotropic glutamate receptor 2,IC50,=,68.0,nM,CHEMBL3362388,B,Displacement of [3H]19 from human mGlu2 receptor expressed in CHO cells,CHEMBL3352578,Q14416,Metabotropic glutamate receptor 2,IC50,CCCCn1ccc(N2CCC(c3ccccc3)CC2)c(Cl)c1=O,7.167491087293763
CHEMBL3955040,CHEMBL5137,Metabotropic glutamate receptor 2,IC50,=,159.0,nM,CHEMBL3888122,B,"Biological Assay: The utility of the compounds in accordance with the present invention as antagonists of metabotropic glutamate receptor activity, in particular mGluR2 activity, may be demonstrated by methodology known in the art. Antagonist constants are determined as follows. The compounds of the present invention were tested in a fluorescence laser imaging plate reader based assay. This assay is a common functional assay to monitor Ca2+ mobilization in whole cells expressing recombinant receptor coupled with a promiscuous G-protein. CHO dhfr- cells stably expressing recombinant human mGluR2 and Gα16 loaded with Fluo-4 AM (Invitrogen, Carlsbad Calif.) are treated with various concentrations of antagonists of compounds and the Ca2+ response is monitored on a FLIPR384 (Molecular Devices, Sunnydale Calif.) for agonist activity.",CHEMBL3886589,Q14416,Metabotropic glutamate receptor 2,IC50,Cc1ccc2c(-c3ccc(F)cc3)cc(C(N)=O)nc2c1,6.798602875679549
CHEMBL3972482,CHEMBL5137,Metabotropic glutamate receptor 2,IC50,=,171.0,nM,CHEMBL3888122,B,"Biological Assay: The utility of the compounds in accordance with the present invention as antagonists of metabotropic glutamate receptor activity, in particular mGluR2 activity, may be demonstrated by methodology known in the art. Antagonist constants are determined as follows. The compounds of the present invention were tested in a fluorescence laser imaging plate reader based assay. This assay is a common functional assay to monitor Ca2+ mobilization in whole cells expressing recombinant receptor coupled with a promiscuous G-protein. CHO dhfr- cells stably expressing recombinant human mGluR2 and Gα16 loaded with Fluo-4 AM (Invitrogen, Carlsbad Calif.) are treated with various concentrations of antagonists of compounds and the Ca2+ response is monitored on a FLIPR384 (Molecular Devices, Sunnydale Calif.) for agonist activity.",CHEMBL3886589,Q14416,Metabotropic glutamate receptor 2,IC50,NC(=O)c1cc(-c2c(F)cc(Cl)cc2F)c2ccccc2n1,6.767003889607846
CHEMBL3946344,CHEMBL5137,Metabotropic glutamate receptor 2,IC50,=,660.0,nM,CHEMBL3888122,B,"Biological Assay: The utility of the compounds in accordance with the present invention as antagonists of metabotropic glutamate receptor activity, in particular mGluR2 activity, may be demonstrated by methodology known in the art. Antagonist constants are determined as follows. The compounds of the present invention were tested in a fluorescence laser imaging plate reader based assay. This assay is a common functional assay to monitor Ca2+ mobilization in whole cells expressing recombinant receptor coupled with a promiscuous G-protein. CHO dhfr- cells stably expressing recombinant human mGluR2 and Gα16 loaded with Fluo-4 AM (Invitrogen, Carlsbad Calif.) are treated with various concentrations of antagonists of compounds and the Ca2+ response is monitored on a FLIPR384 (Molecular Devices, Sunnydale Calif.) for agonist activity.",CHEMBL3886589,Q14416,Metabotropic glutamate receptor 2,IC50,NC(=O)c1cc(-c2ccc(OC(F)F)cc2)c2ccccc2n1,6.180456064458131
CHEMBL3935751,CHEMBL5137,Metabotropic glutamate receptor 2,IC50,=,822.0,nM,CHEMBL3888122,B,"Biological Assay: The utility of the compounds in accordance with the present invention as antagonists of metabotropic glutamate receptor activity, in particular mGluR2 activity, may be demonstrated by methodology known in the art. Antagonist constants are determined as follows. The compounds of the present invention were tested in a fluorescence laser imaging plate reader based assay. This assay is a common functional assay to monitor Ca2+ mobilization in whole cells expressing recombinant receptor coupled with a promiscuous G-protein. CHO dhfr- cells stably expressing recombinant human mGluR2 and Gα16 loaded with Fluo-4 AM (Invitrogen, Carlsbad Calif.) are treated with various concentrations of antagonists of compounds and the Ca2+ response is monitored on a FLIPR384 (Molecular Devices, Sunnydale Calif.) for agonist activity.",CHEMBL3886589,Q14416,Metabotropic glutamate receptor 2,IC50,NC(=O)c1cc(C2=CCCC2)c2ccccc2n1,6.0851281824599495
CHEMBL3939979,CHEMBL5137,Metabotropic glutamate receptor 2,IC50,=,678.0,nM,CHEMBL3888122,B,"Biological Assay: The utility of the compounds in accordance with the present invention as antagonists of metabotropic glutamate receptor activity, in particular mGluR2 activity, may be demonstrated by methodology known in the art. Antagonist constants are determined as follows. The compounds of the present invention were tested in a fluorescence laser imaging plate reader based assay. This assay is a common functional assay to monitor Ca2+ mobilization in whole cells expressing recombinant receptor coupled with a promiscuous G-protein. CHO dhfr- cells stably expressing recombinant human mGluR2 and Gα16 loaded with Fluo-4 AM (Invitrogen, Carlsbad Calif.) are treated with various concentrations of antagonists of compounds and the Ca2+ response is monitored on a FLIPR384 (Molecular Devices, Sunnydale Calif.) for agonist activity.",CHEMBL3886589,Q14416,Metabotropic glutamate receptor 2,IC50,Cn1cc(-c2cc(C(N)=O)nc3ccccc23)cn1,6.168770306132936
CHEMBL3930346,CHEMBL5137,Metabotropic glutamate receptor 2,IC50,=,641.0,nM,CHEMBL3888122,B,"Biological Assay: The utility of the compounds in accordance with the present invention as antagonists of metabotropic glutamate receptor activity, in particular mGluR2 activity, may be demonstrated by methodology known in the art. Antagonist constants are determined as follows. The compounds of the present invention were tested in a fluorescence laser imaging plate reader based assay. This assay is a common functional assay to monitor Ca2+ mobilization in whole cells expressing recombinant receptor coupled with a promiscuous G-protein. CHO dhfr- cells stably expressing recombinant human mGluR2 and Gα16 loaded with Fluo-4 AM (Invitrogen, Carlsbad Calif.) are treated with various concentrations of antagonists of compounds and the Ca2+ response is monitored on a FLIPR384 (Molecular Devices, Sunnydale Calif.) for agonist activity.",CHEMBL3886589,Q14416,Metabotropic glutamate receptor 2,IC50,Cc1cscc1-c1cc(C(N)=O)nc2ccccc12,6.193141970481182
CHEMBL3957842,CHEMBL5137,Metabotropic glutamate receptor 2,IC50,=,667.0,nM,CHEMBL3888122,B,"Biological Assay: The utility of the compounds in accordance with the present invention as antagonists of metabotropic glutamate receptor activity, in particular mGluR2 activity, may be demonstrated by methodology known in the art. Antagonist constants are determined as follows. The compounds of the present invention were tested in a fluorescence laser imaging plate reader based assay. This assay is a common functional assay to monitor Ca2+ mobilization in whole cells expressing recombinant receptor coupled with a promiscuous G-protein. CHO dhfr- cells stably expressing recombinant human mGluR2 and Gα16 loaded with Fluo-4 AM (Invitrogen, Carlsbad Calif.) are treated with various concentrations of antagonists of compounds and the Ca2+ response is monitored on a FLIPR384 (Molecular Devices, Sunnydale Calif.) for agonist activity.",CHEMBL3886589,Q14416,Metabotropic glutamate receptor 2,IC50,Cc1c(-c2cc(C(N)=O)nc3ccccc23)cnn1-c1ccccc1,6.175874166083451
CHEMBL3985577,CHEMBL5137,Metabotropic glutamate receptor 2,IC50,=,169.0,nM,CHEMBL3888122,B,"Biological Assay: The utility of the compounds in accordance with the present invention as antagonists of metabotropic glutamate receptor activity, in particular mGluR2 activity, may be demonstrated by methodology known in the art. Antagonist constants are determined as follows. The compounds of the present invention were tested in a fluorescence laser imaging plate reader based assay. This assay is a common functional assay to monitor Ca2+ mobilization in whole cells expressing recombinant receptor coupled with a promiscuous G-protein. CHO dhfr- cells stably expressing recombinant human mGluR2 and Gα16 loaded with Fluo-4 AM (Invitrogen, Carlsbad Calif.) are treated with various concentrations of antagonists of compounds and the Ca2+ response is monitored on a FLIPR384 (Molecular Devices, Sunnydale Calif.) for agonist activity.",CHEMBL3886589,Q14416,Metabotropic glutamate receptor 2,IC50,NC(=O)c1cc(-c2ccc(Br)cc2)c2ccccc2n1,6.772113295386326
CHEMBL3912345,CHEMBL5137,Metabotropic glutamate receptor 2,IC50,=,681.0,nM,CHEMBL3888122,B,"Biological Assay: The utility of the compounds in accordance with the present invention as antagonists of metabotropic glutamate receptor activity, in particular mGluR2 activity, may be demonstrated by methodology known in the art. Antagonist constants are determined as follows. The compounds of the present invention were tested in a fluorescence laser imaging plate reader based assay. This assay is a common functional assay to monitor Ca2+ mobilization in whole cells expressing recombinant receptor coupled with a promiscuous G-protein. CHO dhfr- cells stably expressing recombinant human mGluR2 and Gα16 loaded with Fluo-4 AM (Invitrogen, Carlsbad Calif.) are treated with various concentrations of antagonists of compounds and the Ca2+ response is monitored on a FLIPR384 (Molecular Devices, Sunnydale Calif.) for agonist activity.",CHEMBL3886589,Q14416,Metabotropic glutamate receptor 2,IC50,NC(=O)c1cc(-c2ccccc2Br)c2ccccc2n1,6.166852888087215
CHEMBL3974279,CHEMBL5137,Metabotropic glutamate receptor 2,IC50,=,368.0,nM,CHEMBL3888122,B,"Biological Assay: The utility of the compounds in accordance with the present invention as antagonists of metabotropic glutamate receptor activity, in particular mGluR2 activity, may be demonstrated by methodology known in the art. Antagonist constants are determined as follows. The compounds of the present invention were tested in a fluorescence laser imaging plate reader based assay. This assay is a common functional assay to monitor Ca2+ mobilization in whole cells expressing recombinant receptor coupled with a promiscuous G-protein. CHO dhfr- cells stably expressing recombinant human mGluR2 and Gα16 loaded with Fluo-4 AM (Invitrogen, Carlsbad Calif.) are treated with various concentrations of antagonists of compounds and the Ca2+ response is monitored on a FLIPR384 (Molecular Devices, Sunnydale Calif.) for agonist activity.",CHEMBL3886589,Q14416,Metabotropic glutamate receptor 2,IC50,Cc1cc(Cl)ccc1-c1cc(C(N)=O)nc2ccccc12,6.434152181326482
CHEMBL3903327,CHEMBL5137,Metabotropic glutamate receptor 2,IC50,=,58.0,nM,CHEMBL3888122,B,"Biological Assay: The utility of the compounds in accordance with the present invention as antagonists of metabotropic glutamate receptor activity, in particular mGluR2 activity, may be demonstrated by methodology known in the art. Antagonist constants are determined as follows. The compounds of the present invention were tested in a fluorescence laser imaging plate reader based assay. This assay is a common functional assay to monitor Ca2+ mobilization in whole cells expressing recombinant receptor coupled with a promiscuous G-protein. CHO dhfr- cells stably expressing recombinant human mGluR2 and Gα16 loaded with Fluo-4 AM (Invitrogen, Carlsbad Calif.) are treated with various concentrations of antagonists of compounds and the Ca2+ response is monitored on a FLIPR384 (Molecular Devices, Sunnydale Calif.) for agonist activity.",CHEMBL3886589,Q14416,Metabotropic glutamate receptor 2,IC50,NC(=O)c1cc(-c2ccc(Cl)cc2F)c2ccccc2n1,7.236572006437063
CHEMBL3899883,CHEMBL5137,Metabotropic glutamate receptor 2,IC50,=,100.0,nM,CHEMBL3888122,B,"Biological Assay: The utility of the compounds in accordance with the present invention as antagonists of metabotropic glutamate receptor activity, in particular mGluR2 activity, may be demonstrated by methodology known in the art. Antagonist constants are determined as follows. The compounds of the present invention were tested in a fluorescence laser imaging plate reader based assay. This assay is a common functional assay to monitor Ca2+ mobilization in whole cells expressing recombinant receptor coupled with a promiscuous G-protein. CHO dhfr- cells stably expressing recombinant human mGluR2 and Gα16 loaded with Fluo-4 AM (Invitrogen, Carlsbad Calif.) are treated with various concentrations of antagonists of compounds and the Ca2+ response is monitored on a FLIPR384 (Molecular Devices, Sunnydale Calif.) for agonist activity.",CHEMBL3886589,Q14416,Metabotropic glutamate receptor 2,IC50,NC(=O)c1cc(-c2ccc(F)cc2Cl)c2ccccc2n1,7.0
CHEMBL3931394,CHEMBL5137,Metabotropic glutamate receptor 2,IC50,=,139.0,nM,CHEMBL3888122,B,"Biological Assay: The utility of the compounds in accordance with the present invention as antagonists of metabotropic glutamate receptor activity, in particular mGluR2 activity, may be demonstrated by methodology known in the art. Antagonist constants are determined as follows. The compounds of the present invention were tested in a fluorescence laser imaging plate reader based assay. This assay is a common functional assay to monitor Ca2+ mobilization in whole cells expressing recombinant receptor coupled with a promiscuous G-protein. CHO dhfr- cells stably expressing recombinant human mGluR2 and Gα16 loaded with Fluo-4 AM (Invitrogen, Carlsbad Calif.) are treated with various concentrations of antagonists of compounds and the Ca2+ response is monitored on a FLIPR384 (Molecular Devices, Sunnydale Calif.) for agonist activity.",CHEMBL3886589,Q14416,Metabotropic glutamate receptor 2,IC50,COc1ccc(-c2cc(C(N)=O)nc3ccccc23)c(F)c1,6.856985199745905
CHEMBL3969392,CHEMBL5137,Metabotropic glutamate receptor 2,IC50,=,124.0,nM,CHEMBL3888122,B,"Biological Assay: The utility of the compounds in accordance with the present invention as antagonists of metabotropic glutamate receptor activity, in particular mGluR2 activity, may be demonstrated by methodology known in the art. Antagonist constants are determined as follows. The compounds of the present invention were tested in a fluorescence laser imaging plate reader based assay. This assay is a common functional assay to monitor Ca2+ mobilization in whole cells expressing recombinant receptor coupled with a promiscuous G-protein. CHO dhfr- cells stably expressing recombinant human mGluR2 and Gα16 loaded with Fluo-4 AM (Invitrogen, Carlsbad Calif.) are treated with various concentrations of antagonists of compounds and the Ca2+ response is monitored on a FLIPR384 (Molecular Devices, Sunnydale Calif.) for agonist activity.",CHEMBL3886589,Q14416,Metabotropic glutamate receptor 2,IC50,Cc1ccc(-c2cc(C(N)=O)nc3ccccc23)c(F)c1,6.906578314837764
CHEMBL3939839,CHEMBL5137,Metabotropic glutamate receptor 2,IC50,=,505.0,nM,CHEMBL3888122,B,"Biological Assay: The utility of the compounds in accordance with the present invention as antagonists of metabotropic glutamate receptor activity, in particular mGluR2 activity, may be demonstrated by methodology known in the art. Antagonist constants are determined as follows. The compounds of the present invention were tested in a fluorescence laser imaging plate reader based assay. This assay is a common functional assay to monitor Ca2+ mobilization in whole cells expressing recombinant receptor coupled with a promiscuous G-protein. CHO dhfr- cells stably expressing recombinant human mGluR2 and Gα16 loaded with Fluo-4 AM (Invitrogen, Carlsbad Calif.) are treated with various concentrations of antagonists of compounds and the Ca2+ response is monitored on a FLIPR384 (Molecular Devices, Sunnydale Calif.) for agonist activity.",CHEMBL3886589,Q14416,Metabotropic glutamate receptor 2,IC50,NC(=O)c1cc(-c2cnn(-c3ccccc3)c2)c2ccccc2n1,6.296708621881338
CHEMBL3907349,CHEMBL5137,Metabotropic glutamate receptor 2,IC50,=,135.0,nM,CHEMBL3888122,B,"Biological Assay: The utility of the compounds in accordance with the present invention as antagonists of metabotropic glutamate receptor activity, in particular mGluR2 activity, may be demonstrated by methodology known in the art. Antagonist constants are determined as follows. The compounds of the present invention were tested in a fluorescence laser imaging plate reader based assay. This assay is a common functional assay to monitor Ca2+ mobilization in whole cells expressing recombinant receptor coupled with a promiscuous G-protein. CHO dhfr- cells stably expressing recombinant human mGluR2 and Gα16 loaded with Fluo-4 AM (Invitrogen, Carlsbad Calif.) are treated with various concentrations of antagonists of compounds and the Ca2+ response is monitored on a FLIPR384 (Molecular Devices, Sunnydale Calif.) for agonist activity.",CHEMBL3886589,Q14416,Metabotropic glutamate receptor 2,IC50,Cc1ccc(-c2cc(C(N)=O)nc3ccccc23)c(C#N)c1,6.8696662315049934
CHEMBL3945170,CHEMBL5137,Metabotropic glutamate receptor 2,IC50,=,169.0,nM,CHEMBL3888122,B,"Biological Assay: The utility of the compounds in accordance with the present invention as antagonists of metabotropic glutamate receptor activity, in particular mGluR2 activity, may be demonstrated by methodology known in the art. Antagonist constants are determined as follows. The compounds of the present invention were tested in a fluorescence laser imaging plate reader based assay. This assay is a common functional assay to monitor Ca2+ mobilization in whole cells expressing recombinant receptor coupled with a promiscuous G-protein. CHO dhfr- cells stably expressing recombinant human mGluR2 and Gα16 loaded with Fluo-4 AM (Invitrogen, Carlsbad Calif.) are treated with various concentrations of antagonists of compounds and the Ca2+ response is monitored on a FLIPR384 (Molecular Devices, Sunnydale Calif.) for agonist activity.",CHEMBL3886589,Q14416,Metabotropic glutamate receptor 2,IC50,NC(=O)c1cc(-c2ccc(F)cc2)c2ccccc2n1,6.772113295386326
CHEMBL3912824,CHEMBL5137,Metabotropic glutamate receptor 2,IC50,=,407.0,nM,CHEMBL3888122,B,"Biological Assay: The utility of the compounds in accordance with the present invention as antagonists of metabotropic glutamate receptor activity, in particular mGluR2 activity, may be demonstrated by methodology known in the art. Antagonist constants are determined as follows. The compounds of the present invention were tested in a fluorescence laser imaging plate reader based assay. This assay is a common functional assay to monitor Ca2+ mobilization in whole cells expressing recombinant receptor coupled with a promiscuous G-protein. CHO dhfr- cells stably expressing recombinant human mGluR2 and Gα16 loaded with Fluo-4 AM (Invitrogen, Carlsbad Calif.) are treated with various concentrations of antagonists of compounds and the Ca2+ response is monitored on a FLIPR384 (Molecular Devices, Sunnydale Calif.) for agonist activity.",CHEMBL3886589,Q14416,Metabotropic glutamate receptor 2,IC50,Cc1ccc(-c2cc(C(N)=O)nc3cc(C)ccc23)cc1,6.39040559077478
CHEMBL3982696,CHEMBL5137,Metabotropic glutamate receptor 2,IC50,=,217.0,nM,CHEMBL3888122,B,"Biological Assay: The utility of the compounds in accordance with the present invention as antagonists of metabotropic glutamate receptor activity, in particular mGluR2 activity, may be demonstrated by methodology known in the art. Antagonist constants are determined as follows. The compounds of the present invention were tested in a fluorescence laser imaging plate reader based assay. This assay is a common functional assay to monitor Ca2+ mobilization in whole cells expressing recombinant receptor coupled with a promiscuous G-protein. CHO dhfr- cells stably expressing recombinant human mGluR2 and Gα16 loaded with Fluo-4 AM (Invitrogen, Carlsbad Calif.) are treated with various concentrations of antagonists of compounds and the Ca2+ response is monitored on a FLIPR384 (Molecular Devices, Sunnydale Calif.) for agonist activity.",CHEMBL3886589,Q14416,Metabotropic glutamate receptor 2,IC50,COc1ccc(-c2cc(C(N)=O)nc3cc(C)ccc23)cc1,6.66354026615147
CHEMBL3921799,CHEMBL5137,Metabotropic glutamate receptor 2,IC50,=,377.0,nM,CHEMBL3888122,B,"Biological Assay: The utility of the compounds in accordance with the present invention as antagonists of metabotropic glutamate receptor activity, in particular mGluR2 activity, may be demonstrated by methodology known in the art. Antagonist constants are determined as follows. The compounds of the present invention were tested in a fluorescence laser imaging plate reader based assay. This assay is a common functional assay to monitor Ca2+ mobilization in whole cells expressing recombinant receptor coupled with a promiscuous G-protein. CHO dhfr- cells stably expressing recombinant human mGluR2 and Gα16 loaded with Fluo-4 AM (Invitrogen, Carlsbad Calif.) are treated with various concentrations of antagonists of compounds and the Ca2+ response is monitored on a FLIPR384 (Molecular Devices, Sunnydale Calif.) for agonist activity.",CHEMBL3886589,Q14416,Metabotropic glutamate receptor 2,IC50,Cc1ccc2c(-c3ccccc3Cl)cc(C(N)=O)nc2c1,6.423658649794207
CHEMBL3897268,CHEMBL5137,Metabotropic glutamate receptor 2,IC50,=,393.0,nM,CHEMBL3888122,B,"Biological Assay: The utility of the compounds in accordance with the present invention as antagonists of metabotropic glutamate receptor activity, in particular mGluR2 activity, may be demonstrated by methodology known in the art. Antagonist constants are determined as follows. The compounds of the present invention were tested in a fluorescence laser imaging plate reader based assay. This assay is a common functional assay to monitor Ca2+ mobilization in whole cells expressing recombinant receptor coupled with a promiscuous G-protein. CHO dhfr- cells stably expressing recombinant human mGluR2 and Gα16 loaded with Fluo-4 AM (Invitrogen, Carlsbad Calif.) are treated with various concentrations of antagonists of compounds and the Ca2+ response is monitored on a FLIPR384 (Molecular Devices, Sunnydale Calif.) for agonist activity.",CHEMBL3886589,Q14416,Metabotropic glutamate receptor 2,IC50,Cc1ccc2c(-c3ccccc3F)cc(C(N)=O)nc2c1,6.405607449624574
CHEMBL3948794,CHEMBL5137,Metabotropic glutamate receptor 2,IC50,=,190.0,nM,CHEMBL3888122,B,"Biological Assay: The utility of the compounds in accordance with the present invention as antagonists of metabotropic glutamate receptor activity, in particular mGluR2 activity, may be demonstrated by methodology known in the art. Antagonist constants are determined as follows. The compounds of the present invention were tested in a fluorescence laser imaging plate reader based assay. This assay is a common functional assay to monitor Ca2+ mobilization in whole cells expressing recombinant receptor coupled with a promiscuous G-protein. CHO dhfr- cells stably expressing recombinant human mGluR2 and Gα16 loaded with Fluo-4 AM (Invitrogen, Carlsbad Calif.) are treated with various concentrations of antagonists of compounds and the Ca2+ response is monitored on a FLIPR384 (Molecular Devices, Sunnydale Calif.) for agonist activity.",CHEMBL3886589,Q14416,Metabotropic glutamate receptor 2,IC50,Cc1ccc2c(-c3ccc(C#N)cc3)cc(C(N)=O)nc2c1,6.721246399047171
CHEMBL3903901,CHEMBL5137,Metabotropic glutamate receptor 2,IC50,=,21.0,nM,CHEMBL3888122,B,"Biological Assay: The utility of the compounds in accordance with the present invention as antagonists of metabotropic glutamate receptor activity, in particular mGluR2 activity, may be demonstrated by methodology known in the art. Antagonist constants are determined as follows. The compounds of the present invention were tested in a fluorescence laser imaging plate reader based assay. This assay is a common functional assay to monitor Ca2+ mobilization in whole cells expressing recombinant receptor coupled with a promiscuous G-protein. CHO dhfr- cells stably expressing recombinant human mGluR2 and Gα16 loaded with Fluo-4 AM (Invitrogen, Carlsbad Calif.) are treated with various concentrations of antagonists of compounds and the Ca2+ response is monitored on a FLIPR384 (Molecular Devices, Sunnydale Calif.) for agonist activity.",CHEMBL3886589,Q14416,Metabotropic glutamate receptor 2,IC50,CN1CC(=O)N(Cc2ccc3c(-c4ccc(F)cc4)cc(C(N)=O)nc3c2)C1=O,7.6777807052660805
CHEMBL3892073,CHEMBL5137,Metabotropic glutamate receptor 2,IC50,=,9.0,nM,CHEMBL3888122,B,"Biological Assay: The utility of the compounds in accordance with the present invention as antagonists of metabotropic glutamate receptor activity, in particular mGluR2 activity, may be demonstrated by methodology known in the art. Antagonist constants are determined as follows. The compounds of the present invention were tested in a fluorescence laser imaging plate reader based assay. This assay is a common functional assay to monitor Ca2+ mobilization in whole cells expressing recombinant receptor coupled with a promiscuous G-protein. CHO dhfr- cells stably expressing recombinant human mGluR2 and Gα16 loaded with Fluo-4 AM (Invitrogen, Carlsbad Calif.) are treated with various concentrations of antagonists of compounds and the Ca2+ response is monitored on a FLIPR384 (Molecular Devices, Sunnydale Calif.) for agonist activity.",CHEMBL3886589,Q14416,Metabotropic glutamate receptor 2,IC50,NC(=O)c1cc(-c2ccc(F)cc2)c2ccc(CN3C(=O)CCC3=O)cc2n1,8.045757490560675
CHEMBL3920092,CHEMBL5137,Metabotropic glutamate receptor 2,IC50,=,38.0,nM,CHEMBL3888122,B,"Biological Assay: The utility of the compounds in accordance with the present invention as antagonists of metabotropic glutamate receptor activity, in particular mGluR2 activity, may be demonstrated by methodology known in the art. Antagonist constants are determined as follows. The compounds of the present invention were tested in a fluorescence laser imaging plate reader based assay. This assay is a common functional assay to monitor Ca2+ mobilization in whole cells expressing recombinant receptor coupled with a promiscuous G-protein. CHO dhfr- cells stably expressing recombinant human mGluR2 and Gα16 loaded with Fluo-4 AM (Invitrogen, Carlsbad Calif.) are treated with various concentrations of antagonists of compounds and the Ca2+ response is monitored on a FLIPR384 (Molecular Devices, Sunnydale Calif.) for agonist activity.",CHEMBL3886589,Q14416,Metabotropic glutamate receptor 2,IC50,NC(=O)c1cc(-c2ccc(F)cc2)c2ccc(CN3C(=O)CNC3=O)cc2n1,7.42021640338319
CHEMBL3904529,CHEMBL5137,Metabotropic glutamate receptor 2,IC50,=,416.0,nM,CHEMBL3888122,B,"Biological Assay: The utility of the compounds in accordance with the present invention as antagonists of metabotropic glutamate receptor activity, in particular mGluR2 activity, may be demonstrated by methodology known in the art. Antagonist constants are determined as follows. The compounds of the present invention were tested in a fluorescence laser imaging plate reader based assay. This assay is a common functional assay to monitor Ca2+ mobilization in whole cells expressing recombinant receptor coupled with a promiscuous G-protein. CHO dhfr- cells stably expressing recombinant human mGluR2 and Gα16 loaded with Fluo-4 AM (Invitrogen, Carlsbad Calif.) are treated with various concentrations of antagonists of compounds and the Ca2+ response is monitored on a FLIPR384 (Molecular Devices, Sunnydale Calif.) for agonist activity.",CHEMBL3886589,Q14416,Metabotropic glutamate receptor 2,IC50,N#Cc1cc(-c2ccc(F)cc2)c2ccc(CN3C(=O)CCC3=O)cc2n1,6.380906669373257
CHEMBL3929001,CHEMBL5137,Metabotropic glutamate receptor 2,IC50,=,21.0,nM,CHEMBL3888122,B,"Biological Assay: The utility of the compounds in accordance with the present invention as antagonists of metabotropic glutamate receptor activity, in particular mGluR2 activity, may be demonstrated by methodology known in the art. Antagonist constants are determined as follows. The compounds of the present invention were tested in a fluorescence laser imaging plate reader based assay. This assay is a common functional assay to monitor Ca2+ mobilization in whole cells expressing recombinant receptor coupled with a promiscuous G-protein. CHO dhfr- cells stably expressing recombinant human mGluR2 and Gα16 loaded with Fluo-4 AM (Invitrogen, Carlsbad Calif.) are treated with various concentrations of antagonists of compounds and the Ca2+ response is monitored on a FLIPR384 (Molecular Devices, Sunnydale Calif.) for agonist activity.",CHEMBL3886589,Q14416,Metabotropic glutamate receptor 2,IC50,CC1(C)CC(=O)N(Cc2ccc3c(-c4ccc(F)cc4)cc(C(N)=O)nc3c2)C(=O)C1,7.6777807052660805
CHEMBL3946909,CHEMBL5137,Metabotropic glutamate receptor 2,IC50,=,25.0,nM,CHEMBL3888122,B,"Biological Assay: The utility of the compounds in accordance with the present invention as antagonists of metabotropic glutamate receptor activity, in particular mGluR2 activity, may be demonstrated by methodology known in the art. Antagonist constants are determined as follows. The compounds of the present invention were tested in a fluorescence laser imaging plate reader based assay. This assay is a common functional assay to monitor Ca2+ mobilization in whole cells expressing recombinant receptor coupled with a promiscuous G-protein. CHO dhfr- cells stably expressing recombinant human mGluR2 and Gα16 loaded with Fluo-4 AM (Invitrogen, Carlsbad Calif.) are treated with various concentrations of antagonists of compounds and the Ca2+ response is monitored on a FLIPR384 (Molecular Devices, Sunnydale Calif.) for agonist activity.",CHEMBL3886589,Q14416,Metabotropic glutamate receptor 2,IC50,CC1(C)OC(=O)N(Cc2ccc3c(-c4ccc(F)cc4)cc(C(N)=O)nc3c2)C1=O,7.6020599913279625
CHEMBL3976206,CHEMBL5137,Metabotropic glutamate receptor 2,IC50,=,475.0,nM,CHEMBL3888122,B,"Biological Assay: The utility of the compounds in accordance with the present invention as antagonists of metabotropic glutamate receptor activity, in particular mGluR2 activity, may be demonstrated by methodology known in the art. Antagonist constants are determined as follows. The compounds of the present invention were tested in a fluorescence laser imaging plate reader based assay. This assay is a common functional assay to monitor Ca2+ mobilization in whole cells expressing recombinant receptor coupled with a promiscuous G-protein. CHO dhfr- cells stably expressing recombinant human mGluR2 and Gα16 loaded with Fluo-4 AM (Invitrogen, Carlsbad Calif.) are treated with various concentrations of antagonists of compounds and the Ca2+ response is monitored on a FLIPR384 (Molecular Devices, Sunnydale Calif.) for agonist activity.",CHEMBL3886589,Q14416,Metabotropic glutamate receptor 2,IC50,CC1(C)CC(=O)N(Cc2ccc3c(-c4ccc(F)cc4)cc(C#N)nc3c2)C(=O)C1,6.323306390375134
CHEMBL3952222,CHEMBL5137,Metabotropic glutamate receptor 2,IC50,=,71.0,nM,CHEMBL3888122,B,"Biological Assay: The utility of the compounds in accordance with the present invention as antagonists of metabotropic glutamate receptor activity, in particular mGluR2 activity, may be demonstrated by methodology known in the art. Antagonist constants are determined as follows. The compounds of the present invention were tested in a fluorescence laser imaging plate reader based assay. This assay is a common functional assay to monitor Ca2+ mobilization in whole cells expressing recombinant receptor coupled with a promiscuous G-protein. CHO dhfr- cells stably expressing recombinant human mGluR2 and Gα16 loaded with Fluo-4 AM (Invitrogen, Carlsbad Calif.) are treated with various concentrations of antagonists of compounds and the Ca2+ response is monitored on a FLIPR384 (Molecular Devices, Sunnydale Calif.) for agonist activity.",CHEMBL3886589,Q14416,Metabotropic glutamate receptor 2,IC50,CC1(c2ccccc2)CC(=O)N(Cc2ccc3c(-c4ccc(F)cc4)cc(C(N)=O)nc3c2)C1=O,7.1487416512809245
CHEMBL3914560,CHEMBL5137,Metabotropic glutamate receptor 2,IC50,=,30.0,nM,CHEMBL3888122,B,"Biological Assay: The utility of the compounds in accordance with the present invention as antagonists of metabotropic glutamate receptor activity, in particular mGluR2 activity, may be demonstrated by methodology known in the art. Antagonist constants are determined as follows. The compounds of the present invention were tested in a fluorescence laser imaging plate reader based assay. This assay is a common functional assay to monitor Ca2+ mobilization in whole cells expressing recombinant receptor coupled with a promiscuous G-protein. CHO dhfr- cells stably expressing recombinant human mGluR2 and Gα16 loaded with Fluo-4 AM (Invitrogen, Carlsbad Calif.) are treated with various concentrations of antagonists of compounds and the Ca2+ response is monitored on a FLIPR384 (Molecular Devices, Sunnydale Calif.) for agonist activity.",CHEMBL3886589,Q14416,Metabotropic glutamate receptor 2,IC50,CCC1(C)CC(=O)N(Cc2ccc3c(-c4ccc(F)cc4)cc(C(N)=O)nc3c2)C1=O,7.522878745280337
CHEMBL3925652,CHEMBL5137,Metabotropic glutamate receptor 2,IC50,=,64.0,nM,CHEMBL3888122,B,"Biological Assay: The utility of the compounds in accordance with the present invention as antagonists of metabotropic glutamate receptor activity, in particular mGluR2 activity, may be demonstrated by methodology known in the art. Antagonist constants are determined as follows. The compounds of the present invention were tested in a fluorescence laser imaging plate reader based assay. This assay is a common functional assay to monitor Ca2+ mobilization in whole cells expressing recombinant receptor coupled with a promiscuous G-protein. CHO dhfr- cells stably expressing recombinant human mGluR2 and Gα16 loaded with Fluo-4 AM (Invitrogen, Carlsbad Calif.) are treated with various concentrations of antagonists of compounds and the Ca2+ response is monitored on a FLIPR384 (Molecular Devices, Sunnydale Calif.) for agonist activity.",CHEMBL3886589,Q14416,Metabotropic glutamate receptor 2,IC50,CN1C(=O)N(Cc2ccc3c(-c4ccc(F)cc4)cc(C(N)=O)nc3c2)C(=O)C1(C)C,7.1938200260161125
CHEMBL3953282,CHEMBL5137,Metabotropic glutamate receptor 2,IC50,=,59.0,nM,CHEMBL3888122,B,"Biological Assay: The utility of the compounds in accordance with the present invention as antagonists of metabotropic glutamate receptor activity, in particular mGluR2 activity, may be demonstrated by methodology known in the art. Antagonist constants are determined as follows. The compounds of the present invention were tested in a fluorescence laser imaging plate reader based assay. This assay is a common functional assay to monitor Ca2+ mobilization in whole cells expressing recombinant receptor coupled with a promiscuous G-protein. CHO dhfr- cells stably expressing recombinant human mGluR2 and Gα16 loaded with Fluo-4 AM (Invitrogen, Carlsbad Calif.) are treated with various concentrations of antagonists of compounds and the Ca2+ response is monitored on a FLIPR384 (Molecular Devices, Sunnydale Calif.) for agonist activity.",CHEMBL3886589,Q14416,Metabotropic glutamate receptor 2,IC50,CC1(C)NC(=O)N(Cc2ccc3c(-c4ccc(F)cc4)cc(C(N)=O)nc3c2)C1=O,7.229147988357855
CHEMBL3986465,CHEMBL5137,Metabotropic glutamate receptor 2,IC50,=,398.0,nM,CHEMBL3888122,B,"Biological Assay: The utility of the compounds in accordance with the present invention as antagonists of metabotropic glutamate receptor activity, in particular mGluR2 activity, may be demonstrated by methodology known in the art. Antagonist constants are determined as follows. The compounds of the present invention were tested in a fluorescence laser imaging plate reader based assay. This assay is a common functional assay to monitor Ca2+ mobilization in whole cells expressing recombinant receptor coupled with a promiscuous G-protein. CHO dhfr- cells stably expressing recombinant human mGluR2 and Gα16 loaded with Fluo-4 AM (Invitrogen, Carlsbad Calif.) are treated with various concentrations of antagonists of compounds and the Ca2+ response is monitored on a FLIPR384 (Molecular Devices, Sunnydale Calif.) for agonist activity.",CHEMBL3886589,Q14416,Metabotropic glutamate receptor 2,IC50,N#Cc1cc(-c2ccc(F)cc2)c2ccc(CN3C(=O)COC3=O)cc2n1,6.400116927926312
CHEMBL3954371,CHEMBL5137,Metabotropic glutamate receptor 2,IC50,=,28.0,nM,CHEMBL3888122,B,"Biological Assay: The utility of the compounds in accordance with the present invention as antagonists of metabotropic glutamate receptor activity, in particular mGluR2 activity, may be demonstrated by methodology known in the art. Antagonist constants are determined as follows. The compounds of the present invention were tested in a fluorescence laser imaging plate reader based assay. This assay is a common functional assay to monitor Ca2+ mobilization in whole cells expressing recombinant receptor coupled with a promiscuous G-protein. CHO dhfr- cells stably expressing recombinant human mGluR2 and Gα16 loaded with Fluo-4 AM (Invitrogen, Carlsbad Calif.) are treated with various concentrations of antagonists of compounds and the Ca2+ response is monitored on a FLIPR384 (Molecular Devices, Sunnydale Calif.) for agonist activity.",CHEMBL3886589,Q14416,Metabotropic glutamate receptor 2,IC50,NC(=O)c1cc(-c2ccc(F)cc2)c2ccc(CN3C(=O)CC4(CCCC4)C3=O)cc2n1,7.552841968657781
CHEMBL3978239,CHEMBL5137,Metabotropic glutamate receptor 2,IC50,=,588.0,nM,CHEMBL3888122,B,"Biological Assay: The utility of the compounds in accordance with the present invention as antagonists of metabotropic glutamate receptor activity, in particular mGluR2 activity, may be demonstrated by methodology known in the art. Antagonist constants are determined as follows. The compounds of the present invention were tested in a fluorescence laser imaging plate reader based assay. This assay is a common functional assay to monitor Ca2+ mobilization in whole cells expressing recombinant receptor coupled with a promiscuous G-protein. CHO dhfr- cells stably expressing recombinant human mGluR2 and Gα16 loaded with Fluo-4 AM (Invitrogen, Carlsbad Calif.) are treated with various concentrations of antagonists of compounds and the Ca2+ response is monitored on a FLIPR384 (Molecular Devices, Sunnydale Calif.) for agonist activity.",CHEMBL3886589,Q14416,Metabotropic glutamate receptor 2,IC50,CN1CC(=O)N(Cc2ccc3c(-c4ccc(F)cc4)cc(C#N)nc3c2)C1=O,6.230622673923861
CHEMBL3949122,CHEMBL5137,Metabotropic glutamate receptor 2,IC50,=,27.0,nM,CHEMBL3888122,B,"Biological Assay: The utility of the compounds in accordance with the present invention as antagonists of metabotropic glutamate receptor activity, in particular mGluR2 activity, may be demonstrated by methodology known in the art. Antagonist constants are determined as follows. The compounds of the present invention were tested in a fluorescence laser imaging plate reader based assay. This assay is a common functional assay to monitor Ca2+ mobilization in whole cells expressing recombinant receptor coupled with a promiscuous G-protein. CHO dhfr- cells stably expressing recombinant human mGluR2 and Gα16 loaded with Fluo-4 AM (Invitrogen, Carlsbad Calif.) are treated with various concentrations of antagonists of compounds and the Ca2+ response is monitored on a FLIPR384 (Molecular Devices, Sunnydale Calif.) for agonist activity.",CHEMBL3886589,Q14416,Metabotropic glutamate receptor 2,IC50,CC1(C)CC(=O)N(Cc2ccc3c(-c4ccc(F)cc4)cc(C(N)=O)nc3c2)C1=O,7.568636235841012
CHEMBL3973949,CHEMBL5137,Metabotropic glutamate receptor 2,IC50,=,23.0,nM,CHEMBL3888122,B,"Biological Assay: The utility of the compounds in accordance with the present invention as antagonists of metabotropic glutamate receptor activity, in particular mGluR2 activity, may be demonstrated by methodology known in the art. Antagonist constants are determined as follows. The compounds of the present invention were tested in a fluorescence laser imaging plate reader based assay. This assay is a common functional assay to monitor Ca2+ mobilization in whole cells expressing recombinant receptor coupled with a promiscuous G-protein. CHO dhfr- cells stably expressing recombinant human mGluR2 and Gα16 loaded with Fluo-4 AM (Invitrogen, Carlsbad Calif.) are treated with various concentrations of antagonists of compounds and the Ca2+ response is monitored on a FLIPR384 (Molecular Devices, Sunnydale Calif.) for agonist activity.",CHEMBL3886589,Q14416,Metabotropic glutamate receptor 2,IC50,NC(=O)c1cc(-c2ccc(F)cc2)c2ccc(CN3C(=O)CCCC3=O)cc2n1,7.638272163982407
CHEMBL3947898,CHEMBL5137,Metabotropic glutamate receptor 2,IC50,=,47.0,nM,CHEMBL3888122,B,"Biological Assay: The utility of the compounds in accordance with the present invention as antagonists of metabotropic glutamate receptor activity, in particular mGluR2 activity, may be demonstrated by methodology known in the art. Antagonist constants are determined as follows. The compounds of the present invention were tested in a fluorescence laser imaging plate reader based assay. This assay is a common functional assay to monitor Ca2+ mobilization in whole cells expressing recombinant receptor coupled with a promiscuous G-protein. CHO dhfr- cells stably expressing recombinant human mGluR2 and Gα16 loaded with Fluo-4 AM (Invitrogen, Carlsbad Calif.) are treated with various concentrations of antagonists of compounds and the Ca2+ response is monitored on a FLIPR384 (Molecular Devices, Sunnydale Calif.) for agonist activity.",CHEMBL3886589,Q14416,Metabotropic glutamate receptor 2,IC50,CC1C(=O)N(Cc2ccc3c(-c4ccc(F)cc4)cc(C(N)=O)nc3c2)C(=O)C1(C)C,7.327902142064282
CHEMBL3894156,CHEMBL5137,Metabotropic glutamate receptor 2,IC50,=,456.0,nM,CHEMBL3888122,B,"Biological Assay: The utility of the compounds in accordance with the present invention as antagonists of metabotropic glutamate receptor activity, in particular mGluR2 activity, may be demonstrated by methodology known in the art. Antagonist constants are determined as follows. The compounds of the present invention were tested in a fluorescence laser imaging plate reader based assay. This assay is a common functional assay to monitor Ca2+ mobilization in whole cells expressing recombinant receptor coupled with a promiscuous G-protein. CHO dhfr- cells stably expressing recombinant human mGluR2 and Gα16 loaded with Fluo-4 AM (Invitrogen, Carlsbad Calif.) are treated with various concentrations of antagonists of compounds and the Ca2+ response is monitored on a FLIPR384 (Molecular Devices, Sunnydale Calif.) for agonist activity.",CHEMBL3886589,Q14416,Metabotropic glutamate receptor 2,IC50,CC(C)(C)OC(=O)N(Cc1ccc2c(-c3ccc(F)cc3)cc(C(N)=O)nc2c1)C(=O)OC(C)(C)C,6.341035157335565
CHEMBL3965606,CHEMBL5137,Metabotropic glutamate receptor 2,IC50,=,12.0,nM,CHEMBL3888122,B,"Biological Assay: The utility of the compounds in accordance with the present invention as antagonists of metabotropic glutamate receptor activity, in particular mGluR2 activity, may be demonstrated by methodology known in the art. Antagonist constants are determined as follows. The compounds of the present invention were tested in a fluorescence laser imaging plate reader based assay. This assay is a common functional assay to monitor Ca2+ mobilization in whole cells expressing recombinant receptor coupled with a promiscuous G-protein. CHO dhfr- cells stably expressing recombinant human mGluR2 and Gα16 loaded with Fluo-4 AM (Invitrogen, Carlsbad Calif.) are treated with various concentrations of antagonists of compounds and the Ca2+ response is monitored on a FLIPR384 (Molecular Devices, Sunnydale Calif.) for agonist activity.",CHEMBL3886589,Q14416,Metabotropic glutamate receptor 2,IC50,NC(=O)c1cc(-c2ccc(F)cc2Cl)c2ccc(CN3C(=O)CCC3=O)cc2n1,7.920818753952375
CHEMBL3949476,CHEMBL5137,Metabotropic glutamate receptor 2,IC50,=,16.0,nM,CHEMBL3888122,B,"Biological Assay: The utility of the compounds in accordance with the present invention as antagonists of metabotropic glutamate receptor activity, in particular mGluR2 activity, may be demonstrated by methodology known in the art. Antagonist constants are determined as follows. The compounds of the present invention were tested in a fluorescence laser imaging plate reader based assay. This assay is a common functional assay to monitor Ca2+ mobilization in whole cells expressing recombinant receptor coupled with a promiscuous G-protein. CHO dhfr- cells stably expressing recombinant human mGluR2 and Gα16 loaded with Fluo-4 AM (Invitrogen, Carlsbad Calif.) are treated with various concentrations of antagonists of compounds and the Ca2+ response is monitored on a FLIPR384 (Molecular Devices, Sunnydale Calif.) for agonist activity.",CHEMBL3886589,Q14416,Metabotropic glutamate receptor 2,IC50,NC(=O)c1cc(C2=CCCCC2)c2ccc(CN3C(=O)CCC3=O)cc2n1,7.795880017344075
CHEMBL3961948,CHEMBL5137,Metabotropic glutamate receptor 2,IC50,=,29.0,nM,CHEMBL3888122,B,"Biological Assay: The utility of the compounds in accordance with the present invention as antagonists of metabotropic glutamate receptor activity, in particular mGluR2 activity, may be demonstrated by methodology known in the art. Antagonist constants are determined as follows. The compounds of the present invention were tested in a fluorescence laser imaging plate reader based assay. This assay is a common functional assay to monitor Ca2+ mobilization in whole cells expressing recombinant receptor coupled with a promiscuous G-protein. CHO dhfr- cells stably expressing recombinant human mGluR2 and Gα16 loaded with Fluo-4 AM (Invitrogen, Carlsbad Calif.) are treated with various concentrations of antagonists of compounds and the Ca2+ response is monitored on a FLIPR384 (Molecular Devices, Sunnydale Calif.) for agonist activity.",CHEMBL3886589,Q14416,Metabotropic glutamate receptor 2,IC50,NC(=O)c1cc(C2CCCCC2)c2ccc(CN3C(=O)CCC3=O)cc2n1,7.537602002101044
CHEMBL3958138,CHEMBL5137,Metabotropic glutamate receptor 2,IC50,=,7.0,nM,CHEMBL3888122,B,"Biological Assay: The utility of the compounds in accordance with the present invention as antagonists of metabotropic glutamate receptor activity, in particular mGluR2 activity, may be demonstrated by methodology known in the art. Antagonist constants are determined as follows. The compounds of the present invention were tested in a fluorescence laser imaging plate reader based assay. This assay is a common functional assay to monitor Ca2+ mobilization in whole cells expressing recombinant receptor coupled with a promiscuous G-protein. CHO dhfr- cells stably expressing recombinant human mGluR2 and Gα16 loaded with Fluo-4 AM (Invitrogen, Carlsbad Calif.) are treated with various concentrations of antagonists of compounds and the Ca2+ response is monitored on a FLIPR384 (Molecular Devices, Sunnydale Calif.) for agonist activity.",CHEMBL3886589,Q14416,Metabotropic glutamate receptor 2,IC50,CC1CC=C(c2cc(C(N)=O)nc3cc(CN4C(=O)CCC4=O)ccc23)CC1,8.154901959985743
CHEMBL3909273,CHEMBL5137,Metabotropic glutamate receptor 2,IC50,=,17.0,nM,CHEMBL3888122,B,"Biological Assay: The utility of the compounds in accordance with the present invention as antagonists of metabotropic glutamate receptor activity, in particular mGluR2 activity, may be demonstrated by methodology known in the art. Antagonist constants are determined as follows. The compounds of the present invention were tested in a fluorescence laser imaging plate reader based assay. This assay is a common functional assay to monitor Ca2+ mobilization in whole cells expressing recombinant receptor coupled with a promiscuous G-protein. CHO dhfr- cells stably expressing recombinant human mGluR2 and Gα16 loaded with Fluo-4 AM (Invitrogen, Carlsbad Calif.) are treated with various concentrations of antagonists of compounds and the Ca2+ response is monitored on a FLIPR384 (Molecular Devices, Sunnydale Calif.) for agonist activity.",CHEMBL3886589,Q14416,Metabotropic glutamate receptor 2,IC50,CC1CCC(c2cc(C(N)=O)nc3cc(CN4C(=O)CCC4=O)ccc23)CC1,7.769551078621726
CHEMBL3971388,CHEMBL5137,Metabotropic glutamate receptor 2,IC50,=,5.0,nM,CHEMBL3888122,B,"Biological Assay: The utility of the compounds in accordance with the present invention as antagonists of metabotropic glutamate receptor activity, in particular mGluR2 activity, may be demonstrated by methodology known in the art. Antagonist constants are determined as follows. The compounds of the present invention were tested in a fluorescence laser imaging plate reader based assay. This assay is a common functional assay to monitor Ca2+ mobilization in whole cells expressing recombinant receptor coupled with a promiscuous G-protein. CHO dhfr- cells stably expressing recombinant human mGluR2 and Gα16 loaded with Fluo-4 AM (Invitrogen, Carlsbad Calif.) are treated with various concentrations of antagonists of compounds and the Ca2+ response is monitored on a FLIPR384 (Molecular Devices, Sunnydale Calif.) for agonist activity.",CHEMBL3886589,Q14416,Metabotropic glutamate receptor 2,IC50,Cc1ccc(-c2cc(C(N)=O)nc3cc(CN4C(=O)CCC4=O)ccc23)cc1,8.301029995663981
CHEMBL3953821,CHEMBL5137,Metabotropic glutamate receptor 2,IC50,=,123.0,nM,CHEMBL3888122,B,"Biological Assay: The utility of the compounds in accordance with the present invention as antagonists of metabotropic glutamate receptor activity, in particular mGluR2 activity, may be demonstrated by methodology known in the art. Antagonist constants are determined as follows. The compounds of the present invention were tested in a fluorescence laser imaging plate reader based assay. This assay is a common functional assay to monitor Ca2+ mobilization in whole cells expressing recombinant receptor coupled with a promiscuous G-protein. CHO dhfr- cells stably expressing recombinant human mGluR2 and Gα16 loaded with Fluo-4 AM (Invitrogen, Carlsbad Calif.) are treated with various concentrations of antagonists of compounds and the Ca2+ response is monitored on a FLIPR384 (Molecular Devices, Sunnydale Calif.) for agonist activity.",CHEMBL3886589,Q14416,Metabotropic glutamate receptor 2,IC50,NC(=O)c1cc(-c2ccc(F)cc2)c2ccc(CN3CCOC3=O)cc2n1,6.910094888560602
CHEMBL3960294,CHEMBL5137,Metabotropic glutamate receptor 2,IC50,=,109.0,nM,CHEMBL3888122,B,"Biological Assay: The utility of the compounds in accordance with the present invention as antagonists of metabotropic glutamate receptor activity, in particular mGluR2 activity, may be demonstrated by methodology known in the art. Antagonist constants are determined as follows. The compounds of the present invention were tested in a fluorescence laser imaging plate reader based assay. This assay is a common functional assay to monitor Ca2+ mobilization in whole cells expressing recombinant receptor coupled with a promiscuous G-protein. CHO dhfr- cells stably expressing recombinant human mGluR2 and Gα16 loaded with Fluo-4 AM (Invitrogen, Carlsbad Calif.) are treated with various concentrations of antagonists of compounds and the Ca2+ response is monitored on a FLIPR384 (Molecular Devices, Sunnydale Calif.) for agonist activity.",CHEMBL3886589,Q14416,Metabotropic glutamate receptor 2,IC50,CN1CCN(Cc2ccc3c(-c4ccc(F)cc4)cc(C(N)=O)nc3c2)C1=O,6.962573502059376
CHEMBL3894815,CHEMBL5137,Metabotropic glutamate receptor 2,IC50,=,129.0,nM,CHEMBL3888122,B,"Biological Assay: The utility of the compounds in accordance with the present invention as antagonists of metabotropic glutamate receptor activity, in particular mGluR2 activity, may be demonstrated by methodology known in the art. Antagonist constants are determined as follows. The compounds of the present invention were tested in a fluorescence laser imaging plate reader based assay. This assay is a common functional assay to monitor Ca2+ mobilization in whole cells expressing recombinant receptor coupled with a promiscuous G-protein. CHO dhfr- cells stably expressing recombinant human mGluR2 and Gα16 loaded with Fluo-4 AM (Invitrogen, Carlsbad Calif.) are treated with various concentrations of antagonists of compounds and the Ca2+ response is monitored on a FLIPR384 (Molecular Devices, Sunnydale Calif.) for agonist activity.",CHEMBL3886589,Q14416,Metabotropic glutamate receptor 2,IC50,CC(C)(C)OC(=O)NCc1ccc2c(-c3ccc(F)cc3)cc(C(N)=O)nc2c1,6.889410289700751
CHEMBL3894724,CHEMBL5137,Metabotropic glutamate receptor 2,IC50,=,42.0,nM,CHEMBL3888122,B,"Biological Assay: The utility of the compounds in accordance with the present invention as antagonists of metabotropic glutamate receptor activity, in particular mGluR2 activity, may be demonstrated by methodology known in the art. Antagonist constants are determined as follows. The compounds of the present invention were tested in a fluorescence laser imaging plate reader based assay. This assay is a common functional assay to monitor Ca2+ mobilization in whole cells expressing recombinant receptor coupled with a promiscuous G-protein. CHO dhfr- cells stably expressing recombinant human mGluR2 and Gα16 loaded with Fluo-4 AM (Invitrogen, Carlsbad Calif.) are treated with various concentrations of antagonists of compounds and the Ca2+ response is monitored on a FLIPR384 (Molecular Devices, Sunnydale Calif.) for agonist activity.",CHEMBL3886589,Q14416,Metabotropic glutamate receptor 2,IC50,NC(=O)c1cc(-c2ccc(F)cc2)c2ccc(CN3CCCCS3(=O)=O)cc2n1,7.376750709602099
CHEMBL3983624,CHEMBL5137,Metabotropic glutamate receptor 2,IC50,=,105.0,nM,CHEMBL3888122,B,"Biological Assay: The utility of the compounds in accordance with the present invention as antagonists of metabotropic glutamate receptor activity, in particular mGluR2 activity, may be demonstrated by methodology known in the art. Antagonist constants are determined as follows. The compounds of the present invention were tested in a fluorescence laser imaging plate reader based assay. This assay is a common functional assay to monitor Ca2+ mobilization in whole cells expressing recombinant receptor coupled with a promiscuous G-protein. CHO dhfr- cells stably expressing recombinant human mGluR2 and Gα16 loaded with Fluo-4 AM (Invitrogen, Carlsbad Calif.) are treated with various concentrations of antagonists of compounds and the Ca2+ response is monitored on a FLIPR384 (Molecular Devices, Sunnydale Calif.) for agonist activity.",CHEMBL3886589,Q14416,Metabotropic glutamate receptor 2,IC50,NC(=O)c1cc(-c2ccc(F)cc2)c2ccc(CN3CCCS3(=O)=O)cc2n1,6.978810700930062
CHEMBL3946311,CHEMBL5137,Metabotropic glutamate receptor 2,IC50,=,228.0,nM,CHEMBL3888122,B,"Biological Assay: The utility of the compounds in accordance with the present invention as antagonists of metabotropic glutamate receptor activity, in particular mGluR2 activity, may be demonstrated by methodology known in the art. Antagonist constants are determined as follows. The compounds of the present invention were tested in a fluorescence laser imaging plate reader based assay. This assay is a common functional assay to monitor Ca2+ mobilization in whole cells expressing recombinant receptor coupled with a promiscuous G-protein. CHO dhfr- cells stably expressing recombinant human mGluR2 and Gα16 loaded with Fluo-4 AM (Invitrogen, Carlsbad Calif.) are treated with various concentrations of antagonists of compounds and the Ca2+ response is monitored on a FLIPR384 (Molecular Devices, Sunnydale Calif.) for agonist activity.",CHEMBL3886589,Q14416,Metabotropic glutamate receptor 2,IC50,NC(=O)c1cc(-c2ccc(F)cc2)c2ccc(CN3C(=O)COCC3=O)cc2n1,6.642065152999546
CHEMBL3972456,CHEMBL5137,Metabotropic glutamate receptor 2,IC50,=,3059.0,nM,CHEMBL3888122,B,"Biological Assay: The utility of the compounds in accordance with the present invention as antagonists of metabotropic glutamate receptor activity, in particular mGluR2 activity, may be demonstrated by methodology known in the art. Antagonist constants are determined as follows. The compounds of the present invention were tested in a fluorescence laser imaging plate reader based assay. This assay is a common functional assay to monitor Ca2+ mobilization in whole cells expressing recombinant receptor coupled with a promiscuous G-protein. CHO dhfr- cells stably expressing recombinant human mGluR2 and Gα16 loaded with Fluo-4 AM (Invitrogen, Carlsbad Calif.) are treated with various concentrations of antagonists of compounds and the Ca2+ response is monitored on a FLIPR384 (Molecular Devices, Sunnydale Calif.) for agonist activity.",CHEMBL3886589,Q14416,Metabotropic glutamate receptor 2,IC50,N#Cc1cc(-c2ccc(F)cc2)c2ccc(CN3CCCC3=O)cc2n1,5.514420523015321
CHEMBL3953417,CHEMBL5137,Metabotropic glutamate receptor 2,IC50,=,59.0,nM,CHEMBL3888122,B,"Biological Assay: The utility of the compounds in accordance with the present invention as antagonists of metabotropic glutamate receptor activity, in particular mGluR2 activity, may be demonstrated by methodology known in the art. Antagonist constants are determined as follows. The compounds of the present invention were tested in a fluorescence laser imaging plate reader based assay. This assay is a common functional assay to monitor Ca2+ mobilization in whole cells expressing recombinant receptor coupled with a promiscuous G-protein. CHO dhfr- cells stably expressing recombinant human mGluR2 and Gα16 loaded with Fluo-4 AM (Invitrogen, Carlsbad Calif.) are treated with various concentrations of antagonists of compounds and the Ca2+ response is monitored on a FLIPR384 (Molecular Devices, Sunnydale Calif.) for agonist activity.",CHEMBL3886589,Q14416,Metabotropic glutamate receptor 2,IC50,NC(=O)c1cc(-c2ccc(F)cc2)c2ccc(CN3CCCCC3=O)cc2n1,7.229147988357855
CHEMBL3954513,CHEMBL5137,Metabotropic glutamate receptor 2,IC50,=,27.0,nM,CHEMBL3888122,B,"Biological Assay: The utility of the compounds in accordance with the present invention as antagonists of metabotropic glutamate receptor activity, in particular mGluR2 activity, may be demonstrated by methodology known in the art. Antagonist constants are determined as follows. The compounds of the present invention were tested in a fluorescence laser imaging plate reader based assay. This assay is a common functional assay to monitor Ca2+ mobilization in whole cells expressing recombinant receptor coupled with a promiscuous G-protein. CHO dhfr- cells stably expressing recombinant human mGluR2 and Gα16 loaded with Fluo-4 AM (Invitrogen, Carlsbad Calif.) are treated with various concentrations of antagonists of compounds and the Ca2+ response is monitored on a FLIPR384 (Molecular Devices, Sunnydale Calif.) for agonist activity.",CHEMBL3886589,Q14416,Metabotropic glutamate receptor 2,IC50,COc1ccc(-c2cc(C(N)=O)nc3cc(CN4C(=O)CCC4=O)ccc23)cc1,7.568636235841012
CHEMBL3894283,CHEMBL5137,Metabotropic glutamate receptor 2,IC50,=,8.0,nM,CHEMBL3888122,B,"Biological Assay: The utility of the compounds in accordance with the present invention as antagonists of metabotropic glutamate receptor activity, in particular mGluR2 activity, may be demonstrated by methodology known in the art. Antagonist constants are determined as follows. The compounds of the present invention were tested in a fluorescence laser imaging plate reader based assay. This assay is a common functional assay to monitor Ca2+ mobilization in whole cells expressing recombinant receptor coupled with a promiscuous G-protein. CHO dhfr- cells stably expressing recombinant human mGluR2 and Gα16 loaded with Fluo-4 AM (Invitrogen, Carlsbad Calif.) are treated with various concentrations of antagonists of compounds and the Ca2+ response is monitored on a FLIPR384 (Molecular Devices, Sunnydale Calif.) for agonist activity.",CHEMBL3886589,Q14416,Metabotropic glutamate receptor 2,IC50,COc1ccc(-c2cc(C(N)=O)nc3cc(CN4C(=O)CCC4=O)ccc23)c(F)c1,8.096910013008056
CHEMBL3968939,CHEMBL5137,Metabotropic glutamate receptor 2,IC50,=,46.0,nM,CHEMBL3888122,B,"Biological Assay: The utility of the compounds in accordance with the present invention as antagonists of metabotropic glutamate receptor activity, in particular mGluR2 activity, may be demonstrated by methodology known in the art. Antagonist constants are determined as follows. The compounds of the present invention were tested in a fluorescence laser imaging plate reader based assay. This assay is a common functional assay to monitor Ca2+ mobilization in whole cells expressing recombinant receptor coupled with a promiscuous G-protein. CHO dhfr- cells stably expressing recombinant human mGluR2 and Gα16 loaded with Fluo-4 AM (Invitrogen, Carlsbad Calif.) are treated with various concentrations of antagonists of compounds and the Ca2+ response is monitored on a FLIPR384 (Molecular Devices, Sunnydale Calif.) for agonist activity.",CHEMBL3886589,Q14416,Metabotropic glutamate receptor 2,IC50,NC(=O)c1cc(-c2ccc(F)cc2)c2ccc(Cn3cnc4ccccc43)cc2n1,7.337242168318426
CHEMBL3944124,CHEMBL5137,Metabotropic glutamate receptor 2,IC50,=,21.0,nM,CHEMBL3888122,B,"Biological Assay: The utility of the compounds in accordance with the present invention as antagonists of metabotropic glutamate receptor activity, in particular mGluR2 activity, may be demonstrated by methodology known in the art. Antagonist constants are determined as follows. The compounds of the present invention were tested in a fluorescence laser imaging plate reader based assay. This assay is a common functional assay to monitor Ca2+ mobilization in whole cells expressing recombinant receptor coupled with a promiscuous G-protein. CHO dhfr- cells stably expressing recombinant human mGluR2 and Gα16 loaded with Fluo-4 AM (Invitrogen, Carlsbad Calif.) are treated with various concentrations of antagonists of compounds and the Ca2+ response is monitored on a FLIPR384 (Molecular Devices, Sunnydale Calif.) for agonist activity.",CHEMBL3886589,Q14416,Metabotropic glutamate receptor 2,IC50,CCC(O)(c1nnnn1Cc1ccc2c(-c3ccc(F)cc3)cc(C(N)=O)nc2c1)C(F)(F)F,7.6777807052660805
CHEMBL3971819,CHEMBL5137,Metabotropic glutamate receptor 2,IC50,=,24.0,nM,CHEMBL3888122,B,"Biological Assay: The utility of the compounds in accordance with the present invention as antagonists of metabotropic glutamate receptor activity, in particular mGluR2 activity, may be demonstrated by methodology known in the art. Antagonist constants are determined as follows. The compounds of the present invention were tested in a fluorescence laser imaging plate reader based assay. This assay is a common functional assay to monitor Ca2+ mobilization in whole cells expressing recombinant receptor coupled with a promiscuous G-protein. CHO dhfr- cells stably expressing recombinant human mGluR2 and Gα16 loaded with Fluo-4 AM (Invitrogen, Carlsbad Calif.) are treated with various concentrations of antagonists of compounds and the Ca2+ response is monitored on a FLIPR384 (Molecular Devices, Sunnydale Calif.) for agonist activity.",CHEMBL3886589,Q14416,Metabotropic glutamate receptor 2,IC50,CCC(O)(c1nnn(Cc2ccc3c(-c4ccc(F)cc4)cc(C(N)=O)nc3c2)n1)C(F)(F)F,7.619788758288394
CHEMBL3902679,CHEMBL5137,Metabotropic glutamate receptor 2,IC50,=,63.0,nM,CHEMBL3888122,B,"Biological Assay: The utility of the compounds in accordance with the present invention as antagonists of metabotropic glutamate receptor activity, in particular mGluR2 activity, may be demonstrated by methodology known in the art. Antagonist constants are determined as follows. The compounds of the present invention were tested in a fluorescence laser imaging plate reader based assay. This assay is a common functional assay to monitor Ca2+ mobilization in whole cells expressing recombinant receptor coupled with a promiscuous G-protein. CHO dhfr- cells stably expressing recombinant human mGluR2 and Gα16 loaded with Fluo-4 AM (Invitrogen, Carlsbad Calif.) are treated with various concentrations of antagonists of compounds and the Ca2+ response is monitored on a FLIPR384 (Molecular Devices, Sunnydale Calif.) for agonist activity.",CHEMBL3886589,Q14416,Metabotropic glutamate receptor 2,IC50,NC(=O)c1cc(-c2ccc(F)cc2)c2ccc(Cn3cc(C(O)C4CC4)cn3)cc2n1,7.200659450546418
CHEMBL3952509,CHEMBL5137,Metabotropic glutamate receptor 2,IC50,=,31.0,nM,CHEMBL3888122,B,"Biological Assay: The utility of the compounds in accordance with the present invention as antagonists of metabotropic glutamate receptor activity, in particular mGluR2 activity, may be demonstrated by methodology known in the art. Antagonist constants are determined as follows. The compounds of the present invention were tested in a fluorescence laser imaging plate reader based assay. This assay is a common functional assay to monitor Ca2+ mobilization in whole cells expressing recombinant receptor coupled with a promiscuous G-protein. CHO dhfr- cells stably expressing recombinant human mGluR2 and Gα16 loaded with Fluo-4 AM (Invitrogen, Carlsbad Calif.) are treated with various concentrations of antagonists of compounds and the Ca2+ response is monitored on a FLIPR384 (Molecular Devices, Sunnydale Calif.) for agonist activity.",CHEMBL3886589,Q14416,Metabotropic glutamate receptor 2,IC50,NC(=O)c1cc(-c2ccc(F)cc2)c2ccc(Cn3cc(C(=O)C4CC4)cn3)cc2n1,7.508638306165727
CHEMBL3929304,CHEMBL5137,Metabotropic glutamate receptor 2,IC50,=,85.0,nM,CHEMBL3888122,B,"Biological Assay: The utility of the compounds in accordance with the present invention as antagonists of metabotropic glutamate receptor activity, in particular mGluR2 activity, may be demonstrated by methodology known in the art. Antagonist constants are determined as follows. The compounds of the present invention were tested in a fluorescence laser imaging plate reader based assay. This assay is a common functional assay to monitor Ca2+ mobilization in whole cells expressing recombinant receptor coupled with a promiscuous G-protein. CHO dhfr- cells stably expressing recombinant human mGluR2 and Gα16 loaded with Fluo-4 AM (Invitrogen, Carlsbad Calif.) are treated with various concentrations of antagonists of compounds and the Ca2+ response is monitored on a FLIPR384 (Molecular Devices, Sunnydale Calif.) for agonist activity.",CHEMBL3886589,Q14416,Metabotropic glutamate receptor 2,IC50,CC[C@](O)(c1cn(Cc2ccc3c(-c4ccccc4C)cc(C(N)=O)nc3c2)nn1)C(F)(F)F,7.070581074285707
CHEMBL4108213,CHEMBL5137,Metabotropic glutamate receptor 2,IC50,=,21.0,nM,CHEMBL3888122,B,"Biological Assay: The utility of the compounds in accordance with the present invention as antagonists of metabotropic glutamate receptor activity, in particular mGluR2 activity, may be demonstrated by methodology known in the art. Antagonist constants are determined as follows. The compounds of the present invention were tested in a fluorescence laser imaging plate reader based assay. This assay is a common functional assay to monitor Ca2+ mobilization in whole cells expressing recombinant receptor coupled with a promiscuous G-protein. CHO dhfr- cells stably expressing recombinant human mGluR2 and Gα16 loaded with Fluo-4 AM (Invitrogen, Carlsbad Calif.) are treated with various concentrations of antagonists of compounds and the Ca2+ response is monitored on a FLIPR384 (Molecular Devices, Sunnydale Calif.) for agonist activity.",CHEMBL3886589,Q14416,Metabotropic glutamate receptor 2,IC50,CC[C@@](O)(c1cn(Cc2ccc3c(-c4ccc(F)cn4)cc(C(N)=O)nc3c2)nn1)C(F)(F)F,7.6777807052660805
CHEMBL4112899,CHEMBL5137,Metabotropic glutamate receptor 2,IC50,=,74.0,nM,CHEMBL3888122,B,"Biological Assay: The utility of the compounds in accordance with the present invention as antagonists of metabotropic glutamate receptor activity, in particular mGluR2 activity, may be demonstrated by methodology known in the art. Antagonist constants are determined as follows. The compounds of the present invention were tested in a fluorescence laser imaging plate reader based assay. This assay is a common functional assay to monitor Ca2+ mobilization in whole cells expressing recombinant receptor coupled with a promiscuous G-protein. CHO dhfr- cells stably expressing recombinant human mGluR2 and Gα16 loaded with Fluo-4 AM (Invitrogen, Carlsbad Calif.) are treated with various concentrations of antagonists of compounds and the Ca2+ response is monitored on a FLIPR384 (Molecular Devices, Sunnydale Calif.) for agonist activity.",CHEMBL3886589,Q14416,Metabotropic glutamate receptor 2,IC50,CC[C@@](O)(c1cn(Cc2ccc3c(-c4ccc(F)nc4)cc(C(N)=O)nc3c2)nn1)C(F)(F)F,7.130768280269024
CHEMBL3890814,CHEMBL5137,Metabotropic glutamate receptor 2,IC50,=,36.0,nM,CHEMBL3888122,B,"Biological Assay: The utility of the compounds in accordance with the present invention as antagonists of metabotropic glutamate receptor activity, in particular mGluR2 activity, may be demonstrated by methodology known in the art. Antagonist constants are determined as follows. The compounds of the present invention were tested in a fluorescence laser imaging plate reader based assay. This assay is a common functional assay to monitor Ca2+ mobilization in whole cells expressing recombinant receptor coupled with a promiscuous G-protein. CHO dhfr- cells stably expressing recombinant human mGluR2 and Gα16 loaded with Fluo-4 AM (Invitrogen, Carlsbad Calif.) are treated with various concentrations of antagonists of compounds and the Ca2+ response is monitored on a FLIPR384 (Molecular Devices, Sunnydale Calif.) for agonist activity.",CHEMBL3886589,Q14416,Metabotropic glutamate receptor 2,IC50,CC[C@](O)(c1cn(Cc2ccc3c(-c4ccccc4F)cc(C(N)=O)nc3c2)nn1)C(F)(F)F,7.443697499232712
CHEMBL3916486,CHEMBL5137,Metabotropic glutamate receptor 2,IC50,=,112.0,nM,CHEMBL3888122,B,"Biological Assay: The utility of the compounds in accordance with the present invention as antagonists of metabotropic glutamate receptor activity, in particular mGluR2 activity, may be demonstrated by methodology known in the art. Antagonist constants are determined as follows. The compounds of the present invention were tested in a fluorescence laser imaging plate reader based assay. This assay is a common functional assay to monitor Ca2+ mobilization in whole cells expressing recombinant receptor coupled with a promiscuous G-protein. CHO dhfr- cells stably expressing recombinant human mGluR2 and Gα16 loaded with Fluo-4 AM (Invitrogen, Carlsbad Calif.) are treated with various concentrations of antagonists of compounds and the Ca2+ response is monitored on a FLIPR384 (Molecular Devices, Sunnydale Calif.) for agonist activity.",CHEMBL3886589,Q14416,Metabotropic glutamate receptor 2,IC50,CC[C@](O)(c1cn(Cc2ccc3c(-c4cccnc4F)cc(C(N)=O)nc3c2)nn1)C(F)(F)F,6.950781977329818
CHEMBL3891986,CHEMBL5137,Metabotropic glutamate receptor 2,IC50,=,21.0,nM,CHEMBL3888122,B,"Biological Assay: The utility of the compounds in accordance with the present invention as antagonists of metabotropic glutamate receptor activity, in particular mGluR2 activity, may be demonstrated by methodology known in the art. Antagonist constants are determined as follows. The compounds of the present invention were tested in a fluorescence laser imaging plate reader based assay. This assay is a common functional assay to monitor Ca2+ mobilization in whole cells expressing recombinant receptor coupled with a promiscuous G-protein. CHO dhfr- cells stably expressing recombinant human mGluR2 and Gα16 loaded with Fluo-4 AM (Invitrogen, Carlsbad Calif.) are treated with various concentrations of antagonists of compounds and the Ca2+ response is monitored on a FLIPR384 (Molecular Devices, Sunnydale Calif.) for agonist activity.",CHEMBL3886589,Q14416,Metabotropic glutamate receptor 2,IC50,CC[C@](O)(c1cn(Cc2ccc3c(-c4ccc(Cl)cc4)cc(C(N)=O)nc3c2)nn1)C(F)(F)F,7.6777807052660805
CHEMBL3907527,CHEMBL5137,Metabotropic glutamate receptor 2,IC50,=,40.0,nM,CHEMBL3888122,B,"Biological Assay: The utility of the compounds in accordance with the present invention as antagonists of metabotropic glutamate receptor activity, in particular mGluR2 activity, may be demonstrated by methodology known in the art. Antagonist constants are determined as follows. The compounds of the present invention were tested in a fluorescence laser imaging plate reader based assay. This assay is a common functional assay to monitor Ca2+ mobilization in whole cells expressing recombinant receptor coupled with a promiscuous G-protein. CHO dhfr- cells stably expressing recombinant human mGluR2 and Gα16 loaded with Fluo-4 AM (Invitrogen, Carlsbad Calif.) are treated with various concentrations of antagonists of compounds and the Ca2+ response is monitored on a FLIPR384 (Molecular Devices, Sunnydale Calif.) for agonist activity.",CHEMBL3886589,Q14416,Metabotropic glutamate receptor 2,IC50,CCOC(=O)c1cnn(Cc2ccc3c(-c4ccc(F)cc4)cc(C(N)=O)nc3c2)c1,7.3979400086720375
CHEMBL3978058,CHEMBL5137,Metabotropic glutamate receptor 2,IC50,=,47.0,nM,CHEMBL3888122,B,"Biological Assay: The utility of the compounds in accordance with the present invention as antagonists of metabotropic glutamate receptor activity, in particular mGluR2 activity, may be demonstrated by methodology known in the art. Antagonist constants are determined as follows. The compounds of the present invention were tested in a fluorescence laser imaging plate reader based assay. This assay is a common functional assay to monitor Ca2+ mobilization in whole cells expressing recombinant receptor coupled with a promiscuous G-protein. CHO dhfr- cells stably expressing recombinant human mGluR2 and Gα16 loaded with Fluo-4 AM (Invitrogen, Carlsbad Calif.) are treated with various concentrations of antagonists of compounds and the Ca2+ response is monitored on a FLIPR384 (Molecular Devices, Sunnydale Calif.) for agonist activity.",CHEMBL3886589,Q14416,Metabotropic glutamate receptor 2,IC50,CCOC(=O)c1cn(Cc2ccc3c(-c4ccc(F)cc4)cc(C(N)=O)nc3c2)nc1C(F)(F)F,7.327902142064282
CHEMBL3902047,CHEMBL5137,Metabotropic glutamate receptor 2,IC50,=,192.0,nM,CHEMBL3888122,B,"Biological Assay: The utility of the compounds in accordance with the present invention as antagonists of metabotropic glutamate receptor activity, in particular mGluR2 activity, may be demonstrated by methodology known in the art. Antagonist constants are determined as follows. The compounds of the present invention were tested in a fluorescence laser imaging plate reader based assay. This assay is a common functional assay to monitor Ca2+ mobilization in whole cells expressing recombinant receptor coupled with a promiscuous G-protein. CHO dhfr- cells stably expressing recombinant human mGluR2 and Gα16 loaded with Fluo-4 AM (Invitrogen, Carlsbad Calif.) are treated with various concentrations of antagonists of compounds and the Ca2+ response is monitored on a FLIPR384 (Molecular Devices, Sunnydale Calif.) for agonist activity.",CHEMBL3886589,Q14416,Metabotropic glutamate receptor 2,IC50,NC(=O)c1cc(-c2ccc(F)cc2)c2ccc(Cn3cc(C(O)C4CCCC4)cn3)cc2n1,6.71669877129645
CHEMBL3969686,CHEMBL5137,Metabotropic glutamate receptor 2,IC50,=,31.0,nM,CHEMBL3888122,B,"Biological Assay: The utility of the compounds in accordance with the present invention as antagonists of metabotropic glutamate receptor activity, in particular mGluR2 activity, may be demonstrated by methodology known in the art. Antagonist constants are determined as follows. The compounds of the present invention were tested in a fluorescence laser imaging plate reader based assay. This assay is a common functional assay to monitor Ca2+ mobilization in whole cells expressing recombinant receptor coupled with a promiscuous G-protein. CHO dhfr- cells stably expressing recombinant human mGluR2 and Gα16 loaded with Fluo-4 AM (Invitrogen, Carlsbad Calif.) are treated with various concentrations of antagonists of compounds and the Ca2+ response is monitored on a FLIPR384 (Molecular Devices, Sunnydale Calif.) for agonist activity.",CHEMBL3886589,Q14416,Metabotropic glutamate receptor 2,IC50,COC(=O)c1cnn(Cc2ccc3c(-c4ccc(F)cc4)cc(C(N)=O)nc3c2)c1,7.508638306165727
CHEMBL3893078,CHEMBL5137,Metabotropic glutamate receptor 2,IC50,=,43.0,nM,CHEMBL3888122,B,"Biological Assay: The utility of the compounds in accordance with the present invention as antagonists of metabotropic glutamate receptor activity, in particular mGluR2 activity, may be demonstrated by methodology known in the art. Antagonist constants are determined as follows. The compounds of the present invention were tested in a fluorescence laser imaging plate reader based assay. This assay is a common functional assay to monitor Ca2+ mobilization in whole cells expressing recombinant receptor coupled with a promiscuous G-protein. CHO dhfr- cells stably expressing recombinant human mGluR2 and Gα16 loaded with Fluo-4 AM (Invitrogen, Carlsbad Calif.) are treated with various concentrations of antagonists of compounds and the Ca2+ response is monitored on a FLIPR384 (Molecular Devices, Sunnydale Calif.) for agonist activity.",CHEMBL3886589,Q14416,Metabotropic glutamate receptor 2,IC50,NC(=O)c1cc(-c2ccc(F)cc2)c2ccc(Cn3cnc(Br)c3)cc2n1,7.366531544420413
CHEMBL3962095,CHEMBL5137,Metabotropic glutamate receptor 2,IC50,=,25.0,nM,CHEMBL3888122,B,"Biological Assay: The utility of the compounds in accordance with the present invention as antagonists of metabotropic glutamate receptor activity, in particular mGluR2 activity, may be demonstrated by methodology known in the art. Antagonist constants are determined as follows. The compounds of the present invention were tested in a fluorescence laser imaging plate reader based assay. This assay is a common functional assay to monitor Ca2+ mobilization in whole cells expressing recombinant receptor coupled with a promiscuous G-protein. CHO dhfr- cells stably expressing recombinant human mGluR2 and Gα16 loaded with Fluo-4 AM (Invitrogen, Carlsbad Calif.) are treated with various concentrations of antagonists of compounds and the Ca2+ response is monitored on a FLIPR384 (Molecular Devices, Sunnydale Calif.) for agonist activity.",CHEMBL3886589,Q14416,Metabotropic glutamate receptor 2,IC50,COC(=O)c1cncn1Cc1ccc2c(-c3ccc(F)cc3)cc(C(N)=O)nc2c1,7.6020599913279625
CHEMBL3978978,CHEMBL5137,Metabotropic glutamate receptor 2,IC50,=,23.0,nM,CHEMBL3888122,B,"Biological Assay: The utility of the compounds in accordance with the present invention as antagonists of metabotropic glutamate receptor activity, in particular mGluR2 activity, may be demonstrated by methodology known in the art. Antagonist constants are determined as follows. The compounds of the present invention were tested in a fluorescence laser imaging plate reader based assay. This assay is a common functional assay to monitor Ca2+ mobilization in whole cells expressing recombinant receptor coupled with a promiscuous G-protein. CHO dhfr- cells stably expressing recombinant human mGluR2 and Gα16 loaded with Fluo-4 AM (Invitrogen, Carlsbad Calif.) are treated with various concentrations of antagonists of compounds and the Ca2+ response is monitored on a FLIPR384 (Molecular Devices, Sunnydale Calif.) for agonist activity.",CHEMBL3886589,Q14416,Metabotropic glutamate receptor 2,IC50,COC(=O)c1cn(Cc2ccc3c(-c4ccc(F)cc4)cc(C(N)=O)nc3c2)cn1,7.638272163982407
CHEMBL3953345,CHEMBL5137,Metabotropic glutamate receptor 2,IC50,=,84.0,nM,CHEMBL3888122,B,"Biological Assay: The utility of the compounds in accordance with the present invention as antagonists of metabotropic glutamate receptor activity, in particular mGluR2 activity, may be demonstrated by methodology known in the art. Antagonist constants are determined as follows. The compounds of the present invention were tested in a fluorescence laser imaging plate reader based assay. This assay is a common functional assay to monitor Ca2+ mobilization in whole cells expressing recombinant receptor coupled with a promiscuous G-protein. CHO dhfr- cells stably expressing recombinant human mGluR2 and Gα16 loaded with Fluo-4 AM (Invitrogen, Carlsbad Calif.) are treated with various concentrations of antagonists of compounds and the Ca2+ response is monitored on a FLIPR384 (Molecular Devices, Sunnydale Calif.) for agonist activity.",CHEMBL3886589,Q14416,Metabotropic glutamate receptor 2,IC50,NC(=O)c1cc(-c2ccc(F)cc2)c2ccc(Cn3cc(C(=O)O)nn3)cc2n1,7.075720713938118
CHEMBL3954993,CHEMBL5137,Metabotropic glutamate receptor 2,IC50,=,64.0,nM,CHEMBL3888122,B,"Biological Assay: The utility of the compounds in accordance with the present invention as antagonists of metabotropic glutamate receptor activity, in particular mGluR2 activity, may be demonstrated by methodology known in the art. Antagonist constants are determined as follows. The compounds of the present invention were tested in a fluorescence laser imaging plate reader based assay. This assay is a common functional assay to monitor Ca2+ mobilization in whole cells expressing recombinant receptor coupled with a promiscuous G-protein. CHO dhfr- cells stably expressing recombinant human mGluR2 and Gα16 loaded with Fluo-4 AM (Invitrogen, Carlsbad Calif.) are treated with various concentrations of antagonists of compounds and the Ca2+ response is monitored on a FLIPR384 (Molecular Devices, Sunnydale Calif.) for agonist activity.",CHEMBL3886589,Q14416,Metabotropic glutamate receptor 2,IC50,NC(=O)c1cc(-c2ccc(F)cc2)c2ccc(Cn3ccnc3)cc2n1,7.1938200260161125
CHEMBL3983614,CHEMBL5137,Metabotropic glutamate receptor 2,IC50,=,31.0,nM,CHEMBL3888122,B,"Biological Assay: The utility of the compounds in accordance with the present invention as antagonists of metabotropic glutamate receptor activity, in particular mGluR2 activity, may be demonstrated by methodology known in the art. Antagonist constants are determined as follows. The compounds of the present invention were tested in a fluorescence laser imaging plate reader based assay. This assay is a common functional assay to monitor Ca2+ mobilization in whole cells expressing recombinant receptor coupled with a promiscuous G-protein. CHO dhfr- cells stably expressing recombinant human mGluR2 and Gα16 loaded with Fluo-4 AM (Invitrogen, Carlsbad Calif.) are treated with various concentrations of antagonists of compounds and the Ca2+ response is monitored on a FLIPR384 (Molecular Devices, Sunnydale Calif.) for agonist activity.",CHEMBL3886589,Q14416,Metabotropic glutamate receptor 2,IC50,CC(C)c1nccn1Cc1ccc2c(-c3ccc(F)cc3)cc(C(N)=O)nc2c1,7.508638306165727
CHEMBL3960284,CHEMBL5137,Metabotropic glutamate receptor 2,IC50,=,54.0,nM,CHEMBL3888122,B,"Biological Assay: The utility of the compounds in accordance with the present invention as antagonists of metabotropic glutamate receptor activity, in particular mGluR2 activity, may be demonstrated by methodology known in the art. Antagonist constants are determined as follows. The compounds of the present invention were tested in a fluorescence laser imaging plate reader based assay. This assay is a common functional assay to monitor Ca2+ mobilization in whole cells expressing recombinant receptor coupled with a promiscuous G-protein. CHO dhfr- cells stably expressing recombinant human mGluR2 and Gα16 loaded with Fluo-4 AM (Invitrogen, Carlsbad Calif.) are treated with various concentrations of antagonists of compounds and the Ca2+ response is monitored on a FLIPR384 (Molecular Devices, Sunnydale Calif.) for agonist activity.",CHEMBL3886589,Q14416,Metabotropic glutamate receptor 2,IC50,Cc1nccn1Cc1ccc2c(-c3ccc(F)cc3)cc(C(N)=O)nc2c1,7.267606240177031
CHEMBL3894799,CHEMBL5137,Metabotropic glutamate receptor 2,IC50,=,23.0,nM,CHEMBL3888122,B,"Biological Assay: The utility of the compounds in accordance with the present invention as antagonists of metabotropic glutamate receptor activity, in particular mGluR2 activity, may be demonstrated by methodology known in the art. Antagonist constants are determined as follows. The compounds of the present invention were tested in a fluorescence laser imaging plate reader based assay. This assay is a common functional assay to monitor Ca2+ mobilization in whole cells expressing recombinant receptor coupled with a promiscuous G-protein. CHO dhfr- cells stably expressing recombinant human mGluR2 and Gα16 loaded with Fluo-4 AM (Invitrogen, Carlsbad Calif.) are treated with various concentrations of antagonists of compounds and the Ca2+ response is monitored on a FLIPR384 (Molecular Devices, Sunnydale Calif.) for agonist activity.",CHEMBL3886589,Q14416,Metabotropic glutamate receptor 2,IC50,NC(=O)c1cc(-c2ccc(F)cc2)c2ccc(Cn3ccnc3Cl)cc2n1,7.638272163982407
CHEMBL3971379,CHEMBL5137,Metabotropic glutamate receptor 2,IC50,=,69.0,nM,CHEMBL3888122,B,"Biological Assay: The utility of the compounds in accordance with the present invention as antagonists of metabotropic glutamate receptor activity, in particular mGluR2 activity, may be demonstrated by methodology known in the art. Antagonist constants are determined as follows. The compounds of the present invention were tested in a fluorescence laser imaging plate reader based assay. This assay is a common functional assay to monitor Ca2+ mobilization in whole cells expressing recombinant receptor coupled with a promiscuous G-protein. CHO dhfr- cells stably expressing recombinant human mGluR2 and Gα16 loaded with Fluo-4 AM (Invitrogen, Carlsbad Calif.) are treated with various concentrations of antagonists of compounds and the Ca2+ response is monitored on a FLIPR384 (Molecular Devices, Sunnydale Calif.) for agonist activity.",CHEMBL3886589,Q14416,Metabotropic glutamate receptor 2,IC50,NC(=O)c1cc(-c2ccc(F)cc2)c2ccc(Cn3cnc4cccnc43)cc2n1,7.161150909262744
CHEMBL3900236,CHEMBL5137,Metabotropic glutamate receptor 2,IC50,=,55.0,nM,CHEMBL3888122,B,"Biological Assay: The utility of the compounds in accordance with the present invention as antagonists of metabotropic glutamate receptor activity, in particular mGluR2 activity, may be demonstrated by methodology known in the art. Antagonist constants are determined as follows. The compounds of the present invention were tested in a fluorescence laser imaging plate reader based assay. This assay is a common functional assay to monitor Ca2+ mobilization in whole cells expressing recombinant receptor coupled with a promiscuous G-protein. CHO dhfr- cells stably expressing recombinant human mGluR2 and Gα16 loaded with Fluo-4 AM (Invitrogen, Carlsbad Calif.) are treated with various concentrations of antagonists of compounds and the Ca2+ response is monitored on a FLIPR384 (Molecular Devices, Sunnydale Calif.) for agonist activity.",CHEMBL3886589,Q14416,Metabotropic glutamate receptor 2,IC50,NC(=O)c1cc(-c2ccc(F)cc2)c2ccc(Cn3cnc4ncccc43)cc2n1,7.259637310505756
CHEMBL3982636,CHEMBL5137,Metabotropic glutamate receptor 2,IC50,=,27.0,nM,CHEMBL3888122,B,"Biological Assay: The utility of the compounds in accordance with the present invention as antagonists of metabotropic glutamate receptor activity, in particular mGluR2 activity, may be demonstrated by methodology known in the art. Antagonist constants are determined as follows. The compounds of the present invention were tested in a fluorescence laser imaging plate reader based assay. This assay is a common functional assay to monitor Ca2+ mobilization in whole cells expressing recombinant receptor coupled with a promiscuous G-protein. CHO dhfr- cells stably expressing recombinant human mGluR2 and Gα16 loaded with Fluo-4 AM (Invitrogen, Carlsbad Calif.) are treated with various concentrations of antagonists of compounds and the Ca2+ response is monitored on a FLIPR384 (Molecular Devices, Sunnydale Calif.) for agonist activity.",CHEMBL3886589,Q14416,Metabotropic glutamate receptor 2,IC50,NC(=O)c1cc(-c2ccc(F)cc2)c2ccc(Cn3c(S(=O)(=O)O)nc4ccccc43)cc2n1,7.568636235841012
CHEMBL3909260,CHEMBL5137,Metabotropic glutamate receptor 2,IC50,=,189.0,nM,CHEMBL3888122,B,"Biological Assay: The utility of the compounds in accordance with the present invention as antagonists of metabotropic glutamate receptor activity, in particular mGluR2 activity, may be demonstrated by methodology known in the art. Antagonist constants are determined as follows. The compounds of the present invention were tested in a fluorescence laser imaging plate reader based assay. This assay is a common functional assay to monitor Ca2+ mobilization in whole cells expressing recombinant receptor coupled with a promiscuous G-protein. CHO dhfr- cells stably expressing recombinant human mGluR2 and Gα16 loaded with Fluo-4 AM (Invitrogen, Carlsbad Calif.) are treated with various concentrations of antagonists of compounds and the Ca2+ response is monitored on a FLIPR384 (Molecular Devices, Sunnydale Calif.) for agonist activity.",CHEMBL3886589,Q14416,Metabotropic glutamate receptor 2,IC50,NC(=O)c1cc(-c2ccc(F)cc2)c2ccc(Cn3c(-c4ccccn4)nc4ccccc43)cc2n1,6.723538195826755
CHEMBL3947441,CHEMBL5137,Metabotropic glutamate receptor 2,IC50,=,42.0,nM,CHEMBL3888122,B,"Biological Assay: The utility of the compounds in accordance with the present invention as antagonists of metabotropic glutamate receptor activity, in particular mGluR2 activity, may be demonstrated by methodology known in the art. Antagonist constants are determined as follows. The compounds of the present invention were tested in a fluorescence laser imaging plate reader based assay. This assay is a common functional assay to monitor Ca2+ mobilization in whole cells expressing recombinant receptor coupled with a promiscuous G-protein. CHO dhfr- cells stably expressing recombinant human mGluR2 and Gα16 loaded with Fluo-4 AM (Invitrogen, Carlsbad Calif.) are treated with various concentrations of antagonists of compounds and the Ca2+ response is monitored on a FLIPR384 (Molecular Devices, Sunnydale Calif.) for agonist activity.",CHEMBL3886589,Q14416,Metabotropic glutamate receptor 2,IC50,NC(=O)c1cc(-c2ccc(F)cc2)c2ccc(Cn3c(-c4cccnc4)nc4ccccc43)cc2n1,7.376750709602099
CHEMBL3976706,CHEMBL5137,Metabotropic glutamate receptor 2,IC50,=,24.0,nM,CHEMBL3888122,B,"Biological Assay: The utility of the compounds in accordance with the present invention as antagonists of metabotropic glutamate receptor activity, in particular mGluR2 activity, may be demonstrated by methodology known in the art. Antagonist constants are determined as follows. The compounds of the present invention were tested in a fluorescence laser imaging plate reader based assay. This assay is a common functional assay to monitor Ca2+ mobilization in whole cells expressing recombinant receptor coupled with a promiscuous G-protein. CHO dhfr- cells stably expressing recombinant human mGluR2 and Gα16 loaded with Fluo-4 AM (Invitrogen, Carlsbad Calif.) are treated with various concentrations of antagonists of compounds and the Ca2+ response is monitored on a FLIPR384 (Molecular Devices, Sunnydale Calif.) for agonist activity.",CHEMBL3886589,Q14416,Metabotropic glutamate receptor 2,IC50,NC(=O)c1cc(-c2ccc(F)cc2)c2ccc(Cn3c(CC(F)(F)F)nc4ccccc43)cc2n1,7.619788758288394
CHEMBL3908110,CHEMBL5137,Metabotropic glutamate receptor 2,IC50,=,73.0,nM,CHEMBL3888122,B,"Biological Assay: The utility of the compounds in accordance with the present invention as antagonists of metabotropic glutamate receptor activity, in particular mGluR2 activity, may be demonstrated by methodology known in the art. Antagonist constants are determined as follows. The compounds of the present invention were tested in a fluorescence laser imaging plate reader based assay. This assay is a common functional assay to monitor Ca2+ mobilization in whole cells expressing recombinant receptor coupled with a promiscuous G-protein. CHO dhfr- cells stably expressing recombinant human mGluR2 and Gα16 loaded with Fluo-4 AM (Invitrogen, Carlsbad Calif.) are treated with various concentrations of antagonists of compounds and the Ca2+ response is monitored on a FLIPR384 (Molecular Devices, Sunnydale Calif.) for agonist activity.",CHEMBL3886589,Q14416,Metabotropic glutamate receptor 2,IC50,NC(=O)c1cc(-c2ccc(F)cc2)c2ccc(Cn3c(C4CC4)nc4ccccc43)cc2n1,7.136677139879544
CHEMBL3952287,CHEMBL5137,Metabotropic glutamate receptor 2,IC50,=,81.0,nM,CHEMBL3888122,B,"Biological Assay: The utility of the compounds in accordance with the present invention as antagonists of metabotropic glutamate receptor activity, in particular mGluR2 activity, may be demonstrated by methodology known in the art. Antagonist constants are determined as follows. The compounds of the present invention were tested in a fluorescence laser imaging plate reader based assay. This assay is a common functional assay to monitor Ca2+ mobilization in whole cells expressing recombinant receptor coupled with a promiscuous G-protein. CHO dhfr- cells stably expressing recombinant human mGluR2 and Gα16 loaded with Fluo-4 AM (Invitrogen, Carlsbad Calif.) are treated with various concentrations of antagonists of compounds and the Ca2+ response is monitored on a FLIPR384 (Molecular Devices, Sunnydale Calif.) for agonist activity.",CHEMBL3886589,Q14416,Metabotropic glutamate receptor 2,IC50,NC(=O)c1cc(-c2ccc(F)cc2)c2ccc(Cn3c(C4CCC4)nc4ccccc43)cc2n1,7.0915149811213505
CHEMBL3960845,CHEMBL5137,Metabotropic glutamate receptor 2,IC50,=,89.0,nM,CHEMBL3888122,B,"Biological Assay: The utility of the compounds in accordance with the present invention as antagonists of metabotropic glutamate receptor activity, in particular mGluR2 activity, may be demonstrated by methodology known in the art. Antagonist constants are determined as follows. The compounds of the present invention were tested in a fluorescence laser imaging plate reader based assay. This assay is a common functional assay to monitor Ca2+ mobilization in whole cells expressing recombinant receptor coupled with a promiscuous G-protein. CHO dhfr- cells stably expressing recombinant human mGluR2 and Gα16 loaded with Fluo-4 AM (Invitrogen, Carlsbad Calif.) are treated with various concentrations of antagonists of compounds and the Ca2+ response is monitored on a FLIPR384 (Molecular Devices, Sunnydale Calif.) for agonist activity.",CHEMBL3886589,Q14416,Metabotropic glutamate receptor 2,IC50,NC(=O)c1cc(-c2ccc(F)cc2)c2ccc(Cn3c(C4CCCC4)nc4ccccc43)cc2n1,7.050609993355087
CHEMBL3936939,CHEMBL5137,Metabotropic glutamate receptor 2,IC50,=,46.0,nM,CHEMBL3888122,B,"Biological Assay: The utility of the compounds in accordance with the present invention as antagonists of metabotropic glutamate receptor activity, in particular mGluR2 activity, may be demonstrated by methodology known in the art. Antagonist constants are determined as follows. The compounds of the present invention were tested in a fluorescence laser imaging plate reader based assay. This assay is a common functional assay to monitor Ca2+ mobilization in whole cells expressing recombinant receptor coupled with a promiscuous G-protein. CHO dhfr- cells stably expressing recombinant human mGluR2 and Gα16 loaded with Fluo-4 AM (Invitrogen, Carlsbad Calif.) are treated with various concentrations of antagonists of compounds and the Ca2+ response is monitored on a FLIPR384 (Molecular Devices, Sunnydale Calif.) for agonist activity.",CHEMBL3886589,Q14416,Metabotropic glutamate receptor 2,IC50,Cc1nc2ccccc2n1Cc1ccc2c(-c3ccc(F)cc3)cc(C(N)=O)nc2c1,7.337242168318426
CHEMBL3967755,CHEMBL5137,Metabotropic glutamate receptor 2,IC50,=,66.0,nM,CHEMBL3888122,B,"Biological Assay: The utility of the compounds in accordance with the present invention as antagonists of metabotropic glutamate receptor activity, in particular mGluR2 activity, may be demonstrated by methodology known in the art. Antagonist constants are determined as follows. The compounds of the present invention were tested in a fluorescence laser imaging plate reader based assay. This assay is a common functional assay to monitor Ca2+ mobilization in whole cells expressing recombinant receptor coupled with a promiscuous G-protein. CHO dhfr- cells stably expressing recombinant human mGluR2 and Gα16 loaded with Fluo-4 AM (Invitrogen, Carlsbad Calif.) are treated with various concentrations of antagonists of compounds and the Ca2+ response is monitored on a FLIPR384 (Molecular Devices, Sunnydale Calif.) for agonist activity.",CHEMBL3886589,Q14416,Metabotropic glutamate receptor 2,IC50,CC(C)c1nc2ccccc2n1Cc1ccc2c(-c3ccc(F)cc3)cc(C(N)=O)nc2c1,7.180456064458131
CHEMBL3938177,CHEMBL5137,Metabotropic glutamate receptor 2,IC50,=,15.0,nM,CHEMBL3888122,B,"Biological Assay: The utility of the compounds in accordance with the present invention as antagonists of metabotropic glutamate receptor activity, in particular mGluR2 activity, may be demonstrated by methodology known in the art. Antagonist constants are determined as follows. The compounds of the present invention were tested in a fluorescence laser imaging plate reader based assay. This assay is a common functional assay to monitor Ca2+ mobilization in whole cells expressing recombinant receptor coupled with a promiscuous G-protein. CHO dhfr- cells stably expressing recombinant human mGluR2 and Gα16 loaded with Fluo-4 AM (Invitrogen, Carlsbad Calif.) are treated with various concentrations of antagonists of compounds and the Ca2+ response is monitored on a FLIPR384 (Molecular Devices, Sunnydale Calif.) for agonist activity.",CHEMBL3886589,Q14416,Metabotropic glutamate receptor 2,IC50,CC[C@](O)(c1cn(Cc2ccc3c(-c4ccc(F)cc4)cc(C(N)=O)nc3c2)cn1)C(F)(F)F,7.823908740944319
CHEMBL4109248,CHEMBL5137,Metabotropic glutamate receptor 2,IC50,=,19.0,nM,CHEMBL3888122,B,"Biological Assay: The utility of the compounds in accordance with the present invention as antagonists of metabotropic glutamate receptor activity, in particular mGluR2 activity, may be demonstrated by methodology known in the art. Antagonist constants are determined as follows. The compounds of the present invention were tested in a fluorescence laser imaging plate reader based assay. This assay is a common functional assay to monitor Ca2+ mobilization in whole cells expressing recombinant receptor coupled with a promiscuous G-protein. CHO dhfr- cells stably expressing recombinant human mGluR2 and Gα16 loaded with Fluo-4 AM (Invitrogen, Carlsbad Calif.) are treated with various concentrations of antagonists of compounds and the Ca2+ response is monitored on a FLIPR384 (Molecular Devices, Sunnydale Calif.) for agonist activity.",CHEMBL3886589,Q14416,Metabotropic glutamate receptor 2,IC50,CC[C@@](O)(c1cn(Cc2ccc3c(-c4ccc(F)cc4)cc(C(N)=O)nc3c2)cn1)C(F)(F)F,7.721246399047171
CHEMBL3921665,CHEMBL5137,Metabotropic glutamate receptor 2,IC50,=,206.0,nM,CHEMBL3888122,B,"Biological Assay: The utility of the compounds in accordance with the present invention as antagonists of metabotropic glutamate receptor activity, in particular mGluR2 activity, may be demonstrated by methodology known in the art. Antagonist constants are determined as follows. The compounds of the present invention were tested in a fluorescence laser imaging plate reader based assay. This assay is a common functional assay to monitor Ca2+ mobilization in whole cells expressing recombinant receptor coupled with a promiscuous G-protein. CHO dhfr- cells stably expressing recombinant human mGluR2 and Gα16 loaded with Fluo-4 AM (Invitrogen, Carlsbad Calif.) are treated with various concentrations of antagonists of compounds and the Ca2+ response is monitored on a FLIPR384 (Molecular Devices, Sunnydale Calif.) for agonist activity.",CHEMBL3886589,Q14416,Metabotropic glutamate receptor 2,IC50,CCC(O)(c1cn(Cc2ccc3c(-c4ccc(OC)c(OC)c4)cc(C(N)=O)nc3c2)cn1)C(F)(F)F,6.686132779630847
CHEMBL3890746,CHEMBL5137,Metabotropic glutamate receptor 2,IC50,=,67.0,nM,CHEMBL3888122,B,"Biological Assay: The utility of the compounds in accordance with the present invention as antagonists of metabotropic glutamate receptor activity, in particular mGluR2 activity, may be demonstrated by methodology known in the art. Antagonist constants are determined as follows. The compounds of the present invention were tested in a fluorescence laser imaging plate reader based assay. This assay is a common functional assay to monitor Ca2+ mobilization in whole cells expressing recombinant receptor coupled with a promiscuous G-protein. CHO dhfr- cells stably expressing recombinant human mGluR2 and Gα16 loaded with Fluo-4 AM (Invitrogen, Carlsbad Calif.) are treated with various concentrations of antagonists of compounds and the Ca2+ response is monitored on a FLIPR384 (Molecular Devices, Sunnydale Calif.) for agonist activity.",CHEMBL3886589,Q14416,Metabotropic glutamate receptor 2,IC50,CCC(O)(c1cn(Cc2ccc3c(-c4ccc(OC)c(C)c4)cc(C(N)=O)nc3c2)cn1)C(F)(F)F,7.173925197299173
CHEMBL3924490,CHEMBL5137,Metabotropic glutamate receptor 2,IC50,=,16.0,nM,CHEMBL3888122,B,"Biological Assay: The utility of the compounds in accordance with the present invention as antagonists of metabotropic glutamate receptor activity, in particular mGluR2 activity, may be demonstrated by methodology known in the art. Antagonist constants are determined as follows. The compounds of the present invention were tested in a fluorescence laser imaging plate reader based assay. This assay is a common functional assay to monitor Ca2+ mobilization in whole cells expressing recombinant receptor coupled with a promiscuous G-protein. CHO dhfr- cells stably expressing recombinant human mGluR2 and Gα16 loaded with Fluo-4 AM (Invitrogen, Carlsbad Calif.) are treated with various concentrations of antagonists of compounds and the Ca2+ response is monitored on a FLIPR384 (Molecular Devices, Sunnydale Calif.) for agonist activity.",CHEMBL3886589,Q14416,Metabotropic glutamate receptor 2,IC50,CCC(O)(c1cn(Cc2ccc3c(-c4ccc(OC)cc4F)cc(C(N)=O)nc3c2)cn1)C(F)(F)F,7.795880017344075
CHEMBL3929631,CHEMBL5137,Metabotropic glutamate receptor 2,IC50,=,16.0,nM,CHEMBL3888122,B,"Biological Assay: The utility of the compounds in accordance with the present invention as antagonists of metabotropic glutamate receptor activity, in particular mGluR2 activity, may be demonstrated by methodology known in the art. Antagonist constants are determined as follows. The compounds of the present invention were tested in a fluorescence laser imaging plate reader based assay. This assay is a common functional assay to monitor Ca2+ mobilization in whole cells expressing recombinant receptor coupled with a promiscuous G-protein. CHO dhfr- cells stably expressing recombinant human mGluR2 and Gα16 loaded with Fluo-4 AM (Invitrogen, Carlsbad Calif.) are treated with various concentrations of antagonists of compounds and the Ca2+ response is monitored on a FLIPR384 (Molecular Devices, Sunnydale Calif.) for agonist activity.",CHEMBL3886589,Q14416,Metabotropic glutamate receptor 2,IC50,CCC(O)(c1cn(Cc2ccc3c(-c4ccc(OC)c(F)c4)cc(C(N)=O)nc3c2)cn1)C(F)(F)F,7.795880017344075
CHEMBL3924490,CHEMBL5137,Metabotropic glutamate receptor 2,IC50,=,15.0,nM,CHEMBL3888122,B,"Biological Assay: The utility of the compounds in accordance with the present invention as antagonists of metabotropic glutamate receptor activity, in particular mGluR2 activity, may be demonstrated by methodology known in the art. Antagonist constants are determined as follows. The compounds of the present invention were tested in a fluorescence laser imaging plate reader based assay. This assay is a common functional assay to monitor Ca2+ mobilization in whole cells expressing recombinant receptor coupled with a promiscuous G-protein. CHO dhfr- cells stably expressing recombinant human mGluR2 and Gα16 loaded with Fluo-4 AM (Invitrogen, Carlsbad Calif.) are treated with various concentrations of antagonists of compounds and the Ca2+ response is monitored on a FLIPR384 (Molecular Devices, Sunnydale Calif.) for agonist activity.",CHEMBL3886589,Q14416,Metabotropic glutamate receptor 2,IC50,CCC(O)(c1cn(Cc2ccc3c(-c4ccc(OC)cc4F)cc(C(N)=O)nc3c2)cn1)C(F)(F)F,7.823908740944319
CHEMBL3892899,CHEMBL5137,Metabotropic glutamate receptor 2,IC50,=,10.0,nM,CHEMBL3888122,B,"Biological Assay: The utility of the compounds in accordance with the present invention as antagonists of metabotropic glutamate receptor activity, in particular mGluR2 activity, may be demonstrated by methodology known in the art. Antagonist constants are determined as follows. The compounds of the present invention were tested in a fluorescence laser imaging plate reader based assay. This assay is a common functional assay to monitor Ca2+ mobilization in whole cells expressing recombinant receptor coupled with a promiscuous G-protein. CHO dhfr- cells stably expressing recombinant human mGluR2 and Gα16 loaded with Fluo-4 AM (Invitrogen, Carlsbad Calif.) are treated with various concentrations of antagonists of compounds and the Ca2+ response is monitored on a FLIPR384 (Molecular Devices, Sunnydale Calif.) for agonist activity.",CHEMBL3886589,Q14416,Metabotropic glutamate receptor 2,IC50,CCC(O)(c1cn(Cc2ccc3c(-c4ccc(OC)cc4)cc(C(N)=O)nc3c2)cn1)C(F)(F)F,8.0
CHEMBL3974648,CHEMBL5137,Metabotropic glutamate receptor 2,IC50,=,163.0,nM,CHEMBL3888122,B,"Biological Assay: The utility of the compounds in accordance with the present invention as antagonists of metabotropic glutamate receptor activity, in particular mGluR2 activity, may be demonstrated by methodology known in the art. Antagonist constants are determined as follows. The compounds of the present invention were tested in a fluorescence laser imaging plate reader based assay. This assay is a common functional assay to monitor Ca2+ mobilization in whole cells expressing recombinant receptor coupled with a promiscuous G-protein. CHO dhfr- cells stably expressing recombinant human mGluR2 and Gα16 loaded with Fluo-4 AM (Invitrogen, Carlsbad Calif.) are treated with various concentrations of antagonists of compounds and the Ca2+ response is monitored on a FLIPR384 (Molecular Devices, Sunnydale Calif.) for agonist activity.",CHEMBL3886589,Q14416,Metabotropic glutamate receptor 2,IC50,NC(=O)c1cc(-c2ccc(F)cc2)c2ccc(CN3CCOCC3)cc2n1,6.787812395596042
CHEMBL4111091,CHEMBL5137,Metabotropic glutamate receptor 2,IC50,=,11.0,nM,CHEMBL3888122,B,"Biological Assay: The utility of the compounds in accordance with the present invention as antagonists of metabotropic glutamate receptor activity, in particular mGluR2 activity, may be demonstrated by methodology known in the art. Antagonist constants are determined as follows. The compounds of the present invention were tested in a fluorescence laser imaging plate reader based assay. This assay is a common functional assay to monitor Ca2+ mobilization in whole cells expressing recombinant receptor coupled with a promiscuous G-protein. CHO dhfr- cells stably expressing recombinant human mGluR2 and Gα16 loaded with Fluo-4 AM (Invitrogen, Carlsbad Calif.) are treated with various concentrations of antagonists of compounds and the Ca2+ response is monitored on a FLIPR384 (Molecular Devices, Sunnydale Calif.) for agonist activity.",CHEMBL3886589,Q14416,Metabotropic glutamate receptor 2,IC50,C[C@@H]1CN(Cc2ccc3c(-c4cnn(C)c4)cc(C(N)=O)nc3c2)C[C@H](C(F)(F)F)O1,7.958607314841775
CHEMBL3930893,CHEMBL5137,Metabotropic glutamate receptor 2,IC50,=,13.0,nM,CHEMBL3888122,B,"Biological Assay: The utility of the compounds in accordance with the present invention as antagonists of metabotropic glutamate receptor activity, in particular mGluR2 activity, may be demonstrated by methodology known in the art. Antagonist constants are determined as follows. The compounds of the present invention were tested in a fluorescence laser imaging plate reader based assay. This assay is a common functional assay to monitor Ca2+ mobilization in whole cells expressing recombinant receptor coupled with a promiscuous G-protein. CHO dhfr- cells stably expressing recombinant human mGluR2 and Gα16 loaded with Fluo-4 AM (Invitrogen, Carlsbad Calif.) are treated with various concentrations of antagonists of compounds and the Ca2+ response is monitored on a FLIPR384 (Molecular Devices, Sunnydale Calif.) for agonist activity.",CHEMBL3886589,Q14416,Metabotropic glutamate receptor 2,IC50,Cn1cc(-c2cc(C(N)=O)nc3cc(CN4CCSC(C5CC5)C4)ccc23)cn1,7.886056647693163
CHEMBL3903459,CHEMBL5137,Metabotropic glutamate receptor 2,IC50,=,9.0,nM,CHEMBL3888122,B,"Biological Assay: The utility of the compounds in accordance with the present invention as antagonists of metabotropic glutamate receptor activity, in particular mGluR2 activity, may be demonstrated by methodology known in the art. Antagonist constants are determined as follows. The compounds of the present invention were tested in a fluorescence laser imaging plate reader based assay. This assay is a common functional assay to monitor Ca2+ mobilization in whole cells expressing recombinant receptor coupled with a promiscuous G-protein. CHO dhfr- cells stably expressing recombinant human mGluR2 and Gα16 loaded with Fluo-4 AM (Invitrogen, Carlsbad Calif.) are treated with various concentrations of antagonists of compounds and the Ca2+ response is monitored on a FLIPR384 (Molecular Devices, Sunnydale Calif.) for agonist activity.",CHEMBL3886589,Q14416,Metabotropic glutamate receptor 2,IC50,C[C@H]1CNC(C(F)(F)F)CN1Cc1ccc2c(-c3ccc(F)cc3)cc(C(N)=O)nc2c1,8.045757490560675
CHEMBL3903459,CHEMBL5137,Metabotropic glutamate receptor 2,IC50,=,11.0,nM,CHEMBL3888122,B,"Biological Assay: The utility of the compounds in accordance with the present invention as antagonists of metabotropic glutamate receptor activity, in particular mGluR2 activity, may be demonstrated by methodology known in the art. Antagonist constants are determined as follows. The compounds of the present invention were tested in a fluorescence laser imaging plate reader based assay. This assay is a common functional assay to monitor Ca2+ mobilization in whole cells expressing recombinant receptor coupled with a promiscuous G-protein. CHO dhfr- cells stably expressing recombinant human mGluR2 and Gα16 loaded with Fluo-4 AM (Invitrogen, Carlsbad Calif.) are treated with various concentrations of antagonists of compounds and the Ca2+ response is monitored on a FLIPR384 (Molecular Devices, Sunnydale Calif.) for agonist activity.",CHEMBL3886589,Q14416,Metabotropic glutamate receptor 2,IC50,C[C@H]1CNC(C(F)(F)F)CN1Cc1ccc2c(-c3ccc(F)cc3)cc(C(N)=O)nc2c1,7.958607314841775
CHEMBL3892501,CHEMBL5137,Metabotropic glutamate receptor 2,IC50,=,137.0,nM,CHEMBL3888122,B,"Biological Assay: The utility of the compounds in accordance with the present invention as antagonists of metabotropic glutamate receptor activity, in particular mGluR2 activity, may be demonstrated by methodology known in the art. Antagonist constants are determined as follows. The compounds of the present invention were tested in a fluorescence laser imaging plate reader based assay. This assay is a common functional assay to monitor Ca2+ mobilization in whole cells expressing recombinant receptor coupled with a promiscuous G-protein. CHO dhfr- cells stably expressing recombinant human mGluR2 and Gα16 loaded with Fluo-4 AM (Invitrogen, Carlsbad Calif.) are treated with various concentrations of antagonists of compounds and the Ca2+ response is monitored on a FLIPR384 (Molecular Devices, Sunnydale Calif.) for agonist activity.",CHEMBL3886589,Q14416,Metabotropic glutamate receptor 2,IC50,COC(=O)[C@@H]1CCCN1Cc1ccc2c(-c3ccc(F)cc3)cc(C(N)=O)nc2c1,6.863279432843593
CHEMBL3950507,CHEMBL5137,Metabotropic glutamate receptor 2,IC50,=,78.0,nM,CHEMBL3888122,B,"Biological Assay: The utility of the compounds in accordance with the present invention as antagonists of metabotropic glutamate receptor activity, in particular mGluR2 activity, may be demonstrated by methodology known in the art. Antagonist constants are determined as follows. The compounds of the present invention were tested in a fluorescence laser imaging plate reader based assay. This assay is a common functional assay to monitor Ca2+ mobilization in whole cells expressing recombinant receptor coupled with a promiscuous G-protein. CHO dhfr- cells stably expressing recombinant human mGluR2 and Gα16 loaded with Fluo-4 AM (Invitrogen, Carlsbad Calif.) are treated with various concentrations of antagonists of compounds and the Ca2+ response is monitored on a FLIPR384 (Molecular Devices, Sunnydale Calif.) for agonist activity.",CHEMBL3886589,Q14416,Metabotropic glutamate receptor 2,IC50,NC(=O)c1cc(-c2ccc(F)cc2)c2ccc(CN3CCC[C@H]3C(N)=O)cc2n1,7.107905397309519
CHEMBL3919306,CHEMBL5137,Metabotropic glutamate receptor 2,IC50,=,61.0,nM,CHEMBL3888122,B,"Biological Assay: The utility of the compounds in accordance with the present invention as antagonists of metabotropic glutamate receptor activity, in particular mGluR2 activity, may be demonstrated by methodology known in the art. Antagonist constants are determined as follows. The compounds of the present invention were tested in a fluorescence laser imaging plate reader based assay. This assay is a common functional assay to monitor Ca2+ mobilization in whole cells expressing recombinant receptor coupled with a promiscuous G-protein. CHO dhfr- cells stably expressing recombinant human mGluR2 and Gα16 loaded with Fluo-4 AM (Invitrogen, Carlsbad Calif.) are treated with various concentrations of antagonists of compounds and the Ca2+ response is monitored on a FLIPR384 (Molecular Devices, Sunnydale Calif.) for agonist activity.",CHEMBL3886589,Q14416,Metabotropic glutamate receptor 2,IC50,NC(=O)c1cc(-c2ccc(F)cc2)c2ccc(CN3CCC(F)(F)C3)cc2n1,7.214670164989233
CHEMBL4107730,CHEMBL5137,Metabotropic glutamate receptor 2,IC50,=,118.0,nM,CHEMBL3888122,B,"Biological Assay: The utility of the compounds in accordance with the present invention as antagonists of metabotropic glutamate receptor activity, in particular mGluR2 activity, may be demonstrated by methodology known in the art. Antagonist constants are determined as follows. The compounds of the present invention were tested in a fluorescence laser imaging plate reader based assay. This assay is a common functional assay to monitor Ca2+ mobilization in whole cells expressing recombinant receptor coupled with a promiscuous G-protein. CHO dhfr- cells stably expressing recombinant human mGluR2 and Gα16 loaded with Fluo-4 AM (Invitrogen, Carlsbad Calif.) are treated with various concentrations of antagonists of compounds and the Ca2+ response is monitored on a FLIPR384 (Molecular Devices, Sunnydale Calif.) for agonist activity.",CHEMBL3886589,Q14416,Metabotropic glutamate receptor 2,IC50,NC(=O)c1cc(-c2ccc(F)cc2)c2ccc(CN3CC[C@@H](F)C3)cc2n1,6.928117992693874
CHEMBL3913806,CHEMBL5137,Metabotropic glutamate receptor 2,IC50,=,183.0,nM,CHEMBL3888122,B,"Biological Assay: The utility of the compounds in accordance with the present invention as antagonists of metabotropic glutamate receptor activity, in particular mGluR2 activity, may be demonstrated by methodology known in the art. Antagonist constants are determined as follows. The compounds of the present invention were tested in a fluorescence laser imaging plate reader based assay. This assay is a common functional assay to monitor Ca2+ mobilization in whole cells expressing recombinant receptor coupled with a promiscuous G-protein. CHO dhfr- cells stably expressing recombinant human mGluR2 and Gα16 loaded with Fluo-4 AM (Invitrogen, Carlsbad Calif.) are treated with various concentrations of antagonists of compounds and the Ca2+ response is monitored on a FLIPR384 (Molecular Devices, Sunnydale Calif.) for agonist activity.",CHEMBL3886589,Q14416,Metabotropic glutamate receptor 2,IC50,NC(=O)c1cc(-c2ccc(F)cc2)c2ccc(CN3CCCC3C(F)(F)F)cc2n1,6.73754891026957
CHEMBL3937068,CHEMBL5137,Metabotropic glutamate receptor 2,IC50,=,82.0,nM,CHEMBL3888122,B,"Biological Assay: The utility of the compounds in accordance with the present invention as antagonists of metabotropic glutamate receptor activity, in particular mGluR2 activity, may be demonstrated by methodology known in the art. Antagonist constants are determined as follows. The compounds of the present invention were tested in a fluorescence laser imaging plate reader based assay. This assay is a common functional assay to monitor Ca2+ mobilization in whole cells expressing recombinant receptor coupled with a promiscuous G-protein. CHO dhfr- cells stably expressing recombinant human mGluR2 and Gα16 loaded with Fluo-4 AM (Invitrogen, Carlsbad Calif.) are treated with various concentrations of antagonists of compounds and the Ca2+ response is monitored on a FLIPR384 (Molecular Devices, Sunnydale Calif.) for agonist activity.",CHEMBL3886589,Q14416,Metabotropic glutamate receptor 2,IC50,NC(=O)c1cc(-c2ccc(F)cc2)c2ccc(CN3CCNC(=O)C3)cc2n1,7.086186147616283
CHEMBL3912634,CHEMBL5137,Metabotropic glutamate receptor 2,IC50,=,82.0,nM,CHEMBL3888122,B,"Biological Assay: The utility of the compounds in accordance with the present invention as antagonists of metabotropic glutamate receptor activity, in particular mGluR2 activity, may be demonstrated by methodology known in the art. Antagonist constants are determined as follows. The compounds of the present invention were tested in a fluorescence laser imaging plate reader based assay. This assay is a common functional assay to monitor Ca2+ mobilization in whole cells expressing recombinant receptor coupled with a promiscuous G-protein. CHO dhfr- cells stably expressing recombinant human mGluR2 and Gα16 loaded with Fluo-4 AM (Invitrogen, Carlsbad Calif.) are treated with various concentrations of antagonists of compounds and the Ca2+ response is monitored on a FLIPR384 (Molecular Devices, Sunnydale Calif.) for agonist activity.",CHEMBL3886589,Q14416,Metabotropic glutamate receptor 2,IC50,CON(C)Cc1ccc2c(-c3ccc(F)cc3)cc(C(N)=O)nc2c1,7.086186147616283
CHEMBL3899807,CHEMBL5137,Metabotropic glutamate receptor 2,IC50,=,241.0,nM,CHEMBL3888122,B,"Biological Assay: The utility of the compounds in accordance with the present invention as antagonists of metabotropic glutamate receptor activity, in particular mGluR2 activity, may be demonstrated by methodology known in the art. Antagonist constants are determined as follows. The compounds of the present invention were tested in a fluorescence laser imaging plate reader based assay. This assay is a common functional assay to monitor Ca2+ mobilization in whole cells expressing recombinant receptor coupled with a promiscuous G-protein. CHO dhfr- cells stably expressing recombinant human mGluR2 and Gα16 loaded with Fluo-4 AM (Invitrogen, Carlsbad Calif.) are treated with various concentrations of antagonists of compounds and the Ca2+ response is monitored on a FLIPR384 (Molecular Devices, Sunnydale Calif.) for agonist activity.",CHEMBL3886589,Q14416,Metabotropic glutamate receptor 2,IC50,COCCN(C)Cc1ccc2c(-c3ccc(F)cc3)cc(C(N)=O)nc2c1,6.617982957425132
CHEMBL3928211,CHEMBL5137,Metabotropic glutamate receptor 2,IC50,=,84.0,nM,CHEMBL3888122,B,"Biological Assay: The utility of the compounds in accordance with the present invention as antagonists of metabotropic glutamate receptor activity, in particular mGluR2 activity, may be demonstrated by methodology known in the art. Antagonist constants are determined as follows. The compounds of the present invention were tested in a fluorescence laser imaging plate reader based assay. This assay is a common functional assay to monitor Ca2+ mobilization in whole cells expressing recombinant receptor coupled with a promiscuous G-protein. CHO dhfr- cells stably expressing recombinant human mGluR2 and Gα16 loaded with Fluo-4 AM (Invitrogen, Carlsbad Calif.) are treated with various concentrations of antagonists of compounds and the Ca2+ response is monitored on a FLIPR384 (Molecular Devices, Sunnydale Calif.) for agonist activity.",CHEMBL3886589,Q14416,Metabotropic glutamate receptor 2,IC50,CN(CC(N)=O)Cc1ccc2c(-c3ccc(F)cc3)cc(C(N)=O)nc2c1,7.075720713938118
CHEMBL3958048,CHEMBL5137,Metabotropic glutamate receptor 2,IC50,=,478.0,nM,CHEMBL3888122,B,"Biological Assay: The utility of the compounds in accordance with the present invention as antagonists of metabotropic glutamate receptor activity, in particular mGluR2 activity, may be demonstrated by methodology known in the art. Antagonist constants are determined as follows. The compounds of the present invention were tested in a fluorescence laser imaging plate reader based assay. This assay is a common functional assay to monitor Ca2+ mobilization in whole cells expressing recombinant receptor coupled with a promiscuous G-protein. CHO dhfr- cells stably expressing recombinant human mGluR2 and Gα16 loaded with Fluo-4 AM (Invitrogen, Carlsbad Calif.) are treated with various concentrations of antagonists of compounds and the Ca2+ response is monitored on a FLIPR384 (Molecular Devices, Sunnydale Calif.) for agonist activity.",CHEMBL3886589,Q14416,Metabotropic glutamate receptor 2,IC50,N#C[C@@H]1CCCN1Cc1ccc2c(-c3ccc(F)cc3)cc(C(N)=O)nc2c1,6.320572103387882
CHEMBL3927029,CHEMBL5137,Metabotropic glutamate receptor 2,IC50,=,138.0,nM,CHEMBL3888122,B,"Biological Assay: The utility of the compounds in accordance with the present invention as antagonists of metabotropic glutamate receptor activity, in particular mGluR2 activity, may be demonstrated by methodology known in the art. Antagonist constants are determined as follows. The compounds of the present invention were tested in a fluorescence laser imaging plate reader based assay. This assay is a common functional assay to monitor Ca2+ mobilization in whole cells expressing recombinant receptor coupled with a promiscuous G-protein. CHO dhfr- cells stably expressing recombinant human mGluR2 and Gα16 loaded with Fluo-4 AM (Invitrogen, Carlsbad Calif.) are treated with various concentrations of antagonists of compounds and the Ca2+ response is monitored on a FLIPR384 (Molecular Devices, Sunnydale Calif.) for agonist activity.",CHEMBL3886589,Q14416,Metabotropic glutamate receptor 2,IC50,CO[C@H]1CCN(Cc2ccc3c(-c4ccc(F)cc4)cc(C(N)=O)nc3c2)C1,6.860120913598763
CHEMBL3982968,CHEMBL5137,Metabotropic glutamate receptor 2,IC50,=,330.0,nM,CHEMBL3888122,B,"Biological Assay: The utility of the compounds in accordance with the present invention as antagonists of metabotropic glutamate receptor activity, in particular mGluR2 activity, may be demonstrated by methodology known in the art. Antagonist constants are determined as follows. The compounds of the present invention were tested in a fluorescence laser imaging plate reader based assay. This assay is a common functional assay to monitor Ca2+ mobilization in whole cells expressing recombinant receptor coupled with a promiscuous G-protein. CHO dhfr- cells stably expressing recombinant human mGluR2 and Gα16 loaded with Fluo-4 AM (Invitrogen, Carlsbad Calif.) are treated with various concentrations of antagonists of compounds and the Ca2+ response is monitored on a FLIPR384 (Molecular Devices, Sunnydale Calif.) for agonist activity.",CHEMBL3886589,Q14416,Metabotropic glutamate receptor 2,IC50,CN(C)C1CCN(Cc2ccc3c(-c4ccc(F)cc4)cc(C(N)=O)nc3c2)C1,6.481486060122112
CHEMBL3913090,CHEMBL5137,Metabotropic glutamate receptor 2,IC50,=,187.0,nM,CHEMBL3888122,B,"Biological Assay: The utility of the compounds in accordance with the present invention as antagonists of metabotropic glutamate receptor activity, in particular mGluR2 activity, may be demonstrated by methodology known in the art. Antagonist constants are determined as follows. The compounds of the present invention were tested in a fluorescence laser imaging plate reader based assay. This assay is a common functional assay to monitor Ca2+ mobilization in whole cells expressing recombinant receptor coupled with a promiscuous G-protein. CHO dhfr- cells stably expressing recombinant human mGluR2 and Gα16 loaded with Fluo-4 AM (Invitrogen, Carlsbad Calif.) are treated with various concentrations of antagonists of compounds and the Ca2+ response is monitored on a FLIPR384 (Molecular Devices, Sunnydale Calif.) for agonist activity.",CHEMBL3886589,Q14416,Metabotropic glutamate receptor 2,IC50,CC(=O)NC1CCN(Cc2ccc3c(-c4ccc(F)cc4)cc(C(N)=O)nc3c2)C1,6.7281583934635005
CHEMBL3897537,CHEMBL5137,Metabotropic glutamate receptor 2,IC50,=,274.0,nM,CHEMBL3888122,B,"Biological Assay: The utility of the compounds in accordance with the present invention as antagonists of metabotropic glutamate receptor activity, in particular mGluR2 activity, may be demonstrated by methodology known in the art. Antagonist constants are determined as follows. The compounds of the present invention were tested in a fluorescence laser imaging plate reader based assay. This assay is a common functional assay to monitor Ca2+ mobilization in whole cells expressing recombinant receptor coupled with a promiscuous G-protein. CHO dhfr- cells stably expressing recombinant human mGluR2 and Gα16 loaded with Fluo-4 AM (Invitrogen, Carlsbad Calif.) are treated with various concentrations of antagonists of compounds and the Ca2+ response is monitored on a FLIPR384 (Molecular Devices, Sunnydale Calif.) for agonist activity.",CHEMBL3886589,Q14416,Metabotropic glutamate receptor 2,IC50,NC(=O)c1cc(-c2ccc(F)cc2)c2ccc(CN3CC(O)CC3C(N)=O)cc2n1,6.562249437179612
CHEMBL3922089,CHEMBL5137,Metabotropic glutamate receptor 2,IC50,=,55.0,nM,CHEMBL3888122,B,"Biological Assay: The utility of the compounds in accordance with the present invention as antagonists of metabotropic glutamate receptor activity, in particular mGluR2 activity, may be demonstrated by methodology known in the art. Antagonist constants are determined as follows. The compounds of the present invention were tested in a fluorescence laser imaging plate reader based assay. This assay is a common functional assay to monitor Ca2+ mobilization in whole cells expressing recombinant receptor coupled with a promiscuous G-protein. CHO dhfr- cells stably expressing recombinant human mGluR2 and Gα16 loaded with Fluo-4 AM (Invitrogen, Carlsbad Calif.) are treated with various concentrations of antagonists of compounds and the Ca2+ response is monitored on a FLIPR384 (Molecular Devices, Sunnydale Calif.) for agonist activity.",CHEMBL3886589,Q14416,Metabotropic glutamate receptor 2,IC50,CC1CN(Cc2ccc3c(-c4ccc(F)cc4)cc(C(N)=O)nc3c2)CC(C)O1,7.259637310505756
CHEMBL3940116,CHEMBL5137,Metabotropic glutamate receptor 2,IC50,=,57.0,nM,CHEMBL3888122,B,"Biological Assay: The utility of the compounds in accordance with the present invention as antagonists of metabotropic glutamate receptor activity, in particular mGluR2 activity, may be demonstrated by methodology known in the art. Antagonist constants are determined as follows. The compounds of the present invention were tested in a fluorescence laser imaging plate reader based assay. This assay is a common functional assay to monitor Ca2+ mobilization in whole cells expressing recombinant receptor coupled with a promiscuous G-protein. CHO dhfr- cells stably expressing recombinant human mGluR2 and Gα16 loaded with Fluo-4 AM (Invitrogen, Carlsbad Calif.) are treated with various concentrations of antagonists of compounds and the Ca2+ response is monitored on a FLIPR384 (Molecular Devices, Sunnydale Calif.) for agonist activity.",CHEMBL3886589,Q14416,Metabotropic glutamate receptor 2,IC50,C[C@H]1COCCN1Cc1ccc2c(-c3ccc(F)cc3)cc(C(N)=O)nc2c1,7.2441251443275085
CHEMBL3972468,CHEMBL5137,Metabotropic glutamate receptor 2,IC50,=,42.0,nM,CHEMBL3888122,B,"Biological Assay: The utility of the compounds in accordance with the present invention as antagonists of metabotropic glutamate receptor activity, in particular mGluR2 activity, may be demonstrated by methodology known in the art. Antagonist constants are determined as follows. The compounds of the present invention were tested in a fluorescence laser imaging plate reader based assay. This assay is a common functional assay to monitor Ca2+ mobilization in whole cells expressing recombinant receptor coupled with a promiscuous G-protein. CHO dhfr- cells stably expressing recombinant human mGluR2 and Gα16 loaded with Fluo-4 AM (Invitrogen, Carlsbad Calif.) are treated with various concentrations of antagonists of compounds and the Ca2+ response is monitored on a FLIPR384 (Molecular Devices, Sunnydale Calif.) for agonist activity.",CHEMBL3886589,Q14416,Metabotropic glutamate receptor 2,IC50,C[C@H]1CN(Cc2ccc3c(-c4ccc(F)cc4)cc(C(N)=O)nc3c2)CCO1,7.376750709602099
CHEMBL3933190,CHEMBL5137,Metabotropic glutamate receptor 2,IC50,=,392.0,nM,CHEMBL3888122,B,"Biological Assay: The utility of the compounds in accordance with the present invention as antagonists of metabotropic glutamate receptor activity, in particular mGluR2 activity, may be demonstrated by methodology known in the art. Antagonist constants are determined as follows. The compounds of the present invention were tested in a fluorescence laser imaging plate reader based assay. This assay is a common functional assay to monitor Ca2+ mobilization in whole cells expressing recombinant receptor coupled with a promiscuous G-protein. CHO dhfr- cells stably expressing recombinant human mGluR2 and Gα16 loaded with Fluo-4 AM (Invitrogen, Carlsbad Calif.) are treated with various concentrations of antagonists of compounds and the Ca2+ response is monitored on a FLIPR384 (Molecular Devices, Sunnydale Calif.) for agonist activity.",CHEMBL3886589,Q14416,Metabotropic glutamate receptor 2,IC50,NC(=O)c1cc(-c2ccc(F)cc2)c2ccc(CN3CCC(O)CC3)cc2n1,6.406713932979542
CHEMBL3907626,CHEMBL5137,Metabotropic glutamate receptor 2,IC50,=,118.0,nM,CHEMBL3888122,B,"Biological Assay: The utility of the compounds in accordance with the present invention as antagonists of metabotropic glutamate receptor activity, in particular mGluR2 activity, may be demonstrated by methodology known in the art. Antagonist constants are determined as follows. The compounds of the present invention were tested in a fluorescence laser imaging plate reader based assay. This assay is a common functional assay to monitor Ca2+ mobilization in whole cells expressing recombinant receptor coupled with a promiscuous G-protein. CHO dhfr- cells stably expressing recombinant human mGluR2 and Gα16 loaded with Fluo-4 AM (Invitrogen, Carlsbad Calif.) are treated with various concentrations of antagonists of compounds and the Ca2+ response is monitored on a FLIPR384 (Molecular Devices, Sunnydale Calif.) for agonist activity.",CHEMBL3886589,Q14416,Metabotropic glutamate receptor 2,IC50,NC(=O)c1cc(-c2ccc(F)cc2)c2ccc(CN3CCC(O)(O)CC3)cc2n1,6.928117992693874
CHEMBL3968972,CHEMBL5137,Metabotropic glutamate receptor 2,IC50,=,56.0,nM,CHEMBL3888122,B,"Biological Assay: The utility of the compounds in accordance with the present invention as antagonists of metabotropic glutamate receptor activity, in particular mGluR2 activity, may be demonstrated by methodology known in the art. Antagonist constants are determined as follows. The compounds of the present invention were tested in a fluorescence laser imaging plate reader based assay. This assay is a common functional assay to monitor Ca2+ mobilization in whole cells expressing recombinant receptor coupled with a promiscuous G-protein. CHO dhfr- cells stably expressing recombinant human mGluR2 and Gα16 loaded with Fluo-4 AM (Invitrogen, Carlsbad Calif.) are treated with various concentrations of antagonists of compounds and the Ca2+ response is monitored on a FLIPR384 (Molecular Devices, Sunnydale Calif.) for agonist activity.",CHEMBL3886589,Q14416,Metabotropic glutamate receptor 2,IC50,NC(=O)c1cc(-c2ccc(F)cc2)c2ccc(CN3CCS(=O)(=O)CC3)cc2n1,7.251811972993799
CHEMBL3946509,CHEMBL5137,Metabotropic glutamate receptor 2,IC50,=,252.0,nM,CHEMBL3888122,B,"Biological Assay: The utility of the compounds in accordance with the present invention as antagonists of metabotropic glutamate receptor activity, in particular mGluR2 activity, may be demonstrated by methodology known in the art. Antagonist constants are determined as follows. The compounds of the present invention were tested in a fluorescence laser imaging plate reader based assay. This assay is a common functional assay to monitor Ca2+ mobilization in whole cells expressing recombinant receptor coupled with a promiscuous G-protein. CHO dhfr- cells stably expressing recombinant human mGluR2 and Gα16 loaded with Fluo-4 AM (Invitrogen, Carlsbad Calif.) are treated with various concentrations of antagonists of compounds and the Ca2+ response is monitored on a FLIPR384 (Molecular Devices, Sunnydale Calif.) for agonist activity.",CHEMBL3886589,Q14416,Metabotropic glutamate receptor 2,IC50,CN1CCN(Cc2ccc3c(-c4ccc(F)cc4)cc(C(N)=O)nc3c2)CC1,6.598599459218455
CHEMBL3958113,CHEMBL5137,Metabotropic glutamate receptor 2,IC50,=,59.0,nM,CHEMBL3888122,B,"Biological Assay: The utility of the compounds in accordance with the present invention as antagonists of metabotropic glutamate receptor activity, in particular mGluR2 activity, may be demonstrated by methodology known in the art. Antagonist constants are determined as follows. The compounds of the present invention were tested in a fluorescence laser imaging plate reader based assay. This assay is a common functional assay to monitor Ca2+ mobilization in whole cells expressing recombinant receptor coupled with a promiscuous G-protein. CHO dhfr- cells stably expressing recombinant human mGluR2 and Gα16 loaded with Fluo-4 AM (Invitrogen, Carlsbad Calif.) are treated with various concentrations of antagonists of compounds and the Ca2+ response is monitored on a FLIPR384 (Molecular Devices, Sunnydale Calif.) for agonist activity.",CHEMBL3886589,Q14416,Metabotropic glutamate receptor 2,IC50,NC(=O)c1cc(-c2ccc(F)cc2)c2ccc(CN3CCCC(C(F)(F)F)C3)cc2n1,7.229147988357855
CHEMBL3930631,CHEMBL5137,Metabotropic glutamate receptor 2,IC50,=,136.0,nM,CHEMBL3888122,B,"Biological Assay: The utility of the compounds in accordance with the present invention as antagonists of metabotropic glutamate receptor activity, in particular mGluR2 activity, may be demonstrated by methodology known in the art. Antagonist constants are determined as follows. The compounds of the present invention were tested in a fluorescence laser imaging plate reader based assay. This assay is a common functional assay to monitor Ca2+ mobilization in whole cells expressing recombinant receptor coupled with a promiscuous G-protein. CHO dhfr- cells stably expressing recombinant human mGluR2 and Gα16 loaded with Fluo-4 AM (Invitrogen, Carlsbad Calif.) are treated with various concentrations of antagonists of compounds and the Ca2+ response is monitored on a FLIPR384 (Molecular Devices, Sunnydale Calif.) for agonist activity.",CHEMBL3886589,Q14416,Metabotropic glutamate receptor 2,IC50,NC(=O)c1cc(-c2ccc(F)cc2)c2ccc(CN3CCNCC3)cc2n1,6.866461091629782
CHEMBL3898121,CHEMBL5137,Metabotropic glutamate receptor 2,IC50,=,24.0,nM,CHEMBL3888122,B,"Biological Assay: The utility of the compounds in accordance with the present invention as antagonists of metabotropic glutamate receptor activity, in particular mGluR2 activity, may be demonstrated by methodology known in the art. Antagonist constants are determined as follows. The compounds of the present invention were tested in a fluorescence laser imaging plate reader based assay. This assay is a common functional assay to monitor Ca2+ mobilization in whole cells expressing recombinant receptor coupled with a promiscuous G-protein. CHO dhfr- cells stably expressing recombinant human mGluR2 and Gα16 loaded with Fluo-4 AM (Invitrogen, Carlsbad Calif.) are treated with various concentrations of antagonists of compounds and the Ca2+ response is monitored on a FLIPR384 (Molecular Devices, Sunnydale Calif.) for agonist activity.",CHEMBL3886589,Q14416,Metabotropic glutamate receptor 2,IC50,NC(=O)c1cc(-c2ccc(F)cc2)c2ccc(CN3CCOC(C(F)(F)F)C3)cc2n1,7.619788758288394
CHEMBL3936050,CHEMBL5137,Metabotropic glutamate receptor 2,IC50,=,170.0,nM,CHEMBL3888122,B,"Biological Assay: The utility of the compounds in accordance with the present invention as antagonists of metabotropic glutamate receptor activity, in particular mGluR2 activity, may be demonstrated by methodology known in the art. Antagonist constants are determined as follows. The compounds of the present invention were tested in a fluorescence laser imaging plate reader based assay. This assay is a common functional assay to monitor Ca2+ mobilization in whole cells expressing recombinant receptor coupled with a promiscuous G-protein. CHO dhfr- cells stably expressing recombinant human mGluR2 and Gα16 loaded with Fluo-4 AM (Invitrogen, Carlsbad Calif.) are treated with various concentrations of antagonists of compounds and the Ca2+ response is monitored on a FLIPR384 (Molecular Devices, Sunnydale Calif.) for agonist activity.",CHEMBL3886589,Q14416,Metabotropic glutamate receptor 2,IC50,Cc1cn(C2CCN(Cc3ccc4c(-c5ccc(F)cc5)cc(C(N)=O)nc4c3)CC2)cn1,6.769551078621726
CHEMBL3903609,CHEMBL5137,Metabotropic glutamate receptor 2,IC50,=,53.0,nM,CHEMBL3888122,B,"Biological Assay: The utility of the compounds in accordance with the present invention as antagonists of metabotropic glutamate receptor activity, in particular mGluR2 activity, may be demonstrated by methodology known in the art. Antagonist constants are determined as follows. The compounds of the present invention were tested in a fluorescence laser imaging plate reader based assay. This assay is a common functional assay to monitor Ca2+ mobilization in whole cells expressing recombinant receptor coupled with a promiscuous G-protein. CHO dhfr- cells stably expressing recombinant human mGluR2 and Gα16 loaded with Fluo-4 AM (Invitrogen, Carlsbad Calif.) are treated with various concentrations of antagonists of compounds and the Ca2+ response is monitored on a FLIPR384 (Molecular Devices, Sunnydale Calif.) for agonist activity.",CHEMBL3886589,Q14416,Metabotropic glutamate receptor 2,IC50,NC(=O)c1cc(-c2ccc(F)cc2)c2ccc(CN3CCCC(n4cncn4)C3)cc2n1,7.275724130399211
CHEMBL3974523,CHEMBL5137,Metabotropic glutamate receptor 2,IC50,=,38.0,nM,CHEMBL3888122,B,"Biological Assay: The utility of the compounds in accordance with the present invention as antagonists of metabotropic glutamate receptor activity, in particular mGluR2 activity, may be demonstrated by methodology known in the art. Antagonist constants are determined as follows. The compounds of the present invention were tested in a fluorescence laser imaging plate reader based assay. This assay is a common functional assay to monitor Ca2+ mobilization in whole cells expressing recombinant receptor coupled with a promiscuous G-protein. CHO dhfr- cells stably expressing recombinant human mGluR2 and Gα16 loaded with Fluo-4 AM (Invitrogen, Carlsbad Calif.) are treated with various concentrations of antagonists of compounds and the Ca2+ response is monitored on a FLIPR384 (Molecular Devices, Sunnydale Calif.) for agonist activity.",CHEMBL3886589,Q14416,Metabotropic glutamate receptor 2,IC50,NC(=O)c1cc(-c2ccc(F)cc2)c2ccc(CN3CCn4cc(C(F)(F)F)nc4C3)cc2n1,7.42021640338319
CHEMBL3912631,CHEMBL5137,Metabotropic glutamate receptor 2,IC50,=,381.0,nM,CHEMBL3888122,B,"Biological Assay: The utility of the compounds in accordance with the present invention as antagonists of metabotropic glutamate receptor activity, in particular mGluR2 activity, may be demonstrated by methodology known in the art. Antagonist constants are determined as follows. The compounds of the present invention were tested in a fluorescence laser imaging plate reader based assay. This assay is a common functional assay to monitor Ca2+ mobilization in whole cells expressing recombinant receptor coupled with a promiscuous G-protein. CHO dhfr- cells stably expressing recombinant human mGluR2 and Gα16 loaded with Fluo-4 AM (Invitrogen, Carlsbad Calif.) are treated with various concentrations of antagonists of compounds and the Ca2+ response is monitored on a FLIPR384 (Molecular Devices, Sunnydale Calif.) for agonist activity.",CHEMBL3886589,Q14416,Metabotropic glutamate receptor 2,IC50,NC(=O)c1cc(-c2ccc(F)cc2)c2ccc(CN3CCC(N)CC3)cc2n1,6.41907502432438
CHEMBL3985872,CHEMBL5137,Metabotropic glutamate receptor 2,IC50,=,9.0,nM,CHEMBL3888122,B,"Biological Assay: The utility of the compounds in accordance with the present invention as antagonists of metabotropic glutamate receptor activity, in particular mGluR2 activity, may be demonstrated by methodology known in the art. Antagonist constants are determined as follows. The compounds of the present invention were tested in a fluorescence laser imaging plate reader based assay. This assay is a common functional assay to monitor Ca2+ mobilization in whole cells expressing recombinant receptor coupled with a promiscuous G-protein. CHO dhfr- cells stably expressing recombinant human mGluR2 and Gα16 loaded with Fluo-4 AM (Invitrogen, Carlsbad Calif.) are treated with various concentrations of antagonists of compounds and the Ca2+ response is monitored on a FLIPR384 (Molecular Devices, Sunnydale Calif.) for agonist activity.",CHEMBL3886589,Q14416,Metabotropic glutamate receptor 2,IC50,Cc1ncc(-c2cc(C(N)=O)nc3cc(CN4CCOC(C(F)(F)F)C4)ccc23)s1,8.045757490560675
CHEMBL3922743,CHEMBL5137,Metabotropic glutamate receptor 2,IC50,=,93.0,nM,CHEMBL3888122,B,"Biological Assay: The utility of the compounds in accordance with the present invention as antagonists of metabotropic glutamate receptor activity, in particular mGluR2 activity, may be demonstrated by methodology known in the art. Antagonist constants are determined as follows. The compounds of the present invention were tested in a fluorescence laser imaging plate reader based assay. This assay is a common functional assay to monitor Ca2+ mobilization in whole cells expressing recombinant receptor coupled with a promiscuous G-protein. CHO dhfr- cells stably expressing recombinant human mGluR2 and Gα16 loaded with Fluo-4 AM (Invitrogen, Carlsbad Calif.) are treated with various concentrations of antagonists of compounds and the Ca2+ response is monitored on a FLIPR384 (Molecular Devices, Sunnydale Calif.) for agonist activity.",CHEMBL3886589,Q14416,Metabotropic glutamate receptor 2,IC50,NC(=O)c1cc(-c2ccc(F)cc2)c2ccc(CN3CCC4(CCOC4)CC3)cc2n1,7.031517051446065
CHEMBL3894759,CHEMBL5137,Metabotropic glutamate receptor 2,IC50,=,25.0,nM,CHEMBL3888122,B,"Biological Assay: The utility of the compounds in accordance with the present invention as antagonists of metabotropic glutamate receptor activity, in particular mGluR2 activity, may be demonstrated by methodology known in the art. Antagonist constants are determined as follows. The compounds of the present invention were tested in a fluorescence laser imaging plate reader based assay. This assay is a common functional assay to monitor Ca2+ mobilization in whole cells expressing recombinant receptor coupled with a promiscuous G-protein. CHO dhfr- cells stably expressing recombinant human mGluR2 and Gα16 loaded with Fluo-4 AM (Invitrogen, Carlsbad Calif.) are treated with various concentrations of antagonists of compounds and the Ca2+ response is monitored on a FLIPR384 (Molecular Devices, Sunnydale Calif.) for agonist activity.",CHEMBL3886589,Q14416,Metabotropic glutamate receptor 2,IC50,Cn1cc(-c2cc(C(N)=O)nc3cc(CN4CCO[C@H](C(F)(F)F)C4)ccc23)cn1,7.6020599913279625
CHEMBL4109210,CHEMBL5137,Metabotropic glutamate receptor 2,IC50,=,12.0,nM,CHEMBL3888122,B,"Biological Assay: The utility of the compounds in accordance with the present invention as antagonists of metabotropic glutamate receptor activity, in particular mGluR2 activity, may be demonstrated by methodology known in the art. Antagonist constants are determined as follows. The compounds of the present invention were tested in a fluorescence laser imaging plate reader based assay. This assay is a common functional assay to monitor Ca2+ mobilization in whole cells expressing recombinant receptor coupled with a promiscuous G-protein. CHO dhfr- cells stably expressing recombinant human mGluR2 and Gα16 loaded with Fluo-4 AM (Invitrogen, Carlsbad Calif.) are treated with various concentrations of antagonists of compounds and the Ca2+ response is monitored on a FLIPR384 (Molecular Devices, Sunnydale Calif.) for agonist activity.",CHEMBL3886589,Q14416,Metabotropic glutamate receptor 2,IC50,Cn1cc(-c2cc(C(N)=O)nc3cc(CN4CCO[C@@H](C(F)(F)F)C4)ccc23)cn1,7.920818753952375
CHEMBL3890866,CHEMBL5137,Metabotropic glutamate receptor 2,IC50,=,33.0,nM,CHEMBL3888122,B,"Biological Assay: The utility of the compounds in accordance with the present invention as antagonists of metabotropic glutamate receptor activity, in particular mGluR2 activity, may be demonstrated by methodology known in the art. Antagonist constants are determined as follows. The compounds of the present invention were tested in a fluorescence laser imaging plate reader based assay. This assay is a common functional assay to monitor Ca2+ mobilization in whole cells expressing recombinant receptor coupled with a promiscuous G-protein. CHO dhfr- cells stably expressing recombinant human mGluR2 and Gα16 loaded with Fluo-4 AM (Invitrogen, Carlsbad Calif.) are treated with various concentrations of antagonists of compounds and the Ca2+ response is monitored on a FLIPR384 (Molecular Devices, Sunnydale Calif.) for agonist activity.",CHEMBL3886589,Q14416,Metabotropic glutamate receptor 2,IC50,COc1ncc(-c2cc(C(N)=O)nc3cc(CN4CCOC(C(F)(F)F)C4)ccc23)s1,7.481486060122112
CHEMBL3923360,CHEMBL5137,Metabotropic glutamate receptor 2,IC50,=,88.0,nM,CHEMBL3888122,B,"Biological Assay: The utility of the compounds in accordance with the present invention as antagonists of metabotropic glutamate receptor activity, in particular mGluR2 activity, may be demonstrated by methodology known in the art. Antagonist constants are determined as follows. The compounds of the present invention were tested in a fluorescence laser imaging plate reader based assay. This assay is a common functional assay to monitor Ca2+ mobilization in whole cells expressing recombinant receptor coupled with a promiscuous G-protein. CHO dhfr- cells stably expressing recombinant human mGluR2 and Gα16 loaded with Fluo-4 AM (Invitrogen, Carlsbad Calif.) are treated with various concentrations of antagonists of compounds and the Ca2+ response is monitored on a FLIPR384 (Molecular Devices, Sunnydale Calif.) for agonist activity.",CHEMBL3886589,Q14416,Metabotropic glutamate receptor 2,IC50,Cn1cc(-c2cc(C(N)=O)nc3cc(CN4CCOC(C)(C)C4)ccc23)cn1,7.055517327849831
CHEMBL3951081,CHEMBL5137,Metabotropic glutamate receptor 2,IC50,=,237.0,nM,CHEMBL3888122,B,"Biological Assay: The utility of the compounds in accordance with the present invention as antagonists of metabotropic glutamate receptor activity, in particular mGluR2 activity, may be demonstrated by methodology known in the art. Antagonist constants are determined as follows. The compounds of the present invention were tested in a fluorescence laser imaging plate reader based assay. This assay is a common functional assay to monitor Ca2+ mobilization in whole cells expressing recombinant receptor coupled with a promiscuous G-protein. CHO dhfr- cells stably expressing recombinant human mGluR2 and Gα16 loaded with Fluo-4 AM (Invitrogen, Carlsbad Calif.) are treated with various concentrations of antagonists of compounds and the Ca2+ response is monitored on a FLIPR384 (Molecular Devices, Sunnydale Calif.) for agonist activity.",CHEMBL3886589,Q14416,Metabotropic glutamate receptor 2,IC50,Cn1cc(-c2cc(C(N)=O)nc3cc(CN4CCOCC4(C)C)ccc23)cn1,6.625251653989896
CHEMBL3979211,CHEMBL5137,Metabotropic glutamate receptor 2,IC50,=,163.0,nM,CHEMBL3888122,B,"Biological Assay: The utility of the compounds in accordance with the present invention as antagonists of metabotropic glutamate receptor activity, in particular mGluR2 activity, may be demonstrated by methodology known in the art. Antagonist constants are determined as follows. The compounds of the present invention were tested in a fluorescence laser imaging plate reader based assay. This assay is a common functional assay to monitor Ca2+ mobilization in whole cells expressing recombinant receptor coupled with a promiscuous G-protein. CHO dhfr- cells stably expressing recombinant human mGluR2 and Gα16 loaded with Fluo-4 AM (Invitrogen, Carlsbad Calif.) are treated with various concentrations of antagonists of compounds and the Ca2+ response is monitored on a FLIPR384 (Molecular Devices, Sunnydale Calif.) for agonist activity.",CHEMBL3886589,Q14416,Metabotropic glutamate receptor 2,IC50,COCC1CN(Cc2ccc3c(-c4cnn(C)c4)cc(C(N)=O)nc3c2)CCO1,6.787812395596042
CHEMBL3905282,CHEMBL5137,Metabotropic glutamate receptor 2,IC50,=,394.0,nM,CHEMBL3888122,B,"Biological Assay: The utility of the compounds in accordance with the present invention as antagonists of metabotropic glutamate receptor activity, in particular mGluR2 activity, may be demonstrated by methodology known in the art. Antagonist constants are determined as follows. The compounds of the present invention were tested in a fluorescence laser imaging plate reader based assay. This assay is a common functional assay to monitor Ca2+ mobilization in whole cells expressing recombinant receptor coupled with a promiscuous G-protein. CHO dhfr- cells stably expressing recombinant human mGluR2 and Gα16 loaded with Fluo-4 AM (Invitrogen, Carlsbad Calif.) are treated with various concentrations of antagonists of compounds and the Ca2+ response is monitored on a FLIPR384 (Molecular Devices, Sunnydale Calif.) for agonist activity.",CHEMBL3886589,Q14416,Metabotropic glutamate receptor 2,IC50,C[C@H]1COCCN1Cc1ccc2c(-c3cnn(C)c3)cc(C(N)=O)nc2c1,6.404503778174426
CHEMBL4106809,CHEMBL5137,Metabotropic glutamate receptor 2,IC50,=,196.0,nM,CHEMBL3888122,B,"Biological Assay: The utility of the compounds in accordance with the present invention as antagonists of metabotropic glutamate receptor activity, in particular mGluR2 activity, may be demonstrated by methodology known in the art. Antagonist constants are determined as follows. The compounds of the present invention were tested in a fluorescence laser imaging plate reader based assay. This assay is a common functional assay to monitor Ca2+ mobilization in whole cells expressing recombinant receptor coupled with a promiscuous G-protein. CHO dhfr- cells stably expressing recombinant human mGluR2 and Gα16 loaded with Fluo-4 AM (Invitrogen, Carlsbad Calif.) are treated with various concentrations of antagonists of compounds and the Ca2+ response is monitored on a FLIPR384 (Molecular Devices, Sunnydale Calif.) for agonist activity.",CHEMBL3886589,Q14416,Metabotropic glutamate receptor 2,IC50,C[C@@H]1COCCN1Cc1ccc2c(-c3cnn(C)c3)cc(C(N)=O)nc2c1,6.707743928643524
CHEMBL4114982,CHEMBL5137,Metabotropic glutamate receptor 2,IC50,=,166.0,nM,CHEMBL3888122,B,"Biological Assay: The utility of the compounds in accordance with the present invention as antagonists of metabotropic glutamate receptor activity, in particular mGluR2 activity, may be demonstrated by methodology known in the art. Antagonist constants are determined as follows. The compounds of the present invention were tested in a fluorescence laser imaging plate reader based assay. This assay is a common functional assay to monitor Ca2+ mobilization in whole cells expressing recombinant receptor coupled with a promiscuous G-protein. CHO dhfr- cells stably expressing recombinant human mGluR2 and Gα16 loaded with Fluo-4 AM (Invitrogen, Carlsbad Calif.) are treated with various concentrations of antagonists of compounds and the Ca2+ response is monitored on a FLIPR384 (Molecular Devices, Sunnydale Calif.) for agonist activity.",CHEMBL3886589,Q14416,Metabotropic glutamate receptor 2,IC50,C[C@@H]1CN(Cc2ccc3c(-c4cnn(C)c4)cc(C(N)=O)nc3c2)CCO1,6.779891911959945
CHEMBL3896344,CHEMBL5137,Metabotropic glutamate receptor 2,IC50,=,252.0,nM,CHEMBL3888122,B,"Biological Assay: The utility of the compounds in accordance with the present invention as antagonists of metabotropic glutamate receptor activity, in particular mGluR2 activity, may be demonstrated by methodology known in the art. Antagonist constants are determined as follows. The compounds of the present invention were tested in a fluorescence laser imaging plate reader based assay. This assay is a common functional assay to monitor Ca2+ mobilization in whole cells expressing recombinant receptor coupled with a promiscuous G-protein. CHO dhfr- cells stably expressing recombinant human mGluR2 and Gα16 loaded with Fluo-4 AM (Invitrogen, Carlsbad Calif.) are treated with various concentrations of antagonists of compounds and the Ca2+ response is monitored on a FLIPR384 (Molecular Devices, Sunnydale Calif.) for agonist activity.",CHEMBL3886589,Q14416,Metabotropic glutamate receptor 2,IC50,C[C@H]1CN(Cc2ccc3c(-c4cnn(C)c4)cc(C(N)=O)nc3c2)CCO1,6.598599459218455
CHEMBL4107449,CHEMBL5137,Metabotropic glutamate receptor 2,IC50,=,46.0,nM,CHEMBL3888122,B,"Biological Assay: The utility of the compounds in accordance with the present invention as antagonists of metabotropic glutamate receptor activity, in particular mGluR2 activity, may be demonstrated by methodology known in the art. Antagonist constants are determined as follows. The compounds of the present invention were tested in a fluorescence laser imaging plate reader based assay. This assay is a common functional assay to monitor Ca2+ mobilization in whole cells expressing recombinant receptor coupled with a promiscuous G-protein. CHO dhfr- cells stably expressing recombinant human mGluR2 and Gα16 loaded with Fluo-4 AM (Invitrogen, Carlsbad Calif.) are treated with various concentrations of antagonists of compounds and the Ca2+ response is monitored on a FLIPR384 (Molecular Devices, Sunnydale Calif.) for agonist activity.",CHEMBL3886589,Q14416,Metabotropic glutamate receptor 2,IC50,C[C@@H]1COC[C@@H](C)N1Cc1ccc2c(-c3cnn(C)c3)cc(C(N)=O)nc2c1,7.337242168318426
CHEMBL3903111,CHEMBL5137,Metabotropic glutamate receptor 2,IC50,=,73.0,nM,CHEMBL3888122,B,"Biological Assay: The utility of the compounds in accordance with the present invention as antagonists of metabotropic glutamate receptor activity, in particular mGluR2 activity, may be demonstrated by methodology known in the art. Antagonist constants are determined as follows. The compounds of the present invention were tested in a fluorescence laser imaging plate reader based assay. This assay is a common functional assay to monitor Ca2+ mobilization in whole cells expressing recombinant receptor coupled with a promiscuous G-protein. CHO dhfr- cells stably expressing recombinant human mGluR2 and Gα16 loaded with Fluo-4 AM (Invitrogen, Carlsbad Calif.) are treated with various concentrations of antagonists of compounds and the Ca2+ response is monitored on a FLIPR384 (Molecular Devices, Sunnydale Calif.) for agonist activity.",CHEMBL3886589,Q14416,Metabotropic glutamate receptor 2,IC50,CC(C)CC1COCCN1Cc1ccc2c(-c3cnn(C)c3)cc(C(N)=O)nc2c1,7.136677139879544
CHEMBL3936318,CHEMBL5137,Metabotropic glutamate receptor 2,IC50,=,17.0,nM,CHEMBL3888122,B,"Biological Assay: The utility of the compounds in accordance with the present invention as antagonists of metabotropic glutamate receptor activity, in particular mGluR2 activity, may be demonstrated by methodology known in the art. Antagonist constants are determined as follows. The compounds of the present invention were tested in a fluorescence laser imaging plate reader based assay. This assay is a common functional assay to monitor Ca2+ mobilization in whole cells expressing recombinant receptor coupled with a promiscuous G-protein. CHO dhfr- cells stably expressing recombinant human mGluR2 and Gα16 loaded with Fluo-4 AM (Invitrogen, Carlsbad Calif.) are treated with various concentrations of antagonists of compounds and the Ca2+ response is monitored on a FLIPR384 (Molecular Devices, Sunnydale Calif.) for agonist activity.",CHEMBL3886589,Q14416,Metabotropic glutamate receptor 2,IC50,C[C@H]1CN(Cc2ccc3c(-c4cnn(C)c4)cc(C(N)=O)nc3c2)C[C@@H](C(F)(F)F)O1,7.769551078621726
CHEMBL4113348,CHEMBL5137,Metabotropic glutamate receptor 2,IC50,=,16.0,nM,CHEMBL3888122,B,"Biological Assay: The utility of the compounds in accordance with the present invention as antagonists of metabotropic glutamate receptor activity, in particular mGluR2 activity, may be demonstrated by methodology known in the art. Antagonist constants are determined as follows. The compounds of the present invention were tested in a fluorescence laser imaging plate reader based assay. This assay is a common functional assay to monitor Ca2+ mobilization in whole cells expressing recombinant receptor coupled with a promiscuous G-protein. CHO dhfr- cells stably expressing recombinant human mGluR2 and Gα16 loaded with Fluo-4 AM (Invitrogen, Carlsbad Calif.) are treated with various concentrations of antagonists of compounds and the Ca2+ response is monitored on a FLIPR384 (Molecular Devices, Sunnydale Calif.) for agonist activity.",CHEMBL3886589,Q14416,Metabotropic glutamate receptor 2,IC50,C[C@@H]1CN(Cc2ccc3c(-c4cnn(C)c4)cc(C(N)=O)nc3c2)C[C@@H](C(F)(F)F)O1,7.795880017344075
CHEMBL3965612,CHEMBL5137,Metabotropic glutamate receptor 2,IC50,=,1153.0,nM,CHEMBL3888122,B,"Biological Assay: The utility of the compounds in accordance with the present invention as antagonists of metabotropic glutamate receptor activity, in particular mGluR2 activity, may be demonstrated by methodology known in the art. Antagonist constants are determined as follows. The compounds of the present invention were tested in a fluorescence laser imaging plate reader based assay. This assay is a common functional assay to monitor Ca2+ mobilization in whole cells expressing recombinant receptor coupled with a promiscuous G-protein. CHO dhfr- cells stably expressing recombinant human mGluR2 and Gα16 loaded with Fluo-4 AM (Invitrogen, Carlsbad Calif.) are treated with various concentrations of antagonists of compounds and the Ca2+ response is monitored on a FLIPR384 (Molecular Devices, Sunnydale Calif.) for agonist activity.",CHEMBL3886589,Q14416,Metabotropic glutamate receptor 2,IC50,NC(=O)c1cc(-c2cn[nH]c2)c2ccc(CN3CCOC(C(F)(F)F)C3)cc2n1,5.938170692705301
CHEMBL3986471,CHEMBL5137,Metabotropic glutamate receptor 2,IC50,=,149.0,nM,CHEMBL3888122,B,"Biological Assay: The utility of the compounds in accordance with the present invention as antagonists of metabotropic glutamate receptor activity, in particular mGluR2 activity, may be demonstrated by methodology known in the art. Antagonist constants are determined as follows. The compounds of the present invention were tested in a fluorescence laser imaging plate reader based assay. This assay is a common functional assay to monitor Ca2+ mobilization in whole cells expressing recombinant receptor coupled with a promiscuous G-protein. CHO dhfr- cells stably expressing recombinant human mGluR2 and Gα16 loaded with Fluo-4 AM (Invitrogen, Carlsbad Calif.) are treated with various concentrations of antagonists of compounds and the Ca2+ response is monitored on a FLIPR384 (Molecular Devices, Sunnydale Calif.) for agonist activity.",CHEMBL3886589,Q14416,Metabotropic glutamate receptor 2,IC50,Cn1cc(-c2cc(C(N)=O)nc3cc(CN4CCC(F)CC4)ccc23)cn1,6.826813731587726
CHEMBL3954377,CHEMBL5137,Metabotropic glutamate receptor 2,IC50,=,46.0,nM,CHEMBL3888122,B,"Biological Assay: The utility of the compounds in accordance with the present invention as antagonists of metabotropic glutamate receptor activity, in particular mGluR2 activity, may be demonstrated by methodology known in the art. Antagonist constants are determined as follows. The compounds of the present invention were tested in a fluorescence laser imaging plate reader based assay. This assay is a common functional assay to monitor Ca2+ mobilization in whole cells expressing recombinant receptor coupled with a promiscuous G-protein. CHO dhfr- cells stably expressing recombinant human mGluR2 and Gα16 loaded with Fluo-4 AM (Invitrogen, Carlsbad Calif.) are treated with various concentrations of antagonists of compounds and the Ca2+ response is monitored on a FLIPR384 (Molecular Devices, Sunnydale Calif.) for agonist activity.",CHEMBL3886589,Q14416,Metabotropic glutamate receptor 2,IC50,Cn1cc(-c2cc(C(N)=O)nc3cc(CN4CCC(F)(F)CC4)ccc23)cn1,7.337242168318426
CHEMBL3978247,CHEMBL5137,Metabotropic glutamate receptor 2,IC50,=,114.0,nM,CHEMBL3888122,B,"Biological Assay: The utility of the compounds in accordance with the present invention as antagonists of metabotropic glutamate receptor activity, in particular mGluR2 activity, may be demonstrated by methodology known in the art. Antagonist constants are determined as follows. The compounds of the present invention were tested in a fluorescence laser imaging plate reader based assay. This assay is a common functional assay to monitor Ca2+ mobilization in whole cells expressing recombinant receptor coupled with a promiscuous G-protein. CHO dhfr- cells stably expressing recombinant human mGluR2 and Gα16 loaded with Fluo-4 AM (Invitrogen, Carlsbad Calif.) are treated with various concentrations of antagonists of compounds and the Ca2+ response is monitored on a FLIPR384 (Molecular Devices, Sunnydale Calif.) for agonist activity.",CHEMBL3886589,Q14416,Metabotropic glutamate receptor 2,IC50,Cn1cc(-c2cc(C(N)=O)nc3cc(CN4CCC(C(F)(F)F)CC4)ccc23)cn1,6.943095148663527
CHEMBL3949126,CHEMBL5137,Metabotropic glutamate receptor 2,IC50,=,25.0,nM,CHEMBL3888122,B,"Biological Assay: The utility of the compounds in accordance with the present invention as antagonists of metabotropic glutamate receptor activity, in particular mGluR2 activity, may be demonstrated by methodology known in the art. Antagonist constants are determined as follows. The compounds of the present invention were tested in a fluorescence laser imaging plate reader based assay. This assay is a common functional assay to monitor Ca2+ mobilization in whole cells expressing recombinant receptor coupled with a promiscuous G-protein. CHO dhfr- cells stably expressing recombinant human mGluR2 and Gα16 loaded with Fluo-4 AM (Invitrogen, Carlsbad Calif.) are treated with various concentrations of antagonists of compounds and the Ca2+ response is monitored on a FLIPR384 (Molecular Devices, Sunnydale Calif.) for agonist activity.",CHEMBL3886589,Q14416,Metabotropic glutamate receptor 2,IC50,Cn1cc(-c2cc(C(N)=O)nc3cc(CN4CCCC(C(F)(F)F)C4)ccc23)cn1,7.6020599913279625
CHEMBL3929361,CHEMBL5137,Metabotropic glutamate receptor 2,IC50,=,243.0,nM,CHEMBL3888122,B,"Biological Assay: The utility of the compounds in accordance with the present invention as antagonists of metabotropic glutamate receptor activity, in particular mGluR2 activity, may be demonstrated by methodology known in the art. Antagonist constants are determined as follows. The compounds of the present invention were tested in a fluorescence laser imaging plate reader based assay. This assay is a common functional assay to monitor Ca2+ mobilization in whole cells expressing recombinant receptor coupled with a promiscuous G-protein. CHO dhfr- cells stably expressing recombinant human mGluR2 and Gα16 loaded with Fluo-4 AM (Invitrogen, Carlsbad Calif.) are treated with various concentrations of antagonists of compounds and the Ca2+ response is monitored on a FLIPR384 (Molecular Devices, Sunnydale Calif.) for agonist activity.",CHEMBL3886589,Q14416,Metabotropic glutamate receptor 2,IC50,Cn1cc(-c2cc(C(N)=O)nc3cc(CN4CCCC(F)C4)ccc23)cn1,6.614393726401688
CHEMBL3942629,CHEMBL5137,Metabotropic glutamate receptor 2,IC50,=,30.0,nM,CHEMBL3888122,B,"Biological Assay: The utility of the compounds in accordance with the present invention as antagonists of metabotropic glutamate receptor activity, in particular mGluR2 activity, may be demonstrated by methodology known in the art. Antagonist constants are determined as follows. The compounds of the present invention were tested in a fluorescence laser imaging plate reader based assay. This assay is a common functional assay to monitor Ca2+ mobilization in whole cells expressing recombinant receptor coupled with a promiscuous G-protein. CHO dhfr- cells stably expressing recombinant human mGluR2 and Gα16 loaded with Fluo-4 AM (Invitrogen, Carlsbad Calif.) are treated with various concentrations of antagonists of compounds and the Ca2+ response is monitored on a FLIPR384 (Molecular Devices, Sunnydale Calif.) for agonist activity.",CHEMBL3886589,Q14416,Metabotropic glutamate receptor 2,IC50,Cn1cc(-c2cc(C(N)=O)nc3cc(CN4CCCC(F)(F)C4)ccc23)cn1,7.522878745280337
CHEMBL3912111,CHEMBL5137,Metabotropic glutamate receptor 2,IC50,=,91.0,nM,CHEMBL3888122,B,"Biological Assay: The utility of the compounds in accordance with the present invention as antagonists of metabotropic glutamate receptor activity, in particular mGluR2 activity, may be demonstrated by methodology known in the art. Antagonist constants are determined as follows. The compounds of the present invention were tested in a fluorescence laser imaging plate reader based assay. This assay is a common functional assay to monitor Ca2+ mobilization in whole cells expressing recombinant receptor coupled with a promiscuous G-protein. CHO dhfr- cells stably expressing recombinant human mGluR2 and Gα16 loaded with Fluo-4 AM (Invitrogen, Carlsbad Calif.) are treated with various concentrations of antagonists of compounds and the Ca2+ response is monitored on a FLIPR384 (Molecular Devices, Sunnydale Calif.) for agonist activity.",CHEMBL3886589,Q14416,Metabotropic glutamate receptor 2,IC50,CCc1ncc(-c2cc(C(N)=O)nc3cc(CN4CCOC(C(F)(F)F)C4)ccc23)s1,7.040958607678906
CHEMBL3971590,CHEMBL5137,Metabotropic glutamate receptor 2,IC50,=,1090.0,nM,CHEMBL3888122,B,"Biological Assay: The utility of the compounds in accordance with the present invention as antagonists of metabotropic glutamate receptor activity, in particular mGluR2 activity, may be demonstrated by methodology known in the art. Antagonist constants are determined as follows. The compounds of the present invention were tested in a fluorescence laser imaging plate reader based assay. This assay is a common functional assay to monitor Ca2+ mobilization in whole cells expressing recombinant receptor coupled with a promiscuous G-protein. CHO dhfr- cells stably expressing recombinant human mGluR2 and Gα16 loaded with Fluo-4 AM (Invitrogen, Carlsbad Calif.) are treated with various concentrations of antagonists of compounds and the Ca2+ response is monitored on a FLIPR384 (Molecular Devices, Sunnydale Calif.) for agonist activity.",CHEMBL3886589,Q14416,Metabotropic glutamate receptor 2,IC50,CC(C)c1ncc(-c2cc(C(N)=O)nc3cc(CN4CCOC(C(F)(F)F)C4)ccc23)s1,5.962573502059376
CHEMBL3947299,CHEMBL5137,Metabotropic glutamate receptor 2,IC50,=,261.0,nM,CHEMBL3888122,B,"Biological Assay: The utility of the compounds in accordance with the present invention as antagonists of metabotropic glutamate receptor activity, in particular mGluR2 activity, may be demonstrated by methodology known in the art. Antagonist constants are determined as follows. The compounds of the present invention were tested in a fluorescence laser imaging plate reader based assay. This assay is a common functional assay to monitor Ca2+ mobilization in whole cells expressing recombinant receptor coupled with a promiscuous G-protein. CHO dhfr- cells stably expressing recombinant human mGluR2 and Gα16 loaded with Fluo-4 AM (Invitrogen, Carlsbad Calif.) are treated with various concentrations of antagonists of compounds and the Ca2+ response is monitored on a FLIPR384 (Molecular Devices, Sunnydale Calif.) for agonist activity.",CHEMBL3886589,Q14416,Metabotropic glutamate receptor 2,IC50,NC(=O)c1cc(-c2cnc(C3CC3)s2)c2ccc(CN3CCOC(C(F)(F)F)C3)cc2n1,6.583359492661719
CHEMBL3979694,CHEMBL5137,Metabotropic glutamate receptor 2,IC50,=,15.0,nM,CHEMBL3888122,B,"Biological Assay: The utility of the compounds in accordance with the present invention as antagonists of metabotropic glutamate receptor activity, in particular mGluR2 activity, may be demonstrated by methodology known in the art. Antagonist constants are determined as follows. The compounds of the present invention were tested in a fluorescence laser imaging plate reader based assay. This assay is a common functional assay to monitor Ca2+ mobilization in whole cells expressing recombinant receptor coupled with a promiscuous G-protein. CHO dhfr- cells stably expressing recombinant human mGluR2 and Gα16 loaded with Fluo-4 AM (Invitrogen, Carlsbad Calif.) are treated with various concentrations of antagonists of compounds and the Ca2+ response is monitored on a FLIPR384 (Molecular Devices, Sunnydale Calif.) for agonist activity.",CHEMBL3886589,Q14416,Metabotropic glutamate receptor 2,IC50,CCn1cc(-c2cc(C(N)=O)nc3cc(CN4CCOC(C(F)(F)F)C4)ccc23)cn1,7.823908740944319
CHEMBL3956019,CHEMBL5137,Metabotropic glutamate receptor 2,IC50,=,81.0,nM,CHEMBL3888122,B,"Biological Assay: The utility of the compounds in accordance with the present invention as antagonists of metabotropic glutamate receptor activity, in particular mGluR2 activity, may be demonstrated by methodology known in the art. Antagonist constants are determined as follows. The compounds of the present invention were tested in a fluorescence laser imaging plate reader based assay. This assay is a common functional assay to monitor Ca2+ mobilization in whole cells expressing recombinant receptor coupled with a promiscuous G-protein. CHO dhfr- cells stably expressing recombinant human mGluR2 and Gα16 loaded with Fluo-4 AM (Invitrogen, Carlsbad Calif.) are treated with various concentrations of antagonists of compounds and the Ca2+ response is monitored on a FLIPR384 (Molecular Devices, Sunnydale Calif.) for agonist activity.",CHEMBL3886589,Q14416,Metabotropic glutamate receptor 2,IC50,CC(C)n1cc(-c2cc(C(N)=O)nc3cc(CN4CCOC(C(F)(F)F)C4)ccc23)cn1,7.0915149811213505
CHEMBL3973004,CHEMBL5137,Metabotropic glutamate receptor 2,IC50,=,159.0,nM,CHEMBL3888122,B,"Biological Assay: The utility of the compounds in accordance with the present invention as antagonists of metabotropic glutamate receptor activity, in particular mGluR2 activity, may be demonstrated by methodology known in the art. Antagonist constants are determined as follows. The compounds of the present invention were tested in a fluorescence laser imaging plate reader based assay. This assay is a common functional assay to monitor Ca2+ mobilization in whole cells expressing recombinant receptor coupled with a promiscuous G-protein. CHO dhfr- cells stably expressing recombinant human mGluR2 and Gα16 loaded with Fluo-4 AM (Invitrogen, Carlsbad Calif.) are treated with various concentrations of antagonists of compounds and the Ca2+ response is monitored on a FLIPR384 (Molecular Devices, Sunnydale Calif.) for agonist activity.",CHEMBL3886589,Q14416,Metabotropic glutamate receptor 2,IC50,NC(=O)c1cc(-c2cnn(CC(F)(F)F)c2)c2ccc(CN3CCOC(C(F)(F)F)C3)cc2n1,6.798602875679549
CHEMBL3970507,CHEMBL5137,Metabotropic glutamate receptor 2,IC50,=,15.0,nM,CHEMBL3888122,B,"Biological Assay: The utility of the compounds in accordance with the present invention as antagonists of metabotropic glutamate receptor activity, in particular mGluR2 activity, may be demonstrated by methodology known in the art. Antagonist constants are determined as follows. The compounds of the present invention were tested in a fluorescence laser imaging plate reader based assay. This assay is a common functional assay to monitor Ca2+ mobilization in whole cells expressing recombinant receptor coupled with a promiscuous G-protein. CHO dhfr- cells stably expressing recombinant human mGluR2 and Gα16 loaded with Fluo-4 AM (Invitrogen, Carlsbad Calif.) are treated with various concentrations of antagonists of compounds and the Ca2+ response is monitored on a FLIPR384 (Molecular Devices, Sunnydale Calif.) for agonist activity.",CHEMBL3886589,Q14416,Metabotropic glutamate receptor 2,IC50,NC(=O)c1cc(-c2cnn(CF)c2)c2ccc(CN3CCOC(C(F)(F)F)C3)cc2n1,7.823908740944319
CHEMBL3895854,CHEMBL5137,Metabotropic glutamate receptor 2,IC50,=,1629.0,nM,CHEMBL3888122,B,"Biological Assay: The utility of the compounds in accordance with the present invention as antagonists of metabotropic glutamate receptor activity, in particular mGluR2 activity, may be demonstrated by methodology known in the art. Antagonist constants are determined as follows. The compounds of the present invention were tested in a fluorescence laser imaging plate reader based assay. This assay is a common functional assay to monitor Ca2+ mobilization in whole cells expressing recombinant receptor coupled with a promiscuous G-protein. CHO dhfr- cells stably expressing recombinant human mGluR2 and Gα16 loaded with Fluo-4 AM (Invitrogen, Carlsbad Calif.) are treated with various concentrations of antagonists of compounds and the Ca2+ response is monitored on a FLIPR384 (Molecular Devices, Sunnydale Calif.) for agonist activity.",CHEMBL3886589,Q14416,Metabotropic glutamate receptor 2,IC50,Cc1ncc(-c2cc(C(N)=O)nc3cc(CN4CCOC(C(F)(F)F)C4)ccc23)o1,5.788078915691491
CHEMBL3978791,CHEMBL5137,Metabotropic glutamate receptor 2,IC50,=,188.0,nM,CHEMBL3888122,B,"Biological Assay: The utility of the compounds in accordance with the present invention as antagonists of metabotropic glutamate receptor activity, in particular mGluR2 activity, may be demonstrated by methodology known in the art. Antagonist constants are determined as follows. The compounds of the present invention were tested in a fluorescence laser imaging plate reader based assay. This assay is a common functional assay to monitor Ca2+ mobilization in whole cells expressing recombinant receptor coupled with a promiscuous G-protein. CHO dhfr- cells stably expressing recombinant human mGluR2 and Gα16 loaded with Fluo-4 AM (Invitrogen, Carlsbad Calif.) are treated with various concentrations of antagonists of compounds and the Ca2+ response is monitored on a FLIPR384 (Molecular Devices, Sunnydale Calif.) for agonist activity.",CHEMBL3886589,Q14416,Metabotropic glutamate receptor 2,IC50,NC(=O)c1cc(-c2cnn(C3CC3)c2)c2ccc(CN3CCOC(C(F)(F)F)C3)cc2n1,6.7258421507363195
CHEMBL4106872,CHEMBL5137,Metabotropic glutamate receptor 2,IC50,=,513.0,nM,CHEMBL3888122,B,"Biological Assay: The utility of the compounds in accordance with the present invention as antagonists of metabotropic glutamate receptor activity, in particular mGluR2 activity, may be demonstrated by methodology known in the art. Antagonist constants are determined as follows. The compounds of the present invention were tested in a fluorescence laser imaging plate reader based assay. This assay is a common functional assay to monitor Ca2+ mobilization in whole cells expressing recombinant receptor coupled with a promiscuous G-protein. CHO dhfr- cells stably expressing recombinant human mGluR2 and Gα16 loaded with Fluo-4 AM (Invitrogen, Carlsbad Calif.) are treated with various concentrations of antagonists of compounds and the Ca2+ response is monitored on a FLIPR384 (Molecular Devices, Sunnydale Calif.) for agonist activity.",CHEMBL3886589,Q14416,Metabotropic glutamate receptor 2,IC50,NC(=O)c1cc(-c2cn[nH]c2)c2ccc(CN3CCO[C@@H](C(F)(F)F)C3)cc2n1,6.289882634888183
CHEMBL3949371,CHEMBL5137,Metabotropic glutamate receptor 2,IC50,=,11.0,nM,CHEMBL3888122,B,"Biological Assay: The utility of the compounds in accordance with the present invention as antagonists of metabotropic glutamate receptor activity, in particular mGluR2 activity, may be demonstrated by methodology known in the art. Antagonist constants are determined as follows. The compounds of the present invention were tested in a fluorescence laser imaging plate reader based assay. This assay is a common functional assay to monitor Ca2+ mobilization in whole cells expressing recombinant receptor coupled with a promiscuous G-protein. CHO dhfr- cells stably expressing recombinant human mGluR2 and Gα16 loaded with Fluo-4 AM (Invitrogen, Carlsbad Calif.) are treated with various concentrations of antagonists of compounds and the Ca2+ response is monitored on a FLIPR384 (Molecular Devices, Sunnydale Calif.) for agonist activity.",CHEMBL3886589,Q14416,Metabotropic glutamate receptor 2,IC50,NC(=O)c1cc(-c2cnn(C(F)F)c2)c2ccc(CN3CCOC(C(F)(F)F)C3)cc2n1,7.958607314841775
CHEMBL3921588,CHEMBL5137,Metabotropic glutamate receptor 2,IC50,=,15.0,nM,CHEMBL3888122,B,"Biological Assay: The utility of the compounds in accordance with the present invention as antagonists of metabotropic glutamate receptor activity, in particular mGluR2 activity, may be demonstrated by methodology known in the art. Antagonist constants are determined as follows. The compounds of the present invention were tested in a fluorescence laser imaging plate reader based assay. This assay is a common functional assay to monitor Ca2+ mobilization in whole cells expressing recombinant receptor coupled with a promiscuous G-protein. CHO dhfr- cells stably expressing recombinant human mGluR2 and Gα16 loaded with Fluo-4 AM (Invitrogen, Carlsbad Calif.) are treated with various concentrations of antagonists of compounds and the Ca2+ response is monitored on a FLIPR384 (Molecular Devices, Sunnydale Calif.) for agonist activity.",CHEMBL3886589,Q14416,Metabotropic glutamate receptor 2,IC50,NC(=O)c1cc(-c2cnn(CF)c2)c2ccc(CN3CCO[C@H](C(F)(F)F)C3)cc2n1,7.823908740944319
CHEMBL4109555,CHEMBL5137,Metabotropic glutamate receptor 2,IC50,=,9.0,nM,CHEMBL3888122,B,"Biological Assay: The utility of the compounds in accordance with the present invention as antagonists of metabotropic glutamate receptor activity, in particular mGluR2 activity, may be demonstrated by methodology known in the art. Antagonist constants are determined as follows. The compounds of the present invention were tested in a fluorescence laser imaging plate reader based assay. This assay is a common functional assay to monitor Ca2+ mobilization in whole cells expressing recombinant receptor coupled with a promiscuous G-protein. CHO dhfr- cells stably expressing recombinant human mGluR2 and Gα16 loaded with Fluo-4 AM (Invitrogen, Carlsbad Calif.) are treated with various concentrations of antagonists of compounds and the Ca2+ response is monitored on a FLIPR384 (Molecular Devices, Sunnydale Calif.) for agonist activity.",CHEMBL3886589,Q14416,Metabotropic glutamate receptor 2,IC50,NC(=O)c1cc(-c2cnn(CF)c2)c2ccc(CN3CCO[C@@H](C(F)(F)F)C3)cc2n1,8.045757490560675
CHEMBL3935453,CHEMBL5137,Metabotropic glutamate receptor 2,IC50,=,14.0,nM,CHEMBL3888122,B,"Biological Assay: The utility of the compounds in accordance with the present invention as antagonists of metabotropic glutamate receptor activity, in particular mGluR2 activity, may be demonstrated by methodology known in the art. Antagonist constants are determined as follows. The compounds of the present invention were tested in a fluorescence laser imaging plate reader based assay. This assay is a common functional assay to monitor Ca2+ mobilization in whole cells expressing recombinant receptor coupled with a promiscuous G-protein. CHO dhfr- cells stably expressing recombinant human mGluR2 and Gα16 loaded with Fluo-4 AM (Invitrogen, Carlsbad Calif.) are treated with various concentrations of antagonists of compounds and the Ca2+ response is monitored on a FLIPR384 (Molecular Devices, Sunnydale Calif.) for agonist activity.",CHEMBL3886589,Q14416,Metabotropic glutamate receptor 2,IC50,NC(=O)c1cc(-c2ccc(F)cc2)c2ccc(CN3CCNC(C(F)(F)F)C3)cc2n1,7.853871964321762
CHEMBL3935453,CHEMBL5137,Metabotropic glutamate receptor 2,IC50,=,14.0,nM,CHEMBL3888122,B,"Biological Assay: The utility of the compounds in accordance with the present invention as antagonists of metabotropic glutamate receptor activity, in particular mGluR2 activity, may be demonstrated by methodology known in the art. Antagonist constants are determined as follows. The compounds of the present invention were tested in a fluorescence laser imaging plate reader based assay. This assay is a common functional assay to monitor Ca2+ mobilization in whole cells expressing recombinant receptor coupled with a promiscuous G-protein. CHO dhfr- cells stably expressing recombinant human mGluR2 and Gα16 loaded with Fluo-4 AM (Invitrogen, Carlsbad Calif.) are treated with various concentrations of antagonists of compounds and the Ca2+ response is monitored on a FLIPR384 (Molecular Devices, Sunnydale Calif.) for agonist activity.",CHEMBL3886589,Q14416,Metabotropic glutamate receptor 2,IC50,NC(=O)c1cc(-c2ccc(F)cc2)c2ccc(CN3CCNC(C(F)(F)F)C3)cc2n1,7.853871964321762
CHEMBL3907125,CHEMBL5137,Metabotropic glutamate receptor 2,IC50,=,235.0,nM,CHEMBL3888122,B,"Biological Assay: The utility of the compounds in accordance with the present invention as antagonists of metabotropic glutamate receptor activity, in particular mGluR2 activity, may be demonstrated by methodology known in the art. Antagonist constants are determined as follows. The compounds of the present invention were tested in a fluorescence laser imaging plate reader based assay. This assay is a common functional assay to monitor Ca2+ mobilization in whole cells expressing recombinant receptor coupled with a promiscuous G-protein. CHO dhfr- cells stably expressing recombinant human mGluR2 and Gα16 loaded with Fluo-4 AM (Invitrogen, Carlsbad Calif.) are treated with various concentrations of antagonists of compounds and the Ca2+ response is monitored on a FLIPR384 (Molecular Devices, Sunnydale Calif.) for agonist activity.",CHEMBL3886589,Q14416,Metabotropic glutamate receptor 2,IC50,NC(=O)c1cc(-c2ccc(F)cc2)c2ccc(CN3CCNCC3C(F)(F)F)cc2n1,6.628932137728263
CHEMBL4110317,CHEMBL5137,Metabotropic glutamate receptor 2,IC50,=,8.0,nM,CHEMBL3888122,B,"Biological Assay: The utility of the compounds in accordance with the present invention as antagonists of metabotropic glutamate receptor activity, in particular mGluR2 activity, may be demonstrated by methodology known in the art. Antagonist constants are determined as follows. The compounds of the present invention were tested in a fluorescence laser imaging plate reader based assay. This assay is a common functional assay to monitor Ca2+ mobilization in whole cells expressing recombinant receptor coupled with a promiscuous G-protein. CHO dhfr- cells stably expressing recombinant human mGluR2 and Gα16 loaded with Fluo-4 AM (Invitrogen, Carlsbad Calif.) are treated with various concentrations of antagonists of compounds and the Ca2+ response is monitored on a FLIPR384 (Molecular Devices, Sunnydale Calif.) for agonist activity.",CHEMBL3886589,Q14416,Metabotropic glutamate receptor 2,IC50,C[C@@H]1CO[C@@H](C(F)(F)F)CN1Cc1ccc2c(-c3cnn(C)c3)cc(C(N)=O)nc2c1,8.096910013008056
CHEMBL3912615,CHEMBL5137,Metabotropic glutamate receptor 2,IC50,=,8.0,nM,CHEMBL3888122,B,"Biological Assay: The utility of the compounds in accordance with the present invention as antagonists of metabotropic glutamate receptor activity, in particular mGluR2 activity, may be demonstrated by methodology known in the art. Antagonist constants are determined as follows. The compounds of the present invention were tested in a fluorescence laser imaging plate reader based assay. This assay is a common functional assay to monitor Ca2+ mobilization in whole cells expressing recombinant receptor coupled with a promiscuous G-protein. CHO dhfr- cells stably expressing recombinant human mGluR2 and Gα16 loaded with Fluo-4 AM (Invitrogen, Carlsbad Calif.) are treated with various concentrations of antagonists of compounds and the Ca2+ response is monitored on a FLIPR384 (Molecular Devices, Sunnydale Calif.) for agonist activity.",CHEMBL3886589,Q14416,Metabotropic glutamate receptor 2,IC50,C[C@H]1CO[C@@H](C(F)(F)F)CN1Cc1ccc2c(-c3cnn(C)c3)cc(C(N)=O)nc2c1,8.096910013008056
CHEMBL3894162,CHEMBL5137,Metabotropic glutamate receptor 2,IC50,=,17.0,nM,CHEMBL3888122,B,"Biological Assay: The utility of the compounds in accordance with the present invention as antagonists of metabotropic glutamate receptor activity, in particular mGluR2 activity, may be demonstrated by methodology known in the art. Antagonist constants are determined as follows. The compounds of the present invention were tested in a fluorescence laser imaging plate reader based assay. This assay is a common functional assay to monitor Ca2+ mobilization in whole cells expressing recombinant receptor coupled with a promiscuous G-protein. CHO dhfr- cells stably expressing recombinant human mGluR2 and Gα16 loaded with Fluo-4 AM (Invitrogen, Carlsbad Calif.) are treated with various concentrations of antagonists of compounds and the Ca2+ response is monitored on a FLIPR384 (Molecular Devices, Sunnydale Calif.) for agonist activity.",CHEMBL3886589,Q14416,Metabotropic glutamate receptor 2,IC50,C[C@H]1CN(Cc2ccc3c(-c4cnn(C)c4)cc(C(N)=O)nc3c2)C[C@H](C(F)(F)F)O1,7.769551078621726
CHEMBL3985765,CHEMBL5137,Metabotropic glutamate receptor 2,IC50,=,66.0,nM,CHEMBL3888122,B,"Biological Assay: The utility of the compounds in accordance with the present invention as antagonists of metabotropic glutamate receptor activity, in particular mGluR2 activity, may be demonstrated by methodology known in the art. Antagonist constants are determined as follows. The compounds of the present invention were tested in a fluorescence laser imaging plate reader based assay. This assay is a common functional assay to monitor Ca2+ mobilization in whole cells expressing recombinant receptor coupled with a promiscuous G-protein. CHO dhfr- cells stably expressing recombinant human mGluR2 and Gα16 loaded with Fluo-4 AM (Invitrogen, Carlsbad Calif.) are treated with various concentrations of antagonists of compounds and the Ca2+ response is monitored on a FLIPR384 (Molecular Devices, Sunnydale Calif.) for agonist activity.",CHEMBL3886589,Q14416,Metabotropic glutamate receptor 2,IC50,CCN1CCN(Cc2ccc3c(-c4ccc(F)cc4)cc(C(N)=O)nc3c2)CC1C(F)(F)F,7.180456064458131
CHEMBL3930529,CHEMBL5137,Metabotropic glutamate receptor 2,IC50,=,63.0,nM,CHEMBL3888122,B,"Biological Assay: The utility of the compounds in accordance with the present invention as antagonists of metabotropic glutamate receptor activity, in particular mGluR2 activity, may be demonstrated by methodology known in the art. Antagonist constants are determined as follows. The compounds of the present invention were tested in a fluorescence laser imaging plate reader based assay. This assay is a common functional assay to monitor Ca2+ mobilization in whole cells expressing recombinant receptor coupled with a promiscuous G-protein. CHO dhfr- cells stably expressing recombinant human mGluR2 and Gα16 loaded with Fluo-4 AM (Invitrogen, Carlsbad Calif.) are treated with various concentrations of antagonists of compounds and the Ca2+ response is monitored on a FLIPR384 (Molecular Devices, Sunnydale Calif.) for agonist activity.",CHEMBL3886589,Q14416,Metabotropic glutamate receptor 2,IC50,CN1CCN(Cc2ccc3c(-c4ccc(F)cc4)cc(C(N)=O)nc3c2)CC1C(F)(F)F,7.200659450546418
CHEMBL4109697,CHEMBL5137,Metabotropic glutamate receptor 2,IC50,=,11.0,nM,CHEMBL3888122,B,"Biological Assay: The utility of the compounds in accordance with the present invention as antagonists of metabotropic glutamate receptor activity, in particular mGluR2 activity, may be demonstrated by methodology known in the art. Antagonist constants are determined as follows. The compounds of the present invention were tested in a fluorescence laser imaging plate reader based assay. This assay is a common functional assay to monitor Ca2+ mobilization in whole cells expressing recombinant receptor coupled with a promiscuous G-protein. CHO dhfr- cells stably expressing recombinant human mGluR2 and Gα16 loaded with Fluo-4 AM (Invitrogen, Carlsbad Calif.) are treated with various concentrations of antagonists of compounds and the Ca2+ response is monitored on a FLIPR384 (Molecular Devices, Sunnydale Calif.) for agonist activity.",CHEMBL3886589,Q14416,Metabotropic glutamate receptor 2,IC50,Cn1cc(-c2cc(C(N)=O)nc3cc(CN4C[C@H](C(F)(F)F)OC(C)(C)C4)ccc23)cn1,7.958607314841775
CHEMBL4106729,CHEMBL5137,Metabotropic glutamate receptor 2,IC50,=,8.0,nM,CHEMBL3888122,B,"Biological Assay: The utility of the compounds in accordance with the present invention as antagonists of metabotropic glutamate receptor activity, in particular mGluR2 activity, may be demonstrated by methodology known in the art. Antagonist constants are determined as follows. The compounds of the present invention were tested in a fluorescence laser imaging plate reader based assay. This assay is a common functional assay to monitor Ca2+ mobilization in whole cells expressing recombinant receptor coupled with a promiscuous G-protein. CHO dhfr- cells stably expressing recombinant human mGluR2 and Gα16 loaded with Fluo-4 AM (Invitrogen, Carlsbad Calif.) are treated with various concentrations of antagonists of compounds and the Ca2+ response is monitored on a FLIPR384 (Molecular Devices, Sunnydale Calif.) for agonist activity.",CHEMBL3886589,Q14416,Metabotropic glutamate receptor 2,IC50,Cn1cc(-c2cc(C(N)=O)nc3cc(CN4C[C@H](C(F)(F)F)OCC4(C)C)ccc23)cn1,8.096910013008056
CHEMBL4106552,CHEMBL5137,Metabotropic glutamate receptor 2,IC50,=,260.0,nM,CHEMBL3888122,B,"Biological Assay: The utility of the compounds in accordance with the present invention as antagonists of metabotropic glutamate receptor activity, in particular mGluR2 activity, may be demonstrated by methodology known in the art. Antagonist constants are determined as follows. The compounds of the present invention were tested in a fluorescence laser imaging plate reader based assay. This assay is a common functional assay to monitor Ca2+ mobilization in whole cells expressing recombinant receptor coupled with a promiscuous G-protein. CHO dhfr- cells stably expressing recombinant human mGluR2 and Gα16 loaded with Fluo-4 AM (Invitrogen, Carlsbad Calif.) are treated with various concentrations of antagonists of compounds and the Ca2+ response is monitored on a FLIPR384 (Molecular Devices, Sunnydale Calif.) for agonist activity.",CHEMBL3886589,Q14416,Metabotropic glutamate receptor 2,IC50,C[C@@H]1CN(Cc2ccc3c(-c4cn[nH]c4)cc(C(N)=O)nc3c2)C[C@H](C(F)(F)F)O1,6.585026652029182
CHEMBL3979288,CHEMBL5137,Metabotropic glutamate receptor 2,IC50,=,52.0,nM,CHEMBL3888122,B,"Biological Assay: The utility of the compounds in accordance with the present invention as antagonists of metabotropic glutamate receptor activity, in particular mGluR2 activity, may be demonstrated by methodology known in the art. Antagonist constants are determined as follows. The compounds of the present invention were tested in a fluorescence laser imaging plate reader based assay. This assay is a common functional assay to monitor Ca2+ mobilization in whole cells expressing recombinant receptor coupled with a promiscuous G-protein. CHO dhfr- cells stably expressing recombinant human mGluR2 and Gα16 loaded with Fluo-4 AM (Invitrogen, Carlsbad Calif.) are treated with various concentrations of antagonists of compounds and the Ca2+ response is monitored on a FLIPR384 (Molecular Devices, Sunnydale Calif.) for agonist activity.",CHEMBL3886589,Q14416,Metabotropic glutamate receptor 2,IC50,Cn1cc(-c2cc(C(N)=O)nc3cc(CN4CCOC(CC(F)(F)F)C4)ccc23)cn1,7.2839966563652006
CHEMBL3912490,CHEMBL5137,Metabotropic glutamate receptor 2,IC50,=,55.0,nM,CHEMBL3888122,B,"Biological Assay: The utility of the compounds in accordance with the present invention as antagonists of metabotropic glutamate receptor activity, in particular mGluR2 activity, may be demonstrated by methodology known in the art. Antagonist constants are determined as follows. The compounds of the present invention were tested in a fluorescence laser imaging plate reader based assay. This assay is a common functional assay to monitor Ca2+ mobilization in whole cells expressing recombinant receptor coupled with a promiscuous G-protein. CHO dhfr- cells stably expressing recombinant human mGluR2 and Gα16 loaded with Fluo-4 AM (Invitrogen, Carlsbad Calif.) are treated with various concentrations of antagonists of compounds and the Ca2+ response is monitored on a FLIPR384 (Molecular Devices, Sunnydale Calif.) for agonist activity.",CHEMBL3886589,Q14416,Metabotropic glutamate receptor 2,IC50,CCC1CN(Cc2ccc3c(-c4cnn(C)c4)cc(C(N)=O)nc3c2)CCO1,7.259637310505756
CHEMBL3974406,CHEMBL5137,Metabotropic glutamate receptor 2,IC50,=,24.0,nM,CHEMBL3888122,B,"Biological Assay: The utility of the compounds in accordance with the present invention as antagonists of metabotropic glutamate receptor activity, in particular mGluR2 activity, may be demonstrated by methodology known in the art. Antagonist constants are determined as follows. The compounds of the present invention were tested in a fluorescence laser imaging plate reader based assay. This assay is a common functional assay to monitor Ca2+ mobilization in whole cells expressing recombinant receptor coupled with a promiscuous G-protein. CHO dhfr- cells stably expressing recombinant human mGluR2 and Gα16 loaded with Fluo-4 AM (Invitrogen, Carlsbad Calif.) are treated with various concentrations of antagonists of compounds and the Ca2+ response is monitored on a FLIPR384 (Molecular Devices, Sunnydale Calif.) for agonist activity.",CHEMBL3886589,Q14416,Metabotropic glutamate receptor 2,IC50,CC(C)CC1CN(Cc2ccc3c(-c4cnn(C)c4)cc(C(N)=O)nc3c2)CCO1,7.619788758288394
CHEMBL4113710,CHEMBL5137,Metabotropic glutamate receptor 2,IC50,=,10.0,nM,CHEMBL3888122,B,"Biological Assay: The utility of the compounds in accordance with the present invention as antagonists of metabotropic glutamate receptor activity, in particular mGluR2 activity, may be demonstrated by methodology known in the art. Antagonist constants are determined as follows. The compounds of the present invention were tested in a fluorescence laser imaging plate reader based assay. This assay is a common functional assay to monitor Ca2+ mobilization in whole cells expressing recombinant receptor coupled with a promiscuous G-protein. CHO dhfr- cells stably expressing recombinant human mGluR2 and Gα16 loaded with Fluo-4 AM (Invitrogen, Carlsbad Calif.) are treated with various concentrations of antagonists of compounds and the Ca2+ response is monitored on a FLIPR384 (Molecular Devices, Sunnydale Calif.) for agonist activity.",CHEMBL3886589,Q14416,Metabotropic glutamate receptor 2,IC50,C[C@@H]1CNC(C(F)(F)F)CN1Cc1ccc2c(-c3ccc(F)cc3)cc(C(N)=O)nc2c1,8.0
CHEMBL4113710,CHEMBL5137,Metabotropic glutamate receptor 2,IC50,=,10.0,nM,CHEMBL3888122,B,"Biological Assay: The utility of the compounds in accordance with the present invention as antagonists of metabotropic glutamate receptor activity, in particular mGluR2 activity, may be demonstrated by methodology known in the art. Antagonist constants are determined as follows. The compounds of the present invention were tested in a fluorescence laser imaging plate reader based assay. This assay is a common functional assay to monitor Ca2+ mobilization in whole cells expressing recombinant receptor coupled with a promiscuous G-protein. CHO dhfr- cells stably expressing recombinant human mGluR2 and Gα16 loaded with Fluo-4 AM (Invitrogen, Carlsbad Calif.) are treated with various concentrations of antagonists of compounds and the Ca2+ response is monitored on a FLIPR384 (Molecular Devices, Sunnydale Calif.) for agonist activity.",CHEMBL3886589,Q14416,Metabotropic glutamate receptor 2,IC50,C[C@@H]1CNC(C(F)(F)F)CN1Cc1ccc2c(-c3ccc(F)cc3)cc(C(N)=O)nc2c1,8.0
CHEMBL4114602,CHEMBL5137,Metabotropic glutamate receptor 2,IC50,=,114.0,nM,CHEMBL3888122,B,"Biological Assay: The utility of the compounds in accordance with the present invention as antagonists of metabotropic glutamate receptor activity, in particular mGluR2 activity, may be demonstrated by methodology known in the art. Antagonist constants are determined as follows. The compounds of the present invention were tested in a fluorescence laser imaging plate reader based assay. This assay is a common functional assay to monitor Ca2+ mobilization in whole cells expressing recombinant receptor coupled with a promiscuous G-protein. CHO dhfr- cells stably expressing recombinant human mGluR2 and Gα16 loaded with Fluo-4 AM (Invitrogen, Carlsbad Calif.) are treated with various concentrations of antagonists of compounds and the Ca2+ response is monitored on a FLIPR384 (Molecular Devices, Sunnydale Calif.) for agonist activity.",CHEMBL3886589,Q14416,Metabotropic glutamate receptor 2,IC50,C[C@@H]1CN(Cc2ccc3c(-c4ccc(F)cc4)cc(C(N)=O)nc3c2)CCN1,6.943095148663527
CHEMBL3893351,CHEMBL5137,Metabotropic glutamate receptor 2,IC50,=,120.0,nM,CHEMBL3888122,B,"Biological Assay: The utility of the compounds in accordance with the present invention as antagonists of metabotropic glutamate receptor activity, in particular mGluR2 activity, may be demonstrated by methodology known in the art. Antagonist constants are determined as follows. The compounds of the present invention were tested in a fluorescence laser imaging plate reader based assay. This assay is a common functional assay to monitor Ca2+ mobilization in whole cells expressing recombinant receptor coupled with a promiscuous G-protein. CHO dhfr- cells stably expressing recombinant human mGluR2 and Gα16 loaded with Fluo-4 AM (Invitrogen, Carlsbad Calif.) are treated with various concentrations of antagonists of compounds and the Ca2+ response is monitored on a FLIPR384 (Molecular Devices, Sunnydale Calif.) for agonist activity.",CHEMBL3886589,Q14416,Metabotropic glutamate receptor 2,IC50,C[C@H]1CN(Cc2ccc3c(-c4ccc(F)cc4)cc(C(N)=O)nc3c2)CCN1,6.920818753952375
CHEMBL4114381,CHEMBL5137,Metabotropic glutamate receptor 2,IC50,=,172.0,nM,CHEMBL3888122,B,"Biological Assay: The utility of the compounds in accordance with the present invention as antagonists of metabotropic glutamate receptor activity, in particular mGluR2 activity, may be demonstrated by methodology known in the art. Antagonist constants are determined as follows. The compounds of the present invention were tested in a fluorescence laser imaging plate reader based assay. This assay is a common functional assay to monitor Ca2+ mobilization in whole cells expressing recombinant receptor coupled with a promiscuous G-protein. CHO dhfr- cells stably expressing recombinant human mGluR2 and Gα16 loaded with Fluo-4 AM (Invitrogen, Carlsbad Calif.) are treated with various concentrations of antagonists of compounds and the Ca2+ response is monitored on a FLIPR384 (Molecular Devices, Sunnydale Calif.) for agonist activity.",CHEMBL3886589,Q14416,Metabotropic glutamate receptor 2,IC50,NC(=O)c1cc(-c2ccc(F)cc2)c2ccc(CN3CCN4CCC[C@@H]4C3)cc2n1,6.764471553092451
CHEMBL3953648,CHEMBL5137,Metabotropic glutamate receptor 2,IC50,=,50.0,nM,CHEMBL3888122,B,"Biological Assay: The utility of the compounds in accordance with the present invention as antagonists of metabotropic glutamate receptor activity, in particular mGluR2 activity, may be demonstrated by methodology known in the art. Antagonist constants are determined as follows. The compounds of the present invention were tested in a fluorescence laser imaging plate reader based assay. This assay is a common functional assay to monitor Ca2+ mobilization in whole cells expressing recombinant receptor coupled with a promiscuous G-protein. CHO dhfr- cells stably expressing recombinant human mGluR2 and Gα16 loaded with Fluo-4 AM (Invitrogen, Carlsbad Calif.) are treated with various concentrations of antagonists of compounds and the Ca2+ response is monitored on a FLIPR384 (Molecular Devices, Sunnydale Calif.) for agonist activity.",CHEMBL3886589,Q14416,Metabotropic glutamate receptor 2,IC50,NC(=O)c1cc(-c2ccc(F)cc2)c2ccc(CN3CCNC(C(F)F)C3)cc2n1,7.301029995663981
CHEMBL3953648,CHEMBL5137,Metabotropic glutamate receptor 2,IC50,=,25.0,nM,CHEMBL3888122,B,"Biological Assay: The utility of the compounds in accordance with the present invention as antagonists of metabotropic glutamate receptor activity, in particular mGluR2 activity, may be demonstrated by methodology known in the art. Antagonist constants are determined as follows. The compounds of the present invention were tested in a fluorescence laser imaging plate reader based assay. This assay is a common functional assay to monitor Ca2+ mobilization in whole cells expressing recombinant receptor coupled with a promiscuous G-protein. CHO dhfr- cells stably expressing recombinant human mGluR2 and Gα16 loaded with Fluo-4 AM (Invitrogen, Carlsbad Calif.) are treated with various concentrations of antagonists of compounds and the Ca2+ response is monitored on a FLIPR384 (Molecular Devices, Sunnydale Calif.) for agonist activity.",CHEMBL3886589,Q14416,Metabotropic glutamate receptor 2,IC50,NC(=O)c1cc(-c2ccc(F)cc2)c2ccc(CN3CCNC(C(F)F)C3)cc2n1,7.6020599913279625
CHEMBL3921230,CHEMBL5137,Metabotropic glutamate receptor 2,IC50,=,161.0,nM,CHEMBL3888122,B,"Biological Assay: The utility of the compounds in accordance with the present invention as antagonists of metabotropic glutamate receptor activity, in particular mGluR2 activity, may be demonstrated by methodology known in the art. Antagonist constants are determined as follows. The compounds of the present invention were tested in a fluorescence laser imaging plate reader based assay. This assay is a common functional assay to monitor Ca2+ mobilization in whole cells expressing recombinant receptor coupled with a promiscuous G-protein. CHO dhfr- cells stably expressing recombinant human mGluR2 and Gα16 loaded with Fluo-4 AM (Invitrogen, Carlsbad Calif.) are treated with various concentrations of antagonists of compounds and the Ca2+ response is monitored on a FLIPR384 (Molecular Devices, Sunnydale Calif.) for agonist activity.",CHEMBL3886589,Q14416,Metabotropic glutamate receptor 2,IC50,CC(C)(C)C1CN(Cc2ccc3c(-c4ccc(F)cc4)cc(C(N)=O)nc3c2)CCN1,6.79317412396815
CHEMBL3895775,CHEMBL5137,Metabotropic glutamate receptor 2,IC50,=,116.0,nM,CHEMBL3888122,B,"Biological Assay: The utility of the compounds in accordance with the present invention as antagonists of metabotropic glutamate receptor activity, in particular mGluR2 activity, may be demonstrated by methodology known in the art. Antagonist constants are determined as follows. The compounds of the present invention were tested in a fluorescence laser imaging plate reader based assay. This assay is a common functional assay to monitor Ca2+ mobilization in whole cells expressing recombinant receptor coupled with a promiscuous G-protein. CHO dhfr- cells stably expressing recombinant human mGluR2 and Gα16 loaded with Fluo-4 AM (Invitrogen, Carlsbad Calif.) are treated with various concentrations of antagonists of compounds and the Ca2+ response is monitored on a FLIPR384 (Molecular Devices, Sunnydale Calif.) for agonist activity.",CHEMBL3886589,Q14416,Metabotropic glutamate receptor 2,IC50,CC(C)C1CN(Cc2ccc3c(-c4ccc(F)cc4)cc(C(N)=O)nc3c2)CCN1,6.935542010773082
CHEMBL3918313,CHEMBL5137,Metabotropic glutamate receptor 2,IC50,=,90.0,nM,CHEMBL3888122,B,"Biological Assay: The utility of the compounds in accordance with the present invention as antagonists of metabotropic glutamate receptor activity, in particular mGluR2 activity, may be demonstrated by methodology known in the art. Antagonist constants are determined as follows. The compounds of the present invention were tested in a fluorescence laser imaging plate reader based assay. This assay is a common functional assay to monitor Ca2+ mobilization in whole cells expressing recombinant receptor coupled with a promiscuous G-protein. CHO dhfr- cells stably expressing recombinant human mGluR2 and Gα16 loaded with Fluo-4 AM (Invitrogen, Carlsbad Calif.) are treated with various concentrations of antagonists of compounds and the Ca2+ response is monitored on a FLIPR384 (Molecular Devices, Sunnydale Calif.) for agonist activity.",CHEMBL3886589,Q14416,Metabotropic glutamate receptor 2,IC50,NC(=O)c1cc(-c2ccc(F)cc2)c2ccc(CN3CCNC(C4CC4)C3)cc2n1,7.045757490560675
CHEMBL3890277,CHEMBL5137,Metabotropic glutamate receptor 2,IC50,=,80.0,nM,CHEMBL3888122,B,"Biological Assay: The utility of the compounds in accordance with the present invention as antagonists of metabotropic glutamate receptor activity, in particular mGluR2 activity, may be demonstrated by methodology known in the art. Antagonist constants are determined as follows. The compounds of the present invention were tested in a fluorescence laser imaging plate reader based assay. This assay is a common functional assay to monitor Ca2+ mobilization in whole cells expressing recombinant receptor coupled with a promiscuous G-protein. CHO dhfr- cells stably expressing recombinant human mGluR2 and Gα16 loaded with Fluo-4 AM (Invitrogen, Carlsbad Calif.) are treated with various concentrations of antagonists of compounds and the Ca2+ response is monitored on a FLIPR384 (Molecular Devices, Sunnydale Calif.) for agonist activity.",CHEMBL3886589,Q14416,Metabotropic glutamate receptor 2,IC50,NC(=O)c1cc(-c2ccc(F)cc2)c2ccc(CN3CCNC(CF)C3)cc2n1,7.096910013008056
CHEMBL3894556,CHEMBL5137,Metabotropic glutamate receptor 2,IC50,=,23.0,nM,CHEMBL3888122,B,"Biological Assay: The utility of the compounds in accordance with the present invention as antagonists of metabotropic glutamate receptor activity, in particular mGluR2 activity, may be demonstrated by methodology known in the art. Antagonist constants are determined as follows. The compounds of the present invention were tested in a fluorescence laser imaging plate reader based assay. This assay is a common functional assay to monitor Ca2+ mobilization in whole cells expressing recombinant receptor coupled with a promiscuous G-protein. CHO dhfr- cells stably expressing recombinant human mGluR2 and Gα16 loaded with Fluo-4 AM (Invitrogen, Carlsbad Calif.) are treated with various concentrations of antagonists of compounds and the Ca2+ response is monitored on a FLIPR384 (Molecular Devices, Sunnydale Calif.) for agonist activity.",CHEMBL3886589,Q14416,Metabotropic glutamate receptor 2,IC50,CC1CN(Cc2ccc3c(-c4ccc(F)cc4)cc(C(N)=O)nc3c2)CC(C(F)(F)F)N1,7.638272163982407
CHEMBL3894556,CHEMBL5137,Metabotropic glutamate receptor 2,IC50,=,24.0,nM,CHEMBL3888122,B,"Biological Assay: The utility of the compounds in accordance with the present invention as antagonists of metabotropic glutamate receptor activity, in particular mGluR2 activity, may be demonstrated by methodology known in the art. Antagonist constants are determined as follows. The compounds of the present invention were tested in a fluorescence laser imaging plate reader based assay. This assay is a common functional assay to monitor Ca2+ mobilization in whole cells expressing recombinant receptor coupled with a promiscuous G-protein. CHO dhfr- cells stably expressing recombinant human mGluR2 and Gα16 loaded with Fluo-4 AM (Invitrogen, Carlsbad Calif.) are treated with various concentrations of antagonists of compounds and the Ca2+ response is monitored on a FLIPR384 (Molecular Devices, Sunnydale Calif.) for agonist activity.",CHEMBL3886589,Q14416,Metabotropic glutamate receptor 2,IC50,CC1CN(Cc2ccc3c(-c4ccc(F)cc4)cc(C(N)=O)nc3c2)CC(C(F)(F)F)N1,7.619788758288394
CHEMBL3894556,CHEMBL5137,Metabotropic glutamate receptor 2,IC50,=,15.0,nM,CHEMBL3888122,B,"Biological Assay: The utility of the compounds in accordance with the present invention as antagonists of metabotropic glutamate receptor activity, in particular mGluR2 activity, may be demonstrated by methodology known in the art. Antagonist constants are determined as follows. The compounds of the present invention were tested in a fluorescence laser imaging plate reader based assay. This assay is a common functional assay to monitor Ca2+ mobilization in whole cells expressing recombinant receptor coupled with a promiscuous G-protein. CHO dhfr- cells stably expressing recombinant human mGluR2 and Gα16 loaded with Fluo-4 AM (Invitrogen, Carlsbad Calif.) are treated with various concentrations of antagonists of compounds and the Ca2+ response is monitored on a FLIPR384 (Molecular Devices, Sunnydale Calif.) for agonist activity.",CHEMBL3886589,Q14416,Metabotropic glutamate receptor 2,IC50,CC1CN(Cc2ccc3c(-c4ccc(F)cc4)cc(C(N)=O)nc3c2)CC(C(F)(F)F)N1,7.823908740944319
CHEMBL3894556,CHEMBL5137,Metabotropic glutamate receptor 2,IC50,=,34.0,nM,CHEMBL3888122,B,"Biological Assay: The utility of the compounds in accordance with the present invention as antagonists of metabotropic glutamate receptor activity, in particular mGluR2 activity, may be demonstrated by methodology known in the art. Antagonist constants are determined as follows. The compounds of the present invention were tested in a fluorescence laser imaging plate reader based assay. This assay is a common functional assay to monitor Ca2+ mobilization in whole cells expressing recombinant receptor coupled with a promiscuous G-protein. CHO dhfr- cells stably expressing recombinant human mGluR2 and Gα16 loaded with Fluo-4 AM (Invitrogen, Carlsbad Calif.) are treated with various concentrations of antagonists of compounds and the Ca2+ response is monitored on a FLIPR384 (Molecular Devices, Sunnydale Calif.) for agonist activity.",CHEMBL3886589,Q14416,Metabotropic glutamate receptor 2,IC50,CC1CN(Cc2ccc3c(-c4ccc(F)cc4)cc(C(N)=O)nc3c2)CC(C(F)(F)F)N1,7.468521082957745
CHEMBL4110690,CHEMBL5137,Metabotropic glutamate receptor 2,IC50,=,14.0,nM,CHEMBL3888122,B,"Biological Assay: The utility of the compounds in accordance with the present invention as antagonists of metabotropic glutamate receptor activity, in particular mGluR2 activity, may be demonstrated by methodology known in the art. Antagonist constants are determined as follows. The compounds of the present invention were tested in a fluorescence laser imaging plate reader based assay. This assay is a common functional assay to monitor Ca2+ mobilization in whole cells expressing recombinant receptor coupled with a promiscuous G-protein. CHO dhfr- cells stably expressing recombinant human mGluR2 and Gα16 loaded with Fluo-4 AM (Invitrogen, Carlsbad Calif.) are treated with various concentrations of antagonists of compounds and the Ca2+ response is monitored on a FLIPR384 (Molecular Devices, Sunnydale Calif.) for agonist activity.",CHEMBL3886589,Q14416,Metabotropic glutamate receptor 2,IC50,C[C@@H]1CN(Cc2ccc3c(-c4cnc(CF)s4)cc(C(N)=O)nc3c2)C[C@H](C(F)(F)F)O1,7.853871964321762
CHEMBL4109232,CHEMBL5137,Metabotropic glutamate receptor 2,IC50,=,53.0,nM,CHEMBL3888122,B,"Biological Assay: The utility of the compounds in accordance with the present invention as antagonists of metabotropic glutamate receptor activity, in particular mGluR2 activity, may be demonstrated by methodology known in the art. Antagonist constants are determined as follows. The compounds of the present invention were tested in a fluorescence laser imaging plate reader based assay. This assay is a common functional assay to monitor Ca2+ mobilization in whole cells expressing recombinant receptor coupled with a promiscuous G-protein. CHO dhfr- cells stably expressing recombinant human mGluR2 and Gα16 loaded with Fluo-4 AM (Invitrogen, Carlsbad Calif.) are treated with various concentrations of antagonists of compounds and the Ca2+ response is monitored on a FLIPR384 (Molecular Devices, Sunnydale Calif.) for agonist activity.",CHEMBL3886589,Q14416,Metabotropic glutamate receptor 2,IC50,C[C@@H]1CN(Cc2ccc3c(-c4cnc(C(F)F)s4)cc(C(N)=O)nc3c2)C[C@H](C(F)(F)F)O1,7.275724130399211
CHEMBL4114497,CHEMBL5137,Metabotropic glutamate receptor 2,IC50,=,13.0,nM,CHEMBL3888122,B,"Biological Assay: The utility of the compounds in accordance with the present invention as antagonists of metabotropic glutamate receptor activity, in particular mGluR2 activity, may be demonstrated by methodology known in the art. Antagonist constants are determined as follows. The compounds of the present invention were tested in a fluorescence laser imaging plate reader based assay. This assay is a common functional assay to monitor Ca2+ mobilization in whole cells expressing recombinant receptor coupled with a promiscuous G-protein. CHO dhfr- cells stably expressing recombinant human mGluR2 and Gα16 loaded with Fluo-4 AM (Invitrogen, Carlsbad Calif.) are treated with various concentrations of antagonists of compounds and the Ca2+ response is monitored on a FLIPR384 (Molecular Devices, Sunnydale Calif.) for agonist activity.",CHEMBL3886589,Q14416,Metabotropic glutamate receptor 2,IC50,C[C@@H]1CN(Cc2ccc3c(-c4cnn(C(F)F)c4)cc(C(N)=O)nc3c2)C[C@H](C(F)(F)F)O1,7.886056647693163
CHEMBL3901084,CHEMBL5137,Metabotropic glutamate receptor 2,IC50,=,18.0,nM,CHEMBL3888122,B,"Biological Assay: The utility of the compounds in accordance with the present invention as antagonists of metabotropic glutamate receptor activity, in particular mGluR2 activity, may be demonstrated by methodology known in the art. Antagonist constants are determined as follows. The compounds of the present invention were tested in a fluorescence laser imaging plate reader based assay. This assay is a common functional assay to monitor Ca2+ mobilization in whole cells expressing recombinant receptor coupled with a promiscuous G-protein. CHO dhfr- cells stably expressing recombinant human mGluR2 and Gα16 loaded with Fluo-4 AM (Invitrogen, Carlsbad Calif.) are treated with various concentrations of antagonists of compounds and the Ca2+ response is monitored on a FLIPR384 (Molecular Devices, Sunnydale Calif.) for agonist activity.",CHEMBL3886589,Q14416,Metabotropic glutamate receptor 2,IC50,Cn1cc(-c2cc(C(N)=O)nc3cc(CN4CCSC(C(F)(F)F)C4)ccc23)cn1,7.7447274948966935
CHEMBL3983396,CHEMBL5137,Metabotropic glutamate receptor 2,IC50,=,238.0,nM,CHEMBL3888122,B,"Biological Assay: The utility of the compounds in accordance with the present invention as antagonists of metabotropic glutamate receptor activity, in particular mGluR2 activity, may be demonstrated by methodology known in the art. Antagonist constants are determined as follows. The compounds of the present invention were tested in a fluorescence laser imaging plate reader based assay. This assay is a common functional assay to monitor Ca2+ mobilization in whole cells expressing recombinant receptor coupled with a promiscuous G-protein. CHO dhfr- cells stably expressing recombinant human mGluR2 and Gα16 loaded with Fluo-4 AM (Invitrogen, Carlsbad Calif.) are treated with various concentrations of antagonists of compounds and the Ca2+ response is monitored on a FLIPR384 (Molecular Devices, Sunnydale Calif.) for agonist activity.",CHEMBL3886589,Q14416,Metabotropic glutamate receptor 2,IC50,Cn1cc(-c2cc(C(N)=O)nc3cc(CN4CCCC5(CC5)C4)ccc23)cn1,6.623423042943488
CHEMBL3892213,CHEMBL5137,Metabotropic glutamate receptor 2,IC50,=,931.0,nM,CHEMBL3888122,B,"Biological Assay: The utility of the compounds in accordance with the present invention as antagonists of metabotropic glutamate receptor activity, in particular mGluR2 activity, may be demonstrated by methodology known in the art. Antagonist constants are determined as follows. The compounds of the present invention were tested in a fluorescence laser imaging plate reader based assay. This assay is a common functional assay to monitor Ca2+ mobilization in whole cells expressing recombinant receptor coupled with a promiscuous G-protein. CHO dhfr- cells stably expressing recombinant human mGluR2 and Gα16 loaded with Fluo-4 AM (Invitrogen, Carlsbad Calif.) are treated with various concentrations of antagonists of compounds and the Ca2+ response is monitored on a FLIPR384 (Molecular Devices, Sunnydale Calif.) for agonist activity.",CHEMBL3886589,Q14416,Metabotropic glutamate receptor 2,IC50,Cn1cc(-c2cc(C(N)=O)nc3cc(CN4CCC[C@H](O)C4)ccc23)cn1,6.031050319018657
CHEMBL3958113,CHEMBL5137,Metabotropic glutamate receptor 2,IC50,=,49.0,nM,CHEMBL3888122,B,"Biological Assay: The utility of the compounds in accordance with the present invention as antagonists of metabotropic glutamate receptor activity, in particular mGluR2 activity, may be demonstrated by methodology known in the art. Antagonist constants are determined as follows. The compounds of the present invention were tested in a fluorescence laser imaging plate reader based assay. This assay is a common functional assay to monitor Ca2+ mobilization in whole cells expressing recombinant receptor coupled with a promiscuous G-protein. CHO dhfr- cells stably expressing recombinant human mGluR2 and Gα16 loaded with Fluo-4 AM (Invitrogen, Carlsbad Calif.) are treated with various concentrations of antagonists of compounds and the Ca2+ response is monitored on a FLIPR384 (Molecular Devices, Sunnydale Calif.) for agonist activity.",CHEMBL3886589,Q14416,Metabotropic glutamate receptor 2,IC50,NC(=O)c1cc(-c2ccc(F)cc2)c2ccc(CN3CCCC(C(F)(F)F)C3)cc2n1,7.309803919971486
CHEMBL3958113,CHEMBL5137,Metabotropic glutamate receptor 2,IC50,=,48.0,nM,CHEMBL3888122,B,"Biological Assay: The utility of the compounds in accordance with the present invention as antagonists of metabotropic glutamate receptor activity, in particular mGluR2 activity, may be demonstrated by methodology known in the art. Antagonist constants are determined as follows. The compounds of the present invention were tested in a fluorescence laser imaging plate reader based assay. This assay is a common functional assay to monitor Ca2+ mobilization in whole cells expressing recombinant receptor coupled with a promiscuous G-protein. CHO dhfr- cells stably expressing recombinant human mGluR2 and Gα16 loaded with Fluo-4 AM (Invitrogen, Carlsbad Calif.) are treated with various concentrations of antagonists of compounds and the Ca2+ response is monitored on a FLIPR384 (Molecular Devices, Sunnydale Calif.) for agonist activity.",CHEMBL3886589,Q14416,Metabotropic glutamate receptor 2,IC50,NC(=O)c1cc(-c2ccc(F)cc2)c2ccc(CN3CCCC(C(F)(F)F)C3)cc2n1,7.318758762624412
CHEMBL4107013,CHEMBL5137,Metabotropic glutamate receptor 2,IC50,=,76.0,nM,CHEMBL3888122,B,"Biological Assay: The utility of the compounds in accordance with the present invention as antagonists of metabotropic glutamate receptor activity, in particular mGluR2 activity, may be demonstrated by methodology known in the art. Antagonist constants are determined as follows. The compounds of the present invention were tested in a fluorescence laser imaging plate reader based assay. This assay is a common functional assay to monitor Ca2+ mobilization in whole cells expressing recombinant receptor coupled with a promiscuous G-protein. CHO dhfr- cells stably expressing recombinant human mGluR2 and Gα16 loaded with Fluo-4 AM (Invitrogen, Carlsbad Calif.) are treated with various concentrations of antagonists of compounds and the Ca2+ response is monitored on a FLIPR384 (Molecular Devices, Sunnydale Calif.) for agonist activity.",CHEMBL3886589,Q14416,Metabotropic glutamate receptor 2,IC50,Cc1cnc(-c2cc(C(N)=O)nc3cc(CN4C[C@@H](C)O[C@@H](C(F)(F)F)C4)ccc23)s1,7.119186407719209
CHEMBL4114374,CHEMBL5137,Metabotropic glutamate receptor 2,IC50,=,13.0,nM,CHEMBL3888122,B,"Biological Assay: The utility of the compounds in accordance with the present invention as antagonists of metabotropic glutamate receptor activity, in particular mGluR2 activity, may be demonstrated by methodology known in the art. Antagonist constants are determined as follows. The compounds of the present invention were tested in a fluorescence laser imaging plate reader based assay. This assay is a common functional assay to monitor Ca2+ mobilization in whole cells expressing recombinant receptor coupled with a promiscuous G-protein. CHO dhfr- cells stably expressing recombinant human mGluR2 and Gα16 loaded with Fluo-4 AM (Invitrogen, Carlsbad Calif.) are treated with various concentrations of antagonists of compounds and the Ca2+ response is monitored on a FLIPR384 (Molecular Devices, Sunnydale Calif.) for agonist activity.",CHEMBL3886589,Q14416,Metabotropic glutamate receptor 2,IC50,Cc1cc(-c2cc(C(N)=O)nc3cc(CN4C[C@@H](C)O[C@@H](C(F)(F)F)C4)ccc23)sn1,7.886056647693163
CHEMBL3915181,CHEMBL5137,Metabotropic glutamate receptor 2,IC50,=,97.0,nM,CHEMBL3888122,B,"Biological Assay: The utility of the compounds in accordance with the present invention as antagonists of metabotropic glutamate receptor activity, in particular mGluR2 activity, may be demonstrated by methodology known in the art. Antagonist constants are determined as follows. The compounds of the present invention were tested in a fluorescence laser imaging plate reader based assay. This assay is a common functional assay to monitor Ca2+ mobilization in whole cells expressing recombinant receptor coupled with a promiscuous G-protein. CHO dhfr- cells stably expressing recombinant human mGluR2 and Gα16 loaded with Fluo-4 AM (Invitrogen, Carlsbad Calif.) are treated with various concentrations of antagonists of compounds and the Ca2+ response is monitored on a FLIPR384 (Molecular Devices, Sunnydale Calif.) for agonist activity.",CHEMBL3886589,Q14416,Metabotropic glutamate receptor 2,IC50,Cn1cc(-c2cc(C(N)=O)nc3cc(CN4CCS(=O)(=O)C(C5CC5)C4)ccc23)cn1,7.013228265733755
CHEMBL4113073,CHEMBL5137,Metabotropic glutamate receptor 2,IC50,=,142.0,nM,CHEMBL3888122,B,"Biological Assay: The utility of the compounds in accordance with the present invention as antagonists of metabotropic glutamate receptor activity, in particular mGluR2 activity, may be demonstrated by methodology known in the art. Antagonist constants are determined as follows. The compounds of the present invention were tested in a fluorescence laser imaging plate reader based assay. This assay is a common functional assay to monitor Ca2+ mobilization in whole cells expressing recombinant receptor coupled with a promiscuous G-protein. CHO dhfr- cells stably expressing recombinant human mGluR2 and Gα16 loaded with Fluo-4 AM (Invitrogen, Carlsbad Calif.) are treated with various concentrations of antagonists of compounds and the Ca2+ response is monitored on a FLIPR384 (Molecular Devices, Sunnydale Calif.) for agonist activity.",CHEMBL3886589,Q14416,Metabotropic glutamate receptor 2,IC50,C[C@@H]1CN(Cc2ccc3c(-c4cnc(N)s4)cc(C(N)=O)nc3c2)C[C@H](C(F)(F)F)O1,6.847711655616944
CHEMBL3933004,CHEMBL5137,Metabotropic glutamate receptor 2,IC50,=,245.0,nM,CHEMBL3888122,B,"Biological Assay: The utility of the compounds in accordance with the present invention as antagonists of metabotropic glutamate receptor activity, in particular mGluR2 activity, may be demonstrated by methodology known in the art. Antagonist constants are determined as follows. The compounds of the present invention were tested in a fluorescence laser imaging plate reader based assay. This assay is a common functional assay to monitor Ca2+ mobilization in whole cells expressing recombinant receptor coupled with a promiscuous G-protein. CHO dhfr- cells stably expressing recombinant human mGluR2 and Gα16 loaded with Fluo-4 AM (Invitrogen, Carlsbad Calif.) are treated with various concentrations of antagonists of compounds and the Ca2+ response is monitored on a FLIPR384 (Molecular Devices, Sunnydale Calif.) for agonist activity.",CHEMBL3886589,Q14416,Metabotropic glutamate receptor 2,IC50,Cn1cc(-c2cc(C(N)=O)nc3cc(CN4CCC5(CC4)CC5)ccc23)cn1,6.610833915635467
CHEMBL3906311,CHEMBL5137,Metabotropic glutamate receptor 2,IC50,=,112.0,nM,CHEMBL3888122,B,"Biological Assay: The utility of the compounds in accordance with the present invention as antagonists of metabotropic glutamate receptor activity, in particular mGluR2 activity, may be demonstrated by methodology known in the art. Antagonist constants are determined as follows. The compounds of the present invention were tested in a fluorescence laser imaging plate reader based assay. This assay is a common functional assay to monitor Ca2+ mobilization in whole cells expressing recombinant receptor coupled with a promiscuous G-protein. CHO dhfr- cells stably expressing recombinant human mGluR2 and Gα16 loaded with Fluo-4 AM (Invitrogen, Carlsbad Calif.) are treated with various concentrations of antagonists of compounds and the Ca2+ response is monitored on a FLIPR384 (Molecular Devices, Sunnydale Calif.) for agonist activity.",CHEMBL3886589,Q14416,Metabotropic glutamate receptor 2,IC50,Cn1cc(-c2cc(C(N)=O)nc3cc(CN4CCCCC4CF)ccc23)cn1,6.950781977329818
CHEMBL3963813,CHEMBL5137,Metabotropic glutamate receptor 2,IC50,=,149.0,nM,CHEMBL3888122,B,"Biological Assay: The utility of the compounds in accordance with the present invention as antagonists of metabotropic glutamate receptor activity, in particular mGluR2 activity, may be demonstrated by methodology known in the art. Antagonist constants are determined as follows. The compounds of the present invention were tested in a fluorescence laser imaging plate reader based assay. This assay is a common functional assay to monitor Ca2+ mobilization in whole cells expressing recombinant receptor coupled with a promiscuous G-protein. CHO dhfr- cells stably expressing recombinant human mGluR2 and Gα16 loaded with Fluo-4 AM (Invitrogen, Carlsbad Calif.) are treated with various concentrations of antagonists of compounds and the Ca2+ response is monitored on a FLIPR384 (Molecular Devices, Sunnydale Calif.) for agonist activity.",CHEMBL3886589,Q14416,Metabotropic glutamate receptor 2,IC50,Cn1cc(-c2cc(C(N)=O)nc3cc(CN4CCCCC45CC5)ccc23)cn1,6.826813731587726
CHEMBL4112966,CHEMBL5137,Metabotropic glutamate receptor 2,IC50,=,272.0,nM,CHEMBL3888122,B,"Biological Assay: The utility of the compounds in accordance with the present invention as antagonists of metabotropic glutamate receptor activity, in particular mGluR2 activity, may be demonstrated by methodology known in the art. Antagonist constants are determined as follows. The compounds of the present invention were tested in a fluorescence laser imaging plate reader based assay. This assay is a common functional assay to monitor Ca2+ mobilization in whole cells expressing recombinant receptor coupled with a promiscuous G-protein. CHO dhfr- cells stably expressing recombinant human mGluR2 and Gα16 loaded with Fluo-4 AM (Invitrogen, Carlsbad Calif.) are treated with various concentrations of antagonists of compounds and the Ca2+ response is monitored on a FLIPR384 (Molecular Devices, Sunnydale Calif.) for agonist activity.",CHEMBL3886589,Q14416,Metabotropic glutamate receptor 2,IC50,Cc1c(-c2cc(C(N)=O)nc3cc(CN4C[C@@H](C)O[C@@H](C(F)(F)F)C4)ccc23)cnn1C,6.565431095965801
CHEMBL4115433,CHEMBL5137,Metabotropic glutamate receptor 2,IC50,=,86.0,nM,CHEMBL3888122,B,"Biological Assay: The utility of the compounds in accordance with the present invention as antagonists of metabotropic glutamate receptor activity, in particular mGluR2 activity, may be demonstrated by methodology known in the art. Antagonist constants are determined as follows. The compounds of the present invention were tested in a fluorescence laser imaging plate reader based assay. This assay is a common functional assay to monitor Ca2+ mobilization in whole cells expressing recombinant receptor coupled with a promiscuous G-protein. CHO dhfr- cells stably expressing recombinant human mGluR2 and Gα16 loaded with Fluo-4 AM (Invitrogen, Carlsbad Calif.) are treated with various concentrations of antagonists of compounds and the Ca2+ response is monitored on a FLIPR384 (Molecular Devices, Sunnydale Calif.) for agonist activity.",CHEMBL3886589,Q14416,Metabotropic glutamate receptor 2,IC50,Cc1nn(C)c(C)c1-c1cc(C(N)=O)nc2cc(CN3C[C@@H](C)O[C@@H](C(F)(F)F)C3)ccc12,7.0655015487564325
CHEMBL4108673,CHEMBL5137,Metabotropic glutamate receptor 2,IC50,=,8.0,nM,CHEMBL3888122,B,"Biological Assay: The utility of the compounds in accordance with the present invention as antagonists of metabotropic glutamate receptor activity, in particular mGluR2 activity, may be demonstrated by methodology known in the art. Antagonist constants are determined as follows. The compounds of the present invention were tested in a fluorescence laser imaging plate reader based assay. This assay is a common functional assay to monitor Ca2+ mobilization in whole cells expressing recombinant receptor coupled with a promiscuous G-protein. CHO dhfr- cells stably expressing recombinant human mGluR2 and Gα16 loaded with Fluo-4 AM (Invitrogen, Carlsbad Calif.) are treated with various concentrations of antagonists of compounds and the Ca2+ response is monitored on a FLIPR384 (Molecular Devices, Sunnydale Calif.) for agonist activity.",CHEMBL3886589,Q14416,Metabotropic glutamate receptor 2,IC50,Cc1nn(C)cc1-c1cc(C(N)=O)nc2cc(CN3C[C@@H](C)O[C@@H](C(F)(F)F)C3)ccc12,8.096910013008056
CHEMBL3940628,CHEMBL5137,Metabotropic glutamate receptor 2,IC50,=,299.0,nM,CHEMBL3888122,B,"Biological Assay: The utility of the compounds in accordance with the present invention as antagonists of metabotropic glutamate receptor activity, in particular mGluR2 activity, may be demonstrated by methodology known in the art. Antagonist constants are determined as follows. The compounds of the present invention were tested in a fluorescence laser imaging plate reader based assay. This assay is a common functional assay to monitor Ca2+ mobilization in whole cells expressing recombinant receptor coupled with a promiscuous G-protein. CHO dhfr- cells stably expressing recombinant human mGluR2 and Gα16 loaded with Fluo-4 AM (Invitrogen, Carlsbad Calif.) are treated with various concentrations of antagonists of compounds and the Ca2+ response is monitored on a FLIPR384 (Molecular Devices, Sunnydale Calif.) for agonist activity.",CHEMBL3886589,Q14416,Metabotropic glutamate receptor 2,IC50,NC(=O)c1cc(-c2ccc(F)cc2)c2ccc(C(=O)N3CCCC3)cc2n1,6.52432881167557
CHEMBL3970177,CHEMBL5137,Metabotropic glutamate receptor 2,IC50,=,125.0,nM,CHEMBL3888122,B,"Biological Assay: The utility of the compounds in accordance with the present invention as antagonists of metabotropic glutamate receptor activity, in particular mGluR2 activity, may be demonstrated by methodology known in the art. Antagonist constants are determined as follows. The compounds of the present invention were tested in a fluorescence laser imaging plate reader based assay. This assay is a common functional assay to monitor Ca2+ mobilization in whole cells expressing recombinant receptor coupled with a promiscuous G-protein. CHO dhfr- cells stably expressing recombinant human mGluR2 and Gα16 loaded with Fluo-4 AM (Invitrogen, Carlsbad Calif.) are treated with various concentrations of antagonists of compounds and the Ca2+ response is monitored on a FLIPR384 (Molecular Devices, Sunnydale Calif.) for agonist activity.",CHEMBL3886589,Q14416,Metabotropic glutamate receptor 2,IC50,NC(=O)c1cc(-c2ccc(F)cc2)c2ccc(C(=O)N3CCCCC3)cc2n1,6.903089986991944
CHEMBL3939409,CHEMBL5137,Metabotropic glutamate receptor 2,IC50,=,987.0,nM,CHEMBL3888122,B,"Biological Assay: The utility of the compounds in accordance with the present invention as antagonists of metabotropic glutamate receptor activity, in particular mGluR2 activity, may be demonstrated by methodology known in the art. Antagonist constants are determined as follows. The compounds of the present invention were tested in a fluorescence laser imaging plate reader based assay. This assay is a common functional assay to monitor Ca2+ mobilization in whole cells expressing recombinant receptor coupled with a promiscuous G-protein. CHO dhfr- cells stably expressing recombinant human mGluR2 and Gα16 loaded with Fluo-4 AM (Invitrogen, Carlsbad Calif.) are treated with various concentrations of antagonists of compounds and the Ca2+ response is monitored on a FLIPR384 (Molecular Devices, Sunnydale Calif.) for agonist activity.",CHEMBL3886589,Q14416,Metabotropic glutamate receptor 2,IC50,NC(=O)c1cc(-c2ccc(F)cc2)c2ccc(C(=O)N3CCOCC3)cc2n1,6.005682847330363
CHEMBL3965748,CHEMBL5137,Metabotropic glutamate receptor 2,IC50,=,21.0,nM,CHEMBL3888122,B,"Biological Assay: The utility of the compounds in accordance with the present invention as antagonists of metabotropic glutamate receptor activity, in particular mGluR2 activity, may be demonstrated by methodology known in the art. Antagonist constants are determined as follows. The compounds of the present invention were tested in a fluorescence laser imaging plate reader based assay. This assay is a common functional assay to monitor Ca2+ mobilization in whole cells expressing recombinant receptor coupled with a promiscuous G-protein. CHO dhfr- cells stably expressing recombinant human mGluR2 and Gα16 loaded with Fluo-4 AM (Invitrogen, Carlsbad Calif.) are treated with various concentrations of antagonists of compounds and the Ca2+ response is monitored on a FLIPR384 (Molecular Devices, Sunnydale Calif.) for agonist activity.",CHEMBL3886589,Q14416,Metabotropic glutamate receptor 2,IC50,Cn1cc(-c2cc(C(N)=O)nc3cc(Cc4cnc(C5CC5)nc4)ccc23)cn1,7.6777807052660805
CHEMBL3926904,CHEMBL5137,Metabotropic glutamate receptor 2,IC50,=,55.0,nM,CHEMBL3888122,B,"Biological Assay: The utility of the compounds in accordance with the present invention as antagonists of metabotropic glutamate receptor activity, in particular mGluR2 activity, may be demonstrated by methodology known in the art. Antagonist constants are determined as follows. The compounds of the present invention were tested in a fluorescence laser imaging plate reader based assay. This assay is a common functional assay to monitor Ca2+ mobilization in whole cells expressing recombinant receptor coupled with a promiscuous G-protein. CHO dhfr- cells stably expressing recombinant human mGluR2 and Gα16 loaded with Fluo-4 AM (Invitrogen, Carlsbad Calif.) are treated with various concentrations of antagonists of compounds and the Ca2+ response is monitored on a FLIPR384 (Molecular Devices, Sunnydale Calif.) for agonist activity.",CHEMBL3886589,Q14416,Metabotropic glutamate receptor 2,IC50,NC(=O)c1cc(-c2ccc(F)cc2)c2ccc(Cc3cncnc3)cc2n1,7.259637310505756
CHEMBL3954534,CHEMBL5137,Metabotropic glutamate receptor 2,IC50,=,145.0,nM,CHEMBL3888122,B,"Biological Assay: The utility of the compounds in accordance with the present invention as antagonists of metabotropic glutamate receptor activity, in particular mGluR2 activity, may be demonstrated by methodology known in the art. Antagonist constants are determined as follows. The compounds of the present invention were tested in a fluorescence laser imaging plate reader based assay. This assay is a common functional assay to monitor Ca2+ mobilization in whole cells expressing recombinant receptor coupled with a promiscuous G-protein. CHO dhfr- cells stably expressing recombinant human mGluR2 and Gα16 loaded with Fluo-4 AM (Invitrogen, Carlsbad Calif.) are treated with various concentrations of antagonists of compounds and the Ca2+ response is monitored on a FLIPR384 (Molecular Devices, Sunnydale Calif.) for agonist activity.",CHEMBL3886589,Q14416,Metabotropic glutamate receptor 2,IC50,Cn1cc(-c2cc(C#N)nc3cc(Cc4ccnc(C(F)(F)F)c4)ccc23)cn1,6.838631997765026
CHEMBL3910265,CHEMBL5137,Metabotropic glutamate receptor 2,IC50,=,47.0,nM,CHEMBL3888122,B,"Biological Assay: The utility of the compounds in accordance with the present invention as antagonists of metabotropic glutamate receptor activity, in particular mGluR2 activity, may be demonstrated by methodology known in the art. Antagonist constants are determined as follows. The compounds of the present invention were tested in a fluorescence laser imaging plate reader based assay. This assay is a common functional assay to monitor Ca2+ mobilization in whole cells expressing recombinant receptor coupled with a promiscuous G-protein. CHO dhfr- cells stably expressing recombinant human mGluR2 and Gα16 loaded with Fluo-4 AM (Invitrogen, Carlsbad Calif.) are treated with various concentrations of antagonists of compounds and the Ca2+ response is monitored on a FLIPR384 (Molecular Devices, Sunnydale Calif.) for agonist activity.",CHEMBL3886589,Q14416,Metabotropic glutamate receptor 2,IC50,NC(=O)c1cc(-c2ccc(F)cc2)c2ccc(Cc3cccnc3)cc2n1,7.327902142064282
CHEMBL3941663,CHEMBL5137,Metabotropic glutamate receptor 2,IC50,=,13.0,nM,CHEMBL3888122,B,"Biological Assay: The utility of the compounds in accordance with the present invention as antagonists of metabotropic glutamate receptor activity, in particular mGluR2 activity, may be demonstrated by methodology known in the art. Antagonist constants are determined as follows. The compounds of the present invention were tested in a fluorescence laser imaging plate reader based assay. This assay is a common functional assay to monitor Ca2+ mobilization in whole cells expressing recombinant receptor coupled with a promiscuous G-protein. CHO dhfr- cells stably expressing recombinant human mGluR2 and Gα16 loaded with Fluo-4 AM (Invitrogen, Carlsbad Calif.) are treated with various concentrations of antagonists of compounds and the Ca2+ response is monitored on a FLIPR384 (Molecular Devices, Sunnydale Calif.) for agonist activity.",CHEMBL3886589,Q14416,Metabotropic glutamate receptor 2,IC50,N#Cc1ccc(Cc2ccc3c(-c4ccc(F)cc4)cc(C(N)=O)nc3c2)cn1,7.886056647693163
CHEMBL3937038,CHEMBL5137,Metabotropic glutamate receptor 2,IC50,=,8.0,nM,CHEMBL3888122,B,"Biological Assay: The utility of the compounds in accordance with the present invention as antagonists of metabotropic glutamate receptor activity, in particular mGluR2 activity, may be demonstrated by methodology known in the art. Antagonist constants are determined as follows. The compounds of the present invention were tested in a fluorescence laser imaging plate reader based assay. This assay is a common functional assay to monitor Ca2+ mobilization in whole cells expressing recombinant receptor coupled with a promiscuous G-protein. CHO dhfr- cells stably expressing recombinant human mGluR2 and Gα16 loaded with Fluo-4 AM (Invitrogen, Carlsbad Calif.) are treated with various concentrations of antagonists of compounds and the Ca2+ response is monitored on a FLIPR384 (Molecular Devices, Sunnydale Calif.) for agonist activity.",CHEMBL3886589,Q14416,Metabotropic glutamate receptor 2,IC50,NC(=O)c1cc(-c2ccc(F)cc2)c2ccc(Cc3ccnc(CO)c3)cc2n1,8.096910013008056
CHEMBL3930919,CHEMBL5137,Metabotropic glutamate receptor 2,IC50,=,56.0,nM,CHEMBL3888122,B,"Biological Assay: The utility of the compounds in accordance with the present invention as antagonists of metabotropic glutamate receptor activity, in particular mGluR2 activity, may be demonstrated by methodology known in the art. Antagonist constants are determined as follows. The compounds of the present invention were tested in a fluorescence laser imaging plate reader based assay. This assay is a common functional assay to monitor Ca2+ mobilization in whole cells expressing recombinant receptor coupled with a promiscuous G-protein. CHO dhfr- cells stably expressing recombinant human mGluR2 and Gα16 loaded with Fluo-4 AM (Invitrogen, Carlsbad Calif.) are treated with various concentrations of antagonists of compounds and the Ca2+ response is monitored on a FLIPR384 (Molecular Devices, Sunnydale Calif.) for agonist activity.",CHEMBL3886589,Q14416,Metabotropic glutamate receptor 2,IC50,COc1nccc(Cc2ccc3c(-c4ccc(F)cc4)cc(C(N)=O)nc3c2)c1Cl,7.251811972993799
CHEMBL3953157,CHEMBL5137,Metabotropic glutamate receptor 2,IC50,=,10.0,nM,CHEMBL3888122,B,"Biological Assay: The utility of the compounds in accordance with the present invention as antagonists of metabotropic glutamate receptor activity, in particular mGluR2 activity, may be demonstrated by methodology known in the art. Antagonist constants are determined as follows. The compounds of the present invention were tested in a fluorescence laser imaging plate reader based assay. This assay is a common functional assay to monitor Ca2+ mobilization in whole cells expressing recombinant receptor coupled with a promiscuous G-protein. CHO dhfr- cells stably expressing recombinant human mGluR2 and Gα16 loaded with Fluo-4 AM (Invitrogen, Carlsbad Calif.) are treated with various concentrations of antagonists of compounds and the Ca2+ response is monitored on a FLIPR384 (Molecular Devices, Sunnydale Calif.) for agonist activity.",CHEMBL3886589,Q14416,Metabotropic glutamate receptor 2,IC50,COc1ncc(Cc2ccc3c(-c4ccc(F)cc4)cc(C(N)=O)nc3c2)cn1,8.0
CHEMBL3925507,CHEMBL5137,Metabotropic glutamate receptor 2,IC50,=,31.0,nM,CHEMBL3888122,B,"Biological Assay: The utility of the compounds in accordance with the present invention as antagonists of metabotropic glutamate receptor activity, in particular mGluR2 activity, may be demonstrated by methodology known in the art. Antagonist constants are determined as follows. The compounds of the present invention were tested in a fluorescence laser imaging plate reader based assay. This assay is a common functional assay to monitor Ca2+ mobilization in whole cells expressing recombinant receptor coupled with a promiscuous G-protein. CHO dhfr- cells stably expressing recombinant human mGluR2 and Gα16 loaded with Fluo-4 AM (Invitrogen, Carlsbad Calif.) are treated with various concentrations of antagonists of compounds and the Ca2+ response is monitored on a FLIPR384 (Molecular Devices, Sunnydale Calif.) for agonist activity.",CHEMBL3886589,Q14416,Metabotropic glutamate receptor 2,IC50,Cc1ccncc1Cc1ccc2c(-c3ccc(F)cc3)cc(C(N)=O)nc2c1,7.508638306165727
CHEMBL3953157,CHEMBL5137,Metabotropic glutamate receptor 2,IC50,=,14.0,nM,CHEMBL3888122,B,"Biological Assay: The utility of the compounds in accordance with the present invention as antagonists of metabotropic glutamate receptor activity, in particular mGluR2 activity, may be demonstrated by methodology known in the art. Antagonist constants are determined as follows. The compounds of the present invention were tested in a fluorescence laser imaging plate reader based assay. This assay is a common functional assay to monitor Ca2+ mobilization in whole cells expressing recombinant receptor coupled with a promiscuous G-protein. CHO dhfr- cells stably expressing recombinant human mGluR2 and Gα16 loaded with Fluo-4 AM (Invitrogen, Carlsbad Calif.) are treated with various concentrations of antagonists of compounds and the Ca2+ response is monitored on a FLIPR384 (Molecular Devices, Sunnydale Calif.) for agonist activity.",CHEMBL3886589,Q14416,Metabotropic glutamate receptor 2,IC50,COc1ncc(Cc2ccc3c(-c4ccc(F)cc4)cc(C(N)=O)nc3c2)cn1,7.853871964321762
CHEMBL3981039,CHEMBL5137,Metabotropic glutamate receptor 2,IC50,=,31.0,nM,CHEMBL3888122,B,"Biological Assay: The utility of the compounds in accordance with the present invention as antagonists of metabotropic glutamate receptor activity, in particular mGluR2 activity, may be demonstrated by methodology known in the art. Antagonist constants are determined as follows. The compounds of the present invention were tested in a fluorescence laser imaging plate reader based assay. This assay is a common functional assay to monitor Ca2+ mobilization in whole cells expressing recombinant receptor coupled with a promiscuous G-protein. CHO dhfr- cells stably expressing recombinant human mGluR2 and Gα16 loaded with Fluo-4 AM (Invitrogen, Carlsbad Calif.) are treated with various concentrations of antagonists of compounds and the Ca2+ response is monitored on a FLIPR384 (Molecular Devices, Sunnydale Calif.) for agonist activity.",CHEMBL3886589,Q14416,Metabotropic glutamate receptor 2,IC50,COc1cncc(Cc2ccc3c(-c4ccc(F)cc4)cc(C(N)=O)nc3c2)c1,7.508638306165727
CHEMBL3969476,CHEMBL5137,Metabotropic glutamate receptor 2,IC50,=,76.0,nM,CHEMBL3888122,B,"Biological Assay: The utility of the compounds in accordance with the present invention as antagonists of metabotropic glutamate receptor activity, in particular mGluR2 activity, may be demonstrated by methodology known in the art. Antagonist constants are determined as follows. The compounds of the present invention were tested in a fluorescence laser imaging plate reader based assay. This assay is a common functional assay to monitor Ca2+ mobilization in whole cells expressing recombinant receptor coupled with a promiscuous G-protein. CHO dhfr- cells stably expressing recombinant human mGluR2 and Gα16 loaded with Fluo-4 AM (Invitrogen, Carlsbad Calif.) are treated with various concentrations of antagonists of compounds and the Ca2+ response is monitored on a FLIPR384 (Molecular Devices, Sunnydale Calif.) for agonist activity.",CHEMBL3886589,Q14416,Metabotropic glutamate receptor 2,IC50,COc1ccc(Cc2ccc3c(-c4ccc(F)cc4)cc(C(N)=O)nc3c2)cc1,7.119186407719209
CHEMBL3939934,CHEMBL5137,Metabotropic glutamate receptor 2,IC50,=,18.0,nM,CHEMBL3888122,B,"Biological Assay: The utility of the compounds in accordance with the present invention as antagonists of metabotropic glutamate receptor activity, in particular mGluR2 activity, may be demonstrated by methodology known in the art. Antagonist constants are determined as follows. The compounds of the present invention were tested in a fluorescence laser imaging plate reader based assay. This assay is a common functional assay to monitor Ca2+ mobilization in whole cells expressing recombinant receptor coupled with a promiscuous G-protein. CHO dhfr- cells stably expressing recombinant human mGluR2 and Gα16 loaded with Fluo-4 AM (Invitrogen, Carlsbad Calif.) are treated with various concentrations of antagonists of compounds and the Ca2+ response is monitored on a FLIPR384 (Molecular Devices, Sunnydale Calif.) for agonist activity.",CHEMBL3886589,Q14416,Metabotropic glutamate receptor 2,IC50,COc1cc(Cc2ccc3c(-c4ccc(F)cc4)cc(C(N)=O)nc3c2)ccn1,7.7447274948966935
CHEMBL3928860,CHEMBL5137,Metabotropic glutamate receptor 2,IC50,=,34.0,nM,CHEMBL3888122,B,"Biological Assay: The utility of the compounds in accordance with the present invention as antagonists of metabotropic glutamate receptor activity, in particular mGluR2 activity, may be demonstrated by methodology known in the art. Antagonist constants are determined as follows. The compounds of the present invention were tested in a fluorescence laser imaging plate reader based assay. This assay is a common functional assay to monitor Ca2+ mobilization in whole cells expressing recombinant receptor coupled with a promiscuous G-protein. CHO dhfr- cells stably expressing recombinant human mGluR2 and Gα16 loaded with Fluo-4 AM (Invitrogen, Carlsbad Calif.) are treated with various concentrations of antagonists of compounds and the Ca2+ response is monitored on a FLIPR384 (Molecular Devices, Sunnydale Calif.) for agonist activity.",CHEMBL3886589,Q14416,Metabotropic glutamate receptor 2,IC50,Cn1cc(-c2cc(C(N)=O)nc3cc(Cc4cnc(Cl)nc4)ccc23)cn1,7.468521082957745
CHEMBL3897362,CHEMBL5137,Metabotropic glutamate receptor 2,IC50,=,76.0,nM,CHEMBL3888122,B,"Biological Assay: The utility of the compounds in accordance with the present invention as antagonists of metabotropic glutamate receptor activity, in particular mGluR2 activity, may be demonstrated by methodology known in the art. Antagonist constants are determined as follows. The compounds of the present invention were tested in a fluorescence laser imaging plate reader based assay. This assay is a common functional assay to monitor Ca2+ mobilization in whole cells expressing recombinant receptor coupled with a promiscuous G-protein. CHO dhfr- cells stably expressing recombinant human mGluR2 and Gα16 loaded with Fluo-4 AM (Invitrogen, Carlsbad Calif.) are treated with various concentrations of antagonists of compounds and the Ca2+ response is monitored on a FLIPR384 (Molecular Devices, Sunnydale Calif.) for agonist activity.",CHEMBL3886589,Q14416,Metabotropic glutamate receptor 2,IC50,Cn1cc(-c2cc(C(N)=O)nc3cc(Cc4cnc(F)nc4)ccc23)cn1,7.119186407719209
CHEMBL3982294,CHEMBL5137,Metabotropic glutamate receptor 2,IC50,=,48.0,nM,CHEMBL3888122,B,"Biological Assay: The utility of the compounds in accordance with the present invention as antagonists of metabotropic glutamate receptor activity, in particular mGluR2 activity, may be demonstrated by methodology known in the art. Antagonist constants are determined as follows. The compounds of the present invention were tested in a fluorescence laser imaging plate reader based assay. This assay is a common functional assay to monitor Ca2+ mobilization in whole cells expressing recombinant receptor coupled with a promiscuous G-protein. CHO dhfr- cells stably expressing recombinant human mGluR2 and Gα16 loaded with Fluo-4 AM (Invitrogen, Carlsbad Calif.) are treated with various concentrations of antagonists of compounds and the Ca2+ response is monitored on a FLIPR384 (Molecular Devices, Sunnydale Calif.) for agonist activity.",CHEMBL3886589,Q14416,Metabotropic glutamate receptor 2,IC50,COc1ccc(Cc2ccc3c(-c4cnn(C)c4)cc(C(N)=O)nc3c2)cn1,7.318758762624412
CHEMBL3900371,CHEMBL5137,Metabotropic glutamate receptor 2,IC50,=,35.0,nM,CHEMBL3888122,B,"Biological Assay: The utility of the compounds in accordance with the present invention as antagonists of metabotropic glutamate receptor activity, in particular mGluR2 activity, may be demonstrated by methodology known in the art. Antagonist constants are determined as follows. The compounds of the present invention were tested in a fluorescence laser imaging plate reader based assay. This assay is a common functional assay to monitor Ca2+ mobilization in whole cells expressing recombinant receptor coupled with a promiscuous G-protein. CHO dhfr- cells stably expressing recombinant human mGluR2 and Gα16 loaded with Fluo-4 AM (Invitrogen, Carlsbad Calif.) are treated with various concentrations of antagonists of compounds and the Ca2+ response is monitored on a FLIPR384 (Molecular Devices, Sunnydale Calif.) for agonist activity.",CHEMBL3886589,Q14416,Metabotropic glutamate receptor 2,IC50,Cn1cc(-c2cc(C(N)=O)nc3cc(Cc4ccc(F)c(C(F)(F)F)c4)ccc23)cn1,7.455931955649724
CHEMBL3958736,CHEMBL5137,Metabotropic glutamate receptor 2,IC50,=,41.0,nM,CHEMBL3888122,B,"Biological Assay: The utility of the compounds in accordance with the present invention as antagonists of metabotropic glutamate receptor activity, in particular mGluR2 activity, may be demonstrated by methodology known in the art. Antagonist constants are determined as follows. The compounds of the present invention were tested in a fluorescence laser imaging plate reader based assay. This assay is a common functional assay to monitor Ca2+ mobilization in whole cells expressing recombinant receptor coupled with a promiscuous G-protein. CHO dhfr- cells stably expressing recombinant human mGluR2 and Gα16 loaded with Fluo-4 AM (Invitrogen, Carlsbad Calif.) are treated with various concentrations of antagonists of compounds and the Ca2+ response is monitored on a FLIPR384 (Molecular Devices, Sunnydale Calif.) for agonist activity.",CHEMBL3886589,Q14416,Metabotropic glutamate receptor 2,IC50,COc1ncc(Cc2ccc3c(-c4cnn(C)c4)cc(C(N)=O)nc3c2)cn1,7.3872161432802645
CHEMBL3909377,CHEMBL5137,Metabotropic glutamate receptor 2,IC50,=,15.0,nM,CHEMBL3888122,B,"Biological Assay: The utility of the compounds in accordance with the present invention as antagonists of metabotropic glutamate receptor activity, in particular mGluR2 activity, may be demonstrated by methodology known in the art. Antagonist constants are determined as follows. The compounds of the present invention were tested in a fluorescence laser imaging plate reader based assay. This assay is a common functional assay to monitor Ca2+ mobilization in whole cells expressing recombinant receptor coupled with a promiscuous G-protein. CHO dhfr- cells stably expressing recombinant human mGluR2 and Gα16 loaded with Fluo-4 AM (Invitrogen, Carlsbad Calif.) are treated with various concentrations of antagonists of compounds and the Ca2+ response is monitored on a FLIPR384 (Molecular Devices, Sunnydale Calif.) for agonist activity.",CHEMBL3886589,Q14416,Metabotropic glutamate receptor 2,IC50,Cn1cc(-c2cc(C(N)=O)nc3cc(Cc4ccnc(C#N)c4)ccc23)cn1,7.823908740944319
CHEMBL3983863,CHEMBL5137,Metabotropic glutamate receptor 2,IC50,=,6.0,nM,CHEMBL3888122,B,"Biological Assay: The utility of the compounds in accordance with the present invention as antagonists of metabotropic glutamate receptor activity, in particular mGluR2 activity, may be demonstrated by methodology known in the art. Antagonist constants are determined as follows. The compounds of the present invention were tested in a fluorescence laser imaging plate reader based assay. This assay is a common functional assay to monitor Ca2+ mobilization in whole cells expressing recombinant receptor coupled with a promiscuous G-protein. CHO dhfr- cells stably expressing recombinant human mGluR2 and Gα16 loaded with Fluo-4 AM (Invitrogen, Carlsbad Calif.) are treated with various concentrations of antagonists of compounds and the Ca2+ response is monitored on a FLIPR384 (Molecular Devices, Sunnydale Calif.) for agonist activity.",CHEMBL3886589,Q14416,Metabotropic glutamate receptor 2,IC50,Cn1cc(-c2cc(C(N)=O)nc3cc(Cc4ccnc(C(F)(F)F)c4)ccc23)cn1,8.221848749616356
CHEMBL3914040,CHEMBL5137,Metabotropic glutamate receptor 2,IC50,=,42.0,nM,CHEMBL3888122,B,"Biological Assay: The utility of the compounds in accordance with the present invention as antagonists of metabotropic glutamate receptor activity, in particular mGluR2 activity, may be demonstrated by methodology known in the art. Antagonist constants are determined as follows. The compounds of the present invention were tested in a fluorescence laser imaging plate reader based assay. This assay is a common functional assay to monitor Ca2+ mobilization in whole cells expressing recombinant receptor coupled with a promiscuous G-protein. CHO dhfr- cells stably expressing recombinant human mGluR2 and Gα16 loaded with Fluo-4 AM (Invitrogen, Carlsbad Calif.) are treated with various concentrations of antagonists of compounds and the Ca2+ response is monitored on a FLIPR384 (Molecular Devices, Sunnydale Calif.) for agonist activity.",CHEMBL3886589,Q14416,Metabotropic glutamate receptor 2,IC50,Cn1cc(-c2cc(C(N)=O)nc3cc(Cc4cccnc4C(F)(F)F)ccc23)cn1,7.376750709602099
CHEMBL3891468,CHEMBL5137,Metabotropic glutamate receptor 2,IC50,=,28.0,nM,CHEMBL3888122,B,"Biological Assay: The utility of the compounds in accordance with the present invention as antagonists of metabotropic glutamate receptor activity, in particular mGluR2 activity, may be demonstrated by methodology known in the art. Antagonist constants are determined as follows. The compounds of the present invention were tested in a fluorescence laser imaging plate reader based assay. This assay is a common functional assay to monitor Ca2+ mobilization in whole cells expressing recombinant receptor coupled with a promiscuous G-protein. CHO dhfr- cells stably expressing recombinant human mGluR2 and Gα16 loaded with Fluo-4 AM (Invitrogen, Carlsbad Calif.) are treated with various concentrations of antagonists of compounds and the Ca2+ response is monitored on a FLIPR384 (Molecular Devices, Sunnydale Calif.) for agonist activity.",CHEMBL3886589,Q14416,Metabotropic glutamate receptor 2,IC50,Cn1cc(-c2cc(C(N)=O)nc3cc(Cc4cccc(C(F)(F)F)n4)ccc23)cn1,7.552841968657781
CHEMBL3922052,CHEMBL5137,Metabotropic glutamate receptor 2,IC50,=,25.0,nM,CHEMBL3888122,B,"Biological Assay: The utility of the compounds in accordance with the present invention as antagonists of metabotropic glutamate receptor activity, in particular mGluR2 activity, may be demonstrated by methodology known in the art. Antagonist constants are determined as follows. The compounds of the present invention were tested in a fluorescence laser imaging plate reader based assay. This assay is a common functional assay to monitor Ca2+ mobilization in whole cells expressing recombinant receptor coupled with a promiscuous G-protein. CHO dhfr- cells stably expressing recombinant human mGluR2 and Gα16 loaded with Fluo-4 AM (Invitrogen, Carlsbad Calif.) are treated with various concentrations of antagonists of compounds and the Ca2+ response is monitored on a FLIPR384 (Molecular Devices, Sunnydale Calif.) for agonist activity.",CHEMBL3886589,Q14416,Metabotropic glutamate receptor 2,IC50,Cc1cc(Cc2ccc3c(-c4cnn(C)c4)cc(C(N)=O)nc3c2)cc(C)n1,7.6020599913279625
CHEMBL3961599,CHEMBL5137,Metabotropic glutamate receptor 2,IC50,=,7.0,nM,CHEMBL3888122,B,"Biological Assay: The utility of the compounds in accordance with the present invention as antagonists of metabotropic glutamate receptor activity, in particular mGluR2 activity, may be demonstrated by methodology known in the art. Antagonist constants are determined as follows. The compounds of the present invention were tested in a fluorescence laser imaging plate reader based assay. This assay is a common functional assay to monitor Ca2+ mobilization in whole cells expressing recombinant receptor coupled with a promiscuous G-protein. CHO dhfr- cells stably expressing recombinant human mGluR2 and Gα16 loaded with Fluo-4 AM (Invitrogen, Carlsbad Calif.) are treated with various concentrations of antagonists of compounds and the Ca2+ response is monitored on a FLIPR384 (Molecular Devices, Sunnydale Calif.) for agonist activity.",CHEMBL3886589,Q14416,Metabotropic glutamate receptor 2,IC50,Cn1cc(-c2cc(C(N)=O)nc3cc(Cc4cc(Cl)nc(C(F)(F)F)c4)ccc23)cn1,8.154901959985743
CHEMBL3892604,CHEMBL5137,Metabotropic glutamate receptor 2,IC50,=,12.0,nM,CHEMBL3888122,B,"Biological Assay: The utility of the compounds in accordance with the present invention as antagonists of metabotropic glutamate receptor activity, in particular mGluR2 activity, may be demonstrated by methodology known in the art. Antagonist constants are determined as follows. The compounds of the present invention were tested in a fluorescence laser imaging plate reader based assay. This assay is a common functional assay to monitor Ca2+ mobilization in whole cells expressing recombinant receptor coupled with a promiscuous G-protein. CHO dhfr- cells stably expressing recombinant human mGluR2 and Gα16 loaded with Fluo-4 AM (Invitrogen, Carlsbad Calif.) are treated with various concentrations of antagonists of compounds and the Ca2+ response is monitored on a FLIPR384 (Molecular Devices, Sunnydale Calif.) for agonist activity.",CHEMBL3886589,Q14416,Metabotropic glutamate receptor 2,IC50,Cn1cc(-c2cc(C(N)=O)nc3cc(Cc4cc(C5CC5)nc(C(F)(F)F)c4)ccc23)cn1,7.920818753952375
CHEMBL3970688,CHEMBL5137,Metabotropic glutamate receptor 2,IC50,=,338.0,nM,CHEMBL3888122,B,"Biological Assay: The utility of the compounds in accordance with the present invention as antagonists of metabotropic glutamate receptor activity, in particular mGluR2 activity, may be demonstrated by methodology known in the art. Antagonist constants are determined as follows. The compounds of the present invention were tested in a fluorescence laser imaging plate reader based assay. This assay is a common functional assay to monitor Ca2+ mobilization in whole cells expressing recombinant receptor coupled with a promiscuous G-protein. CHO dhfr- cells stably expressing recombinant human mGluR2 and Gα16 loaded with Fluo-4 AM (Invitrogen, Carlsbad Calif.) are treated with various concentrations of antagonists of compounds and the Ca2+ response is monitored on a FLIPR384 (Molecular Devices, Sunnydale Calif.) for agonist activity.",CHEMBL3886589,Q14416,Metabotropic glutamate receptor 2,IC50,NC(=O)c1cc(-c2ccc(F)cc2)c2cccc(F)c2n1,6.471083299722345
CHEMBL3939827,CHEMBL5137,Metabotropic glutamate receptor 2,IC50,=,13.0,nM,CHEMBL3888122,B,"Biological Assay: The utility of the compounds in accordance with the present invention as antagonists of metabotropic glutamate receptor activity, in particular mGluR2 activity, may be demonstrated by methodology known in the art. Antagonist constants are determined as follows. The compounds of the present invention were tested in a fluorescence laser imaging plate reader based assay. This assay is a common functional assay to monitor Ca2+ mobilization in whole cells expressing recombinant receptor coupled with a promiscuous G-protein. CHO dhfr- cells stably expressing recombinant human mGluR2 and Gα16 loaded with Fluo-4 AM (Invitrogen, Carlsbad Calif.) are treated with various concentrations of antagonists of compounds and the Ca2+ response is monitored on a FLIPR384 (Molecular Devices, Sunnydale Calif.) for agonist activity.",CHEMBL3886589,Q14416,Metabotropic glutamate receptor 2,IC50,COC(=O)c1cc(-c2ccc(F)cc2)c2ccc(CN3C(=O)CCC3=O)c(F)c2n1,7.886056647693163
CHEMBL4113735,CHEMBL5137,Metabotropic glutamate receptor 2,IC50,=,14.0,nM,CHEMBL3888122,B,"Biological Assay: The utility of the compounds in accordance with the present invention as antagonists of metabotropic glutamate receptor activity, in particular mGluR2 activity, may be demonstrated by methodology known in the art. Antagonist constants are determined as follows. The compounds of the present invention were tested in a fluorescence laser imaging plate reader based assay. This assay is a common functional assay to monitor Ca2+ mobilization in whole cells expressing recombinant receptor coupled with a promiscuous G-protein. CHO dhfr- cells stably expressing recombinant human mGluR2 and Gα16 loaded with Fluo-4 AM (Invitrogen, Carlsbad Calif.) are treated with various concentrations of antagonists of compounds and the Ca2+ response is monitored on a FLIPR384 (Molecular Devices, Sunnydale Calif.) for agonist activity.",CHEMBL3886589,Q14416,Metabotropic glutamate receptor 2,IC50,COC(=O)c1cc(-c2cnn(C)c2)c2ccc(CN3CCO[C@@H](C(F)(F)F)C3)c(F)c2n1,7.853871964321762
CHEMBL3928272,CHEMBL5137,Metabotropic glutamate receptor 2,IC50,=,21.0,nM,CHEMBL3888122,B,"Biological Assay: The utility of the compounds in accordance with the present invention as antagonists of metabotropic glutamate receptor activity, in particular mGluR2 activity, may be demonstrated by methodology known in the art. Antagonist constants are determined as follows. The compounds of the present invention were tested in a fluorescence laser imaging plate reader based assay. This assay is a common functional assay to monitor Ca2+ mobilization in whole cells expressing recombinant receptor coupled with a promiscuous G-protein. CHO dhfr- cells stably expressing recombinant human mGluR2 and Gα16 loaded with Fluo-4 AM (Invitrogen, Carlsbad Calif.) are treated with various concentrations of antagonists of compounds and the Ca2+ response is monitored on a FLIPR384 (Molecular Devices, Sunnydale Calif.) for agonist activity.",CHEMBL3886589,Q14416,Metabotropic glutamate receptor 2,IC50,COC(=O)c1cc(-c2cnn(C)c2)c2ccc(CN3CCO[C@H](C(F)(F)F)C3)c(F)c2n1,7.6777807052660805
CHEMBL3951983,CHEMBL5137,Metabotropic glutamate receptor 2,IC50,=,21.0,nM,CHEMBL3888122,B,"Biological Assay: The utility of the compounds in accordance with the present invention as antagonists of metabotropic glutamate receptor activity, in particular mGluR2 activity, may be demonstrated by methodology known in the art. Antagonist constants are determined as follows. The compounds of the present invention were tested in a fluorescence laser imaging plate reader based assay. This assay is a common functional assay to monitor Ca2+ mobilization in whole cells expressing recombinant receptor coupled with a promiscuous G-protein. CHO dhfr- cells stably expressing recombinant human mGluR2 and Gα16 loaded with Fluo-4 AM (Invitrogen, Carlsbad Calif.) are treated with various concentrations of antagonists of compounds and the Ca2+ response is monitored on a FLIPR384 (Molecular Devices, Sunnydale Calif.) for agonist activity.",CHEMBL3886589,Q14416,Metabotropic glutamate receptor 2,IC50,NC(=O)c1cc(-c2ccc(F)cc2)c2cc(F)c(CN3C(=O)CCC3=O)cc2n1,7.6777807052660805
CHEMBL3953060,CHEMBL5137,Metabotropic glutamate receptor 2,IC50,=,74.0,nM,CHEMBL3888122,B,"Biological Assay: The utility of the compounds in accordance with the present invention as antagonists of metabotropic glutamate receptor activity, in particular mGluR2 activity, may be demonstrated by methodology known in the art. Antagonist constants are determined as follows. The compounds of the present invention were tested in a fluorescence laser imaging plate reader based assay. This assay is a common functional assay to monitor Ca2+ mobilization in whole cells expressing recombinant receptor coupled with a promiscuous G-protein. CHO dhfr- cells stably expressing recombinant human mGluR2 and Gα16 loaded with Fluo-4 AM (Invitrogen, Carlsbad Calif.) are treated with various concentrations of antagonists of compounds and the Ca2+ response is monitored on a FLIPR384 (Molecular Devices, Sunnydale Calif.) for agonist activity.",CHEMBL3886589,Q14416,Metabotropic glutamate receptor 2,IC50,NC(=O)c1cc(-c2ccc(F)cc2)c2c(F)cc(CN3C(=O)CCC3=O)cc2n1,7.130768280269024
CHEMBL3925389,CHEMBL5137,Metabotropic glutamate receptor 2,IC50,=,10.0,nM,CHEMBL3888122,B,"Biological Assay: The utility of the compounds in accordance with the present invention as antagonists of metabotropic glutamate receptor activity, in particular mGluR2 activity, may be demonstrated by methodology known in the art. Antagonist constants are determined as follows. The compounds of the present invention were tested in a fluorescence laser imaging plate reader based assay. This assay is a common functional assay to monitor Ca2+ mobilization in whole cells expressing recombinant receptor coupled with a promiscuous G-protein. CHO dhfr- cells stably expressing recombinant human mGluR2 and Gα16 loaded with Fluo-4 AM (Invitrogen, Carlsbad Calif.) are treated with various concentrations of antagonists of compounds and the Ca2+ response is monitored on a FLIPR384 (Molecular Devices, Sunnydale Calif.) for agonist activity.",CHEMBL3886589,Q14416,Metabotropic glutamate receptor 2,IC50,COc1ncc(Cc2ccc3c(-c4ccc(F)cc4)cc(C(N)=O)nc3c2F)cn1,8.0
CHEMBL3961788,CHEMBL5137,Metabotropic glutamate receptor 2,IC50,=,17.0,nM,CHEMBL3888122,B,"Biological Assay: The utility of the compounds in accordance with the present invention as antagonists of metabotropic glutamate receptor activity, in particular mGluR2 activity, may be demonstrated by methodology known in the art. Antagonist constants are determined as follows. The compounds of the present invention were tested in a fluorescence laser imaging plate reader based assay. This assay is a common functional assay to monitor Ca2+ mobilization in whole cells expressing recombinant receptor coupled with a promiscuous G-protein. CHO dhfr- cells stably expressing recombinant human mGluR2 and Gα16 loaded with Fluo-4 AM (Invitrogen, Carlsbad Calif.) are treated with various concentrations of antagonists of compounds and the Ca2+ response is monitored on a FLIPR384 (Molecular Devices, Sunnydale Calif.) for agonist activity.",CHEMBL3886589,Q14416,Metabotropic glutamate receptor 2,IC50,CCC(O)(c1cn(Cc2ccc3c(-c4ccc(F)cc4)cc(C(N)=O)nc3c2F)cn1)C(F)(F)F,7.769551078621726
CHEMBL3930820,CHEMBL5137,Metabotropic glutamate receptor 2,IC50,=,20.0,nM,CHEMBL3888122,B,"Biological Assay: The utility of the compounds in accordance with the present invention as antagonists of metabotropic glutamate receptor activity, in particular mGluR2 activity, may be demonstrated by methodology known in the art. Antagonist constants are determined as follows. The compounds of the present invention were tested in a fluorescence laser imaging plate reader based assay. This assay is a common functional assay to monitor Ca2+ mobilization in whole cells expressing recombinant receptor coupled with a promiscuous G-protein. CHO dhfr- cells stably expressing recombinant human mGluR2 and Gα16 loaded with Fluo-4 AM (Invitrogen, Carlsbad Calif.) are treated with various concentrations of antagonists of compounds and the Ca2+ response is monitored on a FLIPR384 (Molecular Devices, Sunnydale Calif.) for agonist activity.",CHEMBL3886589,Q14416,Metabotropic glutamate receptor 2,IC50,NC(=O)c1cc(-c2ccc(F)cc2)c2ccc(Cc3cnc(C4CC4)nc3)c(F)c2n1,7.698970004336019
CHEMBL3959505,CHEMBL5137,Metabotropic glutamate receptor 2,IC50,=,15.0,nM,CHEMBL3888122,B,"Biological Assay: The utility of the compounds in accordance with the present invention as antagonists of metabotropic glutamate receptor activity, in particular mGluR2 activity, may be demonstrated by methodology known in the art. Antagonist constants are determined as follows. The compounds of the present invention were tested in a fluorescence laser imaging plate reader based assay. This assay is a common functional assay to monitor Ca2+ mobilization in whole cells expressing recombinant receptor coupled with a promiscuous G-protein. CHO dhfr- cells stably expressing recombinant human mGluR2 and Gα16 loaded with Fluo-4 AM (Invitrogen, Carlsbad Calif.) are treated with various concentrations of antagonists of compounds and the Ca2+ response is monitored on a FLIPR384 (Molecular Devices, Sunnydale Calif.) for agonist activity.",CHEMBL3886589,Q14416,Metabotropic glutamate receptor 2,IC50,NC(=O)c1cc(-c2ccc(F)cc2)c2ccc(Cc3ccc(CO)nc3)c(F)c2n1,7.823908740944319
CHEMBL3949512,CHEMBL5137,Metabotropic glutamate receptor 2,IC50,=,169.0,nM,CHEMBL3888122,B,"Biological Assay: The utility of the compounds in accordance with the present invention as antagonists of metabotropic glutamate receptor activity, in particular mGluR2 activity, may be demonstrated by methodology known in the art. Antagonist constants are determined as follows. The compounds of the present invention were tested in a fluorescence laser imaging plate reader based assay. This assay is a common functional assay to monitor Ca2+ mobilization in whole cells expressing recombinant receptor coupled with a promiscuous G-protein. CHO dhfr- cells stably expressing recombinant human mGluR2 and Gα16 loaded with Fluo-4 AM (Invitrogen, Carlsbad Calif.) are treated with various concentrations of antagonists of compounds and the Ca2+ response is monitored on a FLIPR384 (Molecular Devices, Sunnydale Calif.) for agonist activity.",CHEMBL3886589,Q14416,Metabotropic glutamate receptor 2,IC50,Cn1cc(-c2cc(C(N)=O)nc3c(F)c(CN4CCC(F)CC4)ccc23)cn1,6.772113295386326
CHEMBL3935153,CHEMBL5137,Metabotropic glutamate receptor 2,IC50,=,10.0,nM,CHEMBL3888122,B,"Biological Assay: The utility of the compounds in accordance with the present invention as antagonists of metabotropic glutamate receptor activity, in particular mGluR2 activity, may be demonstrated by methodology known in the art. Antagonist constants are determined as follows. The compounds of the present invention were tested in a fluorescence laser imaging plate reader based assay. This assay is a common functional assay to monitor Ca2+ mobilization in whole cells expressing recombinant receptor coupled with a promiscuous G-protein. CHO dhfr- cells stably expressing recombinant human mGluR2 and Gα16 loaded with Fluo-4 AM (Invitrogen, Carlsbad Calif.) are treated with various concentrations of antagonists of compounds and the Ca2+ response is monitored on a FLIPR384 (Molecular Devices, Sunnydale Calif.) for agonist activity.",CHEMBL3886589,Q14416,Metabotropic glutamate receptor 2,IC50,CCC(O)(c1cn(Cc2ccc3c(-c4ccc(OC)c(F)c4)cc(C(N)=O)nc3c2F)cn1)C(F)(F)F,8.0
CHEMBL3959134,CHEMBL5137,Metabotropic glutamate receptor 2,IC50,=,8.0,nM,CHEMBL3888122,B,"Biological Assay: The utility of the compounds in accordance with the present invention as antagonists of metabotropic glutamate receptor activity, in particular mGluR2 activity, may be demonstrated by methodology known in the art. Antagonist constants are determined as follows. The compounds of the present invention were tested in a fluorescence laser imaging plate reader based assay. This assay is a common functional assay to monitor Ca2+ mobilization in whole cells expressing recombinant receptor coupled with a promiscuous G-protein. CHO dhfr- cells stably expressing recombinant human mGluR2 and Gα16 loaded with Fluo-4 AM (Invitrogen, Carlsbad Calif.) are treated with various concentrations of antagonists of compounds and the Ca2+ response is monitored on a FLIPR384 (Molecular Devices, Sunnydale Calif.) for agonist activity.",CHEMBL3886589,Q14416,Metabotropic glutamate receptor 2,IC50,CCC(O)(c1cn(Cc2ccc3c(-c4ccc(OC)cc4F)cc(C(N)=O)nc3c2F)cn1)C(F)(F)F,8.096910013008056
CHEMBL3922719,CHEMBL5137,Metabotropic glutamate receptor 2,IC50,=,21.0,nM,CHEMBL3888122,B,"Biological Assay: The utility of the compounds in accordance with the present invention as antagonists of metabotropic glutamate receptor activity, in particular mGluR2 activity, may be demonstrated by methodology known in the art. Antagonist constants are determined as follows. The compounds of the present invention were tested in a fluorescence laser imaging plate reader based assay. This assay is a common functional assay to monitor Ca2+ mobilization in whole cells expressing recombinant receptor coupled with a promiscuous G-protein. CHO dhfr- cells stably expressing recombinant human mGluR2 and Gα16 loaded with Fluo-4 AM (Invitrogen, Carlsbad Calif.) are treated with various concentrations of antagonists of compounds and the Ca2+ response is monitored on a FLIPR384 (Molecular Devices, Sunnydale Calif.) for agonist activity.",CHEMBL3886589,Q14416,Metabotropic glutamate receptor 2,IC50,COc1ncccc1Cc1ccc2c(-c3cnn(C)c3)cc(C(N)=O)nc2c1F,7.6777807052660805
CHEMBL3950438,CHEMBL5137,Metabotropic glutamate receptor 2,IC50,=,28.0,nM,CHEMBL3888122,B,"Biological Assay: The utility of the compounds in accordance with the present invention as antagonists of metabotropic glutamate receptor activity, in particular mGluR2 activity, may be demonstrated by methodology known in the art. Antagonist constants are determined as follows. The compounds of the present invention were tested in a fluorescence laser imaging plate reader based assay. This assay is a common functional assay to monitor Ca2+ mobilization in whole cells expressing recombinant receptor coupled with a promiscuous G-protein. CHO dhfr- cells stably expressing recombinant human mGluR2 and Gα16 loaded with Fluo-4 AM (Invitrogen, Carlsbad Calif.) are treated with various concentrations of antagonists of compounds and the Ca2+ response is monitored on a FLIPR384 (Molecular Devices, Sunnydale Calif.) for agonist activity.",CHEMBL3886589,Q14416,Metabotropic glutamate receptor 2,IC50,Cn1cc(-c2cc(C(N)=O)nc3c(F)c(Cc4ccc(C(F)(F)F)nc4)ccc23)cn1,7.552841968657781
CHEMBL3913733,CHEMBL5137,Metabotropic glutamate receptor 2,IC50,=,214.0,nM,CHEMBL3888122,B,"Biological Assay: The utility of the compounds in accordance with the present invention as antagonists of metabotropic glutamate receptor activity, in particular mGluR2 activity, may be demonstrated by methodology known in the art. Antagonist constants are determined as follows. The compounds of the present invention were tested in a fluorescence laser imaging plate reader based assay. This assay is a common functional assay to monitor Ca2+ mobilization in whole cells expressing recombinant receptor coupled with a promiscuous G-protein. CHO dhfr- cells stably expressing recombinant human mGluR2 and Gα16 loaded with Fluo-4 AM (Invitrogen, Carlsbad Calif.) are treated with various concentrations of antagonists of compounds and the Ca2+ response is monitored on a FLIPR384 (Molecular Devices, Sunnydale Calif.) for agonist activity.",CHEMBL3886589,Q14416,Metabotropic glutamate receptor 2,IC50,Cn1cc(-c2cc(C(N)=O)nc3c(F)c(CN4C(=O)NC(C)(C)C4=O)ccc23)cn1,6.669586226650809
CHEMBL3945166,CHEMBL5137,Metabotropic glutamate receptor 2,IC50,=,36.0,nM,CHEMBL3888122,B,"Biological Assay: The utility of the compounds in accordance with the present invention as antagonists of metabotropic glutamate receptor activity, in particular mGluR2 activity, may be demonstrated by methodology known in the art. Antagonist constants are determined as follows. The compounds of the present invention were tested in a fluorescence laser imaging plate reader based assay. This assay is a common functional assay to monitor Ca2+ mobilization in whole cells expressing recombinant receptor coupled with a promiscuous G-protein. CHO dhfr- cells stably expressing recombinant human mGluR2 and Gα16 loaded with Fluo-4 AM (Invitrogen, Carlsbad Calif.) are treated with various concentrations of antagonists of compounds and the Ca2+ response is monitored on a FLIPR384 (Molecular Devices, Sunnydale Calif.) for agonist activity.",CHEMBL3886589,Q14416,Metabotropic glutamate receptor 2,IC50,Cn1cc(-c2cc(C(N)=O)nc3c(F)c(Cc4cnc(C5CC5)nc4)ccc23)cn1,7.443697499232712
CHEMBL3908309,CHEMBL5137,Metabotropic glutamate receptor 2,IC50,=,39.0,nM,CHEMBL3888122,B,"Biological Assay: The utility of the compounds in accordance with the present invention as antagonists of metabotropic glutamate receptor activity, in particular mGluR2 activity, may be demonstrated by methodology known in the art. Antagonist constants are determined as follows. The compounds of the present invention were tested in a fluorescence laser imaging plate reader based assay. This assay is a common functional assay to monitor Ca2+ mobilization in whole cells expressing recombinant receptor coupled with a promiscuous G-protein. CHO dhfr- cells stably expressing recombinant human mGluR2 and Gα16 loaded with Fluo-4 AM (Invitrogen, Carlsbad Calif.) are treated with various concentrations of antagonists of compounds and the Ca2+ response is monitored on a FLIPR384 (Molecular Devices, Sunnydale Calif.) for agonist activity.",CHEMBL3886589,Q14416,Metabotropic glutamate receptor 2,IC50,Cc1cc(Cc2ccc3c(-c4cnn(C)c4)cc(C(N)=O)nc3c2F)cc(C)n1,7.4089353929735005
CHEMBL3936247,CHEMBL5137,Metabotropic glutamate receptor 2,IC50,=,14.0,nM,CHEMBL3888122,B,"Biological Assay: The utility of the compounds in accordance with the present invention as antagonists of metabotropic glutamate receptor activity, in particular mGluR2 activity, may be demonstrated by methodology known in the art. Antagonist constants are determined as follows. The compounds of the present invention were tested in a fluorescence laser imaging plate reader based assay. This assay is a common functional assay to monitor Ca2+ mobilization in whole cells expressing recombinant receptor coupled with a promiscuous G-protein. CHO dhfr- cells stably expressing recombinant human mGluR2 and Gα16 loaded with Fluo-4 AM (Invitrogen, Carlsbad Calif.) are treated with various concentrations of antagonists of compounds and the Ca2+ response is monitored on a FLIPR384 (Molecular Devices, Sunnydale Calif.) for agonist activity.",CHEMBL3886589,Q14416,Metabotropic glutamate receptor 2,IC50,COc1cc(Cc2ccc3c(-c4cnn(C)c4)cc(C(N)=O)nc3c2F)cc(C)n1,7.853871964321762
CHEMBL3899261,CHEMBL5137,Metabotropic glutamate receptor 2,IC50,=,13.0,nM,CHEMBL3888122,B,"Biological Assay: The utility of the compounds in accordance with the present invention as antagonists of metabotropic glutamate receptor activity, in particular mGluR2 activity, may be demonstrated by methodology known in the art. Antagonist constants are determined as follows. The compounds of the present invention were tested in a fluorescence laser imaging plate reader based assay. This assay is a common functional assay to monitor Ca2+ mobilization in whole cells expressing recombinant receptor coupled with a promiscuous G-protein. CHO dhfr- cells stably expressing recombinant human mGluR2 and Gα16 loaded with Fluo-4 AM (Invitrogen, Carlsbad Calif.) are treated with various concentrations of antagonists of compounds and the Ca2+ response is monitored on a FLIPR384 (Molecular Devices, Sunnydale Calif.) for agonist activity.",CHEMBL3886589,Q14416,Metabotropic glutamate receptor 2,IC50,Cn1cc(-c2cc(C(N)=O)nc3c(F)c(CN4CCCC(C(F)(F)F)C4)ccc23)cn1,7.886056647693163
CHEMBL3923798,CHEMBL5137,Metabotropic glutamate receptor 2,IC50,=,30.0,nM,CHEMBL3888122,B,"Biological Assay: The utility of the compounds in accordance with the present invention as antagonists of metabotropic glutamate receptor activity, in particular mGluR2 activity, may be demonstrated by methodology known in the art. Antagonist constants are determined as follows. The compounds of the present invention were tested in a fluorescence laser imaging plate reader based assay. This assay is a common functional assay to monitor Ca2+ mobilization in whole cells expressing recombinant receptor coupled with a promiscuous G-protein. CHO dhfr- cells stably expressing recombinant human mGluR2 and Gα16 loaded with Fluo-4 AM (Invitrogen, Carlsbad Calif.) are treated with various concentrations of antagonists of compounds and the Ca2+ response is monitored on a FLIPR384 (Molecular Devices, Sunnydale Calif.) for agonist activity.",CHEMBL3886589,Q14416,Metabotropic glutamate receptor 2,IC50,Cn1cc(-c2cc(C(N)=O)nc3c(F)c(Cc4ccc(C5CC5)nc4)ccc23)cn1,7.522878745280337
CHEMBL3958094,CHEMBL5137,Metabotropic glutamate receptor 2,IC50,=,39.0,nM,CHEMBL3888122,B,"Biological Assay: The utility of the compounds in accordance with the present invention as antagonists of metabotropic glutamate receptor activity, in particular mGluR2 activity, may be demonstrated by methodology known in the art. Antagonist constants are determined as follows. The compounds of the present invention were tested in a fluorescence laser imaging plate reader based assay. This assay is a common functional assay to monitor Ca2+ mobilization in whole cells expressing recombinant receptor coupled with a promiscuous G-protein. CHO dhfr- cells stably expressing recombinant human mGluR2 and Gα16 loaded with Fluo-4 AM (Invitrogen, Carlsbad Calif.) are treated with various concentrations of antagonists of compounds and the Ca2+ response is monitored on a FLIPR384 (Molecular Devices, Sunnydale Calif.) for agonist activity.",CHEMBL3886589,Q14416,Metabotropic glutamate receptor 2,IC50,COc1ccc(Cc2ccc3c(-c4cnn(C)c4)cc(C(N)=O)nc3c2F)cn1,7.4089353929735005
CHEMBL3922857,CHEMBL5137,Metabotropic glutamate receptor 2,IC50,=,10.0,nM,CHEMBL3888122,B,"Biological Assay: The utility of the compounds in accordance with the present invention as antagonists of metabotropic glutamate receptor activity, in particular mGluR2 activity, may be demonstrated by methodology known in the art. Antagonist constants are determined as follows. The compounds of the present invention were tested in a fluorescence laser imaging plate reader based assay. This assay is a common functional assay to monitor Ca2+ mobilization in whole cells expressing recombinant receptor coupled with a promiscuous G-protein. CHO dhfr- cells stably expressing recombinant human mGluR2 and Gα16 loaded with Fluo-4 AM (Invitrogen, Carlsbad Calif.) are treated with various concentrations of antagonists of compounds and the Ca2+ response is monitored on a FLIPR384 (Molecular Devices, Sunnydale Calif.) for agonist activity.",CHEMBL3886589,Q14416,Metabotropic glutamate receptor 2,IC50,NC(=O)c1cc(-c2ccc(F)cc2)c2ccc([C@@H](O)Cc3ccc(Cl)nc3)cc2n1,8.0
CHEMBL4111267,CHEMBL5137,Metabotropic glutamate receptor 2,IC50,=,15.0,nM,CHEMBL3888122,B,"Biological Assay: The utility of the compounds in accordance with the present invention as antagonists of metabotropic glutamate receptor activity, in particular mGluR2 activity, may be demonstrated by methodology known in the art. Antagonist constants are determined as follows. The compounds of the present invention were tested in a fluorescence laser imaging plate reader based assay. This assay is a common functional assay to monitor Ca2+ mobilization in whole cells expressing recombinant receptor coupled with a promiscuous G-protein. CHO dhfr- cells stably expressing recombinant human mGluR2 and Gα16 loaded with Fluo-4 AM (Invitrogen, Carlsbad Calif.) are treated with various concentrations of antagonists of compounds and the Ca2+ response is monitored on a FLIPR384 (Molecular Devices, Sunnydale Calif.) for agonist activity.",CHEMBL3886589,Q14416,Metabotropic glutamate receptor 2,IC50,NC(=O)c1cc(-c2ccc(F)cc2)c2ccc([C@H](O)Cc3ccc(Cl)nc3)cc2n1,7.823908740944319
CHEMBL3897968,CHEMBL5137,Metabotropic glutamate receptor 2,IC50,=,13.0,nM,CHEMBL3888122,B,"Biological Assay: The utility of the compounds in accordance with the present invention as antagonists of metabotropic glutamate receptor activity, in particular mGluR2 activity, may be demonstrated by methodology known in the art. Antagonist constants are determined as follows. The compounds of the present invention were tested in a fluorescence laser imaging plate reader based assay. This assay is a common functional assay to monitor Ca2+ mobilization in whole cells expressing recombinant receptor coupled with a promiscuous G-protein. CHO dhfr- cells stably expressing recombinant human mGluR2 and Gα16 loaded with Fluo-4 AM (Invitrogen, Carlsbad Calif.) are treated with various concentrations of antagonists of compounds and the Ca2+ response is monitored on a FLIPR384 (Molecular Devices, Sunnydale Calif.) for agonist activity.",CHEMBL3886589,Q14416,Metabotropic glutamate receptor 2,IC50,[C-]#[N+]c1ccc(CCc2ccc3c(-c4ccc(OC)cc4F)cc(C(N)=O)nc3c2)cn1,7.886056647693163
CHEMBL3973721,CHEMBL5137,Metabotropic glutamate receptor 2,IC50,=,7.0,nM,CHEMBL3888122,B,"Biological Assay: The utility of the compounds in accordance with the present invention as antagonists of metabotropic glutamate receptor activity, in particular mGluR2 activity, may be demonstrated by methodology known in the art. Antagonist constants are determined as follows. The compounds of the present invention were tested in a fluorescence laser imaging plate reader based assay. This assay is a common functional assay to monitor Ca2+ mobilization in whole cells expressing recombinant receptor coupled with a promiscuous G-protein. CHO dhfr- cells stably expressing recombinant human mGluR2 and Gα16 loaded with Fluo-4 AM (Invitrogen, Carlsbad Calif.) are treated with various concentrations of antagonists of compounds and the Ca2+ response is monitored on a FLIPR384 (Molecular Devices, Sunnydale Calif.) for agonist activity.",CHEMBL3886589,Q14416,Metabotropic glutamate receptor 2,IC50,COc1ccc(-c2cc(C(N)=O)nc3cc(C(C)Cc4cnc(C)nc4)ccc23)c(F)c1,8.154901959985743
CHEMBL3973721,CHEMBL5137,Metabotropic glutamate receptor 2,IC50,=,6.0,nM,CHEMBL3888122,B,"Biological Assay: The utility of the compounds in accordance with the present invention as antagonists of metabotropic glutamate receptor activity, in particular mGluR2 activity, may be demonstrated by methodology known in the art. Antagonist constants are determined as follows. The compounds of the present invention were tested in a fluorescence laser imaging plate reader based assay. This assay is a common functional assay to monitor Ca2+ mobilization in whole cells expressing recombinant receptor coupled with a promiscuous G-protein. CHO dhfr- cells stably expressing recombinant human mGluR2 and Gα16 loaded with Fluo-4 AM (Invitrogen, Carlsbad Calif.) are treated with various concentrations of antagonists of compounds and the Ca2+ response is monitored on a FLIPR384 (Molecular Devices, Sunnydale Calif.) for agonist activity.",CHEMBL3886589,Q14416,Metabotropic glutamate receptor 2,IC50,COc1ccc(-c2cc(C(N)=O)nc3cc(C(C)Cc4cnc(C)nc4)ccc23)c(F)c1,8.221848749616356
CHEMBL3902752,CHEMBL5137,Metabotropic glutamate receptor 2,IC50,=,86.0,nM,CHEMBL3888122,B,"Biological Assay: The utility of the compounds in accordance with the present invention as antagonists of metabotropic glutamate receptor activity, in particular mGluR2 activity, may be demonstrated by methodology known in the art. Antagonist constants are determined as follows. The compounds of the present invention were tested in a fluorescence laser imaging plate reader based assay. This assay is a common functional assay to monitor Ca2+ mobilization in whole cells expressing recombinant receptor coupled with a promiscuous G-protein. CHO dhfr- cells stably expressing recombinant human mGluR2 and Gα16 loaded with Fluo-4 AM (Invitrogen, Carlsbad Calif.) are treated with various concentrations of antagonists of compounds and the Ca2+ response is monitored on a FLIPR384 (Molecular Devices, Sunnydale Calif.) for agonist activity.",CHEMBL3886589,Q14416,Metabotropic glutamate receptor 2,IC50,NC(=O)c1cc(-c2ccc(F)cc2)c2ccc(CCc3ccccn3)cc2n1,7.0655015487564325
CHEMBL3978639,CHEMBL5137,Metabotropic glutamate receptor 2,IC50,=,170.0,nM,CHEMBL3888122,B,"Biological Assay: The utility of the compounds in accordance with the present invention as antagonists of metabotropic glutamate receptor activity, in particular mGluR2 activity, may be demonstrated by methodology known in the art. Antagonist constants are determined as follows. The compounds of the present invention were tested in a fluorescence laser imaging plate reader based assay. This assay is a common functional assay to monitor Ca2+ mobilization in whole cells expressing recombinant receptor coupled with a promiscuous G-protein. CHO dhfr- cells stably expressing recombinant human mGluR2 and Gα16 loaded with Fluo-4 AM (Invitrogen, Carlsbad Calif.) are treated with various concentrations of antagonists of compounds and the Ca2+ response is monitored on a FLIPR384 (Molecular Devices, Sunnydale Calif.) for agonist activity.",CHEMBL3886589,Q14416,Metabotropic glutamate receptor 2,IC50,N#Cc1cc(-c2ccc(F)cc2)c2ccc(CCc3cncnc3)cc2n1,6.769551078621726
CHEMBL3981623,CHEMBL5137,Metabotropic glutamate receptor 2,IC50,=,44.0,nM,CHEMBL3888122,B,"Biological Assay: The utility of the compounds in accordance with the present invention as antagonists of metabotropic glutamate receptor activity, in particular mGluR2 activity, may be demonstrated by methodology known in the art. Antagonist constants are determined as follows. The compounds of the present invention were tested in a fluorescence laser imaging plate reader based assay. This assay is a common functional assay to monitor Ca2+ mobilization in whole cells expressing recombinant receptor coupled with a promiscuous G-protein. CHO dhfr- cells stably expressing recombinant human mGluR2 and Gα16 loaded with Fluo-4 AM (Invitrogen, Carlsbad Calif.) are treated with various concentrations of antagonists of compounds and the Ca2+ response is monitored on a FLIPR384 (Molecular Devices, Sunnydale Calif.) for agonist activity.",CHEMBL3886589,Q14416,Metabotropic glutamate receptor 2,IC50,NC(=O)c1cc(-c2ccc(F)cc2)c2ccc(CCc3ccncc3)cc2n1,7.356547323513812
CHEMBL3950572,CHEMBL5137,Metabotropic glutamate receptor 2,IC50,=,7.0,nM,CHEMBL3888122,B,"Biological Assay: The utility of the compounds in accordance with the present invention as antagonists of metabotropic glutamate receptor activity, in particular mGluR2 activity, may be demonstrated by methodology known in the art. Antagonist constants are determined as follows. The compounds of the present invention were tested in a fluorescence laser imaging plate reader based assay. This assay is a common functional assay to monitor Ca2+ mobilization in whole cells expressing recombinant receptor coupled with a promiscuous G-protein. CHO dhfr- cells stably expressing recombinant human mGluR2 and Gα16 loaded with Fluo-4 AM (Invitrogen, Carlsbad Calif.) are treated with various concentrations of antagonists of compounds and the Ca2+ response is monitored on a FLIPR384 (Molecular Devices, Sunnydale Calif.) for agonist activity.",CHEMBL3886589,Q14416,Metabotropic glutamate receptor 2,IC50,NC(=O)c1cc(-c2ccc(F)cc2)c2ccc(CCc3cncnc3)cc2n1,8.154901959985743
CHEMBL3979547,CHEMBL5137,Metabotropic glutamate receptor 2,IC50,=,10.0,nM,CHEMBL3888122,B,"Biological Assay: The utility of the compounds in accordance with the present invention as antagonists of metabotropic glutamate receptor activity, in particular mGluR2 activity, may be demonstrated by methodology known in the art. Antagonist constants are determined as follows. The compounds of the present invention were tested in a fluorescence laser imaging plate reader based assay. This assay is a common functional assay to monitor Ca2+ mobilization in whole cells expressing recombinant receptor coupled with a promiscuous G-protein. CHO dhfr- cells stably expressing recombinant human mGluR2 and Gα16 loaded with Fluo-4 AM (Invitrogen, Carlsbad Calif.) are treated with various concentrations of antagonists of compounds and the Ca2+ response is monitored on a FLIPR384 (Molecular Devices, Sunnydale Calif.) for agonist activity.",CHEMBL3886589,Q14416,Metabotropic glutamate receptor 2,IC50,NC(=O)c1cc(-c2ccc(F)cc2)c2ccc(CCc3cccnc3)cc2n1,8.0
CHEMBL3964644,CHEMBL5137,Metabotropic glutamate receptor 2,IC50,=,5.0,nM,CHEMBL3888122,B,"Biological Assay: The utility of the compounds in accordance with the present invention as antagonists of metabotropic glutamate receptor activity, in particular mGluR2 activity, may be demonstrated by methodology known in the art. Antagonist constants are determined as follows. The compounds of the present invention were tested in a fluorescence laser imaging plate reader based assay. This assay is a common functional assay to monitor Ca2+ mobilization in whole cells expressing recombinant receptor coupled with a promiscuous G-protein. CHO dhfr- cells stably expressing recombinant human mGluR2 and Gα16 loaded with Fluo-4 AM (Invitrogen, Carlsbad Calif.) are treated with various concentrations of antagonists of compounds and the Ca2+ response is monitored on a FLIPR384 (Molecular Devices, Sunnydale Calif.) for agonist activity.",CHEMBL3886589,Q14416,Metabotropic glutamate receptor 2,IC50,NC(=O)c1cc(-c2ccc(F)cc2)c2ccc(C(O)Cc3cccnc3)cc2n1,8.301029995663981
CHEMBL3964644,CHEMBL5137,Metabotropic glutamate receptor 2,IC50,=,5.0,nM,CHEMBL3888122,B,"Biological Assay: The utility of the compounds in accordance with the present invention as antagonists of metabotropic glutamate receptor activity, in particular mGluR2 activity, may be demonstrated by methodology known in the art. Antagonist constants are determined as follows. The compounds of the present invention were tested in a fluorescence laser imaging plate reader based assay. This assay is a common functional assay to monitor Ca2+ mobilization in whole cells expressing recombinant receptor coupled with a promiscuous G-protein. CHO dhfr- cells stably expressing recombinant human mGluR2 and Gα16 loaded with Fluo-4 AM (Invitrogen, Carlsbad Calif.) are treated with various concentrations of antagonists of compounds and the Ca2+ response is monitored on a FLIPR384 (Molecular Devices, Sunnydale Calif.) for agonist activity.",CHEMBL3886589,Q14416,Metabotropic glutamate receptor 2,IC50,NC(=O)c1cc(-c2ccc(F)cc2)c2ccc(C(O)Cc3cccnc3)cc2n1,8.301029995663981
CHEMBL3895570,CHEMBL5137,Metabotropic glutamate receptor 2,IC50,=,22.0,nM,CHEMBL3888122,B,"Biological Assay: The utility of the compounds in accordance with the present invention as antagonists of metabotropic glutamate receptor activity, in particular mGluR2 activity, may be demonstrated by methodology known in the art. Antagonist constants are determined as follows. The compounds of the present invention were tested in a fluorescence laser imaging plate reader based assay. This assay is a common functional assay to monitor Ca2+ mobilization in whole cells expressing recombinant receptor coupled with a promiscuous G-protein. CHO dhfr- cells stably expressing recombinant human mGluR2 and Gα16 loaded with Fluo-4 AM (Invitrogen, Carlsbad Calif.) are treated with various concentrations of antagonists of compounds and the Ca2+ response is monitored on a FLIPR384 (Molecular Devices, Sunnydale Calif.) for agonist activity.",CHEMBL3886589,Q14416,Metabotropic glutamate receptor 2,IC50,COc1ccc(-c2cc(C(N)=O)nc3cc(CCc4cnc(C)nc4)ccc23)cc1,7.657577319177793
CHEMBL3966866,CHEMBL5137,Metabotropic glutamate receptor 2,IC50,=,12.0,nM,CHEMBL3888122,B,"Biological Assay: The utility of the compounds in accordance with the present invention as antagonists of metabotropic glutamate receptor activity, in particular mGluR2 activity, may be demonstrated by methodology known in the art. Antagonist constants are determined as follows. The compounds of the present invention were tested in a fluorescence laser imaging plate reader based assay. This assay is a common functional assay to monitor Ca2+ mobilization in whole cells expressing recombinant receptor coupled with a promiscuous G-protein. CHO dhfr- cells stably expressing recombinant human mGluR2 and Gα16 loaded with Fluo-4 AM (Invitrogen, Carlsbad Calif.) are treated with various concentrations of antagonists of compounds and the Ca2+ response is monitored on a FLIPR384 (Molecular Devices, Sunnydale Calif.) for agonist activity.",CHEMBL3886589,Q14416,Metabotropic glutamate receptor 2,IC50,COc1ccc(-c2cc(C(N)=O)nc3cc(C(O)Cc4ccc(Cl)nc4)ccc23)cc1,7.920818753952375
CHEMBL3946940,CHEMBL5137,Metabotropic glutamate receptor 2,IC50,=,19.0,nM,CHEMBL3888122,B,"Biological Assay: The utility of the compounds in accordance with the present invention as antagonists of metabotropic glutamate receptor activity, in particular mGluR2 activity, may be demonstrated by methodology known in the art. Antagonist constants are determined as follows. The compounds of the present invention were tested in a fluorescence laser imaging plate reader based assay. This assay is a common functional assay to monitor Ca2+ mobilization in whole cells expressing recombinant receptor coupled with a promiscuous G-protein. CHO dhfr- cells stably expressing recombinant human mGluR2 and Gα16 loaded with Fluo-4 AM (Invitrogen, Carlsbad Calif.) are treated with various concentrations of antagonists of compounds and the Ca2+ response is monitored on a FLIPR384 (Molecular Devices, Sunnydale Calif.) for agonist activity.",CHEMBL3886589,Q14416,Metabotropic glutamate receptor 2,IC50,Cc1ccc(CC(O)c2ccc3c(-c4ccc(F)cc4)cc(C(N)=O)nc3c2)cn1,7.721246399047171
CHEMBL3946940,CHEMBL5137,Metabotropic glutamate receptor 2,IC50,=,14.0,nM,CHEMBL3888122,B,"Biological Assay: The utility of the compounds in accordance with the present invention as antagonists of metabotropic glutamate receptor activity, in particular mGluR2 activity, may be demonstrated by methodology known in the art. Antagonist constants are determined as follows. The compounds of the present invention were tested in a fluorescence laser imaging plate reader based assay. This assay is a common functional assay to monitor Ca2+ mobilization in whole cells expressing recombinant receptor coupled with a promiscuous G-protein. CHO dhfr- cells stably expressing recombinant human mGluR2 and Gα16 loaded with Fluo-4 AM (Invitrogen, Carlsbad Calif.) are treated with various concentrations of antagonists of compounds and the Ca2+ response is monitored on a FLIPR384 (Molecular Devices, Sunnydale Calif.) for agonist activity.",CHEMBL3886589,Q14416,Metabotropic glutamate receptor 2,IC50,Cc1ccc(CC(O)c2ccc3c(-c4ccc(F)cc4)cc(C(N)=O)nc3c2)cn1,7.853871964321762
CHEMBL3900813,CHEMBL5137,Metabotropic glutamate receptor 2,IC50,=,21.0,nM,CHEMBL3888122,B,"Biological Assay: The utility of the compounds in accordance with the present invention as antagonists of metabotropic glutamate receptor activity, in particular mGluR2 activity, may be demonstrated by methodology known in the art. Antagonist constants are determined as follows. The compounds of the present invention were tested in a fluorescence laser imaging plate reader based assay. This assay is a common functional assay to monitor Ca2+ mobilization in whole cells expressing recombinant receptor coupled with a promiscuous G-protein. CHO dhfr- cells stably expressing recombinant human mGluR2 and Gα16 loaded with Fluo-4 AM (Invitrogen, Carlsbad Calif.) are treated with various concentrations of antagonists of compounds and the Ca2+ response is monitored on a FLIPR384 (Molecular Devices, Sunnydale Calif.) for agonist activity.",CHEMBL3886589,Q14416,Metabotropic glutamate receptor 2,IC50,CC(Cc1cccnc1)c1ccc2c(-c3ccc(F)cc3)cc(C(N)=O)nc2c1,7.6777807052660805
CHEMBL3900813,CHEMBL5137,Metabotropic glutamate receptor 2,IC50,=,20.0,nM,CHEMBL3888122,B,"Biological Assay: The utility of the compounds in accordance with the present invention as antagonists of metabotropic glutamate receptor activity, in particular mGluR2 activity, may be demonstrated by methodology known in the art. Antagonist constants are determined as follows. The compounds of the present invention were tested in a fluorescence laser imaging plate reader based assay. This assay is a common functional assay to monitor Ca2+ mobilization in whole cells expressing recombinant receptor coupled with a promiscuous G-protein. CHO dhfr- cells stably expressing recombinant human mGluR2 and Gα16 loaded with Fluo-4 AM (Invitrogen, Carlsbad Calif.) are treated with various concentrations of antagonists of compounds and the Ca2+ response is monitored on a FLIPR384 (Molecular Devices, Sunnydale Calif.) for agonist activity.",CHEMBL3886589,Q14416,Metabotropic glutamate receptor 2,IC50,CC(Cc1cccnc1)c1ccc2c(-c3ccc(F)cc3)cc(C(N)=O)nc2c1,7.698970004336019
CHEMBL3970463,CHEMBL5137,Metabotropic glutamate receptor 2,IC50,=,21.0,nM,CHEMBL3888122,B,"Biological Assay: The utility of the compounds in accordance with the present invention as antagonists of metabotropic glutamate receptor activity, in particular mGluR2 activity, may be demonstrated by methodology known in the art. Antagonist constants are determined as follows. The compounds of the present invention were tested in a fluorescence laser imaging plate reader based assay. This assay is a common functional assay to monitor Ca2+ mobilization in whole cells expressing recombinant receptor coupled with a promiscuous G-protein. CHO dhfr- cells stably expressing recombinant human mGluR2 and Gα16 loaded with Fluo-4 AM (Invitrogen, Carlsbad Calif.) are treated with various concentrations of antagonists of compounds and the Ca2+ response is monitored on a FLIPR384 (Molecular Devices, Sunnydale Calif.) for agonist activity.",CHEMBL3886589,Q14416,Metabotropic glutamate receptor 2,IC50,Cc1ccc(CC(C)c2ccc3c(-c4ccc(F)cc4)cc(C(N)=O)nc3c2)cn1,7.6777807052660805
CHEMBL3970463,CHEMBL5137,Metabotropic glutamate receptor 2,IC50,=,19.0,nM,CHEMBL3888122,B,"Biological Assay: The utility of the compounds in accordance with the present invention as antagonists of metabotropic glutamate receptor activity, in particular mGluR2 activity, may be demonstrated by methodology known in the art. Antagonist constants are determined as follows. The compounds of the present invention were tested in a fluorescence laser imaging plate reader based assay. This assay is a common functional assay to monitor Ca2+ mobilization in whole cells expressing recombinant receptor coupled with a promiscuous G-protein. CHO dhfr- cells stably expressing recombinant human mGluR2 and Gα16 loaded with Fluo-4 AM (Invitrogen, Carlsbad Calif.) are treated with various concentrations of antagonists of compounds and the Ca2+ response is monitored on a FLIPR384 (Molecular Devices, Sunnydale Calif.) for agonist activity.",CHEMBL3886589,Q14416,Metabotropic glutamate receptor 2,IC50,Cc1ccc(CC(C)c2ccc3c(-c4ccc(F)cc4)cc(C(N)=O)nc3c2)cn1,7.721246399047171
CHEMBL3966866,CHEMBL5137,Metabotropic glutamate receptor 2,IC50,=,11.0,nM,CHEMBL3888122,B,"Biological Assay: The utility of the compounds in accordance with the present invention as antagonists of metabotropic glutamate receptor activity, in particular mGluR2 activity, may be demonstrated by methodology known in the art. Antagonist constants are determined as follows. The compounds of the present invention were tested in a fluorescence laser imaging plate reader based assay. This assay is a common functional assay to monitor Ca2+ mobilization in whole cells expressing recombinant receptor coupled with a promiscuous G-protein. CHO dhfr- cells stably expressing recombinant human mGluR2 and Gα16 loaded with Fluo-4 AM (Invitrogen, Carlsbad Calif.) are treated with various concentrations of antagonists of compounds and the Ca2+ response is monitored on a FLIPR384 (Molecular Devices, Sunnydale Calif.) for agonist activity.",CHEMBL3886589,Q14416,Metabotropic glutamate receptor 2,IC50,COc1ccc(-c2cc(C(N)=O)nc3cc(C(O)Cc4ccc(Cl)nc4)ccc23)cc1,7.958607314841775
CHEMBL3966866,CHEMBL5137,Metabotropic glutamate receptor 2,IC50,=,6.0,nM,CHEMBL3888122,B,"Biological Assay: The utility of the compounds in accordance with the present invention as antagonists of metabotropic glutamate receptor activity, in particular mGluR2 activity, may be demonstrated by methodology known in the art. Antagonist constants are determined as follows. The compounds of the present invention were tested in a fluorescence laser imaging plate reader based assay. This assay is a common functional assay to monitor Ca2+ mobilization in whole cells expressing recombinant receptor coupled with a promiscuous G-protein. CHO dhfr- cells stably expressing recombinant human mGluR2 and Gα16 loaded with Fluo-4 AM (Invitrogen, Carlsbad Calif.) are treated with various concentrations of antagonists of compounds and the Ca2+ response is monitored on a FLIPR384 (Molecular Devices, Sunnydale Calif.) for agonist activity.",CHEMBL3886589,Q14416,Metabotropic glutamate receptor 2,IC50,COc1ccc(-c2cc(C(N)=O)nc3cc(C(O)Cc4ccc(Cl)nc4)ccc23)cc1,8.221848749616356
CHEMBL3955188,CHEMBL5137,Metabotropic glutamate receptor 2,IC50,=,6.0,nM,CHEMBL3888122,B,"Biological Assay: The utility of the compounds in accordance with the present invention as antagonists of metabotropic glutamate receptor activity, in particular mGluR2 activity, may be demonstrated by methodology known in the art. Antagonist constants are determined as follows. The compounds of the present invention were tested in a fluorescence laser imaging plate reader based assay. This assay is a common functional assay to monitor Ca2+ mobilization in whole cells expressing recombinant receptor coupled with a promiscuous G-protein. CHO dhfr- cells stably expressing recombinant human mGluR2 and Gα16 loaded with Fluo-4 AM (Invitrogen, Carlsbad Calif.) are treated with various concentrations of antagonists of compounds and the Ca2+ response is monitored on a FLIPR384 (Molecular Devices, Sunnydale Calif.) for agonist activity.",CHEMBL3886589,Q14416,Metabotropic glutamate receptor 2,IC50,COc1ccc(-c2cc(C(N)=O)nc3cc(CCc4cnc(C)nc4)ccc23)c(F)c1,8.221848749616356
CHEMBL3983820,CHEMBL5137,Metabotropic glutamate receptor 2,IC50,=,9.0,nM,CHEMBL3888122,B,"Biological Assay: The utility of the compounds in accordance with the present invention as antagonists of metabotropic glutamate receptor activity, in particular mGluR2 activity, may be demonstrated by methodology known in the art. Antagonist constants are determined as follows. The compounds of the present invention were tested in a fluorescence laser imaging plate reader based assay. This assay is a common functional assay to monitor Ca2+ mobilization in whole cells expressing recombinant receptor coupled with a promiscuous G-protein. CHO dhfr- cells stably expressing recombinant human mGluR2 and Gα16 loaded with Fluo-4 AM (Invitrogen, Carlsbad Calif.) are treated with various concentrations of antagonists of compounds and the Ca2+ response is monitored on a FLIPR384 (Molecular Devices, Sunnydale Calif.) for agonist activity.",CHEMBL3886589,Q14416,Metabotropic glutamate receptor 2,IC50,COc1ccc(-c2cc(C(N)=O)nc3cc(CCc4cccnc4N)ccc23)cc1,8.045757490560675
CHEMBL3954035,CHEMBL5137,Metabotropic glutamate receptor 2,IC50,=,9.0,nM,CHEMBL3888122,B,"Biological Assay: The utility of the compounds in accordance with the present invention as antagonists of metabotropic glutamate receptor activity, in particular mGluR2 activity, may be demonstrated by methodology known in the art. Antagonist constants are determined as follows. The compounds of the present invention were tested in a fluorescence laser imaging plate reader based assay. This assay is a common functional assay to monitor Ca2+ mobilization in whole cells expressing recombinant receptor coupled with a promiscuous G-protein. CHO dhfr- cells stably expressing recombinant human mGluR2 and Gα16 loaded with Fluo-4 AM (Invitrogen, Carlsbad Calif.) are treated with various concentrations of antagonists of compounds and the Ca2+ response is monitored on a FLIPR384 (Molecular Devices, Sunnydale Calif.) for agonist activity.",CHEMBL3886589,Q14416,Metabotropic glutamate receptor 2,IC50,COc1ccc(-c2cc(C(N)=O)nc3cc(CCc4cccnc4N)ccc23)c(F)c1,8.045757490560675
CHEMBL3937970,CHEMBL5137,Metabotropic glutamate receptor 2,IC50,=,7.0,nM,CHEMBL3888122,B,"Biological Assay: The utility of the compounds in accordance with the present invention as antagonists of metabotropic glutamate receptor activity, in particular mGluR2 activity, may be demonstrated by methodology known in the art. Antagonist constants are determined as follows. The compounds of the present invention were tested in a fluorescence laser imaging plate reader based assay. This assay is a common functional assay to monitor Ca2+ mobilization in whole cells expressing recombinant receptor coupled with a promiscuous G-protein. CHO dhfr- cells stably expressing recombinant human mGluR2 and Gα16 loaded with Fluo-4 AM (Invitrogen, Carlsbad Calif.) are treated with various concentrations of antagonists of compounds and the Ca2+ response is monitored on a FLIPR384 (Molecular Devices, Sunnydale Calif.) for agonist activity.",CHEMBL3886589,Q14416,Metabotropic glutamate receptor 2,IC50,COc1ccc(-c2cc(C(N)=O)nc3cc(CCc4cnc(C#N)nc4)ccc23)cc1,8.154901959985743
CHEMBL3941863,CHEMBL5137,Metabotropic glutamate receptor 2,IC50,=,6.0,nM,CHEMBL3888122,B,"Biological Assay: The utility of the compounds in accordance with the present invention as antagonists of metabotropic glutamate receptor activity, in particular mGluR2 activity, may be demonstrated by methodology known in the art. Antagonist constants are determined as follows. The compounds of the present invention were tested in a fluorescence laser imaging plate reader based assay. This assay is a common functional assay to monitor Ca2+ mobilization in whole cells expressing recombinant receptor coupled with a promiscuous G-protein. CHO dhfr- cells stably expressing recombinant human mGluR2 and Gα16 loaded with Fluo-4 AM (Invitrogen, Carlsbad Calif.) are treated with various concentrations of antagonists of compounds and the Ca2+ response is monitored on a FLIPR384 (Molecular Devices, Sunnydale Calif.) for agonist activity.",CHEMBL3886589,Q14416,Metabotropic glutamate receptor 2,IC50,COc1ccc(-c2cc(C(N)=O)nc3cc(CCc4cnc(C#N)nc4)ccc23)c(F)c1,8.221848749616356
CHEMBL3971450,CHEMBL5137,Metabotropic glutamate receptor 2,IC50,=,8.0,nM,CHEMBL3888122,B,"Biological Assay: The utility of the compounds in accordance with the present invention as antagonists of metabotropic glutamate receptor activity, in particular mGluR2 activity, may be demonstrated by methodology known in the art. Antagonist constants are determined as follows. The compounds of the present invention were tested in a fluorescence laser imaging plate reader based assay. This assay is a common functional assay to monitor Ca2+ mobilization in whole cells expressing recombinant receptor coupled with a promiscuous G-protein. CHO dhfr- cells stably expressing recombinant human mGluR2 and Gα16 loaded with Fluo-4 AM (Invitrogen, Carlsbad Calif.) are treated with various concentrations of antagonists of compounds and the Ca2+ response is monitored on a FLIPR384 (Molecular Devices, Sunnydale Calif.) for agonist activity.",CHEMBL3886589,Q14416,Metabotropic glutamate receptor 2,IC50,COc1ccc(-c2cc(C(N)=O)nc3cc(C(C)Cc4cnc(C#N)nc4)ccc23)cc1,8.096910013008056
CHEMBL3925177,CHEMBL5137,Metabotropic glutamate receptor 2,IC50,=,7.0,nM,CHEMBL3888122,B,"Biological Assay: The utility of the compounds in accordance with the present invention as antagonists of metabotropic glutamate receptor activity, in particular mGluR2 activity, may be demonstrated by methodology known in the art. Antagonist constants are determined as follows. The compounds of the present invention were tested in a fluorescence laser imaging plate reader based assay. This assay is a common functional assay to monitor Ca2+ mobilization in whole cells expressing recombinant receptor coupled with a promiscuous G-protein. CHO dhfr- cells stably expressing recombinant human mGluR2 and Gα16 loaded with Fluo-4 AM (Invitrogen, Carlsbad Calif.) are treated with various concentrations of antagonists of compounds and the Ca2+ response is monitored on a FLIPR384 (Molecular Devices, Sunnydale Calif.) for agonist activity.",CHEMBL3886589,Q14416,Metabotropic glutamate receptor 2,IC50,COc1ccc(-c2cc(C(N)=O)nc3cc(CCc4cncnc4N)ccc23)cc1,8.154901959985743
CHEMBL3956202,CHEMBL5137,Metabotropic glutamate receptor 2,IC50,=,15.0,nM,CHEMBL3888122,B,"Biological Assay: The utility of the compounds in accordance with the present invention as antagonists of metabotropic glutamate receptor activity, in particular mGluR2 activity, may be demonstrated by methodology known in the art. Antagonist constants are determined as follows. The compounds of the present invention were tested in a fluorescence laser imaging plate reader based assay. This assay is a common functional assay to monitor Ca2+ mobilization in whole cells expressing recombinant receptor coupled with a promiscuous G-protein. CHO dhfr- cells stably expressing recombinant human mGluR2 and Gα16 loaded with Fluo-4 AM (Invitrogen, Carlsbad Calif.) are treated with various concentrations of antagonists of compounds and the Ca2+ response is monitored on a FLIPR384 (Molecular Devices, Sunnydale Calif.) for agonist activity.",CHEMBL3886589,Q14416,Metabotropic glutamate receptor 2,IC50,COc1ccc(-c2cc(C(N)=O)nc3cc(C(C)Cc4cccnc4N)ccc23)cc1,7.823908740944319
CHEMBL3956202,CHEMBL5137,Metabotropic glutamate receptor 2,IC50,=,16.0,nM,CHEMBL3888122,B,"Biological Assay: The utility of the compounds in accordance with the present invention as antagonists of metabotropic glutamate receptor activity, in particular mGluR2 activity, may be demonstrated by methodology known in the art. Antagonist constants are determined as follows. The compounds of the present invention were tested in a fluorescence laser imaging plate reader based assay. This assay is a common functional assay to monitor Ca2+ mobilization in whole cells expressing recombinant receptor coupled with a promiscuous G-protein. CHO dhfr- cells stably expressing recombinant human mGluR2 and Gα16 loaded with Fluo-4 AM (Invitrogen, Carlsbad Calif.) are treated with various concentrations of antagonists of compounds and the Ca2+ response is monitored on a FLIPR384 (Molecular Devices, Sunnydale Calif.) for agonist activity.",CHEMBL3886589,Q14416,Metabotropic glutamate receptor 2,IC50,COc1ccc(-c2cc(C(N)=O)nc3cc(C(C)Cc4cccnc4N)ccc23)cc1,7.795880017344075
CHEMBL3940665,CHEMBL5137,Metabotropic glutamate receptor 2,IC50,=,33.0,nM,CHEMBL3888122,B,"Biological Assay: The utility of the compounds in accordance with the present invention as antagonists of metabotropic glutamate receptor activity, in particular mGluR2 activity, may be demonstrated by methodology known in the art. Antagonist constants are determined as follows. The compounds of the present invention were tested in a fluorescence laser imaging plate reader based assay. This assay is a common functional assay to monitor Ca2+ mobilization in whole cells expressing recombinant receptor coupled with a promiscuous G-protein. CHO dhfr- cells stably expressing recombinant human mGluR2 and Gα16 loaded with Fluo-4 AM (Invitrogen, Carlsbad Calif.) are treated with various concentrations of antagonists of compounds and the Ca2+ response is monitored on a FLIPR384 (Molecular Devices, Sunnydale Calif.) for agonist activity.",CHEMBL3886589,Q14416,Metabotropic glutamate receptor 2,IC50,COc1ccc(-c2cc(C(N)=O)nc3cc(C(C)Cc4cccnc4N)ccc23)c(F)c1,7.481486060122112
CHEMBL3940665,CHEMBL5137,Metabotropic glutamate receptor 2,IC50,=,14.0,nM,CHEMBL3888122,B,"Biological Assay: The utility of the compounds in accordance with the present invention as antagonists of metabotropic glutamate receptor activity, in particular mGluR2 activity, may be demonstrated by methodology known in the art. Antagonist constants are determined as follows. The compounds of the present invention were tested in a fluorescence laser imaging plate reader based assay. This assay is a common functional assay to monitor Ca2+ mobilization in whole cells expressing recombinant receptor coupled with a promiscuous G-protein. CHO dhfr- cells stably expressing recombinant human mGluR2 and Gα16 loaded with Fluo-4 AM (Invitrogen, Carlsbad Calif.) are treated with various concentrations of antagonists of compounds and the Ca2+ response is monitored on a FLIPR384 (Molecular Devices, Sunnydale Calif.) for agonist activity.",CHEMBL3886589,Q14416,Metabotropic glutamate receptor 2,IC50,COc1ccc(-c2cc(C(N)=O)nc3cc(C(C)Cc4cccnc4N)ccc23)c(F)c1,7.853871964321762
CHEMBL3946016,CHEMBL5137,Metabotropic glutamate receptor 2,IC50,=,10.0,nM,CHEMBL3888122,B,"Biological Assay: The utility of the compounds in accordance with the present invention as antagonists of metabotropic glutamate receptor activity, in particular mGluR2 activity, may be demonstrated by methodology known in the art. Antagonist constants are determined as follows. The compounds of the present invention were tested in a fluorescence laser imaging plate reader based assay. This assay is a common functional assay to monitor Ca2+ mobilization in whole cells expressing recombinant receptor coupled with a promiscuous G-protein. CHO dhfr- cells stably expressing recombinant human mGluR2 and Gα16 loaded with Fluo-4 AM (Invitrogen, Carlsbad Calif.) are treated with various concentrations of antagonists of compounds and the Ca2+ response is monitored on a FLIPR384 (Molecular Devices, Sunnydale Calif.) for agonist activity.",CHEMBL3886589,Q14416,Metabotropic glutamate receptor 2,IC50,COc1ccc(-c2cc(C(N)=O)nc3cc(C(C)Cc4cccnc4)ccc23)cc1,8.0
CHEMBL3946016,CHEMBL5137,Metabotropic glutamate receptor 2,IC50,=,5.0,nM,CHEMBL3888122,B,"Biological Assay: The utility of the compounds in accordance with the present invention as antagonists of metabotropic glutamate receptor activity, in particular mGluR2 activity, may be demonstrated by methodology known in the art. Antagonist constants are determined as follows. The compounds of the present invention were tested in a fluorescence laser imaging plate reader based assay. This assay is a common functional assay to monitor Ca2+ mobilization in whole cells expressing recombinant receptor coupled with a promiscuous G-protein. CHO dhfr- cells stably expressing recombinant human mGluR2 and Gα16 loaded with Fluo-4 AM (Invitrogen, Carlsbad Calif.) are treated with various concentrations of antagonists of compounds and the Ca2+ response is monitored on a FLIPR384 (Molecular Devices, Sunnydale Calif.) for agonist activity.",CHEMBL3886589,Q14416,Metabotropic glutamate receptor 2,IC50,COc1ccc(-c2cc(C(N)=O)nc3cc(C(C)Cc4cccnc4)ccc23)cc1,8.301029995663981
CHEMBL3926942,CHEMBL5137,Metabotropic glutamate receptor 2,IC50,=,12.0,nM,CHEMBL3888122,B,"Biological Assay: The utility of the compounds in accordance with the present invention as antagonists of metabotropic glutamate receptor activity, in particular mGluR2 activity, may be demonstrated by methodology known in the art. Antagonist constants are determined as follows. The compounds of the present invention were tested in a fluorescence laser imaging plate reader based assay. This assay is a common functional assay to monitor Ca2+ mobilization in whole cells expressing recombinant receptor coupled with a promiscuous G-protein. CHO dhfr- cells stably expressing recombinant human mGluR2 and Gα16 loaded with Fluo-4 AM (Invitrogen, Carlsbad Calif.) are treated with various concentrations of antagonists of compounds and the Ca2+ response is monitored on a FLIPR384 (Molecular Devices, Sunnydale Calif.) for agonist activity.",CHEMBL3886589,Q14416,Metabotropic glutamate receptor 2,IC50,COc1ccc(-c2cc(C(N)=O)nc3cc(C(C)Cc4ccc(C)nc4)ccc23)cc1,7.920818753952375
CHEMBL3926942,CHEMBL5137,Metabotropic glutamate receptor 2,IC50,=,10.0,nM,CHEMBL3888122,B,"Biological Assay: The utility of the compounds in accordance with the present invention as antagonists of metabotropic glutamate receptor activity, in particular mGluR2 activity, may be demonstrated by methodology known in the art. Antagonist constants are determined as follows. The compounds of the present invention were tested in a fluorescence laser imaging plate reader based assay. This assay is a common functional assay to monitor Ca2+ mobilization in whole cells expressing recombinant receptor coupled with a promiscuous G-protein. CHO dhfr- cells stably expressing recombinant human mGluR2 and Gα16 loaded with Fluo-4 AM (Invitrogen, Carlsbad Calif.) are treated with various concentrations of antagonists of compounds and the Ca2+ response is monitored on a FLIPR384 (Molecular Devices, Sunnydale Calif.) for agonist activity.",CHEMBL3886589,Q14416,Metabotropic glutamate receptor 2,IC50,COc1ccc(-c2cc(C(N)=O)nc3cc(C(C)Cc4ccc(C)nc4)ccc23)cc1,8.0
CHEMBL3939455,CHEMBL5137,Metabotropic glutamate receptor 2,IC50,=,8.0,nM,CHEMBL3888122,B,"Biological Assay: The utility of the compounds in accordance with the present invention as antagonists of metabotropic glutamate receptor activity, in particular mGluR2 activity, may be demonstrated by methodology known in the art. Antagonist constants are determined as follows. The compounds of the present invention were tested in a fluorescence laser imaging plate reader based assay. This assay is a common functional assay to monitor Ca2+ mobilization in whole cells expressing recombinant receptor coupled with a promiscuous G-protein. CHO dhfr- cells stably expressing recombinant human mGluR2 and Gα16 loaded with Fluo-4 AM (Invitrogen, Carlsbad Calif.) are treated with various concentrations of antagonists of compounds and the Ca2+ response is monitored on a FLIPR384 (Molecular Devices, Sunnydale Calif.) for agonist activity.",CHEMBL3886589,Q14416,Metabotropic glutamate receptor 2,IC50,COc1ccc(-c2cc(C(N)=O)nc3cc(C(C)Cc4cccnc4)ccc23)c(F)c1,8.096910013008056
CHEMBL3939455,CHEMBL5137,Metabotropic glutamate receptor 2,IC50,=,10.0,nM,CHEMBL3888122,B,"Biological Assay: The utility of the compounds in accordance with the present invention as antagonists of metabotropic glutamate receptor activity, in particular mGluR2 activity, may be demonstrated by methodology known in the art. Antagonist constants are determined as follows. The compounds of the present invention were tested in a fluorescence laser imaging plate reader based assay. This assay is a common functional assay to monitor Ca2+ mobilization in whole cells expressing recombinant receptor coupled with a promiscuous G-protein. CHO dhfr- cells stably expressing recombinant human mGluR2 and Gα16 loaded with Fluo-4 AM (Invitrogen, Carlsbad Calif.) are treated with various concentrations of antagonists of compounds and the Ca2+ response is monitored on a FLIPR384 (Molecular Devices, Sunnydale Calif.) for agonist activity.",CHEMBL3886589,Q14416,Metabotropic glutamate receptor 2,IC50,COc1ccc(-c2cc(C(N)=O)nc3cc(C(C)Cc4cccnc4)ccc23)c(F)c1,8.0
CHEMBL3904730,CHEMBL5137,Metabotropic glutamate receptor 2,IC50,=,10.0,nM,CHEMBL3888122,B,"Biological Assay: The utility of the compounds in accordance with the present invention as antagonists of metabotropic glutamate receptor activity, in particular mGluR2 activity, may be demonstrated by methodology known in the art. Antagonist constants are determined as follows. The compounds of the present invention were tested in a fluorescence laser imaging plate reader based assay. This assay is a common functional assay to monitor Ca2+ mobilization in whole cells expressing recombinant receptor coupled with a promiscuous G-protein. CHO dhfr- cells stably expressing recombinant human mGluR2 and Gα16 loaded with Fluo-4 AM (Invitrogen, Carlsbad Calif.) are treated with various concentrations of antagonists of compounds and the Ca2+ response is monitored on a FLIPR384 (Molecular Devices, Sunnydale Calif.) for agonist activity.",CHEMBL3886589,Q14416,Metabotropic glutamate receptor 2,IC50,COc1ccc(-c2cc(C(N)=O)nc3cc(C(C)Cc4ccc(CF)nc4)ccc23)cc1,8.0
CHEMBL3904730,CHEMBL5137,Metabotropic glutamate receptor 2,IC50,=,8.0,nM,CHEMBL3888122,B,"Biological Assay: The utility of the compounds in accordance with the present invention as antagonists of metabotropic glutamate receptor activity, in particular mGluR2 activity, may be demonstrated by methodology known in the art. Antagonist constants are determined as follows. The compounds of the present invention were tested in a fluorescence laser imaging plate reader based assay. This assay is a common functional assay to monitor Ca2+ mobilization in whole cells expressing recombinant receptor coupled with a promiscuous G-protein. CHO dhfr- cells stably expressing recombinant human mGluR2 and Gα16 loaded with Fluo-4 AM (Invitrogen, Carlsbad Calif.) are treated with various concentrations of antagonists of compounds and the Ca2+ response is monitored on a FLIPR384 (Molecular Devices, Sunnydale Calif.) for agonist activity.",CHEMBL3886589,Q14416,Metabotropic glutamate receptor 2,IC50,COc1ccc(-c2cc(C(N)=O)nc3cc(C(C)Cc4ccc(CF)nc4)ccc23)cc1,8.096910013008056
CHEMBL3936681,CHEMBL5137,Metabotropic glutamate receptor 2,IC50,=,10.0,nM,CHEMBL3888122,B,"Biological Assay: The utility of the compounds in accordance with the present invention as antagonists of metabotropic glutamate receptor activity, in particular mGluR2 activity, may be demonstrated by methodology known in the art. Antagonist constants are determined as follows. The compounds of the present invention were tested in a fluorescence laser imaging plate reader based assay. This assay is a common functional assay to monitor Ca2+ mobilization in whole cells expressing recombinant receptor coupled with a promiscuous G-protein. CHO dhfr- cells stably expressing recombinant human mGluR2 and Gα16 loaded with Fluo-4 AM (Invitrogen, Carlsbad Calif.) are treated with various concentrations of antagonists of compounds and the Ca2+ response is monitored on a FLIPR384 (Molecular Devices, Sunnydale Calif.) for agonist activity.",CHEMBL3886589,Q14416,Metabotropic glutamate receptor 2,IC50,COc1ccc(-c2cc(C(N)=O)nc3cc(C(C)Cc4ccc(CF)nc4)ccc23)c(F)c1,8.0
CHEMBL3936681,CHEMBL5137,Metabotropic glutamate receptor 2,IC50,=,9.0,nM,CHEMBL3888122,B,"Biological Assay: The utility of the compounds in accordance with the present invention as antagonists of metabotropic glutamate receptor activity, in particular mGluR2 activity, may be demonstrated by methodology known in the art. Antagonist constants are determined as follows. The compounds of the present invention were tested in a fluorescence laser imaging plate reader based assay. This assay is a common functional assay to monitor Ca2+ mobilization in whole cells expressing recombinant receptor coupled with a promiscuous G-protein. CHO dhfr- cells stably expressing recombinant human mGluR2 and Gα16 loaded with Fluo-4 AM (Invitrogen, Carlsbad Calif.) are treated with various concentrations of antagonists of compounds and the Ca2+ response is monitored on a FLIPR384 (Molecular Devices, Sunnydale Calif.) for agonist activity.",CHEMBL3886589,Q14416,Metabotropic glutamate receptor 2,IC50,COc1ccc(-c2cc(C(N)=O)nc3cc(C(C)Cc4ccc(CF)nc4)ccc23)c(F)c1,8.045757490560675
CHEMBL3945590,CHEMBL5137,Metabotropic glutamate receptor 2,IC50,=,4.0,nM,CHEMBL3888122,B,"Biological Assay: The utility of the compounds in accordance with the present invention as antagonists of metabotropic glutamate receptor activity, in particular mGluR2 activity, may be demonstrated by methodology known in the art. Antagonist constants are determined as follows. The compounds of the present invention were tested in a fluorescence laser imaging plate reader based assay. This assay is a common functional assay to monitor Ca2+ mobilization in whole cells expressing recombinant receptor coupled with a promiscuous G-protein. CHO dhfr- cells stably expressing recombinant human mGluR2 and Gα16 loaded with Fluo-4 AM (Invitrogen, Carlsbad Calif.) are treated with various concentrations of antagonists of compounds and the Ca2+ response is monitored on a FLIPR384 (Molecular Devices, Sunnydale Calif.) for agonist activity.",CHEMBL3886589,Q14416,Metabotropic glutamate receptor 2,IC50,COc1ccc(-c2cc(C(N)=O)nc3cc(CCc4cnc(C)nc4)ccc23)cc1F,8.397940008672037
CHEMBL3923126,CHEMBL5137,Metabotropic glutamate receptor 2,IC50,=,5.0,nM,CHEMBL3888122,B,"Biological Assay: The utility of the compounds in accordance with the present invention as antagonists of metabotropic glutamate receptor activity, in particular mGluR2 activity, may be demonstrated by methodology known in the art. Antagonist constants are determined as follows. The compounds of the present invention were tested in a fluorescence laser imaging plate reader based assay. This assay is a common functional assay to monitor Ca2+ mobilization in whole cells expressing recombinant receptor coupled with a promiscuous G-protein. CHO dhfr- cells stably expressing recombinant human mGluR2 and Gα16 loaded with Fluo-4 AM (Invitrogen, Carlsbad Calif.) are treated with various concentrations of antagonists of compounds and the Ca2+ response is monitored on a FLIPR384 (Molecular Devices, Sunnydale Calif.) for agonist activity.",CHEMBL3886589,Q14416,Metabotropic glutamate receptor 2,IC50,COc1cc(F)c(-c2cc(C(N)=O)nc3cc(CCc4cnc(C)nc4)ccc23)c(F)c1,8.301029995663981
CHEMBL3950864,CHEMBL5137,Metabotropic glutamate receptor 2,IC50,=,27.0,nM,CHEMBL3888122,B,"Biological Assay: The utility of the compounds in accordance with the present invention as antagonists of metabotropic glutamate receptor activity, in particular mGluR2 activity, may be demonstrated by methodology known in the art. Antagonist constants are determined as follows. The compounds of the present invention were tested in a fluorescence laser imaging plate reader based assay. This assay is a common functional assay to monitor Ca2+ mobilization in whole cells expressing recombinant receptor coupled with a promiscuous G-protein. CHO dhfr- cells stably expressing recombinant human mGluR2 and Gα16 loaded with Fluo-4 AM (Invitrogen, Carlsbad Calif.) are treated with various concentrations of antagonists of compounds and the Ca2+ response is monitored on a FLIPR384 (Molecular Devices, Sunnydale Calif.) for agonist activity.",CHEMBL3886589,Q14416,Metabotropic glutamate receptor 2,IC50,COc1ccc(-c2cc(C(N)=O)nc3cc(CCc4cnc(C)nc4)ccc23)cc1C,7.568636235841012
CHEMBL3935571,CHEMBL5137,Metabotropic glutamate receptor 2,IC50,=,52.0,nM,CHEMBL3888122,B,"Biological Assay: The utility of the compounds in accordance with the present invention as antagonists of metabotropic glutamate receptor activity, in particular mGluR2 activity, may be demonstrated by methodology known in the art. Antagonist constants are determined as follows. The compounds of the present invention were tested in a fluorescence laser imaging plate reader based assay. This assay is a common functional assay to monitor Ca2+ mobilization in whole cells expressing recombinant receptor coupled with a promiscuous G-protein. CHO dhfr- cells stably expressing recombinant human mGluR2 and Gα16 loaded with Fluo-4 AM (Invitrogen, Carlsbad Calif.) are treated with various concentrations of antagonists of compounds and the Ca2+ response is monitored on a FLIPR384 (Molecular Devices, Sunnydale Calif.) for agonist activity.",CHEMBL3886589,Q14416,Metabotropic glutamate receptor 2,IC50,COc1cc(C)c(-c2cc(C(N)=O)nc3cc(CCc4cnc(C)nc4)ccc23)c(C)c1,7.2839966563652006
CHEMBL3959588,CHEMBL5137,Metabotropic glutamate receptor 2,IC50,=,11.0,nM,CHEMBL3888122,B,"Biological Assay: The utility of the compounds in accordance with the present invention as antagonists of metabotropic glutamate receptor activity, in particular mGluR2 activity, may be demonstrated by methodology known in the art. Antagonist constants are determined as follows. The compounds of the present invention were tested in a fluorescence laser imaging plate reader based assay. This assay is a common functional assay to monitor Ca2+ mobilization in whole cells expressing recombinant receptor coupled with a promiscuous G-protein. CHO dhfr- cells stably expressing recombinant human mGluR2 and Gα16 loaded with Fluo-4 AM (Invitrogen, Carlsbad Calif.) are treated with various concentrations of antagonists of compounds and the Ca2+ response is monitored on a FLIPR384 (Molecular Devices, Sunnydale Calif.) for agonist activity.",CHEMBL3886589,Q14416,Metabotropic glutamate receptor 2,IC50,COc1c(F)cc(-c2cc(C(N)=O)nc3cc(CCc4cnc(C)nc4)ccc23)cc1F,7.958607314841775
CHEMBL3942209,CHEMBL5137,Metabotropic glutamate receptor 2,IC50,=,96.0,nM,CHEMBL3888122,B,"Biological Assay: The utility of the compounds in accordance with the present invention as antagonists of metabotropic glutamate receptor activity, in particular mGluR2 activity, may be demonstrated by methodology known in the art. Antagonist constants are determined as follows. The compounds of the present invention were tested in a fluorescence laser imaging plate reader based assay. This assay is a common functional assay to monitor Ca2+ mobilization in whole cells expressing recombinant receptor coupled with a promiscuous G-protein. CHO dhfr- cells stably expressing recombinant human mGluR2 and Gα16 loaded with Fluo-4 AM (Invitrogen, Carlsbad Calif.) are treated with various concentrations of antagonists of compounds and the Ca2+ response is monitored on a FLIPR384 (Molecular Devices, Sunnydale Calif.) for agonist activity.",CHEMBL3886589,Q14416,Metabotropic glutamate receptor 2,IC50,COc1ccc(-c2cc(C(N)=O)nc3cc(CCc4cnc(C)nc4)ccc23)cc1OC,7.017728766960431
CHEMBL3955188,CHEMBL5137,Metabotropic glutamate receptor 2,IC50,=,146.0,nM,CHEMBL4310442,B,Negative allosteric modulation of mGlu2R (unknown origin),CHEMBL4308859,Q14416,Metabotropic glutamate receptor 2,IC50,COc1ccc(-c2cc(C(N)=O)nc3cc(CCc4cnc(C)nc4)ccc23)c(F)c1,6.835647144215563
CHEMBL4441595,CHEMBL5137,Metabotropic glutamate receptor 2,IC50,=,207.0,nM,CHEMBL4310442,B,Negative allosteric modulation of mGlu2R (unknown origin),CHEMBL4308859,Q14416,Metabotropic glutamate receptor 2,IC50,C[C@@H]1CN(Cc2ccc3c(c2)c(=O)c(C(N)=O)cn3-c2ccc(F)cc2)C[C@H](C)O1,6.684029654543082
CHEMBL4515671,CHEMBL5137,Metabotropic glutamate receptor 2,IC50,=,45.0,nM,CHEMBL4310442,B,Negative allosteric modulation of mGlu2R (unknown origin),CHEMBL4308859,Q14416,Metabotropic glutamate receptor 2,IC50,[11CH3]Oc1ccc(-c2cc(C(N)=O)nc3cc(CN4C(=O)CCC4=O)ccc23)c(F)c1,7.346787486224656
CHEMBL4168094,CHEMBL5137,Metabotropic glutamate receptor 2,IC50,=,78.0,nM,CHEMBL4310442,B,Negative allosteric modulation of mGlu2R (unknown origin),CHEMBL4308859,Q14416,Metabotropic glutamate receptor 2,IC50,Cn1ccc(COc2cnc(C(N)=O)cc2-c2ccc(F)cc2)n1,7.107905397309519
CHEMBL4644424,CHEMBL5137,Metabotropic glutamate receptor 2,IC50,=,19.0,nM,CHEMBL4620114,B,Negative allosteric modulation of human mGluR2 by FLIPR assay,CHEMBL4619715,Q14416,Metabotropic glutamate receptor 2,IC50,CC[C@@](O)(c1cn(Cc2ccc3c(-c4ccc(Cl)cc4F)cc(C(N)=O)nc3c2)nn1)C(F)(F)F,7.721246399047171
CHEMBL4640529,CHEMBL5137,Metabotropic glutamate receptor 2,IC50,=,36.0,nM,CHEMBL4620114,B,Negative allosteric modulation of human mGluR2 by FLIPR assay,CHEMBL4619715,Q14416,Metabotropic glutamate receptor 2,IC50,CC[C@@](O)(c1cn(Cc2ccc3c(-c4ccccc4F)cc(C(N)=O)nc3c2)nn1)C(F)(F)F,7.443697499232712
CHEMBL4638570,CHEMBL5137,Metabotropic glutamate receptor 2,IC50,=,68.0,nM,CHEMBL4620114,B,Negative allosteric modulation of human mGluR2 by FLIPR assay,CHEMBL4619715,Q14416,Metabotropic glutamate receptor 2,IC50,CC[C@@](O)(c1cn(Cc2ccc3c(-c4ccccc4)cc(C(N)=O)nc3c2)nn1)C(F)(F)F,7.167491087293763
CHEMBL4642255,CHEMBL5137,Metabotropic glutamate receptor 2,IC50,=,409.0,nM,CHEMBL4620114,B,Negative allosteric modulation of human mGluR2 by FLIPR assay,CHEMBL4619715,Q14416,Metabotropic glutamate receptor 2,IC50,CC[C@@](O)(c1cn(Cc2ccc3c(-c4ccc(F)cc4)cc(C#N)nc3c2)nn1)C(F)(F)F,6.388276691992658
CHEMBL4640203,CHEMBL5137,Metabotropic glutamate receptor 2,IC50,=,13.0,nM,CHEMBL4620114,B,Negative allosteric modulation of human mGluR2 by FLIPR assay,CHEMBL4619715,Q14416,Metabotropic glutamate receptor 2,IC50,CC[C@@](O)(c1cn(Cc2ccc3c(-c4ccc(F)cc4)cc(C(N)=O)nc3c2)nn1)C(F)(F)F,7.886056647693163
CHEMBL4108213,CHEMBL5137,Metabotropic glutamate receptor 2,IC50,=,36.0,nM,CHEMBL4620114,B,Negative allosteric modulation of human mGluR2 by FLIPR assay,CHEMBL4619715,Q14416,Metabotropic glutamate receptor 2,IC50,CC[C@@](O)(c1cn(Cc2ccc3c(-c4ccc(F)cn4)cc(C(N)=O)nc3c2)nn1)C(F)(F)F,7.443697499232712
CHEMBL4647980,CHEMBL5137,Metabotropic glutamate receptor 2,IC50,=,25.0,nM,CHEMBL4620114,B,Negative allosteric modulation of human mGluR2 by FLIPR assay,CHEMBL4619715,Q14416,Metabotropic glutamate receptor 2,IC50,CC[C@@](O)(c1cn(Cc2ccc3c(-c4ccc(Cl)cc4)cc(C(N)=O)nc3c2)nn1)C(F)(F)F,7.6020599913279625
CHEMBL4646222,CHEMBL5137,Metabotropic glutamate receptor 2,IC50,=,2700.0,nM,CHEMBL4620114,B,Negative allosteric modulation of human mGluR2 by FLIPR assay,CHEMBL4619715,Q14416,Metabotropic glutamate receptor 2,IC50,CC[C@@](O)(c1cn(Cc2ccc3c(-c4ccc(C(C)C)cc4)cc(C(N)=O)nc3c2)nn1)C(F)(F)F,5.568636235841012
CHEMBL4643527,CHEMBL5137,Metabotropic glutamate receptor 2,IC50,=,144.0,nM,CHEMBL4620114,B,Negative allosteric modulation of human mGluR2 by FLIPR assay,CHEMBL4619715,Q14416,Metabotropic glutamate receptor 2,IC50,CC[C@@](O)(c1cn(Cc2ccc3c(-c4cccc(F)c4)cc(C(N)=O)nc3c2)nn1)C(F)(F)F,6.84163750790475
CHEMBL4634754,CHEMBL5137,Metabotropic glutamate receptor 2,IC50,=,238.0,nM,CHEMBL4620114,B,Negative allosteric modulation of human mGluR2 by FLIPR assay,CHEMBL4619715,Q14416,Metabotropic glutamate receptor 2,IC50,CC[C@@](O)(c1cn(Cc2ccc3c(-c4ccc(F)cc4)cc(C(C)=O)nc3c2)nn1)C(F)(F)F,6.623423042943488
CHEMBL4109248,CHEMBL5137,Metabotropic glutamate receptor 2,IC50,=,16.0,nM,CHEMBL4620114,B,Negative allosteric modulation of human mGluR2 by FLIPR assay,CHEMBL4619715,Q14416,Metabotropic glutamate receptor 2,IC50,CC[C@@](O)(c1cn(Cc2ccc3c(-c4ccc(F)cc4)cc(C(N)=O)nc3c2)cn1)C(F)(F)F,7.795880017344075
CHEMBL4637618,CHEMBL5137,Metabotropic glutamate receptor 2,IC50,=,10.0,nM,CHEMBL4620114,B,Negative allosteric modulation of human mGluR2 by FLIPR assay,CHEMBL4619715,Q14416,Metabotropic glutamate receptor 2,IC50,CC[C@@](O)(c1cnn(Cc2ccc3c(-c4ccc(F)cc4)cc(C(N)=O)nc3c2)c1)C(F)(F)F,8.0
CHEMBL4642338,CHEMBL5137,Metabotropic glutamate receptor 2,IC50,=,16.0,nM,CHEMBL4620114,B,Negative allosteric modulation of human mGluR2 by FLIPR assay,CHEMBL4619715,Q14416,Metabotropic glutamate receptor 2,IC50,CC[C@@](O)(c1nnn(Cc2ccc3c(-c4ccc(F)cc4)cc(C(N)=O)nc3c2)n1)C(F)(F)F,7.795880017344075
CHEMBL4642428,CHEMBL5137,Metabotropic glutamate receptor 2,IC50,=,12.0,nM,CHEMBL4620114,B,Negative allosteric modulation of human mGluR2 by FLIPR assay,CHEMBL4619715,Q14416,Metabotropic glutamate receptor 2,IC50,CC[C@@](O)(c1cn(C(C)c2ccc3c(-c4ccc(F)cc4)cc(C(N)=O)nc3c2)nn1)C(F)(F)F,7.920818753952375
CHEMBL4642428,CHEMBL5137,Metabotropic glutamate receptor 2,IC50,=,19.0,nM,CHEMBL4620114,B,Negative allosteric modulation of human mGluR2 by FLIPR assay,CHEMBL4619715,Q14416,Metabotropic glutamate receptor 2,IC50,CC[C@@](O)(c1cn(C(C)c2ccc3c(-c4ccc(F)cc4)cc(C(N)=O)nc3c2)nn1)C(F)(F)F,7.721246399047171
CHEMBL3945170,CHEMBL5137,Metabotropic glutamate receptor 2,IC50,=,149.0,nM,CHEMBL4620114,B,Negative allosteric modulation of human mGluR2 by FLIPR assay,CHEMBL4619715,Q14416,Metabotropic glutamate receptor 2,IC50,NC(=O)c1cc(-c2ccc(F)cc2)c2ccccc2n1,6.826813731587726
CHEMBL3919306,CHEMBL5137,Metabotropic glutamate receptor 2,IC50,=,61.0,nM,CHEMBL4620114,B,Negative allosteric modulation of human mGluR2 by FLIPR assay,CHEMBL4619715,Q14416,Metabotropic glutamate receptor 2,IC50,NC(=O)c1cc(-c2ccc(F)cc2)c2ccc(CN3CCC(F)(F)C3)cc2n1,7.214670164989233
CHEMBL3974648,CHEMBL5137,Metabotropic glutamate receptor 2,IC50,=,68.0,nM,CHEMBL4620114,B,Negative allosteric modulation of human mGluR2 by FLIPR assay,CHEMBL4619715,Q14416,Metabotropic glutamate receptor 2,IC50,NC(=O)c1cc(-c2ccc(F)cc2)c2ccc(CN3CCOCC3)cc2n1,7.167491087293763
CHEMBL4635528,CHEMBL5137,Metabotropic glutamate receptor 2,IC50,=,91.0,nM,CHEMBL4620114,B,Negative allosteric modulation of human mGluR2 by FLIPR assay,CHEMBL4619715,Q14416,Metabotropic glutamate receptor 2,IC50,NC(=O)c1cc(-c2ccc(F)cc2)c2ccc(CN3CCCC3=O)cc2n1,7.040958607678906
CHEMBL3892073,CHEMBL5137,Metabotropic glutamate receptor 2,IC50,=,9.0,nM,CHEMBL4620114,B,Negative allosteric modulation of human mGluR2 by FLIPR assay,CHEMBL4619715,Q14416,Metabotropic glutamate receptor 2,IC50,NC(=O)c1cc(-c2ccc(F)cc2)c2ccc(CN3C(=O)CCC3=O)cc2n1,8.045757490560675
CHEMBL3953417,CHEMBL5137,Metabotropic glutamate receptor 2,IC50,=,58.0,nM,CHEMBL4620114,B,Negative allosteric modulation of human mGluR2 by FLIPR assay,CHEMBL4619715,Q14416,Metabotropic glutamate receptor 2,IC50,NC(=O)c1cc(-c2ccc(F)cc2)c2ccc(CN3CCCCC3=O)cc2n1,7.236572006437063
CHEMBL3973949,CHEMBL5137,Metabotropic glutamate receptor 2,IC50,=,21.0,nM,CHEMBL4620114,B,Negative allosteric modulation of human mGluR2 by FLIPR assay,CHEMBL4619715,Q14416,Metabotropic glutamate receptor 2,IC50,NC(=O)c1cc(-c2ccc(F)cc2)c2ccc(CN3C(=O)CCCC3=O)cc2n1,7.6777807052660805
CHEMBL4634600,CHEMBL5137,Metabotropic glutamate receptor 2,IC50,=,404.0,nM,CHEMBL4620114,B,Negative allosteric modulation of human mGluR2 by FLIPR assay,CHEMBL4619715,Q14416,Metabotropic glutamate receptor 2,IC50,O=C1NCc2c1cc(-c1ccc(F)cc1)c1ccccc21,6.393618634889394
CHEMBL4636186,CHEMBL5137,Metabotropic glutamate receptor 2,IC50,=,367.0,nM,CHEMBL4620114,B,Negative allosteric modulation of human mGluR2 by FLIPR assay,CHEMBL4619715,Q14416,Metabotropic glutamate receptor 2,IC50,O=c1[nH]nc2ccccccc(-c3ccc(F)cc3)nn12,6.435333935747911
CHEMBL4634351,CHEMBL5137,Metabotropic glutamate receptor 2,IC50,=,1378.0,nM,CHEMBL4620114,B,Negative allosteric modulation of human mGluR2 by FLIPR assay,CHEMBL4619715,Q14416,Metabotropic glutamate receptor 2,IC50,O=c1[nH]nc2nc(-c3ccc(F)cc3)c3ccccc3n12,5.8607507824283935
CHEMBL2381642,CHEMBL5137,Metabotropic glutamate receptor 2,IC50,=,8.6,nM,CHEMBL4719943,B,Agonist activity at mGlu2 (unknown origin),CHEMBL4715808,Q14416,Metabotropic glutamate receptor 2,IC50,N[C@@]1(C(=O)O)C[C@@H](O)[C@H]2[C@H](C(=O)O)[C@H]21,8.065501548756432
CHEMBL2381643,CHEMBL5137,Metabotropic glutamate receptor 2,IC50,=,22.6,nM,CHEMBL4719943,B,Agonist activity at mGlu2 (unknown origin),CHEMBL4715808,Q14416,Metabotropic glutamate receptor 2,IC50,N[C@@]1(C(=O)O)C[C@H](O)[C@H]2[C@H](C(=O)O)[C@H]21,7.645891560852599
CHEMBL8759,CHEMBL5137,Metabotropic glutamate receptor 2,IC50,=,7.0,nM,CHEMBL4719943,B,Agonist activity at mGlu2 (unknown origin),CHEMBL4715808,Q14416,Metabotropic glutamate receptor 2,IC50,N[C@@]1(C(=O)O)CC[C@H]2[C@H](C(=O)O)[C@H]21,8.154901959985743
CHEMBL388669,CHEMBL5137,Metabotropic glutamate receptor 2,IC50,=,71.0,nM,CHEMBL5235565,B,Antagonist activity at human mGlur2,CHEMBL5233266,Q14416,Metabotropic glutamate receptor 2,IC50,O=C1NCCc2c1[nH]c1ccc(NC(=O)C34CC5CC(CC(C5)C3)C4)cc21,7.1487416512809245
CHEMBL3955188,CHEMBL5137,Metabotropic glutamate receptor 2,IC50,=,5.9,nM,CHEMBL5328172,B,Binding affinity to mGluR2 (unknown origin) FLIPR assay,CHEMBL5325482,Q14416,Metabotropic glutamate receptor 2,IC50,COc1ccc(-c2cc(C(N)=O)nc3cc(CCc4cnc(C)nc4)ccc23)c(F)c1,8.229147988357855
CHEMBL575060,CHEMBL5137,Metabotropic glutamate receptor 2,EC50,=,7400.0,nM,CHEMBL820339,B,Antagonistic activity against stimulation of GTP (gamma) 35 S binding by glutamate in membranes from CHO cells expressing human mGluR2,CHEMBL1134156,Q14416,Metabotropic glutamate receptor 2,EC50,N[C@@H](CCC(=O)O)C(=O)O,5.130768280269024
CHEMBL104296,CHEMBL5137,Metabotropic glutamate receptor 2,EC50,=,1500.0,nM,CHEMBL717759,B,Effective concentration against Metabotropic glutamate receptor 2,CHEMBL1145846,Q14416,Metabotropic glutamate receptor 2,EC50,CCS(=O)(=O)N(Cc1cccnc1)c1ccc(Oc2ccccc2)cc1,5.823908740944319
CHEMBL108939,CHEMBL5137,Metabotropic glutamate receptor 2,EC50,=,270.0,nM,CHEMBL717759,B,Effective concentration against Metabotropic glutamate receptor 2,CHEMBL1145846,Q14416,Metabotropic glutamate receptor 2,EC50,COc1ccccc1Oc1ccc(N(Cc2cccnc2)S(=O)(=O)CC(F)(F)F)cc1,6.568636235841012
CHEMBL320292,CHEMBL5137,Metabotropic glutamate receptor 2,EC50,=,620.0,nM,CHEMBL717758,B,Effective concentration against metabotropic glutamate receptor 2,CHEMBL1146782,Q14416,Metabotropic glutamate receptor 2,EC50,O=S(=O)(CC(F)(F)F)N(Cc1cccnc1)c1cccc(OCc2ccccc2)c1,6.207608310501746
CHEMBL105296,CHEMBL5137,Metabotropic glutamate receptor 2,EC50,=,14.0,nM,CHEMBL717758,B,Effective concentration against metabotropic glutamate receptor 2,CHEMBL1146782,Q14416,Metabotropic glutamate receptor 2,EC50,CCCC(C)Oc1cccc(N(Cc2cccnc2)S(=O)(=O)CC(F)(F)F)c1,7.853871964321762
CHEMBL104260,CHEMBL5137,Metabotropic glutamate receptor 2,EC50,=,140.0,nM,CHEMBL717758,B,Effective concentration against metabotropic glutamate receptor 2,CHEMBL1146782,Q14416,Metabotropic glutamate receptor 2,EC50,O=S(=O)(CC(F)(F)F)N(Cc1cccnc1)c1cccc(OC(F)(F)F)c1,6.853871964321762
CHEMBL105065,CHEMBL5137,Metabotropic glutamate receptor 2,EC50,=,72.0,nM,CHEMBL717758,B,Effective concentration against metabotropic glutamate receptor 2,CHEMBL1146782,Q14416,Metabotropic glutamate receptor 2,EC50,CCS(=O)(=O)N(Cc1cccnc1)c1cccc(C(C)c2ccccc2)c1,7.142667503568731
CHEMBL321968,CHEMBL5137,Metabotropic glutamate receptor 2,EC50,=,24.0,nM,CHEMBL717758,B,Effective concentration against metabotropic glutamate receptor 2,CHEMBL1146782,Q14416,Metabotropic glutamate receptor 2,EC50,O=S(=O)(CC(F)(F)F)N(Cc1cccnc1)c1cccc(OC2CCCC2)c1,7.619788758288394
CHEMBL107114,CHEMBL5137,Metabotropic glutamate receptor 2,EC50,=,29.0,nM,CHEMBL717758,B,Effective concentration against metabotropic glutamate receptor 2,CHEMBL1146782,Q14416,Metabotropic glutamate receptor 2,EC50,O=S(=O)(CC(F)(F)F)N(Cc1cccnc1)c1cccc(OC2CCCCC2)c1,7.537602002101044
CHEMBL440328,CHEMBL5137,Metabotropic glutamate receptor 2,EC50,=,640.0,nM,CHEMBL717758,B,Effective concentration against metabotropic glutamate receptor 2,CHEMBL1146782,Q14416,Metabotropic glutamate receptor 2,EC50,CCOC(=O)COc1cccc(N(Cc2cccnc2)S(=O)(=O)CC(F)(F)F)c1,6.1938200260161125
CHEMBL104129,CHEMBL5137,Metabotropic glutamate receptor 2,EC50,=,2500.0,nM,CHEMBL717758,B,Effective concentration against metabotropic glutamate receptor 2,CHEMBL1146782,Q14416,Metabotropic glutamate receptor 2,EC50,CCS(=O)(=O)N(Cc1cccnc1)c1cccc(C(O)c2ccccc2)c1,5.6020599913279625
CHEMBL2021372,CHEMBL5137,Metabotropic glutamate receptor 2,EC50,=,10000.0,nM,CHEMBL818771,B,Concentration required to inhibit mGluR2 receptor,CHEMBL1130848,Q14416,Metabotropic glutamate receptor 2,EC50,N[C@H](C(=O)O)C12C3C4C1C1C2C3C41C(=O)O,5.0
CHEMBL104818,CHEMBL5137,Metabotropic glutamate receptor 2,EC50,=,310.0,nM,CHEMBL717758,B,Effective concentration against metabotropic glutamate receptor 2,CHEMBL1146782,Q14416,Metabotropic glutamate receptor 2,EC50,CCS(=O)(=O)N(Cc1cccnc1)c1cccc(Cc2ccccc2)c1,6.508638306165727
CHEMBL107806,CHEMBL5137,Metabotropic glutamate receptor 2,EC50,=,4200.0,nM,CHEMBL717758,B,Effective concentration against metabotropic glutamate receptor 2,CHEMBL1146782,Q14416,Metabotropic glutamate receptor 2,EC50,CCS(=O)(=O)N(Cc1cccnc1)c1ccc(C(=O)c2ccccc2)cc1,5.376750709602099
CHEMBL320151,CHEMBL5137,Metabotropic glutamate receptor 2,EC50,=,180.0,nM,CHEMBL717758,B,Effective concentration against metabotropic glutamate receptor 2,CHEMBL1146782,Q14416,Metabotropic glutamate receptor 2,EC50,CCS(=O)(=O)N(Cc1cccnc1)c1cccc(C(F)c2ccccc2)c1,6.7447274948966935
CHEMBL322588,CHEMBL5137,Metabotropic glutamate receptor 2,EC50,=,18.0,nM,CHEMBL717758,B,Effective concentration against metabotropic glutamate receptor 2,CHEMBL1146782,Q14416,Metabotropic glutamate receptor 2,EC50,CCC(C)Oc1cccc(N(Cc2cccnc2)S(=O)(=O)CC(F)(F)F)c1,7.7447274948966935
CHEMBL105671,CHEMBL5137,Metabotropic glutamate receptor 2,EC50,=,2100.0,nM,CHEMBL717758,B,Effective concentration against metabotropic glutamate receptor 2,CHEMBL1146782,Q14416,Metabotropic glutamate receptor 2,EC50,COc1cccc(N(Cc2cccnc2)S(=O)(=O)CC(F)(F)F)c1,5.6777807052660805
CHEMBL323138,CHEMBL5137,Metabotropic glutamate receptor 2,EC50,=,1400.0,nM,CHEMBL717758,B,Effective concentration against metabotropic glutamate receptor 2,CHEMBL1146782,Q14416,Metabotropic glutamate receptor 2,EC50,CCS(=O)(=O)N(Cc1cccnc1)c1ccc(C(C)c2ccccc2)cc1,5.853871964321762
CHEMBL106909,CHEMBL5137,Metabotropic glutamate receptor 2,EC50,=,440.0,nM,CHEMBL717758,B,Effective concentration against metabotropic glutamate receptor 2,CHEMBL1146782,Q14416,Metabotropic glutamate receptor 2,EC50,CCS(=O)(=O)N(Cc1cccnc1)c1cccc(OCc2ccccc2)c1,6.356547323513812
CHEMBL322465,CHEMBL5137,Metabotropic glutamate receptor 2,EC50,=,100.0,nM,CHEMBL717758,B,Effective concentration against metabotropic glutamate receptor 2,CHEMBL1146782,Q14416,Metabotropic glutamate receptor 2,EC50,O=S(=O)(CC(F)(F)F)N(Cc1cccnc1)c1cccc(OCC(F)(F)F)c1,7.0
CHEMBL105151,CHEMBL5137,Metabotropic glutamate receptor 2,EC50,=,36.0,nM,CHEMBL717758,B,Effective concentration against metabotropic glutamate receptor 2,CHEMBL1146782,Q14416,Metabotropic glutamate receptor 2,EC50,O=S(=O)(CC(F)(F)F)N(Cc1cccnc1)c1cccc(OC2CCC2)c1,7.443697499232712
CHEMBL323080,CHEMBL5137,Metabotropic glutamate receptor 2,EC50,=,2100.0,nM,CHEMBL717758,B,Effective concentration against metabotropic glutamate receptor 2,CHEMBL1146782,Q14416,Metabotropic glutamate receptor 2,EC50,CCS(=O)(=O)N(Cc1cccnc1)c1ccc(COc2ccccc2)cc1,5.6777807052660805
CHEMBL104248,CHEMBL5137,Metabotropic glutamate receptor 2,EC50,=,1100.0,nM,CHEMBL717758,B,Effective concentration against metabotropic glutamate receptor 2,CHEMBL1146782,Q14416,Metabotropic glutamate receptor 2,EC50,CCS(=O)(=O)N(Cc1cccnc1)c1cccc(C(=O)c2ccccc2)c1,5.958607314841775
CHEMBL104191,CHEMBL5137,Metabotropic glutamate receptor 2,EC50,=,160.0,nM,CHEMBL717758,B,Effective concentration against metabotropic glutamate receptor 2,CHEMBL1146782,Q14416,Metabotropic glutamate receptor 2,EC50,CCS(=O)(=O)N(Cc1cccnc1)c1cccc(COc2ccccc2)c1,6.795880017344075
CHEMBL105193,CHEMBL5137,Metabotropic glutamate receptor 2,EC50,=,17.0,nM,CHEMBL717758,B,Effective concentration against metabotropic glutamate receptor 2,CHEMBL1146782,Q14416,Metabotropic glutamate receptor 2,EC50,CCC(C)COc1cccc(N(Cc2cccnc2)S(=O)(=O)CC(F)(F)F)c1,7.769551078621726
CHEMBL106561,CHEMBL5137,Metabotropic glutamate receptor 2,EC50,=,230.0,nM,CHEMBL717758,B,Effective concentration against metabotropic glutamate receptor 2,CHEMBL1146782,Q14416,Metabotropic glutamate receptor 2,EC50,CCOC(=O)C(C)Oc1cccc(N(Cc2cccnc2)S(=O)(=O)CC(F)(F)F)c1,6.638272163982407
CHEMBL323541,CHEMBL5137,Metabotropic glutamate receptor 2,EC50,=,88.0,nM,CHEMBL717758,B,Effective concentration against metabotropic glutamate receptor 2,CHEMBL1146782,Q14416,Metabotropic glutamate receptor 2,EC50,CCOC(=O)C(C)(C)Oc1cccc(N(Cc2cccnc2)S(=O)(=O)CC(F)(F)F)c1,7.055517327849831
CHEMBL107948,CHEMBL5137,Metabotropic glutamate receptor 2,EC50,=,27.0,nM,CHEMBL717758,B,Effective concentration against metabotropic glutamate receptor 2,CHEMBL1146782,Q14416,Metabotropic glutamate receptor 2,EC50,CC(C)COc1cccc(N(Cc2cccnc2)S(=O)(=O)CC(F)(F)F)c1,7.568636235841012
CHEMBL318309,CHEMBL5137,Metabotropic glutamate receptor 2,EC50,=,200.0,nM,CHEMBL717758,B,Effective concentration against metabotropic glutamate receptor 2,CHEMBL1146782,Q14416,Metabotropic glutamate receptor 2,EC50,C=C(c1ccccc1)c1cccc(N(Cc2cccnc2)S(=O)(=O)CC)c1,6.698970004336019
CHEMBL104190,CHEMBL5137,Metabotropic glutamate receptor 2,EC50,=,32.0,nM,CHEMBL717758,B,Effective concentration against metabotropic glutamate receptor 2,CHEMBL1146782,Q14416,Metabotropic glutamate receptor 2,EC50,CC(C)Oc1cccc(N(Cc2cccnc2)S(=O)(=O)CC(F)(F)F)c1,7.494850021680094
CHEMBL104541,CHEMBL5137,Metabotropic glutamate receptor 2,EC50,=,1600.0,nM,CHEMBL717758,B,Effective concentration against metabotropic glutamate receptor 2,CHEMBL1146782,Q14416,Metabotropic glutamate receptor 2,EC50,CCS(=O)(=O)N(Cc1cccnc1)c1ccc(Cc2ccccc2)cc1,5.795880017344075
CHEMBL421406,CHEMBL5137,Metabotropic glutamate receptor 2,EC50,=,360.0,nM,CHEMBL717758,B,Effective concentration against metabotropic glutamate receptor 2,CHEMBL1146782,Q14416,Metabotropic glutamate receptor 2,EC50,CCS(=O)(=O)N(Cc1cccnc1)c1cccc(Oc2ccccc2)c1,6.443697499232712
CHEMBL104140,CHEMBL5137,Metabotropic glutamate receptor 2,EC50,=,780.0,nM,CHEMBL717758,B,Effective concentration against metabotropic glutamate receptor 2,CHEMBL1146782,Q14416,Metabotropic glutamate receptor 2,EC50,C=C(c1ccccc1)c1ccc(N(Cc2cccnc2)S(=O)(=O)CC)cc1,6.107905397309519
CHEMBL321746,CHEMBL5137,Metabotropic glutamate receptor 2,EC50,=,16.0,nM,CHEMBL717758,B,Effective concentration against metabotropic glutamate receptor 2,CHEMBL1146782,Q14416,Metabotropic glutamate receptor 2,EC50,CCC(CC)Oc1cccc(N(Cc2cccnc2)S(=O)(=O)CC(F)(F)F)c1,7.795880017344075
CHEMBL104296,CHEMBL5137,Metabotropic glutamate receptor 2,EC50,=,1500.0,nM,CHEMBL717758,B,Effective concentration against metabotropic glutamate receptor 2,CHEMBL1146782,Q14416,Metabotropic glutamate receptor 2,EC50,CCS(=O)(=O)N(Cc1cccnc1)c1ccc(Oc2ccccc2)cc1,5.823908740944319
CHEMBL104785,CHEMBL5137,Metabotropic glutamate receptor 2,EC50,=,1600.0,nM,CHEMBL717758,B,Effective concentration against metabotropic glutamate receptor 2,CHEMBL1146782,Q14416,Metabotropic glutamate receptor 2,EC50,CCS(=O)(=O)N(Cc1cccnc1)c1cccc(OC(F)(F)F)c1,5.795880017344075
CHEMBL29726,CHEMBL5137,Metabotropic glutamate receptor 2,EC50,=,13000.0,nM,CHEMBL713618,B,Compound was tested for the inhibition of metabotropic glutamate receptor 2 (mGluR2).,CHEMBL1131214,Q14416,Metabotropic glutamate receptor 2,EC50,N[C@@]1(C(=O)O)CC[C@H](C(=O)O)C1,4.886056647693163
CHEMBL575060,CHEMBL5137,Metabotropic glutamate receptor 2,EC50,=,290.0,nM,CHEMBL713618,B,Compound was tested for the inhibition of metabotropic glutamate receptor 2 (mGluR2).,CHEMBL1131214,Q14416,Metabotropic glutamate receptor 2,EC50,N[C@@H](CCC(=O)O)C(=O)O,6.537602002101044
CHEMBL46527,CHEMBL5137,Metabotropic glutamate receptor 2,EC50,=,54000.0,nM,CHEMBL878220,B,Compound was tested for the inhibition of metabotropic glutamate receptor 2 (mGluR2).,CHEMBL1131214,Q14416,Metabotropic glutamate receptor 2,EC50,N[C@@]1(C(=O)O)C[C@H]2C[C@@H]1[C@@H]2C(=O)O,4.267606240177032
CHEMBL296054,CHEMBL5137,Metabotropic glutamate receptor 2,EC50,=,330.0,nM,CHEMBL878220,B,Compound was tested for the inhibition of metabotropic glutamate receptor 2 (mGluR2).,CHEMBL1131214,Q14416,Metabotropic glutamate receptor 2,EC50,N[C@@]1(C(=O)O)C[C@@H]2C[C@H]1[C@H]2C(=O)O,6.481486060122112
CHEMBL42148,CHEMBL5137,Metabotropic glutamate receptor 2,EC50,=,38000.0,nM,CHEMBL878220,B,Compound was tested for the inhibition of metabotropic glutamate receptor 2 (mGluR2).,CHEMBL1131214,Q14416,Metabotropic glutamate receptor 2,EC50,N[C@@]1(C(=O)O)C[C@@H]2C[C@H]1[C@@H]2C(=O)O,4.42021640338319
CHEMBL34453,CHEMBL5137,Metabotropic glutamate receptor 2,EC50,=,2000.0,nM,CHEMBL713618,B,Compound was tested for the inhibition of metabotropic glutamate receptor 2 (mGluR2).,CHEMBL1131214,Q14416,Metabotropic glutamate receptor 2,EC50,N[C@@]1(C(=O)O)CC[C@@H](C(=O)O)C1,5.698970004336019
CHEMBL34453,CHEMBL5137,Metabotropic glutamate receptor 2,EC50,=,12100.0,nM,CHEMBL717757,B,Concentration for half maximal activation of metabotropic glutamate mGluR2 in human,CHEMBL1128305,Q14416,Metabotropic glutamate receptor 2,EC50,N[C@@]1(C(=O)O)CC[C@@H](C(=O)O)C1,4.91721462968355
CHEMBL280563,CHEMBL5137,Metabotropic glutamate receptor 2,EC50,=,380.0,nM,CHEMBL717757,B,Concentration for half maximal activation of metabotropic glutamate mGluR2 in human,CHEMBL1128305,Q14416,Metabotropic glutamate receptor 2,EC50,N[C@H](C(=O)O)[C@H]1C[C@@H]1C(=O)O,6.42021640338319
CHEMBL575060,CHEMBL5137,Metabotropic glutamate receptor 2,EC50,=,4700.0,nM,CHEMBL717757,B,Concentration for half maximal activation of metabotropic glutamate mGluR2 in human,CHEMBL1128305,Q14416,Metabotropic glutamate receptor 2,EC50,N[C@@H](CCC(=O)O)C(=O)O,5.327902142064282
CHEMBL181364,CHEMBL5137,Metabotropic glutamate receptor 2,EC50,=,186.0,nM,CHEMBL840258,B,Binding affinity against metabotropic glutamate receptor 2,CHEMBL1142032,Q14416,Metabotropic glutamate receptor 2,EC50,CCCC1Cc2cc(OCc3cccc(CSc4ccncc4)c3)c(Cl)c(Cl)c2C1=O,6.730487055782083
CHEMBL359909,CHEMBL5137,Metabotropic glutamate receptor 2,EC50,=,596.0,nM,CHEMBL840258,B,Binding affinity against metabotropic glutamate receptor 2,CHEMBL1142032,Q14416,Metabotropic glutamate receptor 2,EC50,Cc1c(OCc2cccc(CSc3ccncc3)c2)cc2c(c1C)C(=O)C(C1CCCC1)C2,6.2247537402597635
CHEMBL180871,CHEMBL5137,Metabotropic glutamate receptor 2,EC50,=,291.0,nM,CHEMBL840258,B,Binding affinity against metabotropic glutamate receptor 2,CHEMBL1142032,Q14416,Metabotropic glutamate receptor 2,EC50,CCCC1Cc2cc(OCc3cccc(CSc4ccncc4)c3)c(C)c(C)c2C1=O,6.536107011014092
CHEMBL361358,CHEMBL5137,Metabotropic glutamate receptor 2,EC50,=,600.0,nM,CHEMBL840258,B,Binding affinity against metabotropic glutamate receptor 2,CHEMBL1142032,Q14416,Metabotropic glutamate receptor 2,EC50,CC1(C2CCCC2)Cc2cc(OCC(=O)Nc3ccc(-c4nn[nH]n4)cc3)c(Cl)c(Cl)c2C1=O,6.221848749616356
CHEMBL182138,CHEMBL5137,Metabotropic glutamate receptor 2,EC50,=,5000.0,nM,CHEMBL840258,B,Binding affinity against metabotropic glutamate receptor 2,CHEMBL1142032,Q14416,Metabotropic glutamate receptor 2,EC50,CC1(C2CCCC2)Cc2cc(OCCCc3nn[nH]n3)c(Cl)c(Cl)c2C1=O,5.301029995663981
CHEMBL183234,CHEMBL5137,Metabotropic glutamate receptor 2,EC50,=,589.0,nM,CHEMBL840258,B,Binding affinity against metabotropic glutamate receptor 2,CHEMBL1142032,Q14416,Metabotropic glutamate receptor 2,EC50,CC1(C2CCCC2)Cc2cc(OCCCCc3nn[nH]n3)c(Cl)c(Cl)c2C1=O,6.229884705212898
CHEMBL183286,CHEMBL5137,Metabotropic glutamate receptor 2,EC50,=,761.0,nM,CHEMBL840258,B,Binding affinity against metabotropic glutamate receptor 2,CHEMBL1142032,Q14416,Metabotropic glutamate receptor 2,EC50,CC1(C2CCCC2)Cc2cc(OCCCCCc3nn[nH]n3)c(Cl)c(Cl)c2C1=O,6.118615343229427
CHEMBL181869,CHEMBL5137,Metabotropic glutamate receptor 2,EC50,=,371.0,nM,CHEMBL840258,B,Binding affinity against metabotropic glutamate receptor 2,CHEMBL1142032,Q14416,Metabotropic glutamate receptor 2,EC50,CC1(C2CCCC2)Cc2cc(OCc3cccc(-c4nn[nH]n4)c3)c(Cl)c(Cl)c2C1=O,6.430626090384954
CHEMBL180186,CHEMBL5137,Metabotropic glutamate receptor 2,EC50,=,223.0,nM,CHEMBL840258,B,Binding affinity against metabotropic glutamate receptor 2,CHEMBL1142032,Q14416,Metabotropic glutamate receptor 2,EC50,CC1(C2CCCC2)Cc2cc(OCc3ccc(-c4nn[nH]n4)cc3)c(Cl)c(Cl)c2C1=O,6.651695136951839
CHEMBL178823,CHEMBL5137,Metabotropic glutamate receptor 2,EC50,=,1160.0,nM,CHEMBL840258,B,Binding affinity against metabotropic glutamate receptor 2,CHEMBL1142032,Q14416,Metabotropic glutamate receptor 2,EC50,CC1(C2CCCC2)Cc2cc(CCc3ccc(-c4nn[nH]n4)cc3)c(Cl)c(Cl)c2C1=O,5.935542010773082
CHEMBL367823,CHEMBL5137,Metabotropic glutamate receptor 2,EC50,=,276.0,nM,CHEMBL840258,B,Binding affinity against metabotropic glutamate receptor 2,CHEMBL1142032,Q14416,Metabotropic glutamate receptor 2,EC50,CC1(C2CCCC2)Cc2cc(OCCOc3ccc(-c4nn[nH]n4)cc3)c(Cl)c(Cl)c2C1=O,6.559090917934782
CHEMBL183911,CHEMBL5137,Metabotropic glutamate receptor 2,EC50,=,270.0,nM,CHEMBL840258,B,Binding affinity against metabotropic glutamate receptor 2,CHEMBL1142032,Q14416,Metabotropic glutamate receptor 2,EC50,CC1(C2CCCC2)Cc2cc(OCCCOc3ccc(-c4nn[nH]n4)cc3)c(Cl)c(Cl)c2C1=O,6.568636235841012
CHEMBL361837,CHEMBL5137,Metabotropic glutamate receptor 2,EC50,=,225.0,nM,CHEMBL840258,B,Binding affinity against metabotropic glutamate receptor 2,CHEMBL1142032,Q14416,Metabotropic glutamate receptor 2,EC50,CC1(C2CCCC2)Cc2cc(OCCCCOc3ccc(-c4nn[nH]n4)cc3)c(Cl)c(Cl)c2C1=O,6.647817481888637
CHEMBL179939,CHEMBL5137,Metabotropic glutamate receptor 2,EC50,=,122.0,nM,CHEMBL840258,B,Binding affinity against metabotropic glutamate receptor 2,CHEMBL1142032,Q14416,Metabotropic glutamate receptor 2,EC50,O=C1c2c(cc(OCc3ccc(-c4nn[nH]n4)cc3)c(Cl)c2Cl)CC1C1CCCC1,6.913640169325252
CHEMBL182946,CHEMBL5137,Metabotropic glutamate receptor 2,EC50,=,195.0,nM,CHEMBL840258,B,Binding affinity against metabotropic glutamate receptor 2,CHEMBL1142032,Q14416,Metabotropic glutamate receptor 2,EC50,CC(C)C1Cc2cc(OCc3ccc(-c4nn[nH]n4)cc3)c(Cl)c(Cl)c2C1=O,6.709965388637482
CHEMBL183541,CHEMBL5137,Metabotropic glutamate receptor 2,EC50,=,282.0,nM,CHEMBL840258,B,Binding affinity against metabotropic glutamate receptor 2,CHEMBL1142032,Q14416,Metabotropic glutamate receptor 2,EC50,CCCC1Cc2cc(OCc3ccc(-c4nn[nH]n4)cc3)c(Cl)c(Cl)c2C1=O,6.549750891680639
CHEMBL180488,CHEMBL5137,Metabotropic glutamate receptor 2,EC50,=,782.0,nM,CHEMBL840258,B,Binding affinity against metabotropic glutamate receptor 2,CHEMBL1142032,Q14416,Metabotropic glutamate receptor 2,EC50,CC1(C)Cc2cc(OCc3ccc(-c4nn[nH]n4)cc3)c(Cl)c(Cl)c2C1=O,6.106793246940152
CHEMBL361633,CHEMBL5137,Metabotropic glutamate receptor 2,EC50,=,629.0,nM,CHEMBL840258,B,Binding affinity against metabotropic glutamate receptor 2,CHEMBL1142032,Q14416,Metabotropic glutamate receptor 2,EC50,CC1(c2ccccc2)Cc2cc(OCc3ccc(-c4nn[nH]n4)cc3)c(Cl)c(Cl)c2C1=O,6.201349354554731
CHEMBL361570,CHEMBL5137,Metabotropic glutamate receptor 2,EC50,=,1090.0,nM,CHEMBL840258,B,Binding affinity against metabotropic glutamate receptor 2,CHEMBL1142032,Q14416,Metabotropic glutamate receptor 2,EC50,CCCCC1(C2CCCC2)Cc2cc(OCc3ccc(-c4nn[nH]n4)cc3)c(Cl)c(Cl)c2C1=O,5.962573502059376
CHEMBL154542,CHEMBL5137,Metabotropic glutamate receptor 2,EC50,=,892.0,nM,CHEMBL840258,B,Binding affinity against metabotropic glutamate receptor 2,CHEMBL1142032,Q14416,Metabotropic glutamate receptor 2,EC50,CC1(C2CCCC2)Cc2cc(OCc3ccc(C(=O)O)cc3)c(Cl)c(Cl)c2C1=O,6.049635145623877
CHEMBL180455,CHEMBL5137,Metabotropic glutamate receptor 2,EC50,=,442.0,nM,CHEMBL840258,B,Binding affinity against metabotropic glutamate receptor 2,CHEMBL1142032,Q14416,Metabotropic glutamate receptor 2,EC50,CC(=O)NC(=O)c1ccc(COc2cc3c(c(Cl)c2Cl)C(=O)C(C)(C2CCCC2)C3)cc1,6.354577730650908
CHEMBL369526,CHEMBL5137,Metabotropic glutamate receptor 2,EC50,=,515.0,nM,CHEMBL840258,B,Binding affinity against metabotropic glutamate receptor 2,CHEMBL1142032,Q14416,Metabotropic glutamate receptor 2,EC50,CC1(C2CCCC2)Cc2cc(OCc3ccc(C(=O)NS(C)(=O)=O)cc3)c(Cl)c(Cl)c2C1=O,6.288192770958808
CHEMBL179876,CHEMBL5137,Metabotropic glutamate receptor 2,EC50,=,562.0,nM,CHEMBL840258,B,Binding affinity against metabotropic glutamate receptor 2,CHEMBL1142032,Q14416,Metabotropic glutamate receptor 2,EC50,CC1(C2CCCC2)Cc2cc(OCc3cccc(CSc4ccncc4)c3)c(Cl)c(Cl)c2C1=O,6.250263684430939
CHEMBL179839,CHEMBL5137,Metabotropic glutamate receptor 2,EC50,=,165.0,nM,CHEMBL840258,B,Binding affinity against metabotropic glutamate receptor 2,CHEMBL1142032,Q14416,Metabotropic glutamate receptor 2,EC50,O=C1c2c(cc(OCc3cccc(CSc4ccncc4)c3)c(Cl)c2Cl)CC1C1CCCC1,6.782516055786093
CHEMBL179171,CHEMBL5137,Metabotropic glutamate receptor 2,EC50,=,839.0,nM,CHEMBL840258,B,Binding affinity against metabotropic glutamate receptor 2,CHEMBL1142032,Q14416,Metabotropic glutamate receptor 2,EC50,CC(C)C1Cc2cc(OCc3cccc(CSc4ccncc4)c3)c(Cl)c(Cl)c2C1=O,6.076238039171299
CHEMBL108939,CHEMBL5137,Metabotropic glutamate receptor 2,EC50,=,1700.0,nM,CHEMBL829294,B,Effective concentration for binding to human metabotropic glutamate receptor 2 as determined by GTPgammaS assay,CHEMBL1137976,Q14416,Metabotropic glutamate receptor 2,EC50,COc1ccccc1Oc1ccc(N(Cc2cccnc2)S(=O)(=O)CC(F)(F)F)cc1,5.769551078621726
CHEMBL182371,CHEMBL5137,Metabotropic glutamate receptor 2,EC50,=,348.0,nM,CHEMBL829294,B,Effective concentration for binding to human metabotropic glutamate receptor 2 as determined by GTPgammaS assay,CHEMBL1137976,Q14416,Metabotropic glutamate receptor 2,EC50,CCCc1c(OCCCCOc2ccc(-c3nn[nH]n3)cc2)ccc(C(C)=O)c1O,6.458420756053419
CHEMBL184838,CHEMBL5137,Metabotropic glutamate receptor 2,EC50,=,1418.0,nM,CHEMBL829294,B,Effective concentration for binding to human metabotropic glutamate receptor 2 as determined by GTPgammaS assay,CHEMBL1137976,Q14416,Metabotropic glutamate receptor 2,EC50,CCCc1c(OCCCOc2ccc(-c3nn[nH]n3)cc2)ccc(C(C)=O)c1O,5.848323769152952
CHEMBL181648,CHEMBL5137,Metabotropic glutamate receptor 2,EC50,=,3313.0,nM,CHEMBL829294,B,Effective concentration for binding to human metabotropic glutamate receptor 2 as determined by GTPgammaS assay,CHEMBL1137976,Q14416,Metabotropic glutamate receptor 2,EC50,CCCc1c(OCCCCCOc2ccc(-c3nn[nH]n3)cc2)ccc(C(C)=O)c1O,5.47977856411804
CHEMBL187151,CHEMBL5137,Metabotropic glutamate receptor 2,EC50,=,918.0,nM,CHEMBL829294,B,Effective concentration for binding to human metabotropic glutamate receptor 2 as determined by GTPgammaS assay,CHEMBL1137976,Q14416,Metabotropic glutamate receptor 2,EC50,CCCc1c(OC(C)CCCOc2ccc(-c3nn[nH]n3)cc2)ccc(C(C)=O)c1O,6.037157318798758
CHEMBL361248,CHEMBL5137,Metabotropic glutamate receptor 2,EC50,=,495.0,nM,CHEMBL829294,B,Effective concentration for binding to human metabotropic glutamate receptor 2 as determined by GTPgammaS assay,CHEMBL1137976,Q14416,Metabotropic glutamate receptor 2,EC50,CCCc1c(OCCCC(C)Oc2ccc(-c3nn[nH]n3)cc2)ccc(C(C)=O)c1O,6.305394801066431
CHEMBL186584,CHEMBL5137,Metabotropic glutamate receptor 2,EC50,=,241.0,nM,CHEMBL829294,B,Effective concentration for binding to human metabotropic glutamate receptor 2 as determined by GTPgammaS assay,CHEMBL1137976,Q14416,Metabotropic glutamate receptor 2,EC50,CCCc1c(OC(C)CCC(C)Oc2ccc(-c3nn[nH]n3)cc2)ccc(C(C)=O)c1O,6.617982957425132
CHEMBL187959,CHEMBL5137,Metabotropic glutamate receptor 2,EC50,=,939.0,nM,CHEMBL829294,B,Effective concentration for binding to human metabotropic glutamate receptor 2 as determined by GTPgammaS assay,CHEMBL1137976,Q14416,Metabotropic glutamate receptor 2,EC50,CCCc1c(OCCCCNc2ccc(-c3nn[nH]n3)cc2)ccc(C(C)=O)c1O,6.027334407733889
CHEMBL425540,CHEMBL5137,Metabotropic glutamate receptor 2,EC50,=,2013.0,nM,CHEMBL829294,B,Effective concentration for binding to human metabotropic glutamate receptor 2 as determined by GTPgammaS assay,CHEMBL1137976,Q14416,Metabotropic glutamate receptor 2,EC50,CCCc1c(OCCCCN(C)c2ccc(-c3nn[nH]n3)cc2)ccc(C(C)=O)c1O,5.696156225111345
CHEMBL184098,CHEMBL5137,Metabotropic glutamate receptor 2,EC50,=,7517.0,nM,CHEMBL829294,B,Effective concentration for binding to human metabotropic glutamate receptor 2 as determined by GTPgammaS assay,CHEMBL1137976,Q14416,Metabotropic glutamate receptor 2,EC50,CCCc1c(OCCCC(=O)Oc2ccc(-c3nn[nH]n3)cc2)ccc(C(C)=O)c1O,5.123955449753905
CHEMBL187537,CHEMBL5137,Metabotropic glutamate receptor 2,EC50,=,3365.0,nM,CHEMBL829294,B,Effective concentration for binding to human metabotropic glutamate receptor 2 as determined by GTPgammaS assay,CHEMBL1137976,Q14416,Metabotropic glutamate receptor 2,EC50,CC(=O)c1ccc(OCCCCOc2ccc(-c3nn[nH]n3)cc2)c(C)c1O,5.473014931440004
CHEMBL185529,CHEMBL5137,Metabotropic glutamate receptor 2,EC50,=,878.0,nM,CHEMBL829294,B,Effective concentration for binding to human metabotropic glutamate receptor 2 as determined by GTPgammaS assay,CHEMBL1137976,Q14416,Metabotropic glutamate receptor 2,EC50,CC(=O)c1ccc(OCCCCOc2ccc(-c3nn[nH]n3)cc2)c(Br)c1O,6.056505484093897
CHEMBL185602,CHEMBL5137,Metabotropic glutamate receptor 2,EC50,=,380.0,nM,CHEMBL829294,B,Effective concentration for binding to human metabotropic glutamate receptor 2 as determined by GTPgammaS assay,CHEMBL1137976,Q14416,Metabotropic glutamate receptor 2,EC50,CCC(=O)c1ccc(OCCCCOc2ccc(-c3nn[nH]n3)cc2)c(C)c1O,6.42021640338319
CHEMBL185911,CHEMBL5137,Metabotropic glutamate receptor 2,EC50,=,304.0,nM,CHEMBL829294,B,Effective concentration for binding to human metabotropic glutamate receptor 2 as determined by GTPgammaS assay,CHEMBL1137976,Q14416,Metabotropic glutamate receptor 2,EC50,CCCC(=O)c1ccc(OCCCCOc2ccc(-c3nn[nH]n3)cc2)c(C)c1O,6.517126416391246
CHEMBL185054,CHEMBL5137,Metabotropic glutamate receptor 2,EC50,=,229.0,nM,CHEMBL829294,B,Effective concentration for binding to human metabotropic glutamate receptor 2 as determined by GTPgammaS assay,CHEMBL1137976,Q14416,Metabotropic glutamate receptor 2,EC50,Cc1c(OCCCCOc2ccc(-c3nn[nH]n3)cc2)ccc(C(=O)CC(C)C)c1O,6.6401645176601125
CHEMBL187077,CHEMBL5137,Metabotropic glutamate receptor 2,EC50,=,421.0,nM,CHEMBL829294,B,Effective concentration for binding to human metabotropic glutamate receptor 2 as determined by GTPgammaS assay,CHEMBL1137976,Q14416,Metabotropic glutamate receptor 2,EC50,CCCc1c(OCCCCOc2ccc(-c3nn[nH]n3)cc2)ccc(C(=O)CC(C)C)c1O,6.375717904164332
CHEMBL364324,CHEMBL5137,Metabotropic glutamate receptor 2,EC50,=,93.0,nM,CHEMBL829294,B,Effective concentration for binding to human metabotropic glutamate receptor 2 as determined by GTPgammaS assay,CHEMBL1137976,Q14416,Metabotropic glutamate receptor 2,EC50,CC(C)CC(=O)c1ccc(OCCCCOc2ccc(-c3nn[nH]n3)cc2)c(Br)c1O,7.031517051446065
CHEMBL185419,CHEMBL5137,Metabotropic glutamate receptor 2,EC50,=,1823.0,nM,CHEMBL829294,B,Effective concentration for binding to human metabotropic glutamate receptor 2 as determined by GTPgammaS assay,CHEMBL1137976,Q14416,Metabotropic glutamate receptor 2,EC50,CCCc1c(OCCCCOc2ccc(C(=O)O)cc2)ccc(C(C)=O)c1O,5.739213331345024
CHEMBL183756,CHEMBL5137,Metabotropic glutamate receptor 2,EC50,=,1041.0,nM,CHEMBL829294,B,Effective concentration for binding to human metabotropic glutamate receptor 2 as determined by GTPgammaS assay,CHEMBL1137976,Q14416,Metabotropic glutamate receptor 2,EC50,CCCc1c(OCCCCOc2ccc(C(=O)NS(C)(=O)=O)cc2)ccc(C(C)=O)c1O,5.982549270489464
CHEMBL371301,CHEMBL5137,Metabotropic glutamate receptor 2,EC50,=,1000000.0,nM,CHEMBL869422,B,Activity against mGluR2,CHEMBL1148598,Q14416,Metabotropic glutamate receptor 2,EC50,O=C(O)[C@H]1CC[C@H]2CN[C@H](C(=O)O)[C@H]21,3.0
CHEMBL593196,CHEMBL5137,Metabotropic glutamate receptor 2,EC50,=,199.53,nM,CHEMBL1071915,B,Positive modulation of human mGluR2 expressed in CHO cells co-expressing Ga16 G-protein assessed as glutamate-induced response by FLIPR assay,CHEMBL1153221,Q14416,Metabotropic glutamate receptor 2,EC50,Cn1c(CN2CCC(c3ccccc3)CC2)nc2ccccc21,6.699991797446187
CHEMBL607689,CHEMBL5137,Metabotropic glutamate receptor 2,EC50,=,125.89,nM,CHEMBL1071915,B,Positive modulation of human mGluR2 expressed in CHO cells co-expressing Ga16 G-protein assessed as glutamate-induced response by FLIPR assay,CHEMBL1153221,Q14416,Metabotropic glutamate receptor 2,EC50,Cn1c(CN2CCC(c3ccccc3F)CC2)nc2ccccc21,6.900008766455316
CHEMBL593744,CHEMBL5137,Metabotropic glutamate receptor 2,EC50,=,79.43,nM,CHEMBL1071915,B,Positive modulation of human mGluR2 expressed in CHO cells co-expressing Ga16 G-protein assessed as glutamate-induced response by FLIPR assay,CHEMBL1153221,Q14416,Metabotropic glutamate receptor 2,EC50,Cn1c(CN2CCC(c3ccc(Cl)cc3)CC2)nc2ccccc21,7.100015437450609
CHEMBL604467,CHEMBL5137,Metabotropic glutamate receptor 2,EC50,=,316.23,nM,CHEMBL1071915,B,Positive modulation of human mGluR2 expressed in CHO cells co-expressing Ga16 G-protein assessed as glutamate-induced response by FLIPR assay,CHEMBL1153221,Q14416,Metabotropic glutamate receptor 2,EC50,Cn1c(CN2CCC(c3ccccc3C(F)(F)F)CC2)nc2ccccc21,6.499996931948306
CHEMBL604993,CHEMBL5137,Metabotropic glutamate receptor 2,EC50,=,100.0,nM,CHEMBL1071915,B,Positive modulation of human mGluR2 expressed in CHO cells co-expressing Ga16 G-protein assessed as glutamate-induced response by FLIPR assay,CHEMBL1153221,Q14416,Metabotropic glutamate receptor 2,EC50,Cn1c(CN2CCC(c3cccc(C(F)(F)F)c3)CC2)nc2ccccc21,7.0
CHEMBL593745,CHEMBL5137,Metabotropic glutamate receptor 2,EC50,=,100.0,nM,CHEMBL1071915,B,Positive modulation of human mGluR2 expressed in CHO cells co-expressing Ga16 G-protein assessed as glutamate-induced response by FLIPR assay,CHEMBL1153221,Q14416,Metabotropic glutamate receptor 2,EC50,Cn1c(CN2CCC(c3ccc(C(F)(F)F)cc3)CC2)nc2ccccc21,7.0
CHEMBL608103,CHEMBL5137,Metabotropic glutamate receptor 2,EC50,=,100.0,nM,CHEMBL1071915,B,Positive modulation of human mGluR2 expressed in CHO cells co-expressing Ga16 G-protein assessed as glutamate-induced response by FLIPR assay,CHEMBL1153221,Q14416,Metabotropic glutamate receptor 2,EC50,Cn1c(CN2CCC(c3cccc(Cl)c3)CC2)nc2ccccc21,7.0
CHEMBL605831,CHEMBL5137,Metabotropic glutamate receptor 2,EC50,=,158.49,nM,CHEMBL1071915,B,Positive modulation of human mGluR2 expressed in CHO cells co-expressing Ga16 G-protein assessed as glutamate-induced response by FLIPR assay,CHEMBL1153221,Q14416,Metabotropic glutamate receptor 2,EC50,Cn1c(CN2CCC(c3nc4ccccc4s3)CC2)nc2ccccc21,6.799998134593398
CHEMBL596527,CHEMBL5137,Metabotropic glutamate receptor 2,EC50,=,199.53,nM,CHEMBL1071915,B,Positive modulation of human mGluR2 expressed in CHO cells co-expressing Ga16 G-protein assessed as glutamate-induced response by FLIPR assay,CHEMBL1153221,Q14416,Metabotropic glutamate receptor 2,EC50,Cn1c(CN2CCC(c3nsc4ccccc34)CC2)nc2ccccc21,6.699991797446187
CHEMBL593056,CHEMBL5137,Metabotropic glutamate receptor 2,EC50,=,39.81,nM,CHEMBL1071915,B,Positive modulation of human mGluR2 expressed in CHO cells co-expressing Ga16 G-protein assessed as glutamate-induced response by FLIPR assay,CHEMBL1153221,Q14416,Metabotropic glutamate receptor 2,EC50,Cn1c(CN2CCC(c3ncc(C(F)(F)F)cc3Cl)CC2)nc2ccccc21,7.400007822415902
CHEMBL593300,CHEMBL5137,Metabotropic glutamate receptor 2,EC50,=,5011.87,nM,CHEMBL1071915,B,Positive modulation of human mGluR2 expressed in CHO cells co-expressing Ga16 G-protein assessed as glutamate-induced response by FLIPR assay,CHEMBL1153221,Q14416,Metabotropic glutamate receptor 2,EC50,Cn1c(CN2CCN(c3ccccc3)CC2)nc2ccccc21,5.300000202445418
CHEMBL596270,CHEMBL5137,Metabotropic glutamate receptor 2,EC50,=,794.33,nM,CHEMBL1071915,B,Positive modulation of human mGluR2 expressed in CHO cells co-expressing Ga16 G-protein assessed as glutamate-induced response by FLIPR assay,CHEMBL1153221,Q14416,Metabotropic glutamate receptor 2,EC50,Cn1c(CN2CCN(c3ccccc3F)CC2)nc2ccccc21,6.0999990348465305
CHEMBL596271,CHEMBL5137,Metabotropic glutamate receptor 2,EC50,=,794.33,nM,CHEMBL1071915,B,Positive modulation of human mGluR2 expressed in CHO cells co-expressing Ga16 G-protein assessed as glutamate-induced response by FLIPR assay,CHEMBL1153221,Q14416,Metabotropic glutamate receptor 2,EC50,Cn1c(CN2CCN(c3ccc(Cl)cc3)CC2)nc2ccccc21,6.0999990348465305
CHEMBL603443,CHEMBL5137,Metabotropic glutamate receptor 2,EC50,=,316.23,nM,CHEMBL1071915,B,Positive modulation of human mGluR2 expressed in CHO cells co-expressing Ga16 G-protein assessed as glutamate-induced response by FLIPR assay,CHEMBL1153221,Q14416,Metabotropic glutamate receptor 2,EC50,Cn1c(CN2CCN(c3ccccc3C(F)(F)F)CC2)nc2ccccc21,6.499996931948306
CHEMBL605836,CHEMBL5137,Metabotropic glutamate receptor 2,EC50,=,79.43,nM,CHEMBL1071915,B,Positive modulation of human mGluR2 expressed in CHO cells co-expressing Ga16 G-protein assessed as glutamate-induced response by FLIPR assay,CHEMBL1153221,Q14416,Metabotropic glutamate receptor 2,EC50,Cn1c(CN2CCN(c3ncc(C(F)(F)F)cc3Cl)CC2)nc2ccccc21,7.100015437450609
CHEMBL595759,CHEMBL5137,Metabotropic glutamate receptor 2,EC50,=,125.89,nM,CHEMBL1071915,B,Positive modulation of human mGluR2 expressed in CHO cells co-expressing Ga16 G-protein assessed as glutamate-induced response by FLIPR assay,CHEMBL1153221,Q14416,Metabotropic glutamate receptor 2,EC50,Cn1c(CN2CCN(c3ncc(Cl)cn3)CC2)nc2ccccc21,6.900008766455316
CHEMBL595607,CHEMBL5137,Metabotropic glutamate receptor 2,EC50,=,125.89,nM,CHEMBL1071915,B,Positive modulation of human mGluR2 expressed in CHO cells co-expressing Ga16 G-protein assessed as glutamate-induced response by FLIPR assay,CHEMBL1153221,Q14416,Metabotropic glutamate receptor 2,EC50,Cn1c(CN2CCN(c3ccc(Cl)cc3F)CC2)nc2ccccc21,6.900008766455316
CHEMBL595608,CHEMBL5137,Metabotropic glutamate receptor 2,EC50,=,199.53,nM,CHEMBL1071915,B,Positive modulation of human mGluR2 expressed in CHO cells co-expressing Ga16 G-protein assessed as glutamate-induced response by FLIPR assay,CHEMBL1153221,Q14416,Metabotropic glutamate receptor 2,EC50,Cn1c(CN2CCN(c3ccc(C(F)(F)F)cc3)CC2)nc2ccccc21,6.699991797446187
CHEMBL595609,CHEMBL5137,Metabotropic glutamate receptor 2,EC50,=,316.23,nM,CHEMBL1071915,B,Positive modulation of human mGluR2 expressed in CHO cells co-expressing Ga16 G-protein assessed as glutamate-induced response by FLIPR assay,CHEMBL1153221,Q14416,Metabotropic glutamate receptor 2,EC50,Cn1c(CN2CCN(c3nc4ccccc4s3)CC2)nc2ccccc21,6.499996931948306
CHEMBL595151,CHEMBL5137,Metabotropic glutamate receptor 2,EC50,=,501.19,nM,CHEMBL1071915,B,Positive modulation of human mGluR2 expressed in CHO cells co-expressing Ga16 G-protein assessed as glutamate-induced response by FLIPR assay,CHEMBL1153221,Q14416,Metabotropic glutamate receptor 2,EC50,Cn1c(CN2CCN(c3ccc(C(F)(F)F)cn3)CC2)nc2ccccc21,6.299997602857746
CHEMBL339714,CHEMBL5137,Metabotropic glutamate receptor 2,EC50,=,15848.93,nM,CHEMBL1071915,B,Positive modulation of human mGluR2 expressed in CHO cells co-expressing Ga16 G-protein assessed as glutamate-induced response by FLIPR assay,CHEMBL1153221,Q14416,Metabotropic glutamate receptor 2,EC50,Cn1c(CN2CCN(c3ccccn3)CC2)nc2ccccc21,4.800000052738446
CHEMBL594011,CHEMBL5137,Metabotropic glutamate receptor 2,EC50,=,63.1,nM,CHEMBL1071915,B,Positive modulation of human mGluR2 expressed in CHO cells co-expressing Ga16 G-protein assessed as glutamate-induced response by FLIPR assay,CHEMBL1153221,Q14416,Metabotropic glutamate receptor 2,EC50,CCn1c(CN2CCN(c3nc(C(F)(F)F)ccc3Cl)CC2)nc2ccccc21,7.199970640755866
CHEMBL607195,CHEMBL5137,Metabotropic glutamate receptor 2,EC50,=,125.89,nM,CHEMBL1071915,B,Positive modulation of human mGluR2 expressed in CHO cells co-expressing Ga16 G-protein assessed as glutamate-induced response by FLIPR assay,CHEMBL1153221,Q14416,Metabotropic glutamate receptor 2,EC50,FC(F)(F)c1ccc(Cl)nc1N1CCN(Cc2nc3ccccc3n2Cc2ccccc2)CC1,6.900008766455316
CHEMBL594236,CHEMBL5137,Metabotropic glutamate receptor 2,EC50,=,125.89,nM,CHEMBL1071915,B,Positive modulation of human mGluR2 expressed in CHO cells co-expressing Ga16 G-protein assessed as glutamate-induced response by FLIPR assay,CHEMBL1153221,Q14416,Metabotropic glutamate receptor 2,EC50,Clc1cnc(N2CCN(Cc3nc4ccccc4n3Cc3ccccc3)CC2)nc1,6.900008766455316
CHEMBL594204,CHEMBL5137,Metabotropic glutamate receptor 2,EC50,=,158.49,nM,CHEMBL1071915,B,Positive modulation of human mGluR2 expressed in CHO cells co-expressing Ga16 G-protein assessed as glutamate-induced response by FLIPR assay,CHEMBL1153221,Q14416,Metabotropic glutamate receptor 2,EC50,COCCn1c(CN2CCN(c3nc(Cl)ccc3C(F)(F)F)CC2)nc2ccccc21,6.799998134593398
CHEMBL604472,CHEMBL5137,Metabotropic glutamate receptor 2,EC50,=,158.49,nM,CHEMBL1071915,B,Positive modulation of human mGluR2 expressed in CHO cells co-expressing Ga16 G-protein assessed as glutamate-induced response by FLIPR assay,CHEMBL1153221,Q14416,Metabotropic glutamate receptor 2,EC50,CCn1c(CN2CCN(c3ncc(Cl)cn3)CC2)nc2ccccc21,6.799998134593398
CHEMBL594205,CHEMBL5137,Metabotropic glutamate receptor 2,EC50,=,501.19,nM,CHEMBL1071915,B,Positive modulation of human mGluR2 expressed in CHO cells co-expressing Ga16 G-protein assessed as glutamate-induced response by FLIPR assay,CHEMBL1153221,Q14416,Metabotropic glutamate receptor 2,EC50,COCCn1c(CN2CCN(c3ncc(Cl)cn3)CC2)nc2ccccc21,6.299997602857746
CHEMBL594428,CHEMBL5137,Metabotropic glutamate receptor 2,EC50,=,794.33,nM,CHEMBL1071915,B,Positive modulation of human mGluR2 expressed in CHO cells co-expressing Ga16 G-protein assessed as glutamate-induced response by FLIPR assay,CHEMBL1153221,Q14416,Metabotropic glutamate receptor 2,EC50,CCCn1c(CN2CCN(c3ncc(Cl)cn3)CC2)nc2ccccc21,6.0999990348465305
CHEMBL607311,CHEMBL5137,Metabotropic glutamate receptor 2,EC50,=,2511.89,nM,CHEMBL1071915,B,Positive modulation of human mGluR2 expressed in CHO cells co-expressing Ga16 G-protein assessed as glutamate-induced response by FLIPR assay,CHEMBL1153221,Q14416,Metabotropic glutamate receptor 2,EC50,CCCn1c(CN2CCN(c3nc(Cl)ccc3C(F)(F)F)CC2)nc2ccccc21,5.59999938302362
CHEMBL595991,CHEMBL5137,Metabotropic glutamate receptor 2,EC50,=,12589.25,nM,CHEMBL1071915,B,Positive modulation of human mGluR2 expressed in CHO cells co-expressing Ga16 G-protein assessed as glutamate-induced response by FLIPR assay,CHEMBL1153221,Q14416,Metabotropic glutamate receptor 2,EC50,FC(F)(F)c1ccc(Cl)nc1N1CCN(Cc2nc3ccccc3[nH]2)CC1,4.900000142057633
CHEMBL594673,CHEMBL5137,Metabotropic glutamate receptor 2,EC50,=,12589.25,nM,CHEMBL1071915,B,Positive modulation of human mGluR2 expressed in CHO cells co-expressing Ga16 G-protein assessed as glutamate-induced response by FLIPR assay,CHEMBL1153221,Q14416,Metabotropic glutamate receptor 2,EC50,Clc1cnc(N2CCN(Cc3nc4ccccc4[nH]3)CC2)nc1,4.900000142057633
CHEMBL604469,CHEMBL5137,Metabotropic glutamate receptor 2,EC50,=,251.19,nM,CHEMBL1071915,B,Positive modulation of human mGluR2 expressed in CHO cells co-expressing Ga16 G-protein assessed as glutamate-induced response by FLIPR assay,CHEMBL1153221,Q14416,Metabotropic glutamate receptor 2,EC50,COc1ccc2c(c1)nc(CN1CCN(c3nc(Cl)ccc3C(F)(F)F)CC1)n2C,6.599997654072045
CHEMBL593755,CHEMBL5137,Metabotropic glutamate receptor 2,EC50,=,50.12,nM,CHEMBL1071915,B,Positive modulation of human mGluR2 expressed in CHO cells co-expressing Ga16 G-protein assessed as glutamate-induced response by FLIPR assay,CHEMBL1153221,Q14416,Metabotropic glutamate receptor 2,EC50,Cn1c(CN2CCN(c3nc(Cl)ccc3C(F)(F)F)CC2)nc2cc(C#N)ccc21,7.299988937677888
CHEMBL593756,CHEMBL5137,Metabotropic glutamate receptor 2,EC50,=,1995.26,nM,CHEMBL1071915,B,Positive modulation of human mGluR2 expressed in CHO cells co-expressing Ga16 G-protein assessed as glutamate-induced response by FLIPR assay,CHEMBL1153221,Q14416,Metabotropic glutamate receptor 2,EC50,Cn1c(CN2CCN(c3nc(Cl)ccc3C(F)(F)F)CC2)nc2cc(C(F)(F)F)ccc21,5.700000503883016
CHEMBL593532,CHEMBL5137,Metabotropic glutamate receptor 2,EC50,=,125.89,nM,CHEMBL1071915,B,Positive modulation of human mGluR2 expressed in CHO cells co-expressing Ga16 G-protein assessed as glutamate-induced response by FLIPR assay,CHEMBL1153221,Q14416,Metabotropic glutamate receptor 2,EC50,Cn1c(CN2CCN(c3nc(Cl)ccc3C(F)(F)F)CC2)nc2ccc(F)cc21,6.900008766455316
CHEMBL607313,CHEMBL5137,Metabotropic glutamate receptor 2,EC50,=,199.53,nM,CHEMBL1071915,B,Positive modulation of human mGluR2 expressed in CHO cells co-expressing Ga16 G-protein assessed as glutamate-induced response by FLIPR assay,CHEMBL1153221,Q14416,Metabotropic glutamate receptor 2,EC50,Cn1c(CN2CCN(c3nc(Cl)ccc3C(F)(F)F)CC2)nc2cc(F)ccc21,6.699991797446187
CHEMBL2381651,CHEMBL5137,Metabotropic glutamate receptor 2,EC50,=,1170.0,nM,CHEMBL2383450,B,Agonist activity at human mGlu2 receptor expressed in golden Syrian hamster AV12 cells coexpressing EAAT1 after 20 mins by HTRF assay,CHEMBL2380209,Q14416,Metabotropic glutamate receptor 2,EC50,N[C@@]1(C(=O)O)C[C@H](Sc2ccccc2)[C@H]2[C@H](C(=O)O)[C@H]21,5.931814138253838
CHEMBL2381649,CHEMBL5137,Metabotropic glutamate receptor 2,EC50,=,257.0,nM,CHEMBL2383450,B,Agonist activity at human mGlu2 receptor expressed in golden Syrian hamster AV12 cells coexpressing EAAT1 after 20 mins by HTRF assay,CHEMBL2380209,Q14416,Metabotropic glutamate receptor 2,EC50,CC(=O)N[C@H]1C[C@@](N)(C(=O)O)[C@@H]2[C@@H](C(=O)O)[C@@H]21,6.590066876668706
CHEMBL192051,CHEMBL5137,Metabotropic glutamate receptor 2,EC50,=,63.6,nM,CHEMBL2383450,B,Agonist activity at human mGlu2 receptor expressed in golden Syrian hamster AV12 cells coexpressing EAAT1 after 20 mins by HTRF assay,CHEMBL2380209,Q14416,Metabotropic glutamate receptor 2,EC50,C[C@@H]1C[C@@](N)(C(=O)O)[C@@H]2[C@@H](C(=O)O)[C@@H]21,7.196542884351587
CHEMBL2381646,CHEMBL5137,Metabotropic glutamate receptor 2,EC50,=,47.9,nM,CHEMBL2383450,B,Agonist activity at human mGlu2 receptor expressed in golden Syrian hamster AV12 cells coexpressing EAAT1 after 20 mins by HTRF assay,CHEMBL2380209,Q14416,Metabotropic glutamate receptor 2,EC50,N[C@@H]1C[C@@](N)(C(=O)O)[C@@H]2[C@@H](C(=O)O)[C@@H]21,7.319664486585436
CHEMBL365368,CHEMBL5137,Metabotropic glutamate receptor 2,EC50,=,28.6,nM,CHEMBL2383450,B,Agonist activity at human mGlu2 receptor expressed in golden Syrian hamster AV12 cells coexpressing EAAT1 after 20 mins by HTRF assay,CHEMBL2380209,Q14416,Metabotropic glutamate receptor 2,EC50,C[C@H]1C[C@@](N)(C(=O)O)[C@@H]2[C@@H](C(=O)O)[C@@H]21,7.543633966870956
CHEMBL2381647,CHEMBL5137,Metabotropic glutamate receptor 2,EC50,=,21.2,nM,CHEMBL2383450,B,Agonist activity at human mGlu2 receptor expressed in golden Syrian hamster AV12 cells coexpressing EAAT1 after 20 mins by HTRF assay,CHEMBL2380209,Q14416,Metabotropic glutamate receptor 2,EC50,N[C@H]1C[C@@](N)(C(=O)O)[C@@H]2[C@@H](C(=O)O)[C@@H]21,7.673664139071248
CHEMBL2381645,CHEMBL5137,Metabotropic glutamate receptor 2,EC50,=,12.2,nM,CHEMBL2383450,B,Agonist activity at human mGlu2 receptor expressed in golden Syrian hamster AV12 cells coexpressing EAAT1 after 20 mins by HTRF assay,CHEMBL2380209,Q14416,Metabotropic glutamate receptor 2,EC50,[N-]=[N+]=N[C@H]1C[C@@](N)(C(=O)O)[C@@H]2[C@@H](C(=O)O)[C@@H]21,7.913640169325252
CHEMBL2381644,CHEMBL5137,Metabotropic glutamate receptor 2,EC50,=,8.2,nM,CHEMBL2383450,B,Agonist activity at human mGlu2 receptor expressed in golden Syrian hamster AV12 cells coexpressing EAAT1 after 20 mins by HTRF assay,CHEMBL2380209,Q14416,Metabotropic glutamate receptor 2,EC50,[N-]=[N+]=N[C@@H]1C[C@@](N)(C(=O)O)[C@@H]2[C@@H](C(=O)O)[C@@H]21,8.086186147616283
CHEMBL2381642,CHEMBL5137,Metabotropic glutamate receptor 2,EC50,=,7.6,nM,CHEMBL2383450,B,Agonist activity at human mGlu2 receptor expressed in golden Syrian hamster AV12 cells coexpressing EAAT1 after 20 mins by HTRF assay,CHEMBL2380209,Q14416,Metabotropic glutamate receptor 2,EC50,N[C@@]1(C(=O)O)C[C@@H](O)[C@H]2[C@H](C(=O)O)[C@H]21,8.119186407719209
CHEMBL2381643,CHEMBL5137,Metabotropic glutamate receptor 2,EC50,=,7.5,nM,CHEMBL2383450,B,Agonist activity at human mGlu2 receptor expressed in golden Syrian hamster AV12 cells coexpressing EAAT1 after 20 mins by HTRF assay,CHEMBL2380209,Q14416,Metabotropic glutamate receptor 2,EC50,N[C@@]1(C(=O)O)C[C@H](O)[C@H]2[C@H](C(=O)O)[C@H]21,8.1249387366083
CHEMBL2381641,CHEMBL5137,Metabotropic glutamate receptor 2,EC50,=,1.3,nM,CHEMBL2383450,B,Agonist activity at human mGlu2 receptor expressed in golden Syrian hamster AV12 cells coexpressing EAAT1 after 20 mins by HTRF assay,CHEMBL2380209,Q14416,Metabotropic glutamate receptor 2,EC50,C=C1C[C@@](N)(C(=O)O)[C@H]2[C@@H]1[C@@H]2C(=O)O,8.886056647693163
CHEMBL2381652,CHEMBL5137,Metabotropic glutamate receptor 2,EC50,=,0.56,nM,CHEMBL2383450,B,Agonist activity at human mGlu2 receptor expressed in golden Syrian hamster AV12 cells coexpressing EAAT1 after 20 mins by HTRF assay,CHEMBL2380209,Q14416,Metabotropic glutamate receptor 2,EC50,N[C@@]1(C(=O)O)C[C@@H](F)[C@H]2[C@H](C(=O)O)[C@H]21,9.2518119729938
CHEMBL2381640,CHEMBL5137,Metabotropic glutamate receptor 2,EC50,=,0.16,nM,CHEMBL2383450,B,Agonist activity at human mGlu2 receptor expressed in golden Syrian hamster AV12 cells coexpressing EAAT1 after 20 mins by HTRF assay,CHEMBL2380209,Q14416,Metabotropic glutamate receptor 2,EC50,N[C@@]1(C(=O)O)CC(=O)[C@H]2[C@H](C(=O)O)[C@H]21,9.795880017344075
CHEMBL3221831,CHEMBL5137,Metabotropic glutamate receptor 2,EC50,=,158.49,nM,CHEMBL3224590,B,Positive allosteric modulation of mGluR2 (unknown origin) by FLIPR assay,CHEMBL3217606,Q14416,Metabotropic glutamate receptor 2,EC50,CCCn1ccc2c(NCCc3ccccc3)cccc2c1=O,6.799998134593398
CHEMBL3347672,CHEMBL5137,Metabotropic glutamate receptor 2,EC50,=,251000.0,nM,CHEMBL3391360,B,Agonist activity at human mGluR2 receptor expressed in HEK cells,CHEMBL3390832,Q14416,Metabotropic glutamate receptor 2,EC50,Cl.N[C@]1(C(=O)O)C[C@H]1Cc1nsnc1O,3.6003262785189616
CHEMBL3347671,CHEMBL5137,Metabotropic glutamate receptor 2,EC50,=,10000.0,nM,CHEMBL3391360,B,Agonist activity at human mGluR2 receptor expressed in HEK cells,CHEMBL3390832,Q14416,Metabotropic glutamate receptor 2,EC50,N[C@@]1(C(=O)O)C[C@H]1CC(=O)O,5.0
CHEMBL3347670,CHEMBL5137,Metabotropic glutamate receptor 2,EC50,=,23000.0,nM,CHEMBL3391360,B,Agonist activity at human mGluR2 receptor expressed in HEK cells,CHEMBL3390832,Q14416,Metabotropic glutamate receptor 2,EC50,N[C@@]1(C(=O)O)C[C@@H]1CC(=O)O,4.638272163982407
CHEMBL334842,CHEMBL5137,Metabotropic glutamate receptor 2,EC50,=,37000.0,nM,CHEMBL3391360,B,Agonist activity at human mGluR2 receptor expressed in HEK cells,CHEMBL3390832,Q14416,Metabotropic glutamate receptor 2,EC50,N[C@H](CCc1nsnc1O)C(=O)O,4.431798275933005
CHEMBL131922,CHEMBL5137,Metabotropic glutamate receptor 2,EC50,=,40000.0,nM,CHEMBL3391360,B,Agonist activity at human mGluR2 receptor expressed in HEK cells,CHEMBL3390832,Q14416,Metabotropic glutamate receptor 2,EC50,N[C@@H](CCc1nsnc1O)C(=O)O,4.3979400086720375
CHEMBL575060,CHEMBL5137,Metabotropic glutamate receptor 2,EC50,=,1800.0,nM,CHEMBL3391360,B,Agonist activity at human mGluR2 receptor expressed in HEK cells,CHEMBL3390832,Q14416,Metabotropic glutamate receptor 2,EC50,N[C@@H](CCC(=O)O)C(=O)O,5.7447274948966935
CHEMBL3765778,CHEMBL5137,Metabotropic glutamate receptor 2,EC50,=,600.0,nM,CHEMBL3769222,B,Positive allosteric modulation of human mGluR2 by GTP-gamma-S binding assay,CHEMBL3763140,Q14416,Metabotropic glutamate receptor 2,EC50,Cc1ccc(C(C)(C)O)cc1-c1ccc2c(n1)n(C)c(=O)n2CC(C)(C)C,6.221848749616356
CHEMBL3763754,CHEMBL5137,Metabotropic glutamate receptor 2,EC50,=,49.0,nM,CHEMBL3766106,B,Positive allosteric modulation of recombinant human mGluR2 expressed in CHO cells preincubated for 5 mins followed by stimulation with EC20 concentration of glutamate for 3 mins by FLIPR assay,CHEMBL3763140,Q14416,Metabotropic glutamate receptor 2,EC50,Cn1c(=O)n(CC(C)(C)C)c2ccc(-c3cc(C(C)(C)O)ccc3C#N)nc21,7.309803919971486
CHEMBL3765778,CHEMBL5137,Metabotropic glutamate receptor 2,EC50,=,61.0,nM,CHEMBL3766106,B,Positive allosteric modulation of recombinant human mGluR2 expressed in CHO cells preincubated for 5 mins followed by stimulation with EC20 concentration of glutamate for 3 mins by FLIPR assay,CHEMBL3763140,Q14416,Metabotropic glutamate receptor 2,EC50,Cc1ccc(C(C)(C)O)cc1-c1ccc2c(n1)n(C)c(=O)n2CC(C)(C)C,7.214670164989233
CHEMBL3765537,CHEMBL5137,Metabotropic glutamate receptor 2,EC50,=,86.0,nM,CHEMBL3766106,B,Positive allosteric modulation of recombinant human mGluR2 expressed in CHO cells preincubated for 5 mins followed by stimulation with EC20 concentration of glutamate for 3 mins by FLIPR assay,CHEMBL3763140,Q14416,Metabotropic glutamate receptor 2,EC50,Cc1ccc(CO)cc1-c1ccc2c(n1)n(C)c(=O)n2CC(C)(C)C,7.0655015487564325
CHEMBL3764530,CHEMBL5137,Metabotropic glutamate receptor 2,EC50,=,181.0,nM,CHEMBL3766106,B,Positive allosteric modulation of recombinant human mGluR2 expressed in CHO cells preincubated for 5 mins followed by stimulation with EC20 concentration of glutamate for 3 mins by FLIPR assay,CHEMBL3763140,Q14416,Metabotropic glutamate receptor 2,EC50,Cn1c(=O)n(CC(C)(C)C)c2ccc(-c3ccc(CO)cc3)nc21,6.7423214251308154
CHEMBL3763263,CHEMBL5137,Metabotropic glutamate receptor 2,EC50,=,112.0,nM,CHEMBL3766106,B,Positive allosteric modulation of recombinant human mGluR2 expressed in CHO cells preincubated for 5 mins followed by stimulation with EC20 concentration of glutamate for 3 mins by FLIPR assay,CHEMBL3763140,Q14416,Metabotropic glutamate receptor 2,EC50,Cn1c(=O)n(CC(C)(C)C)c2ccc(-c3cccc(CO)c3)nc21,6.950781977329818
CHEMBL3763172,CHEMBL5137,Metabotropic glutamate receptor 2,EC50,=,379.0,nM,CHEMBL3766106,B,Positive allosteric modulation of recombinant human mGluR2 expressed in CHO cells preincubated for 5 mins followed by stimulation with EC20 concentration of glutamate for 3 mins by FLIPR assay,CHEMBL3763140,Q14416,Metabotropic glutamate receptor 2,EC50,Cn1c(=O)n(CC(C)(C)C)c2ccc(-c3ccc(S(C)(=O)=O)cc3)nc21,6.421360790031928
CHEMBL3765337,CHEMBL5137,Metabotropic glutamate receptor 2,EC50,=,191.0,nM,CHEMBL3766106,B,Positive allosteric modulation of recombinant human mGluR2 expressed in CHO cells preincubated for 5 mins followed by stimulation with EC20 concentration of glutamate for 3 mins by FLIPR assay,CHEMBL3763140,Q14416,Metabotropic glutamate receptor 2,EC50,Cn1c(=O)n(CC(C)(C)C)c2ccc(-c3cccc(S(C)(=O)=O)c3)nc21,6.718966632752272
CHEMBL3765412,CHEMBL5137,Metabotropic glutamate receptor 2,EC50,=,4624.0,nM,CHEMBL3766106,B,Positive allosteric modulation of recombinant human mGluR2 expressed in CHO cells preincubated for 5 mins followed by stimulation with EC20 concentration of glutamate for 3 mins by FLIPR assay,CHEMBL3763140,Q14416,Metabotropic glutamate receptor 2,EC50,Cn1c(=O)n(CC(C)(C)C)c2ccc(-c3ccccc3S(C)(=O)=O)nc21,5.334982174587527
CHEMBL3765257,CHEMBL5137,Metabotropic glutamate receptor 2,EC50,=,184.0,nM,CHEMBL3766106,B,Positive allosteric modulation of recombinant human mGluR2 expressed in CHO cells preincubated for 5 mins followed by stimulation with EC20 concentration of glutamate for 3 mins by FLIPR assay,CHEMBL3763140,Q14416,Metabotropic glutamate receptor 2,EC50,COc1ccccc1-c1ccc2c(n1)n(C)c(=O)n2CC(C)(C)C,6.735182176990463
CHEMBL3764024,CHEMBL5137,Metabotropic glutamate receptor 2,EC50,=,81.0,nM,CHEMBL3766106,B,Positive allosteric modulation of recombinant human mGluR2 expressed in CHO cells preincubated for 5 mins followed by stimulation with EC20 concentration of glutamate for 3 mins by FLIPR assay,CHEMBL3763140,Q14416,Metabotropic glutamate receptor 2,EC50,Cn1c(=O)n(CC(C)(C)C)c2ccc(-c3ccccc3F)nc21,7.0915149811213505
CHEMBL3764850,CHEMBL5137,Metabotropic glutamate receptor 2,EC50,=,313.0,nM,CHEMBL3766106,B,Positive allosteric modulation of recombinant human mGluR2 expressed in CHO cells preincubated for 5 mins followed by stimulation with EC20 concentration of glutamate for 3 mins by FLIPR assay,CHEMBL3763140,Q14416,Metabotropic glutamate receptor 2,EC50,Cc1ccc(-c2ccc3c(n2)n(C)c(=O)n3CC(C)(C)C)cc1,6.504455662453552
CHEMBL3764544,CHEMBL5137,Metabotropic glutamate receptor 2,EC50,=,103.0,nM,CHEMBL3766106,B,Positive allosteric modulation of recombinant human mGluR2 expressed in CHO cells preincubated for 5 mins followed by stimulation with EC20 concentration of glutamate for 3 mins by FLIPR assay,CHEMBL3763140,Q14416,Metabotropic glutamate receptor 2,EC50,Cc1cccc(-c2ccc3c(n2)n(C)c(=O)n3CC(C)(C)C)c1,6.987162775294828
CHEMBL3764005,CHEMBL5137,Metabotropic glutamate receptor 2,EC50,=,57.0,nM,CHEMBL3766106,B,Positive allosteric modulation of recombinant human mGluR2 expressed in CHO cells preincubated for 5 mins followed by stimulation with EC20 concentration of glutamate for 3 mins by FLIPR assay,CHEMBL3763140,Q14416,Metabotropic glutamate receptor 2,EC50,Cc1ccccc1-c1ccc2c(n1)n(C)c(=O)n2CC(C)(C)C,7.2441251443275085
CHEMBL3765103,CHEMBL5137,Metabotropic glutamate receptor 2,EC50,=,192.0,nM,CHEMBL3766106,B,Positive allosteric modulation of recombinant human mGluR2 expressed in CHO cells preincubated for 5 mins followed by stimulation with EC20 concentration of glutamate for 3 mins by FLIPR assay,CHEMBL3763140,Q14416,Metabotropic glutamate receptor 2,EC50,Cn1c(=O)n(CC(C)(C)C)c2ccc(-c3ccc(C#N)cc3)nc21,6.71669877129645
CHEMBL3764820,CHEMBL5137,Metabotropic glutamate receptor 2,EC50,=,80.0,nM,CHEMBL3766106,B,Positive allosteric modulation of recombinant human mGluR2 expressed in CHO cells preincubated for 5 mins followed by stimulation with EC20 concentration of glutamate for 3 mins by FLIPR assay,CHEMBL3763140,Q14416,Metabotropic glutamate receptor 2,EC50,Cn1c(=O)n(CC(C)(C)C)c2ccc(-c3cccc(C#N)c3)nc21,7.096910013008056
CHEMBL3764057,CHEMBL5137,Metabotropic glutamate receptor 2,EC50,=,26.0,nM,CHEMBL3766106,B,Positive allosteric modulation of recombinant human mGluR2 expressed in CHO cells preincubated for 5 mins followed by stimulation with EC20 concentration of glutamate for 3 mins by FLIPR assay,CHEMBL3763140,Q14416,Metabotropic glutamate receptor 2,EC50,Cn1c(=O)n(CC(C)(C)C)c2ccc(-c3ccccc3C#N)nc21,7.585026652029182
CHEMBL3763395,CHEMBL5137,Metabotropic glutamate receptor 2,EC50,=,70.0,nM,CHEMBL3766106,B,Positive allosteric modulation of recombinant human mGluR2 expressed in CHO cells preincubated for 5 mins followed by stimulation with EC20 concentration of glutamate for 3 mins by FLIPR assay,CHEMBL3763140,Q14416,Metabotropic glutamate receptor 2,EC50,Cn1c(=O)n(CC(C)(C)C)c2ccc(-c3ccccc3)nc21,7.154901959985743
CHEMBL3764108,CHEMBL5137,Metabotropic glutamate receptor 2,EC50,=,31.0,nM,CHEMBL3766106,B,Positive allosteric modulation of recombinant human mGluR2 expressed in CHO cells preincubated for 5 mins followed by stimulation with EC20 concentration of glutamate for 3 mins by FLIPR assay,CHEMBL3763140,Q14416,Metabotropic glutamate receptor 2,EC50,Cn1c(=O)n(CC(C)(C)C)c2ccc(-c3ccccc3)cc21,7.508638306165727
CHEMBL3763995,CHEMBL5137,Metabotropic glutamate receptor 2,EC50,=,12870.0,nM,CHEMBL3766106,B,Positive allosteric modulation of recombinant human mGluR2 expressed in CHO cells preincubated for 5 mins followed by stimulation with EC20 concentration of glutamate for 3 mins by FLIPR assay,CHEMBL3763140,Q14416,Metabotropic glutamate receptor 2,EC50,COc1ccc2c(c1)n(C)c(=O)n2CC(C)(C)C,4.890421453095613
CHEMBL3764173,CHEMBL5137,Metabotropic glutamate receptor 2,EC50,=,15.0,nM,CHEMBL3766106,B,Positive allosteric modulation of recombinant human mGluR2 expressed in CHO cells preincubated for 5 mins followed by stimulation with EC20 concentration of glutamate for 3 mins by FLIPR assay,CHEMBL3763140,Q14416,Metabotropic glutamate receptor 2,EC50,Cn1c(=O)n(CC(C)(C)C)c2ccc(OCc3cccc(-c4cc(F)cc(C(=O)O)c4)c3)cc21,7.823908740944319
CHEMBL3805017,CHEMBL5137,Metabotropic glutamate receptor 2,EC50,=,149.0,nM,CHEMBL3807550,B,Positive allosteric modulation of recombinant human mGlu2 receptor expressed in CHO cells assessed as potentiation of glutamate-induced effect preincubated for 5 mins followed by glutamate stimulation for 3 mins by Fluo-4AM staining-based FLIPR assay,CHEMBL3804754,Q14416,Metabotropic glutamate receptor 2,EC50,Cc1cc(CN2CC3CCC2CN3c2ccc3c(n2)n(C)c(=O)n3CC(C)(C)C)no1,6.826813731587726
CHEMBL3804845,CHEMBL5137,Metabotropic glutamate receptor 2,EC50,=,37.0,nM,CHEMBL3807550,B,Positive allosteric modulation of recombinant human mGlu2 receptor expressed in CHO cells assessed as potentiation of glutamate-induced effect preincubated for 5 mins followed by glutamate stimulation for 3 mins by Fluo-4AM staining-based FLIPR assay,CHEMBL3804754,Q14416,Metabotropic glutamate receptor 2,EC50,Cn1c(=O)n(CC(C)(C)C)c2ccc(N3CC4CCC3CN4c3ncccn3)nc21,7.431798275933005
CHEMBL3806226,CHEMBL5137,Metabotropic glutamate receptor 2,EC50,=,1286.0,nM,CHEMBL3807550,B,Positive allosteric modulation of recombinant human mGlu2 receptor expressed in CHO cells assessed as potentiation of glutamate-induced effect preincubated for 5 mins followed by glutamate stimulation for 3 mins by Fluo-4AM staining-based FLIPR assay,CHEMBL3804754,Q14416,Metabotropic glutamate receptor 2,EC50,Cn1c(=O)n(CC(C)(C)C)c2ccc(N3CC4CCC3CN4)nc21,5.890759031411797
CHEMBL3804910,CHEMBL5137,Metabotropic glutamate receptor 2,EC50,=,125.0,nM,CHEMBL3807550,B,Positive allosteric modulation of recombinant human mGlu2 receptor expressed in CHO cells assessed as potentiation of glutamate-induced effect preincubated for 5 mins followed by glutamate stimulation for 3 mins by Fluo-4AM staining-based FLIPR assay,CHEMBL3804754,Q14416,Metabotropic glutamate receptor 2,EC50,Cn1c(=O)n(CC(C)(C)C)c2ccc(N3CC4CCC3CN4C(=O)OC(C)(C)C)nc21,6.903089986991944
CHEMBL3804903,CHEMBL5137,Metabotropic glutamate receptor 2,EC50,=,430.0,nM,CHEMBL3807550,B,Positive allosteric modulation of recombinant human mGlu2 receptor expressed in CHO cells assessed as potentiation of glutamate-induced effect preincubated for 5 mins followed by glutamate stimulation for 3 mins by Fluo-4AM staining-based FLIPR assay,CHEMBL3804754,Q14416,Metabotropic glutamate receptor 2,EC50,Cn1c(=O)n(CC(C)(C)C)c2ccc(N3CCCCC3)nc21,6.366531544420413
CHEMBL3806176,CHEMBL5137,Metabotropic glutamate receptor 2,EC50,=,332.0,nM,CHEMBL3807550,B,Positive allosteric modulation of recombinant human mGlu2 receptor expressed in CHO cells assessed as potentiation of glutamate-induced effect preincubated for 5 mins followed by glutamate stimulation for 3 mins by Fluo-4AM staining-based FLIPR assay,CHEMBL3804754,Q14416,Metabotropic glutamate receptor 2,EC50,Cn1c(=O)n(CC(C)(C)C)c2ccc(N3CCCc4ccccc43)nc21,6.478861916295964
CHEMBL3805883,CHEMBL5137,Metabotropic glutamate receptor 2,EC50,=,2200.0,nM,CHEMBL3807550,B,Positive allosteric modulation of recombinant human mGlu2 receptor expressed in CHO cells assessed as potentiation of glutamate-induced effect preincubated for 5 mins followed by glutamate stimulation for 3 mins by Fluo-4AM staining-based FLIPR assay,CHEMBL3804754,Q14416,Metabotropic glutamate receptor 2,EC50,Cn1c(=O)n(CC(C)(C)C)c2ccc(N3CCCC4CCCCC43)nc21,5.657577319177793
CHEMBL3805718,CHEMBL5137,Metabotropic glutamate receptor 2,EC50,=,36.0,nM,CHEMBL3807550,B,Positive allosteric modulation of recombinant human mGlu2 receptor expressed in CHO cells assessed as potentiation of glutamate-induced effect preincubated for 5 mins followed by glutamate stimulation for 3 mins by Fluo-4AM staining-based FLIPR assay,CHEMBL3804754,Q14416,Metabotropic glutamate receptor 2,EC50,Cn1c(=O)n(CC(C)(C)C)c2ccc(N3CC4CCC3CN4C(=O)c3ccccc3)nc21,7.443697499232712
CHEMBL3805900,CHEMBL5137,Metabotropic glutamate receptor 2,EC50,=,115.0,nM,CHEMBL3807550,B,Positive allosteric modulation of recombinant human mGlu2 receptor expressed in CHO cells assessed as potentiation of glutamate-induced effect preincubated for 5 mins followed by glutamate stimulation for 3 mins by Fluo-4AM staining-based FLIPR assay,CHEMBL3804754,Q14416,Metabotropic glutamate receptor 2,EC50,Cn1c(=O)n(CC(C)(C)C)c2ccc(N3CC4CCC3CN4C(=O)c3cccnc3)nc21,6.939302159646388
CHEMBL3805203,CHEMBL5137,Metabotropic glutamate receptor 2,EC50,=,29.0,nM,CHEMBL3807550,B,Positive allosteric modulation of recombinant human mGlu2 receptor expressed in CHO cells assessed as potentiation of glutamate-induced effect preincubated for 5 mins followed by glutamate stimulation for 3 mins by Fluo-4AM staining-based FLIPR assay,CHEMBL3804754,Q14416,Metabotropic glutamate receptor 2,EC50,Cn1c(=O)n(CC(C)(C)C)c2ccc(N3C[C@@H]4CC[C@H]3CN4C(=O)c3csnn3)nc21,7.537602002101044
CHEMBL3806137,CHEMBL5137,Metabotropic glutamate receptor 2,EC50,=,29.0,nM,CHEMBL3807550,B,Positive allosteric modulation of recombinant human mGlu2 receptor expressed in CHO cells assessed as potentiation of glutamate-induced effect preincubated for 5 mins followed by glutamate stimulation for 3 mins by Fluo-4AM staining-based FLIPR assay,CHEMBL3804754,Q14416,Metabotropic glutamate receptor 2,EC50,Cn1c(=O)n(CC(C)(C)C)c2ccc(N3C[C@@H]4CC[C@H]3CN4C(=O)c3ccon3)nc21,7.537602002101044
CHEMBL3805005,CHEMBL5137,Metabotropic glutamate receptor 2,EC50,=,531.0,nM,CHEMBL3807550,B,Positive allosteric modulation of recombinant human mGlu2 receptor expressed in CHO cells assessed as potentiation of glutamate-induced effect preincubated for 5 mins followed by glutamate stimulation for 3 mins by Fluo-4AM staining-based FLIPR assay,CHEMBL3804754,Q14416,Metabotropic glutamate receptor 2,EC50,Cn1c(=O)n(CC(C)(C)C)c2ccc(C3CCN(C(=O)c4ccon4)CC3)nc21,6.274905478918531
CHEMBL3805139,CHEMBL5137,Metabotropic glutamate receptor 2,EC50,=,16.0,nM,CHEMBL3807550,B,Positive allosteric modulation of recombinant human mGlu2 receptor expressed in CHO cells assessed as potentiation of glutamate-induced effect preincubated for 5 mins followed by glutamate stimulation for 3 mins by Fluo-4AM staining-based FLIPR assay,CHEMBL3804754,Q14416,Metabotropic glutamate receptor 2,EC50,Cn1c(=O)n(CC(C)(C)C)c2ccc(C3=C[C@@H]4CC[C@H]3CN4C(=O)c3ccon3)nc21,7.795880017344075
CHEMBL3765778,CHEMBL5137,Metabotropic glutamate receptor 2,EC50,=,63.0,nM,CHEMBL3807550,B,Positive allosteric modulation of recombinant human mGlu2 receptor expressed in CHO cells assessed as potentiation of glutamate-induced effect preincubated for 5 mins followed by glutamate stimulation for 3 mins by Fluo-4AM staining-based FLIPR assay,CHEMBL3804754,Q14416,Metabotropic glutamate receptor 2,EC50,Cc1ccc(C(C)(C)O)cc1-c1ccc2c(n1)n(C)c(=O)n2CC(C)(C)C,7.200659450546418
CHEMBL3805203,CHEMBL5137,Metabotropic glutamate receptor 2,EC50,=,637.0,nM,CHEMBL3807551,B,Agonist activity at recombinant human mGlu2 receptor expressed in CHO cells assessed as potentiation of glutamate-induced effect preincubated for 5 mins followed by glutamate stimulation for 3 mins by Fluo-4AM staining-based FLIPR assay,CHEMBL3804754,Q14416,Metabotropic glutamate receptor 2,EC50,Cn1c(=O)n(CC(C)(C)C)c2ccc(N3C[C@@H]4CC[C@H]3CN4C(=O)c3csnn3)nc21,6.195860567664649
CHEMBL3806137,CHEMBL5137,Metabotropic glutamate receptor 2,EC50,=,668.0,nM,CHEMBL3807551,B,Agonist activity at recombinant human mGlu2 receptor expressed in CHO cells assessed as potentiation of glutamate-induced effect preincubated for 5 mins followed by glutamate stimulation for 3 mins by Fluo-4AM staining-based FLIPR assay,CHEMBL3804754,Q14416,Metabotropic glutamate receptor 2,EC50,Cn1c(=O)n(CC(C)(C)C)c2ccc(N3C[C@@H]4CC[C@H]3CN4C(=O)c3ccon3)nc21,6.175223537524454
CHEMBL3937907,CHEMBL5137,Metabotropic glutamate receptor 2,EC50,=,195.0,nM,CHEMBL3858844,B,Positive allosteric modulation of human mGlu2 receptor expressed in CHO cell membranes assessed as potentiation of glutamate-induced effect incubated for 30 mins prior to [35S]GTPgamma addition measured after 30 mins by scintillation counting method,CHEMBL3856249,Q14416,Metabotropic glutamate receptor 2,EC50,Cc1cc(-c2nc(CN3CCNCC3)no2)cc2c1C(=O)N(Cc1ccc(OC(F)(F)F)cc1)C2,6.709965388637482
CHEMBL3337527,CHEMBL5137,Metabotropic glutamate receptor 2,EC50,=,147.0,nM,CHEMBL3858844,B,Positive allosteric modulation of human mGlu2 receptor expressed in CHO cell membranes assessed as potentiation of glutamate-induced effect incubated for 30 mins prior to [35S]GTPgamma addition measured after 30 mins by scintillation counting method,CHEMBL3856249,Q14416,Metabotropic glutamate receptor 2,EC50,CCCCn1ccc(N2CCC(c3ccccc3)CC2)c(Cl)c1=O,6.8326826652518236
CHEMBL2179319,CHEMBL5137,Metabotropic glutamate receptor 2,EC50,=,17.0,nM,CHEMBL3858844,B,Positive allosteric modulation of human mGlu2 receptor expressed in CHO cell membranes assessed as potentiation of glutamate-induced effect incubated for 30 mins prior to [35S]GTPgamma addition measured after 30 mins by scintillation counting method,CHEMBL3856249,Q14416,Metabotropic glutamate receptor 2,EC50,FC(F)(F)c1c(N2CCC(c3ccccc3)CC2)ccn2c(CC3CC3)nnc12,7.769551078621726
CHEMBL3947764,CHEMBL5137,Metabotropic glutamate receptor 2,EC50,=,21.0,nM,CHEMBL3858844,B,Positive allosteric modulation of human mGlu2 receptor expressed in CHO cell membranes assessed as potentiation of glutamate-induced effect incubated for 30 mins prior to [35S]GTPgamma addition measured after 30 mins by scintillation counting method,CHEMBL3856249,Q14416,Metabotropic glutamate receptor 2,EC50,FC(F)(F)c1c(CN2CCC(c3ccccc3)CC2)ccn2c(CC3CC3)nnc12,7.6777807052660805
CHEMBL3919978,CHEMBL5137,Metabotropic glutamate receptor 2,EC50,=,132.0,nM,CHEMBL3858844,B,Positive allosteric modulation of human mGlu2 receptor expressed in CHO cell membranes assessed as potentiation of glutamate-induced effect incubated for 30 mins prior to [35S]GTPgamma addition measured after 30 mins by scintillation counting method,CHEMBL3856249,Q14416,Metabotropic glutamate receptor 2,EC50,FC(F)(F)c1c(CN2CCC(F)(c3ccccc3)CC2)ccn2c(CC3CC3)nnc12,6.8794260687941495
CHEMBL3956434,CHEMBL5137,Metabotropic glutamate receptor 2,EC50,=,58.0,nM,CHEMBL3858844,B,Positive allosteric modulation of human mGlu2 receptor expressed in CHO cell membranes assessed as potentiation of glutamate-induced effect incubated for 30 mins prior to [35S]GTPgamma addition measured after 30 mins by scintillation counting method,CHEMBL3856249,Q14416,Metabotropic glutamate receptor 2,EC50,FC(F)(F)c1c(CN2CCC(c3ccccc3)(C(F)(F)F)CC2)ccn2c(CC3CC3)nnc12,7.236572006437063
CHEMBL3928875,CHEMBL5137,Metabotropic glutamate receptor 2,EC50,=,26.0,nM,CHEMBL3858844,B,Positive allosteric modulation of human mGlu2 receptor expressed in CHO cell membranes assessed as potentiation of glutamate-induced effect incubated for 30 mins prior to [35S]GTPgamma addition measured after 30 mins by scintillation counting method,CHEMBL3856249,Q14416,Metabotropic glutamate receptor 2,EC50,COC1(c2ccccc2)CCN(Cc2ccn3c(CC4CC4)nnc3c2C(F)(F)F)CC1,7.585026652029182
CHEMBL3929950,CHEMBL5137,Metabotropic glutamate receptor 2,EC50,=,65.0,nM,CHEMBL3858844,B,Positive allosteric modulation of human mGlu2 receptor expressed in CHO cell membranes assessed as potentiation of glutamate-induced effect incubated for 30 mins prior to [35S]GTPgamma addition measured after 30 mins by scintillation counting method,CHEMBL3856249,Q14416,Metabotropic glutamate receptor 2,EC50,FC(F)(F)c1c(CN2CCCC(c3ccccc3)C2)ccn2c(CC3CC3)nnc12,7.187086643357144
CHEMBL3901998,CHEMBL5137,Metabotropic glutamate receptor 2,EC50,=,2.6,nM,CHEMBL3858844,B,Positive allosteric modulation of human mGlu2 receptor expressed in CHO cell membranes assessed as potentiation of glutamate-induced effect incubated for 30 mins prior to [35S]GTPgamma addition measured after 30 mins by scintillation counting method,CHEMBL3856249,Q14416,Metabotropic glutamate receptor 2,EC50,CC1(c2ccccc2)CCCN(Cc2ccn3c(CC4CC4)nnc3c2C(F)(F)F)C1,8.585026652029182
CHEMBL3919807,CHEMBL5137,Metabotropic glutamate receptor 2,EC50,=,15.0,nM,CHEMBL3858844,B,Positive allosteric modulation of human mGlu2 receptor expressed in CHO cell membranes assessed as potentiation of glutamate-induced effect incubated for 30 mins prior to [35S]GTPgamma addition measured after 30 mins by scintillation counting method,CHEMBL3856249,Q14416,Metabotropic glutamate receptor 2,EC50,Fc1ccccc1C1CCN(Cc2ccn3c(CC4CC4)nnc3c2C(F)(F)F)CC1,7.823908740944319
CHEMBL3947590,CHEMBL5137,Metabotropic glutamate receptor 2,EC50,=,13.5,nM,CHEMBL3858844,B,Positive allosteric modulation of human mGlu2 receptor expressed in CHO cell membranes assessed as potentiation of glutamate-induced effect incubated for 30 mins prior to [35S]GTPgamma addition measured after 30 mins by scintillation counting method,CHEMBL3856249,Q14416,Metabotropic glutamate receptor 2,EC50,FC(F)(F)c1c(CN2CCC(c3ccccc3Cl)CC2)ccn2c(CC3CC3)nnc12,7.8696662315049934
CHEMBL3910866,CHEMBL5137,Metabotropic glutamate receptor 2,EC50,=,9.7,nM,CHEMBL3858844,B,Positive allosteric modulation of human mGlu2 receptor expressed in CHO cell membranes assessed as potentiation of glutamate-induced effect incubated for 30 mins prior to [35S]GTPgamma addition measured after 30 mins by scintillation counting method,CHEMBL3856249,Q14416,Metabotropic glutamate receptor 2,EC50,Fc1cccc(F)c1C1CCN(Cc2ccn3c(CC4CC4)nnc3c2C(F)(F)F)CC1,8.013228265733755
CHEMBL3938796,CHEMBL5137,Metabotropic glutamate receptor 2,EC50,=,15.0,nM,CHEMBL3858844,B,Positive allosteric modulation of human mGlu2 receptor expressed in CHO cell membranes assessed as potentiation of glutamate-induced effect incubated for 30 mins prior to [35S]GTPgamma addition measured after 30 mins by scintillation counting method,CHEMBL3856249,Q14416,Metabotropic glutamate receptor 2,EC50,Fc1ccc(C2CCN(Cc3ccn4c(CC5CC5)nnc4c3C(F)(F)F)CC2)c(F)c1,7.823908740944319
CHEMBL3963034,CHEMBL5137,Metabotropic glutamate receptor 2,EC50,=,57.0,nM,CHEMBL3858844,B,Positive allosteric modulation of human mGlu2 receptor expressed in CHO cell membranes assessed as potentiation of glutamate-induced effect incubated for 30 mins prior to [35S]GTPgamma addition measured after 30 mins by scintillation counting method,CHEMBL3856249,Q14416,Metabotropic glutamate receptor 2,EC50,Fc1ccc(OC2CCN(Cc3ccn4c(CC5CC5)nnc4c3C(F)(F)F)CC2)c(F)c1,7.2441251443275085
CHEMBL3929786,CHEMBL5137,Metabotropic glutamate receptor 2,EC50,=,57.0,nM,CHEMBL3858844,B,Positive allosteric modulation of human mGlu2 receptor expressed in CHO cell membranes assessed as potentiation of glutamate-induced effect incubated for 30 mins prior to [35S]GTPgamma addition measured after 30 mins by scintillation counting method,CHEMBL3856249,Q14416,Metabotropic glutamate receptor 2,EC50,Fc1ccc(COC2CCN(Cc3ccn4c(CC5CC5)nnc4c3C(F)(F)F)CC2)c(F)c1,7.2441251443275085
CHEMBL3892865,CHEMBL5137,Metabotropic glutamate receptor 2,EC50,=,38.0,nM,CHEMBL3858844,B,Positive allosteric modulation of human mGlu2 receptor expressed in CHO cell membranes assessed as potentiation of glutamate-induced effect incubated for 30 mins prior to [35S]GTPgamma addition measured after 30 mins by scintillation counting method,CHEMBL3856249,Q14416,Metabotropic glutamate receptor 2,EC50,Fc1ccc([C@H]2CC[C@@H](NCc3ccn4c(CC5CC5)nnc4c3C(F)(F)F)CC2)c(F)c1,7.42021640338319
CHEMBL3940264,CHEMBL5137,Metabotropic glutamate receptor 2,EC50,=,83.0,nM,CHEMBL3858844,B,Positive allosteric modulation of human mGlu2 receptor expressed in CHO cell membranes assessed as potentiation of glutamate-induced effect incubated for 30 mins prior to [35S]GTPgamma addition measured after 30 mins by scintillation counting method,CHEMBL3856249,Q14416,Metabotropic glutamate receptor 2,EC50,Fc1ccc([C@H]2CC[C@H](NCc3ccn4c(CC5CC5)nnc4c3C(F)(F)F)CC2)c(F)c1,7.080921907623926
CHEMBL3981882,CHEMBL5137,Metabotropic glutamate receptor 2,EC50,=,26.0,nM,CHEMBL3858844,B,Positive allosteric modulation of human mGlu2 receptor expressed in CHO cell membranes assessed as potentiation of glutamate-induced effect incubated for 30 mins prior to [35S]GTPgamma addition measured after 30 mins by scintillation counting method,CHEMBL3856249,Q14416,Metabotropic glutamate receptor 2,EC50,Fc1cccc(F)c1N1CCN(Cc2ccn3c(CC4CC4)nnc3c2C(F)(F)F)CC1,7.585026652029182
CHEMBL3926416,CHEMBL5137,Metabotropic glutamate receptor 2,EC50,=,78.0,nM,CHEMBL3858844,B,Positive allosteric modulation of human mGlu2 receptor expressed in CHO cell membranes assessed as potentiation of glutamate-induced effect incubated for 30 mins prior to [35S]GTPgamma addition measured after 30 mins by scintillation counting method,CHEMBL3856249,Q14416,Metabotropic glutamate receptor 2,EC50,Fc1ccc(N2CCN(Cc3ccn4c(CC5CC5)nnc4c3C(F)(F)F)CC2)c(F)c1,7.107905397309519
CHEMBL3957311,CHEMBL5137,Metabotropic glutamate receptor 2,EC50,=,17.0,nM,CHEMBL3858844,B,Positive allosteric modulation of human mGlu2 receptor expressed in CHO cell membranes assessed as potentiation of glutamate-induced effect incubated for 30 mins prior to [35S]GTPgamma addition measured after 30 mins by scintillation counting method,CHEMBL3856249,Q14416,Metabotropic glutamate receptor 2,EC50,FC(F)(F)c1c(CN2CCN(c3ccc(Cl)cc3Cl)CC2)ccn2c(CC3CC3)nnc12,7.769551078621726
CHEMBL3985987,CHEMBL5137,Metabotropic glutamate receptor 2,EC50,=,22.0,nM,CHEMBL3858844,B,Positive allosteric modulation of human mGlu2 receptor expressed in CHO cell membranes assessed as potentiation of glutamate-induced effect incubated for 30 mins prior to [35S]GTPgamma addition measured after 30 mins by scintillation counting method,CHEMBL3856249,Q14416,Metabotropic glutamate receptor 2,EC50,Fc1ccc(N2CCCN(Cc3ccn4c(CC5CC5)nnc4c3C(F)(F)F)CC2)c(F)c1,7.657577319177793
CHEMBL3337527,CHEMBL5137,Metabotropic glutamate receptor 2,EC50,=,65.0,nM,CHEMBL3858851,B,Positive allosteric modulation of wild-type human mGlu2 receptor expressed in CHO-K1 cells assessed as potentiation of glutamate-induced effect incubated for 30 mins prior to [35S]GTPgamma addition measured after 30 mins by scintillation counting method,CHEMBL3856249,Q14416,Metabotropic glutamate receptor 2,EC50,CCCCn1ccc(N2CCC(c3ccccc3)CC2)c(Cl)c1=O,7.187086643357144
CHEMBL2179319,CHEMBL5137,Metabotropic glutamate receptor 2,EC50,=,4.8,nM,CHEMBL3858851,B,Positive allosteric modulation of wild-type human mGlu2 receptor expressed in CHO-K1 cells assessed as potentiation of glutamate-induced effect incubated for 30 mins prior to [35S]GTPgamma addition measured after 30 mins by scintillation counting method,CHEMBL3856249,Q14416,Metabotropic glutamate receptor 2,EC50,FC(F)(F)c1c(N2CCC(c3ccccc3)CC2)ccn2c(CC3CC3)nnc12,8.318758762624412
CHEMBL3926416,CHEMBL5137,Metabotropic glutamate receptor 2,EC50,=,45.7,nM,CHEMBL3858851,B,Positive allosteric modulation of wild-type human mGlu2 receptor expressed in CHO-K1 cells assessed as potentiation of glutamate-induced effect incubated for 30 mins prior to [35S]GTPgamma addition measured after 30 mins by scintillation counting method,CHEMBL3856249,Q14416,Metabotropic glutamate receptor 2,EC50,Fc1ccc(N2CCN(Cc3ccn4c(CC5CC5)nnc4c3C(F)(F)F)CC2)c(F)c1,7.34008379993015
CHEMBL3337527,CHEMBL5137,Metabotropic glutamate receptor 2,EC50,=,1350.0,nM,CHEMBL3858852,B,Positive allosteric modulation at human mGlu2 receptor L639A mutant expressed in CHO-K1 cells assessed as potentiation of glutamate-induced effect incubated for 30 mins prior to [35S]GTPgamma addition measured after 30 mins by scintillation counting method,CHEMBL3856249,Q14416,Metabotropic glutamate receptor 2,EC50,CCCCn1ccc(N2CCC(c3ccccc3)CC2)c(Cl)c1=O,5.8696662315049934
CHEMBL3337527,CHEMBL5137,Metabotropic glutamate receptor 2,EC50,=,2000.0,nM,CHEMBL3858853,B,Positive allosteric modulation at human mGlu2 receptor F643A mutant expressed in CHO-K1 cells assessed as potentiation of glutamate-induced effect incubated for 30 mins prior to [35S]GTPgamma addition measured after 30 mins by scintillation counting method,CHEMBL3856249,Q14416,Metabotropic glutamate receptor 2,EC50,CCCCn1ccc(N2CCC(c3ccccc3)CC2)c(Cl)c1=O,5.698970004336019
CHEMBL2179319,CHEMBL5137,Metabotropic glutamate receptor 2,EC50,=,385.0,nM,CHEMBL3858853,B,Positive allosteric modulation at human mGlu2 receptor F643A mutant expressed in CHO-K1 cells assessed as potentiation of glutamate-induced effect incubated for 30 mins prior to [35S]GTPgamma addition measured after 30 mins by scintillation counting method,CHEMBL3856249,Q14416,Metabotropic glutamate receptor 2,EC50,FC(F)(F)c1c(N2CCC(c3ccccc3)CC2)ccn2c(CC3CC3)nnc12,6.414539270491499
CHEMBL3926416,CHEMBL5137,Metabotropic glutamate receptor 2,EC50,=,6610.0,nM,CHEMBL3858853,B,Positive allosteric modulation at human mGlu2 receptor F643A mutant expressed in CHO-K1 cells assessed as potentiation of glutamate-induced effect incubated for 30 mins prior to [35S]GTPgamma addition measured after 30 mins by scintillation counting method,CHEMBL3856249,Q14416,Metabotropic glutamate receptor 2,EC50,Fc1ccc(N2CCN(Cc3ccn4c(CC5CC5)nnc4c3C(F)(F)F)CC2)c(F)c1,5.17979854051436
CHEMBL3337527,CHEMBL5137,Metabotropic glutamate receptor 2,EC50,=,77.0,nM,CHEMBL3858854,B,Positive allosteric modulation at wild type human mGlu2 receptor L732A mutant expressed in CHO-K1 cells assessed as potentiation of glutamate-induced effect preincubated for 30 mins prior to glutamate challenge measured after 30 mins by [35S]GTP-gammaS binding assay,CHEMBL3856249,Q14416,Metabotropic glutamate receptor 2,EC50,CCCCn1ccc(N2CCC(c3ccccc3)CC2)c(Cl)c1=O,7.113509274827518
CHEMBL2179319,CHEMBL5137,Metabotropic glutamate receptor 2,EC50,=,46.4,nM,CHEMBL3858854,B,Positive allosteric modulation at wild type human mGlu2 receptor L732A mutant expressed in CHO-K1 cells assessed as potentiation of glutamate-induced effect preincubated for 30 mins prior to glutamate challenge measured after 30 mins by [35S]GTP-gammaS binding assay,CHEMBL3856249,Q14416,Metabotropic glutamate receptor 2,EC50,FC(F)(F)c1c(N2CCC(c3ccccc3)CC2)ccn2c(CC3CC3)nnc12,7.333482019445119
CHEMBL3926416,CHEMBL5137,Metabotropic glutamate receptor 2,EC50,=,977.0,nM,CHEMBL3858854,B,Positive allosteric modulation at wild type human mGlu2 receptor L732A mutant expressed in CHO-K1 cells assessed as potentiation of glutamate-induced effect preincubated for 30 mins prior to glutamate challenge measured after 30 mins by [35S]GTP-gammaS binding assay,CHEMBL3856249,Q14416,Metabotropic glutamate receptor 2,EC50,Fc1ccc(N2CCN(Cc3ccn4c(CC5CC5)nnc4c3C(F)(F)F)CC2)c(F)c1,6.010105436281227
CHEMBL3337527,CHEMBL5137,Metabotropic glutamate receptor 2,EC50,=,1630.0,nM,CHEMBL3858855,B,Positive allosteric modulation at human mGlu2 receptor N735D mutant expressed in CHO-K1 cells assessed as potentiation of glutamate-induced effect incubated for 30 mins prior to [35S]GTPgamma addition measured after 30 mins by scintillation counting method,CHEMBL3856249,Q14416,Metabotropic glutamate receptor 2,EC50,CCCCn1ccc(N2CCC(c3ccccc3)CC2)c(Cl)c1=O,5.787812395596042
CHEMBL2179319,CHEMBL5137,Metabotropic glutamate receptor 2,EC50,=,27.0,nM,CHEMBL3858855,B,Positive allosteric modulation at human mGlu2 receptor N735D mutant expressed in CHO-K1 cells assessed as potentiation of glutamate-induced effect incubated for 30 mins prior to [35S]GTPgamma addition measured after 30 mins by scintillation counting method,CHEMBL3856249,Q14416,Metabotropic glutamate receptor 2,EC50,FC(F)(F)c1c(N2CCC(c3ccccc3)CC2)ccn2c(CC3CC3)nnc12,7.568636235841012
CHEMBL3926416,CHEMBL5137,Metabotropic glutamate receptor 2,EC50,=,1410.0,nM,CHEMBL3858855,B,Positive allosteric modulation at human mGlu2 receptor N735D mutant expressed in CHO-K1 cells assessed as potentiation of glutamate-induced effect incubated for 30 mins prior to [35S]GTPgamma addition measured after 30 mins by scintillation counting method,CHEMBL3856249,Q14416,Metabotropic glutamate receptor 2,EC50,Fc1ccc(N2CCN(Cc3ccn4c(CC5CC5)nnc4c3C(F)(F)F)CC2)c(F)c1,5.85078088734462
CHEMBL3337527,CHEMBL5137,Metabotropic glutamate receptor 2,EC50,=,2570.0,nM,CHEMBL3858856,B,Positive allosteric modulation at human mGlu2 receptor W773A mutant expressed in CHO-K1 cells assessed as potentiation of glutamate-induced effect incubated for 30 mins prior to [35S]GTPgamma addition measured after 30 mins by scintillation counting method,CHEMBL3856249,Q14416,Metabotropic glutamate receptor 2,EC50,CCCCn1ccc(N2CCC(c3ccccc3)CC2)c(Cl)c1=O,5.590066876668706
CHEMBL3926416,CHEMBL5137,Metabotropic glutamate receptor 2,EC50,=,2340.0,nM,CHEMBL3858856,B,Positive allosteric modulation at human mGlu2 receptor W773A mutant expressed in CHO-K1 cells assessed as potentiation of glutamate-induced effect incubated for 30 mins prior to [35S]GTPgamma addition measured after 30 mins by scintillation counting method,CHEMBL3856249,Q14416,Metabotropic glutamate receptor 2,EC50,Fc1ccc(N2CCN(Cc3ccn4c(CC5CC5)nnc4c3C(F)(F)F)CC2)c(F)c1,5.630784142589857
CHEMBL3337527,CHEMBL5137,Metabotropic glutamate receptor 2,EC50,=,265.0,nM,CHEMBL3858857,B,Positive allosteric modulation at human mGlu2 receptor F776A mutant expressed in CHO-K1 cells assessed as potentiation of glutamate-induced effect incubated for 30 mins prior to [35S]GTPgamma addition measured after 30 mins by scintillation counting method,CHEMBL3856249,Q14416,Metabotropic glutamate receptor 2,EC50,CCCCn1ccc(N2CCC(c3ccccc3)CC2)c(Cl)c1=O,6.576754126063192
CHEMBL2179319,CHEMBL5137,Metabotropic glutamate receptor 2,EC50,=,23.6,nM,CHEMBL3858857,B,Positive allosteric modulation at human mGlu2 receptor F776A mutant expressed in CHO-K1 cells assessed as potentiation of glutamate-induced effect incubated for 30 mins prior to [35S]GTPgamma addition measured after 30 mins by scintillation counting method,CHEMBL3856249,Q14416,Metabotropic glutamate receptor 2,EC50,FC(F)(F)c1c(N2CCC(c3ccccc3)CC2)ccn2c(CC3CC3)nnc12,7.627087997029893
CHEMBL3885379,CHEMBL5137,Metabotropic glutamate receptor 2,EC50,=,530.0,nM,CHEMBL3876538,B,Agonist activity at humanized monkey mGlu2 receptor expressed in HEK293 cells co-expressing Gqi5 measured for 3 mins by Fluo-4 dye based FLIPR assay,CHEMBL3875193,Q14416,Metabotropic glutamate receptor 2,EC50,FC(F)(F)c1c(OC[C@H]2C[C@@H]2c2ccc(Cl)cc2)ccn2c(CC3CC3)nnc12,6.275724130399211
CHEMBL3939174,CHEMBL5137,Metabotropic glutamate receptor 2,EC50,=,9.08,nM,CHEMBL3888322,B,"[35S]-GTPγS Assay: The stimulation of [35S]-GTPγS binding is a common functional assay to monitor Gαi-coupled receptor in native and recombinant receptor membrane preparation. Membrane from cells stably expressing hmGlu2 CHO-K1 (50 μg) are incubated in a 96 well plate for 1 hour in the presence of GTPγS35 (0.05 nM), GDP (5 μM) and compounds. The reaction is stopped by rapid filtration over Unifilter GF/B plate (Packard, Bioscience, Meriden Conn.) using a 96-well cell harvester (Brandel Gaithersburg, Md.). The filter plates are counted using Topcount counter (Packard, Bioscience, Meriden Conn., USA). When compounds are evaluated as potentiators they are tested in the presence of glutamate (1 μM).",CHEMBL3886657,Q14416,Metabotropic glutamate receptor 2,EC50,Cn1c(=O)n(CC(C)(C)C)c2ccc(C3=CC4CCC3CN4C(=O)c3ccon3)nc21,8.041914151478915
CHEMBL3912982,CHEMBL5137,Metabotropic glutamate receptor 2,EC50,=,69.3,nM,CHEMBL3888322,B,"[35S]-GTPγS Assay: The stimulation of [35S]-GTPγS binding is a common functional assay to monitor Gαi-coupled receptor in native and recombinant receptor membrane preparation. Membrane from cells stably expressing hmGlu2 CHO-K1 (50 μg) are incubated in a 96 well plate for 1 hour in the presence of GTPγS35 (0.05 nM), GDP (5 μM) and compounds. The reaction is stopped by rapid filtration over Unifilter GF/B plate (Packard, Bioscience, Meriden Conn.) using a 96-well cell harvester (Brandel Gaithersburg, Md.). The filter plates are counted using Topcount counter (Packard, Bioscience, Meriden Conn., USA). When compounds are evaluated as potentiators they are tested in the presence of glutamate (1 μM).",CHEMBL3886657,Q14416,Metabotropic glutamate receptor 2,EC50,Cn1c(=O)n(CC(C)(C)C)c2ccc(C3=CC4CCC3CN4C(=O)c3csnn3)nc21,7.159266765388193
CHEMBL3967432,CHEMBL5137,Metabotropic glutamate receptor 2,EC50,=,299.1,nM,CHEMBL3888322,B,"[35S]-GTPγS Assay: The stimulation of [35S]-GTPγS binding is a common functional assay to monitor Gαi-coupled receptor in native and recombinant receptor membrane preparation. Membrane from cells stably expressing hmGlu2 CHO-K1 (50 μg) are incubated in a 96 well plate for 1 hour in the presence of GTPγS35 (0.05 nM), GDP (5 μM) and compounds. The reaction is stopped by rapid filtration over Unifilter GF/B plate (Packard, Bioscience, Meriden Conn.) using a 96-well cell harvester (Brandel Gaithersburg, Md.). The filter plates are counted using Topcount counter (Packard, Bioscience, Meriden Conn., USA). When compounds are evaluated as potentiators they are tested in the presence of glutamate (1 μM).",CHEMBL3886657,Q14416,Metabotropic glutamate receptor 2,EC50,Cn1c(=O)n(CC(C)(C)C)c2ccc(C3=CC4CCC3CN4C(=O)c3cccnc3)nc21,6.524183586968682
CHEMBL3899706,CHEMBL5137,Metabotropic glutamate receptor 2,EC50,=,214.7,nM,CHEMBL3888322,B,"[35S]-GTPγS Assay: The stimulation of [35S]-GTPγS binding is a common functional assay to monitor Gαi-coupled receptor in native and recombinant receptor membrane preparation. Membrane from cells stably expressing hmGlu2 CHO-K1 (50 μg) are incubated in a 96 well plate for 1 hour in the presence of GTPγS35 (0.05 nM), GDP (5 μM) and compounds. The reaction is stopped by rapid filtration over Unifilter GF/B plate (Packard, Bioscience, Meriden Conn.) using a 96-well cell harvester (Brandel Gaithersburg, Md.). The filter plates are counted using Topcount counter (Packard, Bioscience, Meriden Conn., USA). When compounds are evaluated as potentiators they are tested in the presence of glutamate (1 μM).",CHEMBL3886657,Q14416,Metabotropic glutamate receptor 2,EC50,Cn1c(=O)n(CC(C)(C)C)c2ccc(C3=CC4CCC3CN4C(=O)C3CC3)nc21,6.668167955563751
CHEMBL3930164,CHEMBL5137,Metabotropic glutamate receptor 2,EC50,=,114.7,nM,CHEMBL3888322,B,"[35S]-GTPγS Assay: The stimulation of [35S]-GTPγS binding is a common functional assay to monitor Gαi-coupled receptor in native and recombinant receptor membrane preparation. Membrane from cells stably expressing hmGlu2 CHO-K1 (50 μg) are incubated in a 96 well plate for 1 hour in the presence of GTPγS35 (0.05 nM), GDP (5 μM) and compounds. The reaction is stopped by rapid filtration over Unifilter GF/B plate (Packard, Bioscience, Meriden Conn.) using a 96-well cell harvester (Brandel Gaithersburg, Md.). The filter plates are counted using Topcount counter (Packard, Bioscience, Meriden Conn., USA). When compounds are evaluated as potentiators they are tested in the presence of glutamate (1 μM).",CHEMBL3886657,Q14416,Metabotropic glutamate receptor 2,EC50,Cn1c(=O)n(CC(C)(C)C)c2ccc(C3=CC4CCC3CN4C(=O)Cn3cncn3)nc21,6.940436582098732
CHEMBL3902193,CHEMBL5137,Metabotropic glutamate receptor 2,EC50,=,17.86,nM,CHEMBL3888322,B,"[35S]-GTPγS Assay: The stimulation of [35S]-GTPγS binding is a common functional assay to monitor Gαi-coupled receptor in native and recombinant receptor membrane preparation. Membrane from cells stably expressing hmGlu2 CHO-K1 (50 μg) are incubated in a 96 well plate for 1 hour in the presence of GTPγS35 (0.05 nM), GDP (5 μM) and compounds. The reaction is stopped by rapid filtration over Unifilter GF/B plate (Packard, Bioscience, Meriden Conn.) using a 96-well cell harvester (Brandel Gaithersburg, Md.). The filter plates are counted using Topcount counter (Packard, Bioscience, Meriden Conn., USA). When compounds are evaluated as potentiators they are tested in the presence of glutamate (1 μM).",CHEMBL3886657,Q14416,Metabotropic glutamate receptor 2,EC50,Cn1c(=O)n(CC(C)(C)C)c2ccc(C3=CC4CCC3CN4C(=O)c3ncco3)nc21,7.748118545447472
CHEMBL3907644,CHEMBL5137,Metabotropic glutamate receptor 2,EC50,=,26.62,nM,CHEMBL3888322,B,"[35S]-GTPγS Assay: The stimulation of [35S]-GTPγS binding is a common functional assay to monitor Gαi-coupled receptor in native and recombinant receptor membrane preparation. Membrane from cells stably expressing hmGlu2 CHO-K1 (50 μg) are incubated in a 96 well plate for 1 hour in the presence of GTPγS35 (0.05 nM), GDP (5 μM) and compounds. The reaction is stopped by rapid filtration over Unifilter GF/B plate (Packard, Bioscience, Meriden Conn.) using a 96-well cell harvester (Brandel Gaithersburg, Md.). The filter plates are counted using Topcount counter (Packard, Bioscience, Meriden Conn., USA). When compounds are evaluated as potentiators they are tested in the presence of glutamate (1 μM).",CHEMBL3886657,Q14416,Metabotropic glutamate receptor 2,EC50,Cn1c(=O)n(CC2CC2(F)F)c2ccc(C3=CC4CCC3CN4C(=O)c3ccon3)nc21,7.5747919488613435
CHEMBL3916627,CHEMBL5137,Metabotropic glutamate receptor 2,EC50,=,2820.0,nM,CHEMBL3888322,B,"[35S]-GTPγS Assay: The stimulation of [35S]-GTPγS binding is a common functional assay to monitor Gαi-coupled receptor in native and recombinant receptor membrane preparation. Membrane from cells stably expressing hmGlu2 CHO-K1 (50 μg) are incubated in a 96 well plate for 1 hour in the presence of GTPγS35 (0.05 nM), GDP (5 μM) and compounds. The reaction is stopped by rapid filtration over Unifilter GF/B plate (Packard, Bioscience, Meriden Conn.) using a 96-well cell harvester (Brandel Gaithersburg, Md.). The filter plates are counted using Topcount counter (Packard, Bioscience, Meriden Conn., USA). When compounds are evaluated as potentiators they are tested in the presence of glutamate (1 μM).",CHEMBL3886657,Q14416,Metabotropic glutamate receptor 2,EC50,Cn1c(=O)n(CC(C)(C)C)c2ccc(C3=CC4CN(C(=O)CO)CC4C3)nc21,5.549750891680639
CHEMBL3942904,CHEMBL5137,Metabotropic glutamate receptor 2,EC50,=,51.38,nM,CHEMBL3888322,B,"[35S]-GTPγS Assay: The stimulation of [35S]-GTPγS binding is a common functional assay to monitor Gαi-coupled receptor in native and recombinant receptor membrane preparation. Membrane from cells stably expressing hmGlu2 CHO-K1 (50 μg) are incubated in a 96 well plate for 1 hour in the presence of GTPγS35 (0.05 nM), GDP (5 μM) and compounds. The reaction is stopped by rapid filtration over Unifilter GF/B plate (Packard, Bioscience, Meriden Conn.) using a 96-well cell harvester (Brandel Gaithersburg, Md.). The filter plates are counted using Topcount counter (Packard, Bioscience, Meriden Conn., USA). When compounds are evaluated as potentiators they are tested in the presence of glutamate (1 μM).",CHEMBL3886657,Q14416,Metabotropic glutamate receptor 2,EC50,Cn1c(=O)n(CC(C)(C)C)c2ccc(C3=CC4CN(C(=O)C5(O)CCC5)CC4C3)nc21,7.289205900069673
CHEMBL3929070,CHEMBL5137,Metabotropic glutamate receptor 2,EC50,=,54.7,nM,CHEMBL3888322,B,"[35S]-GTPγS Assay: The stimulation of [35S]-GTPγS binding is a common functional assay to monitor Gαi-coupled receptor in native and recombinant receptor membrane preparation. Membrane from cells stably expressing hmGlu2 CHO-K1 (50 μg) are incubated in a 96 well plate for 1 hour in the presence of GTPγS35 (0.05 nM), GDP (5 μM) and compounds. The reaction is stopped by rapid filtration over Unifilter GF/B plate (Packard, Bioscience, Meriden Conn.) using a 96-well cell harvester (Brandel Gaithersburg, Md.). The filter plates are counted using Topcount counter (Packard, Bioscience, Meriden Conn., USA). When compounds are evaluated as potentiators they are tested in the presence of glutamate (1 μM).",CHEMBL3886657,Q14416,Metabotropic glutamate receptor 2,EC50,Cn1c(=O)n(CC(C)(C)C)c2ccc(C3=CC4CN(C(=O)c5ncco5)CC4C3)nc21,7.262012673666569
CHEMBL3919237,CHEMBL5137,Metabotropic glutamate receptor 2,EC50,=,248.3,nM,CHEMBL3888322,B,"[35S]-GTPγS Assay: The stimulation of [35S]-GTPγS binding is a common functional assay to monitor Gαi-coupled receptor in native and recombinant receptor membrane preparation. Membrane from cells stably expressing hmGlu2 CHO-K1 (50 μg) are incubated in a 96 well plate for 1 hour in the presence of GTPγS35 (0.05 nM), GDP (5 μM) and compounds. The reaction is stopped by rapid filtration over Unifilter GF/B plate (Packard, Bioscience, Meriden Conn.) using a 96-well cell harvester (Brandel Gaithersburg, Md.). The filter plates are counted using Topcount counter (Packard, Bioscience, Meriden Conn., USA). When compounds are evaluated as potentiators they are tested in the presence of glutamate (1 μM).",CHEMBL3886657,Q14416,Metabotropic glutamate receptor 2,EC50,Cn1c(=O)n(CC2CC2(F)F)c2ccc(C3=CC4CN(C(=O)c5ncco5)CC4C3)nc21,6.605023280445436
CHEMBL3931730,CHEMBL5137,Metabotropic glutamate receptor 2,EC50,=,44.01,nM,CHEMBL3888322,B,"[35S]-GTPγS Assay: The stimulation of [35S]-GTPγS binding is a common functional assay to monitor Gαi-coupled receptor in native and recombinant receptor membrane preparation. Membrane from cells stably expressing hmGlu2 CHO-K1 (50 μg) are incubated in a 96 well plate for 1 hour in the presence of GTPγS35 (0.05 nM), GDP (5 μM) and compounds. The reaction is stopped by rapid filtration over Unifilter GF/B plate (Packard, Bioscience, Meriden Conn.) using a 96-well cell harvester (Brandel Gaithersburg, Md.). The filter plates are counted using Topcount counter (Packard, Bioscience, Meriden Conn., USA). When compounds are evaluated as potentiators they are tested in the presence of glutamate (1 μM).",CHEMBL3886657,Q14416,Metabotropic glutamate receptor 2,EC50,Cn1c(=O)n(CC(C)(C)C)c2ccc(C3CCC(C)(C)C(NC(=O)c4cnsn4)C3)nc21,7.356448631437055
CHEMBL3940610,CHEMBL5137,Metabotropic glutamate receptor 2,EC50,=,88.63,nM,CHEMBL3888322,B,"[35S]-GTPγS Assay: The stimulation of [35S]-GTPγS binding is a common functional assay to monitor Gαi-coupled receptor in native and recombinant receptor membrane preparation. Membrane from cells stably expressing hmGlu2 CHO-K1 (50 μg) are incubated in a 96 well plate for 1 hour in the presence of GTPγS35 (0.05 nM), GDP (5 μM) and compounds. The reaction is stopped by rapid filtration over Unifilter GF/B plate (Packard, Bioscience, Meriden Conn.) using a 96-well cell harvester (Brandel Gaithersburg, Md.). The filter plates are counted using Topcount counter (Packard, Bioscience, Meriden Conn., USA). When compounds are evaluated as potentiators they are tested in the presence of glutamate (1 μM).",CHEMBL3886657,Q14416,Metabotropic glutamate receptor 2,EC50,CN1c2nc(C3=CC4CN(C(=O)C(C)(C)O)CC4C3)ccc2N(CC2CC2(F)F)S1(=O)=O,7.052419250695678
CHEMBL3909811,CHEMBL5137,Metabotropic glutamate receptor 2,EC50,=,40.64,nM,CHEMBL3888322,B,"[35S]-GTPγS Assay: The stimulation of [35S]-GTPγS binding is a common functional assay to monitor Gαi-coupled receptor in native and recombinant receptor membrane preparation. Membrane from cells stably expressing hmGlu2 CHO-K1 (50 μg) are incubated in a 96 well plate for 1 hour in the presence of GTPγS35 (0.05 nM), GDP (5 μM) and compounds. The reaction is stopped by rapid filtration over Unifilter GF/B plate (Packard, Bioscience, Meriden Conn.) using a 96-well cell harvester (Brandel Gaithersburg, Md.). The filter plates are counted using Topcount counter (Packard, Bioscience, Meriden Conn., USA). When compounds are evaluated as potentiators they are tested in the presence of glutamate (1 μM).",CHEMBL3886657,Q14416,Metabotropic glutamate receptor 2,EC50,CC1C(c2ccc3c(n2)N(C)S(=O)(=O)N3CC2CC2(F)F)C1C(C)(C)O,7.391046300724137
CHEMBL4067290,CHEMBL5137,Metabotropic glutamate receptor 2,EC50,=,89.13,nM,CHEMBL4040529,B,Positive allosteric modulation of human metabotropic glutamate receptor 2 expressed in CHOK1 cells assessed as cellular impedance measured for 20 mins with 15 sec time interval followed by 40 mins with 5 mins time interval and subsequently measured with 15 mins time interval in presence of endogenous glutamate levels by RTCA,CHEMBL4038323,Q14416,Metabotropic glutamate receptor 2,EC50,FC(F)(F)c1c(-c2ccc(OC3CCOCC3)c(Cl)c2)ccn2c(CC3CC3)nnc12,7.0499760934766735
CHEMBL4064589,CHEMBL5137,Metabotropic glutamate receptor 2,EC50,=,18.62,nM,CHEMBL4040529,B,Positive allosteric modulation of human metabotropic glutamate receptor 2 expressed in CHOK1 cells assessed as cellular impedance measured for 20 mins with 15 sec time interval followed by 40 mins with 5 mins time interval and subsequently measured with 15 mins time interval in presence of endogenous glutamate levels by RTCA,CHEMBL4038323,Q14416,Metabotropic glutamate receptor 2,EC50,FC(F)(F)c1c(-c2ccc(NC3CCOCC3)c(Cl)c2)ccn2c(CC3CC3)nnc12,7.730020323354676
CHEMBL4063313,CHEMBL5137,Metabotropic glutamate receptor 2,EC50,=,11.22,nM,CHEMBL4040529,B,Positive allosteric modulation of human metabotropic glutamate receptor 2 expressed in CHOK1 cells assessed as cellular impedance measured for 20 mins with 15 sec time interval followed by 40 mins with 5 mins time interval and subsequently measured with 15 mins time interval in presence of endogenous glutamate levels by RTCA,CHEMBL4038323,Q14416,Metabotropic glutamate receptor 2,EC50,O[C@]1(C2CC2)CC[C@H](Nc2ccc(-c3ccn4c(CC5CC5)nnc4c3C(F)(F)F)cc2Cl)CC1,7.950007143079858
CHEMBL2179319,CHEMBL5137,Metabotropic glutamate receptor 2,EC50,=,147.0,nM,CHEMBL5121388,B,Positive allosteric modulation of mGlu2 receptor (unknown origin),CHEMBL5120754,Q14416,Metabotropic glutamate receptor 2,EC50,FC(F)(F)c1c(N2CCC(c3ccccc3)CC2)ccn2c(CC3CC3)nnc12,6.8326826652518236
CHEMBL5177038,CHEMBL5137,Metabotropic glutamate receptor 2,EC50,=,78.0,nM,CHEMBL5121388,B,Positive allosteric modulation of mGlu2 receptor (unknown origin),CHEMBL5120754,Q14416,Metabotropic glutamate receptor 2,EC50,Fc1ccc(C2CCC(c3ccn4c(CC5CC5)nnc4c3C(F)(F)F)CC2)c(F)c1,7.107905397309519
