molecule_chembl_id,target_chembl_id,target_pref_name,standard_type,standard_relation,standard_value,standard_units,assay_chembl_id,assay_type,assay_description,document_chembl_id,uniprot_id,target_pref_name,readout,smiles,pActivity
CHEMBL117910,CHEMBL3230,Sphingosine 1-phosphate receptor 4,IC50,=,33.0,nM,CHEMBL807595,B,Binding affinity towards human sphingosine 1-phosphate receptor 4 expressed in CHO cells was determined by using [33P]-S1P as radioligand,CHEMBL1147471,O95977,Sphingosine 1-phosphate receptor 4,IC50,CCCCCCCCCOc1c(Br)cc(CNCCCP(=O)(O)O)cc1OC,7.481486060122112
CHEMBL115554,CHEMBL3230,Sphingosine 1-phosphate receptor 4,IC50,=,16.0,nM,CHEMBL806184,B,Inhibition of [33P]-S1P binding to human Sphingosine 1-phosphate receptor 4 expressed on CHO cell membranes,CHEMBL1147451,O95977,Sphingosine 1-phosphate receptor 4,IC50,CCCCCCCCc1ccc(CC[C@@H](N)C[C@@H](O)P(=O)(O)O)cc1,7.795880017344075
CHEMBL113344,CHEMBL3230,Sphingosine 1-phosphate receptor 4,IC50,=,23.0,nM,CHEMBL806184,B,Inhibition of [33P]-S1P binding to human Sphingosine 1-phosphate receptor 4 expressed on CHO cell membranes,CHEMBL1147451,O95977,Sphingosine 1-phosphate receptor 4,IC50,CCCCCCCCc1ccc(CCC(N)CC(O)P(=O)(O)O)cc1,7.638272163982407
CHEMBL114976,CHEMBL3230,Sphingosine 1-phosphate receptor 4,IC50,=,500.0,nM,CHEMBL806184,B,Inhibition of [33P]-S1P binding to human Sphingosine 1-phosphate receptor 4 expressed on CHO cell membranes,CHEMBL1147451,O95977,Sphingosine 1-phosphate receptor 4,IC50,CCCCCCCCc1ccc(CC[C@H](N)C[C@@H](O)P(=O)(O)O)cc1,6.301029995663981
CHEMBL91283,CHEMBL3230,Sphingosine 1-phosphate receptor 4,IC50,=,140.0,nM,CHEMBL806184,B,Inhibition of [33P]-S1P binding to human Sphingosine 1-phosphate receptor 4 expressed on CHO cell membranes,CHEMBL1147451,O95977,Sphingosine 1-phosphate receptor 4,IC50,CCCCCCCCc1ccc(CCC(N)/C=C/P(=O)(O)O)cc1.CCCCCCCCc1ccc(CCC(N)C(O)CP(=O)(O)O)cc1,6.853871964321762
CHEMBL114606,CHEMBL3230,Sphingosine 1-phosphate receptor 4,IC50,=,15.0,nM,CHEMBL806184,B,Inhibition of [33P]-S1P binding to human Sphingosine 1-phosphate receptor 4 expressed on CHO cell membranes,CHEMBL1147451,O95977,Sphingosine 1-phosphate receptor 4,IC50,CCCCCCCCc1ccc(CCC(N)(CO)COP(=O)(O)O)cc1,7.823908740944319
CHEMBL432067,CHEMBL3230,Sphingosine 1-phosphate receptor 4,IC50,=,1.7,nM,CHEMBL806184,B,Inhibition of [33P]-S1P binding to human Sphingosine 1-phosphate receptor 4 expressed on CHO cell membranes,CHEMBL1147451,O95977,Sphingosine 1-phosphate receptor 4,IC50,CCCCCCCCc1ccc(CCC(N)COP(=O)(O)O)cc1,8.769551078621726
CHEMBL112655,CHEMBL3230,Sphingosine 1-phosphate receptor 4,IC50,=,140.0,nM,CHEMBL806184,B,Inhibition of [33P]-S1P binding to human Sphingosine 1-phosphate receptor 4 expressed on CHO cell membranes,CHEMBL1147451,O95977,Sphingosine 1-phosphate receptor 4,IC50,CCCCCCCCc1ccc(CCC(N)C(O)CP(=O)(O)O)cc1,6.853871964321762
CHEMBL114584,CHEMBL3230,Sphingosine 1-phosphate receptor 4,IC50,=,210.0,nM,CHEMBL806184,B,Inhibition of [33P]-S1P binding to human Sphingosine 1-phosphate receptor 4 expressed on CHO cell membranes,CHEMBL1147451,O95977,Sphingosine 1-phosphate receptor 4,IC50,CCCCCCCCc1ccc(CCC(N)(CO)CCP(=O)(O)O)cc1,6.6777807052660805
CHEMBL115713,CHEMBL3230,Sphingosine 1-phosphate receptor 4,IC50,=,280.0,nM,CHEMBL806184,B,Inhibition of [33P]-S1P binding to human Sphingosine 1-phosphate receptor 4 expressed on CHO cell membranes,CHEMBL1147451,O95977,Sphingosine 1-phosphate receptor 4,IC50,CCCCCCCCc1ccc(CC[C@@H](N)C[C@H](O)P(=O)(O)O)cc1,6.552841968657781
CHEMBL115714,CHEMBL3230,Sphingosine 1-phosphate receptor 4,IC50,=,880.0,nM,CHEMBL806184,B,Inhibition of [33P]-S1P binding to human Sphingosine 1-phosphate receptor 4 expressed on CHO cell membranes,CHEMBL1147451,O95977,Sphingosine 1-phosphate receptor 4,IC50,CCCCCCCCc1ccc(CC[C@H](N)C[C@H](O)P(=O)(O)O)cc1,6.055517327849831
CHEMBL325198,CHEMBL3230,Sphingosine 1-phosphate receptor 4,IC50,=,240.0,nM,CHEMBL806184,B,Inhibition of [33P]-S1P binding to human Sphingosine 1-phosphate receptor 4 expressed on CHO cell membranes,CHEMBL1147451,O95977,Sphingosine 1-phosphate receptor 4,IC50,CCCCCCCCc1ccc(CCC(N)CCP(=O)(O)O)cc1,6.619788758288394
CHEMBL225155,CHEMBL3230,Sphingosine 1-phosphate receptor 4,IC50,=,23.0,nM,CHEMBL806184,B,Inhibition of [33P]-S1P binding to human Sphingosine 1-phosphate receptor 4 expressed on CHO cell membranes,CHEMBL1147451,O95977,Sphingosine 1-phosphate receptor 4,IC50,CCCCCCCCCCCCC/C=C/[C@@H](O)[C@@H](N)COP(=O)(O)O,7.638272163982407
CHEMBL119110,CHEMBL3230,Sphingosine 1-phosphate receptor 4,IC50,=,76.0,nM,CHEMBL873237,B,Binding affinity to human sphingosine 1-phosphate receptor 4 expressed in CHO cells was determined by using [33P]-S1P as radioligand,CHEMBL1147470,O95977,Sphingosine 1-phosphate receptor 4,IC50,CCCCCCCCCCCCCCC(N)CCP(=O)(O)O,7.119186407719209
CHEMBL334213,CHEMBL3230,Sphingosine 1-phosphate receptor 4,IC50,=,140.0,nM,CHEMBL873237,B,Binding affinity to human sphingosine 1-phosphate receptor 4 expressed in CHO cells was determined by using [33P]-S1P as radioligand,CHEMBL1147470,O95977,Sphingosine 1-phosphate receptor 4,IC50,CCCCCCCCCCCCCCNCCCP(=O)(O)O,6.853871964321762
CHEMBL115738,CHEMBL3230,Sphingosine 1-phosphate receptor 4,IC50,=,800.0,nM,CHEMBL873237,B,Binding affinity to human sphingosine 1-phosphate receptor 4 expressed in CHO cells was determined by using [33P]-S1P as radioligand,CHEMBL1147470,O95977,Sphingosine 1-phosphate receptor 4,IC50,CCCCCCCCCCCCCCCCNCCCP(=O)(O)O,6.096910013008056
CHEMBL116140,CHEMBL3230,Sphingosine 1-phosphate receptor 4,IC50,=,1400.0,nM,CHEMBL873237,B,Binding affinity to human sphingosine 1-phosphate receptor 4 expressed in CHO cells was determined by using [33P]-S1P as radioligand,CHEMBL1147470,O95977,Sphingosine 1-phosphate receptor 4,IC50,CCCCCCCCCc1ccc(CNCC(O)CC(=O)O)cc1,5.853871964321762
CHEMBL118265,CHEMBL3230,Sphingosine 1-phosphate receptor 4,IC50,=,200.0,nM,CHEMBL873237,B,Binding affinity to human sphingosine 1-phosphate receptor 4 expressed in CHO cells was determined by using [33P]-S1P as radioligand,CHEMBL1147470,O95977,Sphingosine 1-phosphate receptor 4,IC50,CCCCCCCCCCCCCNCCCP(=O)(O)O,6.698970004336019
CHEMBL117031,CHEMBL3230,Sphingosine 1-phosphate receptor 4,IC50,=,94.0,nM,CHEMBL873237,B,Binding affinity to human sphingosine 1-phosphate receptor 4 expressed in CHO cells was determined by using [33P]-S1P as radioligand,CHEMBL1147470,O95977,Sphingosine 1-phosphate receptor 4,IC50,NC(CCCCCCCCCCc1ccccc1)CCP(=O)(O)O,7.026872146400302
CHEMBL119516,CHEMBL3230,Sphingosine 1-phosphate receptor 4,IC50,=,4000.0,nM,CHEMBL873237,B,Binding affinity to human sphingosine 1-phosphate receptor 4 expressed in CHO cells was determined by using [33P]-S1P as radioligand,CHEMBL1147470,O95977,Sphingosine 1-phosphate receptor 4,IC50,CCCCCCCCCc1ccc(CNCCC(F)(F)C(=O)O)cc1,5.3979400086720375
CHEMBL119760,CHEMBL3230,Sphingosine 1-phosphate receptor 4,IC50,=,140.0,nM,CHEMBL873237,B,Binding affinity to human sphingosine 1-phosphate receptor 4 expressed in CHO cells was determined by using [33P]-S1P as radioligand,CHEMBL1147470,O95977,Sphingosine 1-phosphate receptor 4,IC50,CCCCCCCCCCCCCC(N)CCP(=O)(O)O,6.853871964321762
CHEMBL118068,CHEMBL3230,Sphingosine 1-phosphate receptor 4,IC50,=,1200.0,nM,CHEMBL873237,B,Binding affinity to human sphingosine 1-phosphate receptor 4 expressed in CHO cells was determined by using [33P]-S1P as radioligand,CHEMBL1147470,O95977,Sphingosine 1-phosphate receptor 4,IC50,CCCCCCCCCc1ccc(CNCCC(O)C(=O)O)cc1,5.920818753952375
CHEMBL334144,CHEMBL3230,Sphingosine 1-phosphate receptor 4,IC50,=,1400.0,nM,CHEMBL873237,B,Binding affinity to human sphingosine 1-phosphate receptor 4 expressed in CHO cells was determined by using [33P]-S1P as radioligand,CHEMBL1147470,O95977,Sphingosine 1-phosphate receptor 4,IC50,CCCCCCCCCCCCCCCC(N)CCP(=O)(O)O,5.853871964321762
CHEMBL117973,CHEMBL3230,Sphingosine 1-phosphate receptor 4,IC50,=,230.0,nM,CHEMBL873237,B,Binding affinity to human sphingosine 1-phosphate receptor 4 expressed in CHO cells was determined by using [33P]-S1P as radioligand,CHEMBL1147470,O95977,Sphingosine 1-phosphate receptor 4,IC50,CCCCCCCCCCCCCCCNCCCP(=O)(O)O,6.638272163982407
CHEMBL119349,CHEMBL3230,Sphingosine 1-phosphate receptor 4,IC50,=,140.0,nM,CHEMBL873237,B,Binding affinity to human sphingosine 1-phosphate receptor 4 expressed in CHO cells was determined by using [33P]-S1P as radioligand,CHEMBL1147470,O95977,Sphingosine 1-phosphate receptor 4,IC50,O=P(O)(O)CCCNCCCCCCCCCCc1ccccc1,6.853871964321762
CHEMBL424254,CHEMBL3230,Sphingosine 1-phosphate receptor 4,IC50,=,600.0,nM,CHEMBL873237,B,Binding affinity to human sphingosine 1-phosphate receptor 4 expressed in CHO cells was determined by using [33P]-S1P as radioligand,CHEMBL1147470,O95977,Sphingosine 1-phosphate receptor 4,IC50,CCCCCCCCCc1ccc(CNCC(F)CC(=O)O)cc1,6.221848749616356
CHEMBL119562,CHEMBL3230,Sphingosine 1-phosphate receptor 4,IC50,=,650.0,nM,CHEMBL873237,B,Binding affinity to human sphingosine 1-phosphate receptor 4 expressed in CHO cells was determined by using [33P]-S1P as radioligand,CHEMBL1147470,O95977,Sphingosine 1-phosphate receptor 4,IC50,CCCCCCCCCCCCNCCCP(=O)(O)O,6.187086643357144
CHEMBL119233,CHEMBL3230,Sphingosine 1-phosphate receptor 4,IC50,=,840.0,nM,CHEMBL873237,B,Binding affinity to human sphingosine 1-phosphate receptor 4 expressed in CHO cells was determined by using [33P]-S1P as radioligand,CHEMBL1147470,O95977,Sphingosine 1-phosphate receptor 4,IC50,CCCCCCCc1ccc(CCCNCCCP(=O)(O)O)cc1,6.075720713938118
CHEMBL118860,CHEMBL3230,Sphingosine 1-phosphate receptor 4,IC50,=,40.0,nM,CHEMBL873237,B,Binding affinity to human sphingosine 1-phosphate receptor 4 expressed in CHO cells was determined by using [33P]-S1P as radioligand,CHEMBL1147470,O95977,Sphingosine 1-phosphate receptor 4,IC50,CCCCCCCCCc1ccc(CNCCCP(=O)(O)O)cc1,7.3979400086720375
CHEMBL325198,CHEMBL3230,Sphingosine 1-phosphate receptor 4,IC50,=,240.0,nM,CHEMBL873237,B,Binding affinity to human sphingosine 1-phosphate receptor 4 expressed in CHO cells was determined by using [33P]-S1P as radioligand,CHEMBL1147470,O95977,Sphingosine 1-phosphate receptor 4,IC50,CCCCCCCCc1ccc(CCC(N)CCP(=O)(O)O)cc1,6.619788758288394
CHEMBL117130,CHEMBL3230,Sphingosine 1-phosphate receptor 4,IC50,=,15.0,nM,CHEMBL873237,B,Binding affinity to human sphingosine 1-phosphate receptor 4 expressed in CHO cells was determined by using [33P]-S1P as radioligand,CHEMBL1147470,O95977,Sphingosine 1-phosphate receptor 4,IC50,CCCCCCCCc1ccc(CCC(N)(CO)OP(=O)(O)O)cc1,7.823908740944319
CHEMBL325193,CHEMBL3230,Sphingosine 1-phosphate receptor 4,IC50,=,24.0,nM,CHEMBL873237,B,Binding affinity to human sphingosine 1-phosphate receptor 4 expressed in CHO cells was determined by using [33P]-S1P as radioligand,CHEMBL1147470,O95977,Sphingosine 1-phosphate receptor 4,IC50,CCCCCCCCc1ccc(CCNCCCP(=O)(O)O)cc1,7.619788758288394
CHEMBL118860,CHEMBL3230,Sphingosine 1-phosphate receptor 4,IC50,=,26.0,nM,CHEMBL873237,B,Binding affinity to human sphingosine 1-phosphate receptor 4 expressed in CHO cells was determined by using [33P]-S1P as radioligand,CHEMBL1147470,O95977,Sphingosine 1-phosphate receptor 4,IC50,CCCCCCCCCc1ccc(CNCCCP(=O)(O)O)cc1,7.585026652029182
CHEMBL432809,CHEMBL3230,Sphingosine 1-phosphate receptor 4,IC50,=,590.0,nM,CHEMBL873237,B,Binding affinity to human sphingosine 1-phosphate receptor 4 expressed in CHO cells was determined by using [33P]-S1P as radioligand,CHEMBL1147470,O95977,Sphingosine 1-phosphate receptor 4,IC50,CCCCCCCCCc1ccc(CNCCCP(C)(=O)O)cc1,6.229147988357855
CHEMBL115713,CHEMBL3230,Sphingosine 1-phosphate receptor 4,IC50,=,16.0,nM,CHEMBL873237,B,Binding affinity to human sphingosine 1-phosphate receptor 4 expressed in CHO cells was determined by using [33P]-S1P as radioligand,CHEMBL1147470,O95977,Sphingosine 1-phosphate receptor 4,IC50,CCCCCCCCc1ccc(CC[C@@H](N)C[C@H](O)P(=O)(O)O)cc1,7.795880017344075
CHEMBL421234,CHEMBL3230,Sphingosine 1-phosphate receptor 4,IC50,=,2500.0,nM,CHEMBL873237,B,Binding affinity to human sphingosine 1-phosphate receptor 4 expressed in CHO cells was determined by using [33P]-S1P as radioligand,CHEMBL1147470,O95977,Sphingosine 1-phosphate receptor 4,IC50,CCCCCCCCCCCCC(N)CCP(=O)(O)O,5.6020599913279625
CHEMBL1160958,CHEMBL3230,Sphingosine 1-phosphate receptor 4,IC50,=,900.0,nM,CHEMBL873237,B,Binding affinity to human sphingosine 1-phosphate receptor 4 expressed in CHO cells was determined by using [33P]-S1P as radioligand,CHEMBL1147470,O95977,Sphingosine 1-phosphate receptor 4,IC50,CCCCCCCCCc1ccc(CNCCCP(O)O)cc1,6.045757490560675
CHEMBL185447,CHEMBL3230,Sphingosine 1-phosphate receptor 4,IC50,=,870.0,nM,CHEMBL833012,B,Inhibition of [33P]-S1P binding to human Sphingosine 1-phosphate receptor 4 expressed on CHO cell membranes,CHEMBL1137868,O95977,Sphingosine 1-phosphate receptor 4,IC50,CCCCCCCCCCCCCCN1CCCC1CCP(=O)(O)O,6.060480747381382
CHEMBL363008,CHEMBL3230,Sphingosine 1-phosphate receptor 4,IC50,=,150.0,nM,CHEMBL833012,B,Inhibition of [33P]-S1P binding to human Sphingosine 1-phosphate receptor 4 expressed on CHO cell membranes,CHEMBL1137868,O95977,Sphingosine 1-phosphate receptor 4,IC50,CCCCCCCCCCCCCCN1CCC(C(O)P(=O)(O)O)C1,6.823908740944319
CHEMBL184237,CHEMBL3230,Sphingosine 1-phosphate receptor 4,IC50,=,920.0,nM,CHEMBL833012,B,Inhibition of [33P]-S1P binding to human Sphingosine 1-phosphate receptor 4 expressed on CHO cell membranes,CHEMBL1137868,O95977,Sphingosine 1-phosphate receptor 4,IC50,CCCCCCCCCCCCCCN1CCC(O)(P(=O)(O)O)C1,6.036212172654444
CHEMBL187692,CHEMBL3230,Sphingosine 1-phosphate receptor 4,IC50,=,310.0,nM,CHEMBL833012,B,Inhibition of [33P]-S1P binding to human Sphingosine 1-phosphate receptor 4 expressed on CHO cell membranes,CHEMBL1137868,O95977,Sphingosine 1-phosphate receptor 4,IC50,CCCCCCCCCCCCCC1CCCC(CCP(C)(=O)O)N1,6.508638306165727
CHEMBL187692,CHEMBL3230,Sphingosine 1-phosphate receptor 4,IC50,=,180.0,nM,CHEMBL833012,B,Inhibition of [33P]-S1P binding to human Sphingosine 1-phosphate receptor 4 expressed on CHO cell membranes,CHEMBL1137868,O95977,Sphingosine 1-phosphate receptor 4,IC50,CCCCCCCCCCCCCC1CCCC(CCP(C)(=O)O)N1,6.7447274948966935
CHEMBL187588,CHEMBL3230,Sphingosine 1-phosphate receptor 4,IC50,=,120.0,nM,CHEMBL833012,B,Inhibition of [33P]-S1P binding to human Sphingosine 1-phosphate receptor 4 expressed on CHO cell membranes,CHEMBL1137868,O95977,Sphingosine 1-phosphate receptor 4,IC50,CCCCCCCCCCCCCC[C@H]1CC[C@H](CCP(=O)(O)O)N1,6.920818753952375
CHEMBL184591,CHEMBL3230,Sphingosine 1-phosphate receptor 4,IC50,=,6300.0,nM,CHEMBL833012,B,Inhibition of [33P]-S1P binding to human Sphingosine 1-phosphate receptor 4 expressed on CHO cell membranes,CHEMBL1137868,O95977,Sphingosine 1-phosphate receptor 4,IC50,CCCCCCCCCCCCCCNC1CCC(P(=O)(O)O)C1,5.200659450546418
CHEMBL186921,CHEMBL3230,Sphingosine 1-phosphate receptor 4,IC50,=,760.0,nM,CHEMBL833012,B,Inhibition of [33P]-S1P binding to human Sphingosine 1-phosphate receptor 4 expressed on CHO cell membranes,CHEMBL1137868,O95977,Sphingosine 1-phosphate receptor 4,IC50,CCCCCCCCCCCCCCNC1CCCC(P(=O)(O)O)C1,6.119186407719209
CHEMBL186921,CHEMBL3230,Sphingosine 1-phosphate receptor 4,IC50,=,2000.0,nM,CHEMBL833012,B,Inhibition of [33P]-S1P binding to human Sphingosine 1-phosphate receptor 4 expressed on CHO cell membranes,CHEMBL1137868,O95977,Sphingosine 1-phosphate receptor 4,IC50,CCCCCCCCCCCCCCNC1CCCC(P(=O)(O)O)C1,5.698970004336019
CHEMBL118860,CHEMBL3230,Sphingosine 1-phosphate receptor 4,IC50,=,260.0,nM,CHEMBL833012,B,Inhibition of [33P]-S1P binding to human Sphingosine 1-phosphate receptor 4 expressed on CHO cell membranes,CHEMBL1137868,O95977,Sphingosine 1-phosphate receptor 4,IC50,CCCCCCCCCc1ccc(CNCCCP(=O)(O)O)cc1,6.585026652029182
CHEMBL184879,CHEMBL3230,Sphingosine 1-phosphate receptor 4,IC50,=,8.4,nM,CHEMBL833012,B,Inhibition of [33P]-S1P binding to human Sphingosine 1-phosphate receptor 4 expressed on CHO cell membranes,CHEMBL1137868,O95977,Sphingosine 1-phosphate receptor 4,IC50,CCCCCCCCCc1ccc(C2CCC(CCP(=O)(O)O)N2)cc1,8.075720713938118
CHEMBL184879,CHEMBL3230,Sphingosine 1-phosphate receptor 4,IC50,=,31.0,nM,CHEMBL833012,B,Inhibition of [33P]-S1P binding to human Sphingosine 1-phosphate receptor 4 expressed on CHO cell membranes,CHEMBL1137868,O95977,Sphingosine 1-phosphate receptor 4,IC50,CCCCCCCCCc1ccc(C2CCC(CCP(=O)(O)O)N2)cc1,7.508638306165727
CHEMBL181597,CHEMBL3230,Sphingosine 1-phosphate receptor 4,IC50,=,32.0,nM,CHEMBL833012,B,Inhibition of [33P]-S1P binding to human Sphingosine 1-phosphate receptor 4 expressed on CHO cell membranes,CHEMBL1137868,O95977,Sphingosine 1-phosphate receptor 4,IC50,CCCCCCCCCc1ccc(CN[C@H]2CCC[C@H](P(=O)(O)O)C2)cc1,7.494850021680094
CHEMBL184349,CHEMBL3230,Sphingosine 1-phosphate receptor 4,IC50,=,86.0,nM,CHEMBL833012,B,Inhibition of [33P]-S1P binding to human Sphingosine 1-phosphate receptor 4 expressed on CHO cell membranes,CHEMBL1137868,O95977,Sphingosine 1-phosphate receptor 4,IC50,CCCCCCCCCc1ccc(CN2CCC(P(=O)(O)O)C2)cc1,7.0655015487564325
CHEMBL1161691,CHEMBL3230,Sphingosine 1-phosphate receptor 4,IC50,=,15.0,nM,CHEMBL833012,B,Inhibition of [33P]-S1P binding to human Sphingosine 1-phosphate receptor 4 expressed on CHO cell membranes,CHEMBL1137868,O95977,Sphingosine 1-phosphate receptor 4,IC50,CCCCCCCCc1ccc(CCC(N)(CO)CO[PH](O)(O)O)cc1,7.823908740944319
CHEMBL334213,CHEMBL3230,Sphingosine 1-phosphate receptor 4,IC50,=,140.0,nM,CHEMBL833012,B,Inhibition of [33P]-S1P binding to human Sphingosine 1-phosphate receptor 4 expressed on CHO cell membranes,CHEMBL1137868,O95977,Sphingosine 1-phosphate receptor 4,IC50,CCCCCCCCCCCCCCNCCCP(=O)(O)O,6.853871964321762
CHEMBL196149,CHEMBL3230,Sphingosine 1-phosphate receptor 4,IC50,=,4300.0,nM,CHEMBL880432,B,Concentration required for displacement of [33P]-labeled S1P from human sphingosine 1-phosphate receptor 4 expressed in CHO cells,CHEMBL1141096,O95977,Sphingosine 1-phosphate receptor 4,IC50,CC(C)(C)c1ccc(-c2nnc(-c3ccc(CN4CC(C(=O)O)C4)cc3)o2)cc1,5.366531544420413
CHEMBL364899,CHEMBL3230,Sphingosine 1-phosphate receptor 4,IC50,=,640.0,nM,CHEMBL880432,B,Concentration required for displacement of [33P]-labeled S1P from human sphingosine 1-phosphate receptor 4 expressed in CHO cells,CHEMBL1141096,O95977,Sphingosine 1-phosphate receptor 4,IC50,CC(C)(C)c1ccc(-c2noc(-c3ccc(CN4CC(C(=O)O)C4)cc3)n2)cc1,6.1938200260161125
CHEMBL195141,CHEMBL3230,Sphingosine 1-phosphate receptor 4,IC50,=,370.0,nM,CHEMBL880432,B,Concentration required for displacement of [33P]-labeled S1P from human sphingosine 1-phosphate receptor 4 expressed in CHO cells,CHEMBL1141096,O95977,Sphingosine 1-phosphate receptor 4,IC50,CC(C)(C)c1ccc(-c2nc(-c3ccc(CN4CC(C(=O)O)C4)cc3)no2)cc1,6.431798275933005
CHEMBL372066,CHEMBL3230,Sphingosine 1-phosphate receptor 4,IC50,=,75.0,nM,CHEMBL880432,B,Concentration required for displacement of [33P]-labeled S1P from human sphingosine 1-phosphate receptor 4 expressed in CHO cells,CHEMBL1141096,O95977,Sphingosine 1-phosphate receptor 4,IC50,CCC(C)(C)c1ccc(-c2nc(-c3ccc(CN4CC(C(=O)O)C4)cc3)no2)cc1,7.1249387366083
CHEMBL194578,CHEMBL3230,Sphingosine 1-phosphate receptor 4,IC50,=,150.0,nM,CHEMBL880432,B,Concentration required for displacement of [33P]-labeled S1P from human sphingosine 1-phosphate receptor 4 expressed in CHO cells,CHEMBL1141096,O95977,Sphingosine 1-phosphate receptor 4,IC50,CCCc1ccc(-c2nc(-c3ccc(CN4CC(C(=O)O)C4)cc3)no2)cc1,6.823908740944319
CHEMBL193789,CHEMBL3230,Sphingosine 1-phosphate receptor 4,IC50,=,70.0,nM,CHEMBL880432,B,Concentration required for displacement of [33P]-labeled S1P from human sphingosine 1-phosphate receptor 4 expressed in CHO cells,CHEMBL1141096,O95977,Sphingosine 1-phosphate receptor 4,IC50,CCCCc1ccc(-c2nc(-c3ccc(CN4CC(C(=O)O)C4)cc3)no2)cc1,7.154901959985743
CHEMBL194419,CHEMBL3230,Sphingosine 1-phosphate receptor 4,IC50,=,70.0,nM,CHEMBL880432,B,Concentration required for displacement of [33P]-labeled S1P from human sphingosine 1-phosphate receptor 4 expressed in CHO cells,CHEMBL1141096,O95977,Sphingosine 1-phosphate receptor 4,IC50,CC(C)Cc1ccc(-c2nc(-c3ccc(CN4CC(C(=O)O)C4)cc3)no2)cc1,7.154901959985743
CHEMBL366181,CHEMBL3230,Sphingosine 1-phosphate receptor 4,IC50,=,90.0,nM,CHEMBL880432,B,Concentration required for displacement of [33P]-labeled S1P from human sphingosine 1-phosphate receptor 4 expressed in CHO cells,CHEMBL1141096,O95977,Sphingosine 1-phosphate receptor 4,IC50,CC(C)(C)Cc1ccc(-c2nc(-c3ccc(CN4CC(C(=O)O)C4)cc3)no2)cc1,7.045757490560675
CHEMBL196357,CHEMBL3230,Sphingosine 1-phosphate receptor 4,IC50,=,370.0,nM,CHEMBL880432,B,Concentration required for displacement of [33P]-labeled S1P from human sphingosine 1-phosphate receptor 4 expressed in CHO cells,CHEMBL1141096,O95977,Sphingosine 1-phosphate receptor 4,IC50,CC(C)Oc1ccc(-c2nc(-c3ccc(CN4CC(C(=O)O)C4)cc3)no2)cc1,6.431798275933005
CHEMBL194898,CHEMBL3230,Sphingosine 1-phosphate receptor 4,IC50,=,520.0,nM,CHEMBL880432,B,Concentration required for displacement of [33P]-labeled S1P from human sphingosine 1-phosphate receptor 4 expressed in CHO cells,CHEMBL1141096,O95977,Sphingosine 1-phosphate receptor 4,IC50,O=C(O)C1CN(Cc2ccc(-c3noc(-c4ccc(C5CCC5)cc4)n3)cc2)C1,6.2839966563652006
CHEMBL198976,CHEMBL3230,Sphingosine 1-phosphate receptor 4,IC50,=,49.0,nM,CHEMBL880432,B,Concentration required for displacement of [33P]-labeled S1P from human sphingosine 1-phosphate receptor 4 expressed in CHO cells,CHEMBL1141096,O95977,Sphingosine 1-phosphate receptor 4,IC50,O=C(O)C1CN(Cc2ccc(-c3noc(-c4ccc(C5CCCC5)cc4)n3)cc2)C1,7.309803919971486
CHEMBL196534,CHEMBL3230,Sphingosine 1-phosphate receptor 4,IC50,=,40.0,nM,CHEMBL880432,B,Concentration required for displacement of [33P]-labeled S1P from human sphingosine 1-phosphate receptor 4 expressed in CHO cells,CHEMBL1141096,O95977,Sphingosine 1-phosphate receptor 4,IC50,O=C(O)C1CN(Cc2ccc(-c3noc(-c4ccc(C5CCCCC5)cc4)n3)cc2)C1,7.3979400086720375
CHEMBL195025,CHEMBL3230,Sphingosine 1-phosphate receptor 4,IC50,=,240.0,nM,CHEMBL880432,B,Concentration required for displacement of [33P]-labeled S1P from human sphingosine 1-phosphate receptor 4 expressed in CHO cells,CHEMBL1141096,O95977,Sphingosine 1-phosphate receptor 4,IC50,O=C(O)C1CN(Cc2ccc(-c3noc(-c4ccc(-c5ccccc5)cc4)n3)cc2)C1,6.619788758288394
CHEMBL381872,CHEMBL3230,Sphingosine 1-phosphate receptor 4,IC50,=,430.0,nM,CHEMBL880432,B,Concentration required for displacement of [33P]-labeled S1P from human sphingosine 1-phosphate receptor 4 expressed in CHO cells,CHEMBL1141096,O95977,Sphingosine 1-phosphate receptor 4,IC50,O=C(O)C1CN(Cc2ccc(-c3noc(-c4ccc(CCC(F)(F)F)cc4)n3)cc2)C1,6.366531544420413
CHEMBL198415,CHEMBL3230,Sphingosine 1-phosphate receptor 4,IC50,=,68.0,nM,CHEMBL880432,B,Concentration required for displacement of [33P]-labeled S1P from human sphingosine 1-phosphate receptor 4 expressed in CHO cells,CHEMBL1141096,O95977,Sphingosine 1-phosphate receptor 4,IC50,O=C(O)C1CN(Cc2ccc(-c3noc(-c4ccc([C@H]5CCC(F)(F)C5)cc4)n3)cc2)C1,7.167491087293763
CHEMBL195014,CHEMBL3230,Sphingosine 1-phosphate receptor 4,IC50,=,89.0,nM,CHEMBL880432,B,Concentration required for displacement of [33P]-labeled S1P from human sphingosine 1-phosphate receptor 4 expressed in CHO cells,CHEMBL1141096,O95977,Sphingosine 1-phosphate receptor 4,IC50,O=C(O)C1CN(Cc2ccc(-c3noc(-c4ccc([C@@H]5CCC(F)(F)C5)cc4)n3)cc2)C1,7.050609993355087
CHEMBL207580,CHEMBL3230,Sphingosine 1-phosphate receptor 4,IC50,=,1000.0,nM,CHEMBL871182,B,Displacement of [33P]S1P from S1P4 expressed in CHO cells,CHEMBL1147803,O95977,Sphingosine 1-phosphate receptor 4,IC50,CC(C)Cc1ccc(-c2nc(-c3ccc([C@H]4CC[C@@H](C(=O)O)N4)cc3)no2)cc1,6.0
CHEMBL427221,CHEMBL3230,Sphingosine 1-phosphate receptor 4,IC50,=,300.0,nM,CHEMBL871182,B,Displacement of [33P]S1P from S1P4 expressed in CHO cells,CHEMBL1147803,O95977,Sphingosine 1-phosphate receptor 4,IC50,CC(C)Cc1ccc(-c2nc(-c3ccc([C@@H]4CC[C@@H](C(=O)O)N4)cc3)no2)cc1,6.522878745280337
CHEMBL210352,CHEMBL3230,Sphingosine 1-phosphate receptor 4,IC50,=,1000.0,nM,CHEMBL871182,B,Displacement of [33P]S1P from S1P4 expressed in CHO cells,CHEMBL1147803,O95977,Sphingosine 1-phosphate receptor 4,IC50,CC(C)Cc1ccc(-c2nc(-c3ccc([C@H]4CC[C@@H](CC(=O)O)N4)cc3)no2)cc1,6.0
CHEMBL210785,CHEMBL3230,Sphingosine 1-phosphate receptor 4,IC50,=,700.0,nM,CHEMBL871182,B,Displacement of [33P]S1P from S1P4 expressed in CHO cells,CHEMBL1147803,O95977,Sphingosine 1-phosphate receptor 4,IC50,CC(C)Cc1ccc(-c2nc(-c3ccc([C@@H]4CC[C@@H](CC(=O)O)N4)cc3)no2)cc1,6.154901959985743
CHEMBL377637,CHEMBL3230,Sphingosine 1-phosphate receptor 4,IC50,=,540.0,nM,CHEMBL871182,B,Displacement of [33P]S1P from S1P4 expressed in CHO cells,CHEMBL1147803,O95977,Sphingosine 1-phosphate receptor 4,IC50,CC(C)Cc1ccc(-c2nc(-c3ccc([C@H]4CC[C@@H](CCC(=O)O)N4)cc3)no2)cc1,6.267606240177031
CHEMBL210468,CHEMBL3230,Sphingosine 1-phosphate receptor 4,IC50,=,630.0,nM,CHEMBL871182,B,Displacement of [33P]S1P from S1P4 expressed in CHO cells,CHEMBL1147803,O95977,Sphingosine 1-phosphate receptor 4,IC50,CC(C)Cc1ccc(-c2nc(-c3ccc([C@@H]4CC[C@@H](CCC(=O)O)N4)cc3)no2)cc1,6.200659450546418
CHEMBL210520,CHEMBL3230,Sphingosine 1-phosphate receptor 4,IC50,=,350.0,nM,CHEMBL871182,B,Displacement of [33P]S1P from S1P4 expressed in CHO cells,CHEMBL1147803,O95977,Sphingosine 1-phosphate receptor 4,IC50,O=C(O)C[C@@H]1CC[C@H](c2ccc(-c3noc(-c4ccc(C5CCCCC5)cc4)n3)cc2)N1,6.455931955649724
CHEMBL210782,CHEMBL3230,Sphingosine 1-phosphate receptor 4,IC50,=,1400.0,nM,CHEMBL871182,B,Displacement of [33P]S1P from S1P4 expressed in CHO cells,CHEMBL1147803,O95977,Sphingosine 1-phosphate receptor 4,IC50,O=C(O)C[C@@H]1CC[C@H](c2ccc(-c3noc(-c4ccc(C5CCCC5)cc4F)n3)cc2)N1,5.853871964321762
CHEMBL426688,CHEMBL3230,Sphingosine 1-phosphate receptor 4,IC50,=,2100.0,nM,CHEMBL871182,B,Displacement of [33P]S1P from S1P4 expressed in CHO cells,CHEMBL1147803,O95977,Sphingosine 1-phosphate receptor 4,IC50,O=C(O)C[C@@H]1CC[C@H](c2ccc(-c3noc(-c4ccc(C5CCCC5)c(F)c4)n3)cc2)N1,5.6777807052660805
CHEMBL210257,CHEMBL3230,Sphingosine 1-phosphate receptor 4,IC50,=,720.0,nM,CHEMBL871182,B,Displacement of [33P]S1P from S1P4 expressed in CHO cells,CHEMBL1147803,O95977,Sphingosine 1-phosphate receptor 4,IC50,O=C(O)C[C@@H]1CC[C@H](c2ccc(-c3noc(-c4ccc([C@H]5CCC(F)(F)C5)cc4)n3)cc2)N1,6.142667503568731
CHEMBL209076,CHEMBL3230,Sphingosine 1-phosphate receptor 4,IC50,=,570.0,nM,CHEMBL871182,B,Displacement of [33P]S1P from S1P4 expressed in CHO cells,CHEMBL1147803,O95977,Sphingosine 1-phosphate receptor 4,IC50,O=C(O)C[C@@H]1CC[C@H](c2ccc(-c3noc(-c4ccc([C@@H]5CCC(F)(F)C5)cc4)n3)cc2)N1,6.2441251443275085
CHEMBL209076,CHEMBL3230,Sphingosine 1-phosphate receptor 4,IC50,=,1500.0,nM,CHEMBL871182,B,Displacement of [33P]S1P from S1P4 expressed in CHO cells,CHEMBL1147803,O95977,Sphingosine 1-phosphate receptor 4,IC50,O=C(O)C[C@@H]1CC[C@H](c2ccc(-c3noc(-c4ccc([C@@H]5CCC(F)(F)C5)cc4)n3)cc2)N1,5.823908740944319
CHEMBL209076,CHEMBL3230,Sphingosine 1-phosphate receptor 4,IC50,=,720.0,nM,CHEMBL871182,B,Displacement of [33P]S1P from S1P4 expressed in CHO cells,CHEMBL1147803,O95977,Sphingosine 1-phosphate receptor 4,IC50,O=C(O)C[C@@H]1CC[C@H](c2ccc(-c3noc(-c4ccc([C@@H]5CCC(F)(F)C5)cc4)n3)cc2)N1,6.142667503568731
CHEMBL208648,CHEMBL3230,Sphingosine 1-phosphate receptor 4,IC50,=,110.0,nM,CHEMBL864691,B,Displacement of [33P]S1P from human S1P4 receptor expressed in CHO cells,CHEMBL1138904,O95977,Sphingosine 1-phosphate receptor 4,IC50,O=C(O)C[C@@H]1CN[C@@H](c2ccc(-c3noc(-c4ccc(C5CCC(F)(F)CC5)cc4)n3)cc2)C1,6.958607314841775
CHEMBL208838,CHEMBL3230,Sphingosine 1-phosphate receptor 4,IC50,=,800.0,nM,CHEMBL864691,B,Displacement of [33P]S1P from human S1P4 receptor expressed in CHO cells,CHEMBL1138904,O95977,Sphingosine 1-phosphate receptor 4,IC50,O=C(O)C[C@@H]1CN[C@@H](c2ccc(-c3noc(-c4ccc([C@@H]5CCC(F)(F)C5)cc4)n3)cc2)C1,6.096910013008056
CHEMBL208838,CHEMBL3230,Sphingosine 1-phosphate receptor 4,IC50,=,32.0,nM,CHEMBL864691,B,Displacement of [33P]S1P from human S1P4 receptor expressed in CHO cells,CHEMBL1138904,O95977,Sphingosine 1-phosphate receptor 4,IC50,O=C(O)C[C@@H]1CN[C@@H](c2ccc(-c3noc(-c4ccc([C@@H]5CCC(F)(F)C5)cc4)n3)cc2)C1,7.494850021680094
CHEMBL425602,CHEMBL3230,Sphingosine 1-phosphate receptor 4,IC50,=,230.0,nM,CHEMBL864691,B,Displacement of [33P]S1P from human S1P4 receptor expressed in CHO cells,CHEMBL1138904,O95977,Sphingosine 1-phosphate receptor 4,IC50,O=C(O)C[C@@H]1CN[C@@H](c2ccc(-c3noc(-c4ccc(CCC(F)(F)F)cc4)n3)cc2)C1,6.638272163982407
CHEMBL377828,CHEMBL3230,Sphingosine 1-phosphate receptor 4,IC50,=,110.0,nM,CHEMBL864691,B,Displacement of [33P]S1P from human S1P4 receptor expressed in CHO cells,CHEMBL1138904,O95977,Sphingosine 1-phosphate receptor 4,IC50,O=C(O)C[C@@H]1CN[C@@H](c2ccc(-c3noc(-c4ccc(C5CCCCC5)cc4)n3)cc2)C1,6.958607314841775
CHEMBL211006,CHEMBL3230,Sphingosine 1-phosphate receptor 4,IC50,=,120.0,nM,CHEMBL864691,B,Displacement of [33P]S1P from human S1P4 receptor expressed in CHO cells,CHEMBL1138904,O95977,Sphingosine 1-phosphate receptor 4,IC50,O=C(O)C[C@@H]1CN[C@@H](c2ccc(-c3noc(-c4ccc(C5CCCC5)cc4)n3)cc2)C1,6.920818753952375
CHEMBL378061,CHEMBL3230,Sphingosine 1-phosphate receptor 4,IC50,=,160.0,nM,CHEMBL864691,B,Displacement of [33P]S1P from human S1P4 receptor expressed in CHO cells,CHEMBL1138904,O95977,Sphingosine 1-phosphate receptor 4,IC50,CC(C)Cc1ccc(-c2nc(-c3ccc([C@H]4C[C@@H](CC(=O)O)CN4)cc3)no2)cc1,6.795880017344075
CHEMBL378300,CHEMBL3230,Sphingosine 1-phosphate receptor 4,IC50,=,150.0,nM,CHEMBL864691,B,Displacement of [33P]S1P from human S1P4 receptor expressed in CHO cells,CHEMBL1138904,O95977,Sphingosine 1-phosphate receptor 4,IC50,CC(C)Cc1ccc(-c2nc(-c3ccc([C@H]4C[C@H](CC(=O)O)CN4)cc3)no2)cc1,6.823908740944319
CHEMBL377855,CHEMBL3230,Sphingosine 1-phosphate receptor 4,IC50,=,390.0,nM,CHEMBL864691,B,Displacement of [33P]S1P from human S1P4 receptor expressed in CHO cells,CHEMBL1138904,O95977,Sphingosine 1-phosphate receptor 4,IC50,O=C(O)CC1CNC(c2ccc(OCc3cc(-c4ccccc4)c(C(F)(F)F)s3)cc2)C1,6.4089353929735005
CHEMBL377968,CHEMBL3230,Sphingosine 1-phosphate receptor 4,IC50,=,2700.0,nM,CHEMBL864691,B,Displacement of [33P]S1P from human S1P4 receptor expressed in CHO cells,CHEMBL1138904,O95977,Sphingosine 1-phosphate receptor 4,IC50,O=C(O)C1CNC(c2ccc(OCc3cc(-c4ccccc4)c(C(F)(F)F)s3)cc2)C1,5.568636235841012
CHEMBL194419,CHEMBL3230,Sphingosine 1-phosphate receptor 4,IC50,=,70.0,nM,CHEMBL864691,B,Displacement of [33P]S1P from human S1P4 receptor expressed in CHO cells,CHEMBL1138904,O95977,Sphingosine 1-phosphate receptor 4,IC50,CC(C)Cc1ccc(-c2nc(-c3ccc(CN4CC(C(=O)O)C4)cc3)no2)cc1,7.154901959985743
CHEMBL425563,CHEMBL3230,Sphingosine 1-phosphate receptor 4,IC50,=,1600.0,nM,CHEMBL864691,B,Displacement of [33P]S1P from human S1P4 receptor expressed in CHO cells,CHEMBL1138904,O95977,Sphingosine 1-phosphate receptor 4,IC50,O=C(O)C1CN(Cc2ccc(OCc3cc(-c4ccccc4)c(C(F)(F)F)s3)cc2)C1,5.795880017344075
CHEMBL225155,CHEMBL3230,Sphingosine 1-phosphate receptor 4,IC50,=,34.0,nM,CHEMBL913922,B,Displacement of [33P]sphingosine 1 phosphate from human S1P4 receptor expressed in CHO cells,CHEMBL1149292,O95977,Sphingosine 1-phosphate receptor 4,IC50,CCCCCCCCCCCCC/C=C/[C@@H](O)[C@@H](N)COP(=O)(O)O,7.468521082957745
CHEMBL224623,CHEMBL3230,Sphingosine 1-phosphate receptor 4,IC50,=,5400.0,nM,CHEMBL913922,B,Displacement of [33P]sphingosine 1 phosphate from human S1P4 receptor expressed in CHO cells,CHEMBL1149292,O95977,Sphingosine 1-phosphate receptor 4,IC50,CCCCCCCCCc1ccc(CN2CC(C(=O)O)C2)cc1,5.267606240177031
CHEMBL224703,CHEMBL3230,Sphingosine 1-phosphate receptor 4,IC50,=,2500.0,nM,CHEMBL913922,B,Displacement of [33P]sphingosine 1 phosphate from human S1P4 receptor expressed in CHO cells,CHEMBL1149292,O95977,Sphingosine 1-phosphate receptor 4,IC50,CCCCCCCCCc1ccc(CN2CCC(C(=O)O)C2)cc1,5.6020599913279625
CHEMBL184349,CHEMBL3230,Sphingosine 1-phosphate receptor 4,IC50,=,45.0,nM,CHEMBL913922,B,Displacement of [33P]sphingosine 1 phosphate from human S1P4 receptor expressed in CHO cells,CHEMBL1149292,O95977,Sphingosine 1-phosphate receptor 4,IC50,CCCCCCCCCc1ccc(CN2CCC(P(=O)(O)O)C2)cc1,7.346787486224656
CHEMBL117723,CHEMBL3230,Sphingosine 1-phosphate receptor 4,IC50,=,80.0,nM,CHEMBL913922,B,Displacement of [33P]sphingosine 1 phosphate from human S1P4 receptor expressed in CHO cells,CHEMBL1149292,O95977,Sphingosine 1-phosphate receptor 4,IC50,CCCCCCCCOc1c(Br)cc(CNCCCP(=O)(O)O)cc1OC,7.096910013008056
CHEMBL334213,CHEMBL3230,Sphingosine 1-phosphate receptor 4,IC50,=,140.0,nM,CHEMBL913922,B,Displacement of [33P]sphingosine 1 phosphate from human S1P4 receptor expressed in CHO cells,CHEMBL1149292,O95977,Sphingosine 1-phosphate receptor 4,IC50,CCCCCCCCCCCCCCNCCCP(=O)(O)O,6.853871964321762
CHEMBL114606,CHEMBL3230,Sphingosine 1-phosphate receptor 4,IC50,=,15.0,nM,CHEMBL913922,B,Displacement of [33P]sphingosine 1 phosphate from human S1P4 receptor expressed in CHO cells,CHEMBL1149292,O95977,Sphingosine 1-phosphate receptor 4,IC50,CCCCCCCCc1ccc(CCC(N)(CO)COP(=O)(O)O)cc1,7.823908740944319
CHEMBL426191,CHEMBL3230,Sphingosine 1-phosphate receptor 4,IC50,=,640.0,nM,CHEMBL913922,B,Displacement of [33P]sphingosine 1 phosphate from human S1P4 receptor expressed in CHO cells,CHEMBL1149292,O95977,Sphingosine 1-phosphate receptor 4,IC50,O=C(O)C1CN(Cc2cc(Cl)c(OCc3cc(-c4ccccc4)c(C(F)(F)F)s3)c(Cl)c2)C1,6.1938200260161125
CHEMBL224853,CHEMBL3230,Sphingosine 1-phosphate receptor 4,IC50,=,120.0,nM,CHEMBL913922,B,Displacement of [33P]sphingosine 1 phosphate from human S1P4 receptor expressed in CHO cells,CHEMBL1149292,O95977,Sphingosine 1-phosphate receptor 4,IC50,Cc1cc(CN2CC(C(=O)O)C2)cc(C)c1OCc1cc(-c2ccccc2)c(C(F)(F)F)s1,6.920818753952375
CHEMBL224800,CHEMBL3230,Sphingosine 1-phosphate receptor 4,IC50,=,2800.0,nM,CHEMBL913922,B,Displacement of [33P]sphingosine 1 phosphate from human S1P4 receptor expressed in CHO cells,CHEMBL1149292,O95977,Sphingosine 1-phosphate receptor 4,IC50,COc1cc(CN2CC(C(=O)O)C2)ccc1OCc1cc(-c2ccccc2)c(C(F)(F)F)s1,5.552841968657781
CHEMBL224005,CHEMBL3230,Sphingosine 1-phosphate receptor 4,IC50,=,1500.0,nM,CHEMBL913922,B,Displacement of [33P]sphingosine 1 phosphate from human S1P4 receptor expressed in CHO cells,CHEMBL1149292,O95977,Sphingosine 1-phosphate receptor 4,IC50,Cc1cc(CN2CC(C(=O)O)C2)ccc1OCc1cc(-c2ccccc2)c(C(F)(F)F)s1,5.823908740944319
CHEMBL389880,CHEMBL3230,Sphingosine 1-phosphate receptor 4,IC50,=,2700.0,nM,CHEMBL913922,B,Displacement of [33P]sphingosine 1 phosphate from human S1P4 receptor expressed in CHO cells,CHEMBL1149292,O95977,Sphingosine 1-phosphate receptor 4,IC50,O=C(O)C1CN(Cc2ccc(OCc3cc(-c4ccccc4)c(C(F)(F)F)s3)c(F)c2)C1,5.568636235841012
CHEMBL224571,CHEMBL3230,Sphingosine 1-phosphate receptor 4,IC50,=,1300.0,nM,CHEMBL913922,B,Displacement of [33P]sphingosine 1 phosphate from human S1P4 receptor expressed in CHO cells,CHEMBL1149292,O95977,Sphingosine 1-phosphate receptor 4,IC50,O=C(O)C1CN(Cc2ccc(OCc3cc(-c4ccccc4)c(C(F)(F)F)s3)c(Cl)c2)C1,5.886056647693163
CHEMBL224599,CHEMBL3230,Sphingosine 1-phosphate receptor 4,IC50,=,2400.0,nM,CHEMBL913922,B,Displacement of [33P]sphingosine 1 phosphate from human S1P4 receptor expressed in CHO cells,CHEMBL1149292,O95977,Sphingosine 1-phosphate receptor 4,IC50,O=C(O)C1CN(Cc2ccc(OCc3cc(-c4ccccc4)c(C(F)(F)F)s3)c(Br)c2)C1,5.619788758288394
CHEMBL224549,CHEMBL3230,Sphingosine 1-phosphate receptor 4,IC50,=,340.0,nM,CHEMBL913922,B,Displacement of [33P]sphingosine 1 phosphate from human S1P4 receptor expressed in CHO cells,CHEMBL1149292,O95977,Sphingosine 1-phosphate receptor 4,IC50,O=C(O)C1CN(Cc2ccc(OCc3cc(-c4ccccc4)c(C(F)(F)F)s3)c(C(F)(F)F)c2)C1,6.468521082957745
CHEMBL224799,CHEMBL3230,Sphingosine 1-phosphate receptor 4,IC50,=,790.0,nM,CHEMBL913922,B,Displacement of [33P]sphingosine 1 phosphate from human S1P4 receptor expressed in CHO cells,CHEMBL1149292,O95977,Sphingosine 1-phosphate receptor 4,IC50,O=C(O)C1CCN(Cc2ccc(OCc3cc(-c4ccccc4)c(C(F)(F)F)s3)cc2)C1,6.102372908709558
CHEMBL425563,CHEMBL3230,Sphingosine 1-phosphate receptor 4,IC50,=,1600.0,nM,CHEMBL913922,B,Displacement of [33P]sphingosine 1 phosphate from human S1P4 receptor expressed in CHO cells,CHEMBL1149292,O95977,Sphingosine 1-phosphate receptor 4,IC50,O=C(O)C1CN(Cc2ccc(OCc3cc(-c4ccccc4)c(C(F)(F)F)s3)cc2)C1,5.795880017344075
CHEMBL225575,CHEMBL3230,Sphingosine 1-phosphate receptor 4,IC50,=,10000.0,nM,CHEMBL913922,B,Displacement of [33P]sphingosine 1 phosphate from human S1P4 receptor expressed in CHO cells,CHEMBL1149292,O95977,Sphingosine 1-phosphate receptor 4,IC50,O=C(O)C1CN(Cc2ccc(-c3noc(-c4cc(-c5ccccc5)c(C(F)(F)F)s4)n3)cc2)C1,5.0
CHEMBL515603,CHEMBL3230,Sphingosine 1-phosphate receptor 4,IC50,=,123.0,nM,CHEMBL980650,B,Displacement of [33P]sphingosine-1-phosphate from human S1P4 receptor,CHEMBL1138585,O95977,Sphingosine 1-phosphate receptor 4,IC50,C[C@](N)(COP(=O)(O)O)C(=O)Nc1ccc(Oc2ccc(-c3ccccc3)cc2)cc1,6.910094888560602
CHEMBL475405,CHEMBL3230,Sphingosine 1-phosphate receptor 4,IC50,=,4.17,nM,CHEMBL980650,B,Displacement of [33P]sphingosine-1-phosphate from human S1P4 receptor,CHEMBL1138585,O95977,Sphingosine 1-phosphate receptor 4,IC50,C[C@](N)(COP(=O)(O)O)C(=O)Nc1ccc(OCCc2ccc(-c3ccccc3)cc2)cc1,8.379863945026242
CHEMBL514302,CHEMBL3230,Sphingosine 1-phosphate receptor 4,IC50,=,10.3,nM,CHEMBL980650,B,Displacement of [33P]sphingosine-1-phosphate from human S1P4 receptor,CHEMBL1138585,O95977,Sphingosine 1-phosphate receptor 4,IC50,C[C@](N)(COP(=O)(O)O)C(=O)Nc1ccc(OCCCCc2ccccc2)cc1,7.987162775294828
CHEMBL473156,CHEMBL3230,Sphingosine 1-phosphate receptor 4,IC50,=,3.6,nM,CHEMBL980650,B,Displacement of [33P]sphingosine-1-phosphate from human S1P4 receptor,CHEMBL1138585,O95977,Sphingosine 1-phosphate receptor 4,IC50,C[C@](N)(COP(=O)(O)O)C(=O)Nc1ccc(OCCCCCc2ccccc2)cc1,8.443697499232712
CHEMBL473562,CHEMBL3230,Sphingosine 1-phosphate receptor 4,IC50,=,8.3,nM,CHEMBL980650,B,Displacement of [33P]sphingosine-1-phosphate from human S1P4 receptor,CHEMBL1138585,O95977,Sphingosine 1-phosphate receptor 4,IC50,C[C@](N)(COP(=O)(O)O)C(=O)Nc1ccc(OCCCCC2CCCCC2)cc1,8.080921907623926
CHEMBL473563,CHEMBL3230,Sphingosine 1-phosphate receptor 4,IC50,=,6.15,nM,CHEMBL980650,B,Displacement of [33P]sphingosine-1-phosphate from human S1P4 receptor,CHEMBL1138585,O95977,Sphingosine 1-phosphate receptor 4,IC50,C[C@](N)(COP(=O)(O)O)C(=O)Nc1ccc(OCc2ccc(-c3ccccc3)cc2)cc1,8.211124884224583
CHEMBL473238,CHEMBL3230,Sphingosine 1-phosphate receptor 4,IC50,=,5.24,nM,CHEMBL980650,B,Displacement of [33P]sphingosine-1-phosphate from human S1P4 receptor,CHEMBL1138585,O95977,Sphingosine 1-phosphate receptor 4,IC50,C[C@](N)(COP(=O)(O)O)C(=O)Nc1ccc(OCCCc2ccc(-c3ccccc3)cc2)cc1,8.280668713016274
CHEMBL475253,CHEMBL3230,Sphingosine 1-phosphate receptor 4,IC50,=,24.8,nM,CHEMBL980650,B,Displacement of [33P]sphingosine-1-phosphate from human S1P4 receptor,CHEMBL1138585,O95977,Sphingosine 1-phosphate receptor 4,IC50,C[C@](N)(COP(=O)(O)O)C(=O)Nc1ccc(OCCCCc2ccc(-c3ccccc3)cc2)cc1,7.605548319173783
CHEMBL474418,CHEMBL3230,Sphingosine 1-phosphate receptor 4,IC50,=,26.9,nM,CHEMBL980650,B,Displacement of [33P]sphingosine-1-phosphate from human S1P4 receptor,CHEMBL1138585,O95977,Sphingosine 1-phosphate receptor 4,IC50,C[C@](N)(COP(=O)(O)O)c1nc(-c2ccc(OCCc3ccc(-c4ccccc4)cc3)cc2)c[nH]1,7.570247719997592
CHEMBL514170,CHEMBL3230,Sphingosine 1-phosphate receptor 4,IC50,=,4.9,nM,CHEMBL980650,B,Displacement of [33P]sphingosine-1-phosphate from human S1P4 receptor,CHEMBL1138585,O95977,Sphingosine 1-phosphate receptor 4,IC50,C[C@](N)(COP(=O)(O)O)c1nc(-c2ccc(OCc3ccc(-c4ccccc4)cc3)cc2)c[nH]1,8.309803919971486
CHEMBL515917,CHEMBL3230,Sphingosine 1-phosphate receptor 4,IC50,=,11.7,nM,CHEMBL980650,B,Displacement of [33P]sphingosine-1-phosphate from human S1P4 receptor,CHEMBL1138585,O95977,Sphingosine 1-phosphate receptor 4,IC50,C[C@](N)(COP(=O)(O)O)c1nc(-c2ccc(OCCCCc3ccccc3)cc2)c[nH]1,7.931814138253838
CHEMBL470511,CHEMBL3230,Sphingosine 1-phosphate receptor 4,IC50,=,1.23,nM,CHEMBL980650,B,Displacement of [33P]sphingosine-1-phosphate from human S1P4 receptor,CHEMBL1138585,O95977,Sphingosine 1-phosphate receptor 4,IC50,C[C@](N)(COP(=O)(O)O)c1nc(-c2ccc(OCCCCCc3ccccc3)cc2)c[nH]1,8.910094888560602
CHEMBL225155,CHEMBL3230,Sphingosine 1-phosphate receptor 4,IC50,=,2.4,nM,CHEMBL1029037,B,Displacement of [33P]sphingosine-1-phosphate from human S1P4 receptor,CHEMBL1149075,O95977,Sphingosine 1-phosphate receptor 4,IC50,CCCCCCCCCCCCC/C=C/[C@@H](O)[C@@H](N)COP(=O)(O)O,8.619788758288394
CHEMBL475495,CHEMBL3230,Sphingosine 1-phosphate receptor 4,IC50,=,4.0,nM,CHEMBL1029037,B,Displacement of [33P]sphingosine-1-phosphate from human S1P4 receptor,CHEMBL1149075,O95977,Sphingosine 1-phosphate receptor 4,IC50,CCCCCCCCOc1ccc(NC(=O)[C@@](C)(N)COP(=O)(O)O)cc1,8.397940008672037
CHEMBL515921,CHEMBL3230,Sphingosine 1-phosphate receptor 4,IC50,=,3.5,nM,CHEMBL1029037,B,Displacement of [33P]sphingosine-1-phosphate from human S1P4 receptor,CHEMBL1149075,O95977,Sphingosine 1-phosphate receptor 4,IC50,CCCCCCCCOc1ccc(NC(=O)[C@@](C)(N)COP(=O)(O)O)cc1F,8.455931955649724
CHEMBL474688,CHEMBL3230,Sphingosine 1-phosphate receptor 4,IC50,=,1.8,nM,CHEMBL1029037,B,Displacement of [33P]sphingosine-1-phosphate from human S1P4 receptor,CHEMBL1149075,O95977,Sphingosine 1-phosphate receptor 4,IC50,CCCCCCCCOc1ccc(NC(=O)[C@@](C)(N)COP(=O)(O)O)c(F)c1,8.744727494896694
CHEMBL474689,CHEMBL3230,Sphingosine 1-phosphate receptor 4,IC50,=,1.1,nM,CHEMBL1029037,B,Displacement of [33P]sphingosine-1-phosphate from human S1P4 receptor,CHEMBL1149075,O95977,Sphingosine 1-phosphate receptor 4,IC50,CCCCCCCCOc1ccc(-c2c[nH]c([C@@](C)(N)COP(=O)(O)O)n2)cc1,8.958607314841775
CHEMBL473269,CHEMBL3230,Sphingosine 1-phosphate receptor 4,IC50,=,1.9,nM,CHEMBL1029037,B,Displacement of [33P]sphingosine-1-phosphate from human S1P4 receptor,CHEMBL1149075,O95977,Sphingosine 1-phosphate receptor 4,IC50,CCCCCCCCOc1ccc(-c2c[nH]c([C@@](C)(N)COP(=O)(O)O)n2)cc1F,8.721246399047171
CHEMBL225155,CHEMBL3230,Sphingosine 1-phosphate receptor 4,IC50,=,1.04,nM,CHEMBL1108114,B,Displacement of [33P]sphingosine-1-phosphate from human S1P4 receptor expressed in HEK293T cells after 60 mins by scintillation counting,CHEMBL1156167,O95977,Sphingosine 1-phosphate receptor 4,IC50,CCCCCCCCCCCCC/C=C/[C@@H](O)[C@@H](N)COP(=O)(O)O,8.98296666070122
CHEMBL1090796,CHEMBL3230,Sphingosine 1-phosphate receptor 4,IC50,=,13.1,nM,CHEMBL1108114,B,Displacement of [33P]sphingosine-1-phosphate from human S1P4 receptor expressed in HEK293T cells after 60 mins by scintillation counting,CHEMBL1156167,O95977,Sphingosine 1-phosphate receptor 4,IC50,C[C@](N)(COP(=O)(O)O)C(=O)Nc1ccc(C(=O)CCc2ccc(-c3ccccc3)cc2)cc1,7.882728704344236
CHEMBL475405,CHEMBL3230,Sphingosine 1-phosphate receptor 4,IC50,=,10.3,nM,CHEMBL1108114,B,Displacement of [33P]sphingosine-1-phosphate from human S1P4 receptor expressed in HEK293T cells after 60 mins by scintillation counting,CHEMBL1156167,O95977,Sphingosine 1-phosphate receptor 4,IC50,C[C@](N)(COP(=O)(O)O)C(=O)Nc1ccc(OCCc2ccc(-c3ccccc3)cc2)cc1,7.987162775294828
CHEMBL1093429,CHEMBL3230,Sphingosine 1-phosphate receptor 4,IC50,=,3.4,nM,CHEMBL1108114,B,Displacement of [33P]sphingosine-1-phosphate from human S1P4 receptor expressed in HEK293T cells after 60 mins by scintillation counting,CHEMBL1156167,O95977,Sphingosine 1-phosphate receptor 4,IC50,C[C@](N)(COP(=O)(O)O)C(=O)Nc1ccc(OCCc2ccc(-c3ccccc3)cc2)c(C(F)(F)F)c1,8.468521082957745
CHEMBL1090829,CHEMBL3230,Sphingosine 1-phosphate receptor 4,IC50,=,6.5,nM,CHEMBL1108114,B,Displacement of [33P]sphingosine-1-phosphate from human S1P4 receptor expressed in HEK293T cells after 60 mins by scintillation counting,CHEMBL1156167,O95977,Sphingosine 1-phosphate receptor 4,IC50,C[C@](N)(COP(=O)(O)O)c1nc(-c2ccc(OCCc3ccc(-c4ccccc4)cc3)c(C(F)(F)F)c2)c[nH]1,8.187086643357144
CHEMBL1093823,CHEMBL3230,Sphingosine 1-phosphate receptor 4,IC50,=,4.4,nM,CHEMBL1108114,B,Displacement of [33P]sphingosine-1-phosphate from human S1P4 receptor expressed in HEK293T cells after 60 mins by scintillation counting,CHEMBL1156167,O95977,Sphingosine 1-phosphate receptor 4,IC50,C[C@](N)(COP(=O)(O)O)c1nc(-c2ccc(OCc3ccc(-c4ccccc4)cc3)c(C(F)(F)F)c2)c[nH]1,8.356547323513812
CHEMBL514170,CHEMBL3230,Sphingosine 1-phosphate receptor 4,IC50,=,4.87,nM,CHEMBL1108114,B,Displacement of [33P]sphingosine-1-phosphate from human S1P4 receptor expressed in HEK293T cells after 60 mins by scintillation counting,CHEMBL1156167,O95977,Sphingosine 1-phosphate receptor 4,IC50,C[C@](N)(COP(=O)(O)O)c1nc(-c2ccc(OCc3ccc(-c4ccccc4)cc3)cc2)c[nH]1,8.312471038785366
CHEMBL1095833,CHEMBL3230,Sphingosine 1-phosphate receptor 4,IC50,=,1956.0,nM,CHEMBL1111163,B,Displacement of [33P]S1P from human recombinant S1P4 receptor expressed in CHO cells by scintillation counting,CHEMBL1157829,O95977,Sphingosine 1-phosphate receptor 4,IC50,CCC/N=C1\S/C(=C\c2ccc(OC[C@@H](O)CO)c(Cl)c2)C(=O)N1c1ccccc1C,5.708631149548417
CHEMBL225155,CHEMBL3230,Sphingosine 1-phosphate receptor 4,IC50,=,2.9,nM,CHEMBL1111163,B,Displacement of [33P]S1P from human recombinant S1P4 receptor expressed in CHO cells by scintillation counting,CHEMBL1157829,O95977,Sphingosine 1-phosphate receptor 4,IC50,CCCCCCCCCCCCC/C=C/[C@@H](O)[C@@H](N)COP(=O)(O)O,8.537602002101044
CHEMBL225155,CHEMBL3230,Sphingosine 1-phosphate receptor 4,IC50,=,151.0,nM,CHEMBL4184627,B,Displacement of [32P]S1P from recombinant human S1PR4 expressed in cell membranes pretreated for 30 mins followed by [32P]S1P addition measured after 60 mins by scintillation counting method,CHEMBL4184089,O95977,Sphingosine 1-phosphate receptor 4,IC50,CCCCCCCCCCCCC/C=C/[C@@H](O)[C@@H](N)COP(=O)(O)O,6.821023052706831
CHEMBL225155,CHEMBL3230,Sphingosine 1-phosphate receptor 4,IC50,=,151.0,nM,CHEMBL5108829,B,Displacement of [32P]S1P from human recombinant S1PR4 incubated for 60 mins by competitive binding assay based scintillation counter,CHEMBL5107960,O95977,Sphingosine 1-phosphate receptor 4,IC50,CCCCCCCCCCCCC/C=C/[C@@H](O)[C@@H](N)COP(=O)(O)O,6.821023052706831
CHEMBL5752374,CHEMBL3230,Sphingosine 1-phosphate receptor 4,IC50,=,44000.0,nM,CHEMBL5734040,B,TBD: TBD,CHEMBL5727113,O95977,Sphingosine 1-phosphate receptor 4,IC50,Clc1ccc(NC(c2ccccc2)c2ccc(Br)cn2)cc1Cl,4.356547323513812
CHEMBL6022256,CHEMBL3230,Sphingosine 1-phosphate receptor 4,IC50,=,35400.0,nM,CHEMBL5734040,B,TBD: TBD,CHEMBL5727113,O95977,Sphingosine 1-phosphate receptor 4,IC50,Clc1ccc(NC(c2ccccc2)c2cccc(Br)n2)cc1Cl,4.450996737974212
CHEMBL5793442,CHEMBL3230,Sphingosine 1-phosphate receptor 4,IC50,=,39100.0,nM,CHEMBL5734040,B,TBD: TBD,CHEMBL5727113,O95977,Sphingosine 1-phosphate receptor 4,IC50,Cc1ccc(C(Nc2ccc(Cl)c(Cl)c2)c2ccccc2)nc1,4.407823242604133
CHEMBL5967937,CHEMBL3230,Sphingosine 1-phosphate receptor 4,IC50,=,5700.0,nM,CHEMBL5734040,B,TBD: TBD,CHEMBL5727113,O95977,Sphingosine 1-phosphate receptor 4,IC50,Cc1ccc(C(Nc2ccc(Cl)c(Cl)c2)c2ccc(Br)cn2)cc1,5.2441251443275085
CHEMBL6044440,CHEMBL3230,Sphingosine 1-phosphate receptor 4,IC50,=,21300.0,nM,CHEMBL5734040,B,TBD: TBD,CHEMBL5727113,O95977,Sphingosine 1-phosphate receptor 4,IC50,O=C(N[C@@H](c1ccccc1)c1ccc(Br)cn1)c1ccc(Cl)c(Cl)c1,4.671620396561262
CHEMBL6030915,CHEMBL3230,Sphingosine 1-phosphate receptor 4,IC50,=,17900.0,nM,CHEMBL5734040,B,TBD: TBD,CHEMBL5727113,O95977,Sphingosine 1-phosphate receptor 4,IC50,O=C(N[C@H](c1ccccc1)c1ccc(Br)cn1)c1ccc(Cl)c(Cl)c1,4.747146969020107
CHEMBL5839759,CHEMBL3230,Sphingosine 1-phosphate receptor 4,IC50,=,873.0,nM,CHEMBL5734040,B,TBD: TBD,CHEMBL5727113,O95977,Sphingosine 1-phosphate receptor 4,IC50,C=Cc1ccc([C@@H](NC(=O)c2ccc(Cl)c(Cl)c2)c2ccccc2)nc1,6.0589857562944305
CHEMBL5904860,CHEMBL3230,Sphingosine 1-phosphate receptor 4,IC50,=,21600.0,nM,CHEMBL5734040,B,TBD: TBD,CHEMBL5727113,O95977,Sphingosine 1-phosphate receptor 4,IC50,CN(C)c1ccc([C@@H](NC(=O)c2ccc(Cl)c(Cl)c2)c2ccccc2)nc1,4.665546248849069
CHEMBL5785394,CHEMBL3230,Sphingosine 1-phosphate receptor 4,IC50,=,12700.0,nM,CHEMBL5734040,B,TBD: TBD,CHEMBL5727113,O95977,Sphingosine 1-phosphate receptor 4,IC50,O=C(N[C@@H](c1ccccc1)c1ccccn1)c1ccc(Cl)c(Cl)c1,4.896196279044043
CHEMBL5795062,CHEMBL3230,Sphingosine 1-phosphate receptor 4,IC50,=,28200.0,nM,CHEMBL5734040,B,TBD: TBD,CHEMBL5727113,O95977,Sphingosine 1-phosphate receptor 4,IC50,COC(=O)c1ccc([C@@H](NC(=O)c2ccc(Cl)c(Cl)c2)c2ccccc2)nc1,4.549750891680639
CHEMBL6040929,CHEMBL3230,Sphingosine 1-phosphate receptor 4,IC50,=,15100.0,nM,CHEMBL5734040,B,TBD: TBD,CHEMBL5727113,O95977,Sphingosine 1-phosphate receptor 4,IC50,O=C(N[C@H](c1ccc(Cl)c(Cl)c1)c1ccc(Cl)cn1)c1cccc(Cl)c1,4.82102305270683
CHEMBL5904956,CHEMBL3230,Sphingosine 1-phosphate receptor 4,IC50,=,9900.0,nM,CHEMBL5734040,B,TBD: TBD,CHEMBL5727113,O95977,Sphingosine 1-phosphate receptor 4,IC50,O=C(N[C@@H](c1ccc(Cl)cc1)c1ccc(Cl)cn1)c1cccc(Cl)c1,5.00436480540245
CHEMBL5820550,CHEMBL3230,Sphingosine 1-phosphate receptor 4,IC50,=,8200.0,nM,CHEMBL5734040,B,TBD: TBD,CHEMBL5727113,O95977,Sphingosine 1-phosphate receptor 4,IC50,O=C(N[C@H](c1ccc(Cl)cc1)c1ccc(Cl)cn1)c1cccc(Cl)c1,5.086186147616283
CHEMBL5837184,CHEMBL3230,Sphingosine 1-phosphate receptor 4,IC50,=,9300.0,nM,CHEMBL5734040,B,TBD: TBD,CHEMBL5727113,O95977,Sphingosine 1-phosphate receptor 4,IC50,O=C(N[C@@H](c1ccc(Cl)c(Cl)c1)c1ccc(Cl)cn1)c1cccc(Cl)c1,5.031517051446064
CHEMBL5762676,CHEMBL3230,Sphingosine 1-phosphate receptor 4,IC50,=,9800.0,nM,CHEMBL5734040,B,TBD: TBD,CHEMBL5727113,O95977,Sphingosine 1-phosphate receptor 4,IC50,O=C(N[C@@H](c1ccc(Cl)c(Cl)c1)c1ccc(Cl)cn1)c1ccccc1,5.008773924307505
CHEMBL5856885,CHEMBL3230,Sphingosine 1-phosphate receptor 4,IC50,=,8200.0,nM,CHEMBL5734040,B,TBD: TBD,CHEMBL5727113,O95977,Sphingosine 1-phosphate receptor 4,IC50,Cc1cccc(C(=O)N[C@@H](c2ccc(Cl)c(Cl)c2)c2ccc(Cl)cn2)c1,5.086186147616283
CHEMBL6035020,CHEMBL3230,Sphingosine 1-phosphate receptor 4,IC50,=,8800.0,nM,CHEMBL5734040,B,TBD: TBD,CHEMBL5727113,O95977,Sphingosine 1-phosphate receptor 4,IC50,N#Cc1ccc(C(=O)N[C@@H](c2ccc(Cl)c(Cl)c2)c2ccc(Cl)cn2)cc1,5.055517327849831
CHEMBL5894650,CHEMBL3230,Sphingosine 1-phosphate receptor 4,IC50,=,8300.0,nM,CHEMBL5734040,B,TBD: TBD,CHEMBL5727113,O95977,Sphingosine 1-phosphate receptor 4,IC50,N#Cc1ccc(C(=O)N[C@@H](c2ccc(Cl)c(Cl)c2)c2ccc(Cl)cn2)cc1Cl,5.080921907623926
CHEMBL6007588,CHEMBL3230,Sphingosine 1-phosphate receptor 4,IC50,=,6500.0,nM,CHEMBL5734040,B,TBD: TBD,CHEMBL5727113,O95977,Sphingosine 1-phosphate receptor 4,IC50,Cc1ccc(C(=O)N[C@@H](c2ccc(Cl)c(Cl)c2)c2ccc(Cl)cn2)cc1Cl,5.187086643357144
CHEMBL5822726,CHEMBL3230,Sphingosine 1-phosphate receptor 4,IC50,=,11500.0,nM,CHEMBL5734040,B,TBD: TBD,CHEMBL5727113,O95977,Sphingosine 1-phosphate receptor 4,IC50,Cc1ccc(C(=O)N[C@@H](c2ccc(Cl)c(Cl)c2)c2ccc(Cl)cn2)cc1,4.939302159646388
CHEMBL6054141,CHEMBL3230,Sphingosine 1-phosphate receptor 4,IC50,=,17500.0,nM,CHEMBL5734040,B,TBD: TBD,CHEMBL5727113,O95977,Sphingosine 1-phosphate receptor 4,IC50,O=C(N[C@@H](c1ccc(Cl)c(Cl)c1)c1ccc(Cl)cn1)c1ccc(F)c(Cl)c1,4.756961951313706
CHEMBL5840124,CHEMBL3230,Sphingosine 1-phosphate receptor 4,IC50,=,5600.0,nM,CHEMBL5734040,B,TBD: TBD,CHEMBL5727113,O95977,Sphingosine 1-phosphate receptor 4,IC50,N#Cc1cc(C(=O)N[C@@H](c2ccc(Cl)c(Cl)c2)c2ccc(Cl)cn2)ccc1F,5.251811972993799
CHEMBL5760817,CHEMBL3230,Sphingosine 1-phosphate receptor 4,IC50,=,26600.0,nM,CHEMBL5734040,B,TBD: TBD,CHEMBL5727113,O95977,Sphingosine 1-phosphate receptor 4,IC50,O=C(N[C@@H](c1ccc(Cl)c(Cl)c1)c1ccc(Cl)cn1)c1cc(Br)co1,4.575118363368933
CHEMBL6028366,CHEMBL3230,Sphingosine 1-phosphate receptor 4,IC50,=,30600.0,nM,CHEMBL5734040,B,TBD: TBD,CHEMBL5727113,O95977,Sphingosine 1-phosphate receptor 4,IC50,O=C(N[C@@H](c1ccc(Cl)c(Cl)c1)c1ccc(Cl)cn1)c1ccccc1Cl,4.51427857351842
CHEMBL5847228,CHEMBL3230,Sphingosine 1-phosphate receptor 4,IC50,=,16200.0,nM,CHEMBL5734040,B,TBD: TBD,CHEMBL5727113,O95977,Sphingosine 1-phosphate receptor 4,IC50,Cc1cc(C(=O)N[C@@H](c2ccc(Cl)c(Cl)c2)c2ccc(Cl)cn2)ccc1Br,4.790484985457369
CHEMBL6056816,CHEMBL3230,Sphingosine 1-phosphate receptor 4,IC50,=,18800.0,nM,CHEMBL5734040,B,TBD: TBD,CHEMBL5727113,O95977,Sphingosine 1-phosphate receptor 4,IC50,Cc1ccc(C(NC(=O)c2ccc(C#N)c(Cl)c2)c2ccc(Cl)c(Cl)c2)nc1,4.72584215073632
CHEMBL5960713,CHEMBL3230,Sphingosine 1-phosphate receptor 4,IC50,=,8500.0,nM,CHEMBL5734040,B,TBD: TBD,CHEMBL5727113,O95977,Sphingosine 1-phosphate receptor 4,IC50,N#Cc1ccc(C(=O)N[C@@H](c2ccc(Cl)c(Cl)c2)c2ccc(Cl)cn2)c(F)c1,5.070581074285707
CHEMBL5941085,CHEMBL3230,Sphingosine 1-phosphate receptor 4,IC50,=,14800.0,nM,CHEMBL5734040,B,TBD: TBD,CHEMBL5727113,O95977,Sphingosine 1-phosphate receptor 4,IC50,Cc1ccc([C@H](NC(=O)c2ccc(C#N)c(Cl)c2)c2ccc(Cl)cn2)cc1,4.8297382846050425
CHEMBL5832083,CHEMBL3230,Sphingosine 1-phosphate receptor 4,IC50,=,22100.0,nM,CHEMBL5734040,B,TBD: TBD,CHEMBL5727113,O95977,Sphingosine 1-phosphate receptor 4,IC50,Cc1cc(C(=O)N[C@@H](c2ccc(Cl)cc2)c2ccc(Cl)cn2)ccc1C#N,4.655607726314889
CHEMBL5897022,CHEMBL3230,Sphingosine 1-phosphate receptor 4,IC50,=,20900.0,nM,CHEMBL5734040,B,TBD: TBD,CHEMBL5727113,O95977,Sphingosine 1-phosphate receptor 4,IC50,Cc1ccc([C@H](NC(=O)c2ccc(C#N)c(F)c2)c2ccc(Cl)cn2)cc1,4.679853713888946
CHEMBL5775392,CHEMBL3230,Sphingosine 1-phosphate receptor 4,IC50,=,10300.0,nM,CHEMBL5734040,B,TBD: TBD,CHEMBL5727113,O95977,Sphingosine 1-phosphate receptor 4,IC50,N#Cc1ccc(C(=O)N[C@@H](c2ccc(Cl)cc2)c2ccc(Cl)cn2)s1,4.987162775294828
CHEMBL5840040,CHEMBL3230,Sphingosine 1-phosphate receptor 4,IC50,=,25400.0,nM,CHEMBL5734040,B,TBD: TBD,CHEMBL5727113,O95977,Sphingosine 1-phosphate receptor 4,IC50,N#Cc1ccc(C(=O)N[C@@H](c2ccc(Cl)c(F)c2)c2ccc(Cl)cn2)cc1F,4.5951662833800615
CHEMBL5795449,CHEMBL3230,Sphingosine 1-phosphate receptor 4,IC50,=,34400.0,nM,CHEMBL5734040,B,TBD: TBD,CHEMBL5727113,O95977,Sphingosine 1-phosphate receptor 4,IC50,N#Cc1ccc(C(=O)N[C@@H](c2ccc(Cl)c(F)c2)c2ccc(Cl)cn2)cc1Cl,4.46344155742847
CHEMBL5939182,CHEMBL3230,Sphingosine 1-phosphate receptor 4,IC50,=,28800.0,nM,CHEMBL5734040,B,TBD: TBD,CHEMBL5727113,O95977,Sphingosine 1-phosphate receptor 4,IC50,Cc1cc(C(=O)N[C@@H](c2ccc(Cl)c(F)c2)c2ccc(Cl)cn2)ccc1C#N,4.540607512240769
CHEMBL5876366,CHEMBL3230,Sphingosine 1-phosphate receptor 4,IC50,=,21400.0,nM,CHEMBL5734040,B,TBD: TBD,CHEMBL5727113,O95977,Sphingosine 1-phosphate receptor 4,IC50,N#Cc1ccc(C(=O)N[C@@H](c2ccc(F)c(Cl)c2)c2ccc(Cl)cn2)cc1Cl,4.669586226650809
CHEMBL5867178,CHEMBL3230,Sphingosine 1-phosphate receptor 4,IC50,=,13600.0,nM,CHEMBL5734040,B,TBD: TBD,CHEMBL5727113,O95977,Sphingosine 1-phosphate receptor 4,IC50,Cc1cc(C(=O)N[C@@H](c2ccc(Cl)cc2)c2ccc(Br)cn2)ccc1C#N,4.866461091629782
CHEMBL5994167,CHEMBL3230,Sphingosine 1-phosphate receptor 4,IC50,=,24800.0,nM,CHEMBL5734040,B,TBD: TBD,CHEMBL5727113,O95977,Sphingosine 1-phosphate receptor 4,IC50,N#Cc1ccc(C(=O)N[C@@H](c2ccc(Cl)c(Cl)c2)c2ccc(Br)cn2)cc1Cl,4.605548319173784
CHEMBL5879849,CHEMBL3230,Sphingosine 1-phosphate receptor 4,IC50,=,14100.0,nM,CHEMBL5734040,B,TBD: TBD,CHEMBL5727113,O95977,Sphingosine 1-phosphate receptor 4,IC50,N#Cc1ccc(C(=O)N[C@@H](c2ccc(Cl)c(Cl)c2)c2ccc(Br)cn2)cc1F,4.85078088734462
CHEMBL5925667,CHEMBL3230,Sphingosine 1-phosphate receptor 4,IC50,=,27600.0,nM,CHEMBL5734040,B,TBD: TBD,CHEMBL5727113,O95977,Sphingosine 1-phosphate receptor 4,IC50,Cc1cc(C(=O)N[C@@H](c2ccc(Cl)c(Cl)c2)c2ccc(Br)cn2)ccc1C#N,4.559090917934782
CHEMBL5949625,CHEMBL3230,Sphingosine 1-phosphate receptor 4,IC50,=,23100.0,nM,CHEMBL5734040,B,TBD: TBD,CHEMBL5727113,O95977,Sphingosine 1-phosphate receptor 4,IC50,Cc1ccc([C@H](NC(=O)c2ccc(C#N)c(C)c2)c2ccc(Br)cn2)cc1,4.636388020107856
CHEMBL5757986,CHEMBL3230,Sphingosine 1-phosphate receptor 4,IC50,=,38900.0,nM,CHEMBL5734040,B,TBD: TBD,CHEMBL5727113,O95977,Sphingosine 1-phosphate receptor 4,IC50,Cc1ccc([C@@H](NC(=O)c2ccc(C#N)c(Cl)c2)c2ccc(Cl)c(Cl)c2)nc1,4.410050398674292
CHEMBL5986143,CHEMBL3230,Sphingosine 1-phosphate receptor 4,IC50,=,16500.0,nM,CHEMBL5734040,B,TBD: TBD,CHEMBL5727113,O95977,Sphingosine 1-phosphate receptor 4,IC50,N#Cc1ccc(C(=O)N[C@@H](c2ccc(Cl)cc2)c2ncc(Cl)cc2F)cc1F,4.782516055786093
CHEMBL6017418,CHEMBL3230,Sphingosine 1-phosphate receptor 4,IC50,=,26800.0,nM,CHEMBL5734040,B,TBD: TBD,CHEMBL5727113,O95977,Sphingosine 1-phosphate receptor 4,IC50,N#Cc1ccc(C(=O)N[C@@H](c2ccc(Cl)cc2)c2ccc(Br)cn2)cc1C#N,4.5718652059712115
CHEMBL5740744,CHEMBL3230,Sphingosine 1-phosphate receptor 4,IC50,=,23500.0,nM,CHEMBL5734040,B,TBD: TBD,CHEMBL5727113,O95977,Sphingosine 1-phosphate receptor 4,IC50,N#Cc1ccc(C(=O)N[C@@H](c2ccc(Cl)c(Cl)c2)c2ccc(Br)cn2)cc1C#N,4.628932137728263
CHEMBL5748455,CHEMBL3230,Sphingosine 1-phosphate receptor 4,IC50,=,16100.0,nM,CHEMBL5734040,B,TBD: TBD,CHEMBL5727113,O95977,Sphingosine 1-phosphate receptor 4,IC50,N#Cc1c(F)cc(C(=O)N[C@@H](c2ccc(Cl)c(Cl)c2)c2ccc(Cl)cn2)cc1F,4.79317412396815
CHEMBL5768315,CHEMBL3230,Sphingosine 1-phosphate receptor 4,IC50,=,11700.0,nM,CHEMBL5734040,B,TBD: TBD,CHEMBL5727113,O95977,Sphingosine 1-phosphate receptor 4,IC50,O=C(N[C@@H](c1ccc(Cl)c(Cl)c1)c1ccc(Cl)cn1)c1ccc(-n2cncn2)cc1,4.931814138253839
CHEMBL5999361,CHEMBL3230,Sphingosine 1-phosphate receptor 4,IC50,=,5200.0,nM,CHEMBL5734040,B,TBD: TBD,CHEMBL5727113,O95977,Sphingosine 1-phosphate receptor 4,IC50,N=C(NC(=O)C(Nc1ccc(Cl)c(Cl)c1)c1ccccc1)c1ccccn1,5.2839966563652006
CHEMBL5864130,CHEMBL3230,Sphingosine 1-phosphate receptor 4,IC50,=,34000.0,nM,CHEMBL5734040,B,TBD: TBD,CHEMBL5727113,O95977,Sphingosine 1-phosphate receptor 4,IC50,N=C(NC(=O)C(Nc1ccc(Cl)c(Cl)c1)c1ccccc1)c1ccc(C(F)(F)F)cc1,4.468521082957745
CHEMBL5860257,CHEMBL3230,Sphingosine 1-phosphate receptor 4,IC50,=,30400.0,nM,CHEMBL5734040,B,TBD: TBD,CHEMBL5727113,O95977,Sphingosine 1-phosphate receptor 4,IC50,N=C(NC(=O)C(Nc1ccc(Cl)c(Cl)c1)c1ccccc1)c1ccccc1,4.517126416391246
CHEMBL5822064,CHEMBL3230,Sphingosine 1-phosphate receptor 4,IC50,=,7800.0,nM,CHEMBL5734040,B,TBD: TBD,CHEMBL5727113,O95977,Sphingosine 1-phosphate receptor 4,IC50,Clc1ccc(CNC(c2ccccc2)c2nc(-c3ccccc3)no2)cc1Cl,5.107905397309519
CHEMBL5914560,CHEMBL3230,Sphingosine 1-phosphate receptor 4,IC50,=,2600.0,nM,CHEMBL5734040,B,TBD: TBD,CHEMBL5727113,O95977,Sphingosine 1-phosphate receptor 4,IC50,O=C(Nc1ccc(Cl)c(Cl)c1)NC(c1ccccc1)c1nc(-c2ccccc2)no1,5.585026652029182
CHEMBL5892090,CHEMBL3230,Sphingosine 1-phosphate receptor 4,IC50,=,30200.0,nM,CHEMBL5734040,B,TBD: TBD,CHEMBL5727113,O95977,Sphingosine 1-phosphate receptor 4,IC50,N#Cc1ccc(C(=O)NC(c2ccccc2)c2nc(-c3ccccc3)no2)cc1,4.519993057042849
CHEMBL5745280,CHEMBL3230,Sphingosine 1-phosphate receptor 4,IC50,=,39700.0,nM,CHEMBL5734040,B,TBD: TBD,CHEMBL5727113,O95977,Sphingosine 1-phosphate receptor 4,IC50,N=C(NC(=O)C(NC(=O)c1ccc(Cl)cc1)c1ccccc1)c1ccccc1,4.401209493236885
CHEMBL5913292,CHEMBL3230,Sphingosine 1-phosphate receptor 4,IC50,=,5900.0,nM,CHEMBL5734040,B,TBD: TBD,CHEMBL5727113,O95977,Sphingosine 1-phosphate receptor 4,IC50,N=C(NC(=O)C(Nc1nc2ccccc2o1)c1ccccc1)c1ccccc1,5.229147988357855
CHEMBL5943685,CHEMBL3230,Sphingosine 1-phosphate receptor 4,IC50,=,5100.0,nM,CHEMBL5734040,B,TBD: TBD,CHEMBL5727113,O95977,Sphingosine 1-phosphate receptor 4,IC50,N=C(NC(=O)C(NC(=O)c1ccc(Cl)c(Cl)c1)C1CCNCC1)c1ccccc1,5.292429823902063
CHEMBL5861443,CHEMBL3230,Sphingosine 1-phosphate receptor 4,IC50,=,12900.0,nM,CHEMBL5734040,B,TBD: TBD,CHEMBL5727113,O95977,Sphingosine 1-phosphate receptor 4,IC50,N=C(NC(=O)C(NC(=O)c1ccc(Cl)c(Cl)c1)C1CCOCC1)c1ccccc1,4.889410289700751
CHEMBL5829128,CHEMBL3230,Sphingosine 1-phosphate receptor 4,IC50,=,14300.0,nM,CHEMBL5734040,B,TBD: TBD,CHEMBL5727113,O95977,Sphingosine 1-phosphate receptor 4,IC50,N=C(NC(=O)C(NC(=O)c1cccc(Cl)c1)c1ccc(Cl)cc1)c1ccccc1,4.844663962534939
CHEMBL5811954,CHEMBL3230,Sphingosine 1-phosphate receptor 4,IC50,=,21600.0,nM,CHEMBL5734040,B,TBD: TBD,CHEMBL5727113,O95977,Sphingosine 1-phosphate receptor 4,IC50,N=C(NC(=O)C(Cc1ccccc1)NC(=O)c1cccc(Cl)c1)c1ccccc1,4.665546248849069
CHEMBL5969840,CHEMBL3230,Sphingosine 1-phosphate receptor 4,IC50,=,5200.0,nM,CHEMBL5734040,B,TBD: TBD,CHEMBL5727113,O95977,Sphingosine 1-phosphate receptor 4,IC50,N=C(NC(=O)C(NC(=O)c1cccc(Cl)c1)c1cccc(Cl)c1)c1ccccc1,5.2839966563652006
CHEMBL5961778,CHEMBL3230,Sphingosine 1-phosphate receptor 4,IC50,=,30500.0,nM,CHEMBL5734040,B,TBD: TBD,CHEMBL5727113,O95977,Sphingosine 1-phosphate receptor 4,IC50,N=C(NC(=O)C(NC(=O)c1cccc(Br)c1)c1ccc(Cl)cc1)c1ccccc1,4.515700160653214
CHEMBL5921870,CHEMBL3230,Sphingosine 1-phosphate receptor 4,IC50,=,21200.0,nM,CHEMBL5734040,B,TBD: TBD,CHEMBL5727113,O95977,Sphingosine 1-phosphate receptor 4,IC50,N=C(NC(=O)C(NC(=O)c1cccc(Cl)c1)c1ccc(Br)cc1)c1ccccc1,4.673664139071248
CHEMBL5750761,CHEMBL3230,Sphingosine 1-phosphate receptor 4,IC50,=,37900.0,nM,CHEMBL5734040,B,TBD: TBD,CHEMBL5727113,O95977,Sphingosine 1-phosphate receptor 4,IC50,N=C(NC(=O)C(NC(=O)c1ccc(Cl)c(Br)c1)c1ccc(Cl)cc1)c1ccccc1,4.421360790031928
CHEMBL5839503,CHEMBL3230,Sphingosine 1-phosphate receptor 4,IC50,=,24200.0,nM,CHEMBL5734040,B,TBD: TBD,CHEMBL5727113,O95977,Sphingosine 1-phosphate receptor 4,IC50,N=C(NC(=O)C(NC(=O)c1cccc(Cl)c1)c1ccc(CO)cc1)c1ccccc1,4.616184634019569
CHEMBL5769867,CHEMBL3230,Sphingosine 1-phosphate receptor 4,IC50,=,25400.0,nM,CHEMBL5734040,B,TBD: TBD,CHEMBL5727113,O95977,Sphingosine 1-phosphate receptor 4,IC50,N=C(NC(=O)C(Nc1nc2ccc(Cl)cc2o1)c1cccc(Cl)c1)c1ccccc1,4.5951662833800615
CHEMBL5966565,CHEMBL3230,Sphingosine 1-phosphate receptor 4,IC50,=,22200.0,nM,CHEMBL5734040,B,TBD: TBD,CHEMBL5727113,O95977,Sphingosine 1-phosphate receptor 4,IC50,N=C(NC(=O)C(Nc1nc2ccc(Cl)cc2o1)c1ccc(Cl)cc1)c1ccccc1,4.653647025549361
CHEMBL5865455,CHEMBL3230,Sphingosine 1-phosphate receptor 4,IC50,=,34600.0,nM,CHEMBL5734040,B,TBD: TBD,CHEMBL5727113,O95977,Sphingosine 1-phosphate receptor 4,IC50,N=C(NC(=O)C(NC(=O)c1cccc(Cl)c1)c1ccc(Cl)c(Cl)c1)c1ccccc1,4.460923901207224
CHEMBL5916634,CHEMBL3230,Sphingosine 1-phosphate receptor 4,IC50,=,17500.0,nM,CHEMBL5734040,B,TBD: TBD,CHEMBL5727113,O95977,Sphingosine 1-phosphate receptor 4,IC50,N=C(NC(=O)C(NC(=O)c1cccc(Cl)c1)c1cccc(Br)c1)c1ccccc1,4.756961951313706
CHEMBL6011360,CHEMBL3230,Sphingosine 1-phosphate receptor 4,IC50,=,23300.0,nM,CHEMBL5734040,B,TBD: TBD,CHEMBL5727113,O95977,Sphingosine 1-phosphate receptor 4,IC50,N=C(NC(=O)C(NC(=O)c1ccc(Cl)c(Cl)c1)c1cccc(Br)c1)c1ccccc1,4.632644078973981
CHEMBL5790806,CHEMBL3230,Sphingosine 1-phosphate receptor 4,IC50,=,38500.0,nM,CHEMBL5734040,B,TBD: TBD,CHEMBL5727113,O95977,Sphingosine 1-phosphate receptor 4,IC50,N=C(NC(=O)C(NC(=O)c1ccc(Cl)cc1)c1ccc(Cl)c(Cl)c1)c1ccccc1,4.414539270491499
CHEMBL5766339,CHEMBL3230,Sphingosine 1-phosphate receptor 4,IC50,=,3100.0,nM,CHEMBL5734040,B,TBD: TBD,CHEMBL5727113,O95977,Sphingosine 1-phosphate receptor 4,IC50,N#Cc1ccc(C(=O)NC(C(=O)NC(=N)c2ccccc2)c2ccc(Cl)c(Cl)c2)cc1,5.508638306165727
CHEMBL5998325,CHEMBL3230,Sphingosine 1-phosphate receptor 4,IC50,=,44800.0,nM,CHEMBL5734040,B,TBD: TBD,CHEMBL5727113,O95977,Sphingosine 1-phosphate receptor 4,IC50,N#Cc1cccc(C(=O)NC(C(=O)NC(=N)c2ccccc2)c2ccc(Cl)c(Cl)c2)c1,4.3487219860018556
CHEMBL6036241,CHEMBL3230,Sphingosine 1-phosphate receptor 4,IC50,=,20300.0,nM,CHEMBL5734040,B,TBD: TBD,CHEMBL5727113,O95977,Sphingosine 1-phosphate receptor 4,IC50,N=C(NC(=O)C(NC(=O)c1cc(Cl)ccn1)c1ccc(Cl)c(Cl)c1)c1ccccc1,4.692503962086787
CHEMBL5833593,CHEMBL3230,Sphingosine 1-phosphate receptor 4,IC50,=,17100.0,nM,CHEMBL5734040,B,TBD: TBD,CHEMBL5727113,O95977,Sphingosine 1-phosphate receptor 4,IC50,N=C(NC(=O)C(NC(=O)c1ccc2c(c1)CCCC2O)c1ccc(Cl)c(Cl)c1)c1ccccc1,4.767003889607846
CHEMBL5853329,CHEMBL3230,Sphingosine 1-phosphate receptor 4,IC50,=,9200.0,nM,CHEMBL5734040,B,TBD: TBD,CHEMBL5727113,O95977,Sphingosine 1-phosphate receptor 4,IC50,N=C(NC(=O)C(NC(=O)c1ccc(Cl)nc1)c1ccc(Cl)c(Cl)c1)c1ccccc1,5.036212172654444
CHEMBL5884611,CHEMBL3230,Sphingosine 1-phosphate receptor 4,IC50,=,16300.0,nM,CHEMBL5734040,B,TBD: TBD,CHEMBL5727113,O95977,Sphingosine 1-phosphate receptor 4,IC50,N=C(NC(=O)C(NC(=O)c1ccc(Br)c(Cl)c1)c1cccc(Cl)c1)c1ccccc1,4.787812395596042
CHEMBL5796906,CHEMBL3230,Sphingosine 1-phosphate receptor 4,IC50,=,19200.0,nM,CHEMBL5734040,B,TBD: TBD,CHEMBL5727113,O95977,Sphingosine 1-phosphate receptor 4,IC50,N=C(NC(=O)C(NC(=O)c1ccc(F)cc1)c1cccc(Cl)c1)c1ccccc1,4.716698771296451
CHEMBL5910171,CHEMBL3230,Sphingosine 1-phosphate receptor 4,IC50,=,6700.0,nM,CHEMBL5734040,B,TBD: TBD,CHEMBL5727113,O95977,Sphingosine 1-phosphate receptor 4,IC50,CC(C(=O)NC(C(=O)NC(=N)c1ccccc1)c1cccc(Cl)c1)c1ccc(Cl)cc1,5.173925197299173
CHEMBL5991332,CHEMBL3230,Sphingosine 1-phosphate receptor 4,IC50,=,12400.0,nM,CHEMBL5734040,B,TBD: TBD,CHEMBL5727113,O95977,Sphingosine 1-phosphate receptor 4,IC50,N=C(NC(=O)C(NC(=O)c1ccc(F)c(Cl)c1)c1cccc(Cl)c1)c1ccccc1,4.906578314837765
CHEMBL5919840,CHEMBL3230,Sphingosine 1-phosphate receptor 4,IC50,=,38400.0,nM,CHEMBL5734040,B,TBD: TBD,CHEMBL5727113,O95977,Sphingosine 1-phosphate receptor 4,IC50,COc1cc(C(=O)NC(C(=O)NC(=N)c2ccccc2)c2cccc(Cl)c2)ccc1Cl,4.4156687756324695
CHEMBL5895929,CHEMBL3230,Sphingosine 1-phosphate receptor 4,IC50,=,19900.0,nM,CHEMBL5734040,B,TBD: TBD,CHEMBL5727113,O95977,Sphingosine 1-phosphate receptor 4,IC50,N=C(NC(=O)C(NC(=O)c1cc(Br)co1)c1ccc(Cl)c(Cl)c1)c1ccccc1,4.701146923590294
CHEMBL6043781,CHEMBL3230,Sphingosine 1-phosphate receptor 4,IC50,=,42300.0,nM,CHEMBL5734040,B,TBD: TBD,CHEMBL5727113,O95977,Sphingosine 1-phosphate receptor 4,IC50,N=C(NC(=O)C(NC(=O)c1cnc(Cl)c(Cl)c1)c1ccc(Cl)c(Cl)c1)c1ccccc1,4.373659632624958
CHEMBL5739678,CHEMBL3230,Sphingosine 1-phosphate receptor 4,IC50,=,15500.0,nM,CHEMBL5734040,B,TBD: TBD,CHEMBL5727113,O95977,Sphingosine 1-phosphate receptor 4,IC50,N=C(NC(=O)C(NC(=O)c1cccc(Cl)c1)c1ccc(Cl)c(Cl)c1)C1CC1,4.809668301829708
CHEMBL6032456,CHEMBL3230,Sphingosine 1-phosphate receptor 4,IC50,=,8600.0,nM,CHEMBL5734040,B,TBD: TBD,CHEMBL5727113,O95977,Sphingosine 1-phosphate receptor 4,IC50,N#Cc1ccc(C(=O)NC(C(=O)NC(=N)c2ccccc2)c2ccc(Cl)c(Cl)c2)cc1Cl,5.065501548756432
CHEMBL5994652,CHEMBL3230,Sphingosine 1-phosphate receptor 4,IC50,=,28700.0,nM,CHEMBL5734040,B,TBD: TBD,CHEMBL5727113,O95977,Sphingosine 1-phosphate receptor 4,IC50,N=C(NC(=O)C(NC(=O)c1cncc(Cl)c1)c1ccc(Cl)c(Cl)c1)c1ccccc1,4.542118103266008
CHEMBL6045056,CHEMBL3230,Sphingosine 1-phosphate receptor 4,IC50,=,15700.0,nM,CHEMBL5734040,B,TBD: TBD,CHEMBL5727113,O95977,Sphingosine 1-phosphate receptor 4,IC50,CC(C)(C(=O)NC(C(=O)NC(=N)c1ccccc1)c1cccc(Cl)c1)c1ccc(Cl)cc1,4.804100347590766
CHEMBL225155,CHEMBL3230,Sphingosine 1-phosphate receptor 4,IC50,=,151.0,nM,CHEMBL5735437,B,"In Vitro Binding Assay: Newly synthesized compounds were first evaluated for binding potency toward S1P1 by a [32P]S1P competitive binding assay following published procedure (J. Rosenberg, H. Liu, Z. Tu, A practical process for the preparation of [32P]S1P and binding assay for S1P receptor ligands, Appl. Radiat. Isot. 102 (2015) 5-9), and using S1P as a reference compound. [32P]S1P was first prepared by incubating sphingosine and [γ-32P]ATP with sphingosine kinase 1 as previously reported (J. Rosenberg, H. Liu, Z. Tu, A practical process for the preparation of [32P]S1P and binding assay for S1P receptor ligands, Appl. Radiat. Isot. 102 (2015) 5-9). [32P]S1P was dissolved in DMSO, and then diluted in the assay buffer (50 mM HEPES-Na with 5 mM MgCl2, 1 mM CaCl2, and 0.5% fatty acid-free bovine serum albumin, pH=7.5). Compounds were dissolved in DMSO and diluted to different concentrations with assay buffer, followed by adding commercial cell membranes expressing recombinant human S1P receptors (1, 2, 3, 4, and 5) in the assay buffer at room temperature in 96-well plate. [32P]S1P solution was then added to give a final volume of 150 μL containing 0.1 nM of [32P]S1P and 1 μg of membrane protein per well. Competitive binding was performed for 60 min at room temperature and terminated by collecting the membranes onto 96-well glass fiber (GF/B) filtration plates (Millipore, Billerica, Mass.). Each filter was washed with 200 μL of assay buffer for five times. The filter bound radionuclide was measured by a Beckman LS3801 scintillation counter using Cherenkov counting. The reported IC50 values were calculated using the 4 parameter equation, least-square non-linear regression curve-fit, with GraphPad Prism software (GraphPad Software, Inc). Each assay was repeated at least three times with duplicate wells for each compound; the reported values (mean±SD, nM) are calculated from the average of all assays. Assays for compounds which showed no activity (IC50>1000 nM) were only repeated twice.",CHEMBL5727811,O95977,Sphingosine 1-phosphate receptor 4,IC50,CCCCCCCCCCCCC/C=C/[C@@H](O)[C@@H](N)COP(=O)(O)O,6.821023052706831
CHEMBL5752374,CHEMBL3230,Sphingosine 1-phosphate receptor 4,IC50,=,44000.0,nM,CHEMBL5736937,B,Competition Binding Assay: Ligand competition binding was used.,CHEMBL5728526,O95977,Sphingosine 1-phosphate receptor 4,IC50,Clc1ccc(NC(c2ccccc2)c2ccc(Br)cn2)cc1Cl,4.356547323513812
CHEMBL6022256,CHEMBL3230,Sphingosine 1-phosphate receptor 4,IC50,=,35400.0,nM,CHEMBL5736937,B,Competition Binding Assay: Ligand competition binding was used.,CHEMBL5728526,O95977,Sphingosine 1-phosphate receptor 4,IC50,Clc1ccc(NC(c2ccccc2)c2cccc(Br)n2)cc1Cl,4.450996737974212
CHEMBL5793442,CHEMBL3230,Sphingosine 1-phosphate receptor 4,IC50,=,39100.0,nM,CHEMBL5736937,B,Competition Binding Assay: Ligand competition binding was used.,CHEMBL5728526,O95977,Sphingosine 1-phosphate receptor 4,IC50,Cc1ccc(C(Nc2ccc(Cl)c(Cl)c2)c2ccccc2)nc1,4.407823242604133
CHEMBL5967937,CHEMBL3230,Sphingosine 1-phosphate receptor 4,IC50,=,5700.0,nM,CHEMBL5736937,B,Competition Binding Assay: Ligand competition binding was used.,CHEMBL5728526,O95977,Sphingosine 1-phosphate receptor 4,IC50,Cc1ccc(C(Nc2ccc(Cl)c(Cl)c2)c2ccc(Br)cn2)cc1,5.2441251443275085
CHEMBL6044440,CHEMBL3230,Sphingosine 1-phosphate receptor 4,IC50,=,21300.0,nM,CHEMBL5736937,B,Competition Binding Assay: Ligand competition binding was used.,CHEMBL5728526,O95977,Sphingosine 1-phosphate receptor 4,IC50,O=C(N[C@@H](c1ccccc1)c1ccc(Br)cn1)c1ccc(Cl)c(Cl)c1,4.671620396561262
CHEMBL6030915,CHEMBL3230,Sphingosine 1-phosphate receptor 4,IC50,=,17900.0,nM,CHEMBL5736937,B,Competition Binding Assay: Ligand competition binding was used.,CHEMBL5728526,O95977,Sphingosine 1-phosphate receptor 4,IC50,O=C(N[C@H](c1ccccc1)c1ccc(Br)cn1)c1ccc(Cl)c(Cl)c1,4.747146969020107
CHEMBL5839759,CHEMBL3230,Sphingosine 1-phosphate receptor 4,IC50,=,873.0,nM,CHEMBL5736937,B,Competition Binding Assay: Ligand competition binding was used.,CHEMBL5728526,O95977,Sphingosine 1-phosphate receptor 4,IC50,C=Cc1ccc([C@@H](NC(=O)c2ccc(Cl)c(Cl)c2)c2ccccc2)nc1,6.0589857562944305
CHEMBL5904860,CHEMBL3230,Sphingosine 1-phosphate receptor 4,IC50,=,21600.0,nM,CHEMBL5736937,B,Competition Binding Assay: Ligand competition binding was used.,CHEMBL5728526,O95977,Sphingosine 1-phosphate receptor 4,IC50,CN(C)c1ccc([C@@H](NC(=O)c2ccc(Cl)c(Cl)c2)c2ccccc2)nc1,4.665546248849069
CHEMBL5785394,CHEMBL3230,Sphingosine 1-phosphate receptor 4,IC50,=,12700.0,nM,CHEMBL5736937,B,Competition Binding Assay: Ligand competition binding was used.,CHEMBL5728526,O95977,Sphingosine 1-phosphate receptor 4,IC50,O=C(N[C@@H](c1ccccc1)c1ccccn1)c1ccc(Cl)c(Cl)c1,4.896196279044043
CHEMBL5795062,CHEMBL3230,Sphingosine 1-phosphate receptor 4,IC50,=,28200.0,nM,CHEMBL5736937,B,Competition Binding Assay: Ligand competition binding was used.,CHEMBL5728526,O95977,Sphingosine 1-phosphate receptor 4,IC50,COC(=O)c1ccc([C@@H](NC(=O)c2ccc(Cl)c(Cl)c2)c2ccccc2)nc1,4.549750891680639
CHEMBL6040929,CHEMBL3230,Sphingosine 1-phosphate receptor 4,IC50,=,15100.0,nM,CHEMBL5736937,B,Competition Binding Assay: Ligand competition binding was used.,CHEMBL5728526,O95977,Sphingosine 1-phosphate receptor 4,IC50,O=C(N[C@H](c1ccc(Cl)c(Cl)c1)c1ccc(Cl)cn1)c1cccc(Cl)c1,4.82102305270683
CHEMBL5904956,CHEMBL3230,Sphingosine 1-phosphate receptor 4,IC50,=,9900.0,nM,CHEMBL5736937,B,Competition Binding Assay: Ligand competition binding was used.,CHEMBL5728526,O95977,Sphingosine 1-phosphate receptor 4,IC50,O=C(N[C@@H](c1ccc(Cl)cc1)c1ccc(Cl)cn1)c1cccc(Cl)c1,5.00436480540245
CHEMBL5820550,CHEMBL3230,Sphingosine 1-phosphate receptor 4,IC50,=,8200.0,nM,CHEMBL5736937,B,Competition Binding Assay: Ligand competition binding was used.,CHEMBL5728526,O95977,Sphingosine 1-phosphate receptor 4,IC50,O=C(N[C@H](c1ccc(Cl)cc1)c1ccc(Cl)cn1)c1cccc(Cl)c1,5.086186147616283
CHEMBL5837184,CHEMBL3230,Sphingosine 1-phosphate receptor 4,IC50,=,9300.0,nM,CHEMBL5736937,B,Competition Binding Assay: Ligand competition binding was used.,CHEMBL5728526,O95977,Sphingosine 1-phosphate receptor 4,IC50,O=C(N[C@@H](c1ccc(Cl)c(Cl)c1)c1ccc(Cl)cn1)c1cccc(Cl)c1,5.031517051446064
CHEMBL5762676,CHEMBL3230,Sphingosine 1-phosphate receptor 4,IC50,=,9800.0,nM,CHEMBL5736937,B,Competition Binding Assay: Ligand competition binding was used.,CHEMBL5728526,O95977,Sphingosine 1-phosphate receptor 4,IC50,O=C(N[C@@H](c1ccc(Cl)c(Cl)c1)c1ccc(Cl)cn1)c1ccccc1,5.008773924307505
CHEMBL5856885,CHEMBL3230,Sphingosine 1-phosphate receptor 4,IC50,=,8200.0,nM,CHEMBL5736937,B,Competition Binding Assay: Ligand competition binding was used.,CHEMBL5728526,O95977,Sphingosine 1-phosphate receptor 4,IC50,Cc1cccc(C(=O)N[C@@H](c2ccc(Cl)c(Cl)c2)c2ccc(Cl)cn2)c1,5.086186147616283
CHEMBL6035020,CHEMBL3230,Sphingosine 1-phosphate receptor 4,IC50,=,8800.0,nM,CHEMBL5736937,B,Competition Binding Assay: Ligand competition binding was used.,CHEMBL5728526,O95977,Sphingosine 1-phosphate receptor 4,IC50,N#Cc1ccc(C(=O)N[C@@H](c2ccc(Cl)c(Cl)c2)c2ccc(Cl)cn2)cc1,5.055517327849831
CHEMBL5894650,CHEMBL3230,Sphingosine 1-phosphate receptor 4,IC50,=,8300.0,nM,CHEMBL5736937,B,Competition Binding Assay: Ligand competition binding was used.,CHEMBL5728526,O95977,Sphingosine 1-phosphate receptor 4,IC50,N#Cc1ccc(C(=O)N[C@@H](c2ccc(Cl)c(Cl)c2)c2ccc(Cl)cn2)cc1Cl,5.080921907623926
CHEMBL6007588,CHEMBL3230,Sphingosine 1-phosphate receptor 4,IC50,=,6500.0,nM,CHEMBL5736937,B,Competition Binding Assay: Ligand competition binding was used.,CHEMBL5728526,O95977,Sphingosine 1-phosphate receptor 4,IC50,Cc1ccc(C(=O)N[C@@H](c2ccc(Cl)c(Cl)c2)c2ccc(Cl)cn2)cc1Cl,5.187086643357144
CHEMBL5822726,CHEMBL3230,Sphingosine 1-phosphate receptor 4,IC50,=,11500.0,nM,CHEMBL5736937,B,Competition Binding Assay: Ligand competition binding was used.,CHEMBL5728526,O95977,Sphingosine 1-phosphate receptor 4,IC50,Cc1ccc(C(=O)N[C@@H](c2ccc(Cl)c(Cl)c2)c2ccc(Cl)cn2)cc1,4.939302159646388
CHEMBL6054141,CHEMBL3230,Sphingosine 1-phosphate receptor 4,IC50,=,17500.0,nM,CHEMBL5736937,B,Competition Binding Assay: Ligand competition binding was used.,CHEMBL5728526,O95977,Sphingosine 1-phosphate receptor 4,IC50,O=C(N[C@@H](c1ccc(Cl)c(Cl)c1)c1ccc(Cl)cn1)c1ccc(F)c(Cl)c1,4.756961951313706
CHEMBL5840124,CHEMBL3230,Sphingosine 1-phosphate receptor 4,IC50,=,5600.0,nM,CHEMBL5736937,B,Competition Binding Assay: Ligand competition binding was used.,CHEMBL5728526,O95977,Sphingosine 1-phosphate receptor 4,IC50,N#Cc1cc(C(=O)N[C@@H](c2ccc(Cl)c(Cl)c2)c2ccc(Cl)cn2)ccc1F,5.251811972993799
CHEMBL5760817,CHEMBL3230,Sphingosine 1-phosphate receptor 4,IC50,=,26600.0,nM,CHEMBL5736937,B,Competition Binding Assay: Ligand competition binding was used.,CHEMBL5728526,O95977,Sphingosine 1-phosphate receptor 4,IC50,O=C(N[C@@H](c1ccc(Cl)c(Cl)c1)c1ccc(Cl)cn1)c1cc(Br)co1,4.575118363368933
CHEMBL6028366,CHEMBL3230,Sphingosine 1-phosphate receptor 4,IC50,=,30600.0,nM,CHEMBL5736937,B,Competition Binding Assay: Ligand competition binding was used.,CHEMBL5728526,O95977,Sphingosine 1-phosphate receptor 4,IC50,O=C(N[C@@H](c1ccc(Cl)c(Cl)c1)c1ccc(Cl)cn1)c1ccccc1Cl,4.51427857351842
CHEMBL5847228,CHEMBL3230,Sphingosine 1-phosphate receptor 4,IC50,=,16200.0,nM,CHEMBL5736937,B,Competition Binding Assay: Ligand competition binding was used.,CHEMBL5728526,O95977,Sphingosine 1-phosphate receptor 4,IC50,Cc1cc(C(=O)N[C@@H](c2ccc(Cl)c(Cl)c2)c2ccc(Cl)cn2)ccc1Br,4.790484985457369
CHEMBL6056816,CHEMBL3230,Sphingosine 1-phosphate receptor 4,IC50,=,18800.0,nM,CHEMBL5736937,B,Competition Binding Assay: Ligand competition binding was used.,CHEMBL5728526,O95977,Sphingosine 1-phosphate receptor 4,IC50,Cc1ccc(C(NC(=O)c2ccc(C#N)c(Cl)c2)c2ccc(Cl)c(Cl)c2)nc1,4.72584215073632
CHEMBL5960713,CHEMBL3230,Sphingosine 1-phosphate receptor 4,IC50,=,8500.0,nM,CHEMBL5736937,B,Competition Binding Assay: Ligand competition binding was used.,CHEMBL5728526,O95977,Sphingosine 1-phosphate receptor 4,IC50,N#Cc1ccc(C(=O)N[C@@H](c2ccc(Cl)c(Cl)c2)c2ccc(Cl)cn2)c(F)c1,5.070581074285707
CHEMBL5941085,CHEMBL3230,Sphingosine 1-phosphate receptor 4,IC50,=,14800.0,nM,CHEMBL5736937,B,Competition Binding Assay: Ligand competition binding was used.,CHEMBL5728526,O95977,Sphingosine 1-phosphate receptor 4,IC50,Cc1ccc([C@H](NC(=O)c2ccc(C#N)c(Cl)c2)c2ccc(Cl)cn2)cc1,4.8297382846050425
CHEMBL5832083,CHEMBL3230,Sphingosine 1-phosphate receptor 4,IC50,=,22100.0,nM,CHEMBL5736937,B,Competition Binding Assay: Ligand competition binding was used.,CHEMBL5728526,O95977,Sphingosine 1-phosphate receptor 4,IC50,Cc1cc(C(=O)N[C@@H](c2ccc(Cl)cc2)c2ccc(Cl)cn2)ccc1C#N,4.655607726314889
CHEMBL5897022,CHEMBL3230,Sphingosine 1-phosphate receptor 4,IC50,=,20900.0,nM,CHEMBL5736937,B,Competition Binding Assay: Ligand competition binding was used.,CHEMBL5728526,O95977,Sphingosine 1-phosphate receptor 4,IC50,Cc1ccc([C@H](NC(=O)c2ccc(C#N)c(F)c2)c2ccc(Cl)cn2)cc1,4.679853713888946
CHEMBL5775392,CHEMBL3230,Sphingosine 1-phosphate receptor 4,IC50,=,10300.0,nM,CHEMBL5736937,B,Competition Binding Assay: Ligand competition binding was used.,CHEMBL5728526,O95977,Sphingosine 1-phosphate receptor 4,IC50,N#Cc1ccc(C(=O)N[C@@H](c2ccc(Cl)cc2)c2ccc(Cl)cn2)s1,4.987162775294828
CHEMBL5840040,CHEMBL3230,Sphingosine 1-phosphate receptor 4,IC50,=,25400.0,nM,CHEMBL5736937,B,Competition Binding Assay: Ligand competition binding was used.,CHEMBL5728526,O95977,Sphingosine 1-phosphate receptor 4,IC50,N#Cc1ccc(C(=O)N[C@@H](c2ccc(Cl)c(F)c2)c2ccc(Cl)cn2)cc1F,4.5951662833800615
CHEMBL5795449,CHEMBL3230,Sphingosine 1-phosphate receptor 4,IC50,=,34400.0,nM,CHEMBL5736937,B,Competition Binding Assay: Ligand competition binding was used.,CHEMBL5728526,O95977,Sphingosine 1-phosphate receptor 4,IC50,N#Cc1ccc(C(=O)N[C@@H](c2ccc(Cl)c(F)c2)c2ccc(Cl)cn2)cc1Cl,4.46344155742847
CHEMBL5939182,CHEMBL3230,Sphingosine 1-phosphate receptor 4,IC50,=,28800.0,nM,CHEMBL5736937,B,Competition Binding Assay: Ligand competition binding was used.,CHEMBL5728526,O95977,Sphingosine 1-phosphate receptor 4,IC50,Cc1cc(C(=O)N[C@@H](c2ccc(Cl)c(F)c2)c2ccc(Cl)cn2)ccc1C#N,4.540607512240769
CHEMBL5876366,CHEMBL3230,Sphingosine 1-phosphate receptor 4,IC50,=,21400.0,nM,CHEMBL5736937,B,Competition Binding Assay: Ligand competition binding was used.,CHEMBL5728526,O95977,Sphingosine 1-phosphate receptor 4,IC50,N#Cc1ccc(C(=O)N[C@@H](c2ccc(F)c(Cl)c2)c2ccc(Cl)cn2)cc1Cl,4.669586226650809
CHEMBL5867178,CHEMBL3230,Sphingosine 1-phosphate receptor 4,IC50,=,13600.0,nM,CHEMBL5736937,B,Competition Binding Assay: Ligand competition binding was used.,CHEMBL5728526,O95977,Sphingosine 1-phosphate receptor 4,IC50,Cc1cc(C(=O)N[C@@H](c2ccc(Cl)cc2)c2ccc(Br)cn2)ccc1C#N,4.866461091629782
CHEMBL5994167,CHEMBL3230,Sphingosine 1-phosphate receptor 4,IC50,=,24800.0,nM,CHEMBL5736937,B,Competition Binding Assay: Ligand competition binding was used.,CHEMBL5728526,O95977,Sphingosine 1-phosphate receptor 4,IC50,N#Cc1ccc(C(=O)N[C@@H](c2ccc(Cl)c(Cl)c2)c2ccc(Br)cn2)cc1Cl,4.605548319173784
CHEMBL5879849,CHEMBL3230,Sphingosine 1-phosphate receptor 4,IC50,=,14100.0,nM,CHEMBL5736937,B,Competition Binding Assay: Ligand competition binding was used.,CHEMBL5728526,O95977,Sphingosine 1-phosphate receptor 4,IC50,N#Cc1ccc(C(=O)N[C@@H](c2ccc(Cl)c(Cl)c2)c2ccc(Br)cn2)cc1F,4.85078088734462
CHEMBL5925667,CHEMBL3230,Sphingosine 1-phosphate receptor 4,IC50,=,27600.0,nM,CHEMBL5736937,B,Competition Binding Assay: Ligand competition binding was used.,CHEMBL5728526,O95977,Sphingosine 1-phosphate receptor 4,IC50,Cc1cc(C(=O)N[C@@H](c2ccc(Cl)c(Cl)c2)c2ccc(Br)cn2)ccc1C#N,4.559090917934782
CHEMBL5949625,CHEMBL3230,Sphingosine 1-phosphate receptor 4,IC50,=,23100.0,nM,CHEMBL5736937,B,Competition Binding Assay: Ligand competition binding was used.,CHEMBL5728526,O95977,Sphingosine 1-phosphate receptor 4,IC50,Cc1ccc([C@H](NC(=O)c2ccc(C#N)c(C)c2)c2ccc(Br)cn2)cc1,4.636388020107856
CHEMBL5757986,CHEMBL3230,Sphingosine 1-phosphate receptor 4,IC50,=,38900.0,nM,CHEMBL5736937,B,Competition Binding Assay: Ligand competition binding was used.,CHEMBL5728526,O95977,Sphingosine 1-phosphate receptor 4,IC50,Cc1ccc([C@@H](NC(=O)c2ccc(C#N)c(Cl)c2)c2ccc(Cl)c(Cl)c2)nc1,4.410050398674292
CHEMBL5986143,CHEMBL3230,Sphingosine 1-phosphate receptor 4,IC50,=,16500.0,nM,CHEMBL5736937,B,Competition Binding Assay: Ligand competition binding was used.,CHEMBL5728526,O95977,Sphingosine 1-phosphate receptor 4,IC50,N#Cc1ccc(C(=O)N[C@@H](c2ccc(Cl)cc2)c2ncc(Cl)cc2F)cc1F,4.782516055786093
CHEMBL6017418,CHEMBL3230,Sphingosine 1-phosphate receptor 4,IC50,=,26800.0,nM,CHEMBL5736937,B,Competition Binding Assay: Ligand competition binding was used.,CHEMBL5728526,O95977,Sphingosine 1-phosphate receptor 4,IC50,N#Cc1ccc(C(=O)N[C@@H](c2ccc(Cl)cc2)c2ccc(Br)cn2)cc1C#N,4.5718652059712115
CHEMBL5740744,CHEMBL3230,Sphingosine 1-phosphate receptor 4,IC50,=,23500.0,nM,CHEMBL5736937,B,Competition Binding Assay: Ligand competition binding was used.,CHEMBL5728526,O95977,Sphingosine 1-phosphate receptor 4,IC50,N#Cc1ccc(C(=O)N[C@@H](c2ccc(Cl)c(Cl)c2)c2ccc(Br)cn2)cc1C#N,4.628932137728263
CHEMBL5748455,CHEMBL3230,Sphingosine 1-phosphate receptor 4,IC50,=,16100.0,nM,CHEMBL5736937,B,Competition Binding Assay: Ligand competition binding was used.,CHEMBL5728526,O95977,Sphingosine 1-phosphate receptor 4,IC50,N#Cc1c(F)cc(C(=O)N[C@@H](c2ccc(Cl)c(Cl)c2)c2ccc(Cl)cn2)cc1F,4.79317412396815
CHEMBL5768315,CHEMBL3230,Sphingosine 1-phosphate receptor 4,IC50,=,11700.0,nM,CHEMBL5736937,B,Competition Binding Assay: Ligand competition binding was used.,CHEMBL5728526,O95977,Sphingosine 1-phosphate receptor 4,IC50,O=C(N[C@@H](c1ccc(Cl)c(Cl)c1)c1ccc(Cl)cn1)c1ccc(-n2cncn2)cc1,4.931814138253839
CHEMBL5999361,CHEMBL3230,Sphingosine 1-phosphate receptor 4,IC50,=,5200.0,nM,CHEMBL5736937,B,Competition Binding Assay: Ligand competition binding was used.,CHEMBL5728526,O95977,Sphingosine 1-phosphate receptor 4,IC50,N=C(NC(=O)C(Nc1ccc(Cl)c(Cl)c1)c1ccccc1)c1ccccn1,5.2839966563652006
CHEMBL5951953,CHEMBL3230,Sphingosine 1-phosphate receptor 4,IC50,=,34000.0,nM,CHEMBL5736937,B,Competition Binding Assay: Ligand competition binding was used.,CHEMBL5728526,O95977,Sphingosine 1-phosphate receptor 4,IC50,N=C(NC(=O)C(Nc1ccc(Cl)c(Cl)c1)c1ccccc1)c1ccc(C(F)(F)F)cn1,4.468521082957745
CHEMBL5860257,CHEMBL3230,Sphingosine 1-phosphate receptor 4,IC50,=,30400.0,nM,CHEMBL5736937,B,Competition Binding Assay: Ligand competition binding was used.,CHEMBL5728526,O95977,Sphingosine 1-phosphate receptor 4,IC50,N=C(NC(=O)C(Nc1ccc(Cl)c(Cl)c1)c1ccccc1)c1ccccc1,4.517126416391246
CHEMBL5822064,CHEMBL3230,Sphingosine 1-phosphate receptor 4,IC50,=,7800.0,nM,CHEMBL5736937,B,Competition Binding Assay: Ligand competition binding was used.,CHEMBL5728526,O95977,Sphingosine 1-phosphate receptor 4,IC50,Clc1ccc(CNC(c2ccccc2)c2nc(-c3ccccc3)no2)cc1Cl,5.107905397309519
CHEMBL5914560,CHEMBL3230,Sphingosine 1-phosphate receptor 4,IC50,=,2600.0,nM,CHEMBL5736937,B,Competition Binding Assay: Ligand competition binding was used.,CHEMBL5728526,O95977,Sphingosine 1-phosphate receptor 4,IC50,O=C(Nc1ccc(Cl)c(Cl)c1)NC(c1ccccc1)c1nc(-c2ccccc2)no1,5.585026652029182
CHEMBL5895012,CHEMBL3230,Sphingosine 1-phosphate receptor 4,IC50,=,30200.0,nM,CHEMBL5736937,B,Competition Binding Assay: Ligand competition binding was used.,CHEMBL5728526,O95977,Sphingosine 1-phosphate receptor 4,IC50,N#Cc1ccc(C(=O)NC(C(=O)NC(=N)c2ccccc2)c2ccccc2)cc1,4.519993057042849
CHEMBL5745280,CHEMBL3230,Sphingosine 1-phosphate receptor 4,IC50,=,39700.0,nM,CHEMBL5736937,B,Competition Binding Assay: Ligand competition binding was used.,CHEMBL5728526,O95977,Sphingosine 1-phosphate receptor 4,IC50,N=C(NC(=O)C(NC(=O)c1ccc(Cl)cc1)c1ccccc1)c1ccccc1,4.401209493236885
CHEMBL5913292,CHEMBL3230,Sphingosine 1-phosphate receptor 4,IC50,=,5900.0,nM,CHEMBL5736937,B,Competition Binding Assay: Ligand competition binding was used.,CHEMBL5728526,O95977,Sphingosine 1-phosphate receptor 4,IC50,N=C(NC(=O)C(Nc1nc2ccccc2o1)c1ccccc1)c1ccccc1,5.229147988357855
CHEMBL5943685,CHEMBL3230,Sphingosine 1-phosphate receptor 4,IC50,=,5100.0,nM,CHEMBL5736937,B,Competition Binding Assay: Ligand competition binding was used.,CHEMBL5728526,O95977,Sphingosine 1-phosphate receptor 4,IC50,N=C(NC(=O)C(NC(=O)c1ccc(Cl)c(Cl)c1)C1CCNCC1)c1ccccc1,5.292429823902063
CHEMBL5861443,CHEMBL3230,Sphingosine 1-phosphate receptor 4,IC50,=,12900.0,nM,CHEMBL5736937,B,Competition Binding Assay: Ligand competition binding was used.,CHEMBL5728526,O95977,Sphingosine 1-phosphate receptor 4,IC50,N=C(NC(=O)C(NC(=O)c1ccc(Cl)c(Cl)c1)C1CCOCC1)c1ccccc1,4.889410289700751
CHEMBL5829128,CHEMBL3230,Sphingosine 1-phosphate receptor 4,IC50,=,14300.0,nM,CHEMBL5736937,B,Competition Binding Assay: Ligand competition binding was used.,CHEMBL5728526,O95977,Sphingosine 1-phosphate receptor 4,IC50,N=C(NC(=O)C(NC(=O)c1cccc(Cl)c1)c1ccc(Cl)cc1)c1ccccc1,4.844663962534939
CHEMBL5811954,CHEMBL3230,Sphingosine 1-phosphate receptor 4,IC50,=,21600.0,nM,CHEMBL5736937,B,Competition Binding Assay: Ligand competition binding was used.,CHEMBL5728526,O95977,Sphingosine 1-phosphate receptor 4,IC50,N=C(NC(=O)C(Cc1ccccc1)NC(=O)c1cccc(Cl)c1)c1ccccc1,4.665546248849069
CHEMBL5969840,CHEMBL3230,Sphingosine 1-phosphate receptor 4,IC50,=,5200.0,nM,CHEMBL5736937,B,Competition Binding Assay: Ligand competition binding was used.,CHEMBL5728526,O95977,Sphingosine 1-phosphate receptor 4,IC50,N=C(NC(=O)C(NC(=O)c1cccc(Cl)c1)c1cccc(Cl)c1)c1ccccc1,5.2839966563652006
CHEMBL5961778,CHEMBL3230,Sphingosine 1-phosphate receptor 4,IC50,=,30500.0,nM,CHEMBL5736937,B,Competition Binding Assay: Ligand competition binding was used.,CHEMBL5728526,O95977,Sphingosine 1-phosphate receptor 4,IC50,N=C(NC(=O)C(NC(=O)c1cccc(Br)c1)c1ccc(Cl)cc1)c1ccccc1,4.515700160653214
CHEMBL5921870,CHEMBL3230,Sphingosine 1-phosphate receptor 4,IC50,=,21200.0,nM,CHEMBL5736937,B,Competition Binding Assay: Ligand competition binding was used.,CHEMBL5728526,O95977,Sphingosine 1-phosphate receptor 4,IC50,N=C(NC(=O)C(NC(=O)c1cccc(Cl)c1)c1ccc(Br)cc1)c1ccccc1,4.673664139071248
CHEMBL5750761,CHEMBL3230,Sphingosine 1-phosphate receptor 4,IC50,=,37900.0,nM,CHEMBL5736937,B,Competition Binding Assay: Ligand competition binding was used.,CHEMBL5728526,O95977,Sphingosine 1-phosphate receptor 4,IC50,N=C(NC(=O)C(NC(=O)c1ccc(Cl)c(Br)c1)c1ccc(Cl)cc1)c1ccccc1,4.421360790031928
CHEMBL5839503,CHEMBL3230,Sphingosine 1-phosphate receptor 4,IC50,=,24200.0,nM,CHEMBL5736937,B,Competition Binding Assay: Ligand competition binding was used.,CHEMBL5728526,O95977,Sphingosine 1-phosphate receptor 4,IC50,N=C(NC(=O)C(NC(=O)c1cccc(Cl)c1)c1ccc(CO)cc1)c1ccccc1,4.616184634019569
CHEMBL5769867,CHEMBL3230,Sphingosine 1-phosphate receptor 4,IC50,=,25400.0,nM,CHEMBL5736937,B,Competition Binding Assay: Ligand competition binding was used.,CHEMBL5728526,O95977,Sphingosine 1-phosphate receptor 4,IC50,N=C(NC(=O)C(Nc1nc2ccc(Cl)cc2o1)c1cccc(Cl)c1)c1ccccc1,4.5951662833800615
CHEMBL5966565,CHEMBL3230,Sphingosine 1-phosphate receptor 4,IC50,=,22200.0,nM,CHEMBL5736937,B,Competition Binding Assay: Ligand competition binding was used.,CHEMBL5728526,O95977,Sphingosine 1-phosphate receptor 4,IC50,N=C(NC(=O)C(Nc1nc2ccc(Cl)cc2o1)c1ccc(Cl)cc1)c1ccccc1,4.653647025549361
CHEMBL5865455,CHEMBL3230,Sphingosine 1-phosphate receptor 4,IC50,=,34600.0,nM,CHEMBL5736937,B,Competition Binding Assay: Ligand competition binding was used.,CHEMBL5728526,O95977,Sphingosine 1-phosphate receptor 4,IC50,N=C(NC(=O)C(NC(=O)c1cccc(Cl)c1)c1ccc(Cl)c(Cl)c1)c1ccccc1,4.460923901207224
CHEMBL5916634,CHEMBL3230,Sphingosine 1-phosphate receptor 4,IC50,=,17500.0,nM,CHEMBL5736937,B,Competition Binding Assay: Ligand competition binding was used.,CHEMBL5728526,O95977,Sphingosine 1-phosphate receptor 4,IC50,N=C(NC(=O)C(NC(=O)c1cccc(Cl)c1)c1cccc(Br)c1)c1ccccc1,4.756961951313706
CHEMBL6011360,CHEMBL3230,Sphingosine 1-phosphate receptor 4,IC50,=,23300.0,nM,CHEMBL5736937,B,Competition Binding Assay: Ligand competition binding was used.,CHEMBL5728526,O95977,Sphingosine 1-phosphate receptor 4,IC50,N=C(NC(=O)C(NC(=O)c1ccc(Cl)c(Cl)c1)c1cccc(Br)c1)c1ccccc1,4.632644078973981
CHEMBL5790806,CHEMBL3230,Sphingosine 1-phosphate receptor 4,IC50,=,38500.0,nM,CHEMBL5736937,B,Competition Binding Assay: Ligand competition binding was used.,CHEMBL5728526,O95977,Sphingosine 1-phosphate receptor 4,IC50,N=C(NC(=O)C(NC(=O)c1ccc(Cl)cc1)c1ccc(Cl)c(Cl)c1)c1ccccc1,4.414539270491499
CHEMBL5766339,CHEMBL3230,Sphingosine 1-phosphate receptor 4,IC50,=,3100.0,nM,CHEMBL5736937,B,Competition Binding Assay: Ligand competition binding was used.,CHEMBL5728526,O95977,Sphingosine 1-phosphate receptor 4,IC50,N#Cc1ccc(C(=O)NC(C(=O)NC(=N)c2ccccc2)c2ccc(Cl)c(Cl)c2)cc1,5.508638306165727
CHEMBL5998325,CHEMBL3230,Sphingosine 1-phosphate receptor 4,IC50,=,44800.0,nM,CHEMBL5736937,B,Competition Binding Assay: Ligand competition binding was used.,CHEMBL5728526,O95977,Sphingosine 1-phosphate receptor 4,IC50,N#Cc1cccc(C(=O)NC(C(=O)NC(=N)c2ccccc2)c2ccc(Cl)c(Cl)c2)c1,4.3487219860018556
CHEMBL6036241,CHEMBL3230,Sphingosine 1-phosphate receptor 4,IC50,=,20300.0,nM,CHEMBL5736937,B,Competition Binding Assay: Ligand competition binding was used.,CHEMBL5728526,O95977,Sphingosine 1-phosphate receptor 4,IC50,N=C(NC(=O)C(NC(=O)c1cc(Cl)ccn1)c1ccc(Cl)c(Cl)c1)c1ccccc1,4.692503962086787
CHEMBL5833593,CHEMBL3230,Sphingosine 1-phosphate receptor 4,IC50,=,17100.0,nM,CHEMBL5736937,B,Competition Binding Assay: Ligand competition binding was used.,CHEMBL5728526,O95977,Sphingosine 1-phosphate receptor 4,IC50,N=C(NC(=O)C(NC(=O)c1ccc2c(c1)CCCC2O)c1ccc(Cl)c(Cl)c1)c1ccccc1,4.767003889607846
CHEMBL5853329,CHEMBL3230,Sphingosine 1-phosphate receptor 4,IC50,=,9200.0,nM,CHEMBL5736937,B,Competition Binding Assay: Ligand competition binding was used.,CHEMBL5728526,O95977,Sphingosine 1-phosphate receptor 4,IC50,N=C(NC(=O)C(NC(=O)c1ccc(Cl)nc1)c1ccc(Cl)c(Cl)c1)c1ccccc1,5.036212172654444
CHEMBL5884611,CHEMBL3230,Sphingosine 1-phosphate receptor 4,IC50,=,16300.0,nM,CHEMBL5736937,B,Competition Binding Assay: Ligand competition binding was used.,CHEMBL5728526,O95977,Sphingosine 1-phosphate receptor 4,IC50,N=C(NC(=O)C(NC(=O)c1ccc(Br)c(Cl)c1)c1cccc(Cl)c1)c1ccccc1,4.787812395596042
CHEMBL5796906,CHEMBL3230,Sphingosine 1-phosphate receptor 4,IC50,=,19200.0,nM,CHEMBL5736937,B,Competition Binding Assay: Ligand competition binding was used.,CHEMBL5728526,O95977,Sphingosine 1-phosphate receptor 4,IC50,N=C(NC(=O)C(NC(=O)c1ccc(F)cc1)c1cccc(Cl)c1)c1ccccc1,4.716698771296451
CHEMBL5910171,CHEMBL3230,Sphingosine 1-phosphate receptor 4,IC50,=,6700.0,nM,CHEMBL5736937,B,Competition Binding Assay: Ligand competition binding was used.,CHEMBL5728526,O95977,Sphingosine 1-phosphate receptor 4,IC50,CC(C(=O)NC(C(=O)NC(=N)c1ccccc1)c1cccc(Cl)c1)c1ccc(Cl)cc1,5.173925197299173
CHEMBL5991332,CHEMBL3230,Sphingosine 1-phosphate receptor 4,IC50,=,12400.0,nM,CHEMBL5736937,B,Competition Binding Assay: Ligand competition binding was used.,CHEMBL5728526,O95977,Sphingosine 1-phosphate receptor 4,IC50,N=C(NC(=O)C(NC(=O)c1ccc(F)c(Cl)c1)c1cccc(Cl)c1)c1ccccc1,4.906578314837765
CHEMBL5919840,CHEMBL3230,Sphingosine 1-phosphate receptor 4,IC50,=,38400.0,nM,CHEMBL5736937,B,Competition Binding Assay: Ligand competition binding was used.,CHEMBL5728526,O95977,Sphingosine 1-phosphate receptor 4,IC50,COc1cc(C(=O)NC(C(=O)NC(=N)c2ccccc2)c2cccc(Cl)c2)ccc1Cl,4.4156687756324695
CHEMBL5895929,CHEMBL3230,Sphingosine 1-phosphate receptor 4,IC50,=,19900.0,nM,CHEMBL5736937,B,Competition Binding Assay: Ligand competition binding was used.,CHEMBL5728526,O95977,Sphingosine 1-phosphate receptor 4,IC50,N=C(NC(=O)C(NC(=O)c1cc(Br)co1)c1ccc(Cl)c(Cl)c1)c1ccccc1,4.701146923590294
CHEMBL6043781,CHEMBL3230,Sphingosine 1-phosphate receptor 4,IC50,=,42300.0,nM,CHEMBL5736937,B,Competition Binding Assay: Ligand competition binding was used.,CHEMBL5728526,O95977,Sphingosine 1-phosphate receptor 4,IC50,N=C(NC(=O)C(NC(=O)c1cnc(Cl)c(Cl)c1)c1ccc(Cl)c(Cl)c1)c1ccccc1,4.373659632624958
CHEMBL5739678,CHEMBL3230,Sphingosine 1-phosphate receptor 4,IC50,=,15500.0,nM,CHEMBL5736937,B,Competition Binding Assay: Ligand competition binding was used.,CHEMBL5728526,O95977,Sphingosine 1-phosphate receptor 4,IC50,N=C(NC(=O)C(NC(=O)c1cccc(Cl)c1)c1ccc(Cl)c(Cl)c1)C1CC1,4.809668301829708
CHEMBL6032456,CHEMBL3230,Sphingosine 1-phosphate receptor 4,IC50,=,8600.0,nM,CHEMBL5736937,B,Competition Binding Assay: Ligand competition binding was used.,CHEMBL5728526,O95977,Sphingosine 1-phosphate receptor 4,IC50,N#Cc1ccc(C(=O)NC(C(=O)NC(=N)c2ccccc2)c2ccc(Cl)c(Cl)c2)cc1Cl,5.065501548756432
CHEMBL5994652,CHEMBL3230,Sphingosine 1-phosphate receptor 4,IC50,=,28700.0,nM,CHEMBL5736937,B,Competition Binding Assay: Ligand competition binding was used.,CHEMBL5728526,O95977,Sphingosine 1-phosphate receptor 4,IC50,N=C(NC(=O)C(NC(=O)c1cncc(Cl)c1)c1ccc(Cl)c(Cl)c1)c1ccccc1,4.542118103266008
CHEMBL6045056,CHEMBL3230,Sphingosine 1-phosphate receptor 4,IC50,=,15700.0,nM,CHEMBL5736937,B,Competition Binding Assay: Ligand competition binding was used.,CHEMBL5728526,O95977,Sphingosine 1-phosphate receptor 4,IC50,CC(C)(C(=O)NC(C(=O)NC(=N)c1ccccc1)c1cccc(Cl)c1)c1ccc(Cl)cc1,4.804100347590766
CHEMBL332050,CHEMBL3230,Sphingosine 1-phosphate receptor 4,EC50,=,910.0,nM,CHEMBL807590,B,In vitro binding affinity towards human Sphingosine 1-phosphate receptor 4 expressed in HEK293T cells using [gamma-35S]-GTP as radioligand,CHEMBL1136274,O95977,Sphingosine 1-phosphate receptor 4,EC50,CCCCCCCCc1ccc(NC(=O)[C@@H](N)COP(=O)(O)O)cc1.O=C(O)C(F)(F)F,6.040958607678906
CHEMBL115344,CHEMBL3230,Sphingosine 1-phosphate receptor 4,EC50,=,880.0,nM,CHEMBL807590,B,In vitro binding affinity towards human Sphingosine 1-phosphate receptor 4 expressed in HEK293T cells using [gamma-35S]-GTP as radioligand,CHEMBL1136274,O95977,Sphingosine 1-phosphate receptor 4,EC50,CCCCCCc1ccc(NC(=O)[C@H](N)COP(=O)(O)O)cc1.O=C(O)C(F)(F)F,6.055517327849831
CHEMBL422074,CHEMBL3230,Sphingosine 1-phosphate receptor 4,EC50,=,500.0,nM,CHEMBL807590,B,In vitro binding affinity towards human Sphingosine 1-phosphate receptor 4 expressed in HEK293T cells using [gamma-35S]-GTP as radioligand,CHEMBL1136274,O95977,Sphingosine 1-phosphate receptor 4,EC50,CCCCCCCCc1ccc(NC(=O)[C@H](N)COP(=O)(O)O)cc1.O=C(O)C(F)(F)F,6.301029995663981
CHEMBL225155,CHEMBL3230,Sphingosine 1-phosphate receptor 4,EC50,=,270.0,nM,CHEMBL807591,B,In vitro binding affinity towards human Sphingosine 1-phosphate receptor 4 expressed in HEK293T cells using [gamma-35S]-GTP as radioligand (Experiment 2),CHEMBL1136274,O95977,Sphingosine 1-phosphate receptor 4,EC50,CCCCCCCCCCCCC/C=C/[C@@H](O)[C@@H](N)COP(=O)(O)O,6.568636235841012
CHEMBL116953,CHEMBL3230,Sphingosine 1-phosphate receptor 4,EC50,=,1400.0,nM,CHEMBL807590,B,In vitro binding affinity towards human Sphingosine 1-phosphate receptor 4 expressed in HEK293T cells using [gamma-35S]-GTP as radioligand,CHEMBL1136274,O95977,Sphingosine 1-phosphate receptor 4,EC50,CCCCCCCCCCCCc1ccc(NC(=O)[C@H](N)COP(=O)(O)O)cc1.O=C(O)C(F)(F)F,5.853871964321762
CHEMBL334038,CHEMBL3230,Sphingosine 1-phosphate receptor 4,EC50,=,450.0,nM,CHEMBL807590,B,In vitro binding affinity towards human Sphingosine 1-phosphate receptor 4 expressed in HEK293T cells using [gamma-35S]-GTP as radioligand,CHEMBL1136274,O95977,Sphingosine 1-phosphate receptor 4,EC50,CCCCCCCCCCc1ccc(NC(=O)[C@H](N)COP(=O)(O)O)cc1.O=C(O)C(F)(F)F,6.346787486224656
CHEMBL114031,CHEMBL3230,Sphingosine 1-phosphate receptor 4,EC50,=,1500.0,nM,CHEMBL807590,B,In vitro binding affinity towards human Sphingosine 1-phosphate receptor 4 expressed in HEK293T cells using [gamma-35S]-GTP as radioligand,CHEMBL1136274,O95977,Sphingosine 1-phosphate receptor 4,EC50,CCCCCCc1ccc(NC(=O)[C@@H](N)COP(=O)(O)O)cc1.O=C(O)C(F)(F)F,5.823908740944319
CHEMBL186815,CHEMBL3230,Sphingosine 1-phosphate receptor 4,EC50,=,1600.0,nM,CHEMBL830047,B,In vitro binding affinity towards human Sphingosine 1-phosphate receptor 4 expressed in HEK293T cells was determined using [gamma-35S]-GTP as radioligand,CHEMBL1137873,O95977,Sphingosine 1-phosphate receptor 4,EC50,CCCCCCCCc1ccc2[nH]c([C@H](N)CO)nc2c1.O=C(O)C(F)(F)F,5.795880017344075
CHEMBL185491,CHEMBL3230,Sphingosine 1-phosphate receptor 4,EC50,=,48.0,nM,CHEMBL830047,B,In vitro binding affinity towards human Sphingosine 1-phosphate receptor 4 expressed in HEK293T cells was determined using [gamma-35S]-GTP as radioligand,CHEMBL1137873,O95977,Sphingosine 1-phosphate receptor 4,EC50,CCCCCCCCc1ccc2[nH]c([C@@H](N)COP(=O)(O)O)nc2c1.COC(=O)C(F)(F)F,7.318758762624412
CHEMBL361915,CHEMBL3230,Sphingosine 1-phosphate receptor 4,EC50,=,36.0,nM,CHEMBL830047,B,In vitro binding affinity towards human Sphingosine 1-phosphate receptor 4 expressed in HEK293T cells was determined using [gamma-35S]-GTP as radioligand,CHEMBL1137873,O95977,Sphingosine 1-phosphate receptor 4,EC50,CCCCCCCCc1ccc2[nH]c([C@H](N)COP(=O)(O)O)nc2c1.COC(=O)C(F)(F)F,7.443697499232712
CHEMBL183888,CHEMBL3230,Sphingosine 1-phosphate receptor 4,EC50,=,33000.0,nM,CHEMBL830047,B,In vitro binding affinity towards human Sphingosine 1-phosphate receptor 4 expressed in HEK293T cells was determined using [gamma-35S]-GTP as radioligand,CHEMBL1137873,O95977,Sphingosine 1-phosphate receptor 4,EC50,CCCCCCCCc1ccc2[nH]c([C@@H](N)[C@@H](C)O)nc2c1.O=C(O)C(F)(F)F,4.481486060122113
CHEMBL183894,CHEMBL3230,Sphingosine 1-phosphate receptor 4,EC50,=,94.0,nM,CHEMBL830047,B,In vitro binding affinity towards human Sphingosine 1-phosphate receptor 4 expressed in HEK293T cells was determined using [gamma-35S]-GTP as radioligand,CHEMBL1137873,O95977,Sphingosine 1-phosphate receptor 4,EC50,CCCCCCCCc1ccc2[nH]c([C@@H](N)[C@@H](C)OP(=O)(O)O)nc2c1.O=C(O)C(F)(F)F,7.026872146400302
CHEMBL433593,CHEMBL3230,Sphingosine 1-phosphate receptor 4,EC50,=,1200.0,nM,CHEMBL830047,B,In vitro binding affinity towards human Sphingosine 1-phosphate receptor 4 expressed in HEK293T cells was determined using [gamma-35S]-GTP as radioligand,CHEMBL1137873,O95977,Sphingosine 1-phosphate receptor 4,EC50,CCCCCCCCc1ccc2[nH]c(C(C)(N)COP(=O)(O)O)nc2c1.O=C(O)C(F)(F)F,5.920818753952375
CHEMBL225155,CHEMBL3230,Sphingosine 1-phosphate receptor 4,EC50,=,37.0,nM,CHEMBL830047,B,In vitro binding affinity towards human Sphingosine 1-phosphate receptor 4 expressed in HEK293T cells was determined using [gamma-35S]-GTP as radioligand,CHEMBL1137873,O95977,Sphingosine 1-phosphate receptor 4,EC50,CCCCCCCCCCCCC/C=C/[C@@H](O)[C@@H](N)COP(=O)(O)O,7.431798275933005
CHEMBL363076,CHEMBL3230,Sphingosine 1-phosphate receptor 4,EC50,=,4200.0,nM,CHEMBL830047,B,In vitro binding affinity towards human Sphingosine 1-phosphate receptor 4 expressed in HEK293T cells was determined using [gamma-35S]-GTP as radioligand,CHEMBL1137873,O95977,Sphingosine 1-phosphate receptor 4,EC50,CCCCCCCCc1ccc2[nH]c([C@@H](N)CO)nc2c1.O=C(O)C(F)(F)F,5.376750709602099
CHEMBL188826,CHEMBL3230,Sphingosine 1-phosphate receptor 4,EC50,=,190.0,nM,CHEMBL830103,B,Effective concentration against sphingosine 1-phosphate receptor 4 determined by a [c-35S]-GTP binding assay,CHEMBL1140276,O95977,Sphingosine 1-phosphate receptor 4,EC50,CCCCCCCCc1ccc(-c2c[nH]c([C@@H](N)COP(O)(O)=S)n2)cc1.O=C(O)C(F)(F)F,6.721246399047171
CHEMBL188881,CHEMBL3230,Sphingosine 1-phosphate receptor 4,EC50,=,91.0,nM,CHEMBL830103,B,Effective concentration against sphingosine 1-phosphate receptor 4 determined by a [c-35S]-GTP binding assay,CHEMBL1140276,O95977,Sphingosine 1-phosphate receptor 4,EC50,CCCCCCCCc1ccc(-c2c[nH]c(C(C)(N)COP(=O)(O)O)n2)cc1.O=C(O)C(F)(F)F,7.040958607678906
CHEMBL364950,CHEMBL3230,Sphingosine 1-phosphate receptor 4,EC50,=,170.0,nM,CHEMBL830103,B,Effective concentration against sphingosine 1-phosphate receptor 4 determined by a [c-35S]-GTP binding assay,CHEMBL1140276,O95977,Sphingosine 1-phosphate receptor 4,EC50,CCCCCCCCc1ccc(-c2c[nH]c(C(C)(N)COP(O)(O)=S)n2)cc1.O=C(O)C(F)(F)F,6.769551078621726
CHEMBL537632,CHEMBL3230,Sphingosine 1-phosphate receptor 4,EC50,=,660.0,nM,CHEMBL830103,B,Effective concentration against sphingosine 1-phosphate receptor 4 determined by a [c-35S]-GTP binding assay,CHEMBL1140276,O95977,Sphingosine 1-phosphate receptor 4,EC50,CCCCCCCCc1ccc(-c2c[nH]c(C(N)(CO)CO)n2)cc1.Cl,6.180456064458131
CHEMBL537849,CHEMBL3230,Sphingosine 1-phosphate receptor 4,EC50,=,160.0,nM,CHEMBL830103,B,Effective concentration against sphingosine 1-phosphate receptor 4 determined by a [c-35S]-GTP binding assay,CHEMBL1140276,O95977,Sphingosine 1-phosphate receptor 4,EC50,CCCCCCCCc1ccc(-c2c[nH]c(C(N)(CO)COP(=O)(O)O)n2)cc1.Cl,6.795880017344075
CHEMBL541890,CHEMBL3230,Sphingosine 1-phosphate receptor 4,EC50,=,89.0,nM,CHEMBL830103,B,Effective concentration against sphingosine 1-phosphate receptor 4 determined by a [c-35S]-GTP binding assay,CHEMBL1140276,O95977,Sphingosine 1-phosphate receptor 4,EC50,CCCCCCCCc1ccc(-c2c[nH]c(C(N)(CO)COP(O)(O)=S)n2)cc1.Cl,7.050609993355087
CHEMBL225155,CHEMBL3230,Sphingosine 1-phosphate receptor 4,EC50,=,270.0,nM,CHEMBL830103,B,Effective concentration against sphingosine 1-phosphate receptor 4 determined by a [c-35S]-GTP binding assay,CHEMBL1140276,O95977,Sphingosine 1-phosphate receptor 4,EC50,CCCCCCCCCCCCC/C=C/[C@@H](O)[C@@H](N)COP(=O)(O)O,6.568636235841012
CHEMBL114606,CHEMBL3230,Sphingosine 1-phosphate receptor 4,EC50,=,41.0,nM,CHEMBL830103,B,Effective concentration against sphingosine 1-phosphate receptor 4 determined by a [c-35S]-GTP binding assay,CHEMBL1140276,O95977,Sphingosine 1-phosphate receptor 4,EC50,CCCCCCCCc1ccc(CCC(N)(CO)COP(=O)(O)O)cc1,7.3872161432802645
CHEMBL187712,CHEMBL3230,Sphingosine 1-phosphate receptor 4,EC50,=,400.0,nM,CHEMBL830103,B,Effective concentration against sphingosine 1-phosphate receptor 4 determined by a [c-35S]-GTP binding assay,CHEMBL1140276,O95977,Sphingosine 1-phosphate receptor 4,EC50,CCCCCCCCc1ccc(-c2c[nH]c([C@H](N)COP(=O)(O)O)n2)cc1.O=C(O)C(F)(F)F,6.3979400086720375
CHEMBL190529,CHEMBL3230,Sphingosine 1-phosphate receptor 4,EC50,=,7400.0,nM,CHEMBL830103,B,Effective concentration against sphingosine 1-phosphate receptor 4 determined by a [c-35S]-GTP binding assay,CHEMBL1140276,O95977,Sphingosine 1-phosphate receptor 4,EC50,CCCCCCCCc1ccc(-c2c[nH]c([C@H](N)CO)n2)cc1.O=C(O)C(F)(F)F,5.130768280269024
CHEMBL190865,CHEMBL3230,Sphingosine 1-phosphate receptor 4,EC50,=,150.0,nM,CHEMBL830103,B,Effective concentration against sphingosine 1-phosphate receptor 4 determined by a [c-35S]-GTP binding assay,CHEMBL1140276,O95977,Sphingosine 1-phosphate receptor 4,EC50,CCCCCCCCc1ccc(-c2c[nH]c([C@@H](N)COP(=O)(O)O)n2)cc1.O=C(O)C(F)(F)F,6.823908740944319
CHEMBL3086703,CHEMBL3230,Sphingosine 1-phosphate receptor 4,EC50,=,245.0,nM,CHEMBL3089444,B,Agonist activity at S1P4 receptor (unknown origin),CHEMBL3085709,O95977,Sphingosine 1-phosphate receptor 4,EC50,Cc1cc([C@@H](C)Nc2cccc(-c3cc(C)c(C(=O)N[C@@H](C)C(=O)O)c(C)c3)c2)ccc1Cl,6.610833915635467
CHEMBL314854,CHEMBL3230,Sphingosine 1-phosphate receptor 4,EC50,=,0.3,nM,CHEMBL3089444,B,Agonist activity at S1P4 receptor (unknown origin),CHEMBL3085709,O95977,Sphingosine 1-phosphate receptor 4,EC50,CCCCCCCCc1ccc(CCC(N)(CO)CO)cc1,9.522878745280337
CHEMBL3358920,CHEMBL3230,Sphingosine 1-phosphate receptor 4,EC50,=,147.0,nM,CHEMBL3381002,B,Agonist activity at human S1P4 receptor by beta-arrestin recruitment assay,CHEMBL3352115,O95977,Sphingosine 1-phosphate receptor 4,EC50,O=C(O)C[C@H]1CCc2c1[nH]c1ccc(OCc3ccc(C4CCCC4)c(C(F)(F)F)c3)cc21,6.8326826652518236
CHEMBL3358955,CHEMBL3230,Sphingosine 1-phosphate receptor 4,EC50,=,570.0,nM,CHEMBL3380144,B,Agonist activity at human S1P4 receptor by beta-arrestin recruitment assay,CHEMBL3352004,O95977,Sphingosine 1-phosphate receptor 4,EC50,O=C(O)CC1CCn2c1cc1cc(OCc3ccc(C4CCCC4)c(C(F)(F)F)c3)ccc12,6.2441251443275085
CHEMBL3358955,CHEMBL3230,Sphingosine 1-phosphate receptor 4,EC50,=,420.0,nM,CHEMBL3380144,B,Agonist activity at human S1P4 receptor by beta-arrestin recruitment assay,CHEMBL3352004,O95977,Sphingosine 1-phosphate receptor 4,EC50,O=C(O)CC1CCn2c1cc1cc(OCc3ccc(C4CCCC4)c(C(F)(F)F)c3)ccc12,6.376750709602099
CHEMBL3359522,CHEMBL3230,Sphingosine 1-phosphate receptor 4,EC50,=,8600.0,nM,CHEMBL3380144,B,Agonist activity at human S1P4 receptor by beta-arrestin recruitment assay,CHEMBL3352004,O95977,Sphingosine 1-phosphate receptor 4,EC50,CC(C)Oc1ccc(COc2ccc3c(c2)c(Cl)c2n3CC[C@@H]2CC(=O)O)cc1C#N,5.065501548756432
CHEMBL3359523,CHEMBL3230,Sphingosine 1-phosphate receptor 4,EC50,=,85.0,nM,CHEMBL3380144,B,Agonist activity at human S1P4 receptor by beta-arrestin recruitment assay,CHEMBL3352004,O95977,Sphingosine 1-phosphate receptor 4,EC50,CC(C)Oc1ccc(COc2ccc3c(c2)c(Cl)c2n3CC[C@@H]2CC(=O)O)cc1C(F)(F)F,7.070581074285707
CHEMBL3403619,CHEMBL3230,Sphingosine 1-phosphate receptor 4,EC50,=,26.0,nM,CHEMBL3404968,B,Agonist activity at human S1P4 receptor by beta-arrestin recruitment assay,CHEMBL3399954,O95977,Sphingosine 1-phosphate receptor 4,EC50,O=C(O)CC1NCCc2c1[nH]c1ccc(OCc3ccc(C4CCCC4)c(C(F)(F)F)c3)cc21,7.585026652029182
CHEMBL3884099,CHEMBL3230,Sphingosine 1-phosphate receptor 4,EC50,=,19900.0,nM,CHEMBL3876449,B,Agonist activity at recombinant human S1PR4 expressed in CHO cell membranes assessed as [35S]GTP-gammaS binding measured after 1.5 hrs by TopCount scintillation counting method,CHEMBL3875189,O95977,Sphingosine 1-phosphate receptor 4,EC50,Cc1ccc(-c2cccc3cc(CNCCCC(=O)O)sc23)cc1,4.701146923590294
CHEMBL3885151,CHEMBL3230,Sphingosine 1-phosphate receptor 4,EC50,=,9250.0,nM,CHEMBL3876449,B,Agonist activity at recombinant human S1PR4 expressed in CHO cell membranes assessed as [35S]GTP-gammaS binding measured after 1.5 hrs by TopCount scintillation counting method,CHEMBL3875189,O95977,Sphingosine 1-phosphate receptor 4,EC50,Cc1cccc(-c2cccc3cc(CNCCCC(=O)O)sc23)c1,5.0338582672609675
CHEMBL3885401,CHEMBL3230,Sphingosine 1-phosphate receptor 4,EC50,=,13500.0,nM,CHEMBL3876449,B,Agonist activity at recombinant human S1PR4 expressed in CHO cell membranes assessed as [35S]GTP-gammaS binding measured after 1.5 hrs by TopCount scintillation counting method,CHEMBL3875189,O95977,Sphingosine 1-phosphate receptor 4,EC50,Cc1ccccc1-c1cccc2cc(CNCCCC(=O)O)sc12,4.8696662315049934
CHEMBL3884888,CHEMBL3230,Sphingosine 1-phosphate receptor 4,EC50,=,5070.0,nM,CHEMBL3876449,B,Agonist activity at recombinant human S1PR4 expressed in CHO cell membranes assessed as [35S]GTP-gammaS binding measured after 1.5 hrs by TopCount scintillation counting method,CHEMBL3875189,O95977,Sphingosine 1-phosphate receptor 4,EC50,CC(C)(C)c1ccc(-c2cccc3cc(CNCCCC(=O)O)sc23)cc1,5.2949920406666635
CHEMBL3884986,CHEMBL3230,Sphingosine 1-phosphate receptor 4,EC50,=,1980.0,nM,CHEMBL3876449,B,Agonist activity at recombinant human S1PR4 expressed in CHO cell membranes assessed as [35S]GTP-gammaS binding measured after 1.5 hrs by TopCount scintillation counting method,CHEMBL3875189,O95977,Sphingosine 1-phosphate receptor 4,EC50,O=C(O)CCCNCc1cc2cccc(-c3cccc4ccccc34)c2s1,5.703334809738469
CHEMBL3884580,CHEMBL3230,Sphingosine 1-phosphate receptor 4,EC50,=,2060.0,nM,CHEMBL3876449,B,Agonist activity at recombinant human S1PR4 expressed in CHO cell membranes assessed as [35S]GTP-gammaS binding measured after 1.5 hrs by TopCount scintillation counting method,CHEMBL3875189,O95977,Sphingosine 1-phosphate receptor 4,EC50,O=C(O)CCCNCc1cc2cccc(-c3ccc(-c4ccccc4)cc3)c2s1,5.686132779630847
CHEMBL3884809,CHEMBL3230,Sphingosine 1-phosphate receptor 4,EC50,=,331.0,nM,CHEMBL3876449,B,Agonist activity at recombinant human S1PR4 expressed in CHO cell membranes assessed as [35S]GTP-gammaS binding measured after 1.5 hrs by TopCount scintillation counting method,CHEMBL3875189,O95977,Sphingosine 1-phosphate receptor 4,EC50,O=C(O)CCCNCc1cc2cccc(-c3cccc(-c4ccccc4)c3)c2s1,6.480172006224281
CHEMBL3885357,CHEMBL3230,Sphingosine 1-phosphate receptor 4,EC50,=,1930.0,nM,CHEMBL3876449,B,Agonist activity at recombinant human S1PR4 expressed in CHO cell membranes assessed as [35S]GTP-gammaS binding measured after 1.5 hrs by TopCount scintillation counting method,CHEMBL3875189,O95977,Sphingosine 1-phosphate receptor 4,EC50,COc1ccc2cc(-c3cccc4cc(CNCCCC(=O)O)sc34)ccc2c1,5.714442690992226
CHEMBL3883947,CHEMBL3230,Sphingosine 1-phosphate receptor 4,EC50,=,3920.0,nM,CHEMBL3876449,B,Agonist activity at recombinant human S1PR4 expressed in CHO cell membranes assessed as [35S]GTP-gammaS binding measured after 1.5 hrs by TopCount scintillation counting method,CHEMBL3875189,O95977,Sphingosine 1-phosphate receptor 4,EC50,O=C(O)CCCNCc1cc2cccc(-c3ccc4c(c3)OCO4)c2s1,5.406713932979542
CHEMBL3884795,CHEMBL3230,Sphingosine 1-phosphate receptor 4,EC50,=,1900.0,nM,CHEMBL3876449,B,Agonist activity at recombinant human S1PR4 expressed in CHO cell membranes assessed as [35S]GTP-gammaS binding measured after 1.5 hrs by TopCount scintillation counting method,CHEMBL3875189,O95977,Sphingosine 1-phosphate receptor 4,EC50,O=C(O)CCCNCc1cc2cccc(-c3ccc(C(F)(F)F)cc3)c2s1,5.721246399047171
CHEMBL3885195,CHEMBL3230,Sphingosine 1-phosphate receptor 4,EC50,=,3410.0,nM,CHEMBL3876449,B,Agonist activity at recombinant human S1PR4 expressed in CHO cell membranes assessed as [35S]GTP-gammaS binding measured after 1.5 hrs by TopCount scintillation counting method,CHEMBL3875189,O95977,Sphingosine 1-phosphate receptor 4,EC50,CCc1ccccc1-c1cccc2cc(CNc3ccc(CC(=O)O)cc3)sc12,5.467245621007502
CHEMBL3885415,CHEMBL3230,Sphingosine 1-phosphate receptor 4,EC50,=,1190.0,nM,CHEMBL3876449,B,Agonist activity at recombinant human S1PR4 expressed in CHO cell membranes assessed as [35S]GTP-gammaS binding measured after 1.5 hrs by TopCount scintillation counting method,CHEMBL3875189,O95977,Sphingosine 1-phosphate receptor 4,EC50,CCc1ccccc1-c1cccc2cc(CNc3cccc(CC(=O)O)c3)sc12,5.924453038607469
CHEMBL3885229,CHEMBL3230,Sphingosine 1-phosphate receptor 4,EC50,=,3100.0,nM,CHEMBL3876449,B,Agonist activity at recombinant human S1PR4 expressed in CHO cell membranes assessed as [35S]GTP-gammaS binding measured after 1.5 hrs by TopCount scintillation counting method,CHEMBL3875189,O95977,Sphingosine 1-phosphate receptor 4,EC50,CCc1ccccc1-c1cccc2cc(CNCC(N)C(=O)O)sc12,5.508638306165727
CHEMBL3883998,CHEMBL3230,Sphingosine 1-phosphate receptor 4,EC50,=,2570.0,nM,CHEMBL3876449,B,Agonist activity at recombinant human S1PR4 expressed in CHO cell membranes assessed as [35S]GTP-gammaS binding measured after 1.5 hrs by TopCount scintillation counting method,CHEMBL3875189,O95977,Sphingosine 1-phosphate receptor 4,EC50,CCc1ccccc1-c1cccc2sc(CNc3ccc(CC(=O)O)cc3)cc12,5.590066876668706
CHEMBL3883399,CHEMBL3230,Sphingosine 1-phosphate receptor 4,EC50,=,470.0,nM,CHEMBL3876449,B,Agonist activity at recombinant human S1PR4 expressed in CHO cell membranes assessed as [35S]GTP-gammaS binding measured after 1.5 hrs by TopCount scintillation counting method,CHEMBL3875189,O95977,Sphingosine 1-phosphate receptor 4,EC50,CCc1ccccc1-c1cccc2sc(CNc3cccc(CC(=O)O)c3)cc12,6.327902142064282
CHEMBL3884862,CHEMBL3230,Sphingosine 1-phosphate receptor 4,EC50,=,57600.0,nM,CHEMBL3876449,B,Agonist activity at recombinant human S1PR4 expressed in CHO cell membranes assessed as [35S]GTP-gammaS binding measured after 1.5 hrs by TopCount scintillation counting method,CHEMBL3875189,O95977,Sphingosine 1-phosphate receptor 4,EC50,CCc1ccccc1-c1cccc2sc(CNCC(N)C(=O)O)cc12,4.239577516576788
CHEMBL3883549,CHEMBL3230,Sphingosine 1-phosphate receptor 4,EC50,=,10300.0,nM,CHEMBL3876449,B,Agonist activity at recombinant human S1PR4 expressed in CHO cell membranes assessed as [35S]GTP-gammaS binding measured after 1.5 hrs by TopCount scintillation counting method,CHEMBL3875189,O95977,Sphingosine 1-phosphate receptor 4,EC50,CCc1ccccc1-c1cccc2sc(CNCC(C)C(=O)O)cc12,4.987162775294828
CHEMBL3885187,CHEMBL3230,Sphingosine 1-phosphate receptor 4,EC50,=,11100.0,nM,CHEMBL3876449,B,Agonist activity at recombinant human S1PR4 expressed in CHO cell membranes assessed as [35S]GTP-gammaS binding measured after 1.5 hrs by TopCount scintillation counting method,CHEMBL3875189,O95977,Sphingosine 1-phosphate receptor 4,EC50,CCc1ccccc1-c1cccc2sc(CNCCCCC(=O)O)cc12,4.954677021213342
CHEMBL3883420,CHEMBL3230,Sphingosine 1-phosphate receptor 4,EC50,=,18300.0,nM,CHEMBL3876449,B,Agonist activity at recombinant human S1PR4 expressed in CHO cell membranes assessed as [35S]GTP-gammaS binding measured after 1.5 hrs by TopCount scintillation counting method,CHEMBL3875189,O95977,Sphingosine 1-phosphate receptor 4,EC50,CCc1ccccc1-c1cccc2sc(CNCCCC(=O)O)cc12,4.73754891026957
CHEMBL3884056,CHEMBL3230,Sphingosine 1-phosphate receptor 4,EC50,=,693.0,nM,CHEMBL3876449,B,Agonist activity at recombinant human S1PR4 expressed in CHO cell membranes assessed as [35S]GTP-gammaS binding measured after 1.5 hrs by TopCount scintillation counting method,CHEMBL3875189,O95977,Sphingosine 1-phosphate receptor 4,EC50,O=C(O)CCCNCc1cc2cccc(-c3cccc(C(F)(F)F)c3)c2s1,6.159266765388193
CHEMBL3884173,CHEMBL3230,Sphingosine 1-phosphate receptor 4,EC50,=,541.0,nM,CHEMBL3876449,B,Agonist activity at recombinant human S1PR4 expressed in CHO cell membranes assessed as [35S]GTP-gammaS binding measured after 1.5 hrs by TopCount scintillation counting method,CHEMBL3875189,O95977,Sphingosine 1-phosphate receptor 4,EC50,NC(CNCc1cc2cc(-c3ccc4ccccc4c3)ccc2s1)C(=O)O,6.266802734893431
CHEMBL3884995,CHEMBL3230,Sphingosine 1-phosphate receptor 4,EC50,=,115.0,nM,CHEMBL3876449,B,Agonist activity at recombinant human S1PR4 expressed in CHO cell membranes assessed as [35S]GTP-gammaS binding measured after 1.5 hrs by TopCount scintillation counting method,CHEMBL3875189,O95977,Sphingosine 1-phosphate receptor 4,EC50,CC(CNCc1cc2cc(-c3ccc4ccccc4c3)ccc2s1)C(=O)O,6.939302159646388
CHEMBL3883621,CHEMBL3230,Sphingosine 1-phosphate receptor 4,EC50,=,724.0,nM,CHEMBL3876449,B,Agonist activity at recombinant human S1PR4 expressed in CHO cell membranes assessed as [35S]GTP-gammaS binding measured after 1.5 hrs by TopCount scintillation counting method,CHEMBL3875189,O95977,Sphingosine 1-phosphate receptor 4,EC50,O=C(O)CCCCNCc1cc2cc(-c3ccc4ccccc4c3)ccc2s1,6.140261433802853
CHEMBL3883377,CHEMBL3230,Sphingosine 1-phosphate receptor 4,EC50,=,165.0,nM,CHEMBL3876449,B,Agonist activity at recombinant human S1PR4 expressed in CHO cell membranes assessed as [35S]GTP-gammaS binding measured after 1.5 hrs by TopCount scintillation counting method,CHEMBL3875189,O95977,Sphingosine 1-phosphate receptor 4,EC50,O=C(O)CCCNCc1cc2cc(-c3ccc4ccccc4c3)ccc2s1,6.782516055786093
CHEMBL3883972,CHEMBL3230,Sphingosine 1-phosphate receptor 4,EC50,=,38.0,nM,CHEMBL3876449,B,Agonist activity at recombinant human S1PR4 expressed in CHO cell membranes assessed as [35S]GTP-gammaS binding measured after 1.5 hrs by TopCount scintillation counting method,CHEMBL3875189,O95977,Sphingosine 1-phosphate receptor 4,EC50,O=C(O)CCNCc1cc2cc(-c3ccc4ccccc4c3)ccc2s1,7.42021640338319
CHEMBL3885468,CHEMBL3230,Sphingosine 1-phosphate receptor 4,EC50,=,350.0,nM,CHEMBL3876449,B,Agonist activity at recombinant human S1PR4 expressed in CHO cell membranes assessed as [35S]GTP-gammaS binding measured after 1.5 hrs by TopCount scintillation counting method,CHEMBL3875189,O95977,Sphingosine 1-phosphate receptor 4,EC50,O=C(O)CNCc1cc2cc(-c3ccc4ccccc4c3)ccc2s1,6.455931955649724
CHEMBL3883991,CHEMBL3230,Sphingosine 1-phosphate receptor 4,EC50,=,1430.0,nM,CHEMBL3876449,B,Agonist activity at recombinant human S1PR4 expressed in CHO cell membranes assessed as [35S]GTP-gammaS binding measured after 1.5 hrs by TopCount scintillation counting method,CHEMBL3875189,O95977,Sphingosine 1-phosphate receptor 4,EC50,O=C(O)Cc1ccc(NCc2cc3cccc(-c4ccc5ccccc5c4)c3s2)cc1,5.844663962534938
CHEMBL3884292,CHEMBL3230,Sphingosine 1-phosphate receptor 4,EC50,=,816.0,nM,CHEMBL3876449,B,Agonist activity at recombinant human S1PR4 expressed in CHO cell membranes assessed as [35S]GTP-gammaS binding measured after 1.5 hrs by TopCount scintillation counting method,CHEMBL3875189,O95977,Sphingosine 1-phosphate receptor 4,EC50,O=C(O)Cc1cccc(NCc2cc3cccc(-c4ccc5ccccc5c4)c3s2)c1,6.088309841246138
CHEMBL3885074,CHEMBL3230,Sphingosine 1-phosphate receptor 4,EC50,=,694.0,nM,CHEMBL3876449,B,Agonist activity at recombinant human S1PR4 expressed in CHO cell membranes assessed as [35S]GTP-gammaS binding measured after 1.5 hrs by TopCount scintillation counting method,CHEMBL3875189,O95977,Sphingosine 1-phosphate receptor 4,EC50,NC(CNCc1cc2cccc(-c3ccc4ccccc4c3)c2s1)C(=O)O,6.158640529545146
CHEMBL3884134,CHEMBL3230,Sphingosine 1-phosphate receptor 4,EC50,=,1020.0,nM,CHEMBL3876449,B,Agonist activity at recombinant human S1PR4 expressed in CHO cell membranes assessed as [35S]GTP-gammaS binding measured after 1.5 hrs by TopCount scintillation counting method,CHEMBL3875189,O95977,Sphingosine 1-phosphate receptor 4,EC50,CC(CNCc1cc2cccc(-c3ccc4ccccc4c3)c2s1)C(=O)O,5.991399828238082
CHEMBL3883555,CHEMBL3230,Sphingosine 1-phosphate receptor 4,EC50,=,410.0,nM,CHEMBL3876449,B,Agonist activity at recombinant human S1PR4 expressed in CHO cell membranes assessed as [35S]GTP-gammaS binding measured after 1.5 hrs by TopCount scintillation counting method,CHEMBL3875189,O95977,Sphingosine 1-phosphate receptor 4,EC50,O=C(O)CCCCNCc1cc2cccc(-c3ccc4ccccc4c3)c2s1,6.3872161432802645
CHEMBL3884038,CHEMBL3230,Sphingosine 1-phosphate receptor 4,EC50,=,200.0,nM,CHEMBL3876449,B,Agonist activity at recombinant human S1PR4 expressed in CHO cell membranes assessed as [35S]GTP-gammaS binding measured after 1.5 hrs by TopCount scintillation counting method,CHEMBL3875189,O95977,Sphingosine 1-phosphate receptor 4,EC50,O=C(O)CCCNCc1cc2cccc(-c3ccc4ccccc4c3)c2s1,6.698970004336019
CHEMBL3883456,CHEMBL3230,Sphingosine 1-phosphate receptor 4,EC50,=,187.0,nM,CHEMBL3876449,B,Agonist activity at recombinant human S1PR4 expressed in CHO cell membranes assessed as [35S]GTP-gammaS binding measured after 1.5 hrs by TopCount scintillation counting method,CHEMBL3875189,O95977,Sphingosine 1-phosphate receptor 4,EC50,O=C(O)CCNCc1cc2cccc(-c3ccc4ccccc4c3)c2s1,6.7281583934635005
CHEMBL3885275,CHEMBL3230,Sphingosine 1-phosphate receptor 4,EC50,=,1480.0,nM,CHEMBL3876449,B,Agonist activity at recombinant human S1PR4 expressed in CHO cell membranes assessed as [35S]GTP-gammaS binding measured after 1.5 hrs by TopCount scintillation counting method,CHEMBL3875189,O95977,Sphingosine 1-phosphate receptor 4,EC50,O=C(O)CNCc1cc2cccc(-c3ccc4ccccc4c3)c2s1,5.8297382846050425
CHEMBL3884966,CHEMBL3230,Sphingosine 1-phosphate receptor 4,EC50,=,1010.0,nM,CHEMBL3876449,B,Agonist activity at recombinant human S1PR4 expressed in CHO cell membranes assessed as [35S]GTP-gammaS binding measured after 1.5 hrs by TopCount scintillation counting method,CHEMBL3875189,O95977,Sphingosine 1-phosphate receptor 4,EC50,O=C(O)C1CN(Cc2cc3c(-c4ccc5ccccc5c4)cccc3s2)C1,5.995678626217357
CHEMBL3883471,CHEMBL3230,Sphingosine 1-phosphate receptor 4,EC50,=,1100.0,nM,CHEMBL3876449,B,Agonist activity at recombinant human S1PR4 expressed in CHO cell membranes assessed as [35S]GTP-gammaS binding measured after 1.5 hrs by TopCount scintillation counting method,CHEMBL3875189,O95977,Sphingosine 1-phosphate receptor 4,EC50,NC(CNCc1cc2c(-c3ccc4ccccc4c3)cccc2s1)C(=O)O,5.958607314841775
CHEMBL3883572,CHEMBL3230,Sphingosine 1-phosphate receptor 4,EC50,=,1080.0,nM,CHEMBL3876449,B,Agonist activity at recombinant human S1PR4 expressed in CHO cell membranes assessed as [35S]GTP-gammaS binding measured after 1.5 hrs by TopCount scintillation counting method,CHEMBL3875189,O95977,Sphingosine 1-phosphate receptor 4,EC50,O=C(O)CCCCNCc1cc2c(-c3ccc4ccccc4c3)cccc2s1,5.96657624451305
CHEMBL3885331,CHEMBL3230,Sphingosine 1-phosphate receptor 4,EC50,=,211.0,nM,CHEMBL3876449,B,Agonist activity at recombinant human S1PR4 expressed in CHO cell membranes assessed as [35S]GTP-gammaS binding measured after 1.5 hrs by TopCount scintillation counting method,CHEMBL3875189,O95977,Sphingosine 1-phosphate receptor 4,EC50,O=C(O)CCCNCc1cc2c(-c3ccc4ccccc4c3)cccc2s1,6.675717544702307
CHEMBL3883812,CHEMBL3230,Sphingosine 1-phosphate receptor 4,EC50,=,433.0,nM,CHEMBL3876449,B,Agonist activity at recombinant human S1PR4 expressed in CHO cell membranes assessed as [35S]GTP-gammaS binding measured after 1.5 hrs by TopCount scintillation counting method,CHEMBL3875189,O95977,Sphingosine 1-phosphate receptor 4,EC50,O=C(O)CCNCc1cc2c(-c3ccc4ccccc4c3)cccc2s1,6.363512103646634
CHEMBL3883447,CHEMBL3230,Sphingosine 1-phosphate receptor 4,EC50,=,640.0,nM,CHEMBL3876449,B,Agonist activity at recombinant human S1PR4 expressed in CHO cell membranes assessed as [35S]GTP-gammaS binding measured after 1.5 hrs by TopCount scintillation counting method,CHEMBL3875189,O95977,Sphingosine 1-phosphate receptor 4,EC50,O=C(O)CNCc1cc2c(-c3ccc4ccccc4c3)cccc2s1,6.1938200260161125
CHEMBL4448752,CHEMBL3230,Sphingosine 1-phosphate receptor 4,EC50,=,0.92,nM,CHEMBL4426210,B,Agonist activity at S1P4 receptor (unknown origin) measured after 45 mins by [35S]GTP-gammaS binding assay,CHEMBL4425115,O95977,Sphingosine 1-phosphate receptor 4,EC50,O=C(O)[C@H]1CCCN(C[C@@H](O)c2ccc(-c3noc(-c4onc(-c5ccccc5)c4C(F)(F)F)n3)cc2)C1,9.036212172654444
CHEMBL4458575,CHEMBL3230,Sphingosine 1-phosphate receptor 4,EC50,=,0.5,nM,CHEMBL4426210,B,Agonist activity at S1P4 receptor (unknown origin) measured after 45 mins by [35S]GTP-gammaS binding assay,CHEMBL4425115,O95977,Sphingosine 1-phosphate receptor 4,EC50,O=C(O)C[C@H]1CCCN(C[C@@H](O)c2ccc(-c3noc(-c4onc(-c5ccccc5)c4C(F)(F)F)n3)cc2)C1,9.301029995663981
