molecule_chembl_id,target_chembl_id,target_pref_name,standard_type,standard_relation,standard_value,standard_units,assay_chembl_id,assay_type,assay_description,document_chembl_id,uniprot_id,target_pref_name,readout,smiles,pActivity
CHEMBL376897,CHEMBL211,Muscarinic acetylcholine receptor M2,IC50,=,4.3,nM,CHEMBL745635,B,Compound was evaluated for its binding affinity at human muscarinic receptor m2 by displacement of [3H]NMS radioligand using membranes from transfected chinese hamster ovarian cell,CHEMBL1131391,P08172,Muscarinic acetylcholine receptor M2,IC50,C[N+]1(C)[C@@H]2C[C@@H](OC(=O)[C@H](CO)c3ccccc3)C[C@H]1[C@@H]1O[C@@H]12,8.366531544420413
CHEMBL59347,CHEMBL211,Muscarinic acetylcholine receptor M2,IC50,=,14677.7,nM,CHEMBL747774,B,Evaluated for its binding affinity at human muscarinic receptor m2 by displacement of [3H]NMS binding using membranes from transfected chinese hamster ovarian cell,CHEMBL1131391,P08172,Muscarinic acetylcholine receptor M2,IC50,COc1cc2c(cc1OC)C1Oc3ccc4[nH]c(C)cc4c3CN1CC2,4.833341993164259
CHEMBL303758,CHEMBL211,Muscarinic acetylcholine receptor M2,IC50,=,9524.7,nM,CHEMBL747774,B,Evaluated for its binding affinity at human muscarinic receptor m2 by displacement of [3H]NMS binding using membranes from transfected chinese hamster ovarian cell,CHEMBL1131391,P08172,Muscarinic acetylcholine receptor M2,IC50,CCOC(=O)c1c(C)[nH]c2ccc3c(c12)CN1CCc2cc(C)ccc2C1O3,5.0211486944341175
CHEMBL61494,CHEMBL211,Muscarinic acetylcholine receptor M2,IC50,=,7703.7,nM,CHEMBL747774,B,Evaluated for its binding affinity at human muscarinic receptor m2 by displacement of [3H]NMS binding using membranes from transfected chinese hamster ovarian cell,CHEMBL1131391,P08172,Muscarinic acetylcholine receptor M2,IC50,CCOC(=O)c1c[nH]c2ccc3c(c12)CN1CCc2cc(OC)c(OC)cc2C1O3,5.1133006379917
CHEMBL60142,CHEMBL211,Muscarinic acetylcholine receptor M2,IC50,=,4563.5,nM,CHEMBL747774,B,Evaluated for its binding affinity at human muscarinic receptor m2 by displacement of [3H]NMS binding using membranes from transfected chinese hamster ovarian cell,CHEMBL1131391,P08172,Muscarinic acetylcholine receptor M2,IC50,CCOC(=O)c1c[nH]c2ccc3c(c12)CN1CCc2cc(OC)ccc2C1O3,5.340701945133838
CHEMBL277642,CHEMBL211,Muscarinic acetylcholine receptor M2,IC50,=,17.5,nM,CHEMBL747774,B,Evaluated for its binding affinity at human muscarinic receptor m2 by displacement of [3H]NMS binding using membranes from transfected chinese hamster ovarian cell,CHEMBL1131391,P08172,Muscarinic acetylcholine receptor M2,IC50,C[C@@H]1OC(=O)[C@H]2C[C@H]3CCCC[C@@H]3[C@@H](/C=C/[C@H]3CCC[C@H](C)N3C)[C@@H]12,7.756961951313706
CHEMBL1092,CHEMBL211,Muscarinic acetylcholine receptor M2,IC50,=,18.6,nM,CHEMBL747774,B,Evaluated for its binding affinity at human muscarinic receptor m2 by displacement of [3H]NMS binding using membranes from transfected chinese hamster ovarian cell,CHEMBL1131391,P08172,Muscarinic acetylcholine receptor M2,IC50,Cl.OC(CCN1CCCCC1)(c1ccccc1)C1CCCCC1,7.730487055782084
CHEMBL62247,CHEMBL211,Muscarinic acetylcholine receptor M2,IC50,=,2565.0,nM,CHEMBL747774,B,Evaluated for its binding affinity at human muscarinic receptor m2 by displacement of [3H]NMS binding using membranes from transfected chinese hamster ovarian cell,CHEMBL1131391,P08172,Muscarinic acetylcholine receptor M2,IC50,CCOC(=O)c1c(C)[nH]c2ccc3c(c12)CN1CCc2cc(OCC)ccc2C1O3,5.590912630552165
CHEMBL294726,CHEMBL211,Muscarinic acetylcholine receptor M2,IC50,=,1151.5,nM,CHEMBL747774,B,Evaluated for its binding affinity at human muscarinic receptor m2 by displacement of [3H]NMS binding using membranes from transfected chinese hamster ovarian cell,CHEMBL1131391,P08172,Muscarinic acetylcholine receptor M2,IC50,COc1ccc2c(c1)CCN1Cc3c(ccc4[nH]c(C)cc34)OC21,5.938736057699749
CHEMBL62251,CHEMBL211,Muscarinic acetylcholine receptor M2,IC50,=,2643.0,nM,CHEMBL747774,B,Evaluated for its binding affinity at human muscarinic receptor m2 by displacement of [3H]NMS binding using membranes from transfected chinese hamster ovarian cell,CHEMBL1131391,P08172,Muscarinic acetylcholine receptor M2,IC50,COc1ccc2c(c1)CCN1Cc3c(ccc4[nH]c(C)c(C(=O)OC(C)C)c34)OC21,5.57790283686829
CHEMBL61700,CHEMBL211,Muscarinic acetylcholine receptor M2,IC50,=,1646.0,nM,CHEMBL747774,B,Evaluated for its binding affinity at human muscarinic receptor m2 by displacement of [3H]NMS binding using membranes from transfected chinese hamster ovarian cell,CHEMBL1131391,P08172,Muscarinic acetylcholine receptor M2,IC50,CCOC(=O)c1c(C)[nH]c2ccc3c(c12)CN1CCc2cc(Oc4ccccc4)ccc2C1O3,5.783570169123749
CHEMBL61412,CHEMBL211,Muscarinic acetylcholine receptor M2,IC50,=,1905.1,nM,CHEMBL747774,B,Evaluated for its binding affinity at human muscarinic receptor m2 by displacement of [3H]NMS binding using membranes from transfected chinese hamster ovarian cell,CHEMBL1131391,P08172,Muscarinic acetylcholine receptor M2,IC50,CCCOC(=O)c1c(C)[nH]c2ccc3c(c12)CN1CCc2cc(OC)ccc2C1O3,5.720082222976105
CHEMBL14,CHEMBL211,Muscarinic acetylcholine receptor M2,IC50,=,3.8,nM,CHEMBL745635,B,Compound was evaluated for its binding affinity at human muscarinic receptor m2 by displacement of [3H]NMS radioligand using membranes from transfected chinese hamster ovarian cell,CHEMBL1131391,P08172,Muscarinic acetylcholine receptor M2,IC50,C[N+](C)(C)CCOC(N)=O.[Cl-],8.42021640338319
CHEMBL300987,CHEMBL211,Muscarinic acetylcholine receptor M2,IC50,=,3002.9,nM,CHEMBL747774,B,Evaluated for its binding affinity at human muscarinic receptor m2 by displacement of [3H]NMS binding using membranes from transfected chinese hamster ovarian cell,CHEMBL1131391,P08172,Muscarinic acetylcholine receptor M2,IC50,CCOC(=O)c1c(C)[nH]c2ccc3c(c12)CN1CCc2ccc(OC)cc2C1O3,5.5224591300625265
CHEMBL58228,CHEMBL211,Muscarinic acetylcholine receptor M2,IC50,=,9341.4,nM,CHEMBL747774,B,Evaluated for its binding affinity at human muscarinic receptor m2 by displacement of [3H]NMS binding using membranes from transfected chinese hamster ovarian cell,CHEMBL1131391,P08172,Muscarinic acetylcholine receptor M2,IC50,CCOC(=O)c1c(C)[nH]c2ccc3c(c12)CN1CCc2cc(OC)c(OC)cc2C1O3,5.029588030974313
CHEMBL301041,CHEMBL211,Muscarinic acetylcholine receptor M2,IC50,=,2680.7,nM,CHEMBL747774,B,Evaluated for its binding affinity at human muscarinic receptor m2 by displacement of [3H]NMS binding using membranes from transfected chinese hamster ovarian cell,CHEMBL1131391,P08172,Muscarinic acetylcholine receptor M2,IC50,CCOC(=O)c1c(C)[nH]c2ccc3c(c12)CN1CCc2ccccc2C1O3,5.571751785657051
CHEMBL59898,CHEMBL211,Muscarinic acetylcholine receptor M2,IC50,=,3440.7,nM,CHEMBL747774,B,Evaluated for its binding affinity at human muscarinic receptor m2 by displacement of [3H]NMS binding using membranes from transfected chinese hamster ovarian cell,CHEMBL1131391,P08172,Muscarinic acetylcholine receptor M2,IC50,CCOC(=O)c1c(C)[nH]c2ccc3c(c12)CN1CCc2cc(OC)ccc2C1O3,5.463353192541647
CHEMBL61774,CHEMBL211,Muscarinic acetylcholine receptor M2,IC50,=,4662.4,nM,CHEMBL747774,B,Evaluated for its binding affinity at human muscarinic receptor m2 by displacement of [3H]NMS binding using membranes from transfected chinese hamster ovarian cell,CHEMBL1131391,P08172,Muscarinic acetylcholine receptor M2,IC50,COC(=O)c1c(C)[nH]c2ccc3c(c12)CN1CCc2ccccc2C1O3,5.3313904699101045
CHEMBL59939,CHEMBL211,Muscarinic acetylcholine receptor M2,IC50,=,13138.0,nM,CHEMBL747774,B,Evaluated for its binding affinity at human muscarinic receptor m2 by displacement of [3H]NMS binding using membranes from transfected chinese hamster ovarian cell,CHEMBL1131391,P08172,Muscarinic acetylcholine receptor M2,IC50,COC(=O)c1c(C)[nH]c2ccc3c(c12)CN1CCc2cc(OC)ccc2C1O3,4.88147074246826
CHEMBL335542,CHEMBL211,Muscarinic acetylcholine receptor M2,IC50,=,0.631,nM,CHEMBL857186,B,Inhibitory activity was evaluated against Muscarinic acetylcholine receptor M2 expressed in A9 L cells,CHEMBL1145111,P08172,Muscarinic acetylcholine receptor M2,IC50,CN1CCC=C(c2nsnc2OCCOCCOCCOCCOc2nsnc2C2=CCCN(C)C2)C1,9.199970640755865
CHEMBL21536,CHEMBL211,Muscarinic acetylcholine receptor M2,IC50,=,12.59,nM,CHEMBL857186,B,Inhibitory activity was evaluated against Muscarinic acetylcholine receptor M2 expressed in A9 L cells,CHEMBL1145111,P08172,Muscarinic acetylcholine receptor M2,IC50,CCCCCCOc1nsnc1C1=CCCN(C)C1,7.899974269892137
CHEMBL14,CHEMBL211,Muscarinic acetylcholine receptor M2,IC50,=,12.59,nM,CHEMBL857186,B,Inhibitory activity was evaluated against Muscarinic acetylcholine receptor M2 expressed in A9 L cells,CHEMBL1145111,P08172,Muscarinic acetylcholine receptor M2,IC50,C[N+](C)(C)CCOC(N)=O.[Cl-],7.899974269892137
CHEMBL553058,CHEMBL211,Muscarinic acetylcholine receptor M2,IC50,=,0.5012,nM,CHEMBL857186,B,Inhibitory activity was evaluated against Muscarinic acetylcholine receptor M2 expressed in A9 L cells,CHEMBL1145111,P08172,Muscarinic acetylcholine receptor M2,IC50,COc1nsnc1OCCOCCOCCOCCOc1nsnc1C1=CCCN(C)C1.Cl,9.299988937677888
CHEMBL338611,CHEMBL211,Muscarinic acetylcholine receptor M2,IC50,=,7300.0,nM,CHEMBL749945,B,Compound is evaluated for in vitro receptor binding affinity against Muscarinic acetylcholine receptor M2,CHEMBL1128457,P08172,Muscarinic acetylcholine receptor M2,IC50,Cn1c(=O)c2c(ncn2CCCN2CCC(C(c3ccccc3)c3ccccc3)CC2)n(C)c1=O.O=C(O)/C=C/C(=O)O,5.136677139879544
CHEMBL137384,CHEMBL211,Muscarinic acetylcholine receptor M2,IC50,=,610.0,nM,CHEMBL748246,B,"In vitro affinity is evaluated, using quinuclidynyl benzylate (QNB) as radioligand in human cloned Muscarinic acetylcholine receptor M2",CHEMBL1130270,P08172,Muscarinic acetylcholine receptor M2,IC50,CO/N=C(\C#N)[C@H]1CN2CC[C@H]1C2,6.214670164989233
CHEMBL14,CHEMBL211,Muscarinic acetylcholine receptor M2,IC50,=,1400.0,nM,CHEMBL748246,B,"In vitro affinity is evaluated, using quinuclidynyl benzylate (QNB) as radioligand in human cloned Muscarinic acetylcholine receptor M2",CHEMBL1130270,P08172,Muscarinic acetylcholine receptor M2,IC50,C[N+](C)(C)CCOC(N)=O.[Cl-],5.853871964321762
CHEMBL134641,CHEMBL211,Muscarinic acetylcholine receptor M2,IC50,=,180.0,nM,CHEMBL748246,B,"In vitro affinity is evaluated, using quinuclidynyl benzylate (QNB) as radioligand in human cloned Muscarinic acetylcholine receptor M2",CHEMBL1130270,P08172,Muscarinic acetylcholine receptor M2,IC50,CO/N=C(\C#N)[C@H]1CN2CCC1CC2,6.7447274948966935
CHEMBL341447,CHEMBL211,Muscarinic acetylcholine receptor M2,IC50,=,18000.0,nM,CHEMBL748246,B,"In vitro affinity is evaluated, using quinuclidynyl benzylate (QNB) as radioligand in human cloned Muscarinic acetylcholine receptor M2",CHEMBL1130270,P08172,Muscarinic acetylcholine receptor M2,IC50,C[N+](C)(C)CC#CCOC(=O)c1cccc(Cl)c1,4.7447274948966935
CHEMBL344892,CHEMBL211,Muscarinic acetylcholine receptor M2,IC50,=,240.0,nM,CHEMBL748246,B,"In vitro affinity is evaluated, using quinuclidynyl benzylate (QNB) as radioligand in human cloned Muscarinic acetylcholine receptor M2",CHEMBL1130270,P08172,Muscarinic acetylcholine receptor M2,IC50,CO/N=C(\C#N)C12CCN(CC1)C2,6.619788758288394
CHEMBL7303,CHEMBL211,Muscarinic acetylcholine receptor M2,IC50,=,1800.0,nM,CHEMBL748246,B,"In vitro affinity is evaluated, using quinuclidynyl benzylate (QNB) as radioligand in human cloned Muscarinic acetylcholine receptor M2",CHEMBL1130270,P08172,Muscarinic acetylcholine receptor M2,IC50,COC(=O)C1=CCCN(C)C1,5.7447274948966935
CHEMBL132698,CHEMBL211,Muscarinic acetylcholine receptor M2,IC50,=,220.0,nM,CHEMBL748246,B,"In vitro affinity is evaluated, using quinuclidynyl benzylate (QNB) as radioligand in human cloned Muscarinic acetylcholine receptor M2",CHEMBL1130270,P08172,Muscarinic acetylcholine receptor M2,IC50,CO/N=C/[C@H]1CN2CC[C@H]1C2,6.657577319177793
CHEMBL135328,CHEMBL211,Muscarinic acetylcholine receptor M2,IC50,=,700.0,nM,CHEMBL748246,B,"In vitro affinity is evaluated, using quinuclidynyl benzylate (QNB) as radioligand in human cloned Muscarinic acetylcholine receptor M2",CHEMBL1130270,P08172,Muscarinic acetylcholine receptor M2,IC50,CO/N=C(\C#N)[C@@H]1CN2CC[C@H]1C2,6.154901959985743
CHEMBL135645,CHEMBL211,Muscarinic acetylcholine receptor M2,IC50,=,31.0,nM,CHEMBL748245,B,"In vitro affinity is evaluated, using quinuclidinyl benzilate (QNB) as radioligand in human cloned Muscarinic acetylcholine receptor M2",CHEMBL1130270,P08172,Muscarinic acetylcholine receptor M2,IC50,CO/N=C(\C#N)C12CCCN(CC1)C2,7.508638306165727
CHEMBL114379,CHEMBL211,Muscarinic acetylcholine receptor M2,IC50,=,518.0,nM,CHEMBL749005,B,Binding affinity against muscarinic acetylcholine receptor M2,CHEMBL1134625,P08172,Muscarinic acetylcholine receptor M2,IC50,Oc1nc2ccccc2n1C1CCN(Cc2cc3c(cc2Cl)OCO3)CC1,6.285670240254767
CHEMBL115280,CHEMBL211,Muscarinic acetylcholine receptor M2,IC50,=,4540.0,nM,CHEMBL749005,B,Binding affinity against muscarinic acetylcholine receptor M2,CHEMBL1134625,P08172,Muscarinic acetylcholine receptor M2,IC50,O=C1NCN(c2ccccc2)C12CCN(Cc1cccc(Oc3ccccc3)c1)CC2,5.342944147142896
CHEMBL114484,CHEMBL211,Muscarinic acetylcholine receptor M2,IC50,=,1570.0,nM,CHEMBL749005,B,Binding affinity against muscarinic acetylcholine receptor M2,CHEMBL1134625,P08172,Muscarinic acetylcholine receptor M2,IC50,Cc1ccc(CN2CCC(n3c(O)nc4ccccc43)CC2)c(Cl)c1,5.804100347590767
CHEMBL15675,CHEMBL211,Muscarinic acetylcholine receptor M2,IC50,=,2200.0,nM,CHEMBL749205,B,Compound was evaluated for its ability to displace [3H]- N-methyl-scopolamine ([3H]NMS) binding to cloned CHO cell lines expressing Muscarinic acetylcholine receptor M2,CHEMBL1131636,P08172,Muscarinic acetylcholine receptor M2,IC50,CN1CCC2=C(C1)c1nsnc1SC2,5.657577319177793
CHEMBL15936,CHEMBL211,Muscarinic acetylcholine receptor M2,IC50,=,6700.0,nM,CHEMBL749205,B,Compound was evaluated for its ability to displace [3H]- N-methyl-scopolamine ([3H]NMS) binding to cloned CHO cell lines expressing Muscarinic acetylcholine receptor M2,CHEMBL1131636,P08172,Muscarinic acetylcholine receptor M2,IC50,c1cc2nsnc2c2c1CCNC2,5.173925197299173
CHEMBL15944,CHEMBL211,Muscarinic acetylcholine receptor M2,IC50,=,480.0,nM,CHEMBL749205,B,Compound was evaluated for its ability to displace [3H]- N-methyl-scopolamine ([3H]NMS) binding to cloned CHO cell lines expressing Muscarinic acetylcholine receptor M2,CHEMBL1131636,P08172,Muscarinic acetylcholine receptor M2,IC50,CSc1nsnc1C1=CCCN(C)C1,6.318758762624412
CHEMBL7634,CHEMBL211,Muscarinic acetylcholine receptor M2,IC50,=,400.0,nM,CHEMBL749205,B,Compound was evaluated for its ability to displace [3H]- N-methyl-scopolamine ([3H]NMS) binding to cloned CHO cell lines expressing Muscarinic acetylcholine receptor M2,CHEMBL1131636,P08172,Muscarinic acetylcholine receptor M2,IC50,O=C1CCCN1CC#CCN1CCCC1,6.3979400086720375
CHEMBL279105,CHEMBL211,Muscarinic acetylcholine receptor M2,IC50,=,100000.0,nM,CHEMBL749205,B,Compound was evaluated for its ability to displace [3H]- N-methyl-scopolamine ([3H]NMS) binding to cloned CHO cell lines expressing Muscarinic acetylcholine receptor M2,CHEMBL1131636,P08172,Muscarinic acetylcholine receptor M2,IC50,CSc1nsnc1C1=C(C)CCN(C)C1,4.0
CHEMBL7303,CHEMBL211,Muscarinic acetylcholine receptor M2,IC50,=,4500.0,nM,CHEMBL749205,B,Compound was evaluated for its ability to displace [3H]- N-methyl-scopolamine ([3H]NMS) binding to cloned CHO cell lines expressing Muscarinic acetylcholine receptor M2,CHEMBL1131636,P08172,Muscarinic acetylcholine receptor M2,IC50,COC(=O)C1=CCCN(C)C1,5.346787486224656
CHEMBL120472,CHEMBL211,Muscarinic acetylcholine receptor M2,IC50,=,238.2,nM,CHEMBL748244,B,Displacement of [3H]NMS binding to human Muscarinic acetylcholine receptor M2 using membranes from transfected CHO cells,CHEMBL1132561,P08172,Muscarinic acetylcholine receptor M2,IC50,CCN1CCC(c2ccccc2)=C(C(=O)OCCC2CCCCC2)C1.O=C(O)C(=O)O,6.623058242853242
CHEMBL118241,CHEMBL211,Muscarinic acetylcholine receptor M2,IC50,=,773.5,nM,CHEMBL748244,B,Displacement of [3H]NMS binding to human Muscarinic acetylcholine receptor M2 using membranes from transfected CHO cells,CHEMBL1132561,P08172,Muscarinic acetylcholine receptor M2,IC50,CCCCCCCCOC(=O)C1CN(CC)CC=C1c1ccccc1.O=C(O)C(=O)O,6.111539681964613
CHEMBL124173,CHEMBL211,Muscarinic acetylcholine receptor M2,IC50,=,956.4,nM,CHEMBL748244,B,Displacement of [3H]NMS binding to human Muscarinic acetylcholine receptor M2 using membranes from transfected CHO cells,CHEMBL1132561,P08172,Muscarinic acetylcholine receptor M2,IC50,CCN1CC=C(c2ccccc2)C(C(=O)OCCc2ccc(C)cc2)C1.O=C(O)C(=O)O,6.019360432556263
CHEMBL334093,CHEMBL211,Muscarinic acetylcholine receptor M2,IC50,=,661.1,nM,CHEMBL748244,B,Displacement of [3H]NMS binding to human Muscarinic acetylcholine receptor M2 using membranes from transfected CHO cells,CHEMBL1132561,P08172,Muscarinic acetylcholine receptor M2,IC50,CCN1CC=C(c2ccccc2)C(C(=O)OCCCCCc2ccccc2)C1.O=C(O)C(=O)O,6.1797328428390355
CHEMBL332980,CHEMBL211,Muscarinic acetylcholine receptor M2,IC50,=,255.2,nM,CHEMBL748244,B,Displacement of [3H]NMS binding to human Muscarinic acetylcholine receptor M2 using membranes from transfected CHO cells,CHEMBL1132561,P08172,Muscarinic acetylcholine receptor M2,IC50,CCN1CCC(c2ccccc2)=C(C(=O)OC2CCCCC2)C1.O=C(O)C(=O)O,6.593119329950875
CHEMBL87622,CHEMBL211,Muscarinic acetylcholine receptor M2,IC50,=,6010.0,nM,CHEMBL749006,B,Binding affinity of [3H]QNB to CHO cells expressing human Muscarinic acetylcholine receptor M2,CHEMBL1131286,P08172,Muscarinic acetylcholine receptor M2,IC50,C#C/C(C)=C/CO/N=C1\CN2CCC1C2,5.221125527997261
CHEMBL1160977,CHEMBL211,Muscarinic acetylcholine receptor M2,IC50,=,1304.6,nM,CHEMBL748244,B,Displacement of [3H]NMS binding to human Muscarinic acetylcholine receptor M2 using membranes from transfected CHO cells,CHEMBL1132561,P08172,Muscarinic acetylcholine receptor M2,IC50,CCCCCCOC(=O)C1CN(CC)CC=C1c1ccccc1.O=C(O)C(O)C(O)C(=O)O,5.884522625813531
CHEMBL543890,CHEMBL211,Muscarinic acetylcholine receptor M2,IC50,=,1035.2,nM,CHEMBL748244,B,Displacement of [3H]NMS binding to human Muscarinic acetylcholine receptor M2 using membranes from transfected CHO cells,CHEMBL1132561,P08172,Muscarinic acetylcholine receptor M2,IC50,CCN1CCC(c2ccccc2)=C(C(=O)OCCCc2ccccc2)C1.Cl,5.984975736675375
CHEMBL120109,CHEMBL211,Muscarinic acetylcholine receptor M2,IC50,=,1727.9,nM,CHEMBL748244,B,Displacement of [3H]NMS binding to human Muscarinic acetylcholine receptor M2 using membranes from transfected CHO cells,CHEMBL1132561,P08172,Muscarinic acetylcholine receptor M2,IC50,CCN1CCC(c2ccccc2)=C(C(=O)OC)C1.O=C(O)C(=O)O,5.762481395366892
CHEMBL332181,CHEMBL211,Muscarinic acetylcholine receptor M2,IC50,=,470.7,nM,CHEMBL748244,B,Displacement of [3H]NMS binding to human Muscarinic acetylcholine receptor M2 using membranes from transfected CHO cells,CHEMBL1132561,P08172,Muscarinic acetylcholine receptor M2,IC50,CCCCOC(=O)C1CN(CC)CC=C1c1ccccc1.O=C(O)C(=O)O,6.327255801693401
CHEMBL120581,CHEMBL211,Muscarinic acetylcholine receptor M2,IC50,=,427.5,nM,CHEMBL748244,B,Displacement of [3H]NMS binding to human Muscarinic acetylcholine receptor M2 using membranes from transfected CHO cells,CHEMBL1132561,P08172,Muscarinic acetylcholine receptor M2,IC50,CCN1CCC(c2ccccc2)=C(C(=O)OCC(C)C)C1.O=C(O)C(=O)O,6.369063880935808
CHEMBL431688,CHEMBL211,Muscarinic acetylcholine receptor M2,IC50,=,1222.1,nM,CHEMBL748244,B,Displacement of [3H]NMS binding to human Muscarinic acetylcholine receptor M2 using membranes from transfected CHO cells,CHEMBL1132561,P08172,Muscarinic acetylcholine receptor M2,IC50,CCCCCc1noc(C2=C(c3ccccc3)CCN(CC)C2)n1.O=C(O)C(=O)O,5.912893255900908
CHEMBL340561,CHEMBL211,Muscarinic acetylcholine receptor M2,IC50,=,600.7,nM,CHEMBL748244,B,Displacement of [3H]NMS binding to human Muscarinic acetylcholine receptor M2 using membranes from transfected CHO cells,CHEMBL1132561,P08172,Muscarinic acetylcholine receptor M2,IC50,CCCCCOC(=O)C1=C(c2ccccc2)CCN(CC)C1.O=C(O)C(=O)O,6.221342368052644
CHEMBL82378,CHEMBL211,Muscarinic acetylcholine receptor M2,IC50,=,519.0,nM,CHEMBL749007,B,Binding affinity of compound labeled by [3H]QNB in CHO cells selectively expressing human Muscarinic acetylcholine receptor M2,CHEMBL1131286,P08172,Muscarinic acetylcholine receptor M2,IC50,CC(C)=CCO/N=C1\CN2CCC1C2,6.284832642151542
CHEMBL314420,CHEMBL211,Muscarinic acetylcholine receptor M2,IC50,=,27200.0,nM,CHEMBL749006,B,Binding affinity of [3H]QNB to CHO cells expressing human Muscarinic acetylcholine receptor M2,CHEMBL1131286,P08172,Muscarinic acetylcholine receptor M2,IC50,Fc1ccc(C#CCO/N=C2\CN3CCC2C3)cc1,4.565431095965801
CHEMBL9967,CHEMBL211,Muscarinic acetylcholine receptor M2,IC50,=,968.2,nM,CHEMBL748244,B,Displacement of [3H]NMS binding to human Muscarinic acetylcholine receptor M2 using membranes from transfected CHO cells,CHEMBL1132561,P08172,Muscarinic acetylcholine receptor M2,IC50,CN1CCN(CC(=O)N2c3ccccc3C(=O)Nc3cccnc32)CC1,6.01403492169513
CHEMBL87485,CHEMBL211,Muscarinic acetylcholine receptor M2,IC50,=,10800.0,nM,CHEMBL749006,B,Binding affinity of [3H]QNB to CHO cells expressing human Muscarinic acetylcholine receptor M2,CHEMBL1131286,P08172,Muscarinic acetylcholine receptor M2,IC50,C=CCO/N=C1\CN2CCC1C2,4.966576244513051
CHEMBL86288,CHEMBL211,Muscarinic acetylcholine receptor M2,IC50,=,38600.0,nM,CHEMBL749006,B,Binding affinity of [3H]QNB to CHO cells expressing human Muscarinic acetylcholine receptor M2,CHEMBL1131286,P08172,Muscarinic acetylcholine receptor M2,IC50,Cc1ccc(C#CCO/N=C2\CN3CCC2C3)cc1,4.413412695328245
CHEMBL120539,CHEMBL211,Muscarinic acetylcholine receptor M2,IC50,=,2763.7,nM,CHEMBL748244,B,Displacement of [3H]NMS binding to human Muscarinic acetylcholine receptor M2 using membranes from transfected CHO cells,CHEMBL1132561,P08172,Muscarinic acetylcholine receptor M2,IC50,CCOC(=O)C1CN(CC)CC=C1c1ccccc1.O=C(O)C(=O)O,5.558509101462718
CHEMBL543177,CHEMBL211,Muscarinic acetylcholine receptor M2,IC50,=,450.6,nM,CHEMBL748244,B,Displacement of [3H]NMS binding to human Muscarinic acetylcholine receptor M2 using membranes from transfected CHO cells,CHEMBL1132561,P08172,Muscarinic acetylcholine receptor M2,IC50,CCN1CCC(c2ccccc2)=C(C(=O)OCc2ccccc2)C1.Cl,6.346208812612188
CHEMBL330892,CHEMBL211,Muscarinic acetylcholine receptor M2,IC50,=,1480.7,nM,CHEMBL748244,B,Displacement of [3H]NMS binding to human Muscarinic acetylcholine receptor M2 using membranes from transfected CHO cells,CHEMBL1132561,P08172,Muscarinic acetylcholine receptor M2,IC50,CCN1CC=C(c2ccccc2)C(C(=O)OCCc2ccccc2)C1.O=C(O)C(=O)O,5.829532923614063
CHEMBL120135,CHEMBL211,Muscarinic acetylcholine receptor M2,IC50,=,1611.2,nM,CHEMBL748244,B,Displacement of [3H]NMS binding to human Muscarinic acetylcholine receptor M2 using membranes from transfected CHO cells,CHEMBL1132561,P08172,Muscarinic acetylcholine receptor M2,IC50,CCN1CC[C@@H](c2ccccc2)[C@@H](C(=O)OC2CCCCC2)C1,5.792850546790458
CHEMBL121552,CHEMBL211,Muscarinic acetylcholine receptor M2,IC50,=,1248.2,nM,CHEMBL748244,B,Displacement of [3H]NMS binding to human Muscarinic acetylcholine receptor M2 using membranes from transfected CHO cells,CHEMBL1132561,P08172,Muscarinic acetylcholine receptor M2,IC50,CCN1CC=C(c2ccccc2)C(C(=O)OCC(C)C)C1.O=C(O)C(=O)O,5.903715821755136
CHEMBL262198,CHEMBL211,Muscarinic acetylcholine receptor M2,IC50,=,243.6,nM,CHEMBL748244,B,Displacement of [3H]NMS binding to human Muscarinic acetylcholine receptor M2 using membranes from transfected CHO cells,CHEMBL1132561,P08172,Muscarinic acetylcholine receptor M2,IC50,CCN1CCC(c2ccccc2)=C(C(=O)OCCc2ccccc2)C1.O=C(O)C(=O)O,6.613322716039162
CHEMBL1160977,CHEMBL211,Muscarinic acetylcholine receptor M2,IC50,=,1637.8,nM,CHEMBL748244,B,Displacement of [3H]NMS binding to human Muscarinic acetylcholine receptor M2 using membranes from transfected CHO cells,CHEMBL1132561,P08172,Muscarinic acetylcholine receptor M2,IC50,CCCCCCOC(=O)C1CN(CC)CC=C1c1ccccc1.O=C(O)C(O)C(O)C(=O)O,5.785739133222458
CHEMBL14,CHEMBL211,Muscarinic acetylcholine receptor M2,IC50,=,119000.0,nM,CHEMBL749006,B,Binding affinity of [3H]QNB to CHO cells expressing human Muscarinic acetylcholine receptor M2,CHEMBL1131286,P08172,Muscarinic acetylcholine receptor M2,IC50,C[N+](C)(C)CCOC(N)=O.[Cl-],3.924453038607469
CHEMBL121385,CHEMBL211,Muscarinic acetylcholine receptor M2,IC50,=,468.0,nM,CHEMBL748244,B,Displacement of [3H]NMS binding to human Muscarinic acetylcholine receptor M2 using membranes from transfected CHO cells,CHEMBL1132561,P08172,Muscarinic acetylcholine receptor M2,IC50,CCN1CCC(c2ccccc2)=C(C(=O)OCCCC2CCCCC2)C1.O=C(O)C(=O)O,6.329754146925875
CHEMBL121059,CHEMBL211,Muscarinic acetylcholine receptor M2,IC50,=,22.2,nM,CHEMBL748244,B,Displacement of [3H]NMS binding to human Muscarinic acetylcholine receptor M2 using membranes from transfected CHO cells,CHEMBL1132561,P08172,Muscarinic acetylcholine receptor M2,IC50,CCCCCCCCCOC(=O)C1=C(c2ccccc2)CCN(CC)C1,7.653647025549361
CHEMBL333125,CHEMBL211,Muscarinic acetylcholine receptor M2,IC50,=,2162.1,nM,CHEMBL748244,B,Displacement of [3H]NMS binding to human Muscarinic acetylcholine receptor M2 using membranes from transfected CHO cells,CHEMBL1132561,P08172,Muscarinic acetylcholine receptor M2,IC50,CCN1CCC(c2ccccc2)=C(C(=O)OCCCCc2ccccc2)C1.O=C(O)C(=O)O,5.665124223220895
CHEMBL332645,CHEMBL211,Muscarinic acetylcholine receptor M2,IC50,=,14598.2,nM,CHEMBL748244,B,Displacement of [3H]NMS binding to human Muscarinic acetylcholine receptor M2 using membranes from transfected CHO cells,CHEMBL1132561,P08172,Muscarinic acetylcholine receptor M2,IC50,CCN1CC=C(c2ccccc2)C(C(=O)Oc2ccccc2)C1.O=C(O)C(=O)O,4.835700690671743
CHEMBL262303,CHEMBL211,Muscarinic acetylcholine receptor M2,IC50,=,4100.3,nM,CHEMBL748244,B,Displacement of [3H]NMS binding to human Muscarinic acetylcholine receptor M2 using membranes from transfected CHO cells,CHEMBL1132561,P08172,Muscarinic acetylcholine receptor M2,IC50,CCN1CC[C@@H](c2ccccc2)[C@H](C(=O)OC2CCCCC2)C1.O=C(O)C(=O)O,5.387184366797787
CHEMBL14,CHEMBL211,Muscarinic acetylcholine receptor M2,IC50,=,130.0,nM,CHEMBL748247,B,Inhibitory activity against [3H]quinuclidinyl Benzilate binding to Muscarinic acetylcholine receptor M2 in the absence of GTP,CHEMBL1131242,P08172,Muscarinic acetylcholine receptor M2,IC50,C[N+](C)(C)CCOC(N)=O.[Cl-],6.886056647693163
CHEMBL14,CHEMBL211,Muscarinic acetylcholine receptor M2,IC50,=,3100.0,nM,CHEMBL748248,B,Inhibitory activity against [3H]quinuclidinyl Benzilate binding to Muscarinic acetylcholine receptor M2 in the presence of GTP,CHEMBL1131242,P08172,Muscarinic acetylcholine receptor M2,IC50,C[N+](C)(C)CCOC(N)=O.[Cl-],5.508638306165727
CHEMBL315676,CHEMBL211,Muscarinic acetylcholine receptor M2,IC50,=,6030.0,nM,CHEMBL749006,B,Binding affinity of [3H]QNB to CHO cells expressing human Muscarinic acetylcholine receptor M2,CHEMBL1131286,P08172,Muscarinic acetylcholine receptor M2,IC50,C#CCO/N=C1\CN2CCC1C2,5.219682687859849
CHEMBL85460,CHEMBL211,Muscarinic acetylcholine receptor M2,IC50,=,47900.0,nM,CHEMBL749006,B,Binding affinity of [3H]QNB to CHO cells expressing human Muscarinic acetylcholine receptor M2,CHEMBL1131286,P08172,Muscarinic acetylcholine receptor M2,IC50,Fc1cccc(C#CCO/N=C2\CN3CCC2C3)c1,4.319664486585436
CHEMBL338280,CHEMBL211,Muscarinic acetylcholine receptor M2,IC50,=,954.3,nM,CHEMBL748244,B,Displacement of [3H]NMS binding to human Muscarinic acetylcholine receptor M2 using membranes from transfected CHO cells,CHEMBL1132561,P08172,Muscarinic acetylcholine receptor M2,IC50,CCN1CCC(c2ccccc2)=C(C(=O)Oc2ccccc2)C1.O=C(O)C(=O)O,6.020315076172974
CHEMBL312823,CHEMBL211,Muscarinic acetylcholine receptor M2,IC50,=,519.0,nM,CHEMBL749006,B,Binding affinity of [3H]QNB to CHO cells expressing human Muscarinic acetylcholine receptor M2,CHEMBL1131286,P08172,Muscarinic acetylcholine receptor M2,IC50,C#C/C=C/CO/N=C1\CN2CCC1C2,6.284832642151542
CHEMBL121476,CHEMBL211,Muscarinic acetylcholine receptor M2,IC50,=,748.5,nM,CHEMBL748244,B,Displacement of [3H]NMS binding to human Muscarinic acetylcholine receptor M2 using membranes from transfected CHO cells,CHEMBL1132561,P08172,Muscarinic acetylcholine receptor M2,IC50,CCCCCCCOC(=O)C1CN(CC)CC=C1c1ccccc1.O=C(O)C(=O)O,6.1258081953209285
CHEMBL120080,CHEMBL211,Muscarinic acetylcholine receptor M2,IC50,=,52.5,nM,CHEMBL748244,B,Displacement of [3H]NMS binding to human Muscarinic acetylcholine receptor M2 using membranes from transfected CHO cells,CHEMBL1132561,P08172,Muscarinic acetylcholine receptor M2,IC50,CCCCCCCCOC(=O)C1=C(c2ccccc2)CCN(CC)C1.O=C(O)C(=O)O,7.279840696594043
CHEMBL118553,CHEMBL211,Muscarinic acetylcholine receptor M2,IC50,=,10943.7,nM,CHEMBL748244,B,Displacement of [3H]NMS binding to human Muscarinic acetylcholine receptor M2 using membranes from transfected CHO cells,CHEMBL1132561,P08172,Muscarinic acetylcholine receptor M2,IC50,CCN1CC=C(c2ccccc2)C(C(=O)OCCCC2CCCCC2)C1.O=C(O)C(=O)O,4.960835820789379
CHEMBL333940,CHEMBL211,Muscarinic acetylcholine receptor M2,IC50,=,1174.8,nM,CHEMBL748244,B,Displacement of [3H]NMS binding to human Muscarinic acetylcholine receptor M2 using membranes from transfected CHO cells,CHEMBL1132561,P08172,Muscarinic acetylcholine receptor M2,IC50,CCCCCCCCCCOC(=O)C1CN(CC)CC=C1c1ccccc1,5.930036062149237
CHEMBL121298,CHEMBL211,Muscarinic acetylcholine receptor M2,IC50,=,3323.1,nM,CHEMBL748244,B,Displacement of [3H]NMS binding to human Muscarinic acetylcholine receptor M2 using membranes from transfected CHO cells,CHEMBL1132561,P08172,Muscarinic acetylcholine receptor M2,IC50,CCN1CC=C(c2ccccc2)C(C(=O)OCCCCc2ccccc2)C1.O=C(O)C(=O)O,5.478456589568495
CHEMBL121520,CHEMBL211,Muscarinic acetylcholine receptor M2,IC50,=,564.9,nM,CHEMBL748244,B,Displacement of [3H]NMS binding to human Muscarinic acetylcholine receptor M2 using membranes from transfected CHO cells,CHEMBL1132561,P08172,Muscarinic acetylcholine receptor M2,IC50,CCN1CCC(c2ccccc2)=C(C(=O)OCC2CCCCC2)C1.O=C(O)C(=O)O,6.248028425263673
CHEMBL84919,CHEMBL211,Muscarinic acetylcholine receptor M2,IC50,=,84400.0,nM,CHEMBL749006,B,Binding affinity of [3H]QNB to CHO cells expressing human Muscarinic acetylcholine receptor M2,CHEMBL1131286,P08172,Muscarinic acetylcholine receptor M2,IC50,COc1ccc(C#CCO/N=C2\CN3CCC2C3)cc1,4.073657553374345
CHEMBL86197,CHEMBL211,Muscarinic acetylcholine receptor M2,IC50,=,46600.0,nM,CHEMBL749006,B,Binding affinity of [3H]QNB to CHO cells expressing human Muscarinic acetylcholine receptor M2,CHEMBL1131286,P08172,Muscarinic acetylcholine receptor M2,IC50,O=[N+]([O-])c1cccc(C#CCO/N=C2\CN3CCC2C3)c1,4.33161408331
CHEMBL120963,CHEMBL211,Muscarinic acetylcholine receptor M2,IC50,=,2573.4,nM,CHEMBL748244,B,Displacement of [3H]NMS binding to human Muscarinic acetylcholine receptor M2 using membranes from transfected CHO cells,CHEMBL1132561,P08172,Muscarinic acetylcholine receptor M2,IC50,CCN1CCC(c2ccccc2)=C(C(=O)OCC(c2ccccc2)c2ccccc2)C1.O=C(O)C(=O)O,5.589492703377283
CHEMBL81878,CHEMBL211,Muscarinic acetylcholine receptor M2,IC50,=,52000.0,nM,CHEMBL749006,B,Binding affinity of [3H]QNB to CHO cells expressing human Muscarinic acetylcholine receptor M2,CHEMBL1131286,P08172,Muscarinic acetylcholine receptor M2,IC50,COc1cccc(C#CCO/N=C2\CN3CCC2C3)c1,4.2839966563652006
CHEMBL86150,CHEMBL211,Muscarinic acetylcholine receptor M2,IC50,=,69300.0,nM,CHEMBL749006,B,Binding affinity of [3H]QNB to CHO cells expressing human Muscarinic acetylcholine receptor M2,CHEMBL1131286,P08172,Muscarinic acetylcholine receptor M2,IC50,COc1ccccc1C#CCO/N=C1\CN2CCC1C2,4.159266765388193
CHEMBL122353,CHEMBL211,Muscarinic acetylcholine receptor M2,IC50,=,1668.5,nM,CHEMBL748244,B,Displacement of [3H]NMS binding to human Muscarinic acetylcholine receptor M2 using membranes from transfected CHO cells,CHEMBL1132561,P08172,Muscarinic acetylcholine receptor M2,IC50,CCCOC(=O)C1CN(CC)CC=C1c1ccccc1.O=C(O)C(=O)O,5.777673789009189
CHEMBL116601,CHEMBL211,Muscarinic acetylcholine receptor M2,IC50,=,1500.6,nM,CHEMBL748244,B,Displacement of [3H]NMS binding to human Muscarinic acetylcholine receptor M2 using membranes from transfected CHO cells,CHEMBL1132561,P08172,Muscarinic acetylcholine receptor M2,IC50,CCCCCOC(=O)C1CN(CC)CC=C1c1ccccc1.O=C(O)C(=O)O,5.8237350578858535
CHEMBL340780,CHEMBL211,Muscarinic acetylcholine receptor M2,IC50,=,405.0,nM,CHEMBL748244,B,Displacement of [3H]NMS binding to human Muscarinic acetylcholine receptor M2 using membranes from transfected CHO cells,CHEMBL1132561,P08172,Muscarinic acetylcholine receptor M2,IC50,CCCCCCOC(=O)[C@H]1CN(CC)CC[C@H]1c1ccccc1.O=C(O)C(=O)O,6.392544976785331
CHEMBL120972,CHEMBL211,Muscarinic acetylcholine receptor M2,IC50,=,486.1,nM,CHEMBL748244,B,Displacement of [3H]NMS binding to human Muscarinic acetylcholine receptor M2 using membranes from transfected CHO cells,CHEMBL1132561,P08172,Muscarinic acetylcholine receptor M2,IC50,CCCCCCCCCOC(=O)C1CN(CC)CC=C1c1ccccc1,6.313274378925458
CHEMBL334194,CHEMBL211,Muscarinic acetylcholine receptor M2,IC50,=,4496.8,nM,CHEMBL748244,B,Displacement of [3H]NMS binding to human Muscarinic acetylcholine receptor M2 using membranes from transfected CHO cells,CHEMBL1132561,P08172,Muscarinic acetylcholine receptor M2,IC50,CCN1CC[C@@H](c2ccccc2)[C@@H](C(=O)OCCc2ccccc2)C1.O=C(O)C(=O)O,5.347096427715119
CHEMBL85645,CHEMBL211,Muscarinic acetylcholine receptor M2,IC50,=,15200.0,nM,CHEMBL749006,B,Binding affinity of [3H]QNB to CHO cells expressing human Muscarinic acetylcholine receptor M2,CHEMBL1131286,P08172,Muscarinic acetylcholine receptor M2,IC50,C(#Cc1ccsc1)CO/N=C1\CN2CCC1C2,4.818156412055227
CHEMBL123099,CHEMBL211,Muscarinic acetylcholine receptor M2,IC50,=,38484.0,nM,CHEMBL748244,B,Displacement of [3H]NMS binding to human Muscarinic acetylcholine receptor M2 using membranes from transfected CHO cells,CHEMBL1132561,P08172,Muscarinic acetylcholine receptor M2,IC50,CCN1CCC(c2ccccc2)=C(C(=O)OCCc2ccc(OC)cc2)C1.O=C(O)C(=O)O,4.414719794023934
CHEMBL333065,CHEMBL211,Muscarinic acetylcholine receptor M2,IC50,=,2734.2,nM,CHEMBL748244,B,Displacement of [3H]NMS binding to human Muscarinic acetylcholine receptor M2 using membranes from transfected CHO cells,CHEMBL1132561,P08172,Muscarinic acetylcholine receptor M2,IC50,CCCCCCOC(=O)C1CN(CC)CC=C1c1ccccc1.O=C(O)C(=O)O,5.5631697210339075
CHEMBL330999,CHEMBL211,Muscarinic acetylcholine receptor M2,IC50,=,666.3,nM,CHEMBL748244,B,Displacement of [3H]NMS binding to human Muscarinic acetylcholine receptor M2 using membranes from transfected CHO cells,CHEMBL1132561,P08172,Muscarinic acetylcholine receptor M2,IC50,CCN1CC=C(c2ccccc2)C(C(=O)OCC2CCCCC2)C1.O=C(O)C(=O)O,6.176330186731864
CHEMBL122354,CHEMBL211,Muscarinic acetylcholine receptor M2,IC50,=,227.0,nM,CHEMBL748244,B,Displacement of [3H]NMS binding to human Muscarinic acetylcholine receptor M2 using membranes from transfected CHO cells,CHEMBL1132561,P08172,Muscarinic acetylcholine receptor M2,IC50,CCCCCCOC(=O)C1=C(c2ccccc2)CCN(CC)C1.O=C(O)C(=O)O,6.6439741428068775
CHEMBL420781,CHEMBL211,Muscarinic acetylcholine receptor M2,IC50,=,24700.0,nM,CHEMBL749006,B,Binding affinity of [3H]QNB to CHO cells expressing human Muscarinic acetylcholine receptor M2,CHEMBL1131286,P08172,Muscarinic acetylcholine receptor M2,IC50,Clc1ccc(C#CCO/N=C2\CN3CCC2C3)cc1,4.607303046740334
CHEMBL324712,CHEMBL211,Muscarinic acetylcholine receptor M2,IC50,=,1865.1,nM,CHEMBL748244,B,Displacement of [3H]NMS binding to human Muscarinic acetylcholine receptor M2 using membranes from transfected CHO cells,CHEMBL1132561,P08172,Muscarinic acetylcholine receptor M2,IC50,CCCCOC(=O)C1=C(c2ccccc2)CCN(CC)C1.O=C(O)C(=O)O,5.729297877912182
CHEMBL332320,CHEMBL211,Muscarinic acetylcholine receptor M2,IC50,=,20.5,nM,CHEMBL748244,B,Displacement of [3H]NMS binding to human Muscarinic acetylcholine receptor M2 using membranes from transfected CHO cells,CHEMBL1132561,P08172,Muscarinic acetylcholine receptor M2,IC50,CCCCCCCCCCOC(=O)C1=C(c2ccccc2)CCN(CC)C1,7.688246138944246
CHEMBL541584,CHEMBL211,Muscarinic acetylcholine receptor M2,IC50,=,241.3,nM,CHEMBL748244,B,Displacement of [3H]NMS binding to human Muscarinic acetylcholine receptor M2 using membranes from transfected CHO cells,CHEMBL1132561,P08172,Muscarinic acetylcholine receptor M2,IC50,CCN1CC=C(c2ccccc2)C(C(=O)OCc2ccccc2)C1.Cl,6.617442678091214
CHEMBL120119,CHEMBL211,Muscarinic acetylcholine receptor M2,IC50,=,136.0,nM,CHEMBL748244,B,Displacement of [3H]NMS binding to human Muscarinic acetylcholine receptor M2 using membranes from transfected CHO cells,CHEMBL1132561,P08172,Muscarinic acetylcholine receptor M2,IC50,CCN1CCC(c2ccccc2)=C(C(=O)OCCc2ccc(C)cc2)C1.O=C(O)C(=O)O,6.866461091629782
CHEMBL540316,CHEMBL211,Muscarinic acetylcholine receptor M2,IC50,=,2213.8,nM,CHEMBL748244,B,Displacement of [3H]NMS binding to human Muscarinic acetylcholine receptor M2 using membranes from transfected CHO cells,CHEMBL1132561,P08172,Muscarinic acetylcholine receptor M2,IC50,CCN1CC=C(c2ccccc2)C(C(=O)OCCCc2ccccc2)C1.Cl,5.6548616168898995
CHEMBL331516,CHEMBL211,Muscarinic acetylcholine receptor M2,IC50,=,120.7,nM,CHEMBL748244,B,Displacement of [3H]NMS binding to human Muscarinic acetylcholine receptor M2 using membranes from transfected CHO cells,CHEMBL1132561,P08172,Muscarinic acetylcholine receptor M2,IC50,CCN1CCC(c2ccccc2)=C(C(=O)OCCCCCc2ccccc2)C1.O=C(O)C(=O)O,6.918292729902651
CHEMBL1160977,CHEMBL211,Muscarinic acetylcholine receptor M2,IC50,=,1619.5,nM,CHEMBL748244,B,Displacement of [3H]NMS binding to human Muscarinic acetylcholine receptor M2 using membranes from transfected CHO cells,CHEMBL1132561,P08172,Muscarinic acetylcholine receptor M2,IC50,CCCCCCOC(=O)C1CN(CC)CC=C1c1ccccc1.O=C(O)C(O)C(O)C(=O)O,5.790619047653804
CHEMBL121299,CHEMBL211,Muscarinic acetylcholine receptor M2,IC50,=,734.6,nM,CHEMBL748244,B,Displacement of [3H]NMS binding to human Muscarinic acetylcholine receptor M2 using membranes from transfected CHO cells,CHEMBL1132561,P08172,Muscarinic acetylcholine receptor M2,IC50,CCN1CC=C(c2ccccc2)C(C(=O)OCCc2ccc(OC)cc2)C1.O=C(O)C(=O)O,6.133949075990725
CHEMBL84726,CHEMBL211,Muscarinic acetylcholine receptor M2,IC50,=,7930.0,nM,CHEMBL749006,B,Binding affinity of [3H]QNB to CHO cells expressing human Muscarinic acetylcholine receptor M2,CHEMBL1131286,P08172,Muscarinic acetylcholine receptor M2,IC50,C/C(C#Cc1ccccc1)=C\CO/N=C1\CN2CCC1C2,5.100726812682396
CHEMBL85264,CHEMBL211,Muscarinic acetylcholine receptor M2,IC50,=,4010.0,nM,CHEMBL749006,B,Binding affinity of [3H]QNB to CHO cells expressing human Muscarinic acetylcholine receptor M2,CHEMBL1131286,P08172,Muscarinic acetylcholine receptor M2,IC50,Clc1ccccc1C#CCO/N=C1\CN2CCC1C2,5.396855627379818
CHEMBL334245,CHEMBL211,Muscarinic acetylcholine receptor M2,IC50,=,73.3,nM,CHEMBL748244,B,Displacement of [3H]NMS binding to human Muscarinic acetylcholine receptor M2 using membranes from transfected CHO cells,CHEMBL1132561,P08172,Muscarinic acetylcholine receptor M2,IC50,CCCCCCCOC(=O)C1=C(c2ccccc2)CCN(CC)C1.O=C(O)C(=O)O,7.134896025358872
CHEMBL123198,CHEMBL211,Muscarinic acetylcholine receptor M2,IC50,=,475.0,nM,CHEMBL748244,B,Displacement of [3H]NMS binding to human Muscarinic acetylcholine receptor M2 using membranes from transfected CHO cells,CHEMBL1132561,P08172,Muscarinic acetylcholine receptor M2,IC50,CCN1CC=C(c2ccccc2)C(C(=O)OCC(c2ccccc2)c2ccccc2)C1.O=C(O)C(=O)O,6.323306390375134
CHEMBL85678,CHEMBL211,Muscarinic acetylcholine receptor M2,IC50,=,16800.0,nM,CHEMBL749006,B,Binding affinity of [3H]QNB to CHO cells expressing human Muscarinic acetylcholine receptor M2,CHEMBL1131286,P08172,Muscarinic acetylcholine receptor M2,IC50,CO/N=C1\CN2CCC1C2,4.774690718274137
CHEMBL120329,CHEMBL211,Muscarinic acetylcholine receptor M2,IC50,=,542.3,nM,CHEMBL748244,B,Displacement of [3H]NMS binding to human Muscarinic acetylcholine receptor M2 using membranes from transfected CHO cells,CHEMBL1132561,P08172,Muscarinic acetylcholine receptor M2,IC50,CCCOC(=O)C1=C(c2ccccc2)CCN(CC)C1.O=C(O)C(=O)O,6.265760395564545
CHEMBL978,CHEMBL211,Muscarinic acetylcholine receptor M2,IC50,=,380.0,nM,CHEMBL748247,B,Inhibitory activity against [3H]quinuclidinyl Benzilate binding to Muscarinic acetylcholine receptor M2 in the absence of GTP,CHEMBL1131242,P08172,Muscarinic acetylcholine receptor M2,IC50,CC(=O)OC(C)C[N+](C)(C)C,6.42021640338319
CHEMBL978,CHEMBL211,Muscarinic acetylcholine receptor M2,IC50,=,5200.0,nM,CHEMBL748248,B,Inhibitory activity against [3H]quinuclidinyl Benzilate binding to Muscarinic acetylcholine receptor M2 in the presence of GTP,CHEMBL1131242,P08172,Muscarinic acetylcholine receptor M2,IC50,CC(=O)OC(C)C[N+](C)(C)C,5.2839966563652006
CHEMBL12587,CHEMBL211,Muscarinic acetylcholine receptor M2,IC50,=,449.0,nM,CHEMBL748247,B,Inhibitory activity against [3H]quinuclidinyl Benzilate binding to Muscarinic acetylcholine receptor M2 in the absence of GTP,CHEMBL1131242,P08172,Muscarinic acetylcholine receptor M2,IC50,C[C@@H]1O[C@H](C[N+](C)(C)C)C[C@H]1O,6.347753658996677
CHEMBL12587,CHEMBL211,Muscarinic acetylcholine receptor M2,IC50,=,3900.0,nM,CHEMBL748248,B,Inhibitory activity against [3H]quinuclidinyl Benzilate binding to Muscarinic acetylcholine receptor M2 in the presence of GTP,CHEMBL1131242,P08172,Muscarinic acetylcholine receptor M2,IC50,C[C@@H]1O[C@H](C[N+](C)(C)C)C[C@H]1O,5.4089353929735005
CHEMBL84893,CHEMBL211,Muscarinic acetylcholine receptor M2,IC50,=,25800.0,nM,CHEMBL749006,B,Binding affinity of [3H]QNB to CHO cells expressing human Muscarinic acetylcholine receptor M2,CHEMBL1131286,P08172,Muscarinic acetylcholine receptor M2,IC50,C(#Cc1ccccc1)CO/N=C1\CN2CCC1C2,4.58838029403677
CHEMBL313749,CHEMBL211,Muscarinic acetylcholine receptor M2,IC50,=,20800.0,nM,CHEMBL749006,B,Binding affinity of [3H]QNB to CHO cells expressing human Muscarinic acetylcholine receptor M2,CHEMBL1131286,P08172,Muscarinic acetylcholine receptor M2,IC50,Fc1ccccc1C#CCO/N=C1\CN2CCC1C2,4.681936665037238
CHEMBL85936,CHEMBL211,Muscarinic acetylcholine receptor M2,IC50,=,8900.0,nM,CHEMBL749006,B,Binding affinity of [3H]QNB to CHO cells expressing human Muscarinic acetylcholine receptor M2,CHEMBL1131286,P08172,Muscarinic acetylcholine receptor M2,IC50,C(#Cc1cccs1)CO/N=C1\CN2CCC1C2,5.050609993355087
CHEMBL2112589,CHEMBL211,Muscarinic acetylcholine receptor M2,IC50,=,357.1,nM,CHEMBL748244,B,Displacement of [3H]NMS binding to human Muscarinic acetylcholine receptor M2 using membranes from transfected CHO cells,CHEMBL1132561,P08172,Muscarinic acetylcholine receptor M2,IC50,CCN1CC[C@@H](c2ccccc2)[C@H](C(=O)OCCc2ccccc2)C1.O=C(O)C(=O)O,6.447210149807217
CHEMBL324936,CHEMBL211,Muscarinic acetylcholine receptor M2,IC50,=,273.5,nM,CHEMBL748244,B,Displacement of [3H]NMS binding to human Muscarinic acetylcholine receptor M2 using membranes from transfected CHO cells,CHEMBL1132561,P08172,Muscarinic acetylcholine receptor M2,IC50,CCN1CC=C(c2ccccc2)C(C(=O)OC2CCCCC2)C1.O=C(O)C(=O)O,6.56304266933055
CHEMBL313918,CHEMBL211,Muscarinic acetylcholine receptor M2,IC50,=,8070.0,nM,CHEMBL749006,B,Binding affinity of [3H]QNB to CHO cells expressing human Muscarinic acetylcholine receptor M2,CHEMBL1131286,P08172,Muscarinic acetylcholine receptor M2,IC50,C#CCC#CCO/N=C1\CN2CCC1C2,5.09312646527793
CHEMBL86903,CHEMBL211,Muscarinic acetylcholine receptor M2,IC50,=,1900.0,nM,CHEMBL749006,B,Binding affinity of [3H]QNB to CHO cells expressing human Muscarinic acetylcholine receptor M2,CHEMBL1131286,P08172,Muscarinic acetylcholine receptor M2,IC50,C#C/C(C)=C\CO/N=C1\CN2CCC1C2,5.721246399047171
CHEMBL330885,CHEMBL211,Muscarinic acetylcholine receptor M2,IC50,=,28264.5,nM,CHEMBL748244,B,Displacement of [3H]NMS binding to human Muscarinic acetylcholine receptor M2 using membranes from transfected CHO cells,CHEMBL1132561,P08172,Muscarinic acetylcholine receptor M2,IC50,CCN1CC=C(c2ccccc2)C(C(=O)OC)C1.O=C(O)C(=O)O,4.548758692820583
CHEMBL332335,CHEMBL211,Muscarinic acetylcholine receptor M2,IC50,=,394.8,nM,CHEMBL748244,B,Displacement of [3H]NMS binding to human Muscarinic acetylcholine receptor M2 using membranes from transfected CHO cells,CHEMBL1132561,P08172,Muscarinic acetylcholine receptor M2,IC50,CCOC(=O)C1=C(c2ccccc2)CCN(CC)C1.O=C(O)C(=O)O,6.403622856002401
CHEMBL120599,CHEMBL211,Muscarinic acetylcholine receptor M2,IC50,=,1944.1,nM,CHEMBL748244,B,Displacement of [3H]NMS binding to human Muscarinic acetylcholine receptor M2 using membranes from transfected CHO cells,CHEMBL1132561,P08172,Muscarinic acetylcholine receptor M2,IC50,CCN1CC=C(c2ccccc2)C(C(=O)OCCC2CCCCC2)C1.O=C(O)C(=O)O,5.711281399733193
CHEMBL81895,CHEMBL211,Muscarinic acetylcholine receptor M2,IC50,=,20600.0,nM,CHEMBL749006,B,Binding affinity of [3H]QNB to CHO cells expressing human Muscarinic acetylcholine receptor M2,CHEMBL1131286,P08172,Muscarinic acetylcholine receptor M2,IC50,Clc1cccc(C#CCO/N=C2\CN3CCC2C3)c1,4.686132779630847
CHEMBL332405,CHEMBL211,Muscarinic acetylcholine receptor M2,IC50,=,10788.8,nM,CHEMBL748244,B,Displacement of [3H]NMS binding to human Muscarinic acetylcholine receptor M2 using membranes from transfected CHO cells,CHEMBL1132561,P08172,Muscarinic acetylcholine receptor M2,IC50,CCCCCc1noc(C2CN(CC)CC=C2c2ccccc2)n1.O=C(O)C(=O)O,4.9670268576674355
CHEMBL64000,CHEMBL211,Muscarinic acetylcholine receptor M2,IC50,=,17.0,nM,CHEMBL748247,B,Inhibitory activity against [3H]quinuclidinyl Benzilate binding to Muscarinic acetylcholine receptor M2 in the absence of GTP,CHEMBL1131242,P08172,Muscarinic acetylcholine receptor M2,IC50,CC(=O)OC1CC2CCCC1N2,7.769551078621726
CHEMBL64000,CHEMBL211,Muscarinic acetylcholine receptor M2,IC50,=,120.0,nM,CHEMBL748248,B,Inhibitory activity against [3H]quinuclidinyl Benzilate binding to Muscarinic acetylcholine receptor M2 in the presence of GTP,CHEMBL1131242,P08172,Muscarinic acetylcholine receptor M2,IC50,CC(=O)OC1CC2CCCC1N2,6.920818753952375
CHEMBL83074,CHEMBL211,Muscarinic acetylcholine receptor M2,IC50,=,2180.0,nM,CHEMBL749006,B,Binding affinity of [3H]QNB to CHO cells expressing human Muscarinic acetylcholine receptor M2,CHEMBL1131286,P08172,Muscarinic acetylcholine receptor M2,IC50,C#CCC#CCC#CCO/N=C1\CN2CCC1C2,5.661543506395395
CHEMBL194837,CHEMBL211,Muscarinic acetylcholine receptor M2,IC50,=,4.5,nM,CHEMBL881512,B,Inhibitory concentration against muscarinic acetylcholine receptor M2,CHEMBL1140405,P08172,Muscarinic acetylcholine receptor M2,IC50,Cc1cc(OCCN(C)C)nc2ccc(NC(=O)COc3ccc(Cl)cc3Cl)cc12,8.346787486224656
CHEMBL189118,CHEMBL211,Muscarinic acetylcholine receptor M2,IC50,=,480.0,nM,CHEMBL881512,B,Inhibitory concentration against muscarinic acetylcholine receptor M2,CHEMBL1140405,P08172,Muscarinic acetylcholine receptor M2,IC50,Cc1cc(N(C)CCN(C)C)nc2ccc(NC(=O)/C=C/c3ccc(OC(F)(F)F)cc3)cc12,6.318758762624412
CHEMBL27673,CHEMBL211,Muscarinic acetylcholine receptor M2,IC50,=,34.0,nM,CHEMBL857677,B,Percent inhibition against Muscarinic acetylcholine receptor M2 at 1 uM,CHEMBL1140374,P08172,Muscarinic acetylcholine receptor M2,IC50,COc1ccccc1CNCCCCCCNCCCCCCCCNCCCCCCNCc1ccccc1OC,7.468521082957745
CHEMBL496376,CHEMBL211,Muscarinic acetylcholine receptor M2,IC50,=,2000.0,nM,CHEMBL1003789,B,Binding affinity to human muscarinic M2 receptor,CHEMBL1139391,P08172,Muscarinic acetylcholine receptor M2,IC50,NC(=O)CN1CCCC(c2ccccc2)(C2CCN(Cc3ccc(Br)cc3)CC2)C1,5.698970004336019
CHEMBL498556,CHEMBL211,Muscarinic acetylcholine receptor M2,IC50,=,10000.0,nM,CHEMBL1003789,B,Binding affinity to human muscarinic M2 receptor,CHEMBL1139391,P08172,Muscarinic acetylcholine receptor M2,IC50,CC(=O)N1CCCC(c2ccccc2)(C2CCN(Cc3ccc(Br)cc3)CC2)C1,5.0
CHEMBL503468,CHEMBL211,Muscarinic acetylcholine receptor M2,IC50,=,3200.0,nM,CHEMBL965247,B,Binding affinity to human muscarinic M2 receptor,CHEMBL1150432,P08172,Muscarinic acetylcholine receptor M2,IC50,O=C(Nc1ccc2[nH]cc(C3CCN(CCCCCCCN4CCC(c5c[nH]c6ccc(NC(=O)c7ccc(F)cc7)cc56)CC4)CC3)c2c1)c1ccc(F)cc1,5.494850021680094
CHEMBL493677,CHEMBL211,Muscarinic acetylcholine receptor M2,IC50,=,8000.0,nM,CHEMBL1033099,B,Inhibition of muscarinic M2 receptor,CHEMBL1140166,P08172,Muscarinic acetylcholine receptor M2,IC50,CC(C)(C)CCN1CC[C@H](CNC(=O)c2cc(Cl)cc(Cl)c2)[C@H](F)C1,5.096910013008056
CHEMBL257991,CHEMBL211,Muscarinic acetylcholine receptor M2,IC50,=,6280.0,nM,CHEMBL1007884,B,Inhibition of muscarinic M2 receptor,CHEMBL1140923,P08172,Muscarinic acetylcholine receptor M2,IC50,O=C(Nc1ccccc1-c1cn2c(CN3CCNCC3)csc2n1)c1cnc2ccccc2n1,5.202040356262804
CHEMBL27673,CHEMBL211,Muscarinic acetylcholine receptor M2,IC50,=,51.0,nM,CHEMBL947358,B,Displacement of radiolabeled methoctramine from human muscarinic M2 receptor,CHEMBL1140203,P08172,Muscarinic acetylcholine receptor M2,IC50,COc1ccccc1CNCCCCCCNCCCCCCCCNCCCCCCNCc1ccccc1OC,7.292429823902063
CHEMBL477542,CHEMBL211,Muscarinic acetylcholine receptor M2,IC50,=,6.0,nM,CHEMBL1025828,B,Displacement of QNB from muscarinic M2 receptor,CHEMBL1159254,P08172,Muscarinic acetylcholine receptor M2,IC50,N=C(N)NCCCCCCCCC(=O)C(N)CCCNC(=N)N,8.221848749616356
CHEMBL479224,CHEMBL211,Muscarinic acetylcholine receptor M2,IC50,=,960.0,nM,CHEMBL1025828,B,Displacement of QNB from muscarinic M2 receptor,CHEMBL1159254,P08172,Muscarinic acetylcholine receptor M2,IC50,CC(=O)NC(CCCNC(=N)N)C(=O)CCCCCCCCNC(=N)N,6.017728766960431
CHEMBL499519,CHEMBL211,Muscarinic acetylcholine receptor M2,IC50,=,1780.0,nM,CHEMBL1006038,B,Binding affinity to human muscarinic M2 receptor expressed in insect Sf9 cells,CHEMBL1141748,P08172,Muscarinic acetylcholine receptor M2,IC50,CCCCCCCCCCCC(OC(=O)C(CCCCN(O)C(C)=O)NC(=O)c1coc(-c2ccccc2O)n1)C(C)C(=O)NC1CCCCN(O)C1=O,5.7495799976911055
CHEMBL500996,CHEMBL211,Muscarinic acetylcholine receptor M2,IC50,=,29.0,nM,CHEMBL982836,B,Inhibition of human muscarinic M2 receptor,CHEMBL1155111,P08172,Muscarinic acetylcholine receptor M2,IC50,COc1ccccc1CNCCCCCCNCCCCCCCCNCCCCCCNCc1ccccc1OC.Cl.Cl.Cl.Cl,7.537602002101044
CHEMBL549577,CHEMBL211,Muscarinic acetylcholine receptor M2,IC50,=,2.83,nM,CHEMBL1058941,B,Displacement of [3H]NMS from human muscarinic M2 receptor expressed in CHOK1 cells by microplate scintillation counting,CHEMBL1152978,P08172,Muscarinic acetylcholine receptor M2,IC50,O=C(O[C@H]1CN2CCC1CC2)C1c2ccccc2Oc2ccccc21,8.54821356447571
CHEMBL551525,CHEMBL211,Muscarinic acetylcholine receptor M2,IC50,=,79.0,nM,CHEMBL1058941,B,Displacement of [3H]NMS from human muscarinic M2 receptor expressed in CHOK1 cells by microplate scintillation counting,CHEMBL1152978,P08172,Muscarinic acetylcholine receptor M2,IC50,O=C(O[C@H]1CN2CCC1CC2)C1c2ccccc2CCc2ccccc21,7.102372908709558
CHEMBL563887,CHEMBL211,Muscarinic acetylcholine receptor M2,IC50,=,1.14,nM,CHEMBL1058941,B,Displacement of [3H]NMS from human muscarinic M2 receptor expressed in CHOK1 cells by microplate scintillation counting,CHEMBL1152978,P08172,Muscarinic acetylcholine receptor M2,IC50,O=C(O[C@H]1CN2CCC1CC2)C1(O)c2ccccc2-c2ccccc21,8.943095148663527
CHEMBL551729,CHEMBL211,Muscarinic acetylcholine receptor M2,IC50,=,0.26,nM,CHEMBL1058941,B,Displacement of [3H]NMS from human muscarinic M2 receptor expressed in CHOK1 cells by microplate scintillation counting,CHEMBL1152978,P08172,Muscarinic acetylcholine receptor M2,IC50,O=C(O[C@H]1CN2CCC1CC2)C(O)(c1cccs1)c1cccs1,9.585026652029182
CHEMBL558910,CHEMBL211,Muscarinic acetylcholine receptor M2,IC50,=,0.4,nM,CHEMBL1058941,B,Displacement of [3H]NMS from human muscarinic M2 receptor expressed in CHOK1 cells by microplate scintillation counting,CHEMBL1152978,P08172,Muscarinic acetylcholine receptor M2,IC50,O=C(O[C@H]1CN2CCC1CC2)C(O)(c1ccccc1)c1ccccc1,9.397940008672037
CHEMBL564747,CHEMBL211,Muscarinic acetylcholine receptor M2,IC50,=,0.21,nM,CHEMBL1058941,B,Displacement of [3H]NMS from human muscarinic M2 receptor expressed in CHOK1 cells by microplate scintillation counting,CHEMBL1152978,P08172,Muscarinic acetylcholine receptor M2,IC50,O=C(O[C@H]1CN2CCC1CC2)[C@@](O)(c1ccccc1)c1cccs1,9.67778070526608
CHEMBL556426,CHEMBL211,Muscarinic acetylcholine receptor M2,IC50,=,0.26,nM,CHEMBL1058941,B,Displacement of [3H]NMS from human muscarinic M2 receptor expressed in CHOK1 cells by microplate scintillation counting,CHEMBL1152978,P08172,Muscarinic acetylcholine receptor M2,IC50,O=C(O[C@H]1CN2CCC1CC2)[C@](O)(c1ccccc1)c1cccs1,9.585026652029182
CHEMBL562642,CHEMBL211,Muscarinic acetylcholine receptor M2,IC50,=,0.23,nM,CHEMBL1058941,B,Displacement of [3H]NMS from human muscarinic M2 receptor expressed in CHOK1 cells by microplate scintillation counting,CHEMBL1152978,P08172,Muscarinic acetylcholine receptor M2,IC50,O=C(O[C@H]1CN2CCC1CC2)[C@](O)(c1cccs1)C1CCCC1,9.638272163982407
CHEMBL554699,CHEMBL211,Muscarinic acetylcholine receptor M2,IC50,=,0.54,nM,CHEMBL1058941,B,Displacement of [3H]NMS from human muscarinic M2 receptor expressed in CHOK1 cells by microplate scintillation counting,CHEMBL1152978,P08172,Muscarinic acetylcholine receptor M2,IC50,O=C(O[C@H]1CN2CCC1CC2)[C@@](O)(c1cccs1)C1CCCC1,9.267606240177031
CHEMBL563996,CHEMBL211,Muscarinic acetylcholine receptor M2,IC50,=,4.5,nM,CHEMBL1058941,B,Displacement of [3H]NMS from human muscarinic M2 receptor expressed in CHOK1 cells by microplate scintillation counting,CHEMBL1152978,P08172,Muscarinic acetylcholine receptor M2,IC50,CCCCCCC[N+]12CCC(CC1)[C@@H](OC(=O)C1(O)c3ccccc3-c3ccccc31)C2.[Br-],8.346787486224656
CHEMBL562655,CHEMBL211,Muscarinic acetylcholine receptor M2,IC50,=,2.24,nM,CHEMBL1058941,B,Displacement of [3H]NMS from human muscarinic M2 receptor expressed in CHOK1 cells by microplate scintillation counting,CHEMBL1152978,P08172,Muscarinic acetylcholine receptor M2,IC50,O=C(O[C@H]1C[N+]2(CCc3ccccc3)CCC1CC2)C1(O)c2ccccc2-c2ccccc21.[Br-],8.649751981665837
CHEMBL561870,CHEMBL211,Muscarinic acetylcholine receptor M2,IC50,=,1.08,nM,CHEMBL1058941,B,Displacement of [3H]NMS from human muscarinic M2 receptor expressed in CHOK1 cells by microplate scintillation counting,CHEMBL1152978,P08172,Muscarinic acetylcholine receptor M2,IC50,O=C(O[C@H]1C[N+]2(CCCOc3ccccc3)CCC1CC2)C1(O)c2ccccc2-c2ccccc21.[Br-],8.96657624451305
CHEMBL560327,CHEMBL211,Muscarinic acetylcholine receptor M2,IC50,=,0.46,nM,CHEMBL1058941,B,Displacement of [3H]NMS from human muscarinic M2 receptor expressed in CHOK1 cells by microplate scintillation counting,CHEMBL1152978,P08172,Muscarinic acetylcholine receptor M2,IC50,C[N+]12CCC(CC1)[C@@H](OC(=O)C(O)(c1cccs1)c1cccs1)C2.[Br-],9.337242168318426
CHEMBL549784,CHEMBL211,Muscarinic acetylcholine receptor M2,IC50,=,0.36,nM,CHEMBL1058941,B,Displacement of [3H]NMS from human muscarinic M2 receptor expressed in CHOK1 cells by microplate scintillation counting,CHEMBL1152978,P08172,Muscarinic acetylcholine receptor M2,IC50,CCCCCCC[N+]12CCC(CC1)[C@@H](OC(=O)C(O)(c1cccs1)c1cccs1)C2.[Br-],9.443697499232712
CHEMBL556634,CHEMBL211,Muscarinic acetylcholine receptor M2,IC50,=,12.0,nM,CHEMBL1058941,B,Displacement of [3H]NMS from human muscarinic M2 receptor expressed in CHOK1 cells by microplate scintillation counting,CHEMBL1152978,P08172,Muscarinic acetylcholine receptor M2,IC50,O=C(O[C@H]1C[N+]2(Cc3ccccc3)CCC1CC2)C(O)(c1cccs1)c1cccs1.[Br-],7.920818753952375
CHEMBL564057,CHEMBL211,Muscarinic acetylcholine receptor M2,IC50,=,0.18,nM,CHEMBL1058941,B,Displacement of [3H]NMS from human muscarinic M2 receptor expressed in CHOK1 cells by microplate scintillation counting,CHEMBL1152978,P08172,Muscarinic acetylcholine receptor M2,IC50,O=C(O[C@H]1C[N+]2(CCc3ccccc3)CCC1CC2)C(O)(c1cccs1)c1cccs1.[Br-],9.744727494896694
CHEMBL554725,CHEMBL211,Muscarinic acetylcholine receptor M2,IC50,=,0.38,nM,CHEMBL1058941,B,Displacement of [3H]NMS from human muscarinic M2 receptor expressed in CHOK1 cells by microplate scintillation counting,CHEMBL1152978,P08172,Muscarinic acetylcholine receptor M2,IC50,O=C(O[C@H]1C[N+]2(CCCCc3ccccc3)CCC1CC2)C(O)(c1cccs1)c1cccs1.[Br-],9.42021640338319
CHEMBL551466,CHEMBL211,Muscarinic acetylcholine receptor M2,IC50,=,0.17,nM,CHEMBL1058941,B,Displacement of [3H]NMS from human muscarinic M2 receptor expressed in CHOK1 cells by microplate scintillation counting,CHEMBL1152978,P08172,Muscarinic acetylcholine receptor M2,IC50,O=C(O[C@H]1C[N+]2(CCCOc3ccccc3)CCC1CC2)C(O)(c1cccs1)c1cccs1.[Br-],9.769551078621726
CHEMBL559106,CHEMBL211,Muscarinic acetylcholine receptor M2,IC50,=,1.82,nM,CHEMBL1058941,B,Displacement of [3H]NMS from human muscarinic M2 receptor expressed in CHOK1 cells by microplate scintillation counting,CHEMBL1152978,P08172,Muscarinic acetylcholine receptor M2,IC50,O=C(O[C@H]1C[N+]2(CCc3ccccc3)CCC1CC2)C1c2ccccc2Oc2ccccc21.[Br-],8.739928612014925
CHEMBL564515,CHEMBL211,Muscarinic acetylcholine receptor M2,IC50,=,0.54,nM,CHEMBL1058941,B,Displacement of [3H]NMS from human muscarinic M2 receptor expressed in CHOK1 cells by microplate scintillation counting,CHEMBL1152978,P08172,Muscarinic acetylcholine receptor M2,IC50,O=C(O[C@H]1C[N+]2(CCc3ccccc3)CCC1CC2)C1(O)c2ccccc2Oc2ccccc21.[Br-],9.267606240177031
CHEMBL562890,CHEMBL211,Muscarinic acetylcholine receptor M2,IC50,=,0.36,nM,CHEMBL1058941,B,Displacement of [3H]NMS from human muscarinic M2 receptor expressed in CHOK1 cells by microplate scintillation counting,CHEMBL1152978,P08172,Muscarinic acetylcholine receptor M2,IC50,O=C(O[C@H]1C[N+]2(CCCOc3ccccc3)CCC1CC2)C1(O)c2ccccc2Oc2ccccc21.[Br-],9.443697499232712
CHEMBL551731,CHEMBL211,Muscarinic acetylcholine receptor M2,IC50,=,0.44,nM,CHEMBL1058941,B,Displacement of [3H]NMS from human muscarinic M2 receptor expressed in CHOK1 cells by microplate scintillation counting,CHEMBL1152978,P08172,Muscarinic acetylcholine receptor M2,IC50,O=C(O[C@H]1C[N+]2(CCCOc3ccccc3)CCC1CC2)C(O)(c1ccccc1)c1ccccc1.[Br-],9.356547323513812
CHEMBL556635,CHEMBL211,Muscarinic acetylcholine receptor M2,IC50,=,0.14,nM,CHEMBL1058941,B,Displacement of [3H]NMS from human muscarinic M2 receptor expressed in CHOK1 cells by microplate scintillation counting,CHEMBL1152978,P08172,Muscarinic acetylcholine receptor M2,IC50,O=C(O[C@H]1C[N+]2(CCCOc3ccccc3)CCC1CC2)[C@](O)(c1cccs1)C1CCCC1.[Br-],9.853871964321762
CHEMBL549986,CHEMBL211,Muscarinic acetylcholine receptor M2,IC50,=,1.01,nM,CHEMBL1058941,B,Displacement of [3H]NMS from human muscarinic M2 receptor expressed in CHOK1 cells by microplate scintillation counting,CHEMBL1152978,P08172,Muscarinic acetylcholine receptor M2,IC50,O=C(O[C@H]1C[N+]2(CCCOc3ccccc3)CCC1CC2)[C@@](O)(c1cccs1)C1CCCC1.[Br-],8.995678626217357
CHEMBL556221,CHEMBL211,Muscarinic acetylcholine receptor M2,IC50,=,0.27,nM,CHEMBL1058941,B,Displacement of [3H]NMS from human muscarinic M2 receptor expressed in CHOK1 cells by microplate scintillation counting,CHEMBL1152978,P08172,Muscarinic acetylcholine receptor M2,IC50,CC1(C(=O)O[C@H]2C[N+]3(CCCOc4ccccc4)CCC2CC3)c2ccccc2Oc2ccccc21.[Br-],9.568636235841012
CHEMBL559931,CHEMBL211,Muscarinic acetylcholine receptor M2,IC50,=,2.1,nM,CHEMBL1058941,B,Displacement of [3H]NMS from human muscarinic M2 receptor expressed in CHOK1 cells by microplate scintillation counting,CHEMBL1152978,P08172,Muscarinic acetylcholine receptor M2,IC50,CC1(C(=O)O[C@H]2C[N+]3(CCCOc4ccccc4)CCC2CC3)c2ccccc2-c2ccccc21.[Br-],8.67778070526608
CHEMBL551063,CHEMBL211,Muscarinic acetylcholine receptor M2,IC50,=,0.35,nM,CHEMBL1058941,B,Displacement of [3H]NMS from human muscarinic M2 receptor expressed in CHOK1 cells by microplate scintillation counting,CHEMBL1152978,P08172,Muscarinic acetylcholine receptor M2,IC50,O=C(O[C@H]1C[N+]2(CCCOc3ccccc3)CCC1CC2)C(c1cccs1)c1cccs1.[Br-],9.455931955649724
CHEMBL551327,CHEMBL211,Muscarinic acetylcholine receptor M2,IC50,=,0.18,nM,CHEMBL1058941,B,Displacement of [3H]NMS from human muscarinic M2 receptor expressed in CHOK1 cells by microplate scintillation counting,CHEMBL1152978,P08172,Muscarinic acetylcholine receptor M2,IC50,O=C(O[C@H]1C[N+]2(CCCOc3ccccc3)CCC1CC2)C(O)(c1ccsc1)c1ccsc1.[Br-],9.744727494896694
CHEMBL561187,CHEMBL211,Muscarinic acetylcholine receptor M2,IC50,=,0.73,nM,CHEMBL1058941,B,Displacement of [3H]NMS from human muscarinic M2 receptor expressed in CHOK1 cells by microplate scintillation counting,CHEMBL1152978,P08172,Muscarinic acetylcholine receptor M2,IC50,CC(C(=O)O[C@H]1C[N+]2(CCCOc3ccccc3)CCC1CC2)(c1cccs1)c1cccs1.[Br-],9.136677139879545
CHEMBL556222,CHEMBL211,Muscarinic acetylcholine receptor M2,IC50,=,0.17,nM,CHEMBL1058941,B,Displacement of [3H]NMS from human muscarinic M2 receptor expressed in CHOK1 cells by microplate scintillation counting,CHEMBL1152978,P08172,Muscarinic acetylcholine receptor M2,IC50,O=C(O[C@H]1C[N+]2(CCCOc3ccccc3)CCC1CC2)[C@@](O)(c1ccccc1)c1cccs1.[Br-],9.769551078621726
CHEMBL564765,CHEMBL211,Muscarinic acetylcholine receptor M2,IC50,=,0.31,nM,CHEMBL1058941,B,Displacement of [3H]NMS from human muscarinic M2 receptor expressed in CHOK1 cells by microplate scintillation counting,CHEMBL1152978,P08172,Muscarinic acetylcholine receptor M2,IC50,O=C(O[C@H]1C[N+]2(CCCOc3ccccc3)CCC1CC2)[C@](O)(c1ccccc1)c1cccs1.[Br-],9.508638306165727
CHEMBL3545181,CHEMBL211,Muscarinic acetylcholine receptor M2,IC50,=,0.21,nM,CHEMBL1058941,B,Displacement of [3H]NMS from human muscarinic M2 receptor expressed in CHOK1 cells by microplate scintillation counting,CHEMBL1152978,P08172,Muscarinic acetylcholine receptor M2,IC50,C[N+]1(C)[C@@H]2C[C@@H](OC(=O)C(O)(c3cccs3)c3cccs3)C[C@H]1[C@@H]1O[C@@H]12.O.[Br-],9.67778070526608
CHEMBL1908368,CHEMBL211,Muscarinic acetylcholine receptor M2,IC50,=,2.24,nM,CHEMBL1058941,B,Displacement of [3H]NMS from human muscarinic M2 receptor expressed in CHOK1 cells by microplate scintillation counting,CHEMBL1152978,P08172,Muscarinic acetylcholine receptor M2,IC50,CC(C)[N+]1(C)C2CCC1CC(OC(=O)C(CO)c1ccccc1)C2.O.[Br-],8.649751981665837
CHEMBL1083925,CHEMBL211,Muscarinic acetylcholine receptor M2,IC50,=,199.53,nM,CHEMBL1117838,B,Inhibition of human muscarinic M2 receptor expressed in CHO cells,CHEMBL1158595,P08172,Muscarinic acetylcholine receptor M2,IC50,C[C@H]1CNCC[C@@H]1CNC(=O)c1c(F)cccc1-c1cccc(Cl)c1,6.699991797446187
CHEMBL1083618,CHEMBL211,Muscarinic acetylcholine receptor M2,IC50,=,1258.93,nM,CHEMBL1117838,B,Inhibition of human muscarinic M2 receptor expressed in CHO cells,CHEMBL1158595,P08172,Muscarinic acetylcholine receptor M2,IC50,O=C(NCC1=CCNCC1)c1c(F)cccc1-c1cccc(Cl)c1,5.899998417198648
CHEMBL1082365,CHEMBL211,Muscarinic acetylcholine receptor M2,IC50,=,2511.89,nM,CHEMBL1117838,B,Inhibition of human muscarinic M2 receptor expressed in CHO cells,CHEMBL1158595,P08172,Muscarinic acetylcholine receptor M2,IC50,C[C@H]1CNCC[C@]1(F)CNC(=O)c1c(F)cccc1-c1cccc(Cl)c1,5.59999938302362
CHEMBL1085507,CHEMBL211,Muscarinic acetylcholine receptor M2,IC50,=,7943.28,nM,CHEMBL1118804,B,Inhibition of human muscarinic M2 receptor expressed in CHO cells,CHEMBL1158607,P08172,Muscarinic acetylcholine receptor M2,IC50,O=C(NCC1CCNCC1)c1ccccc1-c1cccc(Cl)c1,5.100000128334196
CHEMBL1083723,CHEMBL211,Muscarinic acetylcholine receptor M2,IC50,=,398.11,nM,CHEMBL1118804,B,Inhibition of human muscarinic M2 receptor expressed in CHO cells,CHEMBL1158607,P08172,Muscarinic acetylcholine receptor M2,IC50,Cc1ccc(-c2ccccc2C(=O)NCC2CCNCC2)cc1Cl,6.399996913372259
CHEMBL1083108,CHEMBL211,Muscarinic acetylcholine receptor M2,IC50,=,1995.26,nM,CHEMBL1118804,B,Inhibition of human muscarinic M2 receptor expressed in CHO cells,CHEMBL1158607,P08172,Muscarinic acetylcholine receptor M2,IC50,O=C(NCC1CCNCC1)c1ccccc1-c1cc(Cl)ccc1F,5.700000503883016
CHEMBL1084993,CHEMBL211,Muscarinic acetylcholine receptor M2,IC50,=,3981.07,nM,CHEMBL1118804,B,Inhibition of human muscarinic M2 receptor expressed in CHO cells,CHEMBL1158607,P08172,Muscarinic acetylcholine receptor M2,IC50,CC1CNCCC1CNC(=O)c1ccccc1-c1cccc(Cl)c1,5.40000018605658
CHEMBL3545181,CHEMBL211,Muscarinic acetylcholine receptor M2,IC50,=,0.03162,nM,CHEMBL1291431,B,Displacement of [3H]NMS from human muscarinic M2 receptor expressed in CHO-K1 cells after 16 hrs by scintillation proximity assay,CHEMBL1287723,P08172,Muscarinic acetylcholine receptor M2,IC50,C[N+]1(C)[C@@H]2C[C@@H](OC(=O)C(O)(c3cccs3)c3cccs3)C[C@H]1[C@@H]1O[C@@H]12.O.[Br-],10.500038134403809
CHEMBL1201027,CHEMBL211,Muscarinic acetylcholine receptor M2,IC50,=,0.5012,nM,CHEMBL1291431,B,Displacement of [3H]NMS from human muscarinic M2 receptor expressed in CHO-K1 cells after 16 hrs by scintillation proximity assay,CHEMBL1287723,P08172,Muscarinic acetylcholine receptor M2,IC50,C[N+]1(C)CCC(OC(=O)C(O)(c2ccccc2)C2CCCC2)C1.[Br-],9.299988937677888
CHEMBL551466,CHEMBL211,Muscarinic acetylcholine receptor M2,IC50,=,0.1259,nM,CHEMBL1291431,B,Displacement of [3H]NMS from human muscarinic M2 receptor expressed in CHO-K1 cells after 16 hrs by scintillation proximity assay,CHEMBL1287723,P08172,Muscarinic acetylcholine receptor M2,IC50,O=C(O[C@H]1C[N+]2(CCCOc3ccccc3)CCC1CC2)C(O)(c1cccs1)c1cccs1.[Br-],9.899974269892137
CHEMBL1290183,CHEMBL211,Muscarinic acetylcholine receptor M2,IC50,=,3.981,nM,CHEMBL1291431,B,Displacement of [3H]NMS from human muscarinic M2 receptor expressed in CHO-K1 cells after 16 hrs by scintillation proximity assay,CHEMBL1287723,P08172,Muscarinic acetylcholine receptor M2,IC50,O=C(c1ccccc1)N1CCC2(CCN(Cc3cccc(Cl)c3)CC2)CC1,8.400007822415901
CHEMBL1290184,CHEMBL211,Muscarinic acetylcholine receptor M2,IC50,=,2.512,nM,CHEMBL1291431,B,Displacement of [3H]NMS from human muscarinic M2 receptor expressed in CHO-K1 cells after 16 hrs by scintillation proximity assay,CHEMBL1287723,P08172,Muscarinic acetylcholine receptor M2,IC50,Cc1cccc(CN2CCC3(CC2)CCN(C(=O)c2ccccc2)CC3)c1,8.599980364934842
CHEMBL1290294,CHEMBL211,Muscarinic acetylcholine receptor M2,IC50,=,6.31,nM,CHEMBL1291431,B,Displacement of [3H]NMS from human muscarinic M2 receptor expressed in CHO-K1 cells after 16 hrs by scintillation proximity assay,CHEMBL1287723,P08172,Muscarinic acetylcholine receptor M2,IC50,O=C(c1ccccc1)N1CCC2(CCN(Cc3ccccc3)CC2)CC1,8.199970640755865
CHEMBL1290295,CHEMBL211,Muscarinic acetylcholine receptor M2,IC50,=,79.43,nM,CHEMBL1291431,B,Displacement of [3H]NMS from human muscarinic M2 receptor expressed in CHO-K1 cells after 16 hrs by scintillation proximity assay,CHEMBL1287723,P08172,Muscarinic acetylcholine receptor M2,IC50,O=C(c1cccnc1)N1CCC2(CCN(Cc3ccccc3)CC2)CC1,7.100015437450609
CHEMBL1290409,CHEMBL211,Muscarinic acetylcholine receptor M2,IC50,=,79.43,nM,CHEMBL1291431,B,Displacement of [3H]NMS from human muscarinic M2 receptor expressed in CHO-K1 cells after 16 hrs by scintillation proximity assay,CHEMBL1287723,P08172,Muscarinic acetylcholine receptor M2,IC50,O=C(c1ccco1)N1CCC2(CCN(Cc3ccccc3)CC2)CC1,7.100015437450609
CHEMBL1290410,CHEMBL211,Muscarinic acetylcholine receptor M2,IC50,=,15.85,nM,CHEMBL1291431,B,Displacement of [3H]NMS from human muscarinic M2 receptor expressed in CHO-K1 cells after 16 hrs by scintillation proximity assay,CHEMBL1287723,P08172,Muscarinic acetylcholine receptor M2,IC50,O=C(c1ccsc1)N1CCC2(CCN(Cc3ccccc3)CC2)CC1,7.79997073344623
CHEMBL1290519,CHEMBL211,Muscarinic acetylcholine receptor M2,IC50,=,794.33,nM,CHEMBL1291431,B,Displacement of [3H]NMS from human muscarinic M2 receptor expressed in CHO-K1 cells after 16 hrs by scintillation proximity assay,CHEMBL1287723,P08172,Muscarinic acetylcholine receptor M2,IC50,O=C(N1CCC2(CCN(Cc3ccccc3)CC2)CC1)N1CC=CO1,6.0999990348465305
CHEMBL1290520,CHEMBL211,Muscarinic acetylcholine receptor M2,IC50,=,251.19,nM,CHEMBL1291431,B,Displacement of [3H]NMS from human muscarinic M2 receptor expressed in CHO-K1 cells after 16 hrs by scintillation proximity assay,CHEMBL1287723,P08172,Muscarinic acetylcholine receptor M2,IC50,O=C(c1ncccn1)N1CCC2(CCN(Cc3ccccc3)CC2)CC1,6.599997654072045
CHEMBL1290634,CHEMBL211,Muscarinic acetylcholine receptor M2,IC50,=,79.43,nM,CHEMBL1291431,B,Displacement of [3H]NMS from human muscarinic M2 receptor expressed in CHO-K1 cells after 16 hrs by scintillation proximity assay,CHEMBL1287723,P08172,Muscarinic acetylcholine receptor M2,IC50,CCOc1ccccc1C(=O)N1CCC2(CCN(Cc3ccccc3)CC2)CC1,7.100015437450609
CHEMBL1290635,CHEMBL211,Muscarinic acetylcholine receptor M2,IC50,=,125.89,nM,CHEMBL1291431,B,Displacement of [3H]NMS from human muscarinic M2 receptor expressed in CHO-K1 cells after 16 hrs by scintillation proximity assay,CHEMBL1287723,P08172,Muscarinic acetylcholine receptor M2,IC50,O=C(c1ccccc1)N1CCOC2(CCN(Cc3ccc(Cl)cc3)CC2)C1,6.900008766455316
CHEMBL1290752,CHEMBL211,Muscarinic acetylcholine receptor M2,IC50,=,31.62,nM,CHEMBL1291431,B,Displacement of [3H]NMS from human muscarinic M2 receptor expressed in CHO-K1 cells after 16 hrs by scintillation proximity assay,CHEMBL1287723,P08172,Muscarinic acetylcholine receptor M2,IC50,O=C(c1ccc2occc2c1)N1CCOC2(CCN(Cc3ccc(Cl)cc3)CC2)C1,7.50003813440381
CHEMBL1290753,CHEMBL211,Muscarinic acetylcholine receptor M2,IC50,=,50.12,nM,CHEMBL1291431,B,Displacement of [3H]NMS from human muscarinic M2 receptor expressed in CHO-K1 cells after 16 hrs by scintillation proximity assay,CHEMBL1287723,P08172,Muscarinic acetylcholine receptor M2,IC50,Cc1ccc(C(=O)N2CCOC3(CCN(Cc4ccc(Cl)cc4)CC3)C2)o1,7.299988937677888
CHEMBL1289081,CHEMBL211,Muscarinic acetylcholine receptor M2,IC50,=,25.12,nM,CHEMBL1291431,B,Displacement of [3H]NMS from human muscarinic M2 receptor expressed in CHO-K1 cells after 16 hrs by scintillation proximity assay,CHEMBL1287723,P08172,Muscarinic acetylcholine receptor M2,IC50,O=C(c1ccco1)N1CCOC2(CCN(Cc3ccc(Cl)cc3)CC2)C1,7.599980364934842
CHEMBL1289082,CHEMBL211,Muscarinic acetylcholine receptor M2,IC50,=,19.95,nM,CHEMBL1291431,B,Displacement of [3H]NMS from human muscarinic M2 receptor expressed in CHO-K1 cells after 16 hrs by scintillation proximity assay,CHEMBL1287723,P08172,Muscarinic acetylcholine receptor M2,IC50,O=C(c1cccs1)N1CCOC2(CCN(Cc3ccc(Cl)cc3)CC2)C1,7.700057099977233
CHEMBL1289201,CHEMBL211,Muscarinic acetylcholine receptor M2,IC50,=,125.89,nM,CHEMBL1291431,B,Displacement of [3H]NMS from human muscarinic M2 receptor expressed in CHO-K1 cells after 16 hrs by scintillation proximity assay,CHEMBL1287723,P08172,Muscarinic acetylcholine receptor M2,IC50,O=C(c1ccc(CO)o1)N1CCOC2(CCN(Cc3ccc(Cl)cc3)CC2)C1,6.900008766455316
CHEMBL1289202,CHEMBL211,Muscarinic acetylcholine receptor M2,IC50,=,63.1,nM,CHEMBL1291431,B,Displacement of [3H]NMS from human muscarinic M2 receptor expressed in CHO-K1 cells after 16 hrs by scintillation proximity assay,CHEMBL1287723,P08172,Muscarinic acetylcholine receptor M2,IC50,O=C(c1ccoc1)N1CCOC2(CCN(Cc3ccc(Cl)cc3)CC2)C1,7.199970640755866
CHEMBL1289314,CHEMBL211,Muscarinic acetylcholine receptor M2,IC50,=,39.81,nM,CHEMBL1291431,B,Displacement of [3H]NMS from human muscarinic M2 receptor expressed in CHO-K1 cells after 16 hrs by scintillation proximity assay,CHEMBL1287723,P08172,Muscarinic acetylcholine receptor M2,IC50,O=C(c1cnsn1)N1CCOC2(CCN(Cc3ccc(Cl)cc3)CC2)C1,7.400007822415902
CHEMBL1289315,CHEMBL211,Muscarinic acetylcholine receptor M2,IC50,=,125.89,nM,CHEMBL1291431,B,Displacement of [3H]NMS from human muscarinic M2 receptor expressed in CHO-K1 cells after 16 hrs by scintillation proximity assay,CHEMBL1287723,P08172,Muscarinic acetylcholine receptor M2,IC50,O=C(c1ncccn1)N1CCOC2(CCN(Cc3ccc(Cl)cc3)CC2)C1,6.900008766455316
CHEMBL1289432,CHEMBL211,Muscarinic acetylcholine receptor M2,IC50,=,79.43,nM,CHEMBL1291431,B,Displacement of [3H]NMS from human muscarinic M2 receptor expressed in CHO-K1 cells after 16 hrs by scintillation proximity assay,CHEMBL1287723,P08172,Muscarinic acetylcholine receptor M2,IC50,O=C(c1ccon1)N1CCOC2(CCN(Cc3ccc(Cl)cc3)CC2)C1,7.100015437450609
CHEMBL1289544,CHEMBL211,Muscarinic acetylcholine receptor M2,IC50,=,50.12,nM,CHEMBL1291431,B,Displacement of [3H]NMS from human muscarinic M2 receptor expressed in CHO-K1 cells after 16 hrs by scintillation proximity assay,CHEMBL1287723,P08172,Muscarinic acetylcholine receptor M2,IC50,O=C(c1cscn1)N1CCOC2(CCN(Cc3ccc(Cl)cc3)CC2)C1,7.299988937677888
CHEMBL1289545,CHEMBL211,Muscarinic acetylcholine receptor M2,IC50,=,3.162,nM,CHEMBL1291431,B,Displacement of [3H]NMS from human muscarinic M2 receptor expressed in CHO-K1 cells after 16 hrs by scintillation proximity assay,CHEMBL1287723,P08172,Muscarinic acetylcholine receptor M2,IC50,Cc1nc(C(=O)N2CCOC3(CCN(Cc4ccc(Cl)cc4)CC3)C2)cs1,8.500038134403809
CHEMBL1289653,CHEMBL211,Muscarinic acetylcholine receptor M2,IC50,=,1.259,nM,CHEMBL1291431,B,Displacement of [3H]NMS from human muscarinic M2 receptor expressed in CHO-K1 cells after 16 hrs by scintillation proximity assay,CHEMBL1287723,P08172,Muscarinic acetylcholine receptor M2,IC50,Cc1nc(C(=O)N2CCOC3(CCN(Cc4cccc(Cl)c4)CC3)C2)cs1,8.899974269892137
CHEMBL1289654,CHEMBL211,Muscarinic acetylcholine receptor M2,IC50,=,3.162,nM,CHEMBL1291431,B,Displacement of [3H]NMS from human muscarinic M2 receptor expressed in CHO-K1 cells after 16 hrs by scintillation proximity assay,CHEMBL1287723,P08172,Muscarinic acetylcholine receptor M2,IC50,Cc1nc(C(=O)N2CCOC3(CCN(Cc4ccccc4Cl)CC3)C2)cs1,8.500038134403809
CHEMBL1289758,CHEMBL211,Muscarinic acetylcholine receptor M2,IC50,=,12.59,nM,CHEMBL1291431,B,Displacement of [3H]NMS from human muscarinic M2 receptor expressed in CHO-K1 cells after 16 hrs by scintillation proximity assay,CHEMBL1287723,P08172,Muscarinic acetylcholine receptor M2,IC50,CCc1nc(C(=O)N2CCOC3(CCN(Cc4ccc(Cl)cc4)CC3)C2)cs1,7.899974269892137
CHEMBL1289865,CHEMBL211,Muscarinic acetylcholine receptor M2,IC50,=,31.62,nM,CHEMBL1291431,B,Displacement of [3H]NMS from human muscarinic M2 receptor expressed in CHO-K1 cells after 16 hrs by scintillation proximity assay,CHEMBL1287723,P08172,Muscarinic acetylcholine receptor M2,IC50,CC(C)c1nc(C(=O)N2CCOC3(CCN(Cc4ccc(Cl)cc4)CC3)C2)cs1,7.50003813440381
CHEMBL1289866,CHEMBL211,Muscarinic acetylcholine receptor M2,IC50,=,15.85,nM,CHEMBL1291431,B,Displacement of [3H]NMS from human muscarinic M2 receptor expressed in CHO-K1 cells after 16 hrs by scintillation proximity assay,CHEMBL1287723,P08172,Muscarinic acetylcholine receptor M2,IC50,CC(C)c1nc(C(=O)N2CCOC3(CCN(Cc4ccccc4)CC3)C2)cs1,7.79997073344623
CHEMBL1289982,CHEMBL211,Muscarinic acetylcholine receptor M2,IC50,=,25.12,nM,CHEMBL1291431,B,Displacement of [3H]NMS from human muscarinic M2 receptor expressed in CHO-K1 cells after 16 hrs by scintillation proximity assay,CHEMBL1287723,P08172,Muscarinic acetylcholine receptor M2,IC50,CC(C)c1nc(C(=O)N2CCOC3(CCN(Cc4ccccc4Cl)CC3)C2)cs1,7.599980364934842
CHEMBL1289983,CHEMBL211,Muscarinic acetylcholine receptor M2,IC50,=,10.0,nM,CHEMBL1291431,B,Displacement of [3H]NMS from human muscarinic M2 receptor expressed in CHO-K1 cells after 16 hrs by scintillation proximity assay,CHEMBL1287723,P08172,Muscarinic acetylcholine receptor M2,IC50,CC(C)c1nc(C(=O)N2CCOC3(CCN(Cc4cccc(Cl)c4)CC3)C2)cs1,8.0
CHEMBL1290077,CHEMBL211,Muscarinic acetylcholine receptor M2,IC50,=,794.33,nM,CHEMBL1291431,B,Displacement of [3H]NMS from human muscarinic M2 receptor expressed in CHO-K1 cells after 16 hrs by scintillation proximity assay,CHEMBL1287723,P08172,Muscarinic acetylcholine receptor M2,IC50,Cc1ccccc1CN1CCC2(CC1)CN(C(=O)c1csc(C(C)C)n1)CCO2,6.0999990348465305
CHEMBL500996,CHEMBL211,Muscarinic acetylcholine receptor M2,IC50,=,34.0,nM,CHEMBL1663600,B,Inhibition of human muscarinic M2 receptor,CHEMBL1649335,P08172,Muscarinic acetylcholine receptor M2,IC50,COc1ccccc1CNCCCCCCNCCCCCCCCNCCCCCCNCc1ccccc1OC.Cl.Cl.Cl.Cl,7.468521082957745
CHEMBL1779031,CHEMBL211,Muscarinic acetylcholine receptor M2,IC50,=,2779.0,nM,CHEMBL1781311,B,Displacement of [3H]NMS from human muscarinic M2 receptor expressed in CHO-K1 cells after 1 hr by scintillation counting,CHEMBL1777779,P08172,Muscarinic acetylcholine receptor M2,IC50,O=C(O[C@H]1CN2CCC1CC2)N(c1ccccc1)c1ccccc1,5.556111453222628
CHEMBL1777826,CHEMBL211,Muscarinic acetylcholine receptor M2,IC50,=,3.7,nM,CHEMBL1781311,B,Displacement of [3H]NMS from human muscarinic M2 receptor expressed in CHO-K1 cells after 1 hr by scintillation counting,CHEMBL1777779,P08172,Muscarinic acetylcholine receptor M2,IC50,O=C(O[C@H]1CN2CCC1CC2)N(Cc1ccccc1)c1ccccc1,8.431798275933005
CHEMBL1779032,CHEMBL211,Muscarinic acetylcholine receptor M2,IC50,=,42.1,nM,CHEMBL1781311,B,Displacement of [3H]NMS from human muscarinic M2 receptor expressed in CHO-K1 cells after 1 hr by scintillation counting,CHEMBL1777779,P08172,Muscarinic acetylcholine receptor M2,IC50,O=C(O[C@H]1CN2CCC1CC2)N(CCc1ccccc1)c1ccccc1,7.375717904164332
CHEMBL1779033,CHEMBL211,Muscarinic acetylcholine receptor M2,IC50,=,1.8,nM,CHEMBL1781311,B,Displacement of [3H]NMS from human muscarinic M2 receptor expressed in CHO-K1 cells after 1 hr by scintillation counting,CHEMBL1777779,P08172,Muscarinic acetylcholine receptor M2,IC50,O=C(O[C@H]1CN2CCC1CC2)N(Cc1cccs1)c1ccccc1,8.744727494896694
CHEMBL1779034,CHEMBL211,Muscarinic acetylcholine receptor M2,IC50,=,4.7,nM,CHEMBL1781311,B,Displacement of [3H]NMS from human muscarinic M2 receptor expressed in CHO-K1 cells after 1 hr by scintillation counting,CHEMBL1777779,P08172,Muscarinic acetylcholine receptor M2,IC50,O=C(O[C@H]1CN2CCC1CC2)N(Cc1ccsc1)c1ccccc1,8.327902142064282
CHEMBL1779035,CHEMBL211,Muscarinic acetylcholine receptor M2,IC50,=,349.3,nM,CHEMBL1781311,B,Displacement of [3H]NMS from human muscarinic M2 receptor expressed in CHO-K1 cells after 1 hr by scintillation counting,CHEMBL1777779,P08172,Muscarinic acetylcholine receptor M2,IC50,CCCN(C(=O)O[C@H]1CN2CCC1CC2)c1ccccc1,6.456801414362353
CHEMBL1779036,CHEMBL211,Muscarinic acetylcholine receptor M2,IC50,=,22.9,nM,CHEMBL1781311,B,Displacement of [3H]NMS from human muscarinic M2 receptor expressed in CHO-K1 cells after 1 hr by scintillation counting,CHEMBL1777779,P08172,Muscarinic acetylcholine receptor M2,IC50,CCCCN(C(=O)O[C@H]1CN2CCC1CC2)c1ccccc1,7.6401645176601125
CHEMBL1779037,CHEMBL211,Muscarinic acetylcholine receptor M2,IC50,=,13.6,nM,CHEMBL1781311,B,Displacement of [3H]NMS from human muscarinic M2 receptor expressed in CHO-K1 cells after 1 hr by scintillation counting,CHEMBL1777779,P08172,Muscarinic acetylcholine receptor M2,IC50,CCCCCN(C(=O)O[C@H]1CN2CCC1CC2)c1ccccc1,7.866461091629782
CHEMBL1779038,CHEMBL211,Muscarinic acetylcholine receptor M2,IC50,=,1364.9,nM,CHEMBL1781311,B,Displacement of [3H]NMS from human muscarinic M2 receptor expressed in CHO-K1 cells after 1 hr by scintillation counting,CHEMBL1777779,P08172,Muscarinic acetylcholine receptor M2,IC50,CC(C)N(C(=O)O[C@H]1CN2CCC1CC2)c1ccccc1,5.864899166234281
CHEMBL1779039,CHEMBL211,Muscarinic acetylcholine receptor M2,IC50,=,88.9,nM,CHEMBL1781311,B,Displacement of [3H]NMS from human muscarinic M2 receptor expressed in CHO-K1 cells after 1 hr by scintillation counting,CHEMBL1777779,P08172,Muscarinic acetylcholine receptor M2,IC50,O=C(O[C@H]1CN2CCC1CC2)N(Cc1ccccc1)Cc1cccs1,7.051098239029786
CHEMBL1779040,CHEMBL211,Muscarinic acetylcholine receptor M2,IC50,=,22.7,nM,CHEMBL1781311,B,Displacement of [3H]NMS from human muscarinic M2 receptor expressed in CHO-K1 cells after 1 hr by scintillation counting,CHEMBL1777779,P08172,Muscarinic acetylcholine receptor M2,IC50,O=C(O[C@H]1CN2CCC1CC2)N(Cc1cccs1)Cc1cccs1,7.6439741428068775
CHEMBL1779041,CHEMBL211,Muscarinic acetylcholine receptor M2,IC50,=,76.2,nM,CHEMBL1781311,B,Displacement of [3H]NMS from human muscarinic M2 receptor expressed in CHO-K1 cells after 1 hr by scintillation counting,CHEMBL1777779,P08172,Muscarinic acetylcholine receptor M2,IC50,CCCCN(Cc1cccs1)C(=O)O[C@H]1CN2CCC1CC2,7.1180450286604
CHEMBL1779042,CHEMBL211,Muscarinic acetylcholine receptor M2,IC50,=,195.6,nM,CHEMBL1781311,B,Displacement of [3H]NMS from human muscarinic M2 receptor expressed in CHO-K1 cells after 1 hr by scintillation counting,CHEMBL1777779,P08172,Muscarinic acetylcholine receptor M2,IC50,Cc1ccc(N(Cc2ccccc2)C(=O)O[C@H]2CN3CCC2CC3)cc1,6.708631149548417
CHEMBL1779043,CHEMBL211,Muscarinic acetylcholine receptor M2,IC50,=,115.7,nM,CHEMBL1781311,B,Displacement of [3H]NMS from human muscarinic M2 receptor expressed in CHO-K1 cells after 1 hr by scintillation counting,CHEMBL1777779,P08172,Muscarinic acetylcholine receptor M2,IC50,O=C(O[C@H]1CN2CCC1CC2)N(Cc1ccccc1)c1ccc(F)cc1,6.93666664104825
CHEMBL1779044,CHEMBL211,Muscarinic acetylcholine receptor M2,IC50,=,26.8,nM,CHEMBL1781311,B,Displacement of [3H]NMS from human muscarinic M2 receptor expressed in CHO-K1 cells after 1 hr by scintillation counting,CHEMBL1777779,P08172,Muscarinic acetylcholine receptor M2,IC50,O=C(O[C@H]1CN2CCC1CC2)N(Cc1cccc(F)c1)c1cccc(F)c1,7.571865205971211
CHEMBL1779045,CHEMBL211,Muscarinic acetylcholine receptor M2,IC50,=,45.8,nM,CHEMBL1781311,B,Displacement of [3H]NMS from human muscarinic M2 receptor expressed in CHO-K1 cells after 1 hr by scintillation counting,CHEMBL1777779,P08172,Muscarinic acetylcholine receptor M2,IC50,Cc1cccc(N(Cc2cc(F)c(F)cc2F)C(=O)O[C@H]2CN3CCC2CC3)c1,7.339134521996131
CHEMBL1779046,CHEMBL211,Muscarinic acetylcholine receptor M2,IC50,=,97.3,nM,CHEMBL1781311,B,Displacement of [3H]NMS from human muscarinic M2 receptor expressed in CHO-K1 cells after 1 hr by scintillation counting,CHEMBL1777779,P08172,Muscarinic acetylcholine receptor M2,IC50,O=C(O[C@H]1CN2CCC1CC2)N(Cc1cc(F)c(F)c(F)c1)c1cccc(F)c1,7.011887159731648
CHEMBL1200803,CHEMBL211,Muscarinic acetylcholine receptor M2,IC50,=,573.7,nM,CHEMBL1781311,B,Displacement of [3H]NMS from human muscarinic M2 receptor expressed in CHO-K1 cells after 1 hr by scintillation counting,CHEMBL1777779,P08172,Muscarinic acetylcholine receptor M2,IC50,O=C(O)CCC(=O)O.O=C(O[C@H]1CN2CCC1CC2)N1CCc2ccccc2[C@@H]1c1ccccc1,6.241315150117559
CHEMBL1779047,CHEMBL211,Muscarinic acetylcholine receptor M2,IC50,=,14.5,nM,CHEMBL1781311,B,Displacement of [3H]NMS from human muscarinic M2 receptor expressed in CHO-K1 cells after 1 hr by scintillation counting,CHEMBL1777779,P08172,Muscarinic acetylcholine receptor M2,IC50,Cl.O=C(Nc1ccccc1-c1ccccc1)OC12CCN(CC1)CC2,7.838631997765026
CHEMBL1779048,CHEMBL211,Muscarinic acetylcholine receptor M2,IC50,=,50.9,nM,CHEMBL1781311,B,Displacement of [3H]NMS from human muscarinic M2 receptor expressed in CHO-K1 cells after 1 hr by scintillation counting,CHEMBL1777779,P08172,Muscarinic acetylcholine receptor M2,IC50,O=C(O[C@H]1C[N+]2(CCc3ccccc3)CCC1CC2)N(Cc1ccccc1)c1ccccc1.[Br-],7.293282217663242
CHEMBL1779049,CHEMBL211,Muscarinic acetylcholine receptor M2,IC50,=,4.0,nM,CHEMBL1781311,B,Displacement of [3H]NMS from human muscarinic M2 receptor expressed in CHO-K1 cells after 1 hr by scintillation counting,CHEMBL1777779,P08172,Muscarinic acetylcholine receptor M2,IC50,O=C(O[C@H]1C[N+]2(CCCc3ccccc3)CCC1CC2)N(Cc1ccccc1)c1ccccc1.[Br-],8.397940008672037
CHEMBL1779128,CHEMBL211,Muscarinic acetylcholine receptor M2,IC50,=,7.6,nM,CHEMBL1781311,B,Displacement of [3H]NMS from human muscarinic M2 receptor expressed in CHO-K1 cells after 1 hr by scintillation counting,CHEMBL1777779,P08172,Muscarinic acetylcholine receptor M2,IC50,O=C(O[C@H]1C[N+]2(CCCc3cccs3)CCC1CC2)N(Cc1ccccc1)c1ccccc1.[Br-],8.119186407719209
CHEMBL1779129,CHEMBL211,Muscarinic acetylcholine receptor M2,IC50,=,3.9,nM,CHEMBL1781311,B,Displacement of [3H]NMS from human muscarinic M2 receptor expressed in CHO-K1 cells after 1 hr by scintillation counting,CHEMBL1777779,P08172,Muscarinic acetylcholine receptor M2,IC50,O=C(O[C@H]1C[N+]2(CCOc3ccccc3)CCC1CC2)N(Cc1ccccc1)c1ccccc1.[Br-],8.4089353929735
CHEMBL1779130,CHEMBL211,Muscarinic acetylcholine receptor M2,IC50,=,33.1,nM,CHEMBL1781311,B,Displacement of [3H]NMS from human muscarinic M2 receptor expressed in CHO-K1 cells after 1 hr by scintillation counting,CHEMBL1777779,P08172,Muscarinic acetylcholine receptor M2,IC50,C[N+]12CCC(CC1)[C@@H](OC(=O)N(Cc1cccs1)c1ccccc1)C2.[Br-],7.480172006224281
CHEMBL1777827,CHEMBL211,Muscarinic acetylcholine receptor M2,IC50,=,3.2,nM,CHEMBL1781311,B,Displacement of [3H]NMS from human muscarinic M2 receptor expressed in CHO-K1 cells after 1 hr by scintillation counting,CHEMBL1777779,P08172,Muscarinic acetylcholine receptor M2,IC50,O=C(O[C@H]1C[N+]2(CCCc3cccs3)CCC1CC2)N(Cc1cccs1)c1ccccc1.[Br-],8.494850021680094
CHEMBL1779131,CHEMBL211,Muscarinic acetylcholine receptor M2,IC50,=,1.1,nM,CHEMBL1781311,B,Displacement of [3H]NMS from human muscarinic M2 receptor expressed in CHO-K1 cells after 1 hr by scintillation counting,CHEMBL1777779,P08172,Muscarinic acetylcholine receptor M2,IC50,O=C(O[C@H]1C[N+]2(CCOc3ccccc3)CCC1CC2)N(Cc1cccs1)c1ccccc1.[Br-],8.958607314841775
CHEMBL1779132,CHEMBL211,Muscarinic acetylcholine receptor M2,IC50,=,8.4,nM,CHEMBL1781311,B,Displacement of [3H]NMS from human muscarinic M2 receptor expressed in CHO-K1 cells after 1 hr by scintillation counting,CHEMBL1777779,P08172,Muscarinic acetylcholine receptor M2,IC50,O=C(O[C@H]1C[N+]2(CCCc3cccs3)CCC1CC2)N(Cc1ccsc1)c1ccccc1.[Br-],8.075720713938118
CHEMBL1779133,CHEMBL211,Muscarinic acetylcholine receptor M2,IC50,=,1.6,nM,CHEMBL1781311,B,Displacement of [3H]NMS from human muscarinic M2 receptor expressed in CHO-K1 cells after 1 hr by scintillation counting,CHEMBL1777779,P08172,Muscarinic acetylcholine receptor M2,IC50,O=C(O[C@H]1C[N+]2(CCOc3ccccc3)CCC1CC2)N(Cc1ccsc1)c1ccccc1.[Br-],8.795880017344075
CHEMBL1779134,CHEMBL211,Muscarinic acetylcholine receptor M2,IC50,=,120.8,nM,CHEMBL1781311,B,Displacement of [3H]NMS from human muscarinic M2 receptor expressed in CHO-K1 cells after 1 hr by scintillation counting,CHEMBL1777779,P08172,Muscarinic acetylcholine receptor M2,IC50,CCCCN(C(=O)O[C@H]1C[N+]2(CCc3ccccc3)CCC1CC2)c1ccccc1.[Br-],6.917933065714887
CHEMBL1779135,CHEMBL211,Muscarinic acetylcholine receptor M2,IC50,=,17.7,nM,CHEMBL1781311,B,Displacement of [3H]NMS from human muscarinic M2 receptor expressed in CHO-K1 cells after 1 hr by scintillation counting,CHEMBL1777779,P08172,Muscarinic acetylcholine receptor M2,IC50,CCCCN(C(=O)O[C@H]1C[N+]2(CCCc3ccccc3)CCC1CC2)c1ccccc1.[Br-],7.752026733638194
CHEMBL1779136,CHEMBL211,Muscarinic acetylcholine receptor M2,IC50,=,10.9,nM,CHEMBL1781311,B,Displacement of [3H]NMS from human muscarinic M2 receptor expressed in CHO-K1 cells after 1 hr by scintillation counting,CHEMBL1777779,P08172,Muscarinic acetylcholine receptor M2,IC50,CCCCN(C(=O)O[C@H]1C[N+]2(CCCc3cccs3)CCC1CC2)c1ccccc1.[Br-],7.962573502059376
CHEMBL1779137,CHEMBL211,Muscarinic acetylcholine receptor M2,IC50,=,8.9,nM,CHEMBL1781311,B,Displacement of [3H]NMS from human muscarinic M2 receptor expressed in CHO-K1 cells after 1 hr by scintillation counting,CHEMBL1777779,P08172,Muscarinic acetylcholine receptor M2,IC50,CCCCN(C(=O)O[C@H]1C[N+]2(CCOc3ccccc3)CCC1CC2)c1ccccc1.[Br-],8.050609993355087
CHEMBL1779138,CHEMBL211,Muscarinic acetylcholine receptor M2,IC50,=,29.8,nM,CHEMBL1781311,B,Displacement of [3H]NMS from human muscarinic M2 receptor expressed in CHO-K1 cells after 1 hr by scintillation counting,CHEMBL1777779,P08172,Muscarinic acetylcholine receptor M2,IC50,Cc1cccc(N(Cc2cc(F)c(F)cc2F)C(=O)O[C@H]2C[N+]3(CCCc4ccccc4)CCC2CC3)c1.[Br-],7.525783735923745
CHEMBL1779139,CHEMBL211,Muscarinic acetylcholine receptor M2,IC50,=,28.0,nM,CHEMBL1781311,B,Displacement of [3H]NMS from human muscarinic M2 receptor expressed in CHO-K1 cells after 1 hr by scintillation counting,CHEMBL1777779,P08172,Muscarinic acetylcholine receptor M2,IC50,Cc1cccc(N(Cc2cc(F)c(F)cc2F)C(=O)O[C@H]2C[N+]3(CCOc4ccccc4)CCC2CC3)c1.[Br-],7.552841968657781
CHEMBL1779140,CHEMBL211,Muscarinic acetylcholine receptor M2,IC50,=,14.4,nM,CHEMBL1781311,B,Displacement of [3H]NMS from human muscarinic M2 receptor expressed in CHO-K1 cells after 1 hr by scintillation counting,CHEMBL1777779,P08172,Muscarinic acetylcholine receptor M2,IC50,O=C(O[C@H]1C[N+]2(CCOc3ccccc3)CCC1CC2)N(Cc1cc(F)c(F)c(F)c1)c1cccc(F)c1.[Br-],7.84163750790475
CHEMBL221753,CHEMBL211,Muscarinic acetylcholine receptor M2,IC50,=,574.0,nM,CHEMBL1909171,B,DRUGMATRIX: Muscarinic M2 radioligand binding (ligand: [3H] N-Methylscopolamine),CHEMBL1909046,P08172,Muscarinic acetylcholine receptor M2,IC50,CC(C)(C)CC(C)(C)c1ccc(OCCOCC[N+](C)(C)Cc2ccccc2)cc1.[Cl-],6.241088107602026
CHEMBL517712,CHEMBL211,Muscarinic acetylcholine receptor M2,IC50,=,3.735,nM,CHEMBL1909171,B,DRUGMATRIX: Muscarinic M2 radioligand binding (ligand: [3H] N-Methylscopolamine),CHEMBL1909046,P08172,Muscarinic acetylcholine receptor M2,IC50,CN1[C@@H]2CC[C@H]1C[C@@H](OC(=O)C(CO)c1ccccc1)C2,8.427709393848582
CHEMBL1201203,CHEMBL211,Muscarinic acetylcholine receptor M2,IC50,=,10.0,nM,CHEMBL1909171,B,DRUGMATRIX: Muscarinic M2 radioligand binding (ligand: [3H] N-Methylscopolamine),CHEMBL1909046,P08172,Muscarinic acetylcholine receptor M2,IC50,CN1[C@@H]2CC[C@H]1C[C@@H](OC(c1ccccc1)c1ccccc1)C2,8.0
CHEMBL296419,CHEMBL211,Muscarinic acetylcholine receptor M2,IC50,=,1409.0,nM,CHEMBL1909171,B,DRUGMATRIX: Muscarinic M2 radioligand binding (ligand: [3H] N-Methylscopolamine),CHEMBL1909046,P08172,Muscarinic acetylcholine receptor M2,IC50,COc1ccc(CCN2CCC(Nc3nc4ccccc4n3Cc3ccc(F)cc3)CC2)cc1,5.851089006890644
CHEMBL1113,CHEMBL211,Muscarinic acetylcholine receptor M2,IC50,=,2623.0,nM,CHEMBL1909171,B,DRUGMATRIX: Muscarinic M2 radioligand binding (ligand: [3H] N-Methylscopolamine),CHEMBL1909046,P08172,Muscarinic acetylcholine receptor M2,IC50,Clc1ccc2c(c1)C(N1CCNCC1)=Nc1ccccc1O2,5.581201709409647
CHEMBL195437,CHEMBL211,Muscarinic acetylcholine receptor M2,IC50,=,12466.0,nM,CHEMBL1909171,B,DRUGMATRIX: Muscarinic M2 radioligand binding (ligand: [3H] N-Methylscopolamine),CHEMBL1909046,P08172,Muscarinic acetylcholine receptor M2,IC50,CCCCCCCCc1ccc(O)cc1,4.90427287744402
CHEMBL633,CHEMBL211,Muscarinic acetylcholine receptor M2,IC50,=,5080.0,nM,CHEMBL1909171,B,DRUGMATRIX: Muscarinic M2 radioligand binding (ligand: [3H] N-Methylscopolamine),CHEMBL1909046,P08172,Muscarinic acetylcholine receptor M2,IC50,CCCCc1oc2ccccc2c1C(=O)c1cc(I)c(OCCN(CC)CC)c(I)c1,5.29413628771608
CHEMBL629,CHEMBL211,Muscarinic acetylcholine receptor M2,IC50,=,81.0,nM,CHEMBL1909171,B,DRUGMATRIX: Muscarinic M2 radioligand binding (ligand: [3H] N-Methylscopolamine),CHEMBL1909046,P08172,Muscarinic acetylcholine receptor M2,IC50,CN(C)CCC=C1c2ccccc2CCc2ccccc21,7.0915149811213505
CHEMBL1200993,CHEMBL211,Muscarinic acetylcholine receptor M2,IC50,=,1999.0,nM,CHEMBL1909171,B,DRUGMATRIX: Muscarinic M2 radioligand binding (ligand: [3H] N-Methylscopolamine),CHEMBL1909046,P08172,Muscarinic acetylcholine receptor M2,IC50,CC[N+](CC)(CC)CCOc1cccc(OCC[N+](CC)(CC)CC)c1OCC[N+](CC)(CC)CC.[I-].[I-].[I-],5.699187205881883
CHEMBL305660,CHEMBL211,Muscarinic acetylcholine receptor M2,IC50,=,786.0,nM,CHEMBL1909171,B,DRUGMATRIX: Muscarinic M2 radioligand binding (ligand: [3H] N-Methylscopolamine),CHEMBL1909046,P08172,Muscarinic acetylcholine receptor M2,IC50,CC(C)(C)c1ccc(C(=O)CCCN2CCC(OC(c3ccccc3)c3ccccc3)CC2)cc1,6.104577453960593
CHEMBL1902981,CHEMBL211,Muscarinic acetylcholine receptor M2,IC50,=,2338.0,nM,CHEMBL1909171,B,DRUGMATRIX: Muscarinic M2 radioligand binding (ligand: [3H] N-Methylscopolamine),CHEMBL1909046,P08172,Muscarinic acetylcholine receptor M2,IC50,CCc1ccc(C(=O)C(C)CN2CCCCC2)cc1,5.6311554931741785
CHEMBL64894,CHEMBL211,Muscarinic acetylcholine receptor M2,IC50,=,1430.0,nM,CHEMBL1909171,B,DRUGMATRIX: Muscarinic M2 radioligand binding (ligand: [3H] N-Methylscopolamine),CHEMBL1909046,P08172,Muscarinic acetylcholine receptor M2,IC50,CN(C)c1ccc(C(=C2C=CC(=[N+](C)C)C=C2)c2ccc(N(C)C)cc2)cc1.[Cl-],5.844663962534938
CHEMBL1535,CHEMBL211,Muscarinic acetylcholine receptor M2,IC50,=,2951.0,nM,CHEMBL1909171,B,DRUGMATRIX: Muscarinic M2 radioligand binding (ligand: [3H] N-Methylscopolamine),CHEMBL1909046,P08172,Muscarinic acetylcholine receptor M2,IC50,CCN(CCO)CCCC(C)Nc1ccnc2cc(Cl)ccc12,5.5300307905000405
CHEMBL808,CHEMBL211,Muscarinic acetylcholine receptor M2,IC50,=,3256.0,nM,CHEMBL1909171,B,DRUGMATRIX: Muscarinic M2 radioligand binding (ligand: [3H] N-Methylscopolamine),CHEMBL1909046,P08172,Muscarinic acetylcholine receptor M2,IC50,Clc1ccc(COC(Cn2ccnc2)c2ccc(Cl)cc2Cl)cc1,5.487315603782836
CHEMBL1200623,CHEMBL211,Muscarinic acetylcholine receptor M2,IC50,=,292.0,nM,CHEMBL1909171,B,DRUGMATRIX: Muscarinic M2 radioligand binding (ligand: [3H] N-Methylscopolamine),CHEMBL1909046,P08172,Muscarinic acetylcholine receptor M2,IC50,CC[C@]1(O)CC[C@H]2[C@@H]3CCC4=CCCC[C@@H]4[C@H]3CC[C@@]21C,6.534617148551582
CHEMBL1319362,CHEMBL211,Muscarinic acetylcholine receptor M2,IC50,=,212.0,nM,CHEMBL1909171,B,DRUGMATRIX: Muscarinic M2 radioligand binding (ligand: [3H] N-Methylscopolamine),CHEMBL1909046,P08172,Muscarinic acetylcholine receptor M2,IC50,Br.CN1[C@@H]2CC[C@H]1C[C@@H](OC(=O)C(O)c1ccccc1)C2,6.673664139071248
CHEMBL726,CHEMBL211,Muscarinic acetylcholine receptor M2,IC50,=,7481.0,nM,CHEMBL1909171,B,DRUGMATRIX: Muscarinic M2 radioligand binding (ligand: [3H] N-Methylscopolamine),CHEMBL1909046,P08172,Muscarinic acetylcholine receptor M2,IC50,OCCN1CCN(CCCN2c3ccccc3Sc3ccc(C(F)(F)F)cc32)CC1,5.126040345256647
CHEMBL1201353,CHEMBL211,Muscarinic acetylcholine receptor M2,IC50,=,6994.0,nM,CHEMBL1909171,B,DRUGMATRIX: Muscarinic M2 radioligand binding (ligand: [3H] N-Methylscopolamine),CHEMBL1909046,P08172,Muscarinic acetylcholine receptor M2,IC50,CN(C)CC[C@@H](c1ccc(Cl)cc1)c1ccccn1,5.155274372026774
CHEMBL334255,CHEMBL211,Muscarinic acetylcholine receptor M2,IC50,=,116.0,nM,CHEMBL1909171,B,DRUGMATRIX: Muscarinic M2 radioligand binding (ligand: [3H] N-Methylscopolamine),CHEMBL1909046,P08172,Muscarinic acetylcholine receptor M2,IC50,CCCCCCCCCCCCCCCC[n+]1ccccc1.[Br-],6.935542010773082
CHEMBL657,CHEMBL211,Muscarinic acetylcholine receptor M2,IC50,=,1050.0,nM,CHEMBL1909171,B,DRUGMATRIX: Muscarinic M2 radioligand binding (ligand: [3H] N-Methylscopolamine),CHEMBL1909046,P08172,Muscarinic acetylcholine receptor M2,IC50,CN(C)CCOC(c1ccccc1)c1ccccc1,5.978810700930062
CHEMBL936,CHEMBL211,Muscarinic acetylcholine receptor M2,IC50,=,770.0,nM,CHEMBL1909171,B,DRUGMATRIX: Muscarinic M2 radioligand binding (ligand: [3H] N-Methylscopolamine),CHEMBL1909046,P08172,Muscarinic acetylcholine receptor M2,IC50,OC(CCCN1CCCCC1)(c1ccccc1)c1ccccc1,6.113509274827518
CHEMBL7002,CHEMBL211,Muscarinic acetylcholine receptor M2,IC50,=,21107.0,nM,CHEMBL1909171,B,DRUGMATRIX: Muscarinic M2 radioligand binding (ligand: [3H] N-Methylscopolamine),CHEMBL1909046,P08172,Muscarinic acetylcholine receptor M2,IC50,CC1(COc2ccc(CC3SC(=O)NC3=O)cc2)CCCCC1,4.675573489858268
CHEMBL1628227,CHEMBL211,Muscarinic acetylcholine receptor M2,IC50,=,258.0,nM,CHEMBL1909171,B,DRUGMATRIX: Muscarinic M2 radioligand binding (ligand: [3H] N-Methylscopolamine),CHEMBL1909046,P08172,Muscarinic acetylcholine receptor M2,IC50,CN(C)CCC=C1c2ccccc2COc2ccccc21,6.58838029403677
CHEMBL1123,CHEMBL211,Muscarinic acetylcholine receptor M2,IC50,=,46.0,nM,CHEMBL1909171,B,DRUGMATRIX: Muscarinic M2 radioligand binding (ligand: [3H] N-Methylscopolamine),CHEMBL1909046,P08172,Muscarinic acetylcholine receptor M2,IC50,CCN(CC)CCOC(=O)C1(C2CCCCC2)CCCCC1,7.337242168318426
CHEMBL648,CHEMBL211,Muscarinic acetylcholine receptor M2,IC50,=,1158.0,nM,CHEMBL1909171,B,DRUGMATRIX: Muscarinic M2 radioligand binding (ligand: [3H] N-Methylscopolamine),CHEMBL1909046,P08172,Muscarinic acetylcholine receptor M2,IC50,CN1CCN(C(c2ccccc2)c2ccccc2)CC1,5.936291440608583
CHEMBL104,CHEMBL211,Muscarinic acetylcholine receptor M2,IC50,=,14531.0,nM,CHEMBL1909171,B,DRUGMATRIX: Muscarinic M2 radioligand binding (ligand: [3H] N-Methylscopolamine),CHEMBL1909046,P08172,Muscarinic acetylcholine receptor M2,IC50,Clc1ccccc1C(c1ccccc1)(c1ccccc1)n1ccnc1,4.837704497227247
CHEMBL1172,CHEMBL211,Muscarinic acetylcholine receptor M2,IC50,=,107.0,nM,CHEMBL1909171,B,DRUGMATRIX: Muscarinic M2 radioligand binding (ligand: [3H] N-Methylscopolamine),CHEMBL1909046,P08172,Muscarinic acetylcholine receptor M2,IC50,Clc1ccc2c(c1)CCc1cccnc1C2=C1CCNCC1,6.97061622231479
CHEMBL954,CHEMBL211,Muscarinic acetylcholine receptor M2,IC50,=,3628.0,nM,CHEMBL1909171,B,DRUGMATRIX: Muscarinic M2 radioligand binding (ligand: [3H] N-Methylscopolamine),CHEMBL1909046,P08172,Muscarinic acetylcholine receptor M2,IC50,CCN(CC)CCOc1ccc(/C(=C(/Cl)c2ccccc2)c2ccccc2)cc1,5.440332721611942
CHEMBL42,CHEMBL211,Muscarinic acetylcholine receptor M2,IC50,=,476.0,nM,CHEMBL1909171,B,DRUGMATRIX: Muscarinic M2 radioligand binding (ligand: [3H] N-Methylscopolamine),CHEMBL1909046,P08172,Muscarinic acetylcholine receptor M2,IC50,CN1CCN(C2=Nc3cc(Cl)ccc3Nc3ccccc32)CC1,6.3223930472795065
CHEMBL1200406,CHEMBL211,Muscarinic acetylcholine receptor M2,IC50,=,461.0,nM,CHEMBL1909171,B,DRUGMATRIX: Muscarinic M2 radioligand binding (ligand: [3H] N-Methylscopolamine),CHEMBL1909046,P08172,Muscarinic acetylcholine receptor M2,IC50,CN(C)CCOC(c1ccccc1)c1ccccc1.Cn1c(=O)c2[nH]c(Cl)nc2n(C)c1=O,6.336299074610352
CHEMBL71,CHEMBL211,Muscarinic acetylcholine receptor M2,IC50,=,652.0,nM,CHEMBL1909171,B,DRUGMATRIX: Muscarinic M2 radioligand binding (ligand: [3H] N-Methylscopolamine),CHEMBL1909046,P08172,Muscarinic acetylcholine receptor M2,IC50,CN(C)CCCN1c2ccccc2Sc2ccc(Cl)cc21,6.185752404268079
CHEMBL415,CHEMBL211,Muscarinic acetylcholine receptor M2,IC50,=,241.0,nM,CHEMBL1909171,B,DRUGMATRIX: Muscarinic M2 radioligand binding (ligand: [3H] N-Methylscopolamine),CHEMBL1909046,P08172,Muscarinic acetylcholine receptor M2,IC50,CN(C)CCCN1c2ccccc2CCc2ccc(Cl)cc21,6.617982957425132
CHEMBL516,CHEMBL211,Muscarinic acetylcholine receptor M2,IC50,=,35.0,nM,CHEMBL1909171,B,DRUGMATRIX: Muscarinic M2 radioligand binding (ligand: [3H] N-Methylscopolamine),CHEMBL1909046,P08172,Muscarinic acetylcholine receptor M2,IC50,CN1CCC(=C2c3ccccc3C=Cc3ccccc32)CC1,7.455931955649724
CHEMBL900,CHEMBL211,Muscarinic acetylcholine receptor M2,IC50,=,376.0,nM,CHEMBL1909171,B,DRUGMATRIX: Muscarinic M2 radioligand binding (ligand: [3H] N-Methylscopolamine),CHEMBL1909046,P08172,Muscarinic acetylcholine receptor M2,IC50,Cc1ccccc1C(OCCN(C)C)c1ccccc1,6.424812155072339
CHEMBL55,CHEMBL211,Muscarinic acetylcholine receptor M2,IC50,=,1425.0,nM,CHEMBL1909171,B,DRUGMATRIX: Muscarinic M2 radioligand binding (ligand: [3H] N-Methylscopolamine),CHEMBL1909046,P08172,Muscarinic acetylcholine receptor M2,IC50,N=C(N)c1ccc(OCCCCCOc2ccc(C(=N)N)cc2)cc1,5.846185135655471
CHEMBL490,CHEMBL211,Muscarinic acetylcholine receptor M2,IC50,=,532.0,nM,CHEMBL1909171,B,DRUGMATRIX: Muscarinic M2 radioligand binding (ligand: [3H] N-Methylscopolamine),CHEMBL1909046,P08172,Muscarinic acetylcholine receptor M2,IC50,Fc1ccc([C@@H]2CCNC[C@H]2COc2ccc3c(c2)OCO3)cc1,6.274088367704952
CHEMBL564,CHEMBL211,Muscarinic acetylcholine receptor M2,IC50,=,1089.0,nM,CHEMBL1909171,B,DRUGMATRIX: Muscarinic M2 radioligand binding (ligand: [3H] N-Methylscopolamine),CHEMBL1909046,P08172,Muscarinic acetylcholine receptor M2,IC50,CN(C)CCCN1c2ccccc2Sc2ccccc21,5.962972120244225
CHEMBL643,CHEMBL211,Muscarinic acetylcholine receptor M2,IC50,=,35.0,nM,CHEMBL1909171,B,DRUGMATRIX: Muscarinic M2 radioligand binding (ligand: [3H] N-Methylscopolamine),CHEMBL1909046,P08172,Muscarinic acetylcholine receptor M2,IC50,CC(CN1c2ccccc2Sc2ccccc21)N(C)C,7.455931955649724
CHEMBL445,CHEMBL211,Muscarinic acetylcholine receptor M2,IC50,=,347.0,nM,CHEMBL1909171,B,DRUGMATRIX: Muscarinic M2 radioligand binding (ligand: [3H] N-Methylscopolamine),CHEMBL1909046,P08172,Muscarinic acetylcholine receptor M2,IC50,CNCCC=C1c2ccccc2CCc2ccccc21,6.459670525209127
CHEMBL716,CHEMBL211,Muscarinic acetylcholine receptor M2,IC50,=,3344.7,nM,CHEMBL1909171,B,DRUGMATRIX: Muscarinic M2 radioligand binding (ligand: [3H] N-Methylscopolamine),CHEMBL1909046,P08172,Muscarinic acetylcholine receptor M2,IC50,OCCOCCN1CCN(C2=Nc3ccccc3Sc3ccccc32)CC1,5.475642829820656
CHEMBL1231,CHEMBL211,Muscarinic acetylcholine receptor M2,IC50,=,27.0,nM,CHEMBL1909171,B,DRUGMATRIX: Muscarinic M2 radioligand binding (ligand: [3H] N-Methylscopolamine),CHEMBL1909046,P08172,Muscarinic acetylcholine receptor M2,IC50,CCN(CC)CC#CCOC(=O)C(O)(c1ccccc1)C1CCCCC1,7.568636235841012
CHEMBL1909073,CHEMBL211,Muscarinic acetylcholine receptor M2,IC50,=,26.0,nM,CHEMBL1909171,B,DRUGMATRIX: Muscarinic M2 radioligand binding (ligand: [3H] N-Methylscopolamine),CHEMBL1909046,P08172,Muscarinic acetylcholine receptor M2,IC50,CC[N+]1(CCOC(=O)C(O)(c2ccccc2)c2ccccc2)CCCCC1.[Br-],7.585026652029182
CHEMBL728,CHEMBL211,Muscarinic acetylcholine receptor M2,IC50,=,3112.0,nM,CHEMBL1909171,B,DRUGMATRIX: Muscarinic M2 radioligand binding (ligand: [3H] N-Methylscopolamine),CHEMBL1909046,P08172,Muscarinic acetylcholine receptor M2,IC50,CN1CCN(CCCN2c3ccccc3Sc3ccc(Cl)cc32)CC1,5.506960411682348
CHEMBL7568,CHEMBL211,Muscarinic acetylcholine receptor M2,IC50,=,964.0,nM,CHEMBL1909171,B,DRUGMATRIX: Muscarinic M2 radioligand binding (ligand: [3H] N-Methylscopolamine),CHEMBL1909046,P08172,Muscarinic acetylcholine receptor M2,IC50,CCN(CC)CCCC(C)Nc1c2ccc(Cl)cc2nc2ccc(OC)cc12,6.015922966097169
CHEMBL534,CHEMBL211,Muscarinic acetylcholine receptor M2,IC50,=,838.0,nM,CHEMBL1909171,B,DRUGMATRIX: Muscarinic M2 radioligand binding (ligand: [3H] N-Methylscopolamine),CHEMBL1909046,P08172,Muscarinic acetylcholine receptor M2,IC50,CN1CCC(=C2c3ccccc3CC(=O)c3sccc32)CC1,6.076755981369724
CHEMBL21731,CHEMBL211,Muscarinic acetylcholine receptor M2,IC50,=,1927.0,nM,CHEMBL1909171,B,DRUGMATRIX: Muscarinic M2 radioligand binding (ligand: [3H] N-Methylscopolamine),CHEMBL1909046,P08172,Muscarinic acetylcholine receptor M2,IC50,CNCCCC12CCC(c3ccccc31)c1ccccc12,5.715118285344547
CHEMBL1354199,CHEMBL211,Muscarinic acetylcholine receptor M2,IC50,=,0.422,nM,CHEMBL1909171,B,DRUGMATRIX: Muscarinic M2 radioligand binding (ligand: [3H] N-Methylscopolamine),CHEMBL1909046,P08172,Muscarinic acetylcholine receptor M2,IC50,C[N+]1(C)[C@@H]2C[C@@H](OC(=O)[C@H](CO)c3ccccc3)C[C@H]1[C@@H]1O[C@@H]12.[Br-],9.374687549038326
CHEMBL6437,CHEMBL211,Muscarinic acetylcholine receptor M2,IC50,=,1078.0,nM,CHEMBL1909171,B,DRUGMATRIX: Muscarinic M2 radioligand binding (ligand: [3H] N-Methylscopolamine),CHEMBL1909046,P08172,Muscarinic acetylcholine receptor M2,IC50,CN1CCN2c3ccccc3Cc3ccccc3C2C1,5.9673812391492795
CHEMBL91,CHEMBL211,Muscarinic acetylcholine receptor M2,IC50,=,4336.0,nM,CHEMBL1909171,B,DRUGMATRIX: Muscarinic M2 radioligand binding (ligand: [3H] N-Methylscopolamine),CHEMBL1909046,P08172,Muscarinic acetylcholine receptor M2,IC50,Clc1ccc(COC(Cn2ccnc2)c2ccc(Cl)cc2Cl)c(Cl)c1,5.36291072646967
CHEMBL1221512,CHEMBL211,Muscarinic acetylcholine receptor M2,IC50,=,3568.0,nM,CHEMBL1909171,B,DRUGMATRIX: Muscarinic M2 radioligand binding (ligand: [3H] N-Methylscopolamine),CHEMBL1909046,P08172,Muscarinic acetylcholine receptor M2,IC50,CC[C@H](C)[C@@H](CO[C@@H](Cc1ccccc1)C(=O)N[C@@H](CCS(C)(=O)=O)C(=O)OC(C)C)NC[C@@H](N)CS,5.447575154295914
CHEMBL1411979,CHEMBL211,Muscarinic acetylcholine receptor M2,IC50,=,1665.0,nM,CHEMBL1909171,B,DRUGMATRIX: Muscarinic M2 radioligand binding (ligand: [3H] N-Methylscopolamine),CHEMBL1909046,P08172,Muscarinic acetylcholine receptor M2,IC50,CN(C)CCN(Cc1cccs1)c1ccccn1,5.778585762157661
CHEMBL157101,CHEMBL211,Muscarinic acetylcholine receptor M2,IC50,=,26346.0,nM,CHEMBL1909171,B,DRUGMATRIX: Muscarinic M2 radioligand binding (ligand: [3H] N-Methylscopolamine),CHEMBL1909046,P08172,Muscarinic acetylcholine receptor M2,IC50,CC(=O)N1CCN(c2ccc(OCC3COC(Cn4ccnc4)(c4ccc(Cl)cc4Cl)O3)cc2)CC1,4.579285312511969
CHEMBL395110,CHEMBL211,Muscarinic acetylcholine receptor M2,IC50,=,565.0,nM,CHEMBL1909171,B,DRUGMATRIX: Muscarinic M2 radioligand binding (ligand: [3H] N-Methylscopolamine),CHEMBL1909046,P08172,Muscarinic acetylcholine receptor M2,IC50,CN1CCCC(CN2c3ccccc3Sc3ccccc32)C1,6.247951552180561
CHEMBL58,CHEMBL211,Muscarinic acetylcholine receptor M2,IC50,=,219.0,nM,CHEMBL1909171,B,DRUGMATRIX: Muscarinic M2 radioligand binding (ligand: [3H] N-Methylscopolamine),CHEMBL1909046,P08172,Muscarinic acetylcholine receptor M2,IC50,O=C1c2c(O)ccc(O)c2C(=O)c2c(NCCNCCO)ccc(NCCNCCO)c21,6.6595558851598815
CHEMBL1490,CHEMBL211,Muscarinic acetylcholine receptor M2,IC50,=,34.0,nM,CHEMBL1909171,B,DRUGMATRIX: Muscarinic M2 radioligand binding (ligand: [3H] N-Methylscopolamine),CHEMBL1909046,P08172,Muscarinic acetylcholine receptor M2,IC50,OC(CCN1CCCCC1)(c1ccccc1)C1CCCCC1,7.468521082957745
CHEMBL2107687,CHEMBL211,Muscarinic acetylcholine receptor M2,IC50,=,55.0,nM,CHEMBL1909171,B,DRUGMATRIX: Muscarinic M2 radioligand binding (ligand: [3H] N-Methylscopolamine),CHEMBL1909046,P08172,Muscarinic acetylcholine receptor M2,IC50,CCC(C)C(C(=O)OCC[N+](C)(CC)CC)c1ccccc1.[Br-],7.259637310505756
CHEMBL1200604,CHEMBL211,Muscarinic acetylcholine receptor M2,IC50,=,105.0,nM,CHEMBL1909171,B,DRUGMATRIX: Muscarinic M2 radioligand binding (ligand: [3H] N-Methylscopolamine),CHEMBL1909046,P08172,Muscarinic acetylcholine receptor M2,IC50,CCN(Cc1ccncc1)C(=O)C(CO)c1ccccc1,6.978810700930062
CHEMBL479,CHEMBL211,Muscarinic acetylcholine receptor M2,IC50,=,106.0,nM,CHEMBL1909171,B,DRUGMATRIX: Muscarinic M2 radioligand binding (ligand: [3H] N-Methylscopolamine),CHEMBL1909046,P08172,Muscarinic acetylcholine receptor M2,IC50,CSc1ccc2c(c1)N(CCC1CCCCN1C)c1ccccc1S2,6.97469413473523
CHEMBL83,CHEMBL211,Muscarinic acetylcholine receptor M2,IC50,=,7793.0,nM,CHEMBL1909171,B,DRUGMATRIX: Muscarinic M2 radioligand binding (ligand: [3H] N-Methylscopolamine),CHEMBL1909046,P08172,Muscarinic acetylcholine receptor M2,IC50,CC/C(=C(\c1ccccc1)c1ccc(OCCN(C)C)cc1)c1ccccc1,5.108295323760817
CHEMBL809,CHEMBL211,Muscarinic acetylcholine receptor M2,IC50,=,2767.5,nM,CHEMBL1909171,B,DRUGMATRIX: Muscarinic M2 radioligand binding (ligand: [3H] N-Methylscopolamine),CHEMBL1909046,P08172,Muscarinic acetylcholine receptor M2,IC50,CN[C@H]1CC[C@@H](c2ccc(Cl)c(Cl)c2)c2ccccc21,5.557912370449239
CHEMBL1714574,CHEMBL211,Muscarinic acetylcholine receptor M2,IC50,=,12909.0,nM,CHEMBL1909171,B,DRUGMATRIX: Muscarinic M2 radioligand binding (ligand: [3H] N-Methylscopolamine),CHEMBL1909046,P08172,Muscarinic acetylcholine receptor M2,IC50,CC(C)N1CCN(c2ccc(OCC3COC(Cn4cncn4)(c4ccc(Cl)cc4Cl)O3)cc2)CC1,4.8891073991977825
CHEMBL1201335,CHEMBL211,Muscarinic acetylcholine receptor M2,IC50,=,0.1585,nM,CHEMBL1924274,B,Displacement of [3H]NMS from recombinant human M2 receptor expressed in CHO-K1 cells after 16 hrs,CHEMBL1921723,P08172,Muscarinic acetylcholine receptor M2,IC50,C[N+]1(C)CCC(OC(=O)C(O)(c2ccccc2)C2CCCC2)C1,9.79997073344623
CHEMBL3545181,CHEMBL211,Muscarinic acetylcholine receptor M2,IC50,=,0.0631,nM,CHEMBL1924274,B,Displacement of [3H]NMS from recombinant human M2 receptor expressed in CHO-K1 cells after 16 hrs,CHEMBL1921723,P08172,Muscarinic acetylcholine receptor M2,IC50,C[N+]1(C)[C@@H]2C[C@@H](OC(=O)C(O)(c3cccs3)c3cccs3)C[C@H]1[C@@H]1O[C@@H]12.O.[Br-],10.199970640755865
CHEMBL1945848,CHEMBL211,Muscarinic acetylcholine receptor M2,IC50,=,340.0,nM,CHEMBL1949038,B,Inhibition of muscarinic M2 receptor,CHEMBL1944524,P08172,Muscarinic acetylcholine receptor M2,IC50,Cc1nn(-c2ccccn2)c(=O)cc1-c1ccc(OC2CCN(C3CCC3)CC2)cc1,6.468521082957745
CHEMBL1949930,CHEMBL211,Muscarinic acetylcholine receptor M2,IC50,=,7900.0,nM,CHEMBL1953194,B,Inhibition of M2 receptor,CHEMBL1949541,P08172,Muscarinic acetylcholine receptor M2,IC50,COc1cc(OC(C)C)cc(S(=O)(=O)c2ccc3c(c2)O[C@H]2CNCC[C@@H]32)c1.Cl,5.102372908709558
CHEMBL4297354,CHEMBL211,Muscarinic acetylcholine receptor M2,IC50,=,80500.0,nM,CHEMBL2183214,B,Inhibition of muscarinic M2 receptor,CHEMBL2176918,P08172,Muscarinic acetylcholine receptor M2,IC50,Cc1nc(C)c(-c2ccc(C3CCC(CC(=O)O)CC3)cc2)nc1C(N)=O,4.094204119632131
CHEMBL2203713,CHEMBL211,Muscarinic acetylcholine receptor M2,IC50,=,3600.0,nM,CHEMBL2209831,B,Inhibition of muscarinic M2 receptor,CHEMBL2203205,P08172,Muscarinic acetylcholine receptor M2,IC50,N=C(Nc1ccc2c(c1)CCN2C1CCNCC1)c1cccs1,5.443697499232712
CHEMBL1180285,CHEMBL211,Muscarinic acetylcholine receptor M2,IC50,=,136.0,nM,CHEMBL2317632,B,Binding affinity to human M2 muscarinic receptor expressed in cell membranes by radioligand binding assay,CHEMBL2311283,P08172,Muscarinic acetylcholine receptor M2,IC50,CCN1CCC(c2ccccc2)=C(C(=O)OCCc2ccc(C)cc2)C1,6.866461091629782
CHEMBL1180284,CHEMBL211,Muscarinic acetylcholine receptor M2,IC50,=,1728.0,nM,CHEMBL2317632,B,Binding affinity to human M2 muscarinic receptor expressed in cell membranes by radioligand binding assay,CHEMBL2311283,P08172,Muscarinic acetylcholine receptor M2,IC50,CCN1CCC(c2ccccc2)=C(C(=O)OC)C1,5.762456261857126
CHEMBL1180343,CHEMBL211,Muscarinic acetylcholine receptor M2,IC50,=,38484.0,nM,CHEMBL2317632,B,Binding affinity to human M2 muscarinic receptor expressed in cell membranes by radioligand binding assay,CHEMBL2311283,P08172,Muscarinic acetylcholine receptor M2,IC50,CCN1CCC(c2ccccc2)=C(C(=O)OCCc2ccc(OC)cc2)C1,4.414719794023934
CHEMBL2391353,CHEMBL211,Muscarinic acetylcholine receptor M2,IC50,=,93000.0,nM,CHEMBL2395043,B,Binding affinity to M2 receptor (unknown origin) by radioligand displacement assay,CHEMBL2390872,P08172,Muscarinic acetylcholine receptor M2,IC50,O=C(CN1CCN2CCC[C@H]2C1)NC1CCCCC1,4.031517051446065
CHEMBL76897,CHEMBL211,Muscarinic acetylcholine receptor M2,IC50,=,55.0,nM,CHEMBL2395095,B,Displacement of [3H]N-methylscopolamine from human recombinant muscarinic M2 receptor expressed in CHOK1 cells after 2 hrs,CHEMBL2390918,P08172,Muscarinic acetylcholine receptor M2,IC50,C[N+]1(C)CCC(OC(=O)C(c2ccccc2)c2ccccc2)CC1.[I-],7.259637310505756
CHEMBL27673,CHEMBL211,Muscarinic acetylcholine receptor M2,IC50,=,37.0,nM,CHEMBL2395685,B,Binding affinity to human muscarinic M2 receptor by radioligand displacement assay,CHEMBL2390830,P08172,Muscarinic acetylcholine receptor M2,IC50,COc1ccccc1CNCCCCCCNCCCCCCCCNCCCCCCNCc1ccccc1OC,7.431798275933005
CHEMBL2431819,CHEMBL211,Muscarinic acetylcholine receptor M2,IC50,=,7000.0,nM,CHEMBL2433340,B,Inhibition of muscarinic 2 receptor (unknown origin),CHEMBL2429765,P08172,Muscarinic acetylcholine receptor M2,IC50,C[C@@H](c1ccc2ncccc2c1)c1nnc2ccc(-c3cnn(C)c3)nn12,5.154901959985743
CHEMBL3401641,CHEMBL211,Muscarinic acetylcholine receptor M2,IC50,=,1.7,nM,CHEMBL3406979,B,Displacement of [3H]NMS from human M2 receptor expressed in CHOK1 cell membranes after 4 hrs by scintillation counting method,CHEMBL3400012,P08172,Muscarinic acetylcholine receptor M2,IC50,O=C(N[C@H]1CN2CCC1CC2)C(O)(c1cccs1)c1cccs1,8.769551078621726
CHEMBL3401640,CHEMBL211,Muscarinic acetylcholine receptor M2,IC50,=,35.1,nM,CHEMBL3406979,B,Displacement of [3H]NMS from human M2 receptor expressed in CHOK1 cell membranes after 4 hrs by scintillation counting method,CHEMBL3400012,P08172,Muscarinic acetylcholine receptor M2,IC50,O=C(N[C@H]1CN2CCC1CC2)C(O)(c1ccccc1)c1ccccc1,7.454692883534176
CHEMBL3401644,CHEMBL211,Muscarinic acetylcholine receptor M2,IC50,=,6455.0,nM,CHEMBL3406979,B,Displacement of [3H]NMS from human M2 receptor expressed in CHOK1 cell membranes after 4 hrs by scintillation counting method,CHEMBL3400012,P08172,Muscarinic acetylcholine receptor M2,IC50,CCC(O)(C(=O)N[C@H]1CN2CCC1CC2)c1cccs1,5.190103753397561
CHEMBL3401643,CHEMBL211,Muscarinic acetylcholine receptor M2,IC50,=,4.2,nM,CHEMBL3406979,B,Displacement of [3H]NMS from human M2 receptor expressed in CHOK1 cell membranes after 4 hrs by scintillation counting method,CHEMBL3400012,P08172,Muscarinic acetylcholine receptor M2,IC50,O=C(N[C@H]1CN2CCC1CC2)[C@](O)(c1cccs1)C1CCCC1,8.3767507096021
CHEMBL3401642,CHEMBL211,Muscarinic acetylcholine receptor M2,IC50,=,229.6,nM,CHEMBL3406979,B,Displacement of [3H]NMS from human M2 receptor expressed in CHOK1 cell membranes after 4 hrs by scintillation counting method,CHEMBL3400012,P08172,Muscarinic acetylcholine receptor M2,IC50,O=C(N[C@H]1CN2CCC1CC2)C(c1cccs1)c1cccs1,6.639028116274064
CHEMBL3401644,CHEMBL211,Muscarinic acetylcholine receptor M2,IC50,=,2531.4,nM,CHEMBL3406979,B,Displacement of [3H]NMS from human M2 receptor expressed in CHOK1 cell membranes after 4 hrs by scintillation counting method,CHEMBL3400012,P08172,Muscarinic acetylcholine receptor M2,IC50,CCC(O)(C(=O)N[C@H]1CN2CCC1CC2)c1cccs1,5.596639224234475
CHEMBL3401645,CHEMBL211,Muscarinic acetylcholine receptor M2,IC50,=,101.1,nM,CHEMBL3406979,B,Displacement of [3H]NMS from human M2 receptor expressed in CHOK1 cell membranes after 4 hrs by scintillation counting method,CHEMBL3400012,P08172,Muscarinic acetylcholine receptor M2,IC50,O=C(N[C@H]1CN2CCC1CC2)C1(O)c2ccccc2-c2ccccc21,6.995248844408999
CHEMBL3401646,CHEMBL211,Muscarinic acetylcholine receptor M2,IC50,=,347.6,nM,CHEMBL3406979,B,Displacement of [3H]NMS from human M2 receptor expressed in CHOK1 cell membranes after 4 hrs by scintillation counting method,CHEMBL3400012,P08172,Muscarinic acetylcholine receptor M2,IC50,O=C(N[C@H]1CN2CCC1CC2)C1c2ccccc2Oc2ccccc21,6.458920232223371
CHEMBL3401647,CHEMBL211,Muscarinic acetylcholine receptor M2,IC50,=,285.9,nM,CHEMBL3406979,B,Displacement of [3H]NMS from human M2 receptor expressed in CHOK1 cell membranes after 4 hrs by scintillation counting method,CHEMBL3400012,P08172,Muscarinic acetylcholine receptor M2,IC50,CN(C(=O)C1c2ccccc2Oc2ccccc21)[C@H]1CN2CCC1CC2,6.543785844642011
CHEMBL3545181,CHEMBL211,Muscarinic acetylcholine receptor M2,IC50,=,0.2,nM,CHEMBL3406979,B,Displacement of [3H]NMS from human M2 receptor expressed in CHOK1 cell membranes after 4 hrs by scintillation counting method,CHEMBL3400012,P08172,Muscarinic acetylcholine receptor M2,IC50,C[N+]1(C)[C@@H]2C[C@@H](OC(=O)C(O)(c3cccs3)c3cccs3)C[C@H]1[C@@H]1O[C@@H]12.O.[Br-],9.698970004336019
CHEMBL1908368,CHEMBL211,Muscarinic acetylcholine receptor M2,IC50,=,2.0,nM,CHEMBL3406979,B,Displacement of [3H]NMS from human M2 receptor expressed in CHOK1 cell membranes after 4 hrs by scintillation counting method,CHEMBL3400012,P08172,Muscarinic acetylcholine receptor M2,IC50,CC(C)[N+]1(C)C2CCC1CC(OC(=O)C(CO)c1ccccc1)C2.O.[Br-],8.698970004336019
CHEMBL3401648,CHEMBL211,Muscarinic acetylcholine receptor M2,IC50,=,0.6,nM,CHEMBL3406979,B,Displacement of [3H]NMS from human M2 receptor expressed in CHOK1 cell membranes after 4 hrs by scintillation counting method,CHEMBL3400012,P08172,Muscarinic acetylcholine receptor M2,IC50,O=C(N[C@H]1C[N+]2(CCCc3ccccc3)CCC1CC2)C(O)(c1cccs1)c1cccs1.[Br-],9.221848749616356
CHEMBL3401649,CHEMBL211,Muscarinic acetylcholine receptor M2,IC50,=,0.6,nM,CHEMBL3406979,B,Displacement of [3H]NMS from human M2 receptor expressed in CHOK1 cell membranes after 4 hrs by scintillation counting method,CHEMBL3400012,P08172,Muscarinic acetylcholine receptor M2,IC50,O=C(N[C@H]1C[N+]2(CCCc3cccs3)CCC1CC2)C(O)(c1cccs1)c1cccs1.[Br-],9.221848749616356
CHEMBL3401650,CHEMBL211,Muscarinic acetylcholine receptor M2,IC50,=,0.9,nM,CHEMBL3406979,B,Displacement of [3H]NMS from human M2 receptor expressed in CHOK1 cell membranes after 4 hrs by scintillation counting method,CHEMBL3400012,P08172,Muscarinic acetylcholine receptor M2,IC50,O=C(N[C@H]1C[N+]2(CCOc3ccccc3)CCC1CC2)C(O)(c1cccs1)c1cccs1.[Br-],9.045757490560675
CHEMBL3401651,CHEMBL211,Muscarinic acetylcholine receptor M2,IC50,=,4.8,nM,CHEMBL3406979,B,Displacement of [3H]NMS from human M2 receptor expressed in CHOK1 cell membranes after 4 hrs by scintillation counting method,CHEMBL3400012,P08172,Muscarinic acetylcholine receptor M2,IC50,O=C(N[C@H]1C[N+]2(CCCOc3ccccc3)CCC1CC2)C(O)(c1cccs1)c1cccs1.[Br-],8.318758762624412
CHEMBL3401652,CHEMBL211,Muscarinic acetylcholine receptor M2,IC50,=,91.5,nM,CHEMBL3406979,B,Displacement of [3H]NMS from human M2 receptor expressed in CHOK1 cell membranes after 4 hrs by scintillation counting method,CHEMBL3400012,P08172,Muscarinic acetylcholine receptor M2,IC50,O=C(N[C@H]1C[N+]2(CCCOc3ccccc3)CCC1CC2)C(c1cccs1)c1cccs1.[Br-],7.0385789059335515
CHEMBL3401653,CHEMBL211,Muscarinic acetylcholine receptor M2,IC50,=,804.2,nM,CHEMBL3406979,B,Displacement of [3H]NMS from human M2 receptor expressed in CHOK1 cell membranes after 4 hrs by scintillation counting method,CHEMBL3400012,P08172,Muscarinic acetylcholine receptor M2,IC50,CN(CCC[N+]12CCC(CC1)[C@@H](NC(=O)C1(O)c3ccccc3-c3ccccc31)C2)c1ccccc1.[Cl-],6.094635931233108
CHEMBL3401654,CHEMBL211,Muscarinic acetylcholine receptor M2,IC50,=,29.8,nM,CHEMBL3406979,B,Displacement of [3H]NMS from human M2 receptor expressed in CHOK1 cell membranes after 4 hrs by scintillation counting method,CHEMBL3400012,P08172,Muscarinic acetylcholine receptor M2,IC50,O=C(N[C@H]1C[N+]2(CCCOc3ccccc3)CCC1CC2)C1c2ccccc2Oc2ccccc21.[Br-],7.525783735923745
CHEMBL3401655,CHEMBL211,Muscarinic acetylcholine receptor M2,IC50,=,136.6,nM,CHEMBL3406979,B,Displacement of [3H]NMS from human M2 receptor expressed in CHOK1 cell membranes after 4 hrs by scintillation counting method,CHEMBL3400012,P08172,Muscarinic acetylcholine receptor M2,IC50,CN(C(=O)C1c2ccccc2Oc2ccccc21)[C@H]1C[N+]2(CCCn3cccc3)CCC1CC2.[Br-],6.864549300654486
CHEMBL3401656,CHEMBL211,Muscarinic acetylcholine receptor M2,IC50,=,140.2,nM,CHEMBL3406979,B,Displacement of [3H]NMS from human M2 receptor expressed in CHOK1 cell membranes after 4 hrs by scintillation counting method,CHEMBL3400012,P08172,Muscarinic acetylcholine receptor M2,IC50,CN(C(=O)C1c2ccccc2Oc2ccccc21)[C@H]1C[N+]2(CCCOc3ccc(-c4ccccc4)cc3)CCC1CC2.[Cl-],6.85325198636936
CHEMBL373758,CHEMBL211,Muscarinic acetylcholine receptor M2,IC50,=,22.0,nM,CHEMBL3779725,B,Displacement of [3H]AF-DX384 from human recombinant muscarinic M2 receptor expressed in CHO cells,CHEMBL3774372,P08172,Muscarinic acetylcholine receptor M2,IC50,COc1ccccc1CNCCCCCCNCCCCCCCCNCCCCCCNCc1ccccc1OC.Cl,7.657577319177793
CHEMBL373758,CHEMBL211,Muscarinic acetylcholine receptor M2,IC50,=,22.0,nM,CHEMBL3876368,B,Displacement of [3H]AF-DX 384 from human recombinant M2 receptor expressed in CHO cells measured after 60 mins by scintillation counting method,CHEMBL3875185,P08172,Muscarinic acetylcholine receptor M2,IC50,COc1ccccc1CNCCCCCCNCCCCCCCCNCCCCCCNCc1ccccc1OC.Cl,7.657577319177793
CHEMBL21536,CHEMBL211,Muscarinic acetylcholine receptor M2,IC50,=,316.23,nM,CHEMBL4051401,B,Displacement of [3H]NMS from human muscarinic acetylcholine receptor M2 expressed in CHO cells after 60 mins by scintillation counting assay,CHEMBL4049434,P08172,Muscarinic acetylcholine receptor M2,IC50,CCCCCCOc1nsnc1C1=CCCN(C)C1,6.499996931948306
CHEMBL266295,CHEMBL211,Muscarinic acetylcholine receptor M2,IC50,=,478.63,nM,CHEMBL4051384,B,Displacement of [3H]NMS from human muscarinic acetylcholine receptor M2 expressed in CHOK9 cells after 3 hrs by liquid scintillation counting assay,CHEMBL4049434,P08172,Muscarinic acetylcholine receptor M2,IC50,C[N+](C)(CCCCCC[N+](C)(C)CCCN1C(=O)c2ccccc2C1=O)CCCN1C(=O)c2ccccc2C1=O.[Br-].[Br-],6.32000008377078
CHEMBL1200993,CHEMBL211,Muscarinic acetylcholine receptor M2,IC50,=,776.25,nM,CHEMBL4051384,B,Displacement of [3H]NMS from human muscarinic acetylcholine receptor M2 expressed in CHOK9 cells after 3 hrs by liquid scintillation counting assay,CHEMBL4049434,P08172,Muscarinic acetylcholine receptor M2,IC50,CC[N+](CC)(CC)CCOc1cccc(OCC[N+](CC)(CC)CC)c1OCC[N+](CC)(CC)CC.[I-].[I-].[I-],6.109998386815363
CHEMBL4066481,CHEMBL211,Muscarinic acetylcholine receptor M2,IC50,=,181.97,nM,CHEMBL4051416,B,Competitive binding affinity to human muscarinic acetylcholine receptor M2 expressed in CHOK9 cells assessed as W84 pIC50 at 2 nM after 2 hrs by liquid scintillation counting assay,CHEMBL4049434,P08172,Muscarinic acetylcholine receptor M2,IC50,[3H]CC([3H])C(=O)NCCNC(=O)CCc1cn(CCCCC2CCN(CC(=O)N3c4ccccc4NC(=O)c4ccccc43)CC2)cn1,6.740000204918113
CHEMBL376897,CHEMBL211,Muscarinic acetylcholine receptor M2,IC50,=,501.19,nM,CHEMBL4051416,B,Competitive binding affinity to human muscarinic acetylcholine receptor M2 expressed in CHOK9 cells assessed as W84 pIC50 at 2 nM after 2 hrs by liquid scintillation counting assay,CHEMBL4049434,P08172,Muscarinic acetylcholine receptor M2,IC50,C[N+]1(C)[C@@H]2C[C@@H](OC(=O)[C@H](CO)c3ccccc3)C[C@H]1[C@@H]1O[C@@H]12,6.299997602857746
CHEMBL4066481,CHEMBL211,Muscarinic acetylcholine receptor M2,IC50,=,281.84,nM,CHEMBL4051417,B,Competitive binding affinity to human muscarinic acetylcholine receptor M2 expressed in CHOK9 cells assessed as W84 pIC50 at 4 nM after 2 hrs by liquid scintillation counting assay,CHEMBL4049434,P08172,Muscarinic acetylcholine receptor M2,IC50,[3H]CC([3H])C(=O)NCCNC(=O)CCc1cn(CCCCC2CCN(CC(=O)N3c4ccccc4NC(=O)c4ccccc43)CC2)cn1,6.549997369826814
CHEMBL4066481,CHEMBL211,Muscarinic acetylcholine receptor M2,IC50,=,630.96,nM,CHEMBL4051418,B,Competitive binding affinity to human muscarinic acetylcholine receptor M2 expressed in CHOK9 cells assessed as W84 pIC50 at 8 nM after 2 hrs by liquid scintillation counting assay,CHEMBL4049434,P08172,Muscarinic acetylcholine receptor M2,IC50,[3H]CC([3H])C(=O)NCCNC(=O)CCc1cn(CCCCC2CCN(CC(=O)N3c4ccccc4NC(=O)c4ccccc43)CC2)cn1,6.199998172182031
CHEMBL4066481,CHEMBL211,Muscarinic acetylcholine receptor M2,IC50,=,1348.96,nM,CHEMBL4051419,B,Competitive binding affinity to human muscarinic acetylcholine receptor M2 expressed in CHOK9 cells assessed as W84 pIC50 at 15 nM after 2 hrs by liquid scintillation counting assay,CHEMBL4049434,P08172,Muscarinic acetylcholine receptor M2,IC50,[3H]CC([3H])C(=O)NCCNC(=O)CCc1cn(CCCCC2CCN(CC(=O)N3c4ccccc4NC(=O)c4ccccc43)CC2)cn1,5.8700009280425745
CHEMBL4066481,CHEMBL211,Muscarinic acetylcholine receptor M2,IC50,=,2089.3,nM,CHEMBL4051420,B,Competitive binding affinity to human muscarinic acetylcholine receptor M2 expressed in CHOK9 cells assessed as W84 pIC50 at 30 nM after 2 hrs by liquid scintillation counting assay,CHEMBL4049434,P08172,Muscarinic acetylcholine receptor M2,IC50,[3H]CC([3H])C(=O)NCCNC(=O)CCc1cn(CCCCC2CCN(CC(=O)N3c4ccccc4NC(=O)c4ccccc43)CC2)cn1,5.679999195735272
CHEMBL4089543,CHEMBL211,Muscarinic acetylcholine receptor M2,IC50,=,2691.53,nM,CHEMBL4051421,B,Competitive binding affinity to human muscarinic acetylcholine receptor M2 expressed in CHOK9 cell homogenates assessed as W84 pIC50 at 0.4 nM after 2 hrs by liquid scintillation counting assay,CHEMBL4049434,P08172,Muscarinic acetylcholine receptor M2,IC50,O=C(O)C(F)(F)F.O=C(O)C(F)(F)F.O=C(O)C(F)(F)F.O=C(O)C(F)(F)F.[3H]CC([3H])C(=O)NCc1cc(C(=O)NCCNC(=O)CCc2cn(CCCCC3CCN(CC(=O)N4c5ccccc5NC(=O)c5ccccc54)CC3)cn2)cc(C(=O)NCCNC(=O)CCc2cn(CCCCC3CCN(CC(=O)N4c5ccccc5NC(=O)c5ccccc54)CC3)cn2)c1,5.570000775141681
CHEMBL4089543,CHEMBL211,Muscarinic acetylcholine receptor M2,IC50,=,6606.93,nM,CHEMBL4051422,B,Competitive binding affinity to human muscarinic acetylcholine receptor M2 expressed in CHOK9 cell homogenates assessed as W84 pIC50 at 1 nM after 2 hrs by liquid scintillation counting assay,CHEMBL4049434,P08172,Muscarinic acetylcholine receptor M2,IC50,O=C(O)C(F)(F)F.O=C(O)C(F)(F)F.O=C(O)C(F)(F)F.O=C(O)C(F)(F)F.[3H]CC([3H])C(=O)NCc1cc(C(=O)NCCNC(=O)CCc2cn(CCCCC3CCN(CC(=O)N4c5ccccc5NC(=O)c5ccccc54)CC3)cn2)cc(C(=O)NCCNC(=O)CCc2cn(CCCCC3CCN(CC(=O)N4c5ccccc5NC(=O)c5ccccc54)CC3)cn2)c1,5.180000294489515
CHEMBL4089543,CHEMBL211,Muscarinic acetylcholine receptor M2,IC50,=,10471.29,nM,CHEMBL4051423,B,Competitive binding affinity to human muscarinic acetylcholine receptor M2 expressed in CHOK9 cell homogenates assessed as W84 pIC50 at 2 nM after 2 hrs by liquid scintillation counting assay,CHEMBL4049434,P08172,Muscarinic acetylcholine receptor M2,IC50,O=C(O)C(F)(F)F.O=C(O)C(F)(F)F.O=C(O)C(F)(F)F.O=C(O)C(F)(F)F.[3H]CC([3H])C(=O)NCc1cc(C(=O)NCCNC(=O)CCc2cn(CCCCC3CCN(CC(=O)N4c5ccccc5NC(=O)c5ccccc54)CC3)cn2)cc(C(=O)NCCNC(=O)CCc2cn(CCCCC3CCN(CC(=O)N4c5ccccc5NC(=O)c5ccccc54)CC3)cn2)c1,4.97999981255505
CHEMBL4089543,CHEMBL211,Muscarinic acetylcholine receptor M2,IC50,=,18620.87,nM,CHEMBL4051424,B,Competitive binding affinity to human muscarinic acetylcholine receptor M2 expressed in CHOK9 cell homogenates assessed as W84 pIC50 at 4 nM after 2 hrs by liquid scintillation counting assay,CHEMBL4049434,P08172,Muscarinic acetylcholine receptor M2,IC50,O=C(O)C(F)(F)F.O=C(O)C(F)(F)F.O=C(O)C(F)(F)F.O=C(O)C(F)(F)F.[3H]CC([3H])C(=O)NCc1cc(C(=O)NCCNC(=O)CCc2cn(CCCCC3CCN(CC(=O)N4c5ccccc5NC(=O)c5ccccc54)CC3)cn2)cc(C(=O)NCCNC(=O)CCc2cn(CCCCC3CCN(CC(=O)N4c5ccccc5NC(=O)c5ccccc54)CC3)cn2)c1,4.730000031873875
CHEMBL376897,CHEMBL211,Muscarinic acetylcholine receptor M2,IC50,=,398.11,nM,CHEMBL4051425,B,Competitive binding affinity to human muscarinic acetylcholine receptor M2 expressed in CHOK9 cells assessed as W84 pIC50 at 0.2 nM after 2 hrs by liquid scintillation counting assay,CHEMBL4049434,P08172,Muscarinic acetylcholine receptor M2,IC50,C[N+]1(C)[C@@H]2C[C@@H](OC(=O)[C@H](CO)c3ccccc3)C[C@H]1[C@@H]1O[C@@H]12,6.399996913372259
CHEMBL376897,CHEMBL211,Muscarinic acetylcholine receptor M2,IC50,=,436.52,nM,CHEMBL4051426,B,Competitive binding affinity to human muscarinic acetylcholine receptor M2 expressed in CHOK9 cells assessed as W84 pIC50 at 0.1 nM after 2 hrs by liquid scintillation counting assay,CHEMBL4049434,P08172,Muscarinic acetylcholine receptor M2,IC50,C[N+]1(C)[C@@H]2C[C@@H](OC(=O)[C@H](CO)c3ccccc3)C[C@H]1[C@@H]1O[C@@H]12,6.35999585346894
CHEMBL4128926,CHEMBL211,Muscarinic acetylcholine receptor M2,IC50,=,48.0,nM,CHEMBL4121487,B,Displacement of [3H]AF-DX 384 from human recombinant M2 receptor after 60 mins by scintillation counting analysis,CHEMBL4118122,P08172,Muscarinic acetylcholine receptor M2,IC50,CC(C)(C)NS(=O)(=O)c1ccc(-c2sc(C(=O)N[C@H]3C[C@H](C(=O)O)C3)nc2CC2CCCCC2)c2ccccc12,7.318758762624412
CHEMBL4582879,CHEMBL211,Muscarinic acetylcholine receptor M2,IC50,=,0.1905,nM,CHEMBL4397808,B,Competitive displacement of [3H]-NMS from human muscarinic M2 receptor expressed in CHO-K9 cells using 0.2 nM [3H]-NMS after 3 hrs by microbeta2 scintillation counting method,CHEMBL4396879,P08172,Muscarinic acetylcholine receptor M2,IC50,CC(=O)N[C@@H](CCCCN)C(=O)N[C@@H](C)C(=O)N[C@@H](CCCNC(=N)N)C(=O)NCCN1CCN(CCCCC2CCN(CC(=O)N3c4ccccc4NC(=O)c4ccccc43)CC2)CC1.O=C(O)C(F)(F)F.O=C(O)C(F)(F)F.O=C(O)C(F)(F)F.O=C(O)C(F)(F)F.O=C(O)C(F)(F)F,9.720105019988361
CHEMBL4451030,CHEMBL211,Muscarinic acetylcholine receptor M2,IC50,=,3.311,nM,CHEMBL4397808,B,Competitive displacement of [3H]-NMS from human muscarinic M2 receptor expressed in CHO-K9 cells using 0.2 nM [3H]-NMS after 3 hrs by microbeta2 scintillation counting method,CHEMBL4396879,P08172,Muscarinic acetylcholine receptor M2,IC50,CC(=O)N[C@@H](CCCCN)C(=O)N[C@@H](CCCNC(=N)N)C(=O)NCCCCC1CCN(CC(=O)N2c3ccccc3NC(=O)c3ccccc32)CC1.O=C(O)C(F)(F)F.O=C(O)C(F)(F)F.O=C(O)C(F)(F)F,8.480040819247932
CHEMBL4582879,CHEMBL211,Muscarinic acetylcholine receptor M2,IC50,=,1.778,nM,CHEMBL4397809,B,Competitive displacement of [3H]-NMS from human muscarinic M2 receptor expressed in CHO-K9 cells using 2 nM [3H]-NMS after 3 hrs by microbeta2 scintillation counting method,CHEMBL4396879,P08172,Muscarinic acetylcholine receptor M2,IC50,CC(=O)N[C@@H](CCCCN)C(=O)N[C@@H](C)C(=O)N[C@@H](CCCNC(=N)N)C(=O)NCCN1CCN(CCCCC2CCN(CC(=O)N3c4ccccc4NC(=O)c4ccccc43)CC2)CC1.O=C(O)C(F)(F)F.O=C(O)C(F)(F)F.O=C(O)C(F)(F)F.O=C(O)C(F)(F)F.O=C(O)C(F)(F)F,8.750068243365805
CHEMBL4451030,CHEMBL211,Muscarinic acetylcholine receptor M2,IC50,=,41.69,nM,CHEMBL4397809,B,Competitive displacement of [3H]-NMS from human muscarinic M2 receptor expressed in CHO-K9 cells using 2 nM [3H]-NMS after 3 hrs by microbeta2 scintillation counting method,CHEMBL4396879,P08172,Muscarinic acetylcholine receptor M2,IC50,CC(=O)N[C@@H](CCCCN)C(=O)N[C@@H](CCCNC(=N)N)C(=O)NCCCCC1CCN(CC(=O)N2c3ccccc3NC(=O)c3ccccc32)CC1.O=C(O)C(F)(F)F.O=C(O)C(F)(F)F.O=C(O)C(F)(F)F,7.3799681048737025
CHEMBL237067,CHEMBL211,Muscarinic acetylcholine receptor M2,IC50,=,150.0,nM,CHEMBL4432079,B,Inhibition of M2 receptor (unknown origin),CHEMBL4431324,P08172,Muscarinic acetylcholine receptor M2,IC50,CC(C)=CCn1c(N2CCC[C@H](N)C2)nc2c1c(=O)n(CC(=O)c1ccccc1)c(=O)n2C,6.823908740944319
CHEMBL4297224,CHEMBL211,Muscarinic acetylcholine receptor M2,IC50,=,3300.0,nM,CHEMBL4723556,B,Binding affinity to muscarinic acetylcholine receptor M2 (unknown origin),CHEMBL4715859,P08172,Muscarinic acetylcholine receptor M2,IC50,CN(C)CC1CCOC1(c1ccccc1)c1ccccc1,5.481486060122112
CHEMBL4098877,CHEMBL211,Muscarinic acetylcholine receptor M2,IC50,=,6420.0,nM,CHEMBL4880819,B,Inhibition of Muscarinic M2 at 10 µM in the Eurofins-Panlabs radioligand binding assay (Eurofins_assay_252710),CHEMBL4507291,P08172,Muscarinic acetylcholine receptor M2,IC50,C[C@@H]1CN(c2cc(-c3n[nH]c4ccc(OC5(C)CC5)cc34)ncn2)C[C@H](C)O1,5.192464971931146
CHEMBL3091687,CHEMBL211,Muscarinic acetylcholine receptor M2,IC50,=,7600.0,nM,CHEMBL5048806,B,Inhibition of M2 mAChR receptor (unknown origin),CHEMBL5046278,P08172,Muscarinic acetylcholine receptor M2,IC50,NCCCCN(C[C@H]1Cc2ccccc2CN1)[C@H]1CCCc2cccnc21,5.119186407719209
CHEMBL5070958,CHEMBL211,Muscarinic acetylcholine receptor M2,IC50,=,8700.0,nM,CHEMBL5048806,B,Inhibition of M2 mAChR receptor (unknown origin),CHEMBL5046278,P08172,Muscarinic acetylcholine receptor M2,IC50,NCCCCN(C[C@H]1Cc2ncccc2CN1)[C@H]1CCCc2cccnc21,5.060480747381382
CHEMBL5076569,CHEMBL211,Muscarinic acetylcholine receptor M2,IC50,=,30000.0,nM,CHEMBL5048806,B,Inhibition of M2 mAChR receptor (unknown origin),CHEMBL5046278,P08172,Muscarinic acetylcholine receptor M2,IC50,NCCCCN(C[C@H]1Cc2cccnc2CN1)[C@H]1CCCc2cccnc21,4.522878745280337
CHEMBL518924,CHEMBL211,Muscarinic acetylcholine receptor M2,IC50,=,7500.0,nM,CHEMBL5048806,B,Inhibition of M2 mAChR receptor (unknown origin),CHEMBL5046278,P08172,Muscarinic acetylcholine receptor M2,IC50,NCCCCN(Cc1nc2ccccc2[nH]1)[C@H]1CCCc2cccnc21,5.1249387366083
CHEMBL5177023,CHEMBL211,Muscarinic acetylcholine receptor M2,IC50,=,1800.0,nM,CHEMBL5120443,B,Inhibition of muscarinic M2 receptor (unknown origin),CHEMBL5113538,P08172,Muscarinic acetylcholine receptor M2,IC50,Cc1c(C#Cc2ccc(CN3CCC(CO)CC3)cc2)cc(C(F)F)c2cn(C(C(=O)Nc3nccs3)c3ncn4c3CCC43CC3)nc12,5.7447274948966935
CHEMBL4098877,CHEMBL211,Muscarinic acetylcholine receptor M2,IC50,=,6400.0,nM,CHEMBL5213478,B,Selectivity interaction (Enzymatic assay (PanLabs Profiling)) EUB0000715a CHRM2,CHEMBL5212743,P08172,Muscarinic acetylcholine receptor M2,IC50,C[C@@H]1CN(c2cc(-c3n[nH]c4ccc(OC5(C)CC5)cc34)ncn2)C[C@H](C)O1,5.1938200260161125
CHEMBL4800073,CHEMBL211,Muscarinic acetylcholine receptor M2,IC50,=,1800.0,nM,CHEMBL5213735,B,"Selectivity interaction (PSP Principial panel 20118+ (panel of GPCRs, transporter, and ion channels)) EUB0000283b CHRM2",CHEMBL5212743,P08172,Muscarinic acetylcholine receptor M2,IC50,C[C@H]1CCCN1Cc1nc2cc(NC(=O)c3ccc4cnccc4c3)ccc2[nH]1,5.7447274948966935
CHEMBL4297224,CHEMBL211,Muscarinic acetylcholine receptor M2,IC50,=,3300.0,nM,CHEMBL5225128,B,Binding affinity to muscarinic 2 receptor (unknown origin),CHEMBL5223132,P08172,Muscarinic acetylcholine receptor M2,IC50,CN(C)CC1CCOC1(c1ccccc1)c1ccccc1,5.481486060122112
CHEMBL4639128,CHEMBL211,Muscarinic acetylcholine receptor M2,IC50,=,10000.0,nM,CHEMBL5303903,B,Cross screening panel,CHEMBL4630907,P08172,Muscarinic acetylcholine receptor M2,IC50,COCc1nc2cnc3cc(-c4c(C)noc4C)c(OC[C@H]4CCNC4)cc3c2n1[C@H](C)c1ccccc1,5.0
CHEMBL4098877,CHEMBL211,Muscarinic acetylcholine receptor M2,IC50,=,6400.0,nM,CHEMBL5657954,B,Inhibition of muscarinic M2 (unknown origin),CHEMBL5653623,P08172,Muscarinic acetylcholine receptor M2,IC50,C[C@@H]1CN(c2cc(-c3n[nH]c4ccc(OC5(C)CC5)cc34)ncn2)C[C@H](C)O1,5.1938200260161125
CHEMBL373758,CHEMBL211,Muscarinic acetylcholine receptor M2,IC50,=,41.0,nM,CHEMBL5721274,B,Inhibition of M2 receptor (unknown origin),CHEMBL5715956,P08172,Muscarinic acetylcholine receptor M2,IC50,COc1ccccc1CNCCCCCCNCCCCCCCCNCCCCCCNCc1ccccc1OC.Cl,7.3872161432802645
CHEMBL7303,CHEMBL211,Muscarinic acetylcholine receptor M2,EC50,=,83.0,nM,CHEMBL751167,B,In vitro binding affinity for muscarinic M1 receptor by displacing [3H]Pirenzepine binding on rat brain homogenate,CHEMBL1127749,P08172,Muscarinic acetylcholine receptor M2,EC50,COC(=O)C1=CCCN(C)C1,7.080921907623926
CHEMBL69306,CHEMBL211,Muscarinic acetylcholine receptor M2,EC50,=,6.7,nM,CHEMBL744783,B,In Vitro activity at the cloned Human Muscarinic acetylcholine receptor M2 determined by receptor selection and amplification technology (R-SAT).,CHEMBL1128399,P08172,Muscarinic acetylcholine receptor M2,EC50,C#CCOc1noc2c1CNCCC2,8.173925197299173
CHEMBL7634,CHEMBL211,Muscarinic acetylcholine receptor M2,EC50,=,19.0,nM,CHEMBL744783,B,In Vitro activity at the cloned Human Muscarinic acetylcholine receptor M2 determined by receptor selection and amplification technology (R-SAT).,CHEMBL1128399,P08172,Muscarinic acetylcholine receptor M2,EC50,O=C1CCCN1CC#CCN1CCCC1,7.721246399047171
CHEMBL14,CHEMBL211,Muscarinic acetylcholine receptor M2,EC50,=,74.0,nM,CHEMBL744783,B,In Vitro activity at the cloned Human Muscarinic acetylcholine receptor M2 determined by receptor selection and amplification technology (R-SAT).,CHEMBL1128399,P08172,Muscarinic acetylcholine receptor M2,EC50,C[N+](C)(C)CCOC(N)=O.[Cl-],7.130768280269024
CHEMBL69305,CHEMBL211,Muscarinic acetylcholine receptor M2,EC50,=,41.0,nM,CHEMBL744783,B,In Vitro activity at the cloned Human Muscarinic acetylcholine receptor M2 determined by receptor selection and amplification technology (R-SAT).,CHEMBL1128399,P08172,Muscarinic acetylcholine receptor M2,EC50,CCOc1noc2c1CNCCC2,7.3872161432802645
CHEMBL304142,CHEMBL211,Muscarinic acetylcholine receptor M2,EC50,=,43.0,nM,CHEMBL744783,B,In Vitro activity at the cloned Human Muscarinic acetylcholine receptor M2 determined by receptor selection and amplification technology (R-SAT).,CHEMBL1128399,P08172,Muscarinic acetylcholine receptor M2,EC50,COc1noc2c1CNCCC2,7.366531544420413
CHEMBL7303,CHEMBL211,Muscarinic acetylcholine receptor M2,EC50,=,25.0,nM,CHEMBL744783,B,In Vitro activity at the cloned Human Muscarinic acetylcholine receptor M2 determined by receptor selection and amplification technology (R-SAT).,CHEMBL1128399,P08172,Muscarinic acetylcholine receptor M2,EC50,COC(=O)C1=CCCN(C)C1,7.6020599913279625
CHEMBL126655,CHEMBL211,Muscarinic acetylcholine receptor M2,EC50,=,134.9,nM,CHEMBL859328,B,Binding of [3H]N-methylscopolamine at porcine heart Muscarinic acetylcholine receptor M2 that inhibits the dissociation of [3H]NMS half maximally (pEC50diss) was reported,CHEMBL1135441,P08172,Muscarinic acetylcholine receptor M2,EC50,CC(C)(CN1C(=O)c2ccccc2C1=O)C[N+](C)(C)CCCCCC[N+](C)(C)CCCN1C(=O)c2ccccc2C1=O,6.869988050328096
CHEMBL126199,CHEMBL211,Muscarinic acetylcholine receptor M2,EC50,=,177.83,nM,CHEMBL859328,B,Binding of [3H]N-methylscopolamine at porcine heart Muscarinic acetylcholine receptor M2 that inhibits the dissociation of [3H]NMS half maximally (pEC50diss) was reported,CHEMBL1135441,P08172,Muscarinic acetylcholine receptor M2,EC50,CC(C)(CN1C(=O)c2ccccc2C1=O)C[N+](C)(C)CCCCCC[N+](C)(C)CC(C)(C)CN1C(=O)c2ccccc2C1=O,6.749994971513104
CHEMBL124330,CHEMBL211,Muscarinic acetylcholine receptor M2,EC50,=,36.31,nM,CHEMBL859328,B,Binding of [3H]N-methylscopolamine at porcine heart Muscarinic acetylcholine receptor M2 that inhibits the dissociation of [3H]NMS half maximally (pEC50diss) was reported,CHEMBL1135441,P08172,Muscarinic acetylcholine receptor M2,EC50,Cc1ccc2c(c1)C(=O)N(CCC[N+](C)(C)CCCCCC[N+](C)(C)CC(C)(C)CN1C(=O)c3ccc(C)cc3C1=O)C2=O,7.439973751087107
CHEMBL122499,CHEMBL211,Muscarinic acetylcholine receptor M2,EC50,=,54.95,nM,CHEMBL859328,B,Binding of [3H]N-methylscopolamine at porcine heart Muscarinic acetylcholine receptor M2 that inhibits the dissociation of [3H]NMS half maximally (pEC50diss) was reported,CHEMBL1135441,P08172,Muscarinic acetylcholine receptor M2,EC50,Cc1ccc2c(c1)C(=O)N(CC(C)(C)C[N+](C)(C)CCCCCC[N+](C)(C)CCCN1C(=O)c3ccccc3C1=O)C2=O,7.26003230324049
CHEMBL126103,CHEMBL211,Muscarinic acetylcholine receptor M2,EC50,=,169.82,nM,CHEMBL859328,B,Binding of [3H]N-methylscopolamine at porcine heart Muscarinic acetylcholine receptor M2 that inhibits the dissociation of [3H]NMS half maximally (pEC50diss) was reported,CHEMBL1135441,P08172,Muscarinic acetylcholine receptor M2,EC50,Cc1ccc2c(c1)C(=O)N(CCC[N+](C)(C)CCCCCC[N+](C)(C)CCCN1C(=O)c3ccc(C)cc3C1=O)C2=O,6.770011163455189
CHEMBL127933,CHEMBL211,Muscarinic acetylcholine receptor M2,EC50,=,70.79,nM,CHEMBL859328,B,Binding of [3H]N-methylscopolamine at porcine heart Muscarinic acetylcholine receptor M2 that inhibits the dissociation of [3H]NMS half maximally (pEC50diss) was reported,CHEMBL1135441,P08172,Muscarinic acetylcholine receptor M2,EC50,Cc1ccc2c(c1)C(=O)N(CCC[N+](C)(C)CCCCCC[N+](C)(C)CC(C)(C)CN1C(=O)c3ccccc3C1=O)C2=O,7.15002808767115
CHEMBL262632,CHEMBL211,Muscarinic acetylcholine receptor M2,EC50,=,46.77,nM,CHEMBL859328,B,Binding of [3H]N-methylscopolamine at porcine heart Muscarinic acetylcholine receptor M2 that inhibits the dissociation of [3H]NMS half maximally (pEC50diss) was reported,CHEMBL1135441,P08172,Muscarinic acetylcholine receptor M2,EC50,Cc1ccc2c(c1)C(=O)N(CC(C)(C)C[N+](C)(C)CCCCCC[N+](C)(C)CC(C)(C)CN1C(=O)c3ccc(C)cc3C1=O)C2=O,7.330032630091496
CHEMBL285811,CHEMBL211,Muscarinic acetylcholine receptor M2,EC50,=,323.59,nM,CHEMBL859328,B,Binding of [3H]N-methylscopolamine at porcine heart Muscarinic acetylcholine receptor M2 that inhibits the dissociation of [3H]NMS half maximally (pEC50diss) was reported,CHEMBL1135441,P08172,Muscarinic acetylcholine receptor M2,EC50,Cc1ccc2c(c1)C(=O)N(CCC[N+](C)(C)CCCCCC[N+](C)(C)CCCN1C(=O)c3ccccc3C1=O)C2=O,6.4900049079866005
CHEMBL31599,CHEMBL211,Muscarinic acetylcholine receptor M2,EC50,=,1000.0,nM,CHEMBL859328,B,Binding of [3H]N-methylscopolamine at porcine heart Muscarinic acetylcholine receptor M2 that inhibits the dissociation of [3H]NMS half maximally (pEC50diss) was reported,CHEMBL1135441,P08172,Muscarinic acetylcholine receptor M2,EC50,C[N+](C)(CCCCCC[N+](C)(C)CCCN1C(=O)c2ccccc2C1=O)CCCN1C(=O)c2ccccc2C1=O,6.0
CHEMBL206666,CHEMBL211,Muscarinic acetylcholine receptor M2,EC50,=,2290.87,nM,CHEMBL862030,B,Inhibition of [3H]NMS dissociation from muscarinic M2 receptor in hepes buffer,CHEMBL1139652,P08172,Muscarinic acetylcholine receptor M2,EC50,C=CC[N+](C)(C)Cc1c2n(c3ccccc13)Cc1c(C[N+](C)(C)CC=C)c3ccccc3n1C2.[Br-].[Br-],5.639999555020352
CHEMBL380352,CHEMBL211,Muscarinic acetylcholine receptor M2,EC50,=,436.52,nM,CHEMBL861240,B,"Inhibition of [3H]NMS dissociation from muscarinic M2 receptor in Na,K,Pi buffer",CHEMBL1139652,P08172,Muscarinic acetylcholine receptor M2,EC50,C1=C2CN3CC[C@]45c6ccccc6N6[C@@H]7OCC=C8CN9CC[C@]%10%11c%12ccccc%12N([C@H](OC1)[C@@H]([C@H]64)[C@H]2C[C@H]35)[C@H]%10[C@H]7[C@H]8C[C@H]9%11,6.35999585346894
CHEMBL206666,CHEMBL211,Muscarinic acetylcholine receptor M2,EC50,=,109.65,nM,CHEMBL861240,B,"Inhibition of [3H]NMS dissociation from muscarinic M2 receptor in Na,K,Pi buffer",CHEMBL1139652,P08172,Muscarinic acetylcholine receptor M2,EC50,C=CC[N+](C)(C)Cc1c2n(c3ccccc13)Cc1c(C[N+](C)(C)CC=C)c3ccccc3n1C2.[Br-].[Br-],6.959991363986458
CHEMBL382243,CHEMBL211,Muscarinic acetylcholine receptor M2,EC50,=,229.09,nM,CHEMBL861240,B,"Inhibition of [3H]NMS dissociation from muscarinic M2 receptor in Na,K,Pi buffer",CHEMBL1139652,P08172,Muscarinic acetylcholine receptor M2,EC50,C[N+](C)(C)Cc1c2n(c3ccccc13)Cc1c(C[N+](C)(C)C)c3ccccc3n1C2.[I-].[I-],6.639993867770901
CHEMBL203627,CHEMBL211,Muscarinic acetylcholine receptor M2,EC50,=,446.68,nM,CHEMBL861240,B,"Inhibition of [3H]NMS dissociation from muscarinic M2 receptor in Na,K,Pi buffer",CHEMBL1139652,P08172,Muscarinic acetylcholine receptor M2,EC50,CN(C)Cc1c2n(c3ccccc13)Cc1c(CN(C)C)c3ccccc3n1C2,6.350003492533959
CHEMBL203627,CHEMBL211,Muscarinic acetylcholine receptor M2,EC50,=,16595.87,nM,CHEMBL862030,B,Inhibition of [3H]NMS dissociation from muscarinic M2 receptor in hepes buffer,CHEMBL1139652,P08172,Muscarinic acetylcholine receptor M2,EC50,CN(C)Cc1c2n(c3ccccc13)Cc1c(CN(C)C)c3ccccc3n1C2,4.779999975777493
CHEMBL382243,CHEMBL211,Muscarinic acetylcholine receptor M2,EC50,=,11220.18,nM,CHEMBL862030,B,Inhibition of [3H]NMS dissociation from muscarinic M2 receptor in hepes buffer,CHEMBL1139652,P08172,Muscarinic acetylcholine receptor M2,EC50,C[N+](C)(C)Cc1c2n(c3ccccc13)Cc1c(C[N+](C)(C)C)c3ccccc3n1C2.[I-].[I-],4.950000175844591
CHEMBL607178,CHEMBL211,Muscarinic acetylcholine receptor M2,EC50,=,11.22,nM,CHEMBL861240,B,"Inhibition of [3H]NMS dissociation from muscarinic M2 receptor in Na,K,Pi buffer",CHEMBL1139652,P08172,Muscarinic acetylcholine receptor M2,EC50,C=CC[N+]12CC[C@@]34c5ccccc5N5[C@@H]6OCC=C7C[N+]8(CC=C)CC[C@]9%10c%11ccccc%11N([C@@H]%11OCC=C(C1)[C@H](C[C@@H]32)[C@@H]%11[C@H]54)[C@H]9[C@H]6[C@H]7C[C@@H]%108.[Br-].[Br-],7.950007143079858
CHEMBL607179,CHEMBL211,Muscarinic acetylcholine receptor M2,EC50,=,8.128,nM,CHEMBL861240,B,"Inhibition of [3H]NMS dissociation from muscarinic M2 receptor in Na,K,Pi buffer",CHEMBL1139652,P08172,Muscarinic acetylcholine receptor M2,EC50,C[N+]12CC[C@@]34c5ccccc5N5[C@@H]6OCC=C7C[N+]8(C)CC[C@]9%10c%11ccccc%11N([C@@H]%11OCC=C(C1)[C@H](C[C@@H]32)[C@@H]%11[C@H]54)[C@H]9[C@H]6[C@H]7C[C@@H]%108.[Cl-].[Cl-],8.090016305060155
CHEMBL4091934,CHEMBL211,Muscarinic acetylcholine receptor M2,EC50,=,14125.38,nM,CHEMBL4026895,B,Agonist activity at recombinant human muscarinic M2 receptor expressed in HEK293 cells co-expressing beta-arrestin assessed as increase in beta-arrestin recruitment after 24 hrs by Bright-Glo luminescence assay,CHEMBL4024758,P08172,Muscarinic acetylcholine receptor M2,EC50,COc1cccc(CC[N+](C)(C)C)c1.O=C[O-],4.849999859991125
CHEMBL4091934,CHEMBL211,Muscarinic acetylcholine receptor M2,EC50,=,14000.0,nM,CHEMBL4026895,B,Agonist activity at recombinant human muscarinic M2 receptor expressed in HEK293 cells co-expressing beta-arrestin assessed as increase in beta-arrestin recruitment after 24 hrs by Bright-Glo luminescence assay,CHEMBL4024758,P08172,Muscarinic acetylcholine receptor M2,EC50,COc1cccc(CC[N+](C)(C)C)c1.O=C[O-],4.853871964321762
CHEMBL667,CHEMBL211,Muscarinic acetylcholine receptor M2,EC50,=,1905.46,nM,CHEMBL4026895,B,Agonist activity at recombinant human muscarinic M2 receptor expressed in HEK293 cells co-expressing beta-arrestin assessed as increase in beta-arrestin recruitment after 24 hrs by Bright-Glo luminescence assay,CHEMBL4024758,P08172,Muscarinic acetylcholine receptor M2,EC50,CC(=O)OCC[N+](C)(C)C,5.720000163638921
CHEMBL667,CHEMBL211,Muscarinic acetylcholine receptor M2,EC50,=,1900.0,nM,CHEMBL4026895,B,Agonist activity at recombinant human muscarinic M2 receptor expressed in HEK293 cells co-expressing beta-arrestin assessed as increase in beta-arrestin recruitment after 24 hrs by Bright-Glo luminescence assay,CHEMBL4024758,P08172,Muscarinic acetylcholine receptor M2,EC50,CC(=O)OCC[N+](C)(C)C,5.721246399047171
CHEMBL4060823,CHEMBL211,Muscarinic acetylcholine receptor M2,EC50,=,17378.01,nM,CHEMBL4026895,B,Agonist activity at recombinant human muscarinic M2 receptor expressed in HEK293 cells co-expressing beta-arrestin assessed as increase in beta-arrestin recruitment after 24 hrs by Bright-Glo luminescence assay,CHEMBL4024758,P08172,Muscarinic acetylcholine receptor M2,EC50,C[N+](C)(C)CCc1ccc2c(c1)OCC2.O=C[O-],4.759999957202692
CHEMBL4060823,CHEMBL211,Muscarinic acetylcholine receptor M2,EC50,=,17000.0,nM,CHEMBL4026895,B,Agonist activity at recombinant human muscarinic M2 receptor expressed in HEK293 cells co-expressing beta-arrestin assessed as increase in beta-arrestin recruitment after 24 hrs by Bright-Glo luminescence assay,CHEMBL4024758,P08172,Muscarinic acetylcholine receptor M2,EC50,C[N+](C)(C)CCc1ccc2c(c1)OCC2.O=C[O-],4.769551078621726
CHEMBL4091934,CHEMBL211,Muscarinic acetylcholine receptor M2,EC50,=,831.76,nM,CHEMBL4026899,B,Agonist activity at recombinant human muscarinic M2 receptor expressed in CHO cells assessed as upregulation in ERK1/2 phosphorylation after 5 mins by alphascreen assay,CHEMBL4024758,P08172,Muscarinic acetylcholine receptor M2,EC50,COc1cccc(CC[N+](C)(C)C)c1.O=C[O-],6.0800019690359814
CHEMBL4091934,CHEMBL211,Muscarinic acetylcholine receptor M2,EC50,=,830.0,nM,CHEMBL4026899,B,Agonist activity at recombinant human muscarinic M2 receptor expressed in CHO cells assessed as upregulation in ERK1/2 phosphorylation after 5 mins by alphascreen assay,CHEMBL4024758,P08172,Muscarinic acetylcholine receptor M2,EC50,COc1cccc(CC[N+](C)(C)C)c1.O=C[O-],6.080921907623926
CHEMBL667,CHEMBL211,Muscarinic acetylcholine receptor M2,EC50,=,12.59,nM,CHEMBL4026899,B,Agonist activity at recombinant human muscarinic M2 receptor expressed in CHO cells assessed as upregulation in ERK1/2 phosphorylation after 5 mins by alphascreen assay,CHEMBL4024758,P08172,Muscarinic acetylcholine receptor M2,EC50,CC(=O)OCC[N+](C)(C)C,7.899974269892137
CHEMBL667,CHEMBL211,Muscarinic acetylcholine receptor M2,EC50,=,13.0,nM,CHEMBL4026899,B,Agonist activity at recombinant human muscarinic M2 receptor expressed in CHO cells assessed as upregulation in ERK1/2 phosphorylation after 5 mins by alphascreen assay,CHEMBL4024758,P08172,Muscarinic acetylcholine receptor M2,EC50,CC(=O)OCC[N+](C)(C)C,7.886056647693163
CHEMBL4060823,CHEMBL211,Muscarinic acetylcholine receptor M2,EC50,=,239.88,nM,CHEMBL4026899,B,Agonist activity at recombinant human muscarinic M2 receptor expressed in CHO cells assessed as upregulation in ERK1/2 phosphorylation after 5 mins by alphascreen assay,CHEMBL4024758,P08172,Muscarinic acetylcholine receptor M2,EC50,C[N+](C)(C)CCc1ccc2c(c1)OCC2.O=C[O-],6.620005959834258
CHEMBL4060823,CHEMBL211,Muscarinic acetylcholine receptor M2,EC50,=,240.0,nM,CHEMBL4026899,B,Agonist activity at recombinant human muscarinic M2 receptor expressed in CHO cells assessed as upregulation in ERK1/2 phosphorylation after 5 mins by alphascreen assay,CHEMBL4024758,P08172,Muscarinic acetylcholine receptor M2,EC50,C[N+](C)(C)CCc1ccc2c(c1)OCC2.O=C[O-],6.619788758288394
CHEMBL4534301,CHEMBL211,Muscarinic acetylcholine receptor M2,EC50,=,650.0,nM,CHEMBL4386817,B,Positive allosteric modulation of human M2 AchR,CHEMBL4385625,P08172,Muscarinic acetylcholine receptor M2,EC50,Cc1nc2cc(C)c3c(N)c(C(=O)NC4CN(c5cc(Cl)ncc5Cl)C4)sc3n2n1,6.187086643357144
CHEMBL4558206,CHEMBL211,Muscarinic acetylcholine receptor M2,EC50,=,600.0,nM,CHEMBL4386817,B,Positive allosteric modulation of human M2 AchR,CHEMBL4385625,P08172,Muscarinic acetylcholine receptor M2,EC50,Cc1nc2cc(C)c3c(N)c(C(=O)NC4CN(c5cnc(C6CC6)nc5)C4)sc3n2n1,6.221848749616356
CHEMBL4549515,CHEMBL211,Muscarinic acetylcholine receptor M2,EC50,=,1200.0,nM,CHEMBL4386817,B,Positive allosteric modulation of human M2 AchR,CHEMBL4385625,P08172,Muscarinic acetylcholine receptor M2,EC50,Cc1nc2cc(C)c3c(N)c(C(=O)NC4CN(c5ccc(F)c(F)c5)C4)sc3n2n1,5.920818753952375
CHEMBL5207281,CHEMBL211,Muscarinic acetylcholine receptor M2,EC50,=,1318.26,nM,CHEMBL5151490,B,Displacement of [3H]N-methylscopolamine from human muscarinic acetylcholine M2 receptor stably expressed in CHO cells by radioligand competition binding based analysis,CHEMBL5149991,P08172,Muscarinic acetylcholine receptor M2,EC50,CCCCCNC(=O)/N=C(\N)NCCCc1nnc(N)s1.O=C(O)C(F)(F)F.O=C(O)C(F)(F)F,5.879998925531604
CHEMBL550,CHEMBL211,Muscarinic acetylcholine receptor M2,EC50,=,1000.0,nM,CHEMBL5259066,B,Partial agonist activity at C-terminal NanoLuc tagged human muscarinic M2 receptor expressed in HEK293T cells using furimazine as substrate assessed as receptor activation preincubated with substrate for 1 min followed by compound addition and measured for 6 mins 27 sec by NanoBRET assay,CHEMBL5257088,P08172,Muscarinic acetylcholine receptor M2,EC50,CC[C@@H]1C(=O)OC[C@@H]1Cc1cncn1C,6.0
CHEMBL5272950,CHEMBL211,Muscarinic acetylcholine receptor M2,EC50,=,1380.38,nM,CHEMBL5259066,B,Partial agonist activity at C-terminal NanoLuc tagged human muscarinic M2 receptor expressed in HEK293T cells using furimazine as substrate assessed as receptor activation preincubated with substrate for 1 min followed by compound addition and measured for 6 mins 27 sec by NanoBRET assay,CHEMBL5257088,P08172,Muscarinic acetylcholine receptor M2,EC50,O=C1C[C@@H](Cc2cnc[nH]2)CO1,5.860001341725205
CHEMBL5287096,CHEMBL211,Muscarinic acetylcholine receptor M2,EC50,=,1071.52,nM,CHEMBL5259066,B,Partial agonist activity at C-terminal NanoLuc tagged human muscarinic M2 receptor expressed in HEK293T cells using furimazine as substrate assessed as receptor activation preincubated with substrate for 1 min followed by compound addition and measured for 6 mins 27 sec by NanoBRET assay,CHEMBL5257088,P08172,Muscarinic acetylcholine receptor M2,EC50,CC[C@@H]1C(=O)OC[C@@H]1Cc1c[n+](CCCCCC[N+](C)(C)CC(C)(C)CN2C(=O)c3cccc4cccc(c34)C2=O)cn1C.[Br-].[Br-],5.969999718407896
CHEMBL5285668,CHEMBL211,Muscarinic acetylcholine receptor M2,EC50,=,537.03,nM,CHEMBL5259066,B,Partial agonist activity at C-terminal NanoLuc tagged human muscarinic M2 receptor expressed in HEK293T cells using furimazine as substrate assessed as receptor activation preincubated with substrate for 1 min followed by compound addition and measured for 6 mins 27 sec by NanoBRET assay,CHEMBL5257088,P08172,Muscarinic acetylcholine receptor M2,EC50,CC[C@H]1C(=O)OC[C@@H]1Cc1c[n+](CCCCCC[N+](C)(C)CC(C)(C)CN2C(=O)c3cccc4cccc(c34)C2=O)cn1C.O=C[O-].O=C[O-],6.270001452716578
CHEMBL5287159,CHEMBL211,Muscarinic acetylcholine receptor M2,EC50,=,251.19,nM,CHEMBL5259066,B,Partial agonist activity at C-terminal NanoLuc tagged human muscarinic M2 receptor expressed in HEK293T cells using furimazine as substrate assessed as receptor activation preincubated with substrate for 1 min followed by compound addition and measured for 6 mins 27 sec by NanoBRET assay,CHEMBL5257088,P08172,Muscarinic acetylcholine receptor M2,EC50,CC(C)(CN1C(=O)c2cccc3cccc(c23)C1=O)C[N+](C)(C)CCCCCC[n+]1c[nH]c(CC2COC(=O)C2)c1.O=C[O-].O=C[O-],6.599997654072045
CHEMBL667,CHEMBL211,Muscarinic acetylcholine receptor M2,EC50,=,165.96,nM,CHEMBL5259080,B,Agonist activity at C-terminal NanoLuc tagged human muscarinic M2 receptor expressed in HEK293T cells using furimazine as substrate assessed as receptor activation preincubated with substrate for 1 min followed by compound addition and measured for 6 mins 27 sec by NanoBRET assay,CHEMBL5257088,P08172,Muscarinic acetylcholine receptor M2,EC50,CC(=O)OCC[N+](C)(C)C,6.779996573843064
CHEMBL5314557,CHEMBL211,Muscarinic acetylcholine receptor M2,EC50,=,4798.0,nM,CHEMBL5504423,B,Positive allosteric modulation of human M2 receptor,CHEMBL5500405,P08172,Muscarinic acetylcholine receptor M2,EC50,Cc1cc(C)c2c(n1)CN(C(=O)CC1CN(c3ccnc(C(F)(F)F)c3)C1)C2,5.318939756368188
CHEMBL6059129,CHEMBL211,Muscarinic acetylcholine receptor M2,EC50,=,25.0,nM,CHEMBL5730746,B,"Receptor Selection and Amplification Assays: NIH-3T3 cells were grown in 96-well tissue culture plates to 70% to 80% confluence. Cells were transfected with plasmid DNAs using Superfect Reagent (QIAGEN, Valencia, Calif.) as per the manufacturer's protocols. After 16-22 hours, medium was replaced with DMEM containing 1% PSG, 0.5% calf serum, 25% Ultraculture synthetic supplement (Cambrex, Walkersville, Md.) instead of calf serum, and the indicated concentrations of ligand. Cells were then grown in a humidified atmosphere with 5% ambient CO2 for 4 to 6 days. Media were then removed from the plates, and beta-galactosidase activity was measured by the addition of o-nitrophenyl-D-galactopyranoside (in phosphate-buffered saline with 5% NP-40 detergent). The resulting colorimetric reaction was measured in a spectrophotometric plate reader (Titertek, Helsinki, Finland) at 420 nM. All data represent the mean of three wells and were analyzed using the computer program Excel Fit, and EC50 determinations were made using least-squares fit analysis with GraphPad Software Inc. (San Diego, Calif.) software.",CHEMBL5725405,P08172,Muscarinic acetylcholine receptor M2,EC50,C[C@H](CN1[C@@H]2CC[C@H]1C[C@@H](OCC1CC1)C2)Cn1ncc2ccccc21,7.6020599913279625
CHEMBL5887732,CHEMBL211,Muscarinic acetylcholine receptor M2,EC50,=,79.0,nM,CHEMBL5730746,B,"Receptor Selection and Amplification Assays: NIH-3T3 cells were grown in 96-well tissue culture plates to 70% to 80% confluence. Cells were transfected with plasmid DNAs using Superfect Reagent (QIAGEN, Valencia, Calif.) as per the manufacturer's protocols. After 16-22 hours, medium was replaced with DMEM containing 1% PSG, 0.5% calf serum, 25% Ultraculture synthetic supplement (Cambrex, Walkersville, Md.) instead of calf serum, and the indicated concentrations of ligand. Cells were then grown in a humidified atmosphere with 5% ambient CO2 for 4 to 6 days. Media were then removed from the plates, and beta-galactosidase activity was measured by the addition of o-nitrophenyl-D-galactopyranoside (in phosphate-buffered saline with 5% NP-40 detergent). The resulting colorimetric reaction was measured in a spectrophotometric plate reader (Titertek, Helsinki, Finland) at 420 nM. All data represent the mean of three wells and were analyzed using the computer program Excel Fit, and EC50 determinations were made using least-squares fit analysis with GraphPad Software Inc. (San Diego, Calif.) software.",CHEMBL5725405,P08172,Muscarinic acetylcholine receptor M2,EC50,COCC[C@H]1C[C@H]2CC[C@@H](C1)N2C[C@@H](C)Cn1ncc2ccccc21,7.102372908709558
CHEMBL6005411,CHEMBL211,Muscarinic acetylcholine receptor M2,EC50,=,25.0,nM,CHEMBL5730746,B,"Receptor Selection and Amplification Assays: NIH-3T3 cells were grown in 96-well tissue culture plates to 70% to 80% confluence. Cells were transfected with plasmid DNAs using Superfect Reagent (QIAGEN, Valencia, Calif.) as per the manufacturer's protocols. After 16-22 hours, medium was replaced with DMEM containing 1% PSG, 0.5% calf serum, 25% Ultraculture synthetic supplement (Cambrex, Walkersville, Md.) instead of calf serum, and the indicated concentrations of ligand. Cells were then grown in a humidified atmosphere with 5% ambient CO2 for 4 to 6 days. Media were then removed from the plates, and beta-galactosidase activity was measured by the addition of o-nitrophenyl-D-galactopyranoside (in phosphate-buffered saline with 5% NP-40 detergent). The resulting colorimetric reaction was measured in a spectrophotometric plate reader (Titertek, Helsinki, Finland) at 420 nM. All data represent the mean of three wells and were analyzed using the computer program Excel Fit, and EC50 determinations were made using least-squares fit analysis with GraphPad Software Inc. (San Diego, Calif.) software.",CHEMBL5725405,P08172,Muscarinic acetylcholine receptor M2,EC50,Cc1ccc2cnn(C[C@H](C)CN3[C@@H]4CC[C@H]3C[C@@H](OCC3CC3)C4)c2c1,7.6020599913279625
CHEMBL5774123,CHEMBL211,Muscarinic acetylcholine receptor M2,EC50,=,130.0,nM,CHEMBL5730746,B,"Receptor Selection and Amplification Assays: NIH-3T3 cells were grown in 96-well tissue culture plates to 70% to 80% confluence. Cells were transfected with plasmid DNAs using Superfect Reagent (QIAGEN, Valencia, Calif.) as per the manufacturer's protocols. After 16-22 hours, medium was replaced with DMEM containing 1% PSG, 0.5% calf serum, 25% Ultraculture synthetic supplement (Cambrex, Walkersville, Md.) instead of calf serum, and the indicated concentrations of ligand. Cells were then grown in a humidified atmosphere with 5% ambient CO2 for 4 to 6 days. Media were then removed from the plates, and beta-galactosidase activity was measured by the addition of o-nitrophenyl-D-galactopyranoside (in phosphate-buffered saline with 5% NP-40 detergent). The resulting colorimetric reaction was measured in a spectrophotometric plate reader (Titertek, Helsinki, Finland) at 420 nM. All data represent the mean of three wells and were analyzed using the computer program Excel Fit, and EC50 determinations were made using least-squares fit analysis with GraphPad Software Inc. (San Diego, Calif.) software.",CHEMBL5725405,P08172,Muscarinic acetylcholine receptor M2,EC50,C=CCO[C@H]1C[C@H]2CC[C@@H](C1)N2C[C@@H](C)Cn1ncc2ccccc21,6.886056647693163
CHEMBL5922237,CHEMBL211,Muscarinic acetylcholine receptor M2,EC50,=,20.0,nM,CHEMBL5730746,B,"Receptor Selection and Amplification Assays: NIH-3T3 cells were grown in 96-well tissue culture plates to 70% to 80% confluence. Cells were transfected with plasmid DNAs using Superfect Reagent (QIAGEN, Valencia, Calif.) as per the manufacturer's protocols. After 16-22 hours, medium was replaced with DMEM containing 1% PSG, 0.5% calf serum, 25% Ultraculture synthetic supplement (Cambrex, Walkersville, Md.) instead of calf serum, and the indicated concentrations of ligand. Cells were then grown in a humidified atmosphere with 5% ambient CO2 for 4 to 6 days. Media were then removed from the plates, and beta-galactosidase activity was measured by the addition of o-nitrophenyl-D-galactopyranoside (in phosphate-buffered saline with 5% NP-40 detergent). The resulting colorimetric reaction was measured in a spectrophotometric plate reader (Titertek, Helsinki, Finland) at 420 nM. All data represent the mean of three wells and were analyzed using the computer program Excel Fit, and EC50 determinations were made using least-squares fit analysis with GraphPad Software Inc. (San Diego, Calif.) software.",CHEMBL5725405,P08172,Muscarinic acetylcholine receptor M2,EC50,C[C@H](CN1[C@@H]2CC[C@H]1C[C@@H](OCC1CC1)C2)Cn1ncc2ccc(F)cc21,7.698970004336019
CHEMBL5898216,CHEMBL211,Muscarinic acetylcholine receptor M2,EC50,=,40.0,nM,CHEMBL5730746,B,"Receptor Selection and Amplification Assays: NIH-3T3 cells were grown in 96-well tissue culture plates to 70% to 80% confluence. Cells were transfected with plasmid DNAs using Superfect Reagent (QIAGEN, Valencia, Calif.) as per the manufacturer's protocols. After 16-22 hours, medium was replaced with DMEM containing 1% PSG, 0.5% calf serum, 25% Ultraculture synthetic supplement (Cambrex, Walkersville, Md.) instead of calf serum, and the indicated concentrations of ligand. Cells were then grown in a humidified atmosphere with 5% ambient CO2 for 4 to 6 days. Media were then removed from the plates, and beta-galactosidase activity was measured by the addition of o-nitrophenyl-D-galactopyranoside (in phosphate-buffered saline with 5% NP-40 detergent). The resulting colorimetric reaction was measured in a spectrophotometric plate reader (Titertek, Helsinki, Finland) at 420 nM. All data represent the mean of three wells and were analyzed using the computer program Excel Fit, and EC50 determinations were made using least-squares fit analysis with GraphPad Software Inc. (San Diego, Calif.) software.",CHEMBL5725405,P08172,Muscarinic acetylcholine receptor M2,EC50,C=CCO[C@H]1C[C@H]2CC[C@@H](C1)N2C[C@@H](C)Cn1ncc2ccc(F)cc21,7.3979400086720375
CHEMBL5885598,CHEMBL211,Muscarinic acetylcholine receptor M2,EC50,=,32.0,nM,CHEMBL5730746,B,"Receptor Selection and Amplification Assays: NIH-3T3 cells were grown in 96-well tissue culture plates to 70% to 80% confluence. Cells were transfected with plasmid DNAs using Superfect Reagent (QIAGEN, Valencia, Calif.) as per the manufacturer's protocols. After 16-22 hours, medium was replaced with DMEM containing 1% PSG, 0.5% calf serum, 25% Ultraculture synthetic supplement (Cambrex, Walkersville, Md.) instead of calf serum, and the indicated concentrations of ligand. Cells were then grown in a humidified atmosphere with 5% ambient CO2 for 4 to 6 days. Media were then removed from the plates, and beta-galactosidase activity was measured by the addition of o-nitrophenyl-D-galactopyranoside (in phosphate-buffered saline with 5% NP-40 detergent). The resulting colorimetric reaction was measured in a spectrophotometric plate reader (Titertek, Helsinki, Finland) at 420 nM. All data represent the mean of three wells and were analyzed using the computer program Excel Fit, and EC50 determinations were made using least-squares fit analysis with GraphPad Software Inc. (San Diego, Calif.) software.",CHEMBL5725405,P08172,Muscarinic acetylcholine receptor M2,EC50,COCC[C@H]1C[C@H]2CC[C@@H](C1)N2C[C@@H](C)Cn1ncc2ccc(F)cc21,7.494850021680094
CHEMBL5821739,CHEMBL211,Muscarinic acetylcholine receptor M2,EC50,=,130.0,nM,CHEMBL5730746,B,"Receptor Selection and Amplification Assays: NIH-3T3 cells were grown in 96-well tissue culture plates to 70% to 80% confluence. Cells were transfected with plasmid DNAs using Superfect Reagent (QIAGEN, Valencia, Calif.) as per the manufacturer's protocols. After 16-22 hours, medium was replaced with DMEM containing 1% PSG, 0.5% calf serum, 25% Ultraculture synthetic supplement (Cambrex, Walkersville, Md.) instead of calf serum, and the indicated concentrations of ligand. Cells were then grown in a humidified atmosphere with 5% ambient CO2 for 4 to 6 days. Media were then removed from the plates, and beta-galactosidase activity was measured by the addition of o-nitrophenyl-D-galactopyranoside (in phosphate-buffered saline with 5% NP-40 detergent). The resulting colorimetric reaction was measured in a spectrophotometric plate reader (Titertek, Helsinki, Finland) at 420 nM. All data represent the mean of three wells and were analyzed using the computer program Excel Fit, and EC50 determinations were made using least-squares fit analysis with GraphPad Software Inc. (San Diego, Calif.) software.",CHEMBL5725405,P08172,Muscarinic acetylcholine receptor M2,EC50,COc1ccc2cnn(C[C@H](C)CN3[C@@H]4CC[C@H]3C[C@@H](OCC3CC3)C4)c2c1,6.886056647693163
CHEMBL5833518,CHEMBL211,Muscarinic acetylcholine receptor M2,EC50,=,32.0,nM,CHEMBL5730746,B,"Receptor Selection and Amplification Assays: NIH-3T3 cells were grown in 96-well tissue culture plates to 70% to 80% confluence. Cells were transfected with plasmid DNAs using Superfect Reagent (QIAGEN, Valencia, Calif.) as per the manufacturer's protocols. After 16-22 hours, medium was replaced with DMEM containing 1% PSG, 0.5% calf serum, 25% Ultraculture synthetic supplement (Cambrex, Walkersville, Md.) instead of calf serum, and the indicated concentrations of ligand. Cells were then grown in a humidified atmosphere with 5% ambient CO2 for 4 to 6 days. Media were then removed from the plates, and beta-galactosidase activity was measured by the addition of o-nitrophenyl-D-galactopyranoside (in phosphate-buffered saline with 5% NP-40 detergent). The resulting colorimetric reaction was measured in a spectrophotometric plate reader (Titertek, Helsinki, Finland) at 420 nM. All data represent the mean of three wells and were analyzed using the computer program Excel Fit, and EC50 determinations were made using least-squares fit analysis with GraphPad Software Inc. (San Diego, Calif.) software.",CHEMBL5725405,P08172,Muscarinic acetylcholine receptor M2,EC50,COCC[C@H]1C[C@H]2CC[C@@H](C1)N2C[C@@H](C)Cn1ncc2ccc(C)cc21,7.494850021680094
CHEMBL6043949,CHEMBL211,Muscarinic acetylcholine receptor M2,EC50,=,50.0,nM,CHEMBL5730746,B,"Receptor Selection and Amplification Assays: NIH-3T3 cells were grown in 96-well tissue culture plates to 70% to 80% confluence. Cells were transfected with plasmid DNAs using Superfect Reagent (QIAGEN, Valencia, Calif.) as per the manufacturer's protocols. After 16-22 hours, medium was replaced with DMEM containing 1% PSG, 0.5% calf serum, 25% Ultraculture synthetic supplement (Cambrex, Walkersville, Md.) instead of calf serum, and the indicated concentrations of ligand. Cells were then grown in a humidified atmosphere with 5% ambient CO2 for 4 to 6 days. Media were then removed from the plates, and beta-galactosidase activity was measured by the addition of o-nitrophenyl-D-galactopyranoside (in phosphate-buffered saline with 5% NP-40 detergent). The resulting colorimetric reaction was measured in a spectrophotometric plate reader (Titertek, Helsinki, Finland) at 420 nM. All data represent the mean of three wells and were analyzed using the computer program Excel Fit, and EC50 determinations were made using least-squares fit analysis with GraphPad Software Inc. (San Diego, Calif.) software.",CHEMBL5725405,P08172,Muscarinic acetylcholine receptor M2,EC50,COCC[C@H]1C[C@H]2CC[C@@H](C1)N2C[C@@H](C)Cn1ncc2ccc(OC)cc21,7.301029995663981
CHEMBL5979842,CHEMBL211,Muscarinic acetylcholine receptor M2,EC50,=,50.0,nM,CHEMBL5730746,B,"Receptor Selection and Amplification Assays: NIH-3T3 cells were grown in 96-well tissue culture plates to 70% to 80% confluence. Cells were transfected with plasmid DNAs using Superfect Reagent (QIAGEN, Valencia, Calif.) as per the manufacturer's protocols. After 16-22 hours, medium was replaced with DMEM containing 1% PSG, 0.5% calf serum, 25% Ultraculture synthetic supplement (Cambrex, Walkersville, Md.) instead of calf serum, and the indicated concentrations of ligand. Cells were then grown in a humidified atmosphere with 5% ambient CO2 for 4 to 6 days. Media were then removed from the plates, and beta-galactosidase activity was measured by the addition of o-nitrophenyl-D-galactopyranoside (in phosphate-buffered saline with 5% NP-40 detergent). The resulting colorimetric reaction was measured in a spectrophotometric plate reader (Titertek, Helsinki, Finland) at 420 nM. All data represent the mean of three wells and were analyzed using the computer program Excel Fit, and EC50 determinations were made using least-squares fit analysis with GraphPad Software Inc. (San Diego, Calif.) software.",CHEMBL5725405,P08172,Muscarinic acetylcholine receptor M2,EC50,C[C@H](CN1[C@@H]2CC[C@H]1C[C@@H](OC1CCCC1)C2)Cn1ncc2ccccc21,7.301029995663981
CHEMBL5941175,CHEMBL211,Muscarinic acetylcholine receptor M2,EC50,=,50.0,nM,CHEMBL5730746,B,"Receptor Selection and Amplification Assays: NIH-3T3 cells were grown in 96-well tissue culture plates to 70% to 80% confluence. Cells were transfected with plasmid DNAs using Superfect Reagent (QIAGEN, Valencia, Calif.) as per the manufacturer's protocols. After 16-22 hours, medium was replaced with DMEM containing 1% PSG, 0.5% calf serum, 25% Ultraculture synthetic supplement (Cambrex, Walkersville, Md.) instead of calf serum, and the indicated concentrations of ligand. Cells were then grown in a humidified atmosphere with 5% ambient CO2 for 4 to 6 days. Media were then removed from the plates, and beta-galactosidase activity was measured by the addition of o-nitrophenyl-D-galactopyranoside (in phosphate-buffered saline with 5% NP-40 detergent). The resulting colorimetric reaction was measured in a spectrophotometric plate reader (Titertek, Helsinki, Finland) at 420 nM. All data represent the mean of three wells and were analyzed using the computer program Excel Fit, and EC50 determinations were made using least-squares fit analysis with GraphPad Software Inc. (San Diego, Calif.) software.",CHEMBL5725405,P08172,Muscarinic acetylcholine receptor M2,EC50,C[C@H](CN1[C@@H]2CC[C@H]1C[C@@H](OCC1CCC1)C2)Cn1ncc2ccccc21,7.301029995663981
CHEMBL6035284,CHEMBL211,Muscarinic acetylcholine receptor M2,EC50,=,250.0,nM,CHEMBL5730746,B,"Receptor Selection and Amplification Assays: NIH-3T3 cells were grown in 96-well tissue culture plates to 70% to 80% confluence. Cells were transfected with plasmid DNAs using Superfect Reagent (QIAGEN, Valencia, Calif.) as per the manufacturer's protocols. After 16-22 hours, medium was replaced with DMEM containing 1% PSG, 0.5% calf serum, 25% Ultraculture synthetic supplement (Cambrex, Walkersville, Md.) instead of calf serum, and the indicated concentrations of ligand. Cells were then grown in a humidified atmosphere with 5% ambient CO2 for 4 to 6 days. Media were then removed from the plates, and beta-galactosidase activity was measured by the addition of o-nitrophenyl-D-galactopyranoside (in phosphate-buffered saline with 5% NP-40 detergent). The resulting colorimetric reaction was measured in a spectrophotometric plate reader (Titertek, Helsinki, Finland) at 420 nM. All data represent the mean of three wells and were analyzed using the computer program Excel Fit, and EC50 determinations were made using least-squares fit analysis with GraphPad Software Inc. (San Diego, Calif.) software.",CHEMBL5725405,P08172,Muscarinic acetylcholine receptor M2,EC50,Cc1nn(C[C@H](C)CN2[C@@H]3CC[C@H]2C[C@@H](OCC2CC2)C3)c2ccccc12,6.6020599913279625
CHEMBL5995042,CHEMBL211,Muscarinic acetylcholine receptor M2,EC50,=,130.0,nM,CHEMBL5730746,B,"Receptor Selection and Amplification Assays: NIH-3T3 cells were grown in 96-well tissue culture plates to 70% to 80% confluence. Cells were transfected with plasmid DNAs using Superfect Reagent (QIAGEN, Valencia, Calif.) as per the manufacturer's protocols. After 16-22 hours, medium was replaced with DMEM containing 1% PSG, 0.5% calf serum, 25% Ultraculture synthetic supplement (Cambrex, Walkersville, Md.) instead of calf serum, and the indicated concentrations of ligand. Cells were then grown in a humidified atmosphere with 5% ambient CO2 for 4 to 6 days. Media were then removed from the plates, and beta-galactosidase activity was measured by the addition of o-nitrophenyl-D-galactopyranoside (in phosphate-buffered saline with 5% NP-40 detergent). The resulting colorimetric reaction was measured in a spectrophotometric plate reader (Titertek, Helsinki, Finland) at 420 nM. All data represent the mean of three wells and were analyzed using the computer program Excel Fit, and EC50 determinations were made using least-squares fit analysis with GraphPad Software Inc. (San Diego, Calif.) software.",CHEMBL5725405,P08172,Muscarinic acetylcholine receptor M2,EC50,Cc1cccc2cnn(C[C@H](C)CN3[C@@H]4CC[C@H]3C[C@@H](OCC3CC3)C4)c12,6.886056647693163
CHEMBL5955751,CHEMBL211,Muscarinic acetylcholine receptor M2,EC50,=,63.0,nM,CHEMBL5730746,B,"Receptor Selection and Amplification Assays: NIH-3T3 cells were grown in 96-well tissue culture plates to 70% to 80% confluence. Cells were transfected with plasmid DNAs using Superfect Reagent (QIAGEN, Valencia, Calif.) as per the manufacturer's protocols. After 16-22 hours, medium was replaced with DMEM containing 1% PSG, 0.5% calf serum, 25% Ultraculture synthetic supplement (Cambrex, Walkersville, Md.) instead of calf serum, and the indicated concentrations of ligand. Cells were then grown in a humidified atmosphere with 5% ambient CO2 for 4 to 6 days. Media were then removed from the plates, and beta-galactosidase activity was measured by the addition of o-nitrophenyl-D-galactopyranoside (in phosphate-buffered saline with 5% NP-40 detergent). The resulting colorimetric reaction was measured in a spectrophotometric plate reader (Titertek, Helsinki, Finland) at 420 nM. All data represent the mean of three wells and were analyzed using the computer program Excel Fit, and EC50 determinations were made using least-squares fit analysis with GraphPad Software Inc. (San Diego, Calif.) software.",CHEMBL5725405,P08172,Muscarinic acetylcholine receptor M2,EC50,C#CCO[C@H]1C[C@H]2CC[C@@H](C1)N2C[C@@H](C)Cn1ncc2ccccc21,7.200659450546418
CHEMBL5906914,CHEMBL211,Muscarinic acetylcholine receptor M2,EC50,=,32.0,nM,CHEMBL5730746,B,"Receptor Selection and Amplification Assays: NIH-3T3 cells were grown in 96-well tissue culture plates to 70% to 80% confluence. Cells were transfected with plasmid DNAs using Superfect Reagent (QIAGEN, Valencia, Calif.) as per the manufacturer's protocols. After 16-22 hours, medium was replaced with DMEM containing 1% PSG, 0.5% calf serum, 25% Ultraculture synthetic supplement (Cambrex, Walkersville, Md.) instead of calf serum, and the indicated concentrations of ligand. Cells were then grown in a humidified atmosphere with 5% ambient CO2 for 4 to 6 days. Media were then removed from the plates, and beta-galactosidase activity was measured by the addition of o-nitrophenyl-D-galactopyranoside (in phosphate-buffered saline with 5% NP-40 detergent). The resulting colorimetric reaction was measured in a spectrophotometric plate reader (Titertek, Helsinki, Finland) at 420 nM. All data represent the mean of three wells and were analyzed using the computer program Excel Fit, and EC50 determinations were made using least-squares fit analysis with GraphPad Software Inc. (San Diego, Calif.) software.",CHEMBL5725405,P08172,Muscarinic acetylcholine receptor M2,EC50,CCCO[C@H]1C[C@H]2CC[C@@H](C1)N2C[C@@H](C)Cn1ncc2ccccc21,7.494850021680094
CHEMBL5913895,CHEMBL211,Muscarinic acetylcholine receptor M2,EC50,=,63.0,nM,CHEMBL5730746,B,"Receptor Selection and Amplification Assays: NIH-3T3 cells were grown in 96-well tissue culture plates to 70% to 80% confluence. Cells were transfected with plasmid DNAs using Superfect Reagent (QIAGEN, Valencia, Calif.) as per the manufacturer's protocols. After 16-22 hours, medium was replaced with DMEM containing 1% PSG, 0.5% calf serum, 25% Ultraculture synthetic supplement (Cambrex, Walkersville, Md.) instead of calf serum, and the indicated concentrations of ligand. Cells were then grown in a humidified atmosphere with 5% ambient CO2 for 4 to 6 days. Media were then removed from the plates, and beta-galactosidase activity was measured by the addition of o-nitrophenyl-D-galactopyranoside (in phosphate-buffered saline with 5% NP-40 detergent). The resulting colorimetric reaction was measured in a spectrophotometric plate reader (Titertek, Helsinki, Finland) at 420 nM. All data represent the mean of three wells and were analyzed using the computer program Excel Fit, and EC50 determinations were made using least-squares fit analysis with GraphPad Software Inc. (San Diego, Calif.) software.",CHEMBL5725405,P08172,Muscarinic acetylcholine receptor M2,EC50,COC/C=C1\C[C@H]2CC[C@@H](C1)N2C[C@@H](C)Cn1ncc2ccccc21,7.200659450546418
CHEMBL5951784,CHEMBL211,Muscarinic acetylcholine receptor M2,EC50,=,7.9,nM,CHEMBL5730746,B,"Receptor Selection and Amplification Assays: NIH-3T3 cells were grown in 96-well tissue culture plates to 70% to 80% confluence. Cells were transfected with plasmid DNAs using Superfect Reagent (QIAGEN, Valencia, Calif.) as per the manufacturer's protocols. After 16-22 hours, medium was replaced with DMEM containing 1% PSG, 0.5% calf serum, 25% Ultraculture synthetic supplement (Cambrex, Walkersville, Md.) instead of calf serum, and the indicated concentrations of ligand. Cells were then grown in a humidified atmosphere with 5% ambient CO2 for 4 to 6 days. Media were then removed from the plates, and beta-galactosidase activity was measured by the addition of o-nitrophenyl-D-galactopyranoside (in phosphate-buffered saline with 5% NP-40 detergent). The resulting colorimetric reaction was measured in a spectrophotometric plate reader (Titertek, Helsinki, Finland) at 420 nM. All data represent the mean of three wells and were analyzed using the computer program Excel Fit, and EC50 determinations were made using least-squares fit analysis with GraphPad Software Inc. (San Diego, Calif.) software.",CHEMBL5725405,P08172,Muscarinic acetylcholine receptor M2,EC50,Cc1ccc2c(cnn2C[C@H](C)CN2[C@@H]3CC[C@H]2C[C@@H](OCC2CC2)C3)c1,8.102372908709558
CHEMBL5742667,CHEMBL211,Muscarinic acetylcholine receptor M2,EC50,=,79.0,nM,CHEMBL5730746,B,"Receptor Selection and Amplification Assays: NIH-3T3 cells were grown in 96-well tissue culture plates to 70% to 80% confluence. Cells were transfected with plasmid DNAs using Superfect Reagent (QIAGEN, Valencia, Calif.) as per the manufacturer's protocols. After 16-22 hours, medium was replaced with DMEM containing 1% PSG, 0.5% calf serum, 25% Ultraculture synthetic supplement (Cambrex, Walkersville, Md.) instead of calf serum, and the indicated concentrations of ligand. Cells were then grown in a humidified atmosphere with 5% ambient CO2 for 4 to 6 days. Media were then removed from the plates, and beta-galactosidase activity was measured by the addition of o-nitrophenyl-D-galactopyranoside (in phosphate-buffered saline with 5% NP-40 detergent). The resulting colorimetric reaction was measured in a spectrophotometric plate reader (Titertek, Helsinki, Finland) at 420 nM. All data represent the mean of three wells and were analyzed using the computer program Excel Fit, and EC50 determinations were made using least-squares fit analysis with GraphPad Software Inc. (San Diego, Calif.) software.",CHEMBL5725405,P08172,Muscarinic acetylcholine receptor M2,EC50,C#CCO[C@H]1C[C@H]2CC[C@@H](C1)N2C[C@@H](C)Cn1ncc2ccc(OC)cc21,7.102372908709558
CHEMBL5997840,CHEMBL211,Muscarinic acetylcholine receptor M2,EC50,=,16.0,nM,CHEMBL5730746,B,"Receptor Selection and Amplification Assays: NIH-3T3 cells were grown in 96-well tissue culture plates to 70% to 80% confluence. Cells were transfected with plasmid DNAs using Superfect Reagent (QIAGEN, Valencia, Calif.) as per the manufacturer's protocols. After 16-22 hours, medium was replaced with DMEM containing 1% PSG, 0.5% calf serum, 25% Ultraculture synthetic supplement (Cambrex, Walkersville, Md.) instead of calf serum, and the indicated concentrations of ligand. Cells were then grown in a humidified atmosphere with 5% ambient CO2 for 4 to 6 days. Media were then removed from the plates, and beta-galactosidase activity was measured by the addition of o-nitrophenyl-D-galactopyranoside (in phosphate-buffered saline with 5% NP-40 detergent). The resulting colorimetric reaction was measured in a spectrophotometric plate reader (Titertek, Helsinki, Finland) at 420 nM. All data represent the mean of three wells and were analyzed using the computer program Excel Fit, and EC50 determinations were made using least-squares fit analysis with GraphPad Software Inc. (San Diego, Calif.) software.",CHEMBL5725405,P08172,Muscarinic acetylcholine receptor M2,EC50,CCOCC[C@H]1C[C@H]2CC[C@@H](C1)N2C[C@@H](C)Cn1ncc2ccccc21,7.795880017344075
CHEMBL5854081,CHEMBL211,Muscarinic acetylcholine receptor M2,EC50,=,13.0,nM,CHEMBL5730746,B,"Receptor Selection and Amplification Assays: NIH-3T3 cells were grown in 96-well tissue culture plates to 70% to 80% confluence. Cells were transfected with plasmid DNAs using Superfect Reagent (QIAGEN, Valencia, Calif.) as per the manufacturer's protocols. After 16-22 hours, medium was replaced with DMEM containing 1% PSG, 0.5% calf serum, 25% Ultraculture synthetic supplement (Cambrex, Walkersville, Md.) instead of calf serum, and the indicated concentrations of ligand. Cells were then grown in a humidified atmosphere with 5% ambient CO2 for 4 to 6 days. Media were then removed from the plates, and beta-galactosidase activity was measured by the addition of o-nitrophenyl-D-galactopyranoside (in phosphate-buffered saline with 5% NP-40 detergent). The resulting colorimetric reaction was measured in a spectrophotometric plate reader (Titertek, Helsinki, Finland) at 420 nM. All data represent the mean of three wells and were analyzed using the computer program Excel Fit, and EC50 determinations were made using least-squares fit analysis with GraphPad Software Inc. (San Diego, Calif.) software.",CHEMBL5725405,P08172,Muscarinic acetylcholine receptor M2,EC50,CCOCC[C@H]1C[C@H]2CC[C@@H](C1)N2C[C@@H](C)Cn1ncc2ccc(C)cc21,7.886056647693163
CHEMBL6005411,CHEMBL211,Muscarinic acetylcholine receptor M2,EC50,=,25.0,nM,CHEMBL5730746,B,"Receptor Selection and Amplification Assays: NIH-3T3 cells were grown in 96-well tissue culture plates to 70% to 80% confluence. Cells were transfected with plasmid DNAs using Superfect Reagent (QIAGEN, Valencia, Calif.) as per the manufacturer's protocols. After 16-22 hours, medium was replaced with DMEM containing 1% PSG, 0.5% calf serum, 25% Ultraculture synthetic supplement (Cambrex, Walkersville, Md.) instead of calf serum, and the indicated concentrations of ligand. Cells were then grown in a humidified atmosphere with 5% ambient CO2 for 4 to 6 days. Media were then removed from the plates, and beta-galactosidase activity was measured by the addition of o-nitrophenyl-D-galactopyranoside (in phosphate-buffered saline with 5% NP-40 detergent). The resulting colorimetric reaction was measured in a spectrophotometric plate reader (Titertek, Helsinki, Finland) at 420 nM. All data represent the mean of three wells and were analyzed using the computer program Excel Fit, and EC50 determinations were made using least-squares fit analysis with GraphPad Software Inc. (San Diego, Calif.) software.",CHEMBL5725405,P08172,Muscarinic acetylcholine receptor M2,EC50,Cc1ccc2cnn(C[C@H](C)CN3[C@@H]4CC[C@H]3C[C@@H](OCC3CC3)C4)c2c1,7.6020599913279625
CHEMBL5774123,CHEMBL211,Muscarinic acetylcholine receptor M2,EC50,=,130.0,nM,CHEMBL5730746,B,"Receptor Selection and Amplification Assays: NIH-3T3 cells were grown in 96-well tissue culture plates to 70% to 80% confluence. Cells were transfected with plasmid DNAs using Superfect Reagent (QIAGEN, Valencia, Calif.) as per the manufacturer's protocols. After 16-22 hours, medium was replaced with DMEM containing 1% PSG, 0.5% calf serum, 25% Ultraculture synthetic supplement (Cambrex, Walkersville, Md.) instead of calf serum, and the indicated concentrations of ligand. Cells were then grown in a humidified atmosphere with 5% ambient CO2 for 4 to 6 days. Media were then removed from the plates, and beta-galactosidase activity was measured by the addition of o-nitrophenyl-D-galactopyranoside (in phosphate-buffered saline with 5% NP-40 detergent). The resulting colorimetric reaction was measured in a spectrophotometric plate reader (Titertek, Helsinki, Finland) at 420 nM. All data represent the mean of three wells and were analyzed using the computer program Excel Fit, and EC50 determinations were made using least-squares fit analysis with GraphPad Software Inc. (San Diego, Calif.) software.",CHEMBL5725405,P08172,Muscarinic acetylcholine receptor M2,EC50,C=CCO[C@H]1C[C@H]2CC[C@@H](C1)N2C[C@@H](C)Cn1ncc2ccccc21,6.886056647693163
CHEMBL1229517,CHEMBL211,Muscarinic acetylcholine receptor M2,EC50,=,1600.0,nM,CHEMBL5730746,B,"Receptor Selection and Amplification Assays: NIH-3T3 cells were grown in 96-well tissue culture plates to 70% to 80% confluence. Cells were transfected with plasmid DNAs using Superfect Reagent (QIAGEN, Valencia, Calif.) as per the manufacturer's protocols. After 16-22 hours, medium was replaced with DMEM containing 1% PSG, 0.5% calf serum, 25% Ultraculture synthetic supplement (Cambrex, Walkersville, Md.) instead of calf serum, and the indicated concentrations of ligand. Cells were then grown in a humidified atmosphere with 5% ambient CO2 for 4 to 6 days. Media were then removed from the plates, and beta-galactosidase activity was measured by the addition of o-nitrophenyl-D-galactopyranoside (in phosphate-buffered saline with 5% NP-40 detergent). The resulting colorimetric reaction was measured in a spectrophotometric plate reader (Titertek, Helsinki, Finland) at 420 nM. All data represent the mean of three wells and were analyzed using the computer program Excel Fit, and EC50 determinations were made using least-squares fit analysis with GraphPad Software Inc. (San Diego, Calif.) software.",CHEMBL5725405,P08172,Muscarinic acetylcholine receptor M2,EC50,CCCS(=O)(=O)Nc1ccc(F)c(C(=O)c2c[nH]c3ncc(-c4ccc(Cl)cc4)cc23)c1F,5.795880017344075
CHEMBL5815648,CHEMBL211,Muscarinic acetylcholine receptor M2,EC50,=,79.0,nM,CHEMBL5730746,B,"Receptor Selection and Amplification Assays: NIH-3T3 cells were grown in 96-well tissue culture plates to 70% to 80% confluence. Cells were transfected with plasmid DNAs using Superfect Reagent (QIAGEN, Valencia, Calif.) as per the manufacturer's protocols. After 16-22 hours, medium was replaced with DMEM containing 1% PSG, 0.5% calf serum, 25% Ultraculture synthetic supplement (Cambrex, Walkersville, Md.) instead of calf serum, and the indicated concentrations of ligand. Cells were then grown in a humidified atmosphere with 5% ambient CO2 for 4 to 6 days. Media were then removed from the plates, and beta-galactosidase activity was measured by the addition of o-nitrophenyl-D-galactopyranoside (in phosphate-buffered saline with 5% NP-40 detergent). The resulting colorimetric reaction was measured in a spectrophotometric plate reader (Titertek, Helsinki, Finland) at 420 nM. All data represent the mean of three wells and were analyzed using the computer program Excel Fit, and EC50 determinations were made using least-squares fit analysis with GraphPad Software Inc. (San Diego, Calif.) software.",CHEMBL5725405,P08172,Muscarinic acetylcholine receptor M2,EC50,CC(C)(C)OC(=O)N1C2CC[C@H]1C[C@@H](O)C2,7.102372908709558
