molecule_chembl_id,target_chembl_id,target_pref_name,standard_type,standard_relation,standard_value,standard_units,assay_chembl_id,assay_type,assay_description,document_chembl_id,uniprot_id,target_pref_name,readout,smiles,pActivity
CHEMBL170335,CHEMBL252,Endothelin receptor ET-A,IC50,=,65000.0,nM,CHEMBL676566,B,Tested for binding affinity towards rabbit Endothelin A receptor,CHEMBL1133352,P25101,Endothelin receptor ET-A,IC50,C/C=C/C=C/C=C/C(=O)O[C@@H]1C=C2COC(O)[C@]2(O)[C@@]2(C)CCCC(C)(C)C12,4.187086643357144
CHEMBL170335,CHEMBL252,Endothelin receptor ET-A,IC50,=,62000.0,nM,CHEMBL681509,B,Tested for binding affinity towards human Endothelin A receptor,CHEMBL1133352,P25101,Endothelin receptor ET-A,IC50,C/C=C/C=C/C=C/C(=O)O[C@@H]1C=C2COC(O)[C@]2(O)[C@@]2(C)CCCC(C)(C)C12,4.2076083105017466
CHEMBL175228,CHEMBL252,Endothelin receptor ET-A,IC50,=,9.3,nM,CHEMBL682366,B,Inhibitory activity was evaluated against human Endothelin A receptor,CHEMBL1129499,P25101,Endothelin receptor ET-A,IC50,Cc1[nH]c([C@@H](Cc2cn(C)c3ccccc23)NC(=O)[C@H](CC(C)C)OC(=O)NC2CCCCC2)nc1C(=O)O,8.031517051446064
CHEMBL174699,CHEMBL252,Endothelin receptor ET-A,IC50,=,25.0,nM,CHEMBL682366,B,Inhibitory activity was evaluated against human Endothelin A receptor,CHEMBL1129499,P25101,Endothelin receptor ET-A,IC50,Cc1oc([C@@H](Cc2cn(C)c3ccccc23)NC(=O)[C@H](CC(C)C)NC(=O)N(C)C2CCCCC2)nc1C(=O)O,7.6020599913279625
CHEMBL367033,CHEMBL252,Endothelin receptor ET-A,IC50,=,22.0,nM,CHEMBL682366,B,Inhibitory activity was evaluated against human Endothelin A receptor,CHEMBL1129499,P25101,Endothelin receptor ET-A,IC50,Cc1[nH]c([C@@H](Cc2cn(C)c3ccccc23)NC(=O)[C@H](CC(C)C)N(C)C(=O)NC2CCCCC2)nc1C(=O)O,7.657577319177793
CHEMBL369821,CHEMBL252,Endothelin receptor ET-A,IC50,=,450.0,nM,CHEMBL682366,B,Inhibitory activity was evaluated against human Endothelin A receptor,CHEMBL1129499,P25101,Endothelin receptor ET-A,IC50,Cc1oc([C@@H](Cc2cn(C)c3ccccc23)NC(=O)[C@H](CC(C)C)N(C)C(=O)NC2CCCCC2)nc1C(=O)O,6.346787486224656
CHEMBL353320,CHEMBL252,Endothelin receptor ET-A,IC50,=,41.0,nM,CHEMBL682366,B,Inhibitory activity was evaluated against human Endothelin A receptor,CHEMBL1129499,P25101,Endothelin receptor ET-A,IC50,Cc1oc([C@@H](Cc2cn(C)c3ccccc23)NC(=O)[C@H](CC(C)C)NC(=O)OC2CCCCC2)nc1C(=O)O,7.3872161432802645
CHEMBL177546,CHEMBL252,Endothelin receptor ET-A,IC50,=,21.0,nM,CHEMBL682366,B,Inhibitory activity was evaluated against human Endothelin A receptor,CHEMBL1129499,P25101,Endothelin receptor ET-A,IC50,Cc1oc([C@@H](Cc2cn(C)c3ccccc23)NC(=O)[C@H](CC(C)C)OC(=O)NC2CCCCC2)nc1C(=O)O,7.6777807052660805
CHEMBL170446,CHEMBL252,Endothelin receptor ET-A,IC50,=,8200.0,nM,CHEMBL681509,B,Tested for binding affinity towards human Endothelin A receptor,CHEMBL1133352,P25101,Endothelin receptor ET-A,IC50,C/C=C/C=C/C(=O)O[C@@H]1C=C2COC(OC)[C@]2(O)CC1,5.086186147616283
CHEMBL174448,CHEMBL252,Endothelin receptor ET-A,IC50,=,11.0,nM,CHEMBL682366,B,Inhibitory activity was evaluated against human Endothelin A receptor,CHEMBL1129499,P25101,Endothelin receptor ET-A,IC50,Cc1[nH]c([C@@H](Cc2cn(C)c3ccccc23)NC(=O)[C@H](CC(C)C)NC(=O)NC2CCCCC2)nc1C(=O)O,7.958607314841775
CHEMBL177839,CHEMBL252,Endothelin receptor ET-A,IC50,=,310.0,nM,CHEMBL682366,B,Inhibitory activity was evaluated against human Endothelin A receptor,CHEMBL1129499,P25101,Endothelin receptor ET-A,IC50,Cc1oc([C@@H](Cc2cn(C)c3ccccc23)NC(=O)[C@@H](CC(=O)NC2CCCCC2)CC(C)C)nc1C(=O)O,6.508638306165727
CHEMBL367645,CHEMBL252,Endothelin receptor ET-A,IC50,=,76.0,nM,CHEMBL682366,B,Inhibitory activity was evaluated against human Endothelin A receptor,CHEMBL1129499,P25101,Endothelin receptor ET-A,IC50,Cc1[nH]c([C@@H](Cc2cn(C)c3ccccc23)NC(=O)[C@H](CC(C)C)NC(=O)OC2CCCCC2)nc1C(=O)O,7.119186407719209
CHEMBL353502,CHEMBL252,Endothelin receptor ET-A,IC50,=,50000.0,nM,CHEMBL676566,B,Tested for binding affinity towards rabbit Endothelin A receptor,CHEMBL1133352,P25101,Endothelin receptor ET-A,IC50,C/C=C/C=C/C(=O)O[C@@H]1C=C2COC(O)[C@]2(O)[C@@]2(C)CCCC(C)(C)C12,4.301029995663981
CHEMBL170450,CHEMBL252,Endothelin receptor ET-A,IC50,=,2600.0,nM,CHEMBL681509,B,Tested for binding affinity towards human Endothelin A receptor,CHEMBL1133352,P25101,Endothelin receptor ET-A,IC50,C/C=C/C=C/C(=O)O[C@@H]1C=C2COC(=O)[C@]2(O)CC1,5.585026652029182
CHEMBL366805,CHEMBL252,Endothelin receptor ET-A,IC50,=,29.0,nM,CHEMBL682366,B,Inhibitory activity was evaluated against human Endothelin A receptor,CHEMBL1129499,P25101,Endothelin receptor ET-A,IC50,Cc1[nH]c([C@@H](Cc2cn(C)c3ccccc23)NC(=O)[C@@H](CC(=O)NC2CCCCC2)CC(C)C)nc1C(=O)O,7.537602002101044
CHEMBL368629,CHEMBL252,Endothelin receptor ET-A,IC50,=,17.0,nM,CHEMBL682366,B,Inhibitory activity was evaluated against human Endothelin A receptor,CHEMBL1129499,P25101,Endothelin receptor ET-A,IC50,Cc1oc([C@@H](Cc2cn(C)c3ccccc23)NC(=O)[C@H](CC(C)C)OC(=O)OC2CCCCC2)nc1C(=O)O,7.769551078621726
CHEMBL177179,CHEMBL252,Endothelin receptor ET-A,IC50,=,680.0,nM,CHEMBL682366,B,Inhibitory activity was evaluated against human Endothelin A receptor,CHEMBL1129499,P25101,Endothelin receptor ET-A,IC50,Cc1oc([C@@H](Cc2cn(C)c3ccccc23)NC(=O)[C@H](CC(C)C)NC(=O)CC2CCCCC2)nc1C(=O)O,6.167491087293763
CHEMBL173059,CHEMBL252,Endothelin receptor ET-A,IC50,=,155000.0,nM,CHEMBL676566,B,Tested for binding affinity towards rabbit Endothelin A receptor,CHEMBL1133352,P25101,Endothelin receptor ET-A,IC50,C/C=C/C=C/C=C/C(=O)O[C@@H]1C=C2COC(=O)[C@]2(O)[C@@]2(C)CCCC(C)(C)C12,3.809668301829708
CHEMBL173059,CHEMBL252,Endothelin receptor ET-A,IC50,=,135000.0,nM,CHEMBL681509,B,Tested for binding affinity towards human Endothelin A receptor,CHEMBL1133352,P25101,Endothelin receptor ET-A,IC50,C/C=C/C=C/C=C/C(=O)O[C@@H]1C=C2COC(=O)[C@]2(O)[C@@]2(C)CCCC(C)(C)C12,3.8696662315049934
CHEMBL414605,CHEMBL252,Endothelin receptor ET-A,IC50,=,1.8,nM,CHEMBL682366,B,Inhibitory activity was evaluated against human Endothelin A receptor,CHEMBL1129499,P25101,Endothelin receptor ET-A,IC50,Cc1[nH]c([C@@H](Cc2cn(C)c3ccccc23)NC(=O)[C@H](CC(C)C)NC(=O)N(C)C2CCCCC2)nc1C(=O)O,8.744727494896694
CHEMBL174871,CHEMBL252,Endothelin receptor ET-A,IC50,=,470.0,nM,CHEMBL682366,B,Inhibitory activity was evaluated against human Endothelin A receptor,CHEMBL1129499,P25101,Endothelin receptor ET-A,IC50,Cc1[nH]c([C@@H](Cc2cn(C)c3ccccc23)NC(=O)[C@H](CC(C)C)NC(=O)CC2CCCCC2)nc1C(=O)O,6.327902142064282
CHEMBL441112,CHEMBL252,Endothelin receptor ET-A,IC50,=,220.0,nM,CHEMBL682366,B,Inhibitory activity was evaluated against human Endothelin A receptor,CHEMBL1129499,P25101,Endothelin receptor ET-A,IC50,Cc1oc([C@@H](Cc2cn(C)c3ccccc23)NC(=O)[C@H](CC(C)C)NC(=O)NC2CCCCC2)nc1C(=O)O,6.657577319177793
CHEMBL173336,CHEMBL252,Endothelin receptor ET-A,IC50,=,2500.0,nM,CHEMBL681509,B,Tested for binding affinity towards human Endothelin A receptor,CHEMBL1133352,P25101,Endothelin receptor ET-A,IC50,C/C=C/C=C/C(=O)O[C@@H]1C=C2COC(O)[C@]2(O)CC1,5.6020599913279625
CHEMBL175698,CHEMBL252,Endothelin receptor ET-A,IC50,=,4.6,nM,CHEMBL682366,B,Inhibitory activity was evaluated against human Endothelin A receptor,CHEMBL1129499,P25101,Endothelin receptor ET-A,IC50,Cc1oc([C@@H](Cc2cn(C)c3ccccc23)NC(=O)[C@H](CC(C)C)OC(=O)N(C)C2CCCCC2)nc1C(=O)O,8.337242168318426
CHEMBL278176,CHEMBL252,Endothelin receptor ET-A,IC50,=,24.0,nM,CHEMBL876873,B,Compound was evaluated for inhibitory activity against human Endothelin A receptor (ETA),CHEMBL1135999,P25101,Endothelin receptor ET-A,IC50,CCCc1cc(Cn2c(CC)nc3c(C)cc(C)nc32)ccc1OC(C(=O)NS(=O)(=O)c1ccc(C(C)C)cc1)c1ccc2c(c1)OCO2,7.619788758288394
CHEMBL323464,CHEMBL252,Endothelin receptor ET-A,IC50,=,0.044,nM,CHEMBL873596,B,Binding assay performed using human Endothelin A receptor (hETA) expressed in chinese hamster ovary cells(CHO).,CHEMBL1130174,P25101,Endothelin receptor ET-A,IC50,CCCCS(=O)(=O)N(CCC)CCN1C[C@H](c2ccc3c(c2)OCO3)[C@@H](C(=O)O)[C@@H]1c1ccc(OC)c(F)c1,10.356547323513812
CHEMBL436899,CHEMBL252,Endothelin receptor ET-A,IC50,=,2000.0,nM,CHEMBL682963,B,Binding affinity against Endothelin A receptor in rabbit renal artery vascular smooth muscle membrane (ET-A),CHEMBL1127771,P25101,Endothelin receptor ET-A,IC50,CC[C@H](C)[C@H](NC(=O)[C@H](CC(=O)O)NC(=O)[C@H](CC(C)C)NC(=O)[C@H](Cc1c[nH]cn1)NC(=O)[C@H]1CSSC[C@H](N)C(=O)N[C@@H](CO)C(=O)N[C@@H](CO)C(=O)N[C@@H](C(C)C)C(=O)N[C@H](Cc2ccc(O)cc2)C(=O)N[C@@H](Cc2ccccc2)C(=O)N1)C(=O)N[C@H](C(=O)N[C@@H](Cc1c[nH]c2ccccc12)C(=O)O)[C@@H](C)CC,5.698970004336019
CHEMBL416324,CHEMBL252,Endothelin receptor ET-A,IC50,=,0.04,nM,CHEMBL679122,B,Displacement of [125I]ET-1 from Endothelin A receptor,CHEMBL1148449,P25101,Endothelin receptor ET-A,IC50,CO/N=C(\C)c1cc(C)cc(C)c1NC(=O)c1sccc1S(=O)(=O)Nc1onc(C)c1Cl,10.397940008672037
CHEMBL303806,CHEMBL252,Endothelin receptor ET-A,IC50,=,2.62,nM,CHEMBL679122,B,Displacement of [125I]ET-1 from Endothelin A receptor,CHEMBL1148449,P25101,Endothelin receptor ET-A,IC50,Cc1cc(C)c(NC(=O)c2sccc2S(=O)(=O)Nc2onc(C)c2Cl)c(C(=O)O)c1,8.581698708680255
CHEMBL9194,CHEMBL252,Endothelin receptor ET-A,IC50,=,0.31,nM,CHEMBL679122,B,Displacement of [125I]ET-1 from Endothelin A receptor,CHEMBL1148449,P25101,Endothelin receptor ET-A,IC50,CCCCN(CCCC)C(=O)CN1C[C@H](c2ccc3c(c2)OCO3)[C@@H](C(=O)O)[C@@H]1c1ccc(OC)cc1,9.508638306165727
CHEMBL111277,CHEMBL252,Endothelin receptor ET-A,IC50,=,0.078,nM,CHEMBL873596,B,Binding assay performed using human Endothelin A receptor (hETA) expressed in chinese hamster ovary cells(CHO).,CHEMBL1130174,P25101,Endothelin receptor ET-A,IC50,CCCCCS(=O)(=O)N(CCC)CCN1C[C@H](c2ccc3c(c2)OCO3)[C@@H](C(=O)O)[C@@H]1c1ccc(OC)c(F)c1,10.10790539730952
CHEMBL419367,CHEMBL252,Endothelin receptor ET-A,IC50,=,0.055,nM,CHEMBL873596,B,Binding assay performed using human Endothelin A receptor (hETA) expressed in chinese hamster ovary cells(CHO).,CHEMBL1130174,P25101,Endothelin receptor ET-A,IC50,CCCN(CCN1C[C@H](c2ccc3c(c2)OCO3)[C@@H](C(=O)O)[C@@H]1c1ccc(OC)c(F)c1)S(=O)(=O)CCCC(F)(F)F,10.259637310505756
CHEMBL304860,CHEMBL252,Endothelin receptor ET-A,IC50,=,12.36,nM,CHEMBL679122,B,Displacement of [125I]ET-1 from Endothelin A receptor,CHEMBL1148449,P25101,Endothelin receptor ET-A,IC50,CCCc1c(O)c(C(C)=O)cc(C(C)=O)c1NC(=O)c1sc(C)cc1S(=O)(=O)Nc1onc(C)c1Cl,7.907981529247203
CHEMBL294563,CHEMBL252,Endothelin receptor ET-A,IC50,=,0.21,nM,CHEMBL679122,B,Displacement of [125I]ET-1 from Endothelin A receptor,CHEMBL1148449,P25101,Endothelin receptor ET-A,IC50,CC(=O)c1cc(C)cc(C)c1NC(=O)c1sc(C)cc1S(=O)(=O)Nc1onc(C)c1Cl,9.67778070526608
CHEMBL61425,CHEMBL252,Endothelin receptor ET-A,IC50,=,0.24,nM,CHEMBL679122,B,Displacement of [125I]ET-1 from Endothelin A receptor,CHEMBL1148449,P25101,Endothelin receptor ET-A,IC50,CC(C)C[C@@H]1NC(=O)[C@@H](c2cccs2)NC(=O)[C@H](CC(=O)[O-])NC(=O)[C@H](CC(=O)N2CCN(c3ccccc3)CC2)NC(=O)[C@@H](CC(=O)[O-])NC(=O)[C@@H](Cc2c[nH]c3ccccc23)NC1=O.[Na+].[Na+],9.619788758288394
CHEMBL408141,CHEMBL252,Endothelin receptor ET-A,IC50,=,3800.0,nM,CHEMBL682963,B,Binding affinity against Endothelin A receptor in rabbit renal artery vascular smooth muscle membrane (ET-A),CHEMBL1127771,P25101,Endothelin receptor ET-A,IC50,CC[C@H](C)[C@H](NC(=O)[C@H](CC(=O)O)NC(=O)[C@H](CC(C)C)NC(=O)[C@H](Cc1c[nH]cn1)NC(=O)[C@H]1CSSC[C@H](N)C(=O)N[C@@H](CO)C(=O)N[C@@H](C(C)C)C(=O)N[C@H](Cc2ccc(O)cc2)C(=O)N[C@@H](Cc2ccccc2)C(=O)N1)C(=O)N[C@H](C(=O)N[C@@H](Cc1c[nH]c2ccccc12)C(=O)O)[C@@H](C)CC,5.42021640338319
CHEMBL277595,CHEMBL252,Endothelin receptor ET-A,IC50,=,0.15,nM,CHEMBL679122,B,Displacement of [125I]ET-1 from Endothelin A receptor,CHEMBL1148449,P25101,Endothelin receptor ET-A,IC50,Cc1cc(C)c(NC(=O)c2sccc2S(=O)(=O)Nc2onc(C)c2Cl)c(C)c1,9.823908740944319
CHEMBL61711,CHEMBL252,Endothelin receptor ET-A,IC50,=,0.68,nM,CHEMBL679122,B,Displacement of [125I]ET-1 from Endothelin A receptor,CHEMBL1148449,P25101,Endothelin receptor ET-A,IC50,Cc1cc(C)c(NC(=O)c2sccc2S(=O)(=O)Nc2onc(C)c2Cl)c(C(=O)N(C)CC(C)(C)C)c1,9.167491087293763
CHEMBL291592,CHEMBL252,Endothelin receptor ET-A,IC50,=,0.05,nM,CHEMBL679122,B,Displacement of [125I]ET-1 from Endothelin A receptor,CHEMBL1148449,P25101,Endothelin receptor ET-A,IC50,Cc1cc(C)c(NC(=O)c2sccc2S(=O)(=O)Nc2onc(C)c2Cl)c(S(=O)(=O)C(C)C)c1,10.301029995663981
CHEMBL300547,CHEMBL252,Endothelin receptor ET-A,IC50,=,0.39,nM,CHEMBL679122,B,Displacement of [125I]ET-1 from Endothelin A receptor,CHEMBL1148449,P25101,Endothelin receptor ET-A,IC50,Cc1cc(C)c(NC(=O)c2sccc2S(=O)(=O)Nc2onc(C)c2Cl)c(C(=O)c2ccccc2)c1,9.4089353929735
CHEMBL293830,CHEMBL252,Endothelin receptor ET-A,IC50,=,0.03,nM,CHEMBL679122,B,Displacement of [125I]ET-1 from Endothelin A receptor,CHEMBL1148449,P25101,Endothelin receptor ET-A,IC50,Cc1cc(C)c(NC(=O)c2sccc2S(=O)(=O)Nc2onc(C)c2Cl)c(C(=O)C2CC2)c1,10.522878745280337
CHEMBL294291,CHEMBL252,Endothelin receptor ET-A,IC50,=,0.02,nM,CHEMBL679122,B,Displacement of [125I]ET-1 from Endothelin A receptor,CHEMBL1148449,P25101,Endothelin receptor ET-A,IC50,CC(=O)c1c(C)c(C)cc(C)c1NC(=O)c1sccc1S(=O)(=O)Nc1onc(C)c1Cl,10.698970004336019
CHEMBL412460,CHEMBL252,Endothelin receptor ET-A,IC50,=,2500.0,nM,CHEMBL682963,B,Binding affinity against Endothelin A receptor in rabbit renal artery vascular smooth muscle membrane (ET-A),CHEMBL1127771,P25101,Endothelin receptor ET-A,IC50,CC[C@H](C)[C@H](NC(=O)[C@H](CC(=O)O)NC(=O)[C@H](CC(C)C)NC(=O)[C@H](Cc1c[nH]cn1)NC(=O)[C@H]1CSSC[C@H](N)C(=O)N[C@@H](CO)C(=O)N[C@@H](CO)C(=O)N[C@@H](CO)C(=O)N[C@@H](C(C)C)C(=O)N[C@H](Cc2ccc(O)cc2)C(=O)N[C@@H](Cc2ccccc2)C(=O)N1)C(=O)N[C@H](C(=O)N[C@@H](Cc1c[nH]c2ccccc12)C(=O)O)[C@@H](C)CC,5.6020599913279625
CHEMBL436884,CHEMBL252,Endothelin receptor ET-A,IC50,=,2600.0,nM,CHEMBL682963,B,Binding affinity against Endothelin A receptor in rabbit renal artery vascular smooth muscle membrane (ET-A),CHEMBL1127771,P25101,Endothelin receptor ET-A,IC50,CC[C@H](C)[C@H](NC(=O)[C@H](CC(=O)O)NC(=O)[C@H](CC(C)C)NC(=O)[C@H](Cc1c[nH]cn1)NC(=O)[C@H]1CSSC[C@H](N)C(=O)N[C@@H](C(C)C)C(=O)N[C@H](Cc2ccc(O)cc2)C(=O)N[C@@H](Cc2ccccc2)C(=O)N1)C(=O)N[C@H](C(=O)N[C@@H](Cc1c[nH]c2ccccc12)C(=O)O)[C@@H](C)CC,5.585026652029182
CHEMBL300577,CHEMBL252,Endothelin receptor ET-A,IC50,=,0.07,nM,CHEMBL679122,B,Displacement of [125I]ET-1 from Endothelin A receptor,CHEMBL1148449,P25101,Endothelin receptor ET-A,IC50,Cc1cc(C)c(NC(=O)c2sccc2S(=O)(=O)Nc2onc(C)c2Cl)c(C(=O)N(C)C)c1,10.154901959985743
CHEMBL60276,CHEMBL252,Endothelin receptor ET-A,IC50,=,0.14,nM,CHEMBL679122,B,Displacement of [125I]ET-1 from Endothelin A receptor,CHEMBL1148449,P25101,Endothelin receptor ET-A,IC50,Cc1cc(C)c(NC(=O)c2sccc2S(=O)(=O)Nc2onc(C)c2Cl)c(C(N)=O)c1,9.853871964321762
CHEMBL304460,CHEMBL252,Endothelin receptor ET-A,IC50,=,0.03,nM,CHEMBL679122,B,Displacement of [125I]ET-1 from Endothelin A receptor,CHEMBL1148449,P25101,Endothelin receptor ET-A,IC50,Cc1cc(C)c(NC(=O)c2sccc2S(=O)(=O)Nc2onc(C)c2Cl)c(S(C)(=O)=O)c1,10.522878745280337
CHEMBL58359,CHEMBL252,Endothelin receptor ET-A,IC50,=,0.08,nM,CHEMBL679122,B,Displacement of [125I]ET-1 from Endothelin A receptor,CHEMBL1148449,P25101,Endothelin receptor ET-A,IC50,Cc1cc(C)c(NC(=O)c2sccc2S(=O)(=O)Nc2onc(C)c2C)c(C#N)c1C,10.096910013008056
CHEMBL19950,CHEMBL252,Endothelin receptor ET-A,IC50,=,0.04,nM,CHEMBL679122,B,Displacement of [125I]ET-1 from Endothelin A receptor,CHEMBL1148449,P25101,Endothelin receptor ET-A,IC50,CC(=O)c1cc(C)cc(C)c1NC(=O)c1sccc1S(=O)(=O)Nc1onc(C)c1Cl,10.397940008672037
CHEMBL282724,CHEMBL252,Endothelin receptor ET-A,IC50,=,1.4,nM,CHEMBL873602,B,Inhibitory concentration towards Endothelin A receptor in human,CHEMBL1148449,P25101,Endothelin receptor ET-A,IC50,Cc1cc2c(cc1CC(=O)c1sccc1S(=O)(=O)Nc1onc(C)c1Cl)OCO2,8.853871964321762
CHEMBL59288,CHEMBL252,Endothelin receptor ET-A,IC50,=,1.27,nM,CHEMBL679122,B,Displacement of [125I]ET-1 from Endothelin A receptor,CHEMBL1148449,P25101,Endothelin receptor ET-A,IC50,Cc1cc(-c2ncco2)cc(C)c1NC(=O)c1sccc1S(=O)(=O)Nc1onc(C)c1Cl,8.896196279044043
CHEMBL62159,CHEMBL252,Endothelin receptor ET-A,IC50,=,0.05,nM,CHEMBL679122,B,Displacement of [125I]ET-1 from Endothelin A receptor,CHEMBL1148449,P25101,Endothelin receptor ET-A,IC50,Cc1cc(C)c(NC(=O)c2sccc2S(=O)(=O)Nc2onc(C)c2Cl)c(C#N)c1C,10.301029995663981
CHEMBL314691,CHEMBL252,Endothelin receptor ET-A,IC50,=,22.0,nM,CHEMBL679122,B,Displacement of [125I]ET-1 from Endothelin A receptor,CHEMBL1148449,P25101,Endothelin receptor ET-A,IC50,CC(C)C[C@@H]1NC(=O)[C@@H](C(C)C)NC(=O)[C@@H]2CCCN2C(=O)[C@@H](CC(=O)O)NC(=O)[C@@H](Cc2c[nH]c3ccccc23)NC1=O,7.657577319177793
CHEMBL62019,CHEMBL252,Endothelin receptor ET-A,IC50,=,0.06,nM,CHEMBL679122,B,Displacement of [125I]ET-1 from Endothelin A receptor,CHEMBL1148449,P25101,Endothelin receptor ET-A,IC50,CCCS(=O)(=O)c1cc(C)cc(C)c1NC(=O)c1sccc1S(=O)(=O)Nc1onc(C)c1Cl,10.221848749616356
CHEMBL305602,CHEMBL252,Endothelin receptor ET-A,IC50,=,0.1,nM,CHEMBL679122,B,Displacement of [125I]ET-1 from Endothelin A receptor,CHEMBL1148449,P25101,Endothelin receptor ET-A,IC50,Cc1cc(C)c(NC(=O)c2sccc2S(=O)(=O)Nc2onc(C)c2Cl)c(C(=O)CS(C)(=O)=O)c1,10.0
CHEMBL62112,CHEMBL252,Endothelin receptor ET-A,IC50,=,0.06,nM,CHEMBL679122,B,Displacement of [125I]ET-1 from Endothelin A receptor,CHEMBL1148449,P25101,Endothelin receptor ET-A,IC50,CCC(=O)c1cc(C)cc(C)c1NC(=O)c1sccc1S(=O)(=O)Nc1onc(C)c1Cl,10.221848749616356
CHEMBL325581,CHEMBL252,Endothelin receptor ET-A,IC50,=,0.07,nM,CHEMBL873596,B,Binding assay performed using human Endothelin A receptor (hETA) expressed in chinese hamster ovary cells(CHO).,CHEMBL1130174,P25101,Endothelin receptor ET-A,IC50,CCCN(CCN1C[C@H](c2ccc3c(c2)OCO3)[C@@H](C(=O)O)[C@@H]1c1ccc(OC)c(F)c1)S(=O)(=O)CCCCl,10.154901959985743
CHEMBL1205177,CHEMBL252,Endothelin receptor ET-A,IC50,=,0.24,nM,CHEMBL682100,B,Ability to displace endothelin ([125I]ET1) from human Endothelin A receptor,CHEMBL1130174,P25101,Endothelin receptor ET-A,IC50,CC(C)C[C@@H]1NC(=O)[C@@H](c2cccs2)NC(=O)[C@H](CC(=O)O)NC(=O)[C@H](CC(=O)N2CCN(c3ccccc3)CC2)NC(=O)[C@@H](CC(=O)O)NC(=O)[C@@H](Cc2c[nH]c3ccccc23)NC1=O,9.619788758288394
CHEMBL60367,CHEMBL252,Endothelin receptor ET-A,IC50,=,0.03,nM,CHEMBL679122,B,Displacement of [125I]ET-1 from Endothelin A receptor,CHEMBL1148449,P25101,Endothelin receptor ET-A,IC50,CCC(=O)c1c(C)c(C)cc(C)c1NC(=O)c1sccc1S(=O)(=O)Nc1onc(C)c1Cl,10.522878745280337
CHEMBL282724,CHEMBL252,Endothelin receptor ET-A,IC50,=,1.4,nM,CHEMBL679122,B,Displacement of [125I]ET-1 from Endothelin A receptor,CHEMBL1148449,P25101,Endothelin receptor ET-A,IC50,Cc1cc2c(cc1CC(=O)c1sccc1S(=O)(=O)Nc1onc(C)c1Cl)OCO2,8.853871964321762
CHEMBL293398,CHEMBL252,Endothelin receptor ET-A,IC50,=,0.09,nM,CHEMBL679122,B,Displacement of [125I]ET-1 from Endothelin A receptor,CHEMBL1148449,P25101,Endothelin receptor ET-A,IC50,Cc1cc(C)c(NC(=O)c2sccc2S(=O)(=O)Nc2onc(C)c2Cl)c(Cl)c1,10.045757490560675
CHEMBL293421,CHEMBL252,Endothelin receptor ET-A,IC50,=,1.37,nM,CHEMBL679122,B,Displacement of [125I]ET-1 from Endothelin A receptor,CHEMBL1148449,P25101,Endothelin receptor ET-A,IC50,Cc1cc(C)c(NC(=O)c2sccc2S(=O)(=O)Nc2onc(C)c2Cl)c(C(=O)C2CCCCC2)c1,8.863279432843592
CHEMBL60058,CHEMBL252,Endothelin receptor ET-A,IC50,=,0.02,nM,CHEMBL679122,B,Displacement of [125I]ET-1 from Endothelin A receptor,CHEMBL1148449,P25101,Endothelin receptor ET-A,IC50,C/C(=N\O)c1cc(C)cc(C)c1NC(=O)c1sccc1S(=O)(=O)Nc1onc(C)c1Cl,10.698970004336019
CHEMBL265164,CHEMBL252,Endothelin receptor ET-A,IC50,=,2500.0,nM,CHEMBL682963,B,Binding affinity against Endothelin A receptor in rabbit renal artery vascular smooth muscle membrane (ET-A),CHEMBL1127771,P25101,Endothelin receptor ET-A,IC50,CC[C@H](C)[C@H](NC(=O)[C@H](CC(=O)O)NC(=O)[C@H](CC(C)C)NC(=O)[C@H](Cc1c[nH]cn1)NC(=O)[C@H]1CSSC[C@H](N)C(=O)N[C@@H](CO)C(=O)NCCCCC(=O)N[C@H](C(C)C)C(=O)N[C@@H](Cc2ccc(O)cc2)C(=O)N[C@H](Cc2ccccc2)C(=O)N1)C(=O)N[C@H](C(=O)N[C@@H](Cc1c[nH]c2ccccc12)C(=O)O)[C@@H](C)CC,5.6020599913279625
CHEMBL59819,CHEMBL252,Endothelin receptor ET-A,IC50,=,0.11,nM,CHEMBL679122,B,Displacement of [125I]ET-1 from Endothelin A receptor,CHEMBL1148449,P25101,Endothelin receptor ET-A,IC50,Cc1ccc(NC(=O)c2sccc2S(=O)(=O)Nc2onc(C)c2Cl)c(C(=O)OC(C)C)c1,9.958607314841775
CHEMBL438380,CHEMBL252,Endothelin receptor ET-A,IC50,=,1800.0,nM,CHEMBL682963,B,Binding affinity against Endothelin A receptor in rabbit renal artery vascular smooth muscle membrane (ET-A),CHEMBL1127771,P25101,Endothelin receptor ET-A,IC50,CC[C@H](C)[C@H](NC(=O)[C@H](CC(=O)O)NC(=O)[C@H](CC(C)C)NC(=O)[C@H](Cc1c[nH]cn1)NC(=O)[C@H]1CSSC[C@H](N)C(=O)N[C@@H](CO)C(=O)NCCCCCCCC(=O)N[C@H](C(C)C)C(=O)N[C@@H](Cc2ccc(O)cc2)C(=O)N[C@H](Cc2ccccc2)C(=O)N1)C(=O)N[C@H](C(=O)N[C@@H](Cc1c[nH]c2ccccc12)C(=O)O)[C@@H](C)CC,5.7447274948966935
CHEMBL438768,CHEMBL252,Endothelin receptor ET-A,IC50,=,7100.0,nM,CHEMBL682963,B,Binding affinity against Endothelin A receptor in rabbit renal artery vascular smooth muscle membrane (ET-A),CHEMBL1127771,P25101,Endothelin receptor ET-A,IC50,CC[C@H](C)[C@H](NC(=O)[C@H](CC(=O)O)NC(=O)[C@H](CC(C)C)NC(=O)[C@H](Cc1c[nH]cn1)NC(=O)[C@H]1CSSC[C@H](N)C(=O)N[C@@H](CO)C(=O)N[C@H](CC(=O)O)C(=O)N[C@@H](CCCCN)C(=O)N[C@H](CCC(=O)O)C(=O)N[C@@H](C(C)C)C(=O)N[C@H](Cc2ccc(O)cc2)C(=O)N[C@@H](Cc2ccccc2)C(=O)N1)C(=O)N[C@H](C(=O)N[C@@H](Cc1c[nH]c2ccccc12)C(=O)O)[C@@H](C)CC,5.1487416512809245
CHEMBL61780,CHEMBL252,Endothelin receptor ET-A,IC50,=,23.0,nM,CHEMBL679122,B,Displacement of [125I]ET-1 from Endothelin A receptor,CHEMBL1148449,P25101,Endothelin receptor ET-A,IC50,COc1ccccc1Oc1c(NS(=O)(=O)c2ccc(C(C)C)cn2)nc(-c2ccnc(-c3nnn[nH]3)c2)nc1OCCO,7.638272163982407
CHEMBL58058,CHEMBL252,Endothelin receptor ET-A,IC50,=,1.47,nM,CHEMBL679122,B,Displacement of [125I]ET-1 from Endothelin A receptor,CHEMBL1148449,P25101,Endothelin receptor ET-A,IC50,Cc1cc(C)c(NC(=O)c2sccc2S(=O)(=O)Nc2onc(C)c2Cl)c(-c2ccccc2)c1,8.832682665251824
CHEMBL109644,CHEMBL252,Endothelin receptor ET-A,IC50,=,0.077,nM,CHEMBL873596,B,Binding assay performed using human Endothelin A receptor (hETA) expressed in chinese hamster ovary cells(CHO).,CHEMBL1130174,P25101,Endothelin receptor ET-A,IC50,CCCCCCS(=O)(=O)N(CCC)CCN1C[C@H](c2ccc3c(c2)OCO3)[C@@H](C(=O)O)[C@@H]1c1ccc(OC)c(F)c1,10.113509274827518
CHEMBL9194,CHEMBL252,Endothelin receptor ET-A,IC50,=,0.034,nM,CHEMBL682100,B,Ability to displace endothelin ([125I]ET1) from human Endothelin A receptor,CHEMBL1130174,P25101,Endothelin receptor ET-A,IC50,CCCCN(CCCC)C(=O)CN1C[C@H](c2ccc3c(c2)OCO3)[C@@H](C(=O)O)[C@@H]1c1ccc(OC)cc1,10.468521082957745
CHEMBL432521,CHEMBL252,Endothelin receptor ET-A,IC50,=,0.08,nM,CHEMBL679122,B,Displacement of [125I]ET-1 from Endothelin A receptor,CHEMBL1148449,P25101,Endothelin receptor ET-A,IC50,CC(=O)c1cc(C)cc(C)c1NC(=O)c1sccc1S(=O)(=O)Nc1onc(C)c1C,10.096910013008056
CHEMBL60149,CHEMBL252,Endothelin receptor ET-A,IC50,=,0.04,nM,CHEMBL679122,B,Displacement of [125I]ET-1 from Endothelin A receptor,CHEMBL1148449,P25101,Endothelin receptor ET-A,IC50,COC(=O)c1cc(C)ccc1NC(=O)c1sccc1S(=O)(=O)Nc1onc(C)c1Cl,10.397940008672037
CHEMBL8978,CHEMBL252,Endothelin receptor ET-A,IC50,=,0.26,nM,CHEMBL682100,B,Ability to displace endothelin ([125I]ET1) from human Endothelin A receptor,CHEMBL1130174,P25101,Endothelin receptor ET-A,IC50,CCCc1cc(C(=O)O)ccc1OC(C(=O)NS(=O)(=O)c1ccc(C(C)C)cc1)c1ccc2c(c1)OCO2,9.585026652029182
CHEMBL299921,CHEMBL252,Endothelin receptor ET-A,IC50,=,0.08,nM,CHEMBL679122,B,Displacement of [125I]ET-1 from Endothelin A receptor,CHEMBL1148449,P25101,Endothelin receptor ET-A,IC50,Cc1cc(C)c(NC(=O)c2sccc2S(=O)(=O)Nc2onc(C)c2Cl)c(-c2ncco2)c1,10.096910013008056
CHEMBL286333,CHEMBL252,Endothelin receptor ET-A,IC50,=,5000.0,nM,CHEMBL682110,B,Binding affinity towards cloned human ETA receptor,CHEMBL1128758,P25101,Endothelin receptor ET-A,IC50,Cc1ccccc1-c1ccc2c(c1)C(=O)c1ccccc1[C@@H]1[C@H](C(=O)O)[C@H](C(=O)O)[C@H]21,5.301029995663981
CHEMBL433039,CHEMBL252,Endothelin receptor ET-A,IC50,=,15000.0,nM,CHEMBL682110,B,Binding affinity towards cloned human ETA receptor,CHEMBL1128758,P25101,Endothelin receptor ET-A,IC50,O=C1c2ccccc2[C@@H]2[C@H](C(=O)O)[C@H](C(=O)O)[C@@H]2c2ccc(-c3cccc4ccccc34)cc21,4.823908740944319
CHEMBL414408,CHEMBL252,Endothelin receptor ET-A,IC50,=,150.0,nM,CHEMBL682110,B,Binding affinity towards cloned human ETA receptor,CHEMBL1128758,P25101,Endothelin receptor ET-A,IC50,Cc1ccc(-c2ccc3c(c2)C(=O)c2ccccc2[C@@H]2[C@H](C(=O)O)[C@H](C(=O)O)[C@H]32)cc1,6.823908740944319
CHEMBL61211,CHEMBL252,Endothelin receptor ET-A,IC50,=,0.45,nM,CHEMBL682106,B,Binding affinity at human Endothelin A receptor,CHEMBL1135409,P25101,Endothelin receptor ET-A,IC50,COc1ccc(C2=C(C(=O)O)[C@@H](c3ccc4c(c3)OCO4)Oc3ccc(OC(C)C)cc32)cc1,9.346787486224656
CHEMBL286214,CHEMBL252,Endothelin receptor ET-A,IC50,=,26000.0,nM,CHEMBL682110,B,Binding affinity towards cloned human ETA receptor,CHEMBL1128758,P25101,Endothelin receptor ET-A,IC50,O=C1c2ccccc2[C@@H]2[C@H](C(=O)O)[C@H](C(=O)O)[C@@H]2c2ccc(-c3cc(Cl)cc(Cl)c3)cc21,4.585026652029182
CHEMBL31662,CHEMBL252,Endothelin receptor ET-A,IC50,=,350.0,nM,CHEMBL682110,B,Binding affinity towards cloned human ETA receptor,CHEMBL1128758,P25101,Endothelin receptor ET-A,IC50,CCc1ccc(-c2ccc3c(c2)C(=O)c2ccccc2[C@@H]2[C@H](C(=O)O)[C@H](C(=O)O)[C@H]32)cc1,6.455931955649724
CHEMBL286808,CHEMBL252,Endothelin receptor ET-A,IC50,=,800.0,nM,CHEMBL682110,B,Binding affinity towards cloned human ETA receptor,CHEMBL1128758,P25101,Endothelin receptor ET-A,IC50,O=C1c2ccccc2[C@@H]2[C@H](C(=O)O)[C@H](C(=O)O)[C@@H]2c2ccccc21,6.096910013008056
CHEMBL31469,CHEMBL252,Endothelin receptor ET-A,IC50,=,530.0,nM,CHEMBL682110,B,Binding affinity towards cloned human ETA receptor,CHEMBL1128758,P25101,Endothelin receptor ET-A,IC50,COc1ccc(-c2ccc3c(c2)C(=O)c2ccccc2[C@@H]2[C@H](C(=O)O)[C@H](C(=O)O)[C@H]32)cc1,6.275724130399211
CHEMBL30297,CHEMBL252,Endothelin receptor ET-A,IC50,=,650.0,nM,CHEMBL682110,B,Binding affinity towards cloned human ETA receptor,CHEMBL1128758,P25101,Endothelin receptor ET-A,IC50,O=C1c2cc(Br)ccc2[C@@H]2[C@H](C(=O)O)[C@H](C(=O)O)[C@@H]2c2ccc(Br)cc21,6.187086643357144
CHEMBL283200,CHEMBL252,Endothelin receptor ET-A,IC50,=,47.0,nM,CHEMBL682110,B,Binding affinity towards cloned human ETA receptor,CHEMBL1128758,P25101,Endothelin receptor ET-A,IC50,O=C1c2ccccc2[C@@H]2[C@H](C(=O)O)[C@H](C(=O)O)[C@@H]2c2ccc(-c3ccc(Cl)cc3)cc21,7.327902142064282
CHEMBL286395,CHEMBL252,Endothelin receptor ET-A,IC50,=,400.0,nM,CHEMBL682110,B,Binding affinity towards cloned human ETA receptor,CHEMBL1128758,P25101,Endothelin receptor ET-A,IC50,O=C1c2ccccc2[C@@H]2[C@H](C(=O)O)[C@H](C(=O)O)[C@@H]2c2ccc(Br)cc21,6.3979400086720375
CHEMBL31781,CHEMBL252,Endothelin receptor ET-A,IC50,=,25000.0,nM,CHEMBL682110,B,Binding affinity towards cloned human ETA receptor,CHEMBL1128758,P25101,Endothelin receptor ET-A,IC50,O=C1c2ccccc2[C@@H]2[C@H](C(=O)O)[C@H](C(=O)O)[C@@H]2c2ccc(-c3ccc(C(F)(F)F)cc3C(F)(F)F)cc21,4.6020599913279625
CHEMBL29265,CHEMBL252,Endothelin receptor ET-A,IC50,=,7600.0,nM,CHEMBL682110,B,Binding affinity towards cloned human ETA receptor,CHEMBL1128758,P25101,Endothelin receptor ET-A,IC50,O=C1c2ccccc2[C@@H]2[C@H](C(=O)O)[C@H](C(=O)O)[C@@H]2c2ccc(-c3ccc(Cl)cc3Cl)cc21,5.119186407719209
CHEMBL31524,CHEMBL252,Endothelin receptor ET-A,IC50,=,48000.0,nM,CHEMBL682110,B,Binding affinity towards cloned human ETA receptor,CHEMBL1128758,P25101,Endothelin receptor ET-A,IC50,COc1ccccc1-c1ccc2c(c1)C(=O)c1ccccc1[C@@H]1[C@H](C(=O)O)[C@H](C(=O)O)[C@H]21,4.318758762624412
CHEMBL433229,CHEMBL252,Endothelin receptor ET-A,IC50,=,3900.0,nM,CHEMBL682110,B,Binding affinity towards cloned human ETA receptor,CHEMBL1128758,P25101,Endothelin receptor ET-A,IC50,COc1cccc(-c2ccc3c(c2)C(=O)c2ccccc2[C@@H]2[C@H](C(=O)O)[C@H](C(=O)O)[C@H]32)c1,5.4089353929735005
CHEMBL286687,CHEMBL252,Endothelin receptor ET-A,IC50,=,290.0,nM,CHEMBL682110,B,Binding affinity towards cloned human ETA receptor,CHEMBL1128758,P25101,Endothelin receptor ET-A,IC50,O=C1c2ccccc2[C@@H]2[C@H](C(=O)O)[C@H](C(=O)O)[C@@H]2c2ccc(-c3ccccc3)cc21,6.537602002101044
CHEMBL78929,CHEMBL252,Endothelin receptor ET-A,IC50,=,140.0,nM,CHEMBL682104,B,Binding affinity against human Endothelin A receptor in TE 671(ATCC# HTB 139) cell membrane preparation,CHEMBL1129771,P25101,Endothelin receptor ET-A,IC50,Cc1ccccc1S(=O)(=O)Nc1onc(C)c1Br,6.853871964321762
CHEMBL421523,CHEMBL252,Endothelin receptor ET-A,IC50,=,2500.0,nM,CHEMBL682104,B,Binding affinity against human Endothelin A receptor in TE 671(ATCC# HTB 139) cell membrane preparation,CHEMBL1129771,P25101,Endothelin receptor ET-A,IC50,Cc1noc(NS(=O)(=O)c2ccc(Cl)cc2Cl)c1Br,5.6020599913279625
CHEMBL76360,CHEMBL252,Endothelin receptor ET-A,IC50,=,1500.0,nM,CHEMBL682104,B,Binding affinity against human Endothelin A receptor in TE 671(ATCC# HTB 139) cell membrane preparation,CHEMBL1129771,P25101,Endothelin receptor ET-A,IC50,Cc1noc(NS(=O)(=O)c2cccc(Cl)c2)c1C,5.823908740944319
CHEMBL78552,CHEMBL252,Endothelin receptor ET-A,IC50,=,2000.0,nM,CHEMBL682104,B,Binding affinity against human Endothelin A receptor in TE 671(ATCC# HTB 139) cell membrane preparation,CHEMBL1129771,P25101,Endothelin receptor ET-A,IC50,Cc1noc(NS(=O)(=O)c2ccc(Cl)cc2)c1Br,5.698970004336019
CHEMBL417651,CHEMBL252,Endothelin receptor ET-A,IC50,=,580.0,nM,CHEMBL682104,B,Binding affinity against human Endothelin A receptor in TE 671(ATCC# HTB 139) cell membrane preparation,CHEMBL1129771,P25101,Endothelin receptor ET-A,IC50,Cc1noc(NS(=O)(=O)c2cccc(-c3ccccc3)c2)c1C,6.236572006437063
CHEMBL78080,CHEMBL252,Endothelin receptor ET-A,IC50,=,79.0,nM,CHEMBL682104,B,Binding affinity against human Endothelin A receptor in TE 671(ATCC# HTB 139) cell membrane preparation,CHEMBL1129771,P25101,Endothelin receptor ET-A,IC50,Cc1noc(NS(=O)(=O)c2ccccc2)c1Br,7.102372908709558
CHEMBL80857,CHEMBL252,Endothelin receptor ET-A,IC50,=,1.4,nM,CHEMBL682104,B,Binding affinity against human Endothelin A receptor in TE 671(ATCC# HTB 139) cell membrane preparation,CHEMBL1129771,P25101,Endothelin receptor ET-A,IC50,Cc1noc(NS(=O)(=O)c2ccccc2-c2ccccc2)c1Br,8.853871964321762
CHEMBL312685,CHEMBL252,Endothelin receptor ET-A,IC50,=,120.0,nM,CHEMBL682104,B,Binding affinity against human Endothelin A receptor in TE 671(ATCC# HTB 139) cell membrane preparation,CHEMBL1129771,P25101,Endothelin receptor ET-A,IC50,Cc1cccc(S(=O)(=O)Nc2onc(C)c2Br)c1,6.920818753952375
CHEMBL78952,CHEMBL252,Endothelin receptor ET-A,IC50,=,4200.0,nM,CHEMBL682104,B,Binding affinity against human Endothelin A receptor in TE 671(ATCC# HTB 139) cell membrane preparation,CHEMBL1129771,P25101,Endothelin receptor ET-A,IC50,Cc1ccc(S(=O)(=O)Nc2onc(C)c2C)cc1,5.376750709602099
CHEMBL78830,CHEMBL252,Endothelin receptor ET-A,IC50,=,53.0,nM,CHEMBL682104,B,Binding affinity against human Endothelin A receptor in TE 671(ATCC# HTB 139) cell membrane preparation,CHEMBL1129771,P25101,Endothelin receptor ET-A,IC50,CCc1ccc(Br)cc1S(=O)(=O)Nc1onc(C)c1C,7.275724130399211
CHEMBL309692,CHEMBL252,Endothelin receptor ET-A,IC50,=,2.8,nM,CHEMBL682104,B,Binding affinity against human Endothelin A receptor in TE 671(ATCC# HTB 139) cell membrane preparation,CHEMBL1129771,P25101,Endothelin receptor ET-A,IC50,CCc1ccc(Br)cc1S(=O)(=O)Nc1onc(C)c1Br,8.55284196865778
CHEMBL310427,CHEMBL252,Endothelin receptor ET-A,IC50,=,8.3,nM,CHEMBL682103,B,Binding affinity against human ETA receptor in TE 671(ATCC# HTB 139) cell membrane preparation,CHEMBL1129771,P25101,Endothelin receptor ET-A,IC50,Cc1noc(NS(=O)(=O)c2ccccc2-c2ccccc2)c1C,8.080921907623926
CHEMBL311258,CHEMBL252,Endothelin receptor ET-A,IC50,=,9900.0,nM,CHEMBL682103,B,Binding affinity against human ETA receptor in TE 671(ATCC# HTB 139) cell membrane preparation,CHEMBL1129771,P25101,Endothelin receptor ET-A,IC50,Cc1noc(NS(=O)(=O)c2ccc(-c3ccccc3)cc2)c1C,5.00436480540245
CHEMBL76779,CHEMBL252,Endothelin receptor ET-A,IC50,=,470.0,nM,CHEMBL682104,B,Binding affinity against human Endothelin A receptor in TE 671(ATCC# HTB 139) cell membrane preparation,CHEMBL1129771,P25101,Endothelin receptor ET-A,IC50,COc1ccc(Br)cc1S(=O)(=O)Nc1onc(C)c1C,6.327902142064282
CHEMBL78853,CHEMBL252,Endothelin receptor ET-A,IC50,=,490.0,nM,CHEMBL682104,B,Binding affinity against human Endothelin A receptor in TE 671(ATCC# HTB 139) cell membrane preparation,CHEMBL1129771,P25101,Endothelin receptor ET-A,IC50,COc1ccc(S(=O)(=O)Nc2onc(C)c2Br)cc1OC,6.309803919971486
CHEMBL80342,CHEMBL252,Endothelin receptor ET-A,IC50,=,110.0,nM,CHEMBL682104,B,Binding affinity against human Endothelin A receptor in TE 671(ATCC# HTB 139) cell membrane preparation,CHEMBL1129771,P25101,Endothelin receptor ET-A,IC50,CCCc1ccc(Br)cc1S(=O)(=O)Nc1onc(C)c1Br,6.958607314841775
CHEMBL80538,CHEMBL252,Endothelin receptor ET-A,IC50,=,120.0,nM,CHEMBL682104,B,Binding affinity against human Endothelin A receptor in TE 671(ATCC# HTB 139) cell membrane preparation,CHEMBL1129771,P25101,Endothelin receptor ET-A,IC50,Cc1noc(NS(=O)(=O)c2cccc(-c3ccccc3)c2)c1Br,6.920818753952375
CHEMBL311461,CHEMBL252,Endothelin receptor ET-A,IC50,=,62.0,nM,CHEMBL682104,B,Binding affinity against human Endothelin A receptor in TE 671(ATCC# HTB 139) cell membrane preparation,CHEMBL1129771,P25101,Endothelin receptor ET-A,IC50,Cc1noc(NS(=O)(=O)c2cc(Cl)cc(Cl)c2)c1Br,7.207608310501746
CHEMBL312187,CHEMBL252,Endothelin receptor ET-A,IC50,=,72.0,nM,CHEMBL682104,B,Binding affinity against human Endothelin A receptor in TE 671(ATCC# HTB 139) cell membrane preparation,CHEMBL1129771,P25101,Endothelin receptor ET-A,IC50,COc1ccc(Br)cc1S(=O)(=O)Nc1onc(C)c1Br,7.142667503568731
CHEMBL311138,CHEMBL252,Endothelin receptor ET-A,IC50,=,6.2,nM,CHEMBL682104,B,Binding affinity against human Endothelin A receptor in TE 671(ATCC# HTB 139) cell membrane preparation,CHEMBL1129771,P25101,Endothelin receptor ET-A,IC50,CCc1ccc(CC)c(S(=O)(=O)Nc2onc(C)c2Br)c1,8.207608310501746
CHEMBL80129,CHEMBL252,Endothelin receptor ET-A,IC50,=,8900.0,nM,CHEMBL682104,B,Binding affinity against human Endothelin A receptor in TE 671(ATCC# HTB 139) cell membrane preparation,CHEMBL1129771,P25101,Endothelin receptor ET-A,IC50,Cc1noc(NS(=O)(=O)c2ccc(Br)cc2)c1C,5.050609993355087
CHEMBL80980,CHEMBL252,Endothelin receptor ET-A,IC50,=,110.0,nM,CHEMBL682103,B,Binding affinity against human ETA receptor in TE 671(ATCC# HTB 139) cell membrane preparation,CHEMBL1129771,P25101,Endothelin receptor ET-A,IC50,Cc1noc(NS(=O)(=O)c2cccc3ccccc23)c1Br,6.958607314841775
CHEMBL309397,CHEMBL252,Endothelin receptor ET-A,IC50,=,110.0,nM,CHEMBL682104,B,Binding affinity against human Endothelin A receptor in TE 671(ATCC# HTB 139) cell membrane preparation,CHEMBL1129771,P25101,Endothelin receptor ET-A,IC50,Cc1noc(NS(=O)(=O)c2cc(Cl)ccc2Cl)c1Br,6.958607314841775
CHEMBL308521,CHEMBL252,Endothelin receptor ET-A,IC50,=,980.0,nM,CHEMBL682104,B,Binding affinity against human Endothelin A receptor in TE 671(ATCC# HTB 139) cell membrane preparation,CHEMBL1129771,P25101,Endothelin receptor ET-A,IC50,Cc1noc(NS(=O)(=O)c2ccccc2Cl)c1C,6.008773924307505
CHEMBL311455,CHEMBL252,Endothelin receptor ET-A,IC50,=,280.0,nM,CHEMBL682104,B,Binding affinity against human Endothelin A receptor in TE 671(ATCC# HTB 139) cell membrane preparation,CHEMBL1129771,P25101,Endothelin receptor ET-A,IC50,Cc1noc(NS(=O)(=O)c2cc(Cl)ccc2Cl)c1C,6.552841968657781
CHEMBL80507,CHEMBL252,Endothelin receptor ET-A,IC50,=,550.0,nM,CHEMBL682104,B,Binding affinity against human Endothelin A receptor in TE 671(ATCC# HTB 139) cell membrane preparation,CHEMBL1129771,P25101,Endothelin receptor ET-A,IC50,Cc1noc(NS(=O)(=O)c2ccc(Cl)c(Cl)c2)c1Br,6.259637310505756
CHEMBL27065,CHEMBL252,Endothelin receptor ET-A,IC50,=,440.0,nM,CHEMBL682103,B,Binding affinity against human ETA receptor in TE 671(ATCC# HTB 139) cell membrane preparation,CHEMBL1129771,P25101,Endothelin receptor ET-A,IC50,Cc1noc(NS(=O)(=O)c2cccc3ccccc23)c1C,6.356547323513812
CHEMBL78499,CHEMBL252,Endothelin receptor ET-A,IC50,=,770.0,nM,CHEMBL682104,B,Binding affinity against human Endothelin A receptor in TE 671(ATCC# HTB 139) cell membrane preparation,CHEMBL1129771,P25101,Endothelin receptor ET-A,IC50,Cc1noc(NS(=O)(=O)c2ccccc2F)c1C,6.113509274827518
CHEMBL76438,CHEMBL252,Endothelin receptor ET-A,IC50,=,1400.0,nM,CHEMBL682104,B,Binding affinity against human Endothelin A receptor in TE 671(ATCC# HTB 139) cell membrane preparation,CHEMBL1129771,P25101,Endothelin receptor ET-A,IC50,Cc1ccc(S(=O)(=O)Nc2onc(C)c2Br)cc1,5.853871964321762
CHEMBL310739,CHEMBL252,Endothelin receptor ET-A,IC50,=,3.8,nM,CHEMBL682104,B,Binding affinity against human Endothelin A receptor in TE 671(ATCC# HTB 139) cell membrane preparation,CHEMBL1129771,P25101,Endothelin receptor ET-A,IC50,Cc1noc(NS(=O)(=O)c2ccccc2-c2ccccc2)c1Cl,8.42021640338319
CHEMBL312372,CHEMBL252,Endothelin receptor ET-A,IC50,=,53000.0,nM,CHEMBL682104,B,Binding affinity against human Endothelin A receptor in TE 671(ATCC# HTB 139) cell membrane preparation,CHEMBL1129771,P25101,Endothelin receptor ET-A,IC50,Cc1cc(C)c(S(=O)(=O)Nc2onc(C)c2C)c(C)c1,4.275724130399211
CHEMBL310361,CHEMBL252,Endothelin receptor ET-A,IC50,=,160.0,nM,CHEMBL682104,B,Binding affinity against human Endothelin A receptor in TE 671(ATCC# HTB 139) cell membrane preparation,CHEMBL1129771,P25101,Endothelin receptor ET-A,IC50,Cc1noc(NS(=O)(=O)c2ccccc2F)c1Br,6.795880017344075
CHEMBL311742,CHEMBL252,Endothelin receptor ET-A,IC50,=,29.0,nM,CHEMBL682104,B,Binding affinity against human Endothelin A receptor in TE 671(ATCC# HTB 139) cell membrane preparation,CHEMBL1129771,P25101,Endothelin receptor ET-A,IC50,CCc1ccc(Br)c(S(=O)(=O)Nc2onc(C)c2Br)c1,7.537602002101044
CHEMBL267458,CHEMBL252,Endothelin receptor ET-A,IC50,=,5.8,nM,CHEMBL682103,B,Binding affinity against human ETA receptor in TE 671(ATCC# HTB 139) cell membrane preparation,CHEMBL1129771,P25101,Endothelin receptor ET-A,IC50,Cc1noc(NS(=O)(=O)c2cccc3c(N(C)C)cccc23)c1C,8.236572006437063
CHEMBL80782,CHEMBL252,Endothelin receptor ET-A,IC50,=,1.1,nM,CHEMBL682103,B,Binding affinity against human ETA receptor in TE 671(ATCC# HTB 139) cell membrane preparation,CHEMBL1129771,P25101,Endothelin receptor ET-A,IC50,Cc1noc(NS(=O)(=O)c2cccc3c(N(C)C)cccc23)c1Br,8.958607314841775
CHEMBL76949,CHEMBL252,Endothelin receptor ET-A,IC50,=,430.0,nM,CHEMBL682104,B,Binding affinity against human Endothelin A receptor in TE 671(ATCC# HTB 139) cell membrane preparation,CHEMBL1129771,P25101,Endothelin receptor ET-A,IC50,Cc1noc(NS(=O)(=O)c2cc(Cl)cc(Cl)c2)c1C,6.366531544420413
CHEMBL79054,CHEMBL252,Endothelin receptor ET-A,IC50,=,14000.0,nM,CHEMBL682104,B,Binding affinity against human Endothelin A receptor in TE 671(ATCC# HTB 139) cell membrane preparation,CHEMBL1129771,P25101,Endothelin receptor ET-A,IC50,Cc1noc(NS(=O)(=O)c2ccc(Cl)cc2Cl)c1C,4.853871964321762
CHEMBL80317,CHEMBL252,Endothelin receptor ET-A,IC50,=,490.0,nM,CHEMBL682104,B,Binding affinity against human Endothelin A receptor in TE 671(ATCC# HTB 139) cell membrane preparation,CHEMBL1129771,P25101,Endothelin receptor ET-A,IC50,Cc1noc(NS(=O)(=O)c2cc(Br)ccc2Br)c1C,6.309803919971486
CHEMBL76860,CHEMBL252,Endothelin receptor ET-A,IC50,=,140.0,nM,CHEMBL682103,B,Binding affinity against human ETA receptor in TE 671(ATCC# HTB 139) cell membrane preparation,CHEMBL1129771,P25101,Endothelin receptor ET-A,IC50,Cc1noc(NS(=O)(=O)c2ccccc2)c1Cl,6.853871964321762
CHEMBL312670,CHEMBL252,Endothelin receptor ET-A,IC50,=,500.0,nM,CHEMBL682104,B,Binding affinity against human Endothelin A receptor in TE 671(ATCC# HTB 139) cell membrane preparation,CHEMBL1129771,P25101,Endothelin receptor ET-A,IC50,Cc1noc(NS(=O)(=O)c2ccccc2)c1C,6.301029995663981
CHEMBL77090,CHEMBL252,Endothelin receptor ET-A,IC50,=,1000.0,nM,CHEMBL682104,B,Binding affinity against human Endothelin A receptor in TE 671(ATCC# HTB 139) cell membrane preparation,CHEMBL1129771,P25101,Endothelin receptor ET-A,IC50,Cc1ccccc1S(=O)(=O)Nc1onc(C)c1C,6.0
CHEMBL78601,CHEMBL252,Endothelin receptor ET-A,IC50,=,10000.0,nM,CHEMBL682104,B,Binding affinity against human Endothelin A receptor in TE 671(ATCC# HTB 139) cell membrane preparation,CHEMBL1129771,P25101,Endothelin receptor ET-A,IC50,Cc1noc(NS(=O)(=O)c2ccc(Cl)cc2)c1C,5.0
CHEMBL312266,CHEMBL252,Endothelin receptor ET-A,IC50,=,40.0,nM,CHEMBL682104,B,Binding affinity against human Endothelin A receptor in TE 671(ATCC# HTB 139) cell membrane preparation,CHEMBL1129771,P25101,Endothelin receptor ET-A,IC50,Cc1noc(NS(=O)(=O)c2ccccc2Br)c1Br,7.3979400086720375
CHEMBL311216,CHEMBL252,Endothelin receptor ET-A,IC50,=,140.0,nM,CHEMBL682104,B,Binding affinity against human Endothelin A receptor in TE 671(ATCC# HTB 139) cell membrane preparation,CHEMBL1129771,P25101,Endothelin receptor ET-A,IC50,Cc1noc(NS(=O)(=O)c2cc(Br)ccc2Br)c1Br,6.853871964321762
CHEMBL312551,CHEMBL252,Endothelin receptor ET-A,IC50,=,990.0,nM,CHEMBL682104,B,Binding affinity against human Endothelin A receptor in TE 671(ATCC# HTB 139) cell membrane preparation,CHEMBL1129771,P25101,Endothelin receptor ET-A,IC50,Cc1noc(NS(=O)(=O)c2cccc(Cl)c2C)c1C,6.00436480540245
CHEMBL311781,CHEMBL252,Endothelin receptor ET-A,IC50,=,15.6,nM,CHEMBL682104,B,Binding affinity against human Endothelin A receptor in TE 671(ATCC# HTB 139) cell membrane preparation,CHEMBL1129771,P25101,Endothelin receptor ET-A,IC50,CCCc1ccc(Br)cc1S(=O)(=O)Nc1onc(C)c1C,7.806875401645538
CHEMBL311510,CHEMBL252,Endothelin receptor ET-A,IC50,=,160.0,nM,CHEMBL682104,B,Binding affinity against human Endothelin A receptor in TE 671(ATCC# HTB 139) cell membrane preparation,CHEMBL1129771,P25101,Endothelin receptor ET-A,IC50,Cc1noc(NS(=O)(=O)c2cccc(-c3ccccc3)c2)c1Cl,6.795880017344075
CHEMBL80945,CHEMBL252,Endothelin receptor ET-A,IC50,=,90000.0,nM,CHEMBL682104,B,Binding affinity against human Endothelin A receptor in TE 671(ATCC# HTB 139) cell membrane preparation,CHEMBL1129771,P25101,Endothelin receptor ET-A,IC50,Cc1noc(NS(=O)(=O)c2ccc([N+](=O)[O-])cc2)c1C,4.045757490560675
CHEMBL150719,CHEMBL252,Endothelin receptor ET-A,IC50,=,130.0,nM,CHEMBL676567,B,The inhibitory constant was evaluated against Endothelin A receptor in rabbit renal artery tissue,CHEMBL1127202,P25101,Endothelin receptor ET-A,IC50,CC[C@@H](C)[C@H](NC(=O)[C@H](CC(=O)O)NC(=O)[C@H](CCCN)NC(=O)[C@@H](Cc1c[nH]c2ccccc12)NC(C)=O)C(=O)N[C@H](C(=O)N[C@@H](Cc1c[nH]c2ccccc12)C(=O)O)[C@H](C)CC,6.886056647693163
CHEMBL430822,CHEMBL252,Endothelin receptor ET-A,IC50,=,3000.0,nM,CHEMBL682104,B,Binding affinity against human Endothelin A receptor in TE 671(ATCC# HTB 139) cell membrane preparation,CHEMBL1129771,P25101,Endothelin receptor ET-A,IC50,Cc1noc(NS(=O)(=O)c2ccc(Br)cc2)c1Br,5.522878745280337
CHEMBL25970,CHEMBL252,Endothelin receptor ET-A,IC50,=,14000.0,nM,CHEMBL682104,B,Binding affinity against human Endothelin A receptor in TE 671(ATCC# HTB 139) cell membrane preparation,CHEMBL1129771,P25101,Endothelin receptor ET-A,IC50,Cc1noc(NS(=O)(=O)c2cccc([N+](=O)[O-])c2)c1C,4.853871964321762
CHEMBL79066,CHEMBL252,Endothelin receptor ET-A,IC50,=,27.0,nM,CHEMBL682104,B,Binding affinity against human Endothelin A receptor in TE 671(ATCC# HTB 139) cell membrane preparation,CHEMBL1129771,P25101,Endothelin receptor ET-A,IC50,CCc1ccc(CC)c(S(=O)(=O)Nc2onc(C)c2C)c1,7.568636235841012
CHEMBL78563,CHEMBL252,Endothelin receptor ET-A,IC50,=,8.1,nM,CHEMBL682104,B,Binding affinity against human Endothelin A receptor in TE 671(ATCC# HTB 139) cell membrane preparation,CHEMBL1129771,P25101,Endothelin receptor ET-A,IC50,CNc1ccc(C)cc1S(=O)(=O)Nc1onc(C)c1Br,8.09151498112135
CHEMBL347948,CHEMBL252,Endothelin receptor ET-A,IC50,=,15.0,nM,CHEMBL677260,B,The inhibitory constant was evaluated against Endothelin A receptor,CHEMBL1127202,P25101,Endothelin receptor ET-A,IC50,CC[C@H](C)[C@@H](NC(=O)[C@@H](CC(=O)O)NC(=O)[C@H]1CCCN1C(=O)[C@@H](Cc1ccccc1)NC(C)=O)C(=O)N[C@@H](C(=O)N[C@H](Cc1c[nH]c2ccccc12)C(=O)O)[C@@H](C)CC,7.823908740944319
CHEMBL79030,CHEMBL252,Endothelin receptor ET-A,IC50,=,2700.0,nM,CHEMBL682104,B,Binding affinity against human Endothelin A receptor in TE 671(ATCC# HTB 139) cell membrane preparation,CHEMBL1129771,P25101,Endothelin receptor ET-A,IC50,Cc1noc(NS(=O)(=O)c2cccc([N+](=O)[O-])c2)c1Br,5.568636235841012
CHEMBL78669,CHEMBL252,Endothelin receptor ET-A,IC50,=,170.0,nM,CHEMBL682104,B,Binding affinity against human Endothelin A receptor in TE 671(ATCC# HTB 139) cell membrane preparation,CHEMBL1129771,P25101,Endothelin receptor ET-A,IC50,Cc1noc(NS(=O)(=O)c2cccc(Cl)c2C)c1Br,6.769551078621726
CHEMBL80506,CHEMBL252,Endothelin receptor ET-A,IC50,=,620.0,nM,CHEMBL682104,B,Binding affinity against human Endothelin A receptor in TE 671(ATCC# HTB 139) cell membrane preparation,CHEMBL1129771,P25101,Endothelin receptor ET-A,IC50,Cc1noc(NS(=O)(=O)c2ccccc2Br)c1C,6.207608310501746
CHEMBL76420,CHEMBL252,Endothelin receptor ET-A,IC50,=,720.0,nM,CHEMBL682104,B,Binding affinity against human Endothelin A receptor in TE 671(ATCC# HTB 139) cell membrane preparation,CHEMBL1129771,P25101,Endothelin receptor ET-A,IC50,Cc1cccc(S(=O)(=O)Nc2onc(C)c2C)c1,6.142667503568731
CHEMBL76576,CHEMBL252,Endothelin receptor ET-A,IC50,=,3800.0,nM,CHEMBL682104,B,Binding affinity against human Endothelin A receptor in TE 671(ATCC# HTB 139) cell membrane preparation,CHEMBL1129771,P25101,Endothelin receptor ET-A,IC50,Cc1noc(NS(=O)(=O)c2ccc(Cl)c(Cl)c2)c1C,5.42021640338319
CHEMBL148751,CHEMBL252,Endothelin receptor ET-A,IC50,=,30.0,nM,CHEMBL677260,B,The inhibitory constant was evaluated against Endothelin A receptor,CHEMBL1127202,P25101,Endothelin receptor ET-A,IC50,CC[C@@H](C)[C@H](NC(=O)[C@H](CC(=O)O)NC(=O)CN(Cc1ccccc1)C(=O)[C@@H](Cc1ccccc1)NC(C)=O)C(=O)N[C@H](C(=O)N[C@@H](Cc1c[nH]c2ccccc12)C(=O)O)[C@H](C)CC,7.522878745280337
CHEMBL77962,CHEMBL252,Endothelin receptor ET-A,IC50,=,5900.0,nM,CHEMBL682103,B,Binding affinity against human ETA receptor in TE 671(ATCC# HTB 139) cell membrane preparation,CHEMBL1129771,P25101,Endothelin receptor ET-A,IC50,Cc1cc(C)c(S(=O)(=O)Nc2onc(C)c2Br)c(C)c1,5.229147988357855
CHEMBL80807,CHEMBL252,Endothelin receptor ET-A,IC50,=,270.0,nM,CHEMBL682104,B,Binding affinity against human Endothelin A receptor in TE 671(ATCC# HTB 139) cell membrane preparation,CHEMBL1129771,P25101,Endothelin receptor ET-A,IC50,CCc1ccc(Br)c(S(=O)(=O)Nc2onc(C)c2C)c1,6.568636235841012
CHEMBL79080,CHEMBL252,Endothelin receptor ET-A,IC50,=,19000.0,nM,CHEMBL682104,B,Binding affinity against human Endothelin A receptor in TE 671(ATCC# HTB 139) cell membrane preparation,CHEMBL1129771,P25101,Endothelin receptor ET-A,IC50,Cc1noc(NS(=O)(=O)c2ccc([N+](=O)[O-])cc2)c1Br,4.721246399047171
CHEMBL420029,CHEMBL252,Endothelin receptor ET-A,IC50,=,240.0,nM,CHEMBL682104,B,Binding affinity against human Endothelin A receptor in TE 671(ATCC# HTB 139) cell membrane preparation,CHEMBL1129771,P25101,Endothelin receptor ET-A,IC50,Cc1ccc(Br)cc1S(=O)(=O)Nc1onc(C)c1Br,6.619788758288394
CHEMBL76623,CHEMBL252,Endothelin receptor ET-A,IC50,=,2900.0,nM,CHEMBL682103,B,Binding affinity against human ETA receptor in TE 671(ATCC# HTB 139) cell membrane preparation,CHEMBL1129771,P25101,Endothelin receptor ET-A,IC50,Cc1noc(NS(=O)(=O)c2ccc(-c3ccccc3)cc2)c1Br,5.537602002101044
CHEMBL81593,CHEMBL252,Endothelin receptor ET-A,IC50,=,1800.0,nM,CHEMBL682104,B,Binding affinity against human Endothelin A receptor in TE 671(ATCC# HTB 139) cell membrane preparation,CHEMBL1129771,P25101,Endothelin receptor ET-A,IC50,Cc1noc(NS(=O)(=O)c2cccc(Br)c2)c1C,5.7447274948966935
CHEMBL80532,CHEMBL252,Endothelin receptor ET-A,IC50,=,270.0,nM,CHEMBL682104,B,Binding affinity against human Endothelin A receptor in TE 671(ATCC# HTB 139) cell membrane preparation,CHEMBL1129771,P25101,Endothelin receptor ET-A,IC50,Cc1ccc(C)c(S(=O)(=O)Nc2onc(C)c2C)c1,6.568636235841012
CHEMBL80180,CHEMBL252,Endothelin receptor ET-A,IC50,=,840.0,nM,CHEMBL682104,B,Binding affinity against human Endothelin A receptor in TE 671(ATCC# HTB 139) cell membrane preparation,CHEMBL1129771,P25101,Endothelin receptor ET-A,IC50,Cc1ccc(Br)cc1S(=O)(=O)Nc1onc(C)c1C,6.075720713938118
CHEMBL80438,CHEMBL252,Endothelin receptor ET-A,IC50,=,71.0,nM,CHEMBL682104,B,Binding affinity against human Endothelin A receptor in TE 671(ATCC# HTB 139) cell membrane preparation,CHEMBL1129771,P25101,Endothelin receptor ET-A,IC50,Cc1noc(NS(=O)(=O)c2ccccc2Cl)c1Br,7.1487416512809245
CHEMBL80484,CHEMBL252,Endothelin receptor ET-A,IC50,=,44.0,nM,CHEMBL682104,B,Binding affinity against human Endothelin A receptor in TE 671(ATCC# HTB 139) cell membrane preparation,CHEMBL1129771,P25101,Endothelin receptor ET-A,IC50,Cc1ccc(C)c(S(=O)(=O)Nc2onc(C)c2Br)c1,7.356547323513812
CHEMBL453,CHEMBL252,Endothelin receptor ET-A,IC50,=,850.0,nM,CHEMBL682104,B,Binding affinity against human Endothelin A receptor in TE 671(ATCC# HTB 139) cell membrane preparation,CHEMBL1129771,P25101,Endothelin receptor ET-A,IC50,Cc1noc(NS(=O)(=O)c2ccc(N)cc2)c1C,6.070581074285707
CHEMBL79031,CHEMBL252,Endothelin receptor ET-A,IC50,=,230.0,nM,CHEMBL682104,B,Binding affinity against human Endothelin A receptor in TE 671(ATCC# HTB 139) cell membrane preparation,CHEMBL1129771,P25101,Endothelin receptor ET-A,IC50,Cc1noc(NS(=O)(=O)c2cccc(Br)c2)c1Br,6.638272163982407
CHEMBL78734,CHEMBL252,Endothelin receptor ET-A,IC50,=,13000.0,nM,CHEMBL682104,B,Binding affinity against human Endothelin A receptor in TE 671(ATCC# HTB 139) cell membrane preparation,CHEMBL1129771,P25101,Endothelin receptor ET-A,IC50,Cc1noc(NS(=O)(=O)c2ccc(F)cc2)c1Br,4.886056647693163
CHEMBL26522,CHEMBL252,Endothelin receptor ET-A,IC50,=,6700.0,nM,CHEMBL682104,B,Binding affinity against human Endothelin A receptor in TE 671(ATCC# HTB 139) cell membrane preparation,CHEMBL1129771,P25101,Endothelin receptor ET-A,IC50,Cc1noc(NS(=O)(=O)c2ccc(F)cc2)c1C,5.173925197299173
CHEMBL310944,CHEMBL252,Endothelin receptor ET-A,IC50,=,1900.0,nM,CHEMBL682104,B,Binding affinity against human Endothelin A receptor in TE 671(ATCC# HTB 139) cell membrane preparation,CHEMBL1129771,P25101,Endothelin receptor ET-A,IC50,COc1ccc(S(=O)(=O)Nc2onc(C)c2C)cc1OC,5.721246399047171
CHEMBL80808,CHEMBL252,Endothelin receptor ET-A,IC50,=,230.0,nM,CHEMBL682104,B,Binding affinity against human Endothelin A receptor in TE 671(ATCC# HTB 139) cell membrane preparation,CHEMBL1129771,P25101,Endothelin receptor ET-A,IC50,Cc1noc(NS(=O)(=O)c2cccc(Cl)c2)c1Br,6.638272163982407
CHEMBL147510,CHEMBL252,Endothelin receptor ET-A,IC50,=,400.0,nM,CHEMBL677260,B,The inhibitory constant was evaluated against Endothelin A receptor,CHEMBL1127202,P25101,Endothelin receptor ET-A,IC50,CC[C@@H](C)[C@H](NC(=O)[C@H](CC(=O)O)NC(=O)[C@H](CCCN)NC(=O)[C@@H](Cc1ccc(O)cc1)NC(C)=O)C(=O)N[C@H](C(=O)N[C@@H](Cc1c[nH]c2ccccc12)C(=O)O)[C@H](C)CC,6.3979400086720375
CHEMBL328942,CHEMBL252,Endothelin receptor ET-A,IC50,=,15.0,nM,CHEMBL679795,B,Inhibition of ET-1 binding to Endothelin A receptor in cultured rabbit renal artery vascular smooth muscle cells,CHEMBL1126242,P25101,Endothelin receptor ET-A,IC50,CC[C@H](C)[C@H](NC(=O)[C@H](CC(=O)O)NC(=O)[C@H](CC(C)C)NC(=O)[C@@H](NC(C)=O)C(c1ccccc1)c1ccccc1)C(=O)N[C@H](C(=O)N[C@@H](Cc1c[nH]c2ccccc12)C(=O)O)[C@@H](C)CC,7.823908740944319
CHEMBL438194,CHEMBL252,Endothelin receptor ET-A,IC50,=,4400.0,nM,CHEMBL679795,B,Inhibition of ET-1 binding to Endothelin A receptor in cultured rabbit renal artery vascular smooth muscle cells,CHEMBL1126242,P25101,Endothelin receptor ET-A,IC50,CC[C@H](C)[C@H](NC(=O)[C@H](CC(=O)O)NC(=O)[C@H](CC(C)C)NC(=O)[C@@H](Cc1ccc(-c2ccccc2)cc1)NC(C)=O)C(=O)N[C@H](C(=O)N[C@@H](Cc1c[nH]c2ccccc12)C(=O)O)[C@@H](C)CC,5.356547323513812
CHEMBL437472,CHEMBL252,Endothelin receptor ET-A,IC50,=,0.2,nM,CHEMBL679795,B,Inhibition of ET-1 binding to Endothelin A receptor in cultured rabbit renal artery vascular smooth muscle cells,CHEMBL1126242,P25101,Endothelin receptor ET-A,IC50,CC[C@H](C)[C@H](NC(=O)[C@H](CC(=O)O)NC(=O)[C@H](CC(C)C)NC(=O)[C@H](Cc1c[nH]cn1)NC(=O)[C@@H]1CSSC[C@@H](N)C(=O)N[C@H](CO)C(=O)N[C@H]2CSSC[C@@H](NC(=O)[C@H](CCC(=O)O)NC(=O)[C@H](CCCCN)NC(=O)[C@@H](CC(=O)O)NC(=O)[C@H](CCSC)NC(=O)[C@@H](CC(C)C)NC(=O)[C@H](CO)NC(=O)[C@@H](CO)NC2=O)C(=O)N[C@@H](C(C)C)C(=O)N[C@H](Cc2ccc(O)cc2)C(=O)N[C@@H](Cc2ccccc2)C(=O)N1)C(=O)N[C@H](C(=O)N[C@@H](Cc1c[nH]c2ccccc12)C(=O)O)[C@@H](C)CC,9.698970004336019
CHEMBL86814,CHEMBL252,Endothelin receptor ET-A,IC50,=,2800.0,nM,CHEMBL679795,B,Inhibition of ET-1 binding to Endothelin A receptor in cultured rabbit renal artery vascular smooth muscle cells,CHEMBL1126242,P25101,Endothelin receptor ET-A,IC50,CC[C@H](C)[C@H](NC(=O)[C@H](CC(=O)O)NC(=O)[C@H](CC(C)C)NC(=O)[C@@H](Cc1ccccc1)NC(C)=O)C(=O)N[C@H](C(=O)N[C@@H](Cc1c[nH]c2ccccc12)C(=O)O)[C@@H](C)CC,5.552841968657781
CHEMBL315047,CHEMBL252,Endothelin receptor ET-A,IC50,=,1000.0,nM,CHEMBL679795,B,Inhibition of ET-1 binding to Endothelin A receptor in cultured rabbit renal artery vascular smooth muscle cells,CHEMBL1126242,P25101,Endothelin receptor ET-A,IC50,CC[C@H](C)[C@H](NC(=O)[C@H](CC(=O)O)NC(=O)[C@H](CC(C)C)NC(=O)[C@@H](Cc1ccc2ccccc2c1)NC(C)=O)C(=O)N[C@H](C(=O)N[C@@H](Cc1c[nH]c2ccccc12)C(=O)O)[C@@H](C)CC,6.0
CHEMBL289687,CHEMBL252,Endothelin receptor ET-A,IC50,=,9500.0,nM,CHEMBL679795,B,Inhibition of ET-1 binding to Endothelin A receptor in cultured rabbit renal artery vascular smooth muscle cells,CHEMBL1126242,P25101,Endothelin receptor ET-A,IC50,CC[C@H](C)[C@H](NC(=O)[C@H](CC(=O)O)NC(=O)[C@H](CC(C)C)NC(=O)[C@@H](Cc1c[nH]cn1)NC(C)=O)C(=O)N[C@H](C(=O)N[C@@H](Cc1c[nH]c2ccccc12)C(=O)O)[C@@H](C)CC,5.022276394711152
CHEMBL85341,CHEMBL252,Endothelin receptor ET-A,IC50,=,400.0,nM,CHEMBL679795,B,Inhibition of ET-1 binding to Endothelin A receptor in cultured rabbit renal artery vascular smooth muscle cells,CHEMBL1126242,P25101,Endothelin receptor ET-A,IC50,CC[C@H](C)[C@H](NC(=O)[C@H](CC(=O)O)NC(=O)[C@H](CC(C)C)NC(=O)[C@@H](Cc1ccc(O)cc1)NC(C)=O)C(=O)N[C@H](C(=O)N[C@@H](Cc1c[nH]c2ccccc12)C(=O)O)[C@@H](C)CC,6.3979400086720375
CHEMBL317064,CHEMBL252,Endothelin receptor ET-A,IC50,=,130.0,nM,CHEMBL679795,B,Inhibition of ET-1 binding to Endothelin A receptor in cultured rabbit renal artery vascular smooth muscle cells,CHEMBL1126242,P25101,Endothelin receptor ET-A,IC50,CC[C@H](C)[C@H](NC(=O)[C@H](CC(=O)O)NC(=O)[C@H](CC(C)C)NC(=O)[C@@H](Cc1c[nH]c2ccccc12)NC(C)=O)C(=O)N[C@H](C(=O)N[C@@H](Cc1c[nH]c2ccccc12)C(=O)O)[C@@H](C)CC,6.886056647693163
CHEMBL2369709,CHEMBL252,Endothelin receptor ET-A,IC50,=,40.0,nM,CHEMBL679798,B,Inhibition of [125I]endothelin-1 [ET-1] binding to endothelin A receptor (ETA) of rabbit renal artery vascular smooth muscle cells,CHEMBL1159137,P25101,Endothelin receptor ET-A,IC50,CC[C@H](C)[C@H](NC(=O)[C@@H]1CCCN1C(=O)[C@H](CC(N)=O)NC(=O)[C@H](CC(C)C)NC(=O)[C@@H](Cc1ccccc1)NC(C)=O)C(=O)N[C@@H](Cc1c[nH]c2ccccc12)C(=O)O,7.3979400086720375
CHEMBL1791280,CHEMBL252,Endothelin receptor ET-A,IC50,=,13000.0,nM,CHEMBL679798,B,Inhibition of [125I]endothelin-1 [ET-1] binding to endothelin A receptor (ETA) of rabbit renal artery vascular smooth muscle cells,CHEMBL1159137,P25101,Endothelin receptor ET-A,IC50,CC[C@H](C)[C@H](NC(=O)[C@H](CC(N)=O)NC(=O)[C@H](CC(C)C)NC(=O)[C@H](Cc1c[nH]cn1)NC(C)=O)C(=O)N[C@H](C(=O)N[C@@H](Cc1c[nH]c2ccccc12)C(=O)O)[C@@H](C)CC,4.886056647693163
CHEMBL2369713,CHEMBL252,Endothelin receptor ET-A,IC50,=,3200.0,nM,CHEMBL679798,B,Inhibition of [125I]endothelin-1 [ET-1] binding to endothelin A receptor (ETA) of rabbit renal artery vascular smooth muscle cells,CHEMBL1159137,P25101,Endothelin receptor ET-A,IC50,CC[C@H](C)[C@H](NC(=O)[C@@H]1CCCN1C(=O)[C@H](CC(N)=O)NC(=O)[C@H](CC(C)C)NC(=O)[C@@H](NC(C)=O)C(c1ccccc1)c1ccccc1)C(=O)N[C@@H](Cc1c[nH]c2ccccc12)C(=O)O,5.494850021680094
CHEMBL289687,CHEMBL252,Endothelin receptor ET-A,IC50,=,8900.0,nM,CHEMBL679798,B,Inhibition of [125I]endothelin-1 [ET-1] binding to endothelin A receptor (ETA) of rabbit renal artery vascular smooth muscle cells,CHEMBL1159137,P25101,Endothelin receptor ET-A,IC50,CC[C@H](C)[C@H](NC(=O)[C@H](CC(=O)O)NC(=O)[C@H](CC(C)C)NC(=O)[C@@H](Cc1c[nH]cn1)NC(C)=O)C(=O)N[C@H](C(=O)N[C@@H](Cc1c[nH]c2ccccc12)C(=O)O)[C@@H](C)CC,5.050609993355087
CHEMBL1791271,CHEMBL252,Endothelin receptor ET-A,IC50,=,14.0,nM,CHEMBL679798,B,Inhibition of [125I]endothelin-1 [ET-1] binding to endothelin A receptor (ETA) of rabbit renal artery vascular smooth muscle cells,CHEMBL1159137,P25101,Endothelin receptor ET-A,IC50,CC[C@@H](C)[C@H](NC(=O)[C@H](CC(=O)O)NC(=O)[C@H](CC(C)C)NC(=O)[C@@H](NC(C)=O)C(c1ccccc1)c1ccccc1)C(=O)N[C@H](C(=O)N[C@@H](Cc1c[nH]c2ccccc12)C(=O)O)[C@@H](C)CC,7.853871964321762
CHEMBL1791272,CHEMBL252,Endothelin receptor ET-A,IC50,=,30000.0,nM,CHEMBL679798,B,Inhibition of [125I]endothelin-1 [ET-1] binding to endothelin A receptor (ETA) of rabbit renal artery vascular smooth muscle cells,CHEMBL1159137,P25101,Endothelin receptor ET-A,IC50,CC[C@@H](C)[C@H](NC(=O)[C@H](CC(=O)O)NC(=O)[C@H](CC(C)C)NC(=O)[C@H](Cc1ccccc1)NC(C)=O)C(=O)N[C@H](C(=O)N[C@@H](Cc1c[nH]c2ccccc12)C(=O)O)[C@@H](C)CC,4.522878745280337
CHEMBL1791279,CHEMBL252,Endothelin receptor ET-A,IC50,=,1800.0,nM,CHEMBL679798,B,Inhibition of [125I]endothelin-1 [ET-1] binding to endothelin A receptor (ETA) of rabbit renal artery vascular smooth muscle cells,CHEMBL1159137,P25101,Endothelin receptor ET-A,IC50,CC[C@@H](C)[C@H](NC(=O)[C@H](CC(=O)O)NC(=O)[C@H](CC(C)C)NC(=O)[C@@H](Cc1ccccc1)NC(C)=O)C(=O)N[C@H](C(=O)N[C@@H](Cc1c[nH]c2ccccc12)C(=O)O)[C@@H](C)CC,5.7447274948966935
CHEMBL2369710,CHEMBL252,Endothelin receptor ET-A,IC50,=,24000.0,nM,CHEMBL679798,B,Inhibition of [125I]endothelin-1 [ET-1] binding to endothelin A receptor (ETA) of rabbit renal artery vascular smooth muscle cells,CHEMBL1159137,P25101,Endothelin receptor ET-A,IC50,CC[C@H](C)[C@H](NC(=O)[C@@H]1CCCN1C(=O)[C@H](CC(N)=O)NC(=O)[C@H](CC(C)C)NC(=O)[C@H](Cc1ccccc1)NC(C)=O)C(=O)N[C@@H](Cc1c[nH]c2ccccc12)C(=O)O,4.619788758288394
CHEMBL100874,CHEMBL252,Endothelin receptor ET-A,IC50,=,66000.0,nM,CHEMBL873600,B,Inhibition of binding of [125I]ET1 to cloned human Endothelin A receptor expressed in LtK- cells,CHEMBL1128950,P25101,Endothelin receptor ET-A,IC50,CC(C)(C)OC(=O)C(c1ccc2c(c1)OCO2)c1c2ccccc2nc2ccccc12,4.180456064458132
CHEMBL287683,CHEMBL252,Endothelin receptor ET-A,IC50,=,0.024,nM,CHEMBL682364,B,Inhibitory activity against [125I]ET1 binding to human endothelin A receptor,CHEMBL1147633,P25101,Endothelin receptor ET-A,IC50,COc1ccc([C@@H]2c3nc(NC(C)C)ccc3[C@H](c3ccc4c(c3)OCO4)[C@H]2C(=O)O)c(CC(C)C(=O)N(C)C)c1,10.619788758288394
CHEMBL411925,CHEMBL252,Endothelin receptor ET-A,IC50,=,0.011,nM,CHEMBL682364,B,Inhibitory activity against [125I]ET1 binding to human endothelin A receptor,CHEMBL1147633,P25101,Endothelin receptor ET-A,IC50,CCC(CO)Cc1cc(OC)ccc1[C@@H]1c2nc(NC(C)C)ccc2[C@H](c2ccc3c(c2)OCO3)[C@H]1C(=O)O,10.958607314841775
CHEMBL289634,CHEMBL252,Endothelin receptor ET-A,IC50,=,0.011,nM,CHEMBL682364,B,Inhibitory activity against [125I]ET1 binding to human endothelin A receptor,CHEMBL1147633,P25101,Endothelin receptor ET-A,IC50,COCC(C)Cc1cc(OC)ccc1[C@@H]1c2nc(NC(C)C)ccc2[C@H](c2ccc3c(c2)OCO3)[C@H]1C(=O)O,10.958607314841775
CHEMBL36671,CHEMBL252,Endothelin receptor ET-A,IC50,=,0.22,nM,CHEMBL682364,B,Inhibitory activity against [125I]ET1 binding to human endothelin A receptor,CHEMBL1147633,P25101,Endothelin receptor ET-A,IC50,COc1ccc([C@@H]2c3nc(NC(C)C)ccc3[C@H](c3ccc4c(c3)OCO4)[C@H]2C(=O)O)c(O)c1,9.657577319177793
CHEMBL287683,CHEMBL252,Endothelin receptor ET-A,IC50,=,0.014,nM,CHEMBL682364,B,Inhibitory activity against [125I]ET1 binding to human endothelin A receptor,CHEMBL1147633,P25101,Endothelin receptor ET-A,IC50,COc1ccc([C@@H]2c3nc(NC(C)C)ccc3[C@H](c3ccc4c(c3)OCO4)[C@H]2C(=O)O)c(CC(C)C(=O)N(C)C)c1,10.853871964321762
CHEMBL35984,CHEMBL252,Endothelin receptor ET-A,IC50,=,0.022,nM,CHEMBL682364,B,Inhibitory activity against [125I]ET1 binding to human endothelin A receptor,CHEMBL1147633,P25101,Endothelin receptor ET-A,IC50,COc1ccc([C@@H]2c3nc(NC(C)C)ccc3[C@H](c3ccc4c(c3)OCO4)[C@H]2C(=O)O)c(CCCO)c1,10.657577319177793
CHEMBL103731,CHEMBL252,Endothelin receptor ET-A,IC50,=,76000.0,nM,CHEMBL873600,B,Inhibition of binding of [125I]ET1 to cloned human Endothelin A receptor expressed in LtK- cells,CHEMBL1128950,P25101,Endothelin receptor ET-A,IC50,COC(=O)C(Cc1c2ccccc2cc2ccccc12)c1ccc2c(c1)OCO2,4.119186407719209
CHEMBL432856,CHEMBL252,Endothelin receptor ET-A,IC50,=,0.014,nM,CHEMBL682364,B,Inhibitory activity against [125I]ET1 binding to human endothelin A receptor,CHEMBL1147633,P25101,Endothelin receptor ET-A,IC50,COc1ccc([C@@H]2c3nc(NC(C)C)ccc3[C@H](c3ccc4c(c3)OCO4)[C@H]2C(=O)O)c(CC(C)(C)O)c1,10.853871964321762
CHEMBL286621,CHEMBL252,Endothelin receptor ET-A,IC50,=,0.048,nM,CHEMBL682364,B,Inhibitory activity against [125I]ET1 binding to human endothelin A receptor,CHEMBL1147633,P25101,Endothelin receptor ET-A,IC50,COc1ccc([C@@H]2c3nc(NC(C)C)ccc3[C@H](c3ccc4c(c3)OCO4)[C@H]2C(=O)O)c(CC(O)CO)c1,10.318758762624412
CHEMBL103497,CHEMBL252,Endothelin receptor ET-A,IC50,=,61000.0,nM,CHEMBL873600,B,Inhibition of binding of [125I]ET1 to cloned human Endothelin A receptor expressed in LtK- cells,CHEMBL1128950,P25101,Endothelin receptor ET-A,IC50,COC(=O)C(c1ccc2c(c1)OCO2)c1cc(C)nc2ccccc12,4.214670164989233
CHEMBL100795,CHEMBL252,Endothelin receptor ET-A,IC50,=,900.0,nM,CHEMBL873600,B,Inhibition of binding of [125I]ET1 to cloned human Endothelin A receptor expressed in LtK- cells,CHEMBL1128950,P25101,Endothelin receptor ET-A,IC50,OCC(c1ccc2c(c1)OCO2)c1c2ccccc2nc2ccccc12,6.045757490560675
CHEMBL316648,CHEMBL252,Endothelin receptor ET-A,IC50,=,33000.0,nM,CHEMBL873600,B,Inhibition of binding of [125I]ET1 to cloned human Endothelin A receptor expressed in LtK- cells,CHEMBL1128950,P25101,Endothelin receptor ET-A,IC50,O=C(OCc1ccc2c(c1)OCO2)C(c1ccc2c(c1)OCO2)c1c2ccccc2nc2ccccc12,4.481486060122113
CHEMBL103484,CHEMBL252,Endothelin receptor ET-A,IC50,=,1500.0,nM,CHEMBL873600,B,Inhibition of binding of [125I]ET1 to cloned human Endothelin A receptor expressed in LtK- cells,CHEMBL1128950,P25101,Endothelin receptor ET-A,IC50,O=CC(c1ccc2c(c1)OCO2)c1c2ccccc2nc2ccccc12,5.823908740944319
CHEMBL36627,CHEMBL252,Endothelin receptor ET-A,IC50,=,0.047,nM,CHEMBL682364,B,Inhibitory activity against [125I]ET1 binding to human endothelin A receptor,CHEMBL1147633,P25101,Endothelin receptor ET-A,IC50,COc1ccc([C@@H]2c3nc(NC(C)C)ccc3[C@H](c3ccc4c(c3)OCO4)[C@H]2C(=O)O)c(OC)c1,10.327902142064282
CHEMBL291247,CHEMBL252,Endothelin receptor ET-A,IC50,=,0.41,nM,CHEMBL682364,B,Inhibitory activity against [125I]ET1 binding to human endothelin A receptor,CHEMBL1147633,P25101,Endothelin receptor ET-A,IC50,CCCOc1cc(OC)ccc1[C@@H]1c2nc(NC(C)C)ccc2[C@H](c2ccc3c(c2)OCO3)[C@H]1C(=O)O,9.387216143280265
CHEMBL290181,CHEMBL252,Endothelin receptor ET-A,IC50,=,0.11,nM,CHEMBL682364,B,Inhibitory activity against [125I]ET1 binding to human endothelin A receptor,CHEMBL1147633,P25101,Endothelin receptor ET-A,IC50,COc1ccc([C@@H]2c3nc(NC(C)C)ccc3[C@H](c3ccc4c(c3)OCO4)[C@H]2C(=O)O)c(OC(C)C)c1,9.958607314841775
CHEMBL289216,CHEMBL252,Endothelin receptor ET-A,IC50,=,0.057,nM,CHEMBL682364,B,Inhibitory activity against [125I]ET1 binding to human endothelin A receptor,CHEMBL1147633,P25101,Endothelin receptor ET-A,IC50,COc1ccc([C@@H]2c3nc(NC(C)C)ccc3[C@H](c3ccc4c(c3)OCO4)[C@H]2C(=O)O)c(OC(C)CO)c1,10.244125144327509
CHEMBL288247,CHEMBL252,Endothelin receptor ET-A,IC50,=,0.059,nM,CHEMBL682364,B,Inhibitory activity against [125I]ET1 binding to human endothelin A receptor,CHEMBL1147633,P25101,Endothelin receptor ET-A,IC50,COc1ccc([C@@H]2c3nc(NC(C)C)ccc3[C@H](c3ccc4c(c3)OCO4)[C@H]2C(=O)O)c(CC(C)CO)c1,10.229147988357855
CHEMBL411925,CHEMBL252,Endothelin receptor ET-A,IC50,=,0.045,nM,CHEMBL682364,B,Inhibitory activity against [125I]ET1 binding to human endothelin A receptor,CHEMBL1147633,P25101,Endothelin receptor ET-A,IC50,CCC(CO)Cc1cc(OC)ccc1[C@@H]1c2nc(NC(C)C)ccc2[C@H](c2ccc3c(c2)OCO3)[C@H]1C(=O)O,10.346787486224656
CHEMBL288247,CHEMBL252,Endothelin receptor ET-A,IC50,=,0.041,nM,CHEMBL682364,B,Inhibitory activity against [125I]ET1 binding to human endothelin A receptor,CHEMBL1147633,P25101,Endothelin receptor ET-A,IC50,COc1ccc([C@@H]2c3nc(NC(C)C)ccc3[C@H](c3ccc4c(c3)OCO4)[C@H]2C(=O)O)c(CC(C)CO)c1,10.387216143280265
CHEMBL102494,CHEMBL252,Endothelin receptor ET-A,IC50,=,11000.0,nM,CHEMBL873600,B,Inhibition of binding of [125I]ET1 to cloned human Endothelin A receptor expressed in LtK- cells,CHEMBL1128950,P25101,Endothelin receptor ET-A,IC50,COC(=O)C(c1ccc2c(c1)OCO2)c1c2c(nc3ccccc13)CCCC2,4.958607314841775
CHEMBL320236,CHEMBL252,Endothelin receptor ET-A,IC50,=,4300.0,nM,CHEMBL873600,B,Inhibition of binding of [125I]ET1 to cloned human Endothelin A receptor expressed in LtK- cells,CHEMBL1128950,P25101,Endothelin receptor ET-A,IC50,COC(=O)C(c1ccc2c(c1)OCO2)c1c2ccccc2nc2ccccc12,5.366531544420413
CHEMBL38000,CHEMBL252,Endothelin receptor ET-A,IC50,=,0.74,nM,CHEMBL682364,B,Inhibitory activity against [125I]ET1 binding to human endothelin A receptor,CHEMBL1147633,P25101,Endothelin receptor ET-A,IC50,CCOc1cc(OC)ccc1[C@@H]1c2nc(NC(C)C)ccc2[C@H](c2ccc3c(c2)OCO3)[C@H]1C(=O)O,9.130768280269024
CHEMBL287517,CHEMBL252,Endothelin receptor ET-A,IC50,=,0.8,nM,CHEMBL682364,B,Inhibitory activity against [125I]ET1 binding to human endothelin A receptor,CHEMBL1147633,P25101,Endothelin receptor ET-A,IC50,COc1ccc([C@@H]2c3nc(NC(C)C)ccc3[C@H](c3ccc4c(c3)OCO4)[C@H]2C(=O)O)c(OCc2ccccc2)c1,9.096910013008056
CHEMBL100120,CHEMBL252,Endothelin receptor ET-A,IC50,=,7900.0,nM,CHEMBL873600,B,Inhibition of binding of [125I]ET1 to cloned human Endothelin A receptor expressed in LtK- cells,CHEMBL1128950,P25101,Endothelin receptor ET-A,IC50,NC(=O)C(c1ccc2c(c1)OCO2)c1c2ccccc2nc2ccccc12,5.102372908709558
CHEMBL289634,CHEMBL252,Endothelin receptor ET-A,IC50,=,0.025,nM,CHEMBL682364,B,Inhibitory activity against [125I]ET1 binding to human endothelin A receptor,CHEMBL1147633,P25101,Endothelin receptor ET-A,IC50,COCC(C)Cc1cc(OC)ccc1[C@@H]1c2nc(NC(C)C)ccc2[C@H](c2ccc3c(c2)OCO3)[C@H]1C(=O)O,10.602059991327963
CHEMBL289216,CHEMBL252,Endothelin receptor ET-A,IC50,=,0.036,nM,CHEMBL682364,B,Inhibitory activity against [125I]ET1 binding to human endothelin A receptor,CHEMBL1147633,P25101,Endothelin receptor ET-A,IC50,COc1ccc([C@@H]2c3nc(NC(C)C)ccc3[C@H](c3ccc4c(c3)OCO4)[C@H]2C(=O)O)c(OC(C)CO)c1,10.443697499232712
CHEMBL287711,CHEMBL252,Endothelin receptor ET-A,IC50,=,0.062,nM,CHEMBL682364,B,Inhibitory activity against [125I]ET1 binding to human endothelin A receptor,CHEMBL1147633,P25101,Endothelin receptor ET-A,IC50,COc1ccc([C@@H]2c3nc(NC(C)C)ccc3[C@H](c3ccc4c(c3)OCO4)[C@H]2C(=O)O)c(CO)c1,10.207608310501746
CHEMBL103886,CHEMBL252,Endothelin receptor ET-A,IC50,=,37000.0,nM,CHEMBL873600,B,Inhibition of binding of [125I]ET1 to cloned human Endothelin A receptor expressed in LtK- cells,CHEMBL1128950,P25101,Endothelin receptor ET-A,IC50,Cc1cc(C(C(N)=O)c2ccc3c(c2)OCO3)c2ccccc2n1,4.431798275933005
CHEMBL287622,CHEMBL252,Endothelin receptor ET-A,IC50,=,0.031,nM,CHEMBL682364,B,Inhibitory activity against [125I]ET1 binding to human endothelin A receptor,CHEMBL1147633,P25101,Endothelin receptor ET-A,IC50,COc1ccc([C@@H]2c3nc(NC(C)C)ccc3[C@H](c3ccc4c(c3)OCO4)[C@H]2C(=O)O)c(CCO)c1,10.508638306165727
CHEMBL101239,CHEMBL252,Endothelin receptor ET-A,IC50,=,34000.0,nM,CHEMBL873600,B,Inhibition of binding of [125I]ET1 to cloned human Endothelin A receptor expressed in LtK- cells,CHEMBL1128950,P25101,Endothelin receptor ET-A,IC50,COc1ccc(COC(=O)C(c2ccc3c(c2)OCO3)c2c3ccccc3nc3ccccc23)cc1,4.468521082957745
CHEMBL37920,CHEMBL252,Endothelin receptor ET-A,IC50,=,0.065,nM,CHEMBL682364,B,Inhibitory activity against [125I]ET1 binding to human endothelin A receptor,CHEMBL1147633,P25101,Endothelin receptor ET-A,IC50,COc1ccc([C@@H]2c3nc(NC(C)C)ccc3[C@H](c3ccc4c(c3)OCO4)[C@H]2C(=O)O)c(CCC(C)(C)O)c1,10.187086643357144
CHEMBL37973,CHEMBL252,Endothelin receptor ET-A,IC50,=,0.86,nM,CHEMBL682364,B,Inhibitory activity against [125I]ET1 binding to human endothelin A receptor,CHEMBL1147633,P25101,Endothelin receptor ET-A,IC50,COc1ccc([C@@H]2c3nc(NC(C)C)ccc3[C@H](c3ccc4c(c3)OCO4)[C@H]2C(=O)O)c(OCC(C)C)c1,9.065501548756432
CHEMBL286621,CHEMBL252,Endothelin receptor ET-A,IC50,=,0.011,nM,CHEMBL682364,B,Inhibitory activity against [125I]ET1 binding to human endothelin A receptor,CHEMBL1147633,P25101,Endothelin receptor ET-A,IC50,COc1ccc([C@@H]2c3nc(NC(C)C)ccc3[C@H](c3ccc4c(c3)OCO4)[C@H]2C(=O)O)c(CC(O)CO)c1,10.958607314841775
CHEMBL316792,CHEMBL252,Endothelin receptor ET-A,IC50,=,57000.0,nM,CHEMBL873600,B,Inhibition of binding of [125I]ET1 to cloned human Endothelin A receptor expressed in LtK- cells,CHEMBL1128950,P25101,Endothelin receptor ET-A,IC50,O=C(OCc1ccccc1)C(c1ccc2c(c1)OCO2)c1c2ccccc2nc2ccccc12,4.2441251443275085
CHEMBL37427,CHEMBL252,Endothelin receptor ET-A,IC50,=,0.027,nM,CHEMBL682364,B,Inhibitory activity against [125I]ET1 binding to human endothelin A receptor,CHEMBL1147633,P25101,Endothelin receptor ET-A,IC50,COc1ccc([C@@H]2c3nc(NC(C)C)ccc3[C@H](c3ccc4c(c3)OCO4)[C@H]2C(=O)O)c(CN(C)C(C)=O)c1,10.568636235841012
CHEMBL268174,CHEMBL252,Endothelin receptor ET-A,IC50,=,7.943,nM,CHEMBL677091,B,Inhibition of specific binding of [125-I]ET-1 to human endothelin A receptor,CHEMBL1129980,P25101,Endothelin receptor ET-A,IC50,COc1nc(C)cnc1NS(=O)(=O)c1cccc2c(N(C)C)cccc12,8.100015437450608
CHEMBL176997,CHEMBL252,Endothelin receptor ET-A,IC50,=,261.0,nM,CHEMBL682967,B,Inhibitory concentration required against [125I]ET1 binding to membranes of CHO cells expressing human ETA receptor,CHEMBL1136631,P25101,Endothelin receptor ET-A,IC50,CCCS(=O)(=O)NCCOc1nc(-c2cc(OC)c(OC)c(OC)c2)nc(NS(=O)(=O)c2ccc(C(C)C)cn2)c1Oc1ccccc1OC,6.583359492661719
CHEMBL174781,CHEMBL252,Endothelin receptor ET-A,IC50,=,1320.0,nM,CHEMBL682967,B,Inhibitory concentration required against [125I]ET1 binding to membranes of CHO cells expressing human ETA receptor,CHEMBL1136631,P25101,Endothelin receptor ET-A,IC50,CCCS(=O)(=O)NCCOc1nc(C2CC2)nc(NS(=O)(=O)c2ccc(C)cn2)c1Oc1ccccc1OC,5.8794260687941495
CHEMBL6400,CHEMBL252,Endothelin receptor ET-A,IC50,=,3162.28,nM,CHEMBL677091,B,Inhibition of specific binding of [125-I]ET-1 to human endothelin A receptor,CHEMBL1129980,P25101,Endothelin receptor ET-A,IC50,CN(C)c1cccc2c(S(=O)(=O)Nc3ccc(Br)cc3)cccc12,5.499999678657065
CHEMBL269237,CHEMBL252,Endothelin receptor ET-A,IC50,=,3981.07,nM,CHEMBL677091,B,Inhibition of specific binding of [125-I]ET-1 to human endothelin A receptor,CHEMBL1129980,P25101,Endothelin receptor ET-A,IC50,CCOc1ccc(NS(=O)(=O)c2cccc3c(N(C)C)cccc23)nn1,5.40000018605658
CHEMBL6576,CHEMBL252,Endothelin receptor ET-A,IC50,=,1995.26,nM,CHEMBL677091,B,Inhibition of specific binding of [125-I]ET-1 to human endothelin A receptor,CHEMBL1129980,P25101,Endothelin receptor ET-A,IC50,COc1nc(Br)cnc1NS(=O)(=O)c1cccc2ccccc12,5.700000503883016
CHEMBL277275,CHEMBL252,Endothelin receptor ET-A,IC50,=,1317.0,nM,CHEMBL682967,B,Inhibitory concentration required against [125I]ET1 binding to membranes of CHO cells expressing human ETA receptor,CHEMBL1136631,P25101,Endothelin receptor ET-A,IC50,COc1ccccc1Oc1c(NS(=O)(=O)c2ccc(C(C)C)cn2)nc(-c2cc(OC)c(OC)c(OC)c2)nc1OCCNS(=O)(=O)c1cccs1,5.880414225038216
CHEMBL6433,CHEMBL252,Endothelin receptor ET-A,IC50,=,1584.89,nM,CHEMBL677091,B,Inhibition of specific binding of [125-I]ET-1 to human endothelin A receptor,CHEMBL1129980,P25101,Endothelin receptor ET-A,IC50,CN(C)c1cccc2c(S(=O)(=O)Nc3ncc(Cl)cn3)cccc12,5.800000874803203
CHEMBL172297,CHEMBL252,Endothelin receptor ET-A,IC50,=,14.0,nM,CHEMBL682967,B,Inhibitory concentration required against [125I]ET1 binding to membranes of CHO cells expressing human ETA receptor,CHEMBL1136631,P25101,Endothelin receptor ET-A,IC50,COc1ccccc1Oc1c(NS(=O)(=O)c2ccc(C(C)(C)C)cc2)nc(C2CC2)nc1OCCCNS(=O)(=O)c1cccs1,7.853871964321762
CHEMBL368617,CHEMBL252,Endothelin receptor ET-A,IC50,=,48.0,nM,CHEMBL682967,B,Inhibitory concentration required against [125I]ET1 binding to membranes of CHO cells expressing human ETA receptor,CHEMBL1136631,P25101,Endothelin receptor ET-A,IC50,CCS(=O)(=O)NCCCOc1nc(C2CC2)nc(NS(=O)(=O)c2ccc(C(C)(C)C)cc2)c1Oc1ccccc1OC,7.318758762624412
CHEMBL172759,CHEMBL252,Endothelin receptor ET-A,IC50,=,587.0,nM,CHEMBL682967,B,Inhibitory concentration required against [125I]ET1 binding to membranes of CHO cells expressing human ETA receptor,CHEMBL1136631,P25101,Endothelin receptor ET-A,IC50,COc1ccccc1Oc1c(NS(=O)(=O)c2ccc(C(C)C)cn2)nc(N2CCOCC2)nc1OCCNS(=O)(=O)c1cccs1,6.231361898752386
CHEMBL177538,CHEMBL252,Endothelin receptor ET-A,IC50,=,82.0,nM,CHEMBL682967,B,Inhibitory concentration required against [125I]ET1 binding to membranes of CHO cells expressing human ETA receptor,CHEMBL1136631,P25101,Endothelin receptor ET-A,IC50,CCCS(=O)(=O)NCCCOc1nc(C2CC2)nc(NS(=O)(=O)c2ccc(C(C)C)cn2)c1Oc1ccccc1OC,7.086186147616283
CHEMBL367275,CHEMBL252,Endothelin receptor ET-A,IC50,=,724.0,nM,CHEMBL682967,B,Inhibitory concentration required against [125I]ET1 binding to membranes of CHO cells expressing human ETA receptor,CHEMBL1136631,P25101,Endothelin receptor ET-A,IC50,COc1ccccc1Oc1c(NS(=O)(=O)c2ccc(C)cn2)nc(N2CCOCC2)nc1OCCNS(=O)(=O)c1cccs1,6.140261433802853
CHEMBL266277,CHEMBL252,Endothelin receptor ET-A,IC50,=,251.19,nM,CHEMBL677091,B,Inhibition of specific binding of [125-I]ET-1 to human endothelin A receptor,CHEMBL1129980,P25101,Endothelin receptor ET-A,IC50,CN(C)c1cccc2c(S(=O)(=O)Nc3ccc(Br)nc3)cccc12,6.599997654072045
CHEMBL6412,CHEMBL252,Endothelin receptor ET-A,IC50,=,10.0,nM,CHEMBL677091,B,Inhibition of specific binding of [125-I]ET-1 to human endothelin A receptor,CHEMBL1129980,P25101,Endothelin receptor ET-A,IC50,COc1nc(Cl)cnc1NS(=O)(=O)c1cccc2c(N(C)C)cccc12,8.0
CHEMBL367444,CHEMBL252,Endothelin receptor ET-A,IC50,=,22.0,nM,CHEMBL682967,B,Inhibitory concentration required against [125I]ET1 binding to membranes of CHO cells expressing human ETA receptor,CHEMBL1136631,P25101,Endothelin receptor ET-A,IC50,COc1ccccc1Oc1c(NS(=O)(=O)c2ccc(C(C)C)cn2)nc(C2CC2)nc1OCCCNS(=O)(=O)c1cccs1,7.657577319177793
CHEMBL368945,CHEMBL252,Endothelin receptor ET-A,IC50,=,2190.0,nM,CHEMBL682967,B,Inhibitory concentration required against [125I]ET1 binding to membranes of CHO cells expressing human ETA receptor,CHEMBL1136631,P25101,Endothelin receptor ET-A,IC50,COc1ccccc1Oc1c(NS(=O)(=O)c2ccc(C)cn2)nc(Cc2ccc3c(c2)OCO3)nc1OCCNS(=O)(=O)c1cccs1,5.6595558851598815
CHEMBL415292,CHEMBL252,Endothelin receptor ET-A,IC50,=,1258.93,nM,CHEMBL677091,B,Inhibition of specific binding of [125-I]ET-1 to human endothelin A receptor,CHEMBL1129980,P25101,Endothelin receptor ET-A,IC50,CN(C)c1cccc2c(S(=O)(=O)Nc3ccc(Cl)nc3)cccc12,5.899998417198648
CHEMBL176749,CHEMBL252,Endothelin receptor ET-A,IC50,=,119.0,nM,CHEMBL682967,B,Inhibitory concentration required against [125I]ET1 binding to membranes of CHO cells expressing human ETA receptor,CHEMBL1136631,P25101,Endothelin receptor ET-A,IC50,CCS(=O)(=O)NCCOc1nc(C2CC2)nc(NS(=O)(=O)c2ccc(C(C)(C)C)cc2)c1Oc1ccccc1OC,6.924453038607469
CHEMBL7019,CHEMBL252,Endothelin receptor ET-A,IC50,=,630.96,nM,CHEMBL677091,B,Inhibition of specific binding of [125-I]ET-1 to human endothelin A receptor,CHEMBL1129980,P25101,Endothelin receptor ET-A,IC50,CN(C)c1cccc2c(S(=O)(=O)Nc3cnc(Br)nc3)cccc12,6.199998172182031
CHEMBL6624,CHEMBL252,Endothelin receptor ET-A,IC50,=,316.23,nM,CHEMBL677091,B,Inhibition of specific binding of [125-I]ET-1 to human endothelin A receptor,CHEMBL1129980,P25101,Endothelin receptor ET-A,IC50,COc1ccc(NS(=O)(=O)c2cccc3c(N(C)C)cccc23)nn1,6.499996931948306
CHEMBL368528,CHEMBL252,Endothelin receptor ET-A,IC50,=,582.0,nM,CHEMBL682967,B,Inhibitory concentration required against [125I]ET1 binding to membranes of CHO cells expressing human ETA receptor,CHEMBL1136631,P25101,Endothelin receptor ET-A,IC50,CCS(=O)(=O)NCCOc1nc(C2CC2)nc(NS(=O)(=O)c2ccc(C)cn2)c1Oc1ccccc1OC,6.235077015350111
CHEMBL6463,CHEMBL252,Endothelin receptor ET-A,IC50,=,1584.89,nM,CHEMBL677091,B,Inhibition of specific binding of [125-I]ET-1 to human endothelin A receptor,CHEMBL1129980,P25101,Endothelin receptor ET-A,IC50,Cc1ccc(NS(=O)(=O)c2cccc3c(N(C)C)cccc23)nc1,5.800000874803203
CHEMBL266315,CHEMBL252,Endothelin receptor ET-A,IC50,=,1995.26,nM,CHEMBL677091,B,Inhibition of specific binding of [125-I]ET-1 to human endothelin A receptor,CHEMBL1129980,P25101,Endothelin receptor ET-A,IC50,CN(C)c1cccc2c(S(=O)(=O)Nc3ccc(Cl)cn3)cccc12,5.700000503883016
CHEMBL268339,CHEMBL252,Endothelin receptor ET-A,IC50,=,125.89,nM,CHEMBL677091,B,Inhibition of specific binding of [125-I]ET-1 to human endothelin A receptor,CHEMBL1129980,P25101,Endothelin receptor ET-A,IC50,CN(C)c1cccc2c(S(=O)(=O)Nc3cnc(Br)cn3)cccc12,6.900008766455316
CHEMBL368107,CHEMBL252,Endothelin receptor ET-A,IC50,=,116.0,nM,CHEMBL682967,B,Inhibitory concentration required against [125I]ET1 binding to membranes of CHO cells expressing human ETA receptor,CHEMBL1136631,P25101,Endothelin receptor ET-A,IC50,COc1ccccc1Oc1c(NS(=O)(=O)c2ccc(C(C)C)cn2)nc(N2CCOCC2)nc1OCCCNS(=O)(=O)c1ccc(C)cc1,6.935542010773082
CHEMBL6553,CHEMBL252,Endothelin receptor ET-A,IC50,=,158.49,nM,CHEMBL677091,B,Inhibition of specific binding of [125-I]ET-1 to human endothelin A receptor,CHEMBL1129980,P25101,Endothelin receptor ET-A,IC50,CN(C)c1cccc2c(S(=O)(=O)Nc3cnc(Cl)cn3)cccc12,6.799998134593398
CHEMBL6630,CHEMBL252,Endothelin receptor ET-A,IC50,=,1995.26,nM,CHEMBL677091,B,Inhibition of specific binding of [125-I]ET-1 to human endothelin A receptor,CHEMBL1129980,P25101,Endothelin receptor ET-A,IC50,CN(C)c1cccc2c(S(=O)(=O)Nc3ncc(Br)cn3)cccc12,5.700000503883016
CHEMBL172071,CHEMBL252,Endothelin receptor ET-A,IC50,=,50.0,nM,CHEMBL682967,B,Inhibitory concentration required against [125I]ET1 binding to membranes of CHO cells expressing human ETA receptor,CHEMBL1136631,P25101,Endothelin receptor ET-A,IC50,CCS(=O)(=O)NCCOc1nc(C2CC2)nc(NS(=O)(=O)c2ccc(C(C)C)cn2)c1Oc1ccccc1OC,7.301029995663981
CHEMBL171950,CHEMBL252,Endothelin receptor ET-A,IC50,=,80.0,nM,CHEMBL682967,B,Inhibitory concentration required against [125I]ET1 binding to membranes of CHO cells expressing human ETA receptor,CHEMBL1136631,P25101,Endothelin receptor ET-A,IC50,CCCS(=O)(=O)NCCOc1nc(C2CC2)nc(NS(=O)(=O)c2ccc(C(C)C)cn2)c1Oc1ccccc1OC,7.096910013008056
CHEMBL367017,CHEMBL252,Endothelin receptor ET-A,IC50,=,2838.0,nM,CHEMBL682967,B,Inhibitory concentration required against [125I]ET1 binding to membranes of CHO cells expressing human ETA receptor,CHEMBL1136631,P25101,Endothelin receptor ET-A,IC50,COc1ccccc1Oc1c(NS(=O)(=O)c2ccc(C)cn2)nc(-c2ccncc2)nc1OCCNS(=O)(=O)c1cccs1,5.546987608878545
CHEMBL366628,CHEMBL252,Endothelin receptor ET-A,IC50,=,2193.0,nM,CHEMBL682967,B,Inhibitory concentration required against [125I]ET1 binding to membranes of CHO cells expressing human ETA receptor,CHEMBL1136631,P25101,Endothelin receptor ET-A,IC50,COc1ccccc1Oc1c(NS(=O)(=O)c2ccc(C)cn2)nc(-c2ccncc2)nc1OCCNS(=O)(=O)c1ccc(C)cc1,5.658961368322477
CHEMBL437,CHEMBL252,Endothelin receptor ET-A,IC50,=,69000.0,nM,CHEMBL678229,B,Inhibitory concentration against Endothelin A receptor,CHEMBL1149193,P25101,Endothelin receptor ET-A,IC50,Nc1ccc(S(=O)(=O)Nc2nccs2)cc1,4.161150909262744
CHEMBL415106,CHEMBL252,Endothelin receptor ET-A,IC50,=,398.11,nM,CHEMBL677091,B,Inhibition of specific binding of [125-I]ET-1 to human endothelin A receptor,CHEMBL1129980,P25101,Endothelin receptor ET-A,IC50,Cc1cc(Cl)nnc1NS(=O)(=O)c1cccc2c(N(C)C)cccc12,6.399996913372259
CHEMBL175268,CHEMBL252,Endothelin receptor ET-A,IC50,=,1050.0,nM,CHEMBL682967,B,Inhibitory concentration required against [125I]ET1 binding to membranes of CHO cells expressing human ETA receptor,CHEMBL1136631,P25101,Endothelin receptor ET-A,IC50,COc1ccccc1Oc1c(NS(=O)(=O)c2ccc(C(C)C)cn2)nc(C2CC2)nc1OCCNS(=O)(=O)c1ccc(C)cc1,5.978810700930062
CHEMBL174547,CHEMBL252,Endothelin receptor ET-A,IC50,=,1850.0,nM,CHEMBL682967,B,Inhibitory concentration required against [125I]ET1 binding to membranes of CHO cells expressing human ETA receptor,CHEMBL1136631,P25101,Endothelin receptor ET-A,IC50,COc1ccccc1Oc1c(NS(=O)(=O)c2ccc(C)cn2)nc(C2CC2)nc1OCCNS(=O)(=O)c1cccs1,5.732828271596986
CHEMBL172441,CHEMBL252,Endothelin receptor ET-A,IC50,=,8390.0,nM,CHEMBL682967,B,Inhibitory concentration required against [125I]ET1 binding to membranes of CHO cells expressing human ETA receptor,CHEMBL1136631,P25101,Endothelin receptor ET-A,IC50,COc1ccccc1Oc1c(NS(=O)(=O)c2ccc(C(C)(C)C)cc2)nc(-c2ncccn2)nc1OCCNS(=O)(=O)c1ccc(C)cc1,5.076238039171299
CHEMBL173201,CHEMBL252,Endothelin receptor ET-A,IC50,=,5115.0,nM,CHEMBL682967,B,Inhibitory concentration required against [125I]ET1 binding to membranes of CHO cells expressing human ETA receptor,CHEMBL1136631,P25101,Endothelin receptor ET-A,IC50,COc1ccccc1Oc1c(NS(=O)(=O)c2ccc(C(C)C)cn2)nc(-c2cc(OC)c(OC)c(OC)c2)nc1OCCNS(=O)(=O)c1ccc(C)cc1,5.291154361951821
CHEMBL6399,CHEMBL252,Endothelin receptor ET-A,IC50,=,1000.0,nM,CHEMBL677091,B,Inhibition of specific binding of [125-I]ET-1 to human endothelin A receptor,CHEMBL1129980,P25101,Endothelin receptor ET-A,IC50,CN(C)c1cccc2c(S(=O)(=O)Nc3cnccn3)cccc12,6.0
CHEMBL6647,CHEMBL252,Endothelin receptor ET-A,IC50,=,5011.87,nM,CHEMBL677091,B,Inhibition of specific binding of [125-I]ET-1 to human endothelin A receptor,CHEMBL1129980,P25101,Endothelin receptor ET-A,IC50,CN(C)c1cccc2c(S(=O)(=O)Nc3ncc(Br)nc3O)cccc12,5.300000202445418
CHEMBL263079,CHEMBL252,Endothelin receptor ET-A,IC50,=,2.512,nM,CHEMBL677091,B,Inhibition of specific binding of [125-I]ET-1 to human endothelin A receptor,CHEMBL1129980,P25101,Endothelin receptor ET-A,IC50,CCNc1cccc2c(S(=O)(=O)Nc3ncc(Br)nc3OC)cccc12,8.599980364934842
CHEMBL6785,CHEMBL252,Endothelin receptor ET-A,IC50,=,12.59,nM,CHEMBL679837,B,Inhibition of specific binding of [125-I] ET-1 to human Endothelin A receptor,CHEMBL1129980,P25101,Endothelin receptor ET-A,IC50,CCN(C)c1cccc2c(S(=O)(=O)Nc3ncc(Br)nc3OC)cccc12,7.899974269892137
CHEMBL172029,CHEMBL252,Endothelin receptor ET-A,IC50,=,487.0,nM,CHEMBL682967,B,Inhibitory concentration required against [125I]ET1 binding to membranes of CHO cells expressing human ETA receptor,CHEMBL1136631,P25101,Endothelin receptor ET-A,IC50,CCS(=O)(=O)NCCOc1nc(-c2ncccn2)nc(NS(=O)(=O)c2ccc(C(C)(C)C)cc2)c1Oc1ccccc1OC,6.3124710387853655
CHEMBL276949,CHEMBL252,Endothelin receptor ET-A,IC50,=,86.0,nM,CHEMBL682967,B,Inhibitory concentration required against [125I]ET1 binding to membranes of CHO cells expressing human ETA receptor,CHEMBL1136631,P25101,Endothelin receptor ET-A,IC50,COc1ccccc1Oc1c(NS(=O)(=O)c2ccc(C(C)(C)C)cc2)nc(-c2ncccn2)nc1OCCCNS(=O)(=O)c1cccs1,7.0655015487564325
CHEMBL174413,CHEMBL252,Endothelin receptor ET-A,IC50,=,185.0,nM,CHEMBL682967,B,Inhibitory concentration required against [125I]ET1 binding to membranes of CHO cells expressing human ETA receptor,CHEMBL1136631,P25101,Endothelin receptor ET-A,IC50,CCS(=O)(=O)NCCOc1nc(-c2ccncc2)nc(NS(=O)(=O)c2ccc(C)cn2)c1Oc1ccccc1OC,6.732828271596986
CHEMBL268116,CHEMBL252,Endothelin receptor ET-A,IC50,=,316.23,nM,CHEMBL677091,B,Inhibition of specific binding of [125-I]ET-1 to human endothelin A receptor,CHEMBL1129980,P25101,Endothelin receptor ET-A,IC50,Cc1cc(Br)cnc1NS(=O)(=O)c1cccc2c(N(C)C)cccc12,6.499996931948306
CHEMBL367274,CHEMBL252,Endothelin receptor ET-A,IC50,=,1385.0,nM,CHEMBL682967,B,Inhibitory concentration required against [125I]ET1 binding to membranes of CHO cells expressing human ETA receptor,CHEMBL1136631,P25101,Endothelin receptor ET-A,IC50,COc1ccccc1Oc1c(NS(=O)(=O)c2ccc(C(C)C)cn2)nc(N2CCOCC2)nc1OCCNS(=O)(=O)c1ccc(C)cc1,5.858550226599533
CHEMBL6382,CHEMBL252,Endothelin receptor ET-A,IC50,=,630.96,nM,CHEMBL677091,B,Inhibition of specific binding of [125-I]ET-1 to human endothelin A receptor,CHEMBL1129980,P25101,Endothelin receptor ET-A,IC50,Cc1nc(Br)cnc1NS(=O)(=O)c1cccc2c(N(C)C)cccc12,6.199998172182031
CHEMBL367443,CHEMBL252,Endothelin receptor ET-A,IC50,=,77.0,nM,CHEMBL682967,B,Inhibitory concentration required against [125I]ET1 binding to membranes of CHO cells expressing human ETA receptor,CHEMBL1136631,P25101,Endothelin receptor ET-A,IC50,COc1ccccc1Oc1c(NS(=O)(=O)c2ccc(C(C)C)cn2)nc(C2CC2)nc1OCCCNS(=O)(=O)c1ccc(C)cc1,7.113509274827518
CHEMBL267458,CHEMBL252,Endothelin receptor ET-A,IC50,=,50.12,nM,CHEMBL677091,B,Inhibition of specific binding of [125-I]ET-1 to human endothelin A receptor,CHEMBL1129980,P25101,Endothelin receptor ET-A,IC50,Cc1noc(NS(=O)(=O)c2cccc3c(N(C)C)cccc23)c1C,7.299988937677888
CHEMBL6468,CHEMBL252,Endothelin receptor ET-A,IC50,=,6309.57,nM,CHEMBL677091,B,Inhibition of specific binding of [125-I]ET-1 to human endothelin A receptor,CHEMBL1129980,P25101,Endothelin receptor ET-A,IC50,CN(C)c1cccc2c(S(=O)(=O)Nc3ncccn3)cccc12,5.200000237109354
CHEMBL176418,CHEMBL252,Endothelin receptor ET-A,IC50,=,4900.0,nM,CHEMBL682967,B,Inhibitory concentration required against [125I]ET1 binding to membranes of CHO cells expressing human ETA receptor,CHEMBL1136631,P25101,Endothelin receptor ET-A,IC50,COc1ccccc1Oc1c(NS(=O)(=O)c2ccc(C(C)(C)C)cc2)nc(C2CC2)nc1OCCNS(=O)(=O)c1ccc(C)cc1,5.309803919971486
CHEMBL266684,CHEMBL252,Endothelin receptor ET-A,IC50,=,5011.87,nM,CHEMBL677091,B,Inhibition of specific binding of [125-I]ET-1 to human endothelin A receptor,CHEMBL1129980,P25101,Endothelin receptor ET-A,IC50,CN(C)c1cccc2c(S(=O)(=O)Nc3ccc(I)cn3)cccc12,5.300000202445418
CHEMBL6583,CHEMBL252,Endothelin receptor ET-A,IC50,=,1258.93,nM,CHEMBL677091,B,Inhibition of specific binding of [125-I]ET-1 to human endothelin A receptor,CHEMBL1129980,P25101,Endothelin receptor ET-A,IC50,Cc1cnc(NS(=O)(=O)c2cccc3c(N(C)C)cccc23)cn1,5.899998417198648
CHEMBL6588,CHEMBL252,Endothelin receptor ET-A,IC50,=,501.19,nM,CHEMBL677091,B,Inhibition of specific binding of [125-I]ET-1 to human endothelin A receptor,CHEMBL1129980,P25101,Endothelin receptor ET-A,IC50,CCOc1nc(Br)cnc1NS(=O)(=O)c1cccc2c(N(C)C)cccc12,6.299997602857746
CHEMBL367958,CHEMBL252,Endothelin receptor ET-A,IC50,=,19.0,nM,CHEMBL682967,B,Inhibitory concentration required against [125I]ET1 binding to membranes of CHO cells expressing human ETA receptor,CHEMBL1136631,P25101,Endothelin receptor ET-A,IC50,CCS(=O)(=O)NCCOc1nc(N2CCOCC2)nc(NS(=O)(=O)c2ccc(C(C)C)cn2)c1Oc1ccccc1OC,7.721246399047171
CHEMBL369676,CHEMBL252,Endothelin receptor ET-A,IC50,=,140.0,nM,CHEMBL682967,B,Inhibitory concentration required against [125I]ET1 binding to membranes of CHO cells expressing human ETA receptor,CHEMBL1136631,P25101,Endothelin receptor ET-A,IC50,CCCS(=O)(=O)NCCOc1nc(N2CCOCC2)nc(NS(=O)(=O)c2ccc(C(C)C)cn2)c1Oc1ccccc1OC,6.853871964321762
CHEMBL6566,CHEMBL252,Endothelin receptor ET-A,IC50,=,10000.0,nM,CHEMBL677091,B,Inhibition of specific binding of [125-I]ET-1 to human endothelin A receptor,CHEMBL1129980,P25101,Endothelin receptor ET-A,IC50,Cc1nc(NS(=O)(=O)c2cccc3c(N(C)C)cccc23)ccc1Br,5.0
CHEMBL366872,CHEMBL252,Endothelin receptor ET-A,IC50,=,1591.0,nM,CHEMBL682967,B,Inhibitory concentration required against [125I]ET1 binding to membranes of CHO cells expressing human ETA receptor,CHEMBL1136631,P25101,Endothelin receptor ET-A,IC50,CCS(=O)(=O)NCCCOc1nc(-c2ncccn2)nc(NS(=O)(=O)c2ccc(C(C)(C)C)cc2)c1Oc1ccccc1OC,5.798329820353418
CHEMBL6411,CHEMBL252,Endothelin receptor ET-A,IC50,=,1584.89,nM,CHEMBL677091,B,Inhibition of specific binding of [125-I]ET-1 to human endothelin A receptor,CHEMBL1129980,P25101,Endothelin receptor ET-A,IC50,CN(C)c1cccc2c(S(=O)(=O)Nc3ccc(Br)cn3)cccc12,5.800000874803203
CHEMBL6660,CHEMBL252,Endothelin receptor ET-A,IC50,=,5011.87,nM,CHEMBL677091,B,Inhibition of specific binding of [125-I]ET-1 to human endothelin A receptor,CHEMBL1129980,P25101,Endothelin receptor ET-A,IC50,Cc1cc(NS(=O)(=O)c2cccc3c(N(C)C)cccc23)nnc1Cl,5.300000202445418
CHEMBL6555,CHEMBL252,Endothelin receptor ET-A,IC50,=,15.85,nM,CHEMBL677091,B,Inhibition of specific binding of [125-I]ET-1 to human endothelin A receptor,CHEMBL1129980,P25101,Endothelin receptor ET-A,IC50,CNc1cccc2c(S(=O)(=O)Nc3ncc(Br)nc3OC)cccc12,7.79997073344623
CHEMBL172030,CHEMBL252,Endothelin receptor ET-A,IC50,=,64.0,nM,CHEMBL682967,B,Inhibitory concentration required against [125I]ET1 binding to membranes of CHO cells expressing human ETA receptor,CHEMBL1136631,P25101,Endothelin receptor ET-A,IC50,COc1ccccc1Oc1c(NS(=O)(=O)c2ccc(C(C)(C)C)cc2)nc(-c2ncccn2)nc1OCCNS(=O)(=O)c1cccs1,7.1938200260161125
CHEMBL368738,CHEMBL252,Endothelin receptor ET-A,IC50,=,51.0,nM,CHEMBL682967,B,Inhibitory concentration required against [125I]ET1 binding to membranes of CHO cells expressing human ETA receptor,CHEMBL1136631,P25101,Endothelin receptor ET-A,IC50,CCCS(=O)(=O)NCCOc1nc(N2CCOCC2)nc(NS(=O)(=O)c2ccc(C)cn2)c1Oc1ccccc1OC,7.292429823902063
CHEMBL267458,CHEMBL252,Endothelin receptor ET-A,IC50,=,150.0,nM,CHEMBL678229,B,Inhibitory concentration against Endothelin A receptor,CHEMBL1149193,P25101,Endothelin receptor ET-A,IC50,Cc1noc(NS(=O)(=O)c2cccc3c(N(C)C)cccc23)c1C,6.823908740944319
CHEMBL6778,CHEMBL252,Endothelin receptor ET-A,IC50,=,7943.28,nM,CHEMBL677091,B,Inhibition of specific binding of [125-I]ET-1 to human endothelin A receptor,CHEMBL1129980,P25101,Endothelin receptor ET-A,IC50,CN(C)c1cccc2c(S(=O)(=O)Nc3ccc(Cl)cc3)cccc12,5.100000128334196
CHEMBL6543,CHEMBL252,Endothelin receptor ET-A,IC50,=,2511.89,nM,CHEMBL677091,B,Inhibition of specific binding of [125-I]ET-1 to human endothelin A receptor,CHEMBL1129980,P25101,Endothelin receptor ET-A,IC50,CCc1nc(Br)cnc1NS(=O)(=O)c1cccc2c(N(C)C)cccc12,5.59999938302362
CHEMBL177802,CHEMBL252,Endothelin receptor ET-A,IC50,=,45.0,nM,CHEMBL682967,B,Inhibitory concentration required against [125I]ET1 binding to membranes of CHO cells expressing human ETA receptor,CHEMBL1136631,P25101,Endothelin receptor ET-A,IC50,CCS(=O)(=O)NCCCOc1nc(C2CC2)nc(NS(=O)(=O)c2ccc(C(C)C)cn2)c1Oc1ccccc1OC,7.346787486224656
CHEMBL453,CHEMBL252,Endothelin receptor ET-A,IC50,=,780.0,nM,CHEMBL678229,B,Inhibitory concentration against Endothelin A receptor,CHEMBL1149193,P25101,Endothelin receptor ET-A,IC50,Cc1noc(NS(=O)(=O)c2ccc(N)cc2)c1C,6.107905397309519
CHEMBL6800,CHEMBL252,Endothelin receptor ET-A,IC50,=,63.1,nM,CHEMBL677091,B,Inhibition of specific binding of [125-I]ET-1 to human endothelin A receptor,CHEMBL1129980,P25101,Endothelin receptor ET-A,IC50,COc1nc(Br)cnc1NS(=O)(=O)c1cccc2c(N(C)C)cccc12,7.199970640755866
CHEMBL366627,CHEMBL252,Endothelin receptor ET-A,IC50,=,2770.0,nM,CHEMBL682967,B,Inhibitory concentration required against [125I]ET1 binding to membranes of CHO cells expressing human ETA receptor,CHEMBL1136631,P25101,Endothelin receptor ET-A,IC50,COc1ccccc1Oc1c(NS(=O)(=O)c2ccc(C)cn2)nc(-c2cc(OC)c(OC)c(OC)c2)nc1OCCNS(=O)(=O)c1cccs1,5.557520230935552
CHEMBL6761,CHEMBL252,Endothelin receptor ET-A,IC50,=,199.53,nM,CHEMBL677091,B,Inhibition of specific binding of [125-I]ET-1 to human endothelin A receptor,CHEMBL1129980,P25101,Endothelin receptor ET-A,IC50,CN(C)c1cccc2c(S(=O)(=O)Nc3ccc(Cl)nn3)cccc12,6.699991797446187
CHEMBL268387,CHEMBL252,Endothelin receptor ET-A,IC50,=,1584.89,nM,CHEMBL677091,B,Inhibition of specific binding of [125-I]ET-1 to human endothelin A receptor,CHEMBL1129980,P25101,Endothelin receptor ET-A,IC50,Cc1ccc(NS(=O)(=O)c2cccc3c(N(C)C)cccc23)nn1,5.800000874803203
CHEMBL6297,CHEMBL252,Endothelin receptor ET-A,IC50,=,251.19,nM,CHEMBL677091,B,Inhibition of specific binding of [125-I]ET-1 to human endothelin A receptor,CHEMBL1129980,P25101,Endothelin receptor ET-A,IC50,CN(C)c1cccc2c(S(=O)(=O)Nc3ccc(Br)nn3)cccc12,6.599997654072045
CHEMBL27617,CHEMBL252,Endothelin receptor ET-A,IC50,=,84.0,nM,CHEMBL677306,B,Affinity for human endothelin A receptor expressed in Ltk cells.,CHEMBL1129097,P25101,Endothelin receptor ET-A,IC50,COc1cccc(Sc2c(C(=O)O)n(Cc3ccc4c(c3)OCO4)c3cc4c(cc23)OCO4)c1,7.075720713938118
CHEMBL9141,CHEMBL252,Endothelin receptor ET-A,IC50,=,45.3,nM,CHEMBL682972,B,Radioligand binding selectivity to human Endothelin A receptor in chinese hamster ovary cells,CHEMBL1129506,P25101,Endothelin receptor ET-A,IC50,CCCNC(=O)CN1C[C@@H](c2ccc3c(c2)OCO3)[C@H](C(=O)O)[C@H]1c1ccc(OC)cc1,7.343901797987169
CHEMBL283598,CHEMBL252,Endothelin receptor ET-A,IC50,=,100.0,nM,CHEMBL677306,B,Affinity for human endothelin A receptor expressed in Ltk cells.,CHEMBL1129097,P25101,Endothelin receptor ET-A,IC50,O=C(O)c1c(Sc2ccc3c(c2)OCO3)c2cc3c(cc2n1Cc1ccc2c(c1)OCO2)OCO3,7.0
CHEMBL332794,CHEMBL252,Endothelin receptor ET-A,IC50,=,9900.0,nM,CHEMBL677305,B,Binding affinity towards human Endothelin A receptor (hET -A),CHEMBL1132381,P25101,Endothelin receptor ET-A,IC50,CCCOc1ccc([C@H]2[C@H](C(=O)O)[C@@H](c3ccc4c(c3)OCO4)CN2CC(=O)Nc2c(CC)cccc2CC)cc1,5.00436480540245
CHEMBL111612,CHEMBL252,Endothelin receptor ET-A,IC50,=,24900.0,nM,CHEMBL681508,B,Tested for binding affinity for human Endothelin A receptor by measuring its ability to displace [125I]ET1 from chinese hamster ovary cells(CHO),CHEMBL1131628,P25101,Endothelin receptor ET-A,IC50,CCCCN(CCCC)C(=O)CN1C[C@H](c2cc(OC)c3c(c2)OCO3)[C@@H](C(=O)O)[C@@H]1CC(C)(C)CCC,4.603800652904264
CHEMBL416019,CHEMBL252,Endothelin receptor ET-A,IC50,=,23000.0,nM,CHEMBL679790,B,Compound was evaluated for the receptor binding activity in rabbit artery vascular smooth muscle cells expressing Endothelin A receptor,CHEMBL1129097,P25101,Endothelin receptor ET-A,IC50,COc1cccc(Sc2c(C(=O)O)oc3ccccc23)c1,4.638272163982407
CHEMBL306123,CHEMBL252,Endothelin receptor ET-A,IC50,=,2400.0,nM,CHEMBL682109,B,Binding affinity towards Endothelin A receptor in human neuroblastoma-derived cell line SK-N-MC membranes,CHEMBL1129335,P25101,Endothelin receptor ET-A,IC50,CCCCC(NC(=O)[C@@H](Cc1c(C#N)[nH]c2ccccc12)NC(=O)C(NC(=O)N1[C@H](C)CCC[C@@H]1C)C(C)C)C(=O)O,5.619788758288394
CHEMBL332431,CHEMBL252,Endothelin receptor ET-A,IC50,=,50.0,nM,CHEMBL677305,B,Binding affinity towards human Endothelin A receptor (hET -A),CHEMBL1132381,P25101,Endothelin receptor ET-A,IC50,COc1ccc([C@H]2[C@H](C(=O)O)[C@@H](c3ccc4c(c3)OCO4)CN2CC(=O)Nc2ccc(C)c(C)c2)cc1,7.301029995663981
CHEMBL123997,CHEMBL252,Endothelin receptor ET-A,IC50,=,15.0,nM,CHEMBL677305,B,Binding affinity towards human Endothelin A receptor (hET -A),CHEMBL1132381,P25101,Endothelin receptor ET-A,IC50,CCCc1cccc(CC)c1NC(=O)CN1C[C@H](c2ccc3c(c2)OCO3)[C@@H](C(=O)O)[C@@H]1c1ccc(OC)cc1,7.823908740944319
CHEMBL123926,CHEMBL252,Endothelin receptor ET-A,IC50,=,61.0,nM,CHEMBL677305,B,Binding affinity towards human Endothelin A receptor (hET -A),CHEMBL1132381,P25101,Endothelin receptor ET-A,IC50,COc1ccc([C@H]2[C@H](C(=O)O)[C@@H](c3ccc4c(c3)OCO4)CN2CC(=O)Nc2c(Br)cccc2Br)cc1,7.214670164989233
CHEMBL305524,CHEMBL252,Endothelin receptor ET-A,IC50,=,6.4,nM,CHEMBL682109,B,Binding affinity towards Endothelin A receptor in human neuroblastoma-derived cell line SK-N-MC membranes,CHEMBL1129335,P25101,Endothelin receptor ET-A,IC50,CCSCC(NC(=O)[C@@H](Cc1c(Br)[nH]c2ccccc12)NC(=O)C(CC(C)C)NC(=O)N1[C@H](C)CCC[C@@H]1C)C(=O)O,8.193820026016112
CHEMBL120106,CHEMBL252,Endothelin receptor ET-A,IC50,=,25.0,nM,CHEMBL677305,B,Binding affinity towards human Endothelin A receptor (hET -A),CHEMBL1132381,P25101,Endothelin receptor ET-A,IC50,COc1ccc([C@H]2[C@H](C(=O)O)[C@@H](c3ccc4c(c3)OCO4)CN2CC(=O)Nc2ccc(C)cc2C)cc1,7.6020599913279625
CHEMBL332093,CHEMBL252,Endothelin receptor ET-A,IC50,=,190.0,nM,CHEMBL677305,B,Binding affinity towards human Endothelin A receptor (hET -A),CHEMBL1132381,P25101,Endothelin receptor ET-A,IC50,CCc1cccc(CC)c1N(C)C(=O)CN1C[C@H](c2ccc3c(c2)OCO3)[C@@H](C(=O)O)[C@@H]1c1ccc(OC)cc1,6.721246399047171
CHEMBL287169,CHEMBL252,Endothelin receptor ET-A,IC50,=,2.0,nM,CHEMBL677306,B,Affinity for human endothelin A receptor expressed in Ltk cells.,CHEMBL1129097,P25101,Endothelin receptor ET-A,IC50,COc1cc2c(Sc3cc(OC)c(OC)c(OC)c3)c(C(=O)O)n(Cc3ccc4c(c3)OCO4)c2cc1OC,8.698970004336019
CHEMBL2304017,CHEMBL252,Endothelin receptor ET-A,IC50,=,6200.0,nM,CHEMBL682109,B,Binding affinity towards Endothelin A receptor in human neuroblastoma-derived cell line SK-N-MC membranes,CHEMBL1129335,P25101,Endothelin receptor ET-A,IC50,CSC(C)(C)[C@@H]1NC(=O)[C@@H]2CCCN2C(=O)[C@@H](CC(=O)O)NC(=O)[C@H](Cc2c(C#N)[nH]c3ccccc23)NC(=O)[C@@H](C(C)C)NC1=O,5.207608310501746
CHEMBL123305,CHEMBL252,Endothelin receptor ET-A,IC50,=,12.0,nM,CHEMBL677305,B,Binding affinity towards human Endothelin A receptor (hET -A),CHEMBL1132381,P25101,Endothelin receptor ET-A,IC50,CCCc1cccc(CCC)c1NC(=O)CN1C[C@H](c2ccc3c(c2)OCO3)[C@@H](C(=O)O)[C@@H]1c1ccc(OC)cc1,7.920818753952375
CHEMBL10143,CHEMBL252,Endothelin receptor ET-A,IC50,=,6000.0,nM,CHEMBL679790,B,Compound was evaluated for the receptor binding activity in rabbit artery vascular smooth muscle cells expressing Endothelin A receptor,CHEMBL1129097,P25101,Endothelin receptor ET-A,IC50,CC(C)Oc1c(C(=O)O)sc2ccc(OCc3ccccc3)cc12,5.221848749616356
CHEMBL10143,CHEMBL252,Endothelin receptor ET-A,IC50,=,8800.0,nM,CHEMBL677306,B,Affinity for human endothelin A receptor expressed in Ltk cells.,CHEMBL1129097,P25101,Endothelin receptor ET-A,IC50,CC(C)Oc1c(C(=O)O)sc2ccc(OCc3ccccc3)cc12,5.055517327849831
CHEMBL331625,CHEMBL252,Endothelin receptor ET-A,IC50,=,4200.0,nM,CHEMBL677305,B,Binding affinity towards human Endothelin A receptor (hET -A),CHEMBL1132381,P25101,Endothelin receptor ET-A,IC50,CCc1cccc(CC)c1NC(=O)CN1C[C@H](c2ccc3c(c2)OCO3)[C@@H](C(=O)O)[C@@H]1c1ccc(OCCOC)cc1,5.376750709602099
CHEMBL27911,CHEMBL252,Endothelin receptor ET-A,IC50,=,5900.0,nM,CHEMBL679790,B,Compound was evaluated for the receptor binding activity in rabbit artery vascular smooth muscle cells expressing Endothelin A receptor,CHEMBL1129097,P25101,Endothelin receptor ET-A,IC50,COc1cccc(Sc2c(C(=O)O)sc3ccccc23)c1,5.229147988357855
CHEMBL339657,CHEMBL252,Endothelin receptor ET-A,IC50,=,45.0,nM,CHEMBL677305,B,Binding affinity towards human Endothelin A receptor (hET -A),CHEMBL1132381,P25101,Endothelin receptor ET-A,IC50,CCc1cccc(CC)c1NC(=O)CN1C[C@H](c2ccc3c(c2)OCO3)[C@@H](C(=O)O)[C@@H]1c1ccc(OC)cc1,7.346787486224656
CHEMBL110053,CHEMBL252,Endothelin receptor ET-A,IC50,=,0.17,nM,CHEMBL681508,B,Tested for binding affinity for human Endothelin A receptor by measuring its ability to displace [125I]ET1 from chinese hamster ovary cells(CHO),CHEMBL1131628,P25101,Endothelin receptor ET-A,IC50,CCCCN(CCCC)C(=O)CN1C[C@H](c2ccc3c(c2)OCO3)[C@@H](C(=O)O)[C@@H]1CCN1CCCC1=O,9.769551078621726
CHEMBL332231,CHEMBL252,Endothelin receptor ET-A,IC50,=,16.0,nM,CHEMBL677305,B,Binding affinity towards human Endothelin A receptor (hET -A),CHEMBL1132381,P25101,Endothelin receptor ET-A,IC50,COc1ccc([C@H]2[C@H](C(=O)O)[C@@H](c3ccc4c(c3)OCO4)CN2CC(=O)Nc2cccc(C)c2C)cc1,7.795880017344075
CHEMBL28920,CHEMBL252,Endothelin receptor ET-A,IC50,=,7.0,nM,CHEMBL677306,B,Affinity for human endothelin A receptor expressed in Ltk cells.,CHEMBL1129097,P25101,Endothelin receptor ET-A,IC50,COc1cc(Sc2c(C(=O)O)n(Cc3ccc4c(c3)OCO4)c3cc4c(cc23)OCO4)cc(OC)c1OC,8.154901959985743
CHEMBL2304006,CHEMBL252,Endothelin receptor ET-A,IC50,=,8.6,nM,CHEMBL682109,B,Binding affinity towards Endothelin A receptor in human neuroblastoma-derived cell line SK-N-MC membranes,CHEMBL1129335,P25101,Endothelin receptor ET-A,IC50,O=C(O)C[C@H]1NC(=O)[C@H](Cc2c(Br)[nH]c3ccccc23)NC(=O)[C@@H](C2CC2)NC(=O)[C@H](C2CCCC2)NC(=O)[C@@H]2CCCN2C1=O,8.065501548756432
CHEMBL332627,CHEMBL252,Endothelin receptor ET-A,IC50,=,920.0,nM,CHEMBL677305,B,Binding affinity towards human Endothelin A receptor (hET -A),CHEMBL1132381,P25101,Endothelin receptor ET-A,IC50,COc1ccc([C@H]2[C@H](C(=O)O)[C@@H](c3ccc4c(c3)OCO4)CN2CC(=O)Nc2c(C(C)C)cccc2C(C)C)cc1,6.036212172654444
CHEMBL109778,CHEMBL252,Endothelin receptor ET-A,IC50,=,0.29,nM,CHEMBL681508,B,Tested for binding affinity for human Endothelin A receptor by measuring its ability to displace [125I]ET1 from chinese hamster ovary cells(CHO),CHEMBL1131628,P25101,Endothelin receptor ET-A,IC50,CCCCN(CCCC)C(=O)CN1C[C@H](c2ccc3c(c2)OCO3)[C@@H](C(=O)O)[C@@H]1CCc1ccccn1,9.537602002101044
CHEMBL109926,CHEMBL252,Endothelin receptor ET-A,IC50,=,0.29,nM,CHEMBL681508,B,Tested for binding affinity for human Endothelin A receptor by measuring its ability to displace [125I]ET1 from chinese hamster ovary cells(CHO),CHEMBL1131628,P25101,Endothelin receptor ET-A,IC50,C/C=C\C(C)(C)C[C@H]1[C@H](C(=O)O)[C@@H](c2cc(OC)c3c(c2)OCO3)CN1CC(=O)N(CCCC)CCCC,9.537602002101044
CHEMBL331758,CHEMBL252,Endothelin receptor ET-A,IC50,=,840.0,nM,CHEMBL677305,B,Binding affinity towards human Endothelin A receptor (hET -A),CHEMBL1132381,P25101,Endothelin receptor ET-A,IC50,CCc1cc(C(=O)O)cc(CC)c1NC(=O)CN1C[C@H](c2ccc3c(c2)OCO3)[C@@H](C(=O)O)[C@@H]1c1ccc(OC)cc1,6.075720713938118
CHEMBL332794,CHEMBL252,Endothelin receptor ET-A,IC50,=,8200.0,nM,CHEMBL677305,B,Binding affinity towards human Endothelin A receptor (hET -A),CHEMBL1132381,P25101,Endothelin receptor ET-A,IC50,CCCOc1ccc([C@H]2[C@H](C(=O)O)[C@@H](c3ccc4c(c3)OCO4)CN2CC(=O)Nc2c(CC)cccc2CC)cc1,5.086186147616283
CHEMBL28779,CHEMBL252,Endothelin receptor ET-A,IC50,=,380.0,nM,CHEMBL677306,B,Affinity for human endothelin A receptor expressed in Ltk cells.,CHEMBL1129097,P25101,Endothelin receptor ET-A,IC50,O=C(O)c1c(Sc2ccc3c(c2)OCO3)c2ccccc2n1Cc1ccc2c(c1)OCO2,6.42021640338319
CHEMBL122111,CHEMBL252,Endothelin receptor ET-A,IC50,=,33.0,nM,CHEMBL677305,B,Binding affinity towards human Endothelin A receptor (hET -A),CHEMBL1132381,P25101,Endothelin receptor ET-A,IC50,COc1ccc([C@H]2[C@H](C(=O)O)[C@@H](c3ccc4c(c3)OCO4)CN2CC(=O)Nc2cc(C)ccc2C)cc1,7.481486060122112
CHEMBL281451,CHEMBL252,Endothelin receptor ET-A,IC50,=,81.0,nM,CHEMBL677306,B,Affinity for human endothelin A receptor expressed in Ltk cells.,CHEMBL1129097,P25101,Endothelin receptor ET-A,IC50,COc1cccc(Sc2c(C(=O)O)n(Cc3ccc4c(c3)OCO4)c3cc(OC)c(OCc4ccccc4)cc23)c1,7.0915149811213505
CHEMBL111277,CHEMBL252,Endothelin receptor ET-A,IC50,=,0.08,nM,CHEMBL677305,B,Binding affinity towards human Endothelin A receptor (hET -A),CHEMBL1132381,P25101,Endothelin receptor ET-A,IC50,CCCCCS(=O)(=O)N(CCC)CCN1C[C@H](c2ccc3c(c2)OCO3)[C@@H](C(=O)O)[C@@H]1c1ccc(OC)c(F)c1,10.096910013008056
CHEMBL435185,CHEMBL252,Endothelin receptor ET-A,IC50,=,100.0,nM,CHEMBL677305,B,Binding affinity towards human Endothelin A receptor (hET -A),CHEMBL1132381,P25101,Endothelin receptor ET-A,IC50,COc1ccc([C@H]2[C@H](C(=O)O)[C@@H](c3ccc4c(c3)OCO4)CN2CC(=O)Nc2c(C)cccc2C(C)C)cc1,7.0
CHEMBL285368,CHEMBL252,Endothelin receptor ET-A,IC50,=,20.0,nM,CHEMBL677306,B,Affinity for human endothelin A receptor expressed in Ltk cells.,CHEMBL1129097,P25101,Endothelin receptor ET-A,IC50,COc1cccc(Sc2c(C(=O)O)n(Cc3ccc4c(c3)OCO4)c3cc(OC)c(OC)cc23)c1,7.698970004336019
CHEMBL28188,CHEMBL252,Endothelin receptor ET-A,IC50,=,160.0,nM,CHEMBL677306,B,Affinity for human endothelin A receptor expressed in Ltk cells.,CHEMBL1129097,P25101,Endothelin receptor ET-A,IC50,COc1cccc(Sc2c(C(=O)O)n(Cc3ccccc3)c3cc(OC)c(OC)cc23)c1,6.795880017344075
CHEMBL339657,CHEMBL252,Endothelin receptor ET-A,IC50,=,89.0,nM,CHEMBL677305,B,Binding affinity towards human Endothelin A receptor (hET -A),CHEMBL1132381,P25101,Endothelin receptor ET-A,IC50,CCc1cccc(CC)c1NC(=O)CN1C[C@H](c2ccc3c(c2)OCO3)[C@@H](C(=O)O)[C@@H]1c1ccc(OC)cc1,7.050609993355087
CHEMBL322537,CHEMBL252,Endothelin receptor ET-A,IC50,=,1.06,nM,CHEMBL681508,B,Tested for binding affinity for human Endothelin A receptor by measuring its ability to displace [125I]ET1 from chinese hamster ovary cells(CHO),CHEMBL1131628,P25101,Endothelin receptor ET-A,IC50,CCCCN(CCCC)C(=O)CN1C[C@H](c2ccc3c(c2)OCO3)[C@@H](C(=O)O)[C@@H]1CCn1cccn1,8.97469413473523
CHEMBL416570,CHEMBL252,Endothelin receptor ET-A,IC50,=,58.0,nM,CHEMBL677306,B,Affinity for human endothelin A receptor expressed in Ltk cells.,CHEMBL1129097,P25101,Endothelin receptor ET-A,IC50,COc1cccc(Sc2c(C(=O)O)n(Cc3cc(OC)c4c(c3)OCO4)c3cc(OC)c(OC)cc23)c1,7.236572006437063
CHEMBL9194,CHEMBL252,Endothelin receptor ET-A,IC50,=,0.08,nM,CHEMBL677305,B,Binding affinity towards human Endothelin A receptor (hET -A),CHEMBL1132381,P25101,Endothelin receptor ET-A,IC50,CCCCN(CCCC)C(=O)CN1C[C@H](c2ccc3c(c2)OCO3)[C@@H](C(=O)O)[C@@H]1c1ccc(OC)cc1,10.096910013008056
CHEMBL331767,CHEMBL252,Endothelin receptor ET-A,IC50,=,33.0,nM,CHEMBL677305,B,Binding affinity towards human Endothelin A receptor (hET -A),CHEMBL1132381,P25101,Endothelin receptor ET-A,IC50,COc1ccc([C@H]2[C@H](C(=O)O)[C@@H](c3ccc4c(c3)OCO4)CN2CC(=O)Nc2c(C)cccc2C)cc1,7.481486060122112
CHEMBL282398,CHEMBL252,Endothelin receptor ET-A,IC50,=,590.0,nM,CHEMBL677306,B,Affinity for human endothelin A receptor expressed in Ltk cells.,CHEMBL1129097,P25101,Endothelin receptor ET-A,IC50,CCCOc1ccc2c(Sc3cccc(OC)c3)c(C(=O)O)n(Cc3ccc4c(c3)OCO4)c2c1,6.229147988357855
CHEMBL283858,CHEMBL252,Endothelin receptor ET-A,IC50,=,170.0,nM,CHEMBL677306,B,Affinity for human endothelin A receptor expressed in Ltk cells.,CHEMBL1129097,P25101,Endothelin receptor ET-A,IC50,COc1ccc(Sc2c(C(=O)O)n(Cc3cc(OC)c4c(c3)OCO4)c3cc4c(cc23)OCO4)cc1OC,6.769551078621726
CHEMBL266594,CHEMBL252,Endothelin receptor ET-A,IC50,=,21.3,nM,CHEMBL682972,B,Radioligand binding selectivity to human Endothelin A receptor in chinese hamster ovary cells,CHEMBL1129506,P25101,Endothelin receptor ET-A,IC50,CCCN(C)C(=O)CN1C[C@@H](c2ccc3c(c2)OCO3)[C@H](C(=O)O)[C@H]1c1ccc(OC)cc1,7.671620396561262
CHEMBL332387,CHEMBL252,Endothelin receptor ET-A,IC50,=,200.0,nM,CHEMBL677305,B,Binding affinity towards human Endothelin A receptor (hET -A),CHEMBL1132381,P25101,Endothelin receptor ET-A,IC50,CCc1cccc(OC)c1NC(=O)CN1C[C@H](c2ccc3c(c2)OCO3)[C@@H](C(=O)O)[C@@H]1c1ccc(OC)cc1,6.698970004336019
CHEMBL2370534,CHEMBL252,Endothelin receptor ET-A,IC50,=,18.0,nM,CHEMBL677305,B,Binding affinity towards human Endothelin A receptor (hET -A),CHEMBL1132381,P25101,Endothelin receptor ET-A,IC50,CCCC[C@H](NC(=O)[C@H](CC(C)C)NC(=O)[C@H](CCCCN)NC(=O)[C@H](CCCN=C(N)N)NC(=O)[C@H](CC(N)=O)NC(=O)[C@H](CO)NC(=O)[C@H](Cc1c[nH]cn1)NC(=O)[C@H](C)NC(=O)[C@H](CCC(N)=O)NC(=O)[C@H](CCC(N)=O)NC(=O)[C@H](C)NC(=O)[C@H](CC(C)C)NC(=O)[C@H](CCC(N)=O)NC(=O)[C@H]1CCCCNC(=O)CC[C@@H](NC(=O)[C@H](CCCC)NC(=O)[C@H](CCC(=O)O)NC(=O)[C@H](CC(C)C)NC(=O)[C@@H](NC(=O)[C@H](CCC(=O)O)NC(=O)[C@H](CCCN=C(N)N)NC(=O)[C@H](CC(C)C)NC(=O)[C@H](CC(C)C)NC(=O)[C@H](Cc2c[nH]cn2)NC(=O)[C@H](N)Cc2ccccc2)C(C)C)C(=O)N[C@H](CCCN=C(N)N)C(=O)N[C@@H](C)C(=O)N1)C(=O)N[C@@H](CCC(=O)O)C(=O)N[C@H](C(=O)N[C@H](C(N)=O)[C@@H](C)CC)[C@@H](C)CC,7.7447274948966935
CHEMBL8923,CHEMBL252,Endothelin receptor ET-A,IC50,=,0.11,nM,CHEMBL682972,B,Radioligand binding selectivity to human Endothelin A receptor in chinese hamster ovary cells,CHEMBL1129506,P25101,Endothelin receptor ET-A,IC50,CCCCN(CCCC)C(=O)CN1CC(c2ccc3c(c2)OCO3)C(C(=O)O)C1c1ccc(OC)cc1,9.958607314841775
CHEMBL333972,CHEMBL252,Endothelin receptor ET-A,IC50,=,22.0,nM,CHEMBL677305,B,Binding affinity towards human Endothelin A receptor (hET -A),CHEMBL1132381,P25101,Endothelin receptor ET-A,IC50,CCc1cc(F)cc(CC)c1NC(=O)CN1C[C@H](c2ccc3c(c2)OCO3)[C@@H](C(=O)O)[C@@H]1c1ccc(OC)cc1,7.657577319177793
CHEMBL331066,CHEMBL252,Endothelin receptor ET-A,IC50,=,11000.0,nM,CHEMBL677305,B,Binding affinity towards human Endothelin A receptor (hET -A),CHEMBL1132381,P25101,Endothelin receptor ET-A,IC50,CCc1cccc(CC)c1NC(=O)CN1C[C@H](c2ccc3c(c2)OCO3)[C@@H](C(=O)O)[C@@H]1c1ccc(CCOC)cc1,4.958607314841775
CHEMBL282426,CHEMBL252,Endothelin receptor ET-A,IC50,=,380.0,nM,CHEMBL677306,B,Affinity for human endothelin A receptor expressed in Ltk cells.,CHEMBL1129097,P25101,Endothelin receptor ET-A,IC50,COc1cccc(Sc2c(C(=O)O)n(Cc3cc(OC)c4c(c3)OCO4)c3cc4c(cc23)OCO4)c1,6.42021640338319
CHEMBL2304015,CHEMBL252,Endothelin receptor ET-A,IC50,=,2.9,nM,CHEMBL682109,B,Binding affinity towards Endothelin A receptor in human neuroblastoma-derived cell line SK-N-MC membranes,CHEMBL1129335,P25101,Endothelin receptor ET-A,IC50,Cc1[nH]c2ccccc2c1C[C@@H]1NC(=O)[C@@H](C2CC2)NC(=O)[C@H](C2CCCC2)NC(=O)[C@@H]2CCCN2C(=O)[C@@H](CC(=O)O)NC1=O,8.537602002101044
CHEMBL123077,CHEMBL252,Endothelin receptor ET-A,IC50,=,160.0,nM,CHEMBL677305,B,Binding affinity towards human Endothelin A receptor (hET -A),CHEMBL1132381,P25101,Endothelin receptor ET-A,IC50,COc1ccc([C@H]2[C@H](C(=O)O)[C@@H](c3ccc4c(c3)OCO4)CN2CC(=O)Nc2cc(C)cc(C)c2)cc1,6.795880017344075
CHEMBL435385,CHEMBL252,Endothelin receptor ET-A,IC50,=,340.0,nM,CHEMBL677305,B,Binding affinity towards human Endothelin A receptor (hET -A),CHEMBL1132381,P25101,Endothelin receptor ET-A,IC50,CCOc1ccc([C@H]2[C@H](C(=O)O)[C@@H](c3ccc4c(c3)OCO4)CN2CC(=O)Nc2c(CC)cccc2CC)cc1,6.468521082957745
CHEMBL331625,CHEMBL252,Endothelin receptor ET-A,IC50,=,3700.0,nM,CHEMBL677305,B,Binding affinity towards human Endothelin A receptor (hET -A),CHEMBL1132381,P25101,Endothelin receptor ET-A,IC50,CCc1cccc(CC)c1NC(=O)CN1C[C@H](c2ccc3c(c2)OCO3)[C@@H](C(=O)O)[C@@H]1c1ccc(OCCOC)cc1,5.431798275933005
CHEMBL323951,CHEMBL252,Endothelin receptor ET-A,IC50,=,1.0,nM,CHEMBL681508,B,Tested for binding affinity for human Endothelin A receptor by measuring its ability to displace [125I]ET1 from chinese hamster ovary cells(CHO),CHEMBL1131628,P25101,Endothelin receptor ET-A,IC50,C/C=C\C(C)(C)C[C@H]1[C@H](C(=O)O)[C@@H](c2ccc3c(c2)OCO3)CN1CC(=O)N(CCCC)CCCC,9.0
CHEMBL9139,CHEMBL252,Endothelin receptor ET-A,IC50,=,0.55,nM,CHEMBL682972,B,Radioligand binding selectivity to human Endothelin A receptor in chinese hamster ovary cells,CHEMBL1129506,P25101,Endothelin receptor ET-A,IC50,CCCN(CCC)C(=O)CN1C[C@@H](c2ccc3c(c2)OCO3)[C@H](C(=O)O)[C@H]1c1ccc(OC)cc1,9.259637310505756
CHEMBL307936,CHEMBL252,Endothelin receptor ET-A,IC50,=,3.0,nM,CHEMBL682109,B,Binding affinity towards Endothelin A receptor in human neuroblastoma-derived cell line SK-N-MC membranes,CHEMBL1129335,P25101,Endothelin receptor ET-A,IC50,CSCCC(NC(=O)[C@@H](Cc1c(C)[nH]c2ccccc12)NC(=O)C(NC(=O)N1[C@H](C)CCC[C@@H]1C)C1CC1)C(=O)O,8.522878745280337
CHEMBL267695,CHEMBL252,Endothelin receptor ET-A,IC50,=,4.88,nM,CHEMBL682972,B,Radioligand binding selectivity to human Endothelin A receptor in chinese hamster ovary cells,CHEMBL1129506,P25101,Endothelin receptor ET-A,IC50,CCCCN(C)C(=O)CN1C[C@@H](c2ccc3c(c2)OCO3)[C@H](C(=O)O)[C@H]1c1ccc(OC)cc1,8.311580177997289
CHEMBL29147,CHEMBL252,Endothelin receptor ET-A,IC50,=,620.0,nM,CHEMBL677306,B,Affinity for human endothelin A receptor expressed in Ltk cells.,CHEMBL1129097,P25101,Endothelin receptor ET-A,IC50,COc1cc2c(Sc3ccc4c(c3)OCO4)c(C(=O)O)n(Cc3ccc4c(c3)OCO4)c2cc1OCc1ccccc1,6.207608310501746
CHEMBL435385,CHEMBL252,Endothelin receptor ET-A,IC50,=,910.0,nM,CHEMBL677305,B,Binding affinity towards human Endothelin A receptor (hET -A),CHEMBL1132381,P25101,Endothelin receptor ET-A,IC50,CCOc1ccc([C@H]2[C@H](C(=O)O)[C@@H](c3ccc4c(c3)OCO4)CN2CC(=O)Nc2c(CC)cccc2CC)cc1,6.040958607678906
CHEMBL28948,CHEMBL252,Endothelin receptor ET-A,IC50,=,4600.0,nM,CHEMBL677306,B,Affinity for human endothelin A receptor expressed in Ltk cells.,CHEMBL1129097,P25101,Endothelin receptor ET-A,IC50,COc1cccc(Sc2c(C(=O)O)n(Cc3ccccc3)c3ccccc23)c1,5.337242168318426
CHEMBL28563,CHEMBL252,Endothelin receptor ET-A,IC50,=,41.0,nM,CHEMBL677306,B,Affinity for human endothelin A receptor expressed in Ltk cells.,CHEMBL1129097,P25101,Endothelin receptor ET-A,IC50,COc1ccc(Sc2c(C(=O)O)n(Cc3ccc4c(c3)OCO4)c3cc4c(cc23)OCO4)cc1OC,7.3872161432802645
CHEMBL73925,CHEMBL252,Endothelin receptor ET-A,IC50,=,13.0,nM,CHEMBL682109,B,Binding affinity towards Endothelin A receptor in human neuroblastoma-derived cell line SK-N-MC membranes,CHEMBL1129335,P25101,Endothelin receptor ET-A,IC50,CCCCC(NC(=O)[C@@H](Cc1c(Br)[nH]c2ccccc12)NC(=O)C(NC(=O)N1[C@H](C)CCC[C@@H]1C)C1CC1)C(=O)O,7.886056647693163
CHEMBL9334,CHEMBL252,Endothelin receptor ET-A,IC50,=,0.81,nM,CHEMBL682972,B,Radioligand binding selectivity to human Endothelin A receptor in chinese hamster ovary cells,CHEMBL1129506,P25101,Endothelin receptor ET-A,IC50,CCCCN(CCC)C(=O)CN1C[C@@H](c2ccc3c(c2)OCO3)[C@H](C(=O)O)[C@H]1c1ccc(OC)cc1,9.09151498112135
CHEMBL333009,CHEMBL252,Endothelin receptor ET-A,IC50,=,1500.0,nM,CHEMBL677305,B,Binding affinity towards human Endothelin A receptor (hET -A),CHEMBL1132381,P25101,Endothelin receptor ET-A,IC50,CCc1cccc(CC)c1NC(=O)CN1C[C@H](c2ccc3c(c2)OCO3)[C@@H](C(=O)O)[C@@H]1c1ccc(OC(C)C)cc1,5.823908740944319
CHEMBL27732,CHEMBL252,Endothelin receptor ET-A,IC50,=,5.0,nM,CHEMBL677306,B,Affinity for human endothelin A receptor expressed in Ltk cells.,CHEMBL1129097,P25101,Endothelin receptor ET-A,IC50,COc1cc2c(Sc3ccc4c(c3)OCO4)c(C(=O)O)n(Cc3ccc4c(c3)OCO4)c2cc1OC,8.301029995663981
CHEMBL122832,CHEMBL252,Endothelin receptor ET-A,IC50,=,16.0,nM,CHEMBL677305,B,Binding affinity towards human Endothelin A receptor (hET -A),CHEMBL1132381,P25101,Endothelin receptor ET-A,IC50,COc1ccc([C@H]2[C@H](C(=O)O)[C@@H](c3ccc4c(c3)OCO4)CN2CC(=O)Nc2c(OC)cccc2OC)cc1,7.795880017344075
CHEMBL283648,CHEMBL252,Endothelin receptor ET-A,IC50,=,86.0,nM,CHEMBL677306,B,Affinity for human endothelin A receptor expressed in Ltk cells.,CHEMBL1129097,P25101,Endothelin receptor ET-A,IC50,COc1cccc(Sc2c(C(=O)O)n(Cc3ccc4c(c3)OCO4)c3ccccc23)c1,7.0655015487564325
CHEMBL285380,CHEMBL252,Endothelin receptor ET-A,IC50,=,20000.0,nM,CHEMBL677306,B,Affinity for human endothelin A receptor expressed in Ltk cells.,CHEMBL1129097,P25101,Endothelin receptor ET-A,IC50,COc1cccc(Sc2c(C(=O)O)n(Cc3ccc4c(c3)OCO4)c3cc(OCc4ccccc4)c(OC)cc23)c1,4.698970004336019
CHEMBL421073,CHEMBL252,Endothelin receptor ET-A,IC50,=,15.0,nM,CHEMBL677305,B,Binding affinity towards human Endothelin A receptor (hET -A),CHEMBL1132381,P25101,Endothelin receptor ET-A,IC50,CCc1cccc(C)c1NC(=O)CN1C[C@H](c2ccc3c(c2)OCO3)[C@@H](C(=O)O)[C@@H]1c1ccc(OC)cc1,7.823908740944319
CHEMBL420729,CHEMBL252,Endothelin receptor ET-A,IC50,=,10.0,nM,CHEMBL677305,B,Binding affinity towards human Endothelin A receptor (hET -A),CHEMBL1132381,P25101,Endothelin receptor ET-A,IC50,CCc1cc(CC)c(NC(=O)CN2C[C@H](c3ccc4c(c3)OCO4)[C@@H](C(=O)O)[C@@H]2c2ccc(OC)cc2)c(CC)c1,8.0
CHEMBL432974,CHEMBL252,Endothelin receptor ET-A,IC50,=,0.29,nM,CHEMBL681508,B,Tested for binding affinity for human Endothelin A receptor by measuring its ability to displace [125I]ET1 from chinese hamster ovary cells(CHO),CHEMBL1131628,P25101,Endothelin receptor ET-A,IC50,CCCCN(CCCC)C(=O)CN1C[C@H](c2ccc3c(c2)OCO3)[C@@H](C(=O)O)[C@@H]1CC(C)(C)CCC,9.537602002101044
CHEMBL417978,CHEMBL252,Endothelin receptor ET-A,IC50,=,19.0,nM,CHEMBL682105,B,Binding affinity against human cloned endothelin A receptor expressed in LTK-cells,CHEMBL1129982,P25101,Endothelin receptor ET-A,IC50,O=C1OC(O)(c2ccc3c(c2)OCO3)C(Cc2ccccc2)=C1c1ccc2c(c1)OCO2,7.721246399047171
CHEMBL10781,CHEMBL252,Endothelin receptor ET-A,IC50,=,0.5,nM,CHEMBL682105,B,Binding affinity against human cloned endothelin A receptor expressed in LTK-cells,CHEMBL1129982,P25101,Endothelin receptor ET-A,IC50,COc1ccc(C2(O)OC(=O)C(c3cc(OC)c4c(c3)OCO4)=C2Cc2cc(OC)c(OC)c(OC)c2)cc1,9.301029995663981
CHEMBL275991,CHEMBL252,Endothelin receptor ET-A,IC50,=,400.0,nM,CHEMBL682105,B,Binding affinity against human cloned endothelin A receptor expressed in LTK-cells,CHEMBL1129982,P25101,Endothelin receptor ET-A,IC50,O=C1OC(O)(c2ccc(Cl)c(Cl)c2)C(Cc2ccccc2)=C1c1ccc2c(c1)OCO2,6.3979400086720375
CHEMBL173557,CHEMBL252,Endothelin receptor ET-A,IC50,=,513.0,nM,CHEMBL681511,B,Inhibition of I-ET-1 binding to human Endothelin A receptor,CHEMBL1130366,P25101,Endothelin receptor ET-A,IC50,Cc1noc(NS(=O)(=O)c2sccc2COc2ccc3c(c2)OCO3)c1Br,6.289882634888183
CHEMBL10922,CHEMBL252,Endothelin receptor ET-A,IC50,=,0.98,nM,CHEMBL679797,B,Inhibition of Endothelin A receptor mediated (ET-1) release of arachidonic acid from rabbit renal artery vascular smooth muscle cells,CHEMBL1129982,P25101,Endothelin receptor ET-A,IC50,COc1ccc(C(=O)/C(Cc2cc(OC)c(OC)c(OC)c2)=C(\C(=O)[O-])c2ccc3c(c2)OCO3)cc1C.[Na+],9.008773924307505
CHEMBL273613,CHEMBL252,Endothelin receptor ET-A,IC50,=,4900.0,nM,CHEMBL682105,B,Binding affinity against human cloned endothelin A receptor expressed in LTK-cells,CHEMBL1129982,P25101,Endothelin receptor ET-A,IC50,Cc1ccc(C2(O)OC(=O)C(c3ccc4c(c3)OCO4)=C2Cc2ccccc2)cc1,5.309803919971486
CHEMBL10733,CHEMBL252,Endothelin receptor ET-A,IC50,=,110.0,nM,CHEMBL682105,B,Binding affinity against human cloned endothelin A receptor expressed in LTK-cells,CHEMBL1129982,P25101,Endothelin receptor ET-A,IC50,COc1ccc(C2(O)OC(=O)C(c3ccc4c(c3)OCO4)=C2Cc2ccc(Cl)cc2)cc1,6.958607314841775
CHEMBL274307,CHEMBL252,Endothelin receptor ET-A,IC50,=,90.0,nM,CHEMBL682105,B,Binding affinity against human cloned endothelin A receptor expressed in LTK-cells,CHEMBL1129982,P25101,Endothelin receptor ET-A,IC50,COc1ccc(C2(O)OC(=O)C(c3cccc(OC)c3)=C2Cc2ccccc2)cc1,7.045757490560675
CHEMBL275559,CHEMBL252,Endothelin receptor ET-A,IC50,=,8.2,nM,CHEMBL682105,B,Binding affinity against human cloned endothelin A receptor expressed in LTK-cells,CHEMBL1129982,P25101,Endothelin receptor ET-A,IC50,COc1ccc(C2(O)OC(=O)C(c3cc(OC)c4c(c3)OCO4)=C2Cc2ccccc2)cc1C,8.086186147616283
CHEMBL276018,CHEMBL252,Endothelin receptor ET-A,IC50,=,70.0,nM,CHEMBL682105,B,Binding affinity against human cloned endothelin A receptor expressed in LTK-cells,CHEMBL1129982,P25101,Endothelin receptor ET-A,IC50,COc1ccc(C2(O)OC(=O)C(c3ccc4c(c3)OCO4)=C2Cc2cccc([N+](=O)[O-])c2)cc1,7.154901959985743
CHEMBL10676,CHEMBL252,Endothelin receptor ET-A,IC50,=,43.0,nM,CHEMBL682105,B,Binding affinity against human cloned endothelin A receptor expressed in LTK-cells,CHEMBL1129982,P25101,Endothelin receptor ET-A,IC50,COc1ccc(C2(O)OC(=O)C(c3ccc4c(c3)OCO4)=C2Cc2cccc(C(F)(F)F)c2)cc1,7.366531544420413
CHEMBL417067,CHEMBL252,Endothelin receptor ET-A,IC50,=,0.12,nM,CHEMBL682105,B,Binding affinity against human cloned endothelin A receptor expressed in LTK-cells,CHEMBL1129982,P25101,Endothelin receptor ET-A,IC50,CCOc1cc(CC2=C(c3ccc4c(c3)OCO4)C(=O)OC2(O)c2ccc(OC)cc2)cc(OCC)c1OCC,9.920818753952375
CHEMBL273948,CHEMBL252,Endothelin receptor ET-A,IC50,=,13.0,nM,CHEMBL682105,B,Binding affinity against human cloned endothelin A receptor expressed in LTK-cells,CHEMBL1129982,P25101,Endothelin receptor ET-A,IC50,COc1ccc(C2(O)OC(=O)C(c3ccc4c(c3)OCO4)=C2CC2CCCCC2)cc1,7.886056647693163
CHEMBL267094,CHEMBL252,Endothelin receptor ET-A,IC50,=,430.0,nM,CHEMBL682105,B,Binding affinity against human cloned endothelin A receptor expressed in LTK-cells,CHEMBL1129982,P25101,Endothelin receptor ET-A,IC50,O=C1OC(O)(c2ccc(Cl)cc2)C(Cc2ccccc2)=C1c1ccc2c(c1)OCO2,6.366531544420413
CHEMBL267094,CHEMBL252,Endothelin receptor ET-A,IC50,=,3800.0,nM,CHEMBL679797,B,Inhibition of Endothelin A receptor mediated (ET-1) release of arachidonic acid from rabbit renal artery vascular smooth muscle cells,CHEMBL1129982,P25101,Endothelin receptor ET-A,IC50,O=C1OC(O)(c2ccc(Cl)cc2)C(Cc2ccccc2)=C1c1ccc2c(c1)OCO2,5.42021640338319
CHEMBL10905,CHEMBL252,Endothelin receptor ET-A,IC50,=,4.9,nM,CHEMBL679797,B,Inhibition of Endothelin A receptor mediated (ET-1) release of arachidonic acid from rabbit renal artery vascular smooth muscle cells,CHEMBL1129982,P25101,Endothelin receptor ET-A,IC50,COc1ccc(C(=O)/C(Cc2ccc(NC(C)=O)cc2)=C(\C(=O)[O-])c2ccc3c(c2)OCO3)cc1.[K+],8.309803919971486
CHEMBL274383,CHEMBL252,Endothelin receptor ET-A,IC50,=,7.4,nM,CHEMBL682105,B,Binding affinity against human cloned endothelin A receptor expressed in LTK-cells,CHEMBL1129982,P25101,Endothelin receptor ET-A,IC50,COc1ccc(C2(O)OC(=O)C(c3ccc4c(c3)OCO4)=C2Cc2ccccc2)cc1,8.130768280269024
CHEMBL269409,CHEMBL252,Endothelin receptor ET-A,IC50,=,18.0,nM,CHEMBL682105,B,Binding affinity against human cloned endothelin A receptor expressed in LTK-cells,CHEMBL1129982,P25101,Endothelin receptor ET-A,IC50,COc1ccc(C2(O)OC(=O)C(c3ccc4c(c3)OCO4)=C2Cc2cccc3ccccc23)cc1,7.7447274948966935
CHEMBL10919,CHEMBL252,Endothelin receptor ET-A,IC50,=,35.0,nM,CHEMBL682105,B,Binding affinity against human cloned endothelin A receptor expressed in LTK-cells,CHEMBL1129982,P25101,Endothelin receptor ET-A,IC50,COc1ccc(C2(O)OC(=O)C(c3ccc4c(c3)OCO4)=C2CC2CCCCCC2)cc1,7.455931955649724
CHEMBL11369,CHEMBL252,Endothelin receptor ET-A,IC50,=,0.5,nM,CHEMBL682105,B,Binding affinity against human cloned endothelin A receptor expressed in LTK-cells,CHEMBL1129982,P25101,Endothelin receptor ET-A,IC50,COc1ccc(C2(O)OC(=O)C(c3ccc4c(c3)OCO4)=C2Cc2cc(OC)c(OC)c(OC)c2)cc1C,9.301029995663981
CHEMBL369359,CHEMBL252,Endothelin receptor ET-A,IC50,=,1640.0,nM,CHEMBL681511,B,Inhibition of I-ET-1 binding to human Endothelin A receptor,CHEMBL1130366,P25101,Endothelin receptor ET-A,IC50,Cc1ccc(OCc2ccsc2S(=O)(=O)Nc2onc(C)c2Br)cc1,5.785156151952302
CHEMBL11341,CHEMBL252,Endothelin receptor ET-A,IC50,=,950.0,nM,CHEMBL682105,B,Binding affinity against human cloned endothelin A receptor expressed in LTK-cells,CHEMBL1129982,P25101,Endothelin receptor ET-A,IC50,O=C1OC(O)(c2ccc(OCc3ccccc3)cc2)C(Cc2ccccc2)=C1c1ccc2c(c1)OCO2,6.022276394711152
CHEMBL10636,CHEMBL252,Endothelin receptor ET-A,IC50,=,3.9,nM,CHEMBL682105,B,Binding affinity against human cloned endothelin A receptor expressed in LTK-cells,CHEMBL1129982,P25101,Endothelin receptor ET-A,IC50,COc1ccc(C2(O)OC(=O)C(c3ccc4c(c3)OCO4)=C2Cc2ccc(SC)cc2)cc1,8.4089353929735
CHEMBL367024,CHEMBL252,Endothelin receptor ET-A,IC50,=,62.0,nM,CHEMBL681511,B,Inhibition of I-ET-1 binding to human Endothelin A receptor,CHEMBL1130366,P25101,Endothelin receptor ET-A,IC50,Cc1cc(C)c(OCc2sccc2S(=O)(=O)Nc2onc(C)c2Br)c(C)c1,7.207608310501746
CHEMBL11152,CHEMBL252,Endothelin receptor ET-A,IC50,=,700.0,nM,CHEMBL682105,B,Binding affinity against human cloned endothelin A receptor expressed in LTK-cells,CHEMBL1129982,P25101,Endothelin receptor ET-A,IC50,COc1ccc(C2OC(=O)C(c3ccc4c(c3)OCO4)=C2Cc2ccccc2)cc1,6.154901959985743
CHEMBL276639,CHEMBL252,Endothelin receptor ET-A,IC50,=,16.0,nM,CHEMBL682105,B,Binding affinity against human cloned endothelin A receptor expressed in LTK-cells,CHEMBL1129982,P25101,Endothelin receptor ET-A,IC50,COc1ccc(C2(O)OC(=O)C(c3ccc4c(c3)OCO4)=C2Cc2ccc3c(c2)OCO3)cc1,7.795880017344075
CHEMBL173805,CHEMBL252,Endothelin receptor ET-A,IC50,=,346.0,nM,CHEMBL681511,B,Inhibition of I-ET-1 binding to human Endothelin A receptor,CHEMBL1130366,P25101,Endothelin receptor ET-A,IC50,Cc1ccc(OCc2ccsc2S(=O)(=O)Nc2onc(C)c2Br)c(C)c1,6.460923901207224
CHEMBL10897,CHEMBL252,Endothelin receptor ET-A,IC50,=,2200.0,nM,CHEMBL682105,B,Binding affinity against human cloned endothelin A receptor expressed in LTK-cells,CHEMBL1129982,P25101,Endothelin receptor ET-A,IC50,COc1ccc(CC2=C(c3ccccc3)C(=O)OC2(O)c2ccc(OC)cc2)cc1,5.657577319177793
CHEMBL10622,CHEMBL252,Endothelin receptor ET-A,IC50,=,400.0,nM,CHEMBL682105,B,Binding affinity against human cloned endothelin A receptor expressed in LTK-cells,CHEMBL1129982,P25101,Endothelin receptor ET-A,IC50,COC(=O)c1ccc(C2(O)OC(=O)C(c3ccc4c(c3)OCO4)=C2Cc2ccccc2)cc1,6.3979400086720375
CHEMBL10744,CHEMBL252,Endothelin receptor ET-A,IC50,=,8.0,nM,CHEMBL682105,B,Binding affinity against human cloned endothelin A receptor expressed in LTK-cells,CHEMBL1129982,P25101,Endothelin receptor ET-A,IC50,COc1ccc(C2(O)OC(=O)C(c3ccc4c(c3)OCO4)=C2Cc2ccc(O)cc2)cc1,8.096910013008056
CHEMBL10819,CHEMBL252,Endothelin receptor ET-A,IC50,=,1300.0,nM,CHEMBL682105,B,Binding affinity against human cloned endothelin A receptor expressed in LTK-cells,CHEMBL1129982,P25101,Endothelin receptor ET-A,IC50,COc1ccc(C2(O)OC(=O)C(c3cc(OC)c(OC)c(OC)c3)=C2Cc2ccccc2)cc1,5.886056647693163
CHEMBL11115,CHEMBL252,Endothelin receptor ET-A,IC50,=,1.8,nM,CHEMBL682105,B,Binding affinity against human cloned endothelin A receptor expressed in LTK-cells,CHEMBL1129982,P25101,Endothelin receptor ET-A,IC50,COc1ccc(CC2=C(c3ccc4c(c3)OCO4)C(=O)OC2(O)c2ccc(OC)cc2)cc1,8.744727494896694
CHEMBL172538,CHEMBL252,Endothelin receptor ET-A,IC50,=,1200.0,nM,CHEMBL681511,B,Inhibition of I-ET-1 binding to human Endothelin A receptor,CHEMBL1130366,P25101,Endothelin receptor ET-A,IC50,Cc1ccc(OCc2sccc2S(=O)(=O)Nc2onc(C)c2Br)cc1,5.920818753952375
CHEMBL268480,CHEMBL252,Endothelin receptor ET-A,IC50,=,1.4,nM,CHEMBL682105,B,Binding affinity against human cloned endothelin A receptor expressed in LTK-cells,CHEMBL1129982,P25101,Endothelin receptor ET-A,IC50,COc1ccc(C2(O)OC(=O)C(c3ccc4c(c3)OCO4)=C2Cc2ccc(OC)c(OC)c2)cc1,8.853871964321762
CHEMBL276601,CHEMBL252,Endothelin receptor ET-A,IC50,=,16000.0,nM,CHEMBL682105,B,Binding affinity against human cloned endothelin A receptor expressed in LTK-cells,CHEMBL1129982,P25101,Endothelin receptor ET-A,IC50,COc1ccc(C2(O)OC(=O)C(c3ccc4c(c3)OCO4)=C2Cc2cccc3c2CCc2ccccc2C3=O)cc1,4.795880017344075
CHEMBL269461,CHEMBL252,Endothelin receptor ET-A,IC50,=,480.0,nM,CHEMBL682105,B,Binding affinity against human cloned endothelin A receptor expressed in LTK-cells,CHEMBL1129982,P25101,Endothelin receptor ET-A,IC50,COc1ccccc1C1(O)OC(=O)C(c2ccc3c(c2)OCO3)=C1Cc1ccccc1,6.318758762624412
CHEMBL10697,CHEMBL252,Endothelin receptor ET-A,IC50,=,1.2,nM,CHEMBL682105,B,Binding affinity against human cloned endothelin A receptor expressed in LTK-cells,CHEMBL1129982,P25101,Endothelin receptor ET-A,IC50,COc1ccc(C2(O)OC(=O)C(c3ccc4c(c3)OCO4)=C2Cc2ccc(NC(C)=O)cc2)cc1,8.920818753952375
CHEMBL11106,CHEMBL252,Endothelin receptor ET-A,IC50,=,14.0,nM,CHEMBL682105,B,Binding affinity against human cloned endothelin A receptor expressed in LTK-cells,CHEMBL1129982,P25101,Endothelin receptor ET-A,IC50,COc1ccc(C2(O)OC(=O)C(c3ccc4c(c3)OCO4)=C2Cc2cc(OC)c3c(c2)OCO3)cc1,7.853871964321762
CHEMBL11082,CHEMBL252,Endothelin receptor ET-A,IC50,=,600.0,nM,CHEMBL682105,B,Binding affinity against human cloned endothelin A receptor expressed in LTK-cells,CHEMBL1129982,P25101,Endothelin receptor ET-A,IC50,COc1ccc(C2(OC)OC(=O)C(c3ccc4c(c3)OCO4)=C2Cc2cc(OC)c(OC)c(OC)c2)cc1,6.221848749616356
CHEMBL10589,CHEMBL252,Endothelin receptor ET-A,IC50,=,25.0,nM,CHEMBL682105,B,Binding affinity against human cloned endothelin A receptor expressed in LTK-cells,CHEMBL1129982,P25101,Endothelin receptor ET-A,IC50,COc1cc(C2(O)OC(=O)C(c3ccc4c(c3)OCO4)=C2Cc2ccccc2)cc(OC)c1OC,7.6020599913279625
CHEMBL10607,CHEMBL252,Endothelin receptor ET-A,IC50,=,3.0,nM,CHEMBL682105,B,Binding affinity against human cloned endothelin A receptor expressed in LTK-cells,CHEMBL1129982,P25101,Endothelin receptor ET-A,IC50,COc1ccc(C2(O)OC(=O)C(c3ccc4c(c3)OCO4)=C2Cc2cccc(OC)c2)cc1,8.522878745280337
CHEMBL11345,CHEMBL252,Endothelin receptor ET-A,IC50,=,200.0,nM,CHEMBL682105,B,Binding affinity against human cloned endothelin A receptor expressed in LTK-cells,CHEMBL1129982,P25101,Endothelin receptor ET-A,IC50,COc1ccc(C2(O)OC(=O)C(c3ccc4c(c3)OCO4)=C2Cc2ccc(-c3ccccc3)cc2)cc1,6.698970004336019
CHEMBL10794,CHEMBL252,Endothelin receptor ET-A,IC50,=,6.7,nM,CHEMBL682105,B,Binding affinity against human cloned endothelin A receptor expressed in LTK-cells,CHEMBL1129982,P25101,Endothelin receptor ET-A,IC50,COc1ccc(C2(O)OC(=O)C(c3cc(OC)c4c(c3)OCO4)=C2Cc2ccccc2)cc1,8.173925197299173
CHEMBL10951,CHEMBL252,Endothelin receptor ET-A,IC50,=,570.0,nM,CHEMBL682105,B,Binding affinity against human cloned endothelin A receptor expressed in LTK-cells,CHEMBL1129982,P25101,Endothelin receptor ET-A,IC50,COc1ccc(CC2=C(c3ccc(C)cc3)C(=O)OC2(O)c2ccc(OC)cc2)cc1,6.2441251443275085
CHEMBL10996,CHEMBL252,Endothelin receptor ET-A,IC50,=,170.0,nM,CHEMBL682105,B,Binding affinity against human cloned endothelin A receptor expressed in LTK-cells,CHEMBL1129982,P25101,Endothelin receptor ET-A,IC50,COc1ccc(CC2=C(c3ccc(Cl)c(Cl)c3)C(=O)OC2(O)c2ccc(OC)cc2)cc1,6.769551078621726
CHEMBL11176,CHEMBL252,Endothelin receptor ET-A,IC50,=,8.5,nM,CHEMBL682105,B,Binding affinity against human cloned endothelin A receptor expressed in LTK-cells,CHEMBL1129982,P25101,Endothelin receptor ET-A,IC50,COC(=O)c1cccc(CC2=C(c3ccc4c(c3)OCO4)C(=O)OC2(O)c2ccc(OC)cc2)c1,8.070581074285707
CHEMBL269453,CHEMBL252,Endothelin receptor ET-A,IC50,=,14.0,nM,CHEMBL682105,B,Binding affinity against human cloned endothelin A receptor expressed in LTK-cells,CHEMBL1129982,P25101,Endothelin receptor ET-A,IC50,COc1ccc(C2(O)OC(=O)C(c3ccc4c(c3)OCO4)=C2Cc2ccc3ccccc3c2)cc1,7.853871964321762
CHEMBL10910,CHEMBL252,Endothelin receptor ET-A,IC50,=,40.0,nM,CHEMBL682105,B,Binding affinity against human cloned endothelin A receptor expressed in LTK-cells,CHEMBL1129982,P25101,Endothelin receptor ET-A,IC50,COc1ccc(C2(O)OC(=O)C(c3ccc4c(c3)OCO4)=C2Cc2cccnc2)cc1,7.3979400086720375
CHEMBL273951,CHEMBL252,Endothelin receptor ET-A,IC50,=,320.0,nM,CHEMBL682105,B,Binding affinity against human cloned endothelin A receptor expressed in LTK-cells,CHEMBL1129982,P25101,Endothelin receptor ET-A,IC50,CCC1=C(c2ccc3c(c2)OCO3)C(=O)OC1(O)c1ccc(OC)cc1,6.494850021680094
CHEMBL10832,CHEMBL252,Endothelin receptor ET-A,IC50,=,1.1,nM,CHEMBL679797,B,Inhibition of Endothelin A receptor mediated (ET-1) release of arachidonic acid from rabbit renal artery vascular smooth muscle cells,CHEMBL1129982,P25101,Endothelin receptor ET-A,IC50,COc1ccc(C(=O)/C(Cc2ccc(OC)c(OC)c2OC)=C(\C(=O)[O-])c2ccc3c(c2)OCO3)cc1.[Na+],8.958607314841775
CHEMBL10834,CHEMBL252,Endothelin receptor ET-A,IC50,=,13.0,nM,CHEMBL682105,B,Binding affinity against human cloned endothelin A receptor expressed in LTK-cells,CHEMBL1129982,P25101,Endothelin receptor ET-A,IC50,COc1ccc(C2(O)OC(=O)C(c3ccc4c(c3)OCO4)=C2Cc2ccccc2)c(OC)c1,7.886056647693163
CHEMBL10635,CHEMBL252,Endothelin receptor ET-A,IC50,=,7.5,nM,CHEMBL682105,B,Binding affinity against human cloned endothelin A receptor expressed in LTK-cells,CHEMBL1129982,P25101,Endothelin receptor ET-A,IC50,COc1ccc(C2(O)OC(=O)C(c3ccc4c(c3)OCO4)=C2Cc2ccc3c(c2)OCCO3)cc1,8.1249387366083
CHEMBL10648,CHEMBL252,Endothelin receptor ET-A,IC50,=,700.0,nM,CHEMBL682105,B,Binding affinity against human cloned endothelin A receptor expressed in LTK-cells,CHEMBL1129982,P25101,Endothelin receptor ET-A,IC50,COc1ccc(CC2=C(c3ccc(Cl)cc3)C(=O)OC2(O)c2ccc(OC)cc2)cc1,6.154901959985743
CHEMBL10915,CHEMBL252,Endothelin receptor ET-A,IC50,=,50.0,nM,CHEMBL682105,B,Binding affinity against human cloned endothelin A receptor expressed in LTK-cells,CHEMBL1129982,P25101,Endothelin receptor ET-A,IC50,COc1ccc(C2(O)OC(=O)C(c3ccc4c(c3)OCO4)=C2Cc2cccc(C(=O)O)c2)cc1,7.301029995663981
CHEMBL267096,CHEMBL252,Endothelin receptor ET-A,IC50,=,240.0,nM,CHEMBL682105,B,Binding affinity against human cloned endothelin A receptor expressed in LTK-cells,CHEMBL1129982,P25101,Endothelin receptor ET-A,IC50,COc1ccc(C2(O)OC(=O)C(c3cc(OC)ccc3OC)=C2Cc2ccccc2)cc1,6.619788758288394
CHEMBL10926,CHEMBL252,Endothelin receptor ET-A,IC50,=,150.0,nM,CHEMBL682105,B,Binding affinity against human cloned endothelin A receptor expressed in LTK-cells,CHEMBL1129982,P25101,Endothelin receptor ET-A,IC50,COc1ccc(C2(O)OC(=O)C(c3ccc4c(c3)OCO4)=C2Cc2ccc(Cl)c(Cl)c2)cc1,6.823908740944319
CHEMBL176538,CHEMBL252,Endothelin receptor ET-A,IC50,=,134.0,nM,CHEMBL681511,B,Inhibition of I-ET-1 binding to human Endothelin A receptor,CHEMBL1130366,P25101,Endothelin receptor ET-A,IC50,CCCc1cc2c(cc1OCc1ccsc1S(=O)(=O)Nc1onc(C)c1Br)OCO2,6.872895201635192
CHEMBL424371,CHEMBL252,Endothelin receptor ET-A,IC50,=,54.0,nM,CHEMBL681511,B,Inhibition of I-ET-1 binding to human Endothelin A receptor,CHEMBL1130366,P25101,Endothelin receptor ET-A,IC50,Cc1cc(C)c(OCc2ccsc2S(=O)(=O)Nc2onc(C)c2Br)c(C)c1,7.267606240177031
CHEMBL172666,CHEMBL252,Endothelin receptor ET-A,IC50,=,104.0,nM,CHEMBL681511,B,Inhibition of I-ET-1 binding to human Endothelin A receptor,CHEMBL1130366,P25101,Endothelin receptor ET-A,IC50,CCCc1cc2c(cc1OCc1sccc1S(=O)(=O)Nc1onc(C)c1Br)OCO2,6.982966660701219
CHEMBL274359,CHEMBL252,Endothelin receptor ET-A,IC50,=,1.7,nM,CHEMBL682105,B,Binding affinity against human cloned endothelin A receptor expressed in LTK-cells,CHEMBL1129982,P25101,Endothelin receptor ET-A,IC50,COc1ccc(C2(O)OC(=O)C(c3ccc4c(c3)OCO4)=C2Cc2cc(OC)cc(OC)c2)cc1,8.769551078621726
CHEMBL10860,CHEMBL252,Endothelin receptor ET-A,IC50,=,10.0,nM,CHEMBL682105,B,Binding affinity against human cloned endothelin A receptor expressed in LTK-cells,CHEMBL1129982,P25101,Endothelin receptor ET-A,IC50,COc1ccc(C2(O)OC(=O)C(c3ccc4c(c3)OCO4)=C2Cc2nccc3ccccc23)cc1,8.0
CHEMBL10843,CHEMBL252,Endothelin receptor ET-A,IC50,=,10.0,nM,CHEMBL682105,B,Binding affinity against human cloned endothelin A receptor expressed in LTK-cells,CHEMBL1129982,P25101,Endothelin receptor ET-A,IC50,COc1ccc(C2(O)OC(=O)C(c3ccc4c(c3)OCO4)=C2CC2CCCC2)cc1,8.0
CHEMBL277595,CHEMBL252,Endothelin receptor ET-A,IC50,=,0.63,nM,CHEMBL681511,B,Inhibition of I-ET-1 binding to human Endothelin A receptor,CHEMBL1130366,P25101,Endothelin receptor ET-A,IC50,Cc1cc(C)c(NC(=O)c2sccc2S(=O)(=O)Nc2onc(C)c2Cl)c(C)c1,9.200659450546418
CHEMBL11162,CHEMBL252,Endothelin receptor ET-A,IC50,=,190.0,nM,CHEMBL682105,B,Binding affinity against human cloned endothelin A receptor expressed in LTK-cells,CHEMBL1129982,P25101,Endothelin receptor ET-A,IC50,COc1ccc(CC2=C(c3ccc(OC)cc3)C(=O)OC2(O)c2ccc(OC)cc2)cc1,6.721246399047171
CHEMBL10661,CHEMBL252,Endothelin receptor ET-A,IC50,=,4.0,nM,CHEMBL682105,B,Binding affinity against human cloned endothelin A receptor expressed in LTK-cells,CHEMBL1129982,P25101,Endothelin receptor ET-A,IC50,COc1ccc(C2(O)OC(=O)C(c3ccc4c(c3)OCO4)=C2Cc2ccc(S(C)(=O)=O)cc2)cc1,8.397940008672037
CHEMBL10901,CHEMBL252,Endothelin receptor ET-A,IC50,=,70.0,nM,CHEMBL682105,B,Binding affinity against human cloned endothelin A receptor expressed in LTK-cells,CHEMBL1129982,P25101,Endothelin receptor ET-A,IC50,COc1ccc(C2(O)OC(=O)C(c3ccc(OC)c(OC)c3)=C2Cc2ccccc2)cc1,7.154901959985743
CHEMBL276173,CHEMBL252,Endothelin receptor ET-A,IC50,=,300.0,nM,CHEMBL682105,B,Binding affinity against human cloned endothelin A receptor expressed in LTK-cells,CHEMBL1129982,P25101,Endothelin receptor ET-A,IC50,COc1ccc(C2(OC)OC(=O)C(c3ccc4c(c3)OCO4)=C2Cc2ccccc2)cc1,6.522878745280337
CHEMBL10801,CHEMBL252,Endothelin receptor ET-A,IC50,=,49.0,nM,CHEMBL679797,B,Inhibition of Endothelin A receptor mediated (ET-1) release of arachidonic acid from rabbit renal artery vascular smooth muscle cells,CHEMBL1129982,P25101,Endothelin receptor ET-A,IC50,COc1ccc(C(=O)/C(Cc2ccccc2)=C(\C(=O)[O-])c2ccc3c(c2)OCO3)cc1.C[N+](C)(C)CCO,7.309803919971486
CHEMBL10588,CHEMBL252,Endothelin receptor ET-A,IC50,=,12.0,nM,CHEMBL682105,B,Binding affinity against human cloned endothelin A receptor expressed in LTK-cells,CHEMBL1129982,P25101,Endothelin receptor ET-A,IC50,COc1ccc(C2(O)OC(=O)C(c3ccc4c(c3)OCO4)=C2Cc2ccccc2)cc1C,7.920818753952375
CHEMBL355800,CHEMBL252,Endothelin receptor ET-A,IC50,=,299.0,nM,CHEMBL681511,B,Inhibition of I-ET-1 binding to human Endothelin A receptor,CHEMBL1130366,P25101,Endothelin receptor ET-A,IC50,Cc1noc(NS(=O)(=O)c2ccsc2COc2ccc3c(c2)OCO3)c1Br,6.52432881167557
CHEMBL292802,CHEMBL252,Endothelin receptor ET-A,IC50,=,8.9,nM,CHEMBL681511,B,Inhibition of I-ET-1 binding to human Endothelin A receptor,CHEMBL1130366,P25101,Endothelin receptor ET-A,IC50,Cc1noc(NS(=O)(=O)c2ccsc2C(=O)Oc2ccc3c(c2)OCO3)c1Br,8.050609993355087
CHEMBL10924,CHEMBL252,Endothelin receptor ET-A,IC50,=,2.4,nM,CHEMBL682105,B,Binding affinity against human cloned endothelin A receptor expressed in LTK-cells,CHEMBL1129982,P25101,Endothelin receptor ET-A,IC50,COc1ccc(C2(O)OC(=O)C(c3ccc4c(c3)OCO4)=C2Cc2ccc(OC)c(C)c2)cc1,8.619788758288394
CHEMBL10911,CHEMBL252,Endothelin receptor ET-A,IC50,=,170.0,nM,CHEMBL682105,B,Binding affinity against human cloned endothelin A receptor expressed in LTK-cells,CHEMBL1129982,P25101,Endothelin receptor ET-A,IC50,CSc1ccc(C2(O)OC(=O)C(c3ccc4c(c3)OCO4)=C2Cc2ccccc2)cc1,6.769551078621726
CHEMBL10948,CHEMBL252,Endothelin receptor ET-A,IC50,=,28.0,nM,CHEMBL682105,B,Binding affinity against human cloned endothelin A receptor expressed in LTK-cells,CHEMBL1129982,P25101,Endothelin receptor ET-A,IC50,COc1ccc(C2(O)OC(=O)C(c3ccc4c(c3)OCO4)=C2Cc2ccc(N(C)C)cc2)cc1,7.552841968657781
CHEMBL273723,CHEMBL252,Endothelin receptor ET-A,IC50,=,2.1,nM,CHEMBL682105,B,Binding affinity against human cloned endothelin A receptor expressed in LTK-cells,CHEMBL1129982,P25101,Endothelin receptor ET-A,IC50,COc1ccc(C2(O)OC(=O)C(c3ccc4c(c3)OCO4)=C2Cc2cc(OC)ccc2OC)cc1,8.67778070526608
CHEMBL275701,CHEMBL252,Endothelin receptor ET-A,IC50,=,1.8,nM,CHEMBL682105,B,Binding affinity against human cloned endothelin A receptor expressed in LTK-cells,CHEMBL1129982,P25101,Endothelin receptor ET-A,IC50,COc1ccc(C2(O)OC(=O)C(c3ccc4c(c3)OCO4)=C2Cc2cc(OC)c(OC)cc2OC)cc1,8.744727494896694
CHEMBL8981,CHEMBL252,Endothelin receptor ET-A,IC50,=,0.3,nM,CHEMBL682105,B,Binding affinity against human cloned endothelin A receptor expressed in LTK-cells,CHEMBL1129982,P25101,Endothelin receptor ET-A,IC50,COc1ccc(C2(O)OC(=O)C(c3ccc4c(c3)OCO4)=C2Cc2cc(OC)c(OC)c(OC)c2)cc1,9.522878745280337
CHEMBL8981,CHEMBL252,Endothelin receptor ET-A,IC50,=,1.1,nM,CHEMBL679797,B,Inhibition of Endothelin A receptor mediated (ET-1) release of arachidonic acid from rabbit renal artery vascular smooth muscle cells,CHEMBL1129982,P25101,Endothelin receptor ET-A,IC50,COc1ccc(C2(O)OC(=O)C(c3ccc4c(c3)OCO4)=C2Cc2cc(OC)c(OC)c(OC)c2)cc1,8.958607314841775
CHEMBL10854,CHEMBL252,Endothelin receptor ET-A,IC50,=,0.9,nM,CHEMBL682105,B,Binding affinity against human cloned endothelin A receptor expressed in LTK-cells,CHEMBL1129982,P25101,Endothelin receptor ET-A,IC50,COc1ccc(C2(O)OC(=O)C(c3cc(OC)c4c(c3)OCO4)=C2Cc2cc(OC)c(OC)c(OC)c2)cc1C,9.045757490560675
CHEMBL10847,CHEMBL252,Endothelin receptor ET-A,IC50,=,0.78,nM,CHEMBL679797,B,Inhibition of Endothelin A receptor mediated (ET-1) release of arachidonic acid from rabbit renal artery vascular smooth muscle cells,CHEMBL1129982,P25101,Endothelin receptor ET-A,IC50,COc1ccc(C(=O)/C(Cc2ccc(OC)c(OC)c2OC)=C(\C(=O)[O-])c2cc(OC)c3c(c2)OCO3)cc1C.[Na+],9.10790539730952
CHEMBL10644,CHEMBL252,Endothelin receptor ET-A,IC50,=,30.0,nM,CHEMBL682105,B,Binding affinity against human cloned endothelin A receptor expressed in LTK-cells,CHEMBL1129982,P25101,Endothelin receptor ET-A,IC50,COc1ccc(C2OC(=O)C(c3ccc4c(c3)OCO4)=C2Cc2cc(OC)c(OC)c(OC)c2)cc1,7.522878745280337
CHEMBL352657,CHEMBL252,Endothelin receptor ET-A,IC50,=,129.0,nM,CHEMBL681511,B,Inhibition of I-ET-1 binding to human Endothelin A receptor,CHEMBL1130366,P25101,Endothelin receptor ET-A,IC50,Cc1noc(NS(=O)(=O)c2ccsc2COc2cc3c(cc2Cl)OCO3)c1Br,6.889410289700751
CHEMBL11064,CHEMBL252,Endothelin receptor ET-A,IC50,=,1150.0,nM,CHEMBL682105,B,Binding affinity against human cloned endothelin A receptor expressed in LTK-cells,CHEMBL1129982,P25101,Endothelin receptor ET-A,IC50,CC(C)Oc1ccc(C2(O)OC(=O)C(c3ccc4c(c3)OCO4)=C2Cc2ccccc2)cc1,5.939302159646388
CHEMBL10846,CHEMBL252,Endothelin receptor ET-A,IC50,=,11.0,nM,CHEMBL682105,B,Binding affinity against human cloned endothelin A receptor expressed in LTK-cells,CHEMBL1129982,P25101,Endothelin receptor ET-A,IC50,COc1ccc(C2(O)OC(=O)C(c3ccc4c(c3)OCO4)=C2Cc2ccccc2)cc1OC,7.958607314841775
CHEMBL274175,CHEMBL252,Endothelin receptor ET-A,IC50,=,12.0,nM,CHEMBL682105,B,Binding affinity against human cloned endothelin A receptor expressed in LTK-cells,CHEMBL1129982,P25101,Endothelin receptor ET-A,IC50,COc1ccc(C2(O)OC(=O)C(c3ccc4c(c3)OCO4)=C2Cc2ccc(OC)c(OC)c2OC)cc1,7.920818753952375
CHEMBL10808,CHEMBL252,Endothelin receptor ET-A,IC50,=,300.0,nM,CHEMBL682105,B,Binding affinity against human cloned endothelin A receptor expressed in LTK-cells,CHEMBL1129982,P25101,Endothelin receptor ET-A,IC50,COc1ccc(C2(O)OC(=O)C(c3ccc(OC)cc3OC)=C2Cc2ccccc2)cc1,6.522878745280337
CHEMBL367776,CHEMBL252,Endothelin receptor ET-A,IC50,=,308.0,nM,CHEMBL681511,B,Inhibition of I-ET-1 binding to human Endothelin A receptor,CHEMBL1130366,P25101,Endothelin receptor ET-A,IC50,Cc1ccc(OCc2sccc2S(=O)(=O)Nc2onc(C)c2Br)c(C)c1,6.511449283499555
CHEMBL274805,CHEMBL252,Endothelin receptor ET-A,IC50,=,630.0,nM,CHEMBL682105,B,Binding affinity against human cloned endothelin A receptor expressed in LTK-cells,CHEMBL1129982,P25101,Endothelin receptor ET-A,IC50,CCc1ccc(C2(O)OC(=O)C(c3ccc4c(c3)OCO4)=C2Cc2ccccc2)cc1,6.200659450546418
CHEMBL417428,CHEMBL252,Endothelin receptor ET-A,IC50,=,11.0,nM,CHEMBL682105,B,Binding affinity against human cloned endothelin A receptor expressed in LTK-cells,CHEMBL1129982,P25101,Endothelin receptor ET-A,IC50,COC(=O)c1ccc(CC2=C(c3ccc4c(c3)OCO4)C(=O)OC2(O)c2ccc(OC)cc2)cc1,7.958607314841775
CHEMBL273660,CHEMBL252,Endothelin receptor ET-A,IC50,=,10.0,nM,CHEMBL679797,B,Inhibition of Endothelin A receptor mediated (ET-1) release of arachidonic acid from rabbit renal artery vascular smooth muscle cells,CHEMBL1129982,P25101,Endothelin receptor ET-A,IC50,COc1ccc(C(=O)/C(Cc2ccccc2)=C(\C(=O)[O-])c2cc(OC)c3c(c2)OCO3)cc1.[Na+],8.0
CHEMBL274857,CHEMBL252,Endothelin receptor ET-A,IC50,=,500.0,nM,CHEMBL682105,B,Binding affinity against human cloned endothelin A receptor expressed in LTK-cells,CHEMBL1129982,P25101,Endothelin receptor ET-A,IC50,COc1cccc(C2(O)OC(=O)C(c3ccc4c(c3)OCO4)=C2Cc2ccccc2)c1,6.301029995663981
CHEMBL10940,CHEMBL252,Endothelin receptor ET-A,IC50,=,800.0,nM,CHEMBL682105,B,Binding affinity against human cloned endothelin A receptor expressed in LTK-cells,CHEMBL1129982,P25101,Endothelin receptor ET-A,IC50,COc1ccc(C2(O)OC(=O)C(c3ccc4c(c3)OCO4)=C2Cc2ccc([N+](=O)[O-])cc2)cc1,6.096910013008056
CHEMBL10862,CHEMBL252,Endothelin receptor ET-A,IC50,=,0.34,nM,CHEMBL679797,B,Inhibition of Endothelin A receptor mediated (ET-1) release of arachidonic acid from rabbit renal artery vascular smooth muscle cells,CHEMBL1129982,P25101,Endothelin receptor ET-A,IC50,COc1ccc(C(=O)/C(Cc2ccc(OC)c(OC)c2OC)=C(\C(=O)[O-])c2cc(OC)c3c(c2)OCO3)cc1.[Na+],9.468521082957745
CHEMBL10374,CHEMBL252,Endothelin receptor ET-A,IC50,=,51.0,nM,CHEMBL682105,B,Binding affinity against human cloned endothelin A receptor expressed in LTK-cells,CHEMBL1129982,P25101,Endothelin receptor ET-A,IC50,COc1ccc(C2(O)OC(=O)C(c3ccc4c(c3)OCO4)=C2Cc2ccc(C)cc2)cc1,7.292429823902063
CHEMBL276252,CHEMBL252,Endothelin receptor ET-A,IC50,=,11.0,nM,CHEMBL682105,B,Binding affinity against human cloned endothelin A receptor expressed in LTK-cells,CHEMBL1129982,P25101,Endothelin receptor ET-A,IC50,COc1ccc(C2(O)OC(=O)C(c3ccc4c(c3)OCO4)=C2Cc2cccc(OC)c2OC)cc1,7.958607314841775
CHEMBL268754,CHEMBL252,Endothelin receptor ET-A,IC50,=,46.0,nM,CHEMBL682105,B,Binding affinity against human cloned endothelin A receptor expressed in LTK-cells,CHEMBL1129982,P25101,Endothelin receptor ET-A,IC50,COc1ccc(C2(O)OC(=O)C(c3cc(OC)cc(OC)c3)=C2Cc2ccccc2)cc1,7.337242168318426
CHEMBL11131,CHEMBL252,Endothelin receptor ET-A,IC50,=,600.0,nM,CHEMBL682105,B,Binding affinity against human cloned endothelin A receptor expressed in LTK-cells,CHEMBL1129982,P25101,Endothelin receptor ET-A,IC50,O=C1OC(O)(c2ccccc2)C(Cc2ccccc2)=C1c1ccc2c(c1)OCO2,6.221848749616356
CHEMBL273642,CHEMBL252,Endothelin receptor ET-A,IC50,=,51703.0,nM,CHEMBL677304,B,Binding ability determined by the displacement of [125I]ET1 from the human endothelin A receptor,CHEMBL1132108,P25101,Endothelin receptor ET-A,IC50,Cc1ccccc1C(NC(=O)CN1C[C@H](c2ccc3c(c2)OCO3)[C@@H](C(=O)O)[C@@H]1c1ccc(OCCOC(C)C)cc1)c1ccccc1C.O=C(O)C(F)(F)F,4.286484256796852
CHEMBL330895,CHEMBL252,Endothelin receptor ET-A,IC50,=,2.5,nM,CHEMBL677304,B,Binding ability determined by the displacement of [125I]ET1 from the human endothelin A receptor,CHEMBL1132108,P25101,Endothelin receptor ET-A,IC50,CCC(CC)C(NC(=O)CN1C[C@H](c2ccc3c(c2)OCO3)[C@@H](C(=O)O)[C@@H]1c1ccc(OC)cc1)c1ccccc1.O=C(O)C(F)(F)F,8.602059991327963
CHEMBL123316,CHEMBL252,Endothelin receptor ET-A,IC50,=,8.8,nM,CHEMBL677304,B,Binding ability determined by the displacement of [125I]ET1 from the human endothelin A receptor,CHEMBL1132108,P25101,Endothelin receptor ET-A,IC50,COc1ccc([C@H]2[C@H](C(=O)O)[C@@H](c3ccc4c(c3)OCO4)CN2CC(=O)NC(c2ccccc2)C(C)(C)C)cc1.O=C(O)C(F)(F)F,8.05551732784983
CHEMBL123206,CHEMBL252,Endothelin receptor ET-A,IC50,=,14270.0,nM,CHEMBL677304,B,Binding ability determined by the displacement of [125I]ET1 from the human endothelin A receptor,CHEMBL1132108,P25101,Endothelin receptor ET-A,IC50,CCc1ccccc1C(NC(=O)CN1C[C@H](c2ccc3c(c2)OCO3)[C@@H](C(=O)O)[C@@H]1c1ccc(OCCOC(C)C)cc1)c1ccccc1C.O=C(O)C(F)(F)F,4.845576026885353
CHEMBL9194,CHEMBL252,Endothelin receptor ET-A,IC50,=,0.034,nM,CHEMBL677304,B,Binding ability determined by the displacement of [125I]ET1 from the human endothelin A receptor,CHEMBL1132108,P25101,Endothelin receptor ET-A,IC50,CCCCN(CCCC)C(=O)CN1C[C@H](c2ccc3c(c2)OCO3)[C@@H](C(=O)O)[C@@H]1c1ccc(OC)cc1,10.468521082957745
CHEMBL123654,CHEMBL252,Endothelin receptor ET-A,IC50,=,27014.0,nM,CHEMBL677304,B,Binding ability determined by the displacement of [125I]ET1 from the human endothelin A receptor,CHEMBL1132108,P25101,Endothelin receptor ET-A,IC50,COCCOc1ccc([C@H]2[C@H](C(=O)O)[C@@H](c3ccc4c(c3)OCO4)CN2CC(=O)NC(c2ccccc2C)c2ccccc2C)cc1.O=C(O)C(F)(F)F,4.568411104472005
CHEMBL332808,CHEMBL252,Endothelin receptor ET-A,IC50,=,199.0,nM,CHEMBL677304,B,Binding ability determined by the displacement of [125I]ET1 from the human endothelin A receptor,CHEMBL1132108,P25101,Endothelin receptor ET-A,IC50,COc1ccc([C@H]2[C@H](C(=O)O)[C@@H](c3ccc4c(c3)OCO4)CN2CC(=O)NCC(c2ccccc2)c2ccccc2)cc1.O=C(O)C(F)(F)F,6.701146923590294
CHEMBL434986,CHEMBL252,Endothelin receptor ET-A,IC50,=,432.0,nM,CHEMBL677304,B,Binding ability determined by the displacement of [125I]ET1 from the human endothelin A receptor,CHEMBL1132108,P25101,Endothelin receptor ET-A,IC50,COc1ccc([C@H]2[C@H](C(=O)O)[C@@H](c3ccc4c(c3)OCO4)CN2CC(=O)NC(c2ccccc2)(c2ccccc2)c2ccccc2)cc1.O=C(O)C(F)(F)F,6.364516253185088
CHEMBL333034,CHEMBL252,Endothelin receptor ET-A,IC50,=,13.6,nM,CHEMBL677304,B,Binding ability determined by the displacement of [125I]ET1 from the human endothelin A receptor,CHEMBL1132108,P25101,Endothelin receptor ET-A,IC50,COc1ccc([C@H]2[C@H](C(=O)O)[C@@H](c3ccc4c(c3)OCO4)CN2CC(=O)NC(CC(C)C)c2ccccc2)cc1.O=C(O)C(F)(F)F,7.866461091629782
CHEMBL332289,CHEMBL252,Endothelin receptor ET-A,IC50,=,322.0,nM,CHEMBL677304,B,Binding ability determined by the displacement of [125I]ET1 from the human endothelin A receptor,CHEMBL1132108,P25101,Endothelin receptor ET-A,IC50,CC(C)OCCOc1ccc([C@H]2[C@H](C(=O)O)[C@@H](c3ccc4c(c3)OCO4)CN2CC(=O)NC(c2ccccc2)C(C)(C)C)cc1.O=C(O)C(F)(F)F,6.492144128304169
CHEMBL121761,CHEMBL252,Endothelin receptor ET-A,IC50,=,5.5,nM,CHEMBL677304,B,Binding ability determined by the displacement of [125I]ET1 from the human endothelin A receptor,CHEMBL1132108,P25101,Endothelin receptor ET-A,IC50,COc1ccc([C@H]2[C@H](C(=O)O)[C@@H](c3ccc4c(c3)OCO4)CN2CC(=O)NC(C)c2ccccc2)cc1.O=C(O)C(F)(F)F,8.259637310505756
CHEMBL122673,CHEMBL252,Endothelin receptor ET-A,IC50,=,100.0,nM,CHEMBL677304,B,Binding ability determined by the displacement of [125I]ET1 from the human endothelin A receptor,CHEMBL1132108,P25101,Endothelin receptor ET-A,IC50,CCc1ccccc1C(NC(=O)CN1C[C@H](c2ccc3c(c2)OCO3)[C@@H](C(=O)O)[C@@H]1c1ccc(OC)cc1)c1ccccc1CC.O=C(O)C(F)(F)F,7.0
CHEMBL122614,CHEMBL252,Endothelin receptor ET-A,IC50,=,3.9,nM,CHEMBL677304,B,Binding ability determined by the displacement of [125I]ET1 from the human endothelin A receptor,CHEMBL1132108,P25101,Endothelin receptor ET-A,IC50,COc1ccc([C@H]2[C@H](C(=O)O)[C@@H](c3ccc4c(c3)OCO4)CN2CC(=O)NC(Cc2ccccc2)c2ccccc2)cc1.O=C(O)C(F)(F)F,8.4089353929735
CHEMBL331548,CHEMBL252,Endothelin receptor ET-A,IC50,=,122.0,nM,CHEMBL677304,B,Binding ability determined by the displacement of [125I]ET1 from the human endothelin A receptor,CHEMBL1132108,P25101,Endothelin receptor ET-A,IC50,COc1ccc([C@H]2[C@H](C(=O)O)[C@@H](c3ccc4c(c3)OCO4)CN2CC(=O)NC(c2ccccc2)c2cc(C)ccc2C)cc1.O=C(O)C(F)(F)F,6.913640169325252
CHEMBL123146,CHEMBL252,Endothelin receptor ET-A,IC50,=,16.0,nM,CHEMBL677304,B,Binding ability determined by the displacement of [125I]ET1 from the human endothelin A receptor,CHEMBL1132108,P25101,Endothelin receptor ET-A,IC50,COc1ccc([C@H]2[C@H](C(=O)O)[C@@H](c3ccc4c(c3)OCO4)CN2CC(=O)NC(C)c2ccccc2C)cc1.O=C(O)C(F)(F)F,7.795880017344075
CHEMBL332144,CHEMBL252,Endothelin receptor ET-A,IC50,=,1228.0,nM,CHEMBL677304,B,Binding ability determined by the displacement of [125I]ET1 from the human endothelin A receptor,CHEMBL1132108,P25101,Endothelin receptor ET-A,IC50,COc1ccc([C@H]2[C@H](C(=O)O)[C@@H](c3ccc4c(c3)OCO4)CN2CC(=O)NC2c3ccccc3-c3ccccc32)cc1.O=C(O)C(F)(F)F,5.9108016331948505
CHEMBL332424,CHEMBL252,Endothelin receptor ET-A,IC50,=,749.0,nM,CHEMBL677304,B,Binding ability determined by the displacement of [125I]ET1 from the human endothelin A receptor,CHEMBL1132108,P25101,Endothelin receptor ET-A,IC50,CCc1ccccc1C(NC(=O)CN1C[C@H](c2ccc3c(c2)OCO3)[C@@H](C(=O)O)[C@@H]1c1ccc(OC)cc1)c1ccccc1C.O=C(O)C(F)(F)F,6.125518182300533
CHEMBL273642,CHEMBL252,Endothelin receptor ET-A,IC50,=,77360.0,nM,CHEMBL677304,B,Binding ability determined by the displacement of [125I]ET1 from the human endothelin A receptor,CHEMBL1132108,P25101,Endothelin receptor ET-A,IC50,Cc1ccccc1C(NC(=O)CN1C[C@H](c2ccc3c(c2)OCO3)[C@@H](C(=O)O)[C@@H]1c1ccc(OCCOC(C)C)cc1)c1ccccc1C.O=C(O)C(F)(F)F,4.111483538925055
CHEMBL121647,CHEMBL252,Endothelin receptor ET-A,IC50,=,0.7,nM,CHEMBL677304,B,Binding ability determined by the displacement of [125I]ET1 from the human endothelin A receptor,CHEMBL1132108,P25101,Endothelin receptor ET-A,IC50,COc1ccc([C@H]2[C@H](C(=O)O)[C@@H](c3ccc4c(c3)OCO4)CN2CC(=O)NC(c2ccccc2)C(C)C)cc1.O=C(O)C(F)(F)F,9.154901959985743
CHEMBL123994,CHEMBL252,Endothelin receptor ET-A,IC50,=,45.9,nM,CHEMBL677304,B,Binding ability determined by the displacement of [125I]ET1 from the human endothelin A receptor,CHEMBL1132108,P25101,Endothelin receptor ET-A,IC50,COc1ccc([C@H]2[C@H](C(=O)O)[C@@H](c3ccc4c(c3)OCO4)CN2CC(=O)NC(c2ccccc2)c2ccccc2)cc1.O=C(O)C(F)(F)F,7.338187314462739
CHEMBL123408,CHEMBL252,Endothelin receptor ET-A,IC50,=,488.0,nM,CHEMBL677304,B,Binding ability determined by the displacement of [125I]ET1 from the human endothelin A receptor,CHEMBL1132108,P25101,Endothelin receptor ET-A,IC50,COCCOc1ccc([C@H]2[C@H](C(=O)O)[C@@H](c3ccc4c(c3)OCO4)CN2CC(=O)NC(c2ccccc2)C(C)(C)C)cc1.O=C(O)C(F)(F)F,6.311580177997289
CHEMBL432227,CHEMBL252,Endothelin receptor ET-A,IC50,=,63.5,nM,CHEMBL677304,B,Binding ability determined by the displacement of [125I]ET1 from the human endothelin A receptor,CHEMBL1132108,P25101,Endothelin receptor ET-A,IC50,COc1ccc([C@H]2[C@H](C(=O)O)[C@@H](c3ccc4c(c3)OCO4)CN2CC(=O)NC(c2ccccc2)c2ccccc2C)cc1.O=C(O)C(F)(F)F,7.197226274708024
CHEMBL123654,CHEMBL252,Endothelin receptor ET-A,IC50,=,20560.0,nM,CHEMBL677304,B,Binding ability determined by the displacement of [125I]ET1 from the human endothelin A receptor,CHEMBL1132108,P25101,Endothelin receptor ET-A,IC50,COCCOc1ccc([C@H]2[C@H](C(=O)O)[C@@H](c3ccc4c(c3)OCO4)CN2CC(=O)NC(c2ccccc2C)c2ccccc2C)cc1.O=C(O)C(F)(F)F,4.686976889676762
CHEMBL331936,CHEMBL252,Endothelin receptor ET-A,IC50,=,3.7,nM,CHEMBL677304,B,Binding ability determined by the displacement of [125I]ET1 from the human endothelin A receptor,CHEMBL1132108,P25101,Endothelin receptor ET-A,IC50,CCCC(NC(=O)CN1C[C@H](c2ccc3c(c2)OCO3)[C@@H](C(=O)O)[C@@H]1c1ccc(OC)cc1)c1ccccc1.O=C(O)C(F)(F)F,8.431798275933005
CHEMBL122933,CHEMBL252,Endothelin receptor ET-A,IC50,=,131.0,nM,CHEMBL677304,B,Binding ability determined by the displacement of [125I]ET1 from the human endothelin A receptor,CHEMBL1132108,P25101,Endothelin receptor ET-A,IC50,COc1ccc([C@H]2[C@H](C(=O)O)[C@@H](c3ccc4c(c3)OCO4)CN2CC(=O)NC(CC(C)(C)C)c2ccccc2)cc1.O=C(O)C(F)(F)F,6.882728704344236
CHEMBL123107,CHEMBL252,Endothelin receptor ET-A,IC50,=,1.0,nM,CHEMBL677304,B,Binding ability determined by the displacement of [125I]ET1 from the human endothelin A receptor,CHEMBL1132108,P25101,Endothelin receptor ET-A,IC50,CCC(NC(=O)CN1C[C@H](c2ccc3c(c2)OCO3)[C@@H](C(=O)O)[C@@H]1c1ccc(OC)cc1)c1ccccc1.O=C(O)C(F)(F)F,9.0
CHEMBL332109,CHEMBL252,Endothelin receptor ET-A,IC50,=,161.0,nM,CHEMBL677304,B,Binding ability determined by the displacement of [125I]ET1 from the human endothelin A receptor,CHEMBL1132108,P25101,Endothelin receptor ET-A,IC50,COc1ccc([C@H]2[C@H](C(=O)O)[C@@H](c3ccc4c(c3)OCO4)CN2CC(=O)NC(c2ccccc2C)c2ccccc2C)cc1.O=C(O)C(F)(F)F,6.79317412396815
CHEMBL334076,CHEMBL252,Endothelin receptor ET-A,IC50,=,1.6,nM,CHEMBL677304,B,Binding ability determined by the displacement of [125I]ET1 from the human endothelin A receptor,CHEMBL1132108,P25101,Endothelin receptor ET-A,IC50,CCCCC(NC(=O)CN1C[C@H](c2ccc3c(c2)OCO3)[C@@H](C(=O)O)[C@@H]1c1ccc(OC)cc1)c1ccccc1.O=C(O)C(F)(F)F,8.795880017344075
CHEMBL273410,CHEMBL252,Endothelin receptor ET-A,IC50,=,2400.0,nM,CHEMBL682367,B,Inhibitory concentration to the endothelin A receptor expressed in LtK cells,CHEMBL1129233,P25101,Endothelin receptor ET-A,IC50,COc1ccc(-c2c(C(=O)O)n(-c3ccc4c(c3)OCO4)c3ccc(OCc4ccccc4)cc23)cc1,5.619788758288394
CHEMBL10523,CHEMBL252,Endothelin receptor ET-A,IC50,=,350.0,nM,CHEMBL682367,B,Inhibitory concentration to the endothelin A receptor expressed in LtK cells,CHEMBL1129233,P25101,Endothelin receptor ET-A,IC50,COc1ccc2c(c1)c(-c1ccc3c(c1)OCO3)c(C(=O)O)n2Cc1ccc2c(c1)OCO2,6.455931955649724
CHEMBL10388,CHEMBL252,Endothelin receptor ET-A,IC50,=,5500.0,nM,CHEMBL682367,B,Inhibitory concentration to the endothelin A receptor expressed in LtK cells,CHEMBL1129233,P25101,Endothelin receptor ET-A,IC50,COc1cccc(-c2c(C(=O)O)n(-c3ccc4c(c3)OCO4)c3ccc(OC)cc23)c1,5.259637310505756
CHEMBL10302,CHEMBL252,Endothelin receptor ET-A,IC50,=,43.0,nM,CHEMBL682367,B,Inhibitory concentration to the endothelin A receptor expressed in LtK cells,CHEMBL1129233,P25101,Endothelin receptor ET-A,IC50,CCCOc1ccc2c(c1)c(-c1ccc3c(c1)OCO3)c(C(=O)O)n2-c1ccc2c(c1)OCO2,7.366531544420413
CHEMBL10211,CHEMBL252,Endothelin receptor ET-A,IC50,=,4100.0,nM,CHEMBL682367,B,Inhibitory concentration to the endothelin A receptor expressed in LtK cells,CHEMBL1129233,P25101,Endothelin receptor ET-A,IC50,O=C(O)c1c(-c2ccc3c(c2)OCO3)c2ccccc2n1-c1ccc2c(c1)OCO2,5.3872161432802645
CHEMBL10699,CHEMBL252,Endothelin receptor ET-A,IC50,=,260.0,nM,CHEMBL682367,B,Inhibitory concentration to the endothelin A receptor expressed in LtK cells,CHEMBL1129233,P25101,Endothelin receptor ET-A,IC50,COc1ccc2c(c1)c(-c1ccc3c(c1)OCO3)c(C(=O)O)n2-c1ccc2c(c1)OCO2,6.585026652029182
CHEMBL10019,CHEMBL252,Endothelin receptor ET-A,IC50,=,60.0,nM,CHEMBL682367,B,Inhibitory concentration to the endothelin A receptor expressed in LtK cells,CHEMBL1129233,P25101,Endothelin receptor ET-A,IC50,COc1ccc(-c2c(C(=O)O)n(Cc3ccc4c(c3)OCO4)c3cc(OC)c(OC)cc23)cc1OC,7.221848749616356
CHEMBL276638,CHEMBL252,Endothelin receptor ET-A,IC50,=,60.0,nM,CHEMBL682367,B,Inhibitory concentration to the endothelin A receptor expressed in LtK cells,CHEMBL1129233,P25101,Endothelin receptor ET-A,IC50,COc1cc2c(-c3ccc4c(c3)OCO4)c(C(=O)O)n(Cc3ccc4c(c3)OCO4)c2cc1OC,7.221848749616356
CHEMBL273488,CHEMBL252,Endothelin receptor ET-A,IC50,=,10000.0,nM,CHEMBL682367,B,Inhibitory concentration to the endothelin A receptor expressed in LtK cells,CHEMBL1129233,P25101,Endothelin receptor ET-A,IC50,O=C(O)c1c(-c2ccc3c(c2)OCO3)c2cc(Cl)ccc2n1-c1ccccc1,5.0
CHEMBL273258,CHEMBL252,Endothelin receptor ET-A,IC50,=,12000.0,nM,CHEMBL682367,B,Inhibitory concentration to the endothelin A receptor expressed in LtK cells,CHEMBL1129233,P25101,Endothelin receptor ET-A,IC50,COc1ccc2c(c1)c(-c1ccc3c(c1)OCO3)c(C(=O)O)n2-c1ccccc1,4.920818753952375
CHEMBL10016,CHEMBL252,Endothelin receptor ET-A,IC50,=,30.0,nM,CHEMBL682367,B,Inhibitory concentration to the endothelin A receptor expressed in LtK cells,CHEMBL1129233,P25101,Endothelin receptor ET-A,IC50,COc1cc2c(-c3ccc4c(c3)OCO4)c(C(=O)O)n(Cc3ccc4c(c3)OCO4)c2cc1OCc1ccccc1,7.522878745280337
CHEMBL10218,CHEMBL252,Endothelin receptor ET-A,IC50,=,130.0,nM,CHEMBL682367,B,Inhibitory concentration to the endothelin A receptor expressed in LtK cells,CHEMBL1129233,P25101,Endothelin receptor ET-A,IC50,CCCOc1ccc2c(c1)c(-c1ccc3c(c1)OCO3)c(C(=O)O)n2Cc1ccc2c(c1)OCO2,6.886056647693163
CHEMBL10151,CHEMBL252,Endothelin receptor ET-A,IC50,=,2300.0,nM,CHEMBL682367,B,Inhibitory concentration to the endothelin A receptor expressed in LtK cells,CHEMBL1129233,P25101,Endothelin receptor ET-A,IC50,COc1ccc(-n2c(C(=O)O)c(-c3ccc4c(c3)OCO4)c3ccccc32)cc1,5.638272163982407
CHEMBL10136,CHEMBL252,Endothelin receptor ET-A,IC50,=,1300.0,nM,CHEMBL682367,B,Inhibitory concentration to the endothelin A receptor expressed in LtK cells,CHEMBL1129233,P25101,Endothelin receptor ET-A,IC50,O=C(O)c1c(-c2ccc3c(c2)OCO3)c2cc(OCc3ccccc3)ccc2n1-c1ccc2c(c1)OCO2,5.886056647693163
CHEMBL10143,CHEMBL252,Endothelin receptor ET-A,IC50,=,6000.0,nM,CHEMBL679789,B,Compound was evaluated for binding affinity against rabbit Endothelin A receptor,CHEMBL1129233,P25101,Endothelin receptor ET-A,IC50,CC(C)Oc1c(C(=O)O)sc2ccc(OCc3ccccc3)cc12,5.221848749616356
CHEMBL10143,CHEMBL252,Endothelin receptor ET-A,IC50,=,8800.0,nM,CHEMBL677303,B,Compound was evaluated for binding affinity against human Endothelin A receptor,CHEMBL1129233,P25101,Endothelin receptor ET-A,IC50,CC(C)Oc1c(C(=O)O)sc2ccc(OCc3ccccc3)cc12,5.055517327849831
CHEMBL10218,CHEMBL252,Endothelin receptor ET-A,IC50,=,80.0,nM,CHEMBL682367,B,Inhibitory concentration to the endothelin A receptor expressed in LtK cells,CHEMBL1129233,P25101,Endothelin receptor ET-A,IC50,CCCOc1ccc2c(c1)c(-c1ccc3c(c1)OCO3)c(C(=O)O)n2Cc1ccc2c(c1)OCO2,7.096910013008056
CHEMBL10092,CHEMBL252,Endothelin receptor ET-A,IC50,=,2700.0,nM,CHEMBL682367,B,Inhibitory concentration to the endothelin A receptor expressed in LtK cells,CHEMBL1129233,P25101,Endothelin receptor ET-A,IC50,COc1ccc(Cn2c(C(=O)O)c(-c3ccc4c(c3)OCO4)c3cc(OCc4ccccc4)ccc32)cc1,5.568636235841012
CHEMBL276615,CHEMBL252,Endothelin receptor ET-A,IC50,=,7400.0,nM,CHEMBL682367,B,Inhibitory concentration to the endothelin A receptor expressed in LtK cells,CHEMBL1129233,P25101,Endothelin receptor ET-A,IC50,COc1ccc2c(-c3ccc4c(c3)OCO4)c(C(=O)O)n(-c3ccccc3)c2c1,5.130768280269024
CHEMBL10457,CHEMBL252,Endothelin receptor ET-A,IC50,=,1500.0,nM,CHEMBL682367,B,Inhibitory concentration to the endothelin A receptor expressed in LtK cells,CHEMBL1129233,P25101,Endothelin receptor ET-A,IC50,COc1ccc2c(c1)c(-c1ccc(OC)c(OC)c1)c(C(=O)O)n2-c1ccc2c(c1)OCO2,5.823908740944319
CHEMBL417246,CHEMBL252,Endothelin receptor ET-A,IC50,=,800.0,nM,CHEMBL682367,B,Inhibitory concentration to the endothelin A receptor expressed in LtK cells,CHEMBL1129233,P25101,Endothelin receptor ET-A,IC50,O=C(O)c1c(-c2ccc3c(c2)OCO3)c2cc(OCc3ccccc3)ccc2n1Cc1ccc2c(c1)OCO2,6.096910013008056
CHEMBL416518,CHEMBL252,Endothelin receptor ET-A,IC50,=,1500.0,nM,CHEMBL682367,B,Inhibitory concentration to the endothelin A receptor expressed in LtK cells,CHEMBL1129233,P25101,Endothelin receptor ET-A,IC50,O=C(O)c1c(-c2ccc3c(c2)OCO3)c2ccccc2n1Cc1ccc2c(c1)OCO2,5.823908740944319
CHEMBL274370,CHEMBL252,Endothelin receptor ET-A,IC50,=,1100.0,nM,CHEMBL682367,B,Inhibitory concentration to the endothelin A receptor expressed in LtK cells,CHEMBL1129233,P25101,Endothelin receptor ET-A,IC50,COc1ccc(-c2c(C(=O)O)n(-c3ccc4c(c3)OCO4)c3ccc(OC)cc23)cc1,5.958607314841775
CHEMBL9588,CHEMBL252,Endothelin receptor ET-A,IC50,=,3500.0,nM,CHEMBL682367,B,Inhibitory concentration to the endothelin A receptor expressed in LtK cells,CHEMBL1129233,P25101,Endothelin receptor ET-A,IC50,COc1ccc(-n2c(C(=O)O)c(-c3ccc4c(c3)OCO4)c3cc(OC)ccc32)cc1,5.455931955649724
CHEMBL10750,CHEMBL252,Endothelin receptor ET-A,IC50,=,11000.0,nM,CHEMBL682367,B,Inhibitory concentration to the endothelin A receptor expressed in LtK cells,CHEMBL1129233,P25101,Endothelin receptor ET-A,IC50,O=C(O)c1c(-c2ccc3c(c2)OCO3)c2ccccc2n1Cc1ccccc1,4.958607314841775
CHEMBL273529,CHEMBL252,Endothelin receptor ET-A,IC50,=,240.0,nM,CHEMBL682367,B,Inhibitory concentration to the endothelin A receptor expressed in LtK cells,CHEMBL1129233,P25101,Endothelin receptor ET-A,IC50,O=C(O)c1c(-c2ccc3c(c2)OCO3)c2cc3c(cc2n1Cc1ccc2c(c1)OCO2)OCO3,6.619788758288394
CHEMBL274368,CHEMBL252,Endothelin receptor ET-A,IC50,=,80.0,nM,CHEMBL682367,B,Inhibitory concentration to the endothelin A receptor expressed in LtK cells,CHEMBL1129233,P25101,Endothelin receptor ET-A,IC50,COc1cc2c(-c3ccc4c(c3)OCO4)c(C(=O)O)n(-c3ccc4c(c3)OCO4)c2cc1OC,7.096910013008056
CHEMBL268751,CHEMBL252,Endothelin receptor ET-A,IC50,=,47.0,nM,CHEMBL682367,B,Inhibitory concentration to the endothelin A receptor expressed in LtK cells,CHEMBL1129233,P25101,Endothelin receptor ET-A,IC50,CCCOc1ccc2c(-c3ccc4c(c3)OCO4)c(C(=O)O)n(Cc3ccc4c(c3)OCO4)c2c1,7.327902142064282
CHEMBL173761,CHEMBL252,Endothelin receptor ET-A,IC50,=,44.0,nM,CHEMBL681515,B,Inhibitory of human Endothelin A receptor by using I-ET-1 as radioligand in a competitive radioligand assay,CHEMBL1129901,P25101,Endothelin receptor ET-A,IC50,Cc1cc(C)c(/C=C/c2sccc2S(=O)(=O)Nc2onc(C)c2Br)c(C)c1,7.356547323513812
CHEMBL367024,CHEMBL252,Endothelin receptor ET-A,IC50,=,62000.0,nM,CHEMBL681515,B,Inhibitory of human Endothelin A receptor by using I-ET-1 as radioligand in a competitive radioligand assay,CHEMBL1129901,P25101,Endothelin receptor ET-A,IC50,Cc1cc(C)c(OCc2sccc2S(=O)(=O)Nc2onc(C)c2Br)c(C)c1,4.2076083105017466
CHEMBL70487,CHEMBL252,Endothelin receptor ET-A,IC50,=,7.0,nM,CHEMBL682974,B,"Receptor binding affinity was determined against [125I]ET1 with recombinant human ETA receptor, expressed in baculovirus-infected Sf9 cells",CHEMBL1130517,P25101,Endothelin receptor ET-A,IC50,COc1ccccc1Oc1c(NS(=O)(=O)c2ccc(C(C)(C)C)cc2)nc(C2CC2)nc1OCCOC(=O)Nc1ccccn1,8.154901959985743
CHEMBL328942,CHEMBL252,Endothelin receptor ET-A,IC50,=,58.0,nM,CHEMBL679799,B,Inhibition of binding to Endothelin A receptor of rabbit renal vascular smooth muscle cells,CHEMBL1130387,P25101,Endothelin receptor ET-A,IC50,CC[C@H](C)[C@H](NC(=O)[C@H](CC(=O)O)NC(=O)[C@H](CC(C)C)NC(=O)[C@@H](NC(C)=O)C(c1ccccc1)c1ccccc1)C(=O)N[C@H](C(=O)N[C@@H](Cc1c[nH]c2ccccc12)C(=O)O)[C@@H](C)CC,7.236572006437063
CHEMBL128818,CHEMBL252,Endothelin receptor ET-A,IC50,=,0.18,nM,CHEMBL682102,B,Binding affinity against endothelin A receptor in MMQ cells in rat,CHEMBL1134271,P25101,Endothelin receptor ET-A,IC50,CCCCN(CCCC)C(=O)CN1C[C@H](c2ccc3c(c2)CCO3)[C@@H](C(=O)O)[C@@H]1c1ccc(C)c(F)c1,9.744727494896694
CHEMBL277595,CHEMBL252,Endothelin receptor ET-A,IC50,=,630.0,nM,CHEMBL681515,B,Inhibitory of human Endothelin A receptor by using I-ET-1 as radioligand in a competitive radioligand assay,CHEMBL1129901,P25101,Endothelin receptor ET-A,IC50,Cc1cc(C)c(NC(=O)c2sccc2S(=O)(=O)Nc2onc(C)c2Cl)c(C)c1,6.200659450546418
CHEMBL72473,CHEMBL252,Endothelin receptor ET-A,IC50,=,1500.0,nM,CHEMBL682974,B,"Receptor binding affinity was determined against [125I]ET1 with recombinant human ETA receptor, expressed in baculovirus-infected Sf9 cells",CHEMBL1130517,P25101,Endothelin receptor ET-A,IC50,COc1ccccc1Oc1c(NS(=O)(=O)c2ccc(C(C)(C)C)cc2)nc(C)nc1OCCO,5.823908740944319
CHEMBL1790519,CHEMBL252,Endothelin receptor ET-A,IC50,=,1.0,nM,CHEMBL679799,B,Inhibition of binding to Endothelin A receptor of rabbit renal vascular smooth muscle cells,CHEMBL1130387,P25101,Endothelin receptor ET-A,IC50,CC[C@@H](C)[C@H](C(=O)N[C@@H](Cc1c[nH]c2ccccc12)C(=O)O)N(C)C(=O)[C@@H](NC(=O)[C@@H](CC(=O)O)NC(=O)[C@H](CC(C)C)NC(=O)[C@H](NC(C)=O)C1c2ccccc2CCc2ccccc21)[C@@H](C)CC,9.0
CHEMBL262993,CHEMBL252,Endothelin receptor ET-A,IC50,=,4.0,nM,CHEMBL679799,B,Inhibition of binding to Endothelin A receptor of rabbit renal vascular smooth muscle cells,CHEMBL1130387,P25101,Endothelin receptor ET-A,IC50,CC[C@H](C)[C@H](NC(=O)[C@H](CC(=O)O)NC(=O)[C@H](CC(C)C)NC(=O)[C@@H](NC(C)=O)C1c2ccccc2CCc2ccccc21)C(=O)N[C@H](C(=O)N[C@@H](Cc1c[nH]c2ccccc12)C(=O)O)[C@@H](C)CC,8.397940008672037
CHEMBL176675,CHEMBL252,Endothelin receptor ET-A,IC50,=,73.0,nM,CHEMBL681515,B,Inhibitory of human Endothelin A receptor by using I-ET-1 as radioligand in a competitive radioligand assay,CHEMBL1129901,P25101,Endothelin receptor ET-A,IC50,Cc1noc(NS(=O)(=O)c2sccc2/C=C/c2cc3c(cc2COC2CCOCC2)OCO3)c1Br,7.136677139879544
CHEMBL435895,CHEMBL252,Endothelin receptor ET-A,IC50,=,1700.0,nM,CHEMBL682974,B,"Receptor binding affinity was determined against [125I]ET1 with recombinant human ETA receptor, expressed in baculovirus-infected Sf9 cells",CHEMBL1130517,P25101,Endothelin receptor ET-A,IC50,CNCC(=O)OCCOc1nc(C)nc(NS(=O)(=O)c2ccc(C(C)(C)C)cc2)c1Oc1ccccc1OC,5.769551078621726
CHEMBL176912,CHEMBL252,Endothelin receptor ET-A,IC50,=,936.0,nM,CHEMBL681512,B,Tested for its activity in cloned human Endothelin A receptor by using I-ET-1 as radioligand in a competitive radioligand assay,CHEMBL1129901,P25101,Endothelin receptor ET-A,IC50,Cc1ccc(/C=C/c2ccsc2S(=O)(=O)Nc2onc(C)c2Br)cc1,6.028724151261895
CHEMBL177070,CHEMBL252,Endothelin receptor ET-A,IC50,=,237.0,nM,CHEMBL681515,B,Inhibitory of human Endothelin A receptor by using I-ET-1 as radioligand in a competitive radioligand assay,CHEMBL1129901,P25101,Endothelin receptor ET-A,IC50,Cc1noc(NS(=O)(=O)c2sccc2CCc2ccc3c(c2)OCO3)c1Br,6.625251653989896
CHEMBL74118,CHEMBL252,Endothelin receptor ET-A,IC50,=,1100.0,nM,CHEMBL682974,B,"Receptor binding affinity was determined against [125I]ET1 with recombinant human ETA receptor, expressed in baculovirus-infected Sf9 cells",CHEMBL1130517,P25101,Endothelin receptor ET-A,IC50,COc1ccccc1Oc1c(NS(=O)(=O)c2ccc(C(C)(C)C)cc2)nc(C)nc1OCCOC(=O)c1ccoc1,5.958607314841775
CHEMBL70385,CHEMBL252,Endothelin receptor ET-A,IC50,=,0.2,nM,CHEMBL682974,B,"Receptor binding affinity was determined against [125I]ET1 with recombinant human ETA receptor, expressed in baculovirus-infected Sf9 cells",CHEMBL1130517,P25101,Endothelin receptor ET-A,IC50,COc1ccccc1Oc1c(NS(=O)(=O)c2ccc(C)cn2)nc(N2CCOCC2)nc1OCCOC(=O)Nc1ccccn1,9.698970004336019
CHEMBL338754,CHEMBL252,Endothelin receptor ET-A,IC50,=,0.76,nM,CHEMBL682102,B,Binding affinity against endothelin A receptor in MMQ cells in rat,CHEMBL1134271,P25101,Endothelin receptor ET-A,IC50,CCCCN(CCCC)C(=O)CN1C[C@H](c2ccc3c(c2)CCO3)[C@@H](C(=O)O)[C@@H]1c1ccc(CC)c(F)c1,9.119186407719209
CHEMBL173977,CHEMBL252,Endothelin receptor ET-A,IC50,=,58.0,nM,CHEMBL681515,B,Inhibitory of human Endothelin A receptor by using I-ET-1 as radioligand in a competitive radioligand assay,CHEMBL1129901,P25101,Endothelin receptor ET-A,IC50,Cc1cc(C)c(CCc2ccsc2S(=O)(=O)Nc2onc(C)c2Br)c(C)c1,7.236572006437063
CHEMBL71070,CHEMBL252,Endothelin receptor ET-A,IC50,=,7.0,nM,CHEMBL682974,B,"Receptor binding affinity was determined against [125I]ET1 with recombinant human ETA receptor, expressed in baculovirus-infected Sf9 cells",CHEMBL1130517,P25101,Endothelin receptor ET-A,IC50,COc1ccccc1Oc1c(NS(=O)(=O)c2ccc(C(C)(C)C)cc2)nc(C(C)C)nc1OCCOC(=O)Nc1ccccn1,8.154901959985743
CHEMBL174086,CHEMBL252,Endothelin receptor ET-A,IC50,=,106.0,nM,CHEMBL681515,B,Inhibitory of human Endothelin A receptor by using I-ET-1 as radioligand in a competitive radioligand assay,CHEMBL1129901,P25101,Endothelin receptor ET-A,IC50,Cc1ccc(CCc2sccc2S(=O)(=O)Nc2onc(C)c2Br)cc1,6.97469413473523
CHEMBL70895,CHEMBL252,Endothelin receptor ET-A,IC50,=,3.0,nM,CHEMBL682974,B,"Receptor binding affinity was determined against [125I]ET1 with recombinant human ETA receptor, expressed in baculovirus-infected Sf9 cells",CHEMBL1130517,P25101,Endothelin receptor ET-A,IC50,COc1ccccc1Oc1c(NS(=O)(=O)c2ccc(C(C)C)cn2)nc(C2CCNCC2)nc1OCCOC(=O)Nc1ccccn1,8.522878745280337
CHEMBL366364,CHEMBL252,Endothelin receptor ET-A,IC50,=,347.0,nM,CHEMBL681515,B,Inhibitory of human Endothelin A receptor by using I-ET-1 as radioligand in a competitive radioligand assay,CHEMBL1129901,P25101,Endothelin receptor ET-A,IC50,Cc1ccc(CCc2ccsc2S(=O)(=O)Nc2onc(C)c2Br)cc1,6.459670525209127
CHEMBL175045,CHEMBL252,Endothelin receptor ET-A,IC50,=,55.0,nM,CHEMBL681515,B,Inhibitory of human Endothelin A receptor by using I-ET-1 as radioligand in a competitive radioligand assay,CHEMBL1129901,P25101,Endothelin receptor ET-A,IC50,Cc1ccc(CCc2sccc2S(=O)(=O)Nc2onc(C)c2Br)c(C)c1,7.259637310505756
CHEMBL303649,CHEMBL252,Endothelin receptor ET-A,IC50,=,14.0,nM,CHEMBL682974,B,"Receptor binding affinity was determined against [125I]ET1 with recombinant human ETA receptor, expressed in baculovirus-infected Sf9 cells",CHEMBL1130517,P25101,Endothelin receptor ET-A,IC50,COc1ccccc1Oc1c(NS(=O)(=O)c2ccc(C(C)(C)C)cc2)nc(C(C)(C)C)nc1OCCOC(=O)Nc1ccccn1,7.853871964321762
CHEMBL128818,CHEMBL252,Endothelin receptor ET-A,IC50,=,0.16,nM,CHEMBL682102,B,Binding affinity against endothelin A receptor in MMQ cells in rat,CHEMBL1134271,P25101,Endothelin receptor ET-A,IC50,CCCCN(CCCC)C(=O)CN1C[C@H](c2ccc3c(c2)CCO3)[C@@H](C(=O)O)[C@@H]1c1ccc(C)c(F)c1,9.795880017344075
CHEMBL172248,CHEMBL252,Endothelin receptor ET-A,IC50,=,53.0,nM,CHEMBL681515,B,Inhibitory of human Endothelin A receptor by using I-ET-1 as radioligand in a competitive radioligand assay,CHEMBL1129901,P25101,Endothelin receptor ET-A,IC50,Cc1cc(C)c(/C=C/c2ccsc2S(=O)(=O)Nc2onc(C)c2Br)c(C)c1,7.275724130399211
CHEMBL72037,CHEMBL252,Endothelin receptor ET-A,IC50,=,0.3,nM,CHEMBL682974,B,"Receptor binding affinity was determined against [125I]ET1 with recombinant human ETA receptor, expressed in baculovirus-infected Sf9 cells",CHEMBL1130517,P25101,Endothelin receptor ET-A,IC50,COc1ccccc1Oc1c(NS(=O)(=O)c2ccc(C(C)C)cn2)nc(N2CCOCC2)nc1OCCOC(=O)Nc1ccccn1,9.522878745280337
CHEMBL72037,CHEMBL252,Endothelin receptor ET-A,IC50,=,0.7,nM,CHEMBL682973,B,"Receptor binding affinity was determined in a radioligand binding assay against [125I]ET1 with recombinant human ETA receptor, expressed in baculovirus-infected CHO cells",CHEMBL1130517,P25101,Endothelin receptor ET-A,IC50,COc1ccccc1Oc1c(NS(=O)(=O)c2ccc(C(C)C)cn2)nc(N2CCOCC2)nc1OCCOC(=O)Nc1ccccn1,9.154901959985743
CHEMBL176422,CHEMBL252,Endothelin receptor ET-A,IC50,=,231.0,nM,CHEMBL681515,B,Inhibitory of human Endothelin A receptor by using I-ET-1 as radioligand in a competitive radioligand assay,CHEMBL1129901,P25101,Endothelin receptor ET-A,IC50,Cc1ccc(/C=C/c2sccc2S(=O)(=O)Nc2onc(C)c2Br)cc1,6.636388020107855
CHEMBL70800,CHEMBL252,Endothelin receptor ET-A,IC50,=,6.0,nM,CHEMBL682974,B,"Receptor binding affinity was determined against [125I]ET1 with recombinant human ETA receptor, expressed in baculovirus-infected Sf9 cells",CHEMBL1130517,P25101,Endothelin receptor ET-A,IC50,COc1ccccc1Oc1c(NS(=O)(=O)c2ccc(C(C)(C)C)cc2)nc(C)nc1OCCOC(=O)Nc1ccccn1,8.221848749616356
CHEMBL1793924,CHEMBL252,Endothelin receptor ET-A,IC50,=,2700.0,nM,CHEMBL679799,B,Inhibition of binding to Endothelin A receptor of rabbit renal vascular smooth muscle cells,CHEMBL1130387,P25101,Endothelin receptor ET-A,IC50,CC[C@@H](C)[C@@H](NC(=O)[C@@H](NC(=O)[C@@H](N)Cc1c[nH]c2ccccc12)[C@@H](C)CC)C(=O)N[C@H](CC(=O)O)C(=O)N[C@@H](CC(C)C)C(=O)NCC(=O)[C@@H](NC(C)=O)C(c1ccccc1)c1ccccc1,5.568636235841012
CHEMBL1793929,CHEMBL252,Endothelin receptor ET-A,IC50,=,260.0,nM,CHEMBL679799,B,Inhibition of binding to Endothelin A receptor of rabbit renal vascular smooth muscle cells,CHEMBL1130387,P25101,Endothelin receptor ET-A,IC50,CC[C@@H](C)[C@@H](NC(=O)[C@H](CC(=O)O)NC(=O)[C@H](CC(C)C)NC(=O)[C@@H](NC(C)=O)C(c1ccccc1)c1ccccc1)C(=O)CNC(=O)[C@H](NC(=O)[C@H](N)Cc1c[nH]c2ccccc12)[C@H](C)CC,6.585026652029182
CHEMBL70924,CHEMBL252,Endothelin receptor ET-A,IC50,=,80.0,nM,CHEMBL682974,B,"Receptor binding affinity was determined against [125I]ET1 with recombinant human ETA receptor, expressed in baculovirus-infected Sf9 cells",CHEMBL1130517,P25101,Endothelin receptor ET-A,IC50,COc1ccccc1Oc1c(NS(=O)(=O)c2ccc(C(C)(C)C)cc2)nc(C)nc1OCCNC(=O)Nc1ccccn1,7.096910013008056
CHEMBL366378,CHEMBL252,Endothelin receptor ET-A,IC50,=,91.0,nM,CHEMBL681515,B,Inhibitory of human Endothelin A receptor by using I-ET-1 as radioligand in a competitive radioligand assay,CHEMBL1129901,P25101,Endothelin receptor ET-A,IC50,Cc1cc2c(cc1CCc1ccsc1S(=O)(=O)Nc1onc(C)c1Br)OCO2,7.040958607678906
CHEMBL70303,CHEMBL252,Endothelin receptor ET-A,IC50,=,4.0,nM,CHEMBL682974,B,"Receptor binding affinity was determined against [125I]ET1 with recombinant human ETA receptor, expressed in baculovirus-infected Sf9 cells",CHEMBL1130517,P25101,Endothelin receptor ET-A,IC50,COc1ccccc1Oc1c(NS(=O)(=O)c2ccc(C)cn2)nc(-c2ncccn2)nc1OCCOC(=O)Nc1ccccn1,8.397940008672037
CHEMBL308088,CHEMBL252,Endothelin receptor ET-A,IC50,=,1.0,nM,CHEMBL682974,B,"Receptor binding affinity was determined against [125I]ET1 with recombinant human ETA receptor, expressed in baculovirus-infected Sf9 cells",CHEMBL1130517,P25101,Endothelin receptor ET-A,IC50,COc1ccccc1Oc1c(NS(=O)(=O)c2ccc(C(C)C)cn2)nc(N2CCSCC2)nc1OCCOC(=O)Nc1ccccn1,9.0
CHEMBL1793932,CHEMBL252,Endothelin receptor ET-A,IC50,=,250.0,nM,CHEMBL679799,B,Inhibition of binding to Endothelin A receptor of rabbit renal vascular smooth muscle cells,CHEMBL1130387,P25101,Endothelin receptor ET-A,IC50,CC[C@H](C)[C@H](NC(=O)[C@@H](NC(=O)[C@@H](N)Cc1c[nH]c2ccccc12)[C@@H](C)CC)C(=O)NCC(=O)[C@H](CC(=O)O)NC(=O)[C@H](CC(C)C)NC(=O)[C@@H](NC(C)=O)C(c1ccccc1)c1ccccc1,6.6020599913279625
CHEMBL173189,CHEMBL252,Endothelin receptor ET-A,IC50,=,102.0,nM,CHEMBL681515,B,Inhibitory of human Endothelin A receptor by using I-ET-1 as radioligand in a competitive radioligand assay,CHEMBL1129901,P25101,Endothelin receptor ET-A,IC50,Cc1ccc(CCc2ccsc2S(=O)(=O)Nc2onc(C)c2Br)c(C)c1,6.991399828238082
CHEMBL70365,CHEMBL252,Endothelin receptor ET-A,IC50,=,30.0,nM,CHEMBL682974,B,"Receptor binding affinity was determined against [125I]ET1 with recombinant human ETA receptor, expressed in baculovirus-infected Sf9 cells",CHEMBL1130517,P25101,Endothelin receptor ET-A,IC50,COc1ccccc1Oc1c(NS(=O)(=O)c2ccc(C(C)(C)C)cc2)nc(-c2cccs2)nc1OCCOC(=O)Nc1ccccn1,7.522878745280337
CHEMBL70781,CHEMBL252,Endothelin receptor ET-A,IC50,=,880.0,nM,CHEMBL682974,B,"Receptor binding affinity was determined against [125I]ET1 with recombinant human ETA receptor, expressed in baculovirus-infected Sf9 cells",CHEMBL1130517,P25101,Endothelin receptor ET-A,IC50,COc1ccccc1Oc1c(NS(=O)(=O)c2ccc(C(C)(C)C)cc2)nc(C)nc1OCCOC(=O)c1cccnc1,6.055517327849831
CHEMBL173982,CHEMBL252,Endothelin receptor ET-A,IC50,=,205.0,nM,CHEMBL681515,B,Inhibitory of human Endothelin A receptor by using I-ET-1 as radioligand in a competitive radioligand assay,CHEMBL1129901,P25101,Endothelin receptor ET-A,IC50,Cc1noc(NS(=O)(=O)c2ccsc2CCc2ccc3c(c2)OCO3)c1Br,6.688246138944246
CHEMBL176854,CHEMBL252,Endothelin receptor ET-A,IC50,=,72.0,nM,CHEMBL681514,B,Tested for the inhibitory activity of cloned human ETA receptor by using I-ET-1 as radioligand in a competitive radioligand assay,CHEMBL1129901,P25101,Endothelin receptor ET-A,IC50,Cc1cc2c(cc1/C=C/c1ccsc1S(=O)(=O)Nc1onc(C)c1Br)OCO2,7.142667503568731
CHEMBL171972,CHEMBL252,Endothelin receptor ET-A,IC50,=,46.0,nM,CHEMBL681515,B,Inhibitory of human Endothelin A receptor by using I-ET-1 as radioligand in a competitive radioligand assay,CHEMBL1129901,P25101,Endothelin receptor ET-A,IC50,Cc1cc(C)c(CCc2sccc2S(=O)(=O)Nc2onc(C)c2Br)c(C)c1,7.337242168318426
CHEMBL368780,CHEMBL252,Endothelin receptor ET-A,IC50,=,62.0,nM,CHEMBL681515,B,Inhibitory of human Endothelin A receptor by using I-ET-1 as radioligand in a competitive radioligand assay,CHEMBL1129901,P25101,Endothelin receptor ET-A,IC50,Cc1cc2c(cc1CCc1sccc1S(=O)(=O)Nc1onc(C)c1Br)OCO2,7.207608310501746
CHEMBL70788,CHEMBL252,Endothelin receptor ET-A,IC50,=,900.0,nM,CHEMBL682974,B,"Receptor binding affinity was determined against [125I]ET1 with recombinant human ETA receptor, expressed in baculovirus-infected Sf9 cells",CHEMBL1130517,P25101,Endothelin receptor ET-A,IC50,COc1ccccc1Oc1c(NS(=O)(=O)c2ccc(C(C)(C)C)cc2)nc(C)nc1OCCOC(=O)Nc1cccnc1,6.045757490560675
CHEMBL1793927,CHEMBL252,Endothelin receptor ET-A,IC50,=,4500.0,nM,CHEMBL679799,B,Inhibition of binding to Endothelin A receptor of rabbit renal vascular smooth muscle cells,CHEMBL1130387,P25101,Endothelin receptor ET-A,IC50,CC[C@H](C)[C@H](NC(=O)[C@H](CC(=O)O)NC(=O)[C@H](CC(C)C)NC(=O)[C@H](C(c1ccccc1)c1ccccc1)N(C)C(C)=O)C(=O)N[C@H](C(=O)N[C@@H](Cc1c[nH]c2ccccc12)C(=O)O)[C@@H](C)CC,5.346787486224656
CHEMBL1793926,CHEMBL252,Endothelin receptor ET-A,IC50,=,200.0,nM,CHEMBL679799,B,Inhibition of binding to Endothelin A receptor of rabbit renal vascular smooth muscle cells,CHEMBL1130387,P25101,Endothelin receptor ET-A,IC50,CC[C@H](C)[C@H](NC(=O)[C@H](CC(=O)O)NC(=O)[C@H](CC(C)C)N(C)C(=O)[C@@H](NC(C)=O)C(c1ccccc1)c1ccccc1)C(=O)N[C@H](C(=O)N[C@@H](Cc1c[nH]c2ccccc12)C(=O)O)[C@@H](C)CC,6.698970004336019
CHEMBL174363,CHEMBL252,Endothelin receptor ET-A,IC50,=,218.0,nM,CHEMBL681515,B,Inhibitory of human Endothelin A receptor by using I-ET-1 as radioligand in a competitive radioligand assay,CHEMBL1129901,P25101,Endothelin receptor ET-A,IC50,Cc1noc(NS(=O)(=O)c2sccc2/C=C/c2ccc3c(c2)OCO3)c1Br,6.661543506395395
CHEMBL367763,CHEMBL252,Endothelin receptor ET-A,IC50,=,141.0,nM,CHEMBL681515,B,Inhibitory of human Endothelin A receptor by using I-ET-1 as radioligand in a competitive radioligand assay,CHEMBL1129901,P25101,Endothelin receptor ET-A,IC50,Cc1noc(NS(=O)(=O)c2ccsc2/C=C/c2ccc3c(c2)OCO3)c1Br,6.85078088734462
CHEMBL303428,CHEMBL252,Endothelin receptor ET-A,IC50,=,9.0,nM,CHEMBL682974,B,"Receptor binding affinity was determined against [125I]ET1 with recombinant human ETA receptor, expressed in baculovirus-infected Sf9 cells",CHEMBL1130517,P25101,Endothelin receptor ET-A,IC50,CCCc1nc(NS(=O)(=O)c2ccc(C(C)(C)C)cc2)c(Oc2ccccc2OC)c(OCCOC(=O)Nc2ccccn2)n1,8.045757490560675
CHEMBL1793928,CHEMBL252,Endothelin receptor ET-A,IC50,=,880.0,nM,CHEMBL679799,B,Inhibition of binding to Endothelin A receptor of rabbit renal vascular smooth muscle cells,CHEMBL1130387,P25101,Endothelin receptor ET-A,IC50,CC[C@@H](C)[C@@H](NC(=O)[C@H](CC(=O)O)NC(=O)[C@H](CC(C)C)NC(=O)[C@@H](NC(C)=O)C(c1ccccc1)c1ccccc1)C(=O)N[C@H](C(=O)CNC(=O)[C@H](N)Cc1c[nH]c2ccccc12)[C@@H](C)CC,6.055517327849831
CHEMBL2369736,CHEMBL252,Endothelin receptor ET-A,IC50,=,30.0,nM,CHEMBL679799,B,Inhibition of binding to Endothelin A receptor of rabbit renal vascular smooth muscle cells,CHEMBL1130387,P25101,Endothelin receptor ET-A,IC50,CC[C@H](C)[C@H](NC(=O)[C@H](CC(=O)O)NC(=O)[C@H](CC(C)C)NC(=O)[C@@H](NC(C)=O)C(c1ccccc1)c1ccccc1)C(=O)N(C)[C@H](C(=O)N[C@@H](Cc1c[nH]c2ccccc12)C(=O)O)[C@@H](C)CC,7.522878745280337
CHEMBL111612,CHEMBL252,Endothelin receptor ET-A,IC50,=,0.49,nM,CHEMBL682363,B,Inhibitory activity against human endothelin A receptor,CHEMBL1134271,P25101,Endothelin receptor ET-A,IC50,CCCCN(CCCC)C(=O)CN1C[C@H](c2cc(OC)c3c(c2)OCO3)[C@@H](C(=O)O)[C@@H]1CC(C)(C)CCC,9.309803919971486
CHEMBL70293,CHEMBL252,Endothelin receptor ET-A,IC50,=,4.0,nM,CHEMBL682974,B,"Receptor binding affinity was determined against [125I]ET1 with recombinant human ETA receptor, expressed in baculovirus-infected Sf9 cells",CHEMBL1130517,P25101,Endothelin receptor ET-A,IC50,COc1ccccc1Oc1c(NS(=O)(=O)c2ccc(C(C)C)cn2)nc(-c2ncccn2)nc1OCCOC(=O)Nc1ccccn1,8.397940008672037
CHEMBL435346,CHEMBL252,Endothelin receptor ET-A,IC50,=,180.0,nM,CHEMBL681515,B,Inhibitory of human Endothelin A receptor by using I-ET-1 as radioligand in a competitive radioligand assay,CHEMBL1129901,P25101,Endothelin receptor ET-A,IC50,Cc1ccc(/C=C/c2ccsc2S(=O)(=O)Nc2onc(C)c2Br)c(C)c1,6.7447274948966935
CHEMBL70203,CHEMBL252,Endothelin receptor ET-A,IC50,=,6.0,nM,CHEMBL682974,B,"Receptor binding affinity was determined against [125I]ET1 with recombinant human ETA receptor, expressed in baculovirus-infected Sf9 cells",CHEMBL1130517,P25101,Endothelin receptor ET-A,IC50,COc1ccccc1Oc1c(NS(=O)(=O)c2ccc(C(C)(C)C)cc2)nc(-c2ncccn2)nc1OCCOC(=O)Nc1ccccn1,8.221848749616356
CHEMBL1793933,CHEMBL252,Endothelin receptor ET-A,IC50,=,700.0,nM,CHEMBL679799,B,Inhibition of binding to Endothelin A receptor of rabbit renal vascular smooth muscle cells,CHEMBL1130387,P25101,Endothelin receptor ET-A,IC50,CC[C@H](C)[C@H](NC(=O)[C@H]([C@@H](C)CC)N(C)C(=O)[C@H](CC(=O)O)NC(=O)[C@H](CC(C)C)NC(=O)[C@@H](NC(C)=O)C(c1ccccc1)c1ccccc1)C(=O)N[C@@H](Cc1c[nH]c2ccccc12)C(=O)O,6.154901959985743
CHEMBL366680,CHEMBL252,Endothelin receptor ET-A,IC50,=,79.0,nM,CHEMBL681515,B,Inhibitory of human Endothelin A receptor by using I-ET-1 as radioligand in a competitive radioligand assay,CHEMBL1129901,P25101,Endothelin receptor ET-A,IC50,Cc1noc(NS(=O)(=O)c2sccc2/C=C/c2cc3c(cc2CO)OCO3)c1Br,7.102372908709558
CHEMBL426218,CHEMBL252,Endothelin receptor ET-A,IC50,=,81.0,nM,CHEMBL681515,B,Inhibitory of human Endothelin A receptor by using I-ET-1 as radioligand in a competitive radioligand assay,CHEMBL1129901,P25101,Endothelin receptor ET-A,IC50,Cc1cc2c(cc1/C=C/c1sccc1S(=O)(=O)Nc1onc(C)c1Br)OCO2,7.0915149811213505
CHEMBL172987,CHEMBL252,Endothelin receptor ET-A,IC50,=,166.0,nM,CHEMBL681515,B,Inhibitory of human Endothelin A receptor by using I-ET-1 as radioligand in a competitive radioligand assay,CHEMBL1129901,P25101,Endothelin receptor ET-A,IC50,Cc1ccc(/C=C/c2sccc2S(=O)(=O)Nc2onc(C)c2Br)c(C)c1,6.779891911959945
CHEMBL957,CHEMBL252,Endothelin receptor ET-A,IC50,=,80.0,nM,CHEMBL682974,B,"Receptor binding affinity was determined against [125I]ET1 with recombinant human ETA receptor, expressed in baculovirus-infected Sf9 cells",CHEMBL1130517,P25101,Endothelin receptor ET-A,IC50,COc1ccccc1Oc1c(NS(=O)(=O)c2ccc(C(C)(C)C)cc2)nc(-c2ncccn2)nc1OCCO,7.096910013008056
CHEMBL957,CHEMBL252,Endothelin receptor ET-A,IC50,=,8.0,nM,CHEMBL682973,B,"Receptor binding affinity was determined in a radioligand binding assay against [125I]ET1 with recombinant human ETA receptor, expressed in baculovirus-infected CHO cells",CHEMBL1130517,P25101,Endothelin receptor ET-A,IC50,COc1ccccc1Oc1c(NS(=O)(=O)c2ccc(C(C)(C)C)cc2)nc(-c2ncccn2)nc1OCCO,8.096910013008056
CHEMBL1793934,CHEMBL252,Endothelin receptor ET-A,IC50,=,3200.0,nM,CHEMBL679799,B,Inhibition of binding to Endothelin A receptor of rabbit renal vascular smooth muscle cells,CHEMBL1130387,P25101,Endothelin receptor ET-A,IC50,CC[C@H](C)[C@H](NC(=O)[C@@H](NC(=O)[C@H](CC(=O)O)N(C)C(=O)[C@H](CC(C)C)NC(=O)[C@@H](NC(C)=O)C(c1ccccc1)c1ccccc1)[C@@H](C)CC)C(=O)N[C@@H](Cc1c[nH]c2ccccc12)C(=O)O,5.494850021680094
CHEMBL70339,CHEMBL252,Endothelin receptor ET-A,IC50,=,17.0,nM,CHEMBL682974,B,"Receptor binding affinity was determined against [125I]ET1 with recombinant human ETA receptor, expressed in baculovirus-infected Sf9 cells",CHEMBL1130517,P25101,Endothelin receptor ET-A,IC50,COc1ccccc1Oc1c(NS(=O)(=O)c2ccc(C(C)(C)C)cc2)nc(N2CCOCC2)nc1OCCOC(=O)Nc1ccccn1,7.769551078621726
CHEMBL437472,CHEMBL252,Endothelin receptor ET-A,IC50,=,0.2,nM,CHEMBL682974,B,"Receptor binding affinity was determined against [125I]ET1 with recombinant human ETA receptor, expressed in baculovirus-infected Sf9 cells",CHEMBL1130517,P25101,Endothelin receptor ET-A,IC50,CC[C@H](C)[C@H](NC(=O)[C@H](CC(=O)O)NC(=O)[C@H](CC(C)C)NC(=O)[C@H](Cc1c[nH]cn1)NC(=O)[C@@H]1CSSC[C@@H](N)C(=O)N[C@H](CO)C(=O)N[C@H]2CSSC[C@@H](NC(=O)[C@H](CCC(=O)O)NC(=O)[C@H](CCCCN)NC(=O)[C@@H](CC(=O)O)NC(=O)[C@H](CCSC)NC(=O)[C@@H](CC(C)C)NC(=O)[C@H](CO)NC(=O)[C@@H](CO)NC2=O)C(=O)N[C@@H](C(C)C)C(=O)N[C@H](Cc2ccc(O)cc2)C(=O)N[C@@H](Cc2ccccc2)C(=O)N1)C(=O)N[C@H](C(=O)N[C@@H](Cc1c[nH]c2ccccc12)C(=O)O)[C@@H](C)CC,9.698970004336019
CHEMBL437472,CHEMBL252,Endothelin receptor ET-A,IC50,=,0.3,nM,CHEMBL682973,B,"Receptor binding affinity was determined in a radioligand binding assay against [125I]ET1 with recombinant human ETA receptor, expressed in baculovirus-infected CHO cells",CHEMBL1130517,P25101,Endothelin receptor ET-A,IC50,CC[C@H](C)[C@H](NC(=O)[C@H](CC(=O)O)NC(=O)[C@H](CC(C)C)NC(=O)[C@H](Cc1c[nH]cn1)NC(=O)[C@@H]1CSSC[C@@H](N)C(=O)N[C@H](CO)C(=O)N[C@H]2CSSC[C@@H](NC(=O)[C@H](CCC(=O)O)NC(=O)[C@H](CCCCN)NC(=O)[C@@H](CC(=O)O)NC(=O)[C@H](CCSC)NC(=O)[C@@H](CC(C)C)NC(=O)[C@H](CO)NC(=O)[C@@H](CO)NC2=O)C(=O)N[C@@H](C(C)C)C(=O)N[C@H](Cc2ccc(O)cc2)C(=O)N[C@@H](Cc2ccccc2)C(=O)N1)C(=O)N[C@H](C(=O)N[C@@H](Cc1c[nH]c2ccccc12)C(=O)O)[C@@H](C)CC,9.522878745280337
CHEMBL2367550,CHEMBL252,Endothelin receptor ET-A,IC50,=,3000.0,nM,CHEMBL679799,B,Inhibition of binding to Endothelin A receptor of rabbit renal vascular smooth muscle cells,CHEMBL1130387,P25101,Endothelin receptor ET-A,IC50,CC[C@H](C)[C@H](NC(=O)[C@H](CC(=O)O)NC(=O)[C@H](CC(C)C)NC(=O)[C@@H](NC(C)=O)C(c1ccccc1)c1ccccc1)C(=O)N[C@H](C(=O)N(C)[C@@H](Cc1c[nH]c2ccccc12)C(=O)O)[C@@H](C)CC,5.522878745280337
CHEMBL292802,CHEMBL252,Endothelin receptor ET-A,IC50,=,8900.0,nM,CHEMBL681515,B,Inhibitory of human Endothelin A receptor by using I-ET-1 as radioligand in a competitive radioligand assay,CHEMBL1129901,P25101,Endothelin receptor ET-A,IC50,Cc1noc(NS(=O)(=O)c2ccsc2C(=O)Oc2ccc3c(c2)OCO3)c1Br,5.050609993355087
CHEMBL307803,CHEMBL252,Endothelin receptor ET-A,IC50,=,1900.0,nM,CHEMBL682974,B,"Receptor binding affinity was determined against [125I]ET1 with recombinant human ETA receptor, expressed in baculovirus-infected Sf9 cells",CHEMBL1130517,P25101,Endothelin receptor ET-A,IC50,COc1ccccc1Oc1c(NS(=O)(=O)c2ccc(C(C)(C)C)cc2)nc(C)nc1OCCOC(=O)Nc1ccncc1,5.721246399047171
CHEMBL128479,CHEMBL252,Endothelin receptor ET-A,IC50,=,0.87,nM,CHEMBL682102,B,Binding affinity against endothelin A receptor in MMQ cells in rat,CHEMBL1134271,P25101,Endothelin receptor ET-A,IC50,CCCCN(CCCC)C(=O)CN1C[C@H](c2ccc3c(c2)OCCO3)[C@@H](C(=O)O)[C@@H]1c1ccc(CC)c(F)c1,9.060480747381382
CHEMBL1793925,CHEMBL252,Endothelin receptor ET-A,IC50,=,260.0,nM,CHEMBL679799,B,Inhibition of binding to Endothelin A receptor of rabbit renal vascular smooth muscle cells,CHEMBL1130387,P25101,Endothelin receptor ET-A,IC50,CC[C@H](C)[C@H](NC(=O)[C@@H](NC(=O)[C@@H](N)Cc1c[nH]c2ccccc12)[C@@H](C)CC)C(=O)N[C@@H](CC(=O)O)C(=O)NCC(=O)[C@H](CC(C)C)NC(=O)[C@@H](NC(C)=O)C(c1ccccc1)c1ccccc1,6.585026652029182
CHEMBL313382,CHEMBL252,Endothelin receptor ET-A,IC50,=,1800.0,nM,CHEMBL682962,B,Binding affinity against ET A receptor from rabbit renal artery vascular smooth muscle cells,CHEMBL1127071,P25101,Endothelin receptor ET-A,IC50,CC[C@H](C)[C@H](NC(=O)[C@H](CC(=O)O)NC(=O)[C@H](CC(C)C)NC(=O)[C@H](Cc1c[nH]c2ccccc12)NC(C)=O)C(=O)N[C@H](C(=O)N[C@@H](Cc1c[nH]c2ccccc12)C(=O)O)[C@@H](C)CC,5.7447274948966935
CHEMBL85341,CHEMBL252,Endothelin receptor ET-A,IC50,=,7000.0,nM,CHEMBL682962,B,Binding affinity against ET A receptor from rabbit renal artery vascular smooth muscle cells,CHEMBL1127071,P25101,Endothelin receptor ET-A,IC50,CC[C@H](C)[C@H](NC(=O)[C@H](CC(=O)O)NC(=O)[C@H](CC(C)C)NC(=O)[C@@H](Cc1ccc(O)cc1)NC(C)=O)C(=O)N[C@H](C(=O)N[C@@H](Cc1c[nH]c2ccccc12)C(=O)O)[C@@H](C)CC,5.154901959985743
CHEMBL330489,CHEMBL252,Endothelin receptor ET-A,IC50,=,8000.0,nM,CHEMBL682962,B,Binding affinity against ET A receptor from rabbit renal artery vascular smooth muscle cells,CHEMBL1127071,P25101,Endothelin receptor ET-A,IC50,CC[C@H](C)[C@H](NC(=O)[C@@H](Cc1ccccc1)NC(C)=O)C(=O)N[C@@H](Cc1c[nH]c2ccccc12)C(=O)O,5.096910013008056
CHEMBL2370070,CHEMBL252,Endothelin receptor ET-A,IC50,=,580.0,nM,CHEMBL682962,B,Binding affinity against ET A receptor from rabbit renal artery vascular smooth muscle cells,CHEMBL1127071,P25101,Endothelin receptor ET-A,IC50,CC[C@H](C)[C@H](NC(=O)[C@H](CC(=O)O)NC(=O)[C@H](CCCN)NC(=O)[C@@H](Cc1ccccc1)NC(C)=O)C(=O)N[C@H](C(=O)N[C@@H](Cc1c[nH]c2ccccc12)C(=O)O)[C@@H](C)CC,6.236572006437063
CHEMBL313984,CHEMBL252,Endothelin receptor ET-A,IC50,=,200.0,nM,CHEMBL682962,B,Binding affinity against ET A receptor from rabbit renal artery vascular smooth muscle cells,CHEMBL1127071,P25101,Endothelin receptor ET-A,IC50,CC[C@H](C)[C@H](NC(=O)[C@H](CC(=O)O)NC(=O)[C@H](Cc1ccccc1)NC(=O)[C@@H](Cc1ccccc1)NC(C)=O)C(=O)N[C@H](C(=O)N[C@@H](Cc1c[nH]c2ccccc12)C(=O)O)[C@@H](C)CC,6.698970004336019
CHEMBL406279,CHEMBL252,Endothelin receptor ET-A,IC50,=,420.0,nM,CHEMBL682962,B,Binding affinity against ET A receptor from rabbit renal artery vascular smooth muscle cells,CHEMBL1127071,P25101,Endothelin receptor ET-A,IC50,CC[C@H](C)[C@H](NC(=O)[C@H](CC(=O)O)NC(=O)[C@H](C)NC(=O)[C@@H](Cc1ccccc1)NC(C)=O)C(=O)N[C@H](C(=O)N[C@@H](Cc1c[nH]c2ccccc12)C(=O)O)[C@@H](C)CC,6.376750709602099
CHEMBL438194,CHEMBL252,Endothelin receptor ET-A,IC50,=,3500.0,nM,CHEMBL682962,B,Binding affinity against ET A receptor from rabbit renal artery vascular smooth muscle cells,CHEMBL1127071,P25101,Endothelin receptor ET-A,IC50,CC[C@H](C)[C@H](NC(=O)[C@H](CC(=O)O)NC(=O)[C@H](CC(C)C)NC(=O)[C@@H](Cc1ccc(-c2ccccc2)cc1)NC(C)=O)C(=O)N[C@H](C(=O)N[C@@H](Cc1c[nH]c2ccccc12)C(=O)O)[C@@H](C)CC,5.455931955649724
CHEMBL289687,CHEMBL252,Endothelin receptor ET-A,IC50,=,8900.0,nM,CHEMBL682962,B,Binding affinity against ET A receptor from rabbit renal artery vascular smooth muscle cells,CHEMBL1127071,P25101,Endothelin receptor ET-A,IC50,CC[C@H](C)[C@H](NC(=O)[C@H](CC(=O)O)NC(=O)[C@H](CC(C)C)NC(=O)[C@@H](Cc1c[nH]cn1)NC(C)=O)C(=O)N[C@H](C(=O)N[C@@H](Cc1c[nH]c2ccccc12)C(=O)O)[C@@H](C)CC,5.050609993355087
CHEMBL273391,CHEMBL252,Endothelin receptor ET-A,IC50,=,18400.0,nM,CHEMBL682962,B,Binding affinity against ET A receptor from rabbit renal artery vascular smooth muscle cells,CHEMBL1127071,P25101,Endothelin receptor ET-A,IC50,CC[C@H](C)[C@H](NC(=O)[C@H](CC(=O)O)NC(=O)[C@H](CC(C)C)NC(=O)[C@H](Cc1ccccc1)NC(C)=O)C(=O)N[C@H](C(=O)N[C@@H](Cc1c[nH]c2ccccc12)C(=O)O)[C@@H](C)CC,4.735182176990463
CHEMBL313056,CHEMBL252,Endothelin receptor ET-A,IC50,=,930.0,nM,CHEMBL682962,B,Binding affinity against ET A receptor from rabbit renal artery vascular smooth muscle cells,CHEMBL1127071,P25101,Endothelin receptor ET-A,IC50,CC[C@H](C)[C@H](NC(=O)[C@H](CC(=O)O)NC(=O)[C@H](CCC(=O)O)NC(=O)[C@@H](Cc1ccccc1)NC(C)=O)C(=O)N[C@@H](Cc1c[nH]c2ccccc12)C(=O)O,6.031517051446064
CHEMBL313760,CHEMBL252,Endothelin receptor ET-A,IC50,=,140.0,nM,CHEMBL682962,B,Binding affinity against ET A receptor from rabbit renal artery vascular smooth muscle cells,CHEMBL1127071,P25101,Endothelin receptor ET-A,IC50,CC[C@H](C)[C@H](NC(=O)[C@H](CC(=O)O)NC(=O)[C@H](CC(C)C)NC(=O)[C@H](NC(C)=O)C(c1ccccc1)c1ccccc1)C(=O)N[C@H](C(=O)N[C@@H](Cc1c[nH]c2ccccc12)C(=O)O)[C@@H](C)CC,6.853871964321762
CHEMBL431874,CHEMBL252,Endothelin receptor ET-A,IC50,=,6700.0,nM,CHEMBL682962,B,Binding affinity against ET A receptor from rabbit renal artery vascular smooth muscle cells,CHEMBL1127071,P25101,Endothelin receptor ET-A,IC50,CC[C@H](C)[C@H](NC(=O)[C@H](CCC(=O)O)NC(=O)[C@H](CC(=O)O)NC(=O)[C@H](CC(C)C)NC(=O)[C@@H](Cc1ccccc1)NC(C)=O)C(=O)N[C@@H](Cc1c[nH]c2ccccc12)C(=O)O,5.173925197299173
CHEMBL313984,CHEMBL252,Endothelin receptor ET-A,IC50,=,910.0,nM,CHEMBL682962,B,Binding affinity against ET A receptor from rabbit renal artery vascular smooth muscle cells,CHEMBL1127071,P25101,Endothelin receptor ET-A,IC50,CC[C@H](C)[C@H](NC(=O)[C@H](CC(=O)O)NC(=O)[C@H](Cc1ccccc1)NC(=O)[C@@H](Cc1ccccc1)NC(C)=O)C(=O)N[C@H](C(=O)N[C@@H](Cc1c[nH]c2ccccc12)C(=O)O)[C@@H](C)CC,6.040958607678906
CHEMBL327350,CHEMBL252,Endothelin receptor ET-A,IC50,=,1400.0,nM,CHEMBL682962,B,Binding affinity against ET A receptor from rabbit renal artery vascular smooth muscle cells,CHEMBL1127071,P25101,Endothelin receptor ET-A,IC50,CC[C@H](C)[C@H](NC(=O)[C@H](Cc1ccccc1)NC(=O)[C@H](CC(C)C)NC(=O)[C@@H](Cc1ccccc1)NC(C)=O)C(=O)N[C@H](C(=O)N[C@@H](Cc1c[nH]c2ccccc12)C(=O)O)[C@@H](C)CC,5.853871964321762
CHEMBL87243,CHEMBL252,Endothelin receptor ET-A,IC50,=,3600.0,nM,CHEMBL682962,B,Binding affinity against ET A receptor from rabbit renal artery vascular smooth muscle cells,CHEMBL1127071,P25101,Endothelin receptor ET-A,IC50,CC[C@H](C)[C@H](NC(=O)[C@H](C)NC(=O)[C@H](CC(=O)O)NC(=O)[C@H](CC(C)C)NC(=O)[C@@H](Cc1ccccc1)NC(C)=O)C(=O)N[C@@H](Cc1c[nH]c2ccccc12)C(=O)O,5.443697499232712
CHEMBL1788127,CHEMBL252,Endothelin receptor ET-A,IC50,=,60.0,nM,CHEMBL682962,B,Binding affinity against ET A receptor from rabbit renal artery vascular smooth muscle cells,CHEMBL1127071,P25101,Endothelin receptor ET-A,IC50,CC[C@H](C)[C@H](NC(=O)[C@H](CC(=O)[O-])NC(=O)[C@H](CC(C)C)NC(=O)[C@H](NC(C)=O)C(c1ccccc1)c1ccccc1)C(=O)N[C@H](C(=O)N[C@@H](Cc1c[nH]c2ccccc12)C(=O)[O-])[C@@H](C)CC.[Na+].[Na+],7.221848749616356
CHEMBL86814,CHEMBL252,Endothelin receptor ET-A,IC50,=,1800.0,nM,CHEMBL682962,B,Binding affinity against ET A receptor from rabbit renal artery vascular smooth muscle cells,CHEMBL1127071,P25101,Endothelin receptor ET-A,IC50,CC[C@H](C)[C@H](NC(=O)[C@H](CC(=O)O)NC(=O)[C@H](CC(C)C)NC(=O)[C@@H](Cc1ccccc1)NC(C)=O)C(=O)N[C@H](C(=O)N[C@@H](Cc1c[nH]c2ccccc12)C(=O)O)[C@@H](C)CC,5.7447274948966935
CHEMBL86737,CHEMBL252,Endothelin receptor ET-A,IC50,=,8000.0,nM,CHEMBL682962,B,Binding affinity against ET A receptor from rabbit renal artery vascular smooth muscle cells,CHEMBL1127071,P25101,Endothelin receptor ET-A,IC50,CC[C@H](C)[C@H](NC(=O)[C@H](CC(=O)O)NC(=O)[C@H](CC(C)C)NC(=O)[C@@H](Cc1ccccc1)NC(C)=O)C(=O)N[C@@H](C)C(=O)N[C@@H](Cc1c[nH]c2ccccc12)C(=O)O,5.096910013008056
CHEMBL315047,CHEMBL252,Endothelin receptor ET-A,IC50,=,1000.0,nM,CHEMBL682962,B,Binding affinity against ET A receptor from rabbit renal artery vascular smooth muscle cells,CHEMBL1127071,P25101,Endothelin receptor ET-A,IC50,CC[C@H](C)[C@H](NC(=O)[C@H](CC(=O)O)NC(=O)[C@H](CC(C)C)NC(=O)[C@@H](Cc1ccc2ccccc2c1)NC(C)=O)C(=O)N[C@H](C(=O)N[C@@H](Cc1c[nH]c2ccccc12)C(=O)O)[C@@H](C)CC,6.0
CHEMBL315658,CHEMBL252,Endothelin receptor ET-A,IC50,=,9100.0,nM,CHEMBL682962,B,Binding affinity against ET A receptor from rabbit renal artery vascular smooth muscle cells,CHEMBL1127071,P25101,Endothelin receptor ET-A,IC50,CC[C@H](C)[C@H](NC(=O)[C@H](CC(=O)O)NC(=O)[C@@H](Cc1ccccc1)NC(C)=O)C(=O)N[C@H](C(=O)N[C@@H](Cc1c[nH]c2ccccc12)C(=O)O)[C@@H](C)CC,5.040958607678906
CHEMBL315780,CHEMBL252,Endothelin receptor ET-A,IC50,=,14000.0,nM,CHEMBL682962,B,Binding affinity against ET A receptor from rabbit renal artery vascular smooth muscle cells,CHEMBL1127071,P25101,Endothelin receptor ET-A,IC50,CC[C@H](C)[C@H](NC(=O)[C@H](CC(=O)O)NC(=O)[C@H](CC(C)C)NC(=O)[C@@H](Cc1ccccc1)NC(C)=O)C(=O)N[C@H](C(=O)N[C@H](C(=O)O)c1csc2ccccc12)[C@@H](C)CC,4.853871964321762
CHEMBL367382,CHEMBL252,Endothelin receptor ET-A,IC50,=,51.0,nM,CHEMBL682361,B,In vitro inhibitory concentration required against [125I]ET1 binding to membranes of CHO cells expressing human ETA receptor,CHEMBL1136632,P25101,Endothelin receptor ET-A,IC50,COc1ccccc1Oc1c(NS(=O)(=O)c2ccc(C(C)(C)C)cc2)nc(-c2ncccn2)nc1OCC#CCO,7.292429823902063
CHEMBL170342,CHEMBL252,Endothelin receptor ET-A,IC50,=,166.0,nM,CHEMBL682361,B,In vitro inhibitory concentration required against [125I]ET1 binding to membranes of CHO cells expressing human ETA receptor,CHEMBL1136632,P25101,Endothelin receptor ET-A,IC50,COc1ccccc1Oc1c(NS(=O)(=O)c2ccc(C(C)C)cn2)ncnc1OCC#CCO,6.779891911959945
CHEMBL176963,CHEMBL252,Endothelin receptor ET-A,IC50,=,11.0,nM,CHEMBL682361,B,In vitro inhibitory concentration required against [125I]ET1 binding to membranes of CHO cells expressing human ETA receptor,CHEMBL1136632,P25101,Endothelin receptor ET-A,IC50,C#CCOc1nc(-c2ccnc(CO)c2)nc(NS(=O)(=O)c2ccc(C)cn2)c1Oc1ccccc1OC,7.958607314841775
CHEMBL173743,CHEMBL252,Endothelin receptor ET-A,IC50,=,13.0,nM,CHEMBL682361,B,In vitro inhibitory concentration required against [125I]ET1 binding to membranes of CHO cells expressing human ETA receptor,CHEMBL1136632,P25101,Endothelin receptor ET-A,IC50,COCC#CCOc1nc(-c2ncccn2)nc(NS(=O)(=O)c2ccc(C(C)(C)C)cc2)c1Oc1ccccc1OC,7.886056647693163
CHEMBL172184,CHEMBL252,Endothelin receptor ET-A,IC50,=,96.0,nM,CHEMBL682361,B,In vitro inhibitory concentration required against [125I]ET1 binding to membranes of CHO cells expressing human ETA receptor,CHEMBL1136632,P25101,Endothelin receptor ET-A,IC50,C#CCOc1nc(-c2ncccn2)nc(NS(=O)(=O)c2ccc(C(C)C)cn2)c1Oc1ccccc1OC,7.017728766960431
CHEMBL174326,CHEMBL252,Endothelin receptor ET-A,IC50,=,94.0,nM,CHEMBL682361,B,In vitro inhibitory concentration required against [125I]ET1 binding to membranes of CHO cells expressing human ETA receptor,CHEMBL1136632,P25101,Endothelin receptor ET-A,IC50,C#CCOc1nc(-c2ccncc2)nc(NS(=O)(=O)c2ccc(C)cn2)c1Oc1ccccc1OC,7.026872146400302
CHEMBL175058,CHEMBL252,Endothelin receptor ET-A,IC50,=,2.0,nM,CHEMBL682361,B,In vitro inhibitory concentration required against [125I]ET1 binding to membranes of CHO cells expressing human ETA receptor,CHEMBL1136632,P25101,Endothelin receptor ET-A,IC50,COc1ccccc1Oc1c(NS(=O)(=O)c2ccc(C)cn2)nc(N2CCOCC2)nc1OCC#CCOC(=O)Nc1cnccn1,8.698970004336019
CHEMBL176999,CHEMBL252,Endothelin receptor ET-A,IC50,=,27.0,nM,CHEMBL682361,B,In vitro inhibitory concentration required against [125I]ET1 binding to membranes of CHO cells expressing human ETA receptor,CHEMBL1136632,P25101,Endothelin receptor ET-A,IC50,C#CCOc1nc(-c2ccnc(-c3noc(S)n3)c2)nc(NS(=O)(=O)c2ccc(C(C)C)cn2)c1Oc1ccccc1OC,7.568636235841012
CHEMBL368383,CHEMBL252,Endothelin receptor ET-A,IC50,=,157.0,nM,CHEMBL682361,B,In vitro inhibitory concentration required against [125I]ET1 binding to membranes of CHO cells expressing human ETA receptor,CHEMBL1136632,P25101,Endothelin receptor ET-A,IC50,CCCCNC(=O)OCC#CCOc1nc(-c2ccncc2)nc(NS(=O)(=O)c2ccc(C(C)C)cn2)c1Oc1ccccc1OC,6.804100347590767
CHEMBL368829,CHEMBL252,Endothelin receptor ET-A,IC50,=,38.0,nM,CHEMBL682361,B,In vitro inhibitory concentration required against [125I]ET1 binding to membranes of CHO cells expressing human ETA receptor,CHEMBL1136632,P25101,Endothelin receptor ET-A,IC50,C#CCOc1nc(-c2ccnc(CO)c2)nc(NS(=O)(=O)c2ccc(C(C)(C)C)cc2)c1Oc1ccccc1OC,7.42021640338319
CHEMBL368117,CHEMBL252,Endothelin receptor ET-A,IC50,=,66.0,nM,CHEMBL682361,B,In vitro inhibitory concentration required against [125I]ET1 binding to membranes of CHO cells expressing human ETA receptor,CHEMBL1136632,P25101,Endothelin receptor ET-A,IC50,C#CCOc1nc(-c2ccnc(-c3noc(O)n3)c2)nc(NS(=O)(=O)c2ccc(C(C)(C)C)cc2)c1Oc1ccccc1OC,7.180456064458131
CHEMBL367317,CHEMBL252,Endothelin receptor ET-A,IC50,=,339.0,nM,CHEMBL682361,B,In vitro inhibitory concentration required against [125I]ET1 binding to membranes of CHO cells expressing human ETA receptor,CHEMBL1136632,P25101,Endothelin receptor ET-A,IC50,COc1ccccc1Oc1c(NS(=O)(=O)c2ccc(C)cn2)nc(-c2ncccn2)nc1OCC#CCO,6.4698003017969175
CHEMBL176741,CHEMBL252,Endothelin receptor ET-A,IC50,=,21.0,nM,CHEMBL682361,B,In vitro inhibitory concentration required against [125I]ET1 binding to membranes of CHO cells expressing human ETA receptor,CHEMBL1136632,P25101,Endothelin receptor ET-A,IC50,COc1ccccc1Oc1c(NS(=O)(=O)c2ccc(C)cn2)nc(N2CCOCC2)nc1OCC#CCOC(=O)Nc1cccnc1,7.6777807052660805
CHEMBL174607,CHEMBL252,Endothelin receptor ET-A,IC50,=,85.0,nM,CHEMBL682361,B,In vitro inhibitory concentration required against [125I]ET1 binding to membranes of CHO cells expressing human ETA receptor,CHEMBL1136632,P25101,Endothelin receptor ET-A,IC50,CC#CCOc1nc(-c2ncccn2)nc(NS(=O)(=O)c2ccc(C(C)(C)C)cc2)c1Oc1ccccc1OC,7.070581074285707
CHEMBL176650,CHEMBL252,Endothelin receptor ET-A,IC50,=,59.0,nM,CHEMBL682361,B,In vitro inhibitory concentration required against [125I]ET1 binding to membranes of CHO cells expressing human ETA receptor,CHEMBL1136632,P25101,Endothelin receptor ET-A,IC50,CCC#CCOc1nc(-c2ncccn2)nc(NS(=O)(=O)c2ccc(C(C)(C)C)cc2)c1Oc1ccccc1OC,7.229147988357855
CHEMBL173721,CHEMBL252,Endothelin receptor ET-A,IC50,=,561.0,nM,CHEMBL682361,B,In vitro inhibitory concentration required against [125I]ET1 binding to membranes of CHO cells expressing human ETA receptor,CHEMBL1136632,P25101,Endothelin receptor ET-A,IC50,COc1ccccc1Oc1c(NS(=O)(=O)c2ccc(C(C)(C)C)cc2)ncnc1OCC#CCO,6.251037138743839
CHEMBL176664,CHEMBL252,Endothelin receptor ET-A,IC50,=,5.0,nM,CHEMBL682361,B,In vitro inhibitory concentration required against [125I]ET1 binding to membranes of CHO cells expressing human ETA receptor,CHEMBL1136632,P25101,Endothelin receptor ET-A,IC50,C#CCOc1nc(-c2ccnc(-c3nn[nH]n3)c2)nc(NS(=O)(=O)c2ccc(C)cn2)c1Oc1ccccc1OC,8.301029995663981
CHEMBL368929,CHEMBL252,Endothelin receptor ET-A,IC50,=,121.0,nM,CHEMBL682361,B,In vitro inhibitory concentration required against [125I]ET1 binding to membranes of CHO cells expressing human ETA receptor,CHEMBL1136632,P25101,Endothelin receptor ET-A,IC50,C#CCOc1nc(N2CCOCC2)nc(NS(=O)(=O)c2ccc(C(C)C)cn2)c1Oc1ccccc1OC,6.91721462968355
CHEMBL369003,CHEMBL252,Endothelin receptor ET-A,IC50,=,339.0,nM,CHEMBL682361,B,In vitro inhibitory concentration required against [125I]ET1 binding to membranes of CHO cells expressing human ETA receptor,CHEMBL1136632,P25101,Endothelin receptor ET-A,IC50,C#CCOc1nc(-c2ncccn2)nc(NS(=O)(=O)c2ccc(C)cn2)c1Oc1ccccc1OC,6.4698003017969175
CHEMBL368828,CHEMBL252,Endothelin receptor ET-A,IC50,=,16.0,nM,CHEMBL682361,B,In vitro inhibitory concentration required against [125I]ET1 binding to membranes of CHO cells expressing human ETA receptor,CHEMBL1136632,P25101,Endothelin receptor ET-A,IC50,COc1ccccc1Oc1c(NS(=O)(=O)c2ccc(C(C)C)cn2)nc(N2CCOCC2)nc1OCC#CCO,7.795880017344075
CHEMBL174094,CHEMBL252,Endothelin receptor ET-A,IC50,=,176.0,nM,CHEMBL682361,B,In vitro inhibitory concentration required against [125I]ET1 binding to membranes of CHO cells expressing human ETA receptor,CHEMBL1136632,P25101,Endothelin receptor ET-A,IC50,C#CCOc1nc(-c2ccncc2)nc(NS(=O)(=O)c2ccc(C(C)(C)C)cc2)c1Oc1ccccc1OC,6.75448733218585
CHEMBL367767,CHEMBL252,Endothelin receptor ET-A,IC50,=,204.0,nM,CHEMBL682361,B,In vitro inhibitory concentration required against [125I]ET1 binding to membranes of CHO cells expressing human ETA receptor,CHEMBL1136632,P25101,Endothelin receptor ET-A,IC50,COc1ccccc1Oc1c(NS(=O)(=O)c2ccc(C(C)(C)C)cc2)nc(-c2ncccn2)nc1OCC#CCOC(=O)Nc1cnccn1,6.690369832574101
CHEMBL94786,CHEMBL252,Endothelin receptor ET-A,IC50,=,1.0,nM,CHEMBL682361,B,In vitro inhibitory concentration required against [125I]ET1 binding to membranes of CHO cells expressing human ETA receptor,CHEMBL1136632,P25101,Endothelin receptor ET-A,IC50,COc1ccccc1Oc1c(NS(=O)(=O)c2ccc(C(C)C)cn2)nc(N2CCOCC2)nc1OCC#CCOC(=O)Nc1ccccn1,9.0
CHEMBL163638,CHEMBL252,Endothelin receptor ET-A,IC50,=,18.0,nM,CHEMBL682361,B,In vitro inhibitory concentration required against [125I]ET1 binding to membranes of CHO cells expressing human ETA receptor,CHEMBL1136632,P25101,Endothelin receptor ET-A,IC50,COc1ccccc1Oc1c(NS(=O)(=O)c2ccc(C)cn2)nc(N2CCOCC2)nc1OCC#CCOC(=O)Nc1ccccc1,7.7447274948966935
CHEMBL176698,CHEMBL252,Endothelin receptor ET-A,IC50,=,339.0,nM,CHEMBL682361,B,In vitro inhibitory concentration required against [125I]ET1 binding to membranes of CHO cells expressing human ETA receptor,CHEMBL1136632,P25101,Endothelin receptor ET-A,IC50,C#CCOc1nc(-c2cnccn2)nc(NS(=O)(=O)c2ccc(C(C)C)cn2)c1Oc1ccccc1OC,6.4698003017969175
CHEMBL957,CHEMBL252,Endothelin receptor ET-A,IC50,=,40.0,nM,CHEMBL682361,B,In vitro inhibitory concentration required against [125I]ET1 binding to membranes of CHO cells expressing human ETA receptor,CHEMBL1136632,P25101,Endothelin receptor ET-A,IC50,COc1ccccc1Oc1c(NS(=O)(=O)c2ccc(C(C)(C)C)cc2)nc(-c2ncccn2)nc1OCCO,7.3979400086720375
CHEMBL425682,CHEMBL252,Endothelin receptor ET-A,IC50,=,53.0,nM,CHEMBL682361,B,In vitro inhibitory concentration required against [125I]ET1 binding to membranes of CHO cells expressing human ETA receptor,CHEMBL1136632,P25101,Endothelin receptor ET-A,IC50,COc1ccccc1Oc1c(NS(=O)(=O)c2ccc(C(C)C)cn2)nc(-c2ncccn2)nc1OCC#CCO,7.275724130399211
CHEMBL264035,CHEMBL252,Endothelin receptor ET-A,IC50,=,13.0,nM,CHEMBL682361,B,In vitro inhibitory concentration required against [125I]ET1 binding to membranes of CHO cells expressing human ETA receptor,CHEMBL1136632,P25101,Endothelin receptor ET-A,IC50,COc1ccccc1Oc1c(NS(=O)(=O)c2ccc(C(C)C)cn2)nc(N2CCOCC2)nc1OCC#CCOC(=O)Nc1ccccc1,7.886056647693163
CHEMBL368996,CHEMBL252,Endothelin receptor ET-A,IC50,=,0.4,nM,CHEMBL682361,B,In vitro inhibitory concentration required against [125I]ET1 binding to membranes of CHO cells expressing human ETA receptor,CHEMBL1136632,P25101,Endothelin receptor ET-A,IC50,COc1ccccc1Oc1c(NS(=O)(=O)c2ccc(C(C)C)cn2)nc(N2CCOCC2)nc1OCC#CCOC(=O)Nc1cnccn1,9.397940008672037
CHEMBL177111,CHEMBL252,Endothelin receptor ET-A,IC50,=,452.0,nM,CHEMBL682361,B,In vitro inhibitory concentration required against [125I]ET1 binding to membranes of CHO cells expressing human ETA receptor,CHEMBL1136632,P25101,Endothelin receptor ET-A,IC50,COc1ccccc1Oc1c(NS(=O)(=O)c2ccc(C)cn2)nc(C)nc1OCC#CCO,6.3448615651886175
CHEMBL368860,CHEMBL252,Endothelin receptor ET-A,IC50,=,293.0,nM,CHEMBL682361,B,In vitro inhibitory concentration required against [125I]ET1 binding to membranes of CHO cells expressing human ETA receptor,CHEMBL1136632,P25101,Endothelin receptor ET-A,IC50,COc1ccccc1Oc1c(NS(=O)(=O)c2ccc(C(C)(C)C)cc2)nc(-c2ncccn2)nc1OCC#CCOC(=O)Nc1ccccn1,6.53313237964589
CHEMBL367036,CHEMBL252,Endothelin receptor ET-A,IC50,=,35.0,nM,CHEMBL682361,B,In vitro inhibitory concentration required against [125I]ET1 binding to membranes of CHO cells expressing human ETA receptor,CHEMBL1136632,P25101,Endothelin receptor ET-A,IC50,COc1ccccc1Oc1c(NS(=O)(=O)c2ccc(C(C)C)cn2)nc(-c2ccncc2)nc1OCC#CCOC(=O)Nc1ccccc1,7.455931955649724
CHEMBL367453,CHEMBL252,Endothelin receptor ET-A,IC50,=,1.0,nM,CHEMBL682361,B,In vitro inhibitory concentration required against [125I]ET1 binding to membranes of CHO cells expressing human ETA receptor,CHEMBL1136632,P25101,Endothelin receptor ET-A,IC50,COc1ccccc1Oc1c(NS(=O)(=O)c2ccc(C)cn2)nc(N2CCOCC2)nc1OCC#CCOC(=O)Nc1ccccn1,9.0
CHEMBL173689,CHEMBL252,Endothelin receptor ET-A,IC50,=,139.0,nM,CHEMBL682361,B,In vitro inhibitory concentration required against [125I]ET1 binding to membranes of CHO cells expressing human ETA receptor,CHEMBL1136632,P25101,Endothelin receptor ET-A,IC50,COc1ccccc1Oc1c(NS(=O)(=O)c2ccc(C(C)(C)C)cc2)nc(-c2ncccn2)nc1OCC#CCOc1ccccc1,6.856985199745905
CHEMBL275897,CHEMBL252,Endothelin receptor ET-A,IC50,=,14.0,nM,CHEMBL682361,B,In vitro inhibitory concentration required against [125I]ET1 binding to membranes of CHO cells expressing human ETA receptor,CHEMBL1136632,P25101,Endothelin receptor ET-A,IC50,COc1ccccc1Oc1c(NS(=O)(=O)c2ccc(C(C)C)cn2)nc(-c2ccncc2)nc1OCC#CCOC(=O)Nc1cnccn1,7.853871964321762
CHEMBL175278,CHEMBL252,Endothelin receptor ET-A,IC50,=,753.0,nM,CHEMBL682361,B,In vitro inhibitory concentration required against [125I]ET1 binding to membranes of CHO cells expressing human ETA receptor,CHEMBL1136632,P25101,Endothelin receptor ET-A,IC50,COc1ccccc1Oc1c(NS(=O)(=O)c2ccc(C)cn2)nc(N2CCOCC2)nc1OCC#CCOC(=O)NC1CCCCC1,6.123205023799299
CHEMBL369362,CHEMBL252,Endothelin receptor ET-A,IC50,=,18.0,nM,CHEMBL682361,B,In vitro inhibitory concentration required against [125I]ET1 binding to membranes of CHO cells expressing human ETA receptor,CHEMBL1136632,P25101,Endothelin receptor ET-A,IC50,COc1ccccc1Oc1c(NS(=O)(=O)c2ccc(C)cn2)nc(N2CCOCC2)nc1OCC#CCO,7.7447274948966935
CHEMBL177143,CHEMBL252,Endothelin receptor ET-A,IC50,=,125.0,nM,CHEMBL682361,B,In vitro inhibitory concentration required against [125I]ET1 binding to membranes of CHO cells expressing human ETA receptor,CHEMBL1136632,P25101,Endothelin receptor ET-A,IC50,C#CCOc1nc(-c2ccncc2)nc(NS(=O)(=O)c2ccc(C(C)C)cn2)c1Oc1ccccc1OC,6.903089986991944
CHEMBL366652,CHEMBL252,Endothelin receptor ET-A,IC50,=,22.0,nM,CHEMBL682361,B,In vitro inhibitory concentration required against [125I]ET1 binding to membranes of CHO cells expressing human ETA receptor,CHEMBL1136632,P25101,Endothelin receptor ET-A,IC50,C#CCOc1nc(-c2ccnc(-c3noc(O)n3)c2)nc(NS(=O)(=O)c2ccc(C(C)C)cn2)c1Oc1ccccc1OC,7.657577319177793
CHEMBL367339,CHEMBL252,Endothelin receptor ET-A,IC50,=,373.0,nM,CHEMBL682361,B,In vitro inhibitory concentration required against [125I]ET1 binding to membranes of CHO cells expressing human ETA receptor,CHEMBL1136632,P25101,Endothelin receptor ET-A,IC50,C=CCOc1nc(-c2ncccn2)nc(NS(=O)(=O)c2ccc(C(C)(C)C)cc2)c1Oc1ccccc1OC,6.428291168191312
CHEMBL175111,CHEMBL252,Endothelin receptor ET-A,IC50,=,22.0,nM,CHEMBL682361,B,In vitro inhibitory concentration required against [125I]ET1 binding to membranes of CHO cells expressing human ETA receptor,CHEMBL1136632,P25101,Endothelin receptor ET-A,IC50,COc1ccccc1Oc1c(NS(=O)(=O)c2ccc(C)cn2)nc(-c2ccncc2)nc1OCC#CCO,7.657577319177793
CHEMBL366885,CHEMBL252,Endothelin receptor ET-A,IC50,=,12.0,nM,CHEMBL682361,B,In vitro inhibitory concentration required against [125I]ET1 binding to membranes of CHO cells expressing human ETA receptor,CHEMBL1136632,P25101,Endothelin receptor ET-A,IC50,COc1ccccc1Oc1c(NS(=O)(=O)c2ccc(C)cn2)nc(N2CCOCC2)nc1OCC#CCOC(=O)Nc1ccncc1,7.920818753952375
CHEMBL170401,CHEMBL252,Endothelin receptor ET-A,IC50,=,13.0,nM,CHEMBL682361,B,In vitro inhibitory concentration required against [125I]ET1 binding to membranes of CHO cells expressing human ETA receptor,CHEMBL1136632,P25101,Endothelin receptor ET-A,IC50,C#CCOc1nc(-c2ccnc(-c3noc(O)n3)c2)nc(NS(=O)(=O)c2ccc(C)cn2)c1Oc1ccccc1OC,7.886056647693163
CHEMBL368386,CHEMBL252,Endothelin receptor ET-A,IC50,=,7.0,nM,CHEMBL682361,B,In vitro inhibitory concentration required against [125I]ET1 binding to membranes of CHO cells expressing human ETA receptor,CHEMBL1136632,P25101,Endothelin receptor ET-A,IC50,COc1ccccc1Oc1c(NS(=O)(=O)c2ccc(C(C)C)cn2)nc(-c2ccncc2)nc1OCC#CCOC(=O)Nc1ccccn1,8.154901959985743
CHEMBL173366,CHEMBL252,Endothelin receptor ET-A,IC50,=,239.0,nM,CHEMBL682361,B,In vitro inhibitory concentration required against [125I]ET1 binding to membranes of CHO cells expressing human ETA receptor,CHEMBL1136632,P25101,Endothelin receptor ET-A,IC50,C/C=C/COc1nc(-c2ncccn2)nc(NS(=O)(=O)c2ccc(C(C)(C)C)cc2)c1Oc1ccccc1OC,6.621602099051863
CHEMBL368211,CHEMBL252,Endothelin receptor ET-A,IC50,=,26.0,nM,CHEMBL682361,B,In vitro inhibitory concentration required against [125I]ET1 binding to membranes of CHO cells expressing human ETA receptor,CHEMBL1136632,P25101,Endothelin receptor ET-A,IC50,COc1ccccc1Oc1c(NS(=O)(=O)c2ccc(C(C)C)cn2)nc(-c2ccncc2)nc1OCC#CCO,7.585026652029182
CHEMBL173358,CHEMBL252,Endothelin receptor ET-A,IC50,=,125.0,nM,CHEMBL682361,B,In vitro inhibitory concentration required against [125I]ET1 binding to membranes of CHO cells expressing human ETA receptor,CHEMBL1136632,P25101,Endothelin receptor ET-A,IC50,COc1ccccc1Oc1c(NS(=O)(=O)c2ccc(C(C)(C)C)cc2)nc(-c2ccncc2)nc1OCC#CCO,6.903089986991944
CHEMBL175057,CHEMBL252,Endothelin receptor ET-A,IC50,=,23.0,nM,CHEMBL682361,B,In vitro inhibitory concentration required against [125I]ET1 binding to membranes of CHO cells expressing human ETA receptor,CHEMBL1136632,P25101,Endothelin receptor ET-A,IC50,C#CCOc1nc(-c2ccnc(-c3nn[nH]n3)c2)nc(NS(=O)(=O)c2ccc(C(C)C)cn2)c1Oc1ccccc1OC,7.638272163982407
CHEMBL175005,CHEMBL252,Endothelin receptor ET-A,IC50,=,165.0,nM,CHEMBL682361,B,In vitro inhibitory concentration required against [125I]ET1 binding to membranes of CHO cells expressing human ETA receptor,CHEMBL1136632,P25101,Endothelin receptor ET-A,IC50,CC/C=C/COc1nc(-c2ncccn2)nc(NS(=O)(=O)c2ccc(C(C)(C)C)cc2)c1Oc1ccccc1OC,6.782516055786093
CHEMBL175435,CHEMBL252,Endothelin receptor ET-A,IC50,=,97.0,nM,CHEMBL682361,B,In vitro inhibitory concentration required against [125I]ET1 binding to membranes of CHO cells expressing human ETA receptor,CHEMBL1136632,P25101,Endothelin receptor ET-A,IC50,C#CCOc1nc(-c2ncccn2)nc(NS(=O)(=O)c2ccc(C(C)(C)C)cc2)c1Oc1ccccc1OC,7.013228265733755
CHEMBL366797,CHEMBL252,Endothelin receptor ET-A,IC50,=,84.0,nM,CHEMBL682361,B,In vitro inhibitory concentration required against [125I]ET1 binding to membranes of CHO cells expressing human ETA receptor,CHEMBL1136632,P25101,Endothelin receptor ET-A,IC50,C#CCOc1nc(-c2ccnc(-c3noc(S)n3)c2)nc(NS(=O)(=O)c2ccc(C(C)(C)C)cc2)c1Oc1ccccc1OC,7.075720713938118
CHEMBL368989,CHEMBL252,Endothelin receptor ET-A,IC50,=,196.0,nM,CHEMBL682361,B,In vitro inhibitory concentration required against [125I]ET1 binding to membranes of CHO cells expressing human ETA receptor,CHEMBL1136632,P25101,Endothelin receptor ET-A,IC50,CCCCNC(=O)OCC#CCOc1nc(N2CCOCC2)nc(NS(=O)(=O)c2ccc(C)cn2)c1Oc1ccccc1OC,6.707743928643524
CHEMBL177203,CHEMBL252,Endothelin receptor ET-A,IC50,=,155.0,nM,CHEMBL682361,B,In vitro inhibitory concentration required against [125I]ET1 binding to membranes of CHO cells expressing human ETA receptor,CHEMBL1136632,P25101,Endothelin receptor ET-A,IC50,COc1ccccc1Oc1c(NS(=O)(=O)c2ccc(C(C)(C)C)cc2)nc(N2CCOCC2)nc1OCC#CCO,6.809668301829708
CHEMBL173465,CHEMBL252,Endothelin receptor ET-A,IC50,=,186.0,nM,CHEMBL682361,B,In vitro inhibitory concentration required against [125I]ET1 binding to membranes of CHO cells expressing human ETA receptor,CHEMBL1136632,P25101,Endothelin receptor ET-A,IC50,C#CCOc1nc(-c2cnccn2)nc(NS(=O)(=O)c2ccc(C(C)(C)C)cc2)c1Oc1ccccc1OC,6.730487055782083
CHEMBL367686,CHEMBL252,Endothelin receptor ET-A,IC50,=,12.0,nM,CHEMBL682361,B,In vitro inhibitory concentration required against [125I]ET1 binding to membranes of CHO cells expressing human ETA receptor,CHEMBL1136632,P25101,Endothelin receptor ET-A,IC50,C#CCOc1nc(-c2ccnc(-c3noc(S)n3)c2)nc(NS(=O)(=O)c2ccc(C)cn2)c1Oc1ccccc1OC,7.920818753952375
CHEMBL139734,CHEMBL252,Endothelin receptor ET-A,IC50,=,1280.0,nM,CHEMBL682361,B,In vitro inhibitory concentration required against [125I]ET1 binding to membranes of CHO cells expressing human ETA receptor,CHEMBL1136632,P25101,Endothelin receptor ET-A,IC50,COc1ccccc1Oc1c(NS(=O)(=O)c2ccc(C(C)(C)C)cc2)nc(-c2ncccn2)nc1OCC#CCOCc1ccccc1,5.892790030352131
CHEMBL176482,CHEMBL252,Endothelin receptor ET-A,IC50,=,24.0,nM,CHEMBL682361,B,In vitro inhibitory concentration required against [125I]ET1 binding to membranes of CHO cells expressing human ETA receptor,CHEMBL1136632,P25101,Endothelin receptor ET-A,IC50,C#CCOc1nc(-c2ccnc(CO)c2)nc(NS(=O)(=O)c2ccc(C(C)C)cn2)c1Oc1ccccc1OC,7.619788758288394
CHEMBL279471,CHEMBL252,Endothelin receptor ET-A,IC50,=,0.17,nM,CHEMBL682969,B,Inhibitory concentration was determined against selective Endothelin A receptor,CHEMBL1134651,P25101,Endothelin receptor ET-A,IC50,Cc1cc(C)c(NC(=O)c2sccc2S(=O)(=O)Nc2onc(C)c2C)c(C)c1CC#N,9.769551078621726
CHEMBL283582,CHEMBL252,Endothelin receptor ET-A,IC50,=,0.43,nM,CHEMBL682969,B,Inhibitory concentration was determined against selective Endothelin A receptor,CHEMBL1134651,P25101,Endothelin receptor ET-A,IC50,CCc1cc(C)cc(C)c1NC(=O)c1sccc1S(=O)(=O)Nc1onc(C)c1Cl,9.366531544420413
CHEMBL280659,CHEMBL252,Endothelin receptor ET-A,IC50,=,0.19,nM,CHEMBL682969,B,Inhibitory concentration was determined against selective Endothelin A receptor,CHEMBL1134651,P25101,Endothelin receptor ET-A,IC50,Cc1cc(C)c(NC(=O)c2sccc2S(=O)(=O)Nc2onc(C)c2Cl)c(C)c1O,9.721246399047171
CHEMBL277595,CHEMBL252,Endothelin receptor ET-A,IC50,=,0.17,nM,CHEMBL682969,B,Inhibitory concentration was determined against selective Endothelin A receptor,CHEMBL1134651,P25101,Endothelin receptor ET-A,IC50,Cc1cc(C)c(NC(=O)c2sccc2S(=O)(=O)Nc2onc(C)c2Cl)c(C)c1,9.769551078621726
CHEMBL19661,CHEMBL252,Endothelin receptor ET-A,IC50,=,0.1,nM,CHEMBL682969,B,Inhibitory concentration was determined against selective Endothelin A receptor,CHEMBL1134651,P25101,Endothelin receptor ET-A,IC50,Cc1cc(C)c(NC(=O)c2sccc2S(=O)(=O)Nc2noc(C)c2Cl)c(C)c1CC#N,10.0
CHEMBL19808,CHEMBL252,Endothelin receptor ET-A,IC50,=,3.4,nM,CHEMBL682969,B,Inhibitory concentration was determined against selective Endothelin A receptor,CHEMBL1134651,P25101,Endothelin receptor ET-A,IC50,Cc1noc(NS(=O)(=O)c2ccsc2C(=O)Nc2cc3c(cc2C#N)OCO3)c1Cl,8.468521082957745
CHEMBL283136,CHEMBL252,Endothelin receptor ET-A,IC50,=,19.0,nM,CHEMBL682969,B,Inhibitory concentration was determined against selective Endothelin A receptor,CHEMBL1134651,P25101,Endothelin receptor ET-A,IC50,Cc1noc(NS(=O)(=O)c2ccsc2C(=O)Nc2ccc3c(c2)OCO3)c1Br,7.721246399047171
CHEMBL20168,CHEMBL252,Endothelin receptor ET-A,IC50,=,3.3,nM,CHEMBL682969,B,Inhibitory concentration was determined against selective Endothelin A receptor,CHEMBL1134651,P25101,Endothelin receptor ET-A,IC50,Cc1cc2c(cc1CC(=O)c1sccc1S(=O)(=O)Nc1onc(C)c1C)OCO2,8.481486060122112
CHEMBL278114,CHEMBL252,Endothelin receptor ET-A,IC50,=,15.0,nM,CHEMBL682969,B,Inhibitory concentration was determined against selective Endothelin A receptor,CHEMBL1134651,P25101,Endothelin receptor ET-A,IC50,Cc1ccc(NC(=O)c2sccc2S(=O)(=O)Nc2onc(C)c2Cl)cc1,7.823908740944319
CHEMBL282724,CHEMBL252,Endothelin receptor ET-A,IC50,=,1.4,nM,CHEMBL682969,B,Inhibitory concentration was determined against selective Endothelin A receptor,CHEMBL1134651,P25101,Endothelin receptor ET-A,IC50,Cc1cc2c(cc1CC(=O)c1sccc1S(=O)(=O)Nc1onc(C)c1Cl)OCO2,8.853871964321762
CHEMBL19921,CHEMBL252,Endothelin receptor ET-A,IC50,=,0.14,nM,CHEMBL682969,B,Inhibitory concentration was determined against selective Endothelin A receptor,CHEMBL1134651,P25101,Endothelin receptor ET-A,IC50,Cc1cc(C)c(CC(=O)c2sccc2S(=O)(=O)Nc2onc(C)c2Cl)c(C)c1O,9.853871964321762
CHEMBL277706,CHEMBL252,Endothelin receptor ET-A,IC50,=,0.12,nM,CHEMBL682969,B,Inhibitory concentration was determined against selective Endothelin A receptor,CHEMBL1134651,P25101,Endothelin receptor ET-A,IC50,Cc1cc(C)c(NC(=O)c2sccc2S(=O)(=O)Nc2onc(C)c2Cl)c(C(=O)C(C)C)c1,9.920818753952375
CHEMBL282470,CHEMBL252,Endothelin receptor ET-A,IC50,=,21.0,nM,CHEMBL682969,B,Inhibitory concentration was determined against selective Endothelin A receptor,CHEMBL1134651,P25101,Endothelin receptor ET-A,IC50,Cc1noc(NS(=O)(=O)c2ccsc2C(=O)Cc2ccc3c(c2)OCO3)c1Cl,7.6777807052660805
CHEMBL19950,CHEMBL252,Endothelin receptor ET-A,IC50,=,0.04,nM,CHEMBL682969,B,Inhibitory concentration was determined against selective Endothelin A receptor,CHEMBL1134651,P25101,Endothelin receptor ET-A,IC50,CC(=O)c1cc(C)cc(C)c1NC(=O)c1sccc1S(=O)(=O)Nc1onc(C)c1Cl,10.397940008672037
CHEMBL283535,CHEMBL252,Endothelin receptor ET-A,IC50,=,10.0,nM,CHEMBL682969,B,Inhibitory concentration was determined against selective Endothelin A receptor,CHEMBL1134651,P25101,Endothelin receptor ET-A,IC50,CC(=O)c1cc2c(cc1NC(=O)c1sccc1S(=O)(=O)Nc1onc(C)c1Cl)OCO2,8.0
CHEMBL18626,CHEMBL252,Endothelin receptor ET-A,IC50,=,0.14,nM,CHEMBL682969,B,Inhibitory concentration was determined against selective Endothelin A receptor,CHEMBL1134651,P25101,Endothelin receptor ET-A,IC50,Cc1cc(C)c(NC(=O)c2sccc2S(=O)(=O)Nc2onc(C)c2Cl)c(C)c1CC#N,9.853871964321762
CHEMBL23752,CHEMBL252,Endothelin receptor ET-A,IC50,=,31.0,nM,CHEMBL682108,B,Displacement of [125I]-labeled ET-1 from human cloned endothelin A (ETA) receptor,CHEMBL1135360,P25101,Endothelin receptor ET-A,IC50,CC(C)c1ccc(S(=O)(=O)NC(=O)C(c2ccc3c(c2)OCO3)c2c[nH]c3cc(C(=O)O)ccc23)cc1,7.508638306165727
CHEMBL433619,CHEMBL252,Endothelin receptor ET-A,IC50,=,7.5,nM,CHEMBL682108,B,Displacement of [125I]-labeled ET-1 from human cloned endothelin A (ETA) receptor,CHEMBL1135360,P25101,Endothelin receptor ET-A,IC50,Cn1cc(C(C(=O)NS(=O)(=O)c2ccc(Cl)cc2)c2ccc3c(c2)OCO3)c2ccc(C(N)=O)cc21,8.1249387366083
CHEMBL279947,CHEMBL252,Endothelin receptor ET-A,IC50,=,19.0,nM,CHEMBL682108,B,Displacement of [125I]-labeled ET-1 from human cloned endothelin A (ETA) receptor,CHEMBL1135360,P25101,Endothelin receptor ET-A,IC50,CC(C)c1ccc(S(=O)(=O)NC(=O)C(c2ccc3c(c2)OCO3)c2cn(C)c3cc(CO)ccc23)cc1,7.721246399047171
CHEMBL22513,CHEMBL252,Endothelin receptor ET-A,IC50,=,0.55,nM,CHEMBL682108,B,Displacement of [125I]-labeled ET-1 from human cloned endothelin A (ETA) receptor,CHEMBL1135360,P25101,Endothelin receptor ET-A,IC50,CCOc1cc(C)ccc1S(=O)(=O)NC(=O)C(c1ccc2c(c1)OCO2)c1cn(C)c2cc(C(N)=O)ccc12,9.259637310505756
CHEMBL281121,CHEMBL252,Endothelin receptor ET-A,IC50,=,100.0,nM,CHEMBL682108,B,Displacement of [125I]-labeled ET-1 from human cloned endothelin A (ETA) receptor,CHEMBL1135360,P25101,Endothelin receptor ET-A,IC50,COC(=O)c1ccc2c(C(C(=O)NS(=O)(=O)c3ccc(C(C)C)cc3)c3ccc4c(c3)OCO4)cn(C)c2c1,7.0
CHEMBL336033,CHEMBL252,Endothelin receptor ET-A,IC50,=,8.3,nM,CHEMBL682971,B,Inhibitory effect against Human Endothelin A receptor,CHEMBL1128172,P25101,Endothelin receptor ET-A,IC50,CC(C)C[C@H]1NC(=O)[C@H](C(C)C)NC(=O)[C@H]2CCCN2C(=O)[C@H](CC(=O)O)NC(=O)[C@H](Cc2c[nH]c3ccccc23)NC1=O,8.080921907623926
CHEMBL274758,CHEMBL252,Endothelin receptor ET-A,IC50,=,61.0,nM,CHEMBL682108,B,Displacement of [125I]-labeled ET-1 from human cloned endothelin A (ETA) receptor,CHEMBL1135360,P25101,Endothelin receptor ET-A,IC50,CC(C)c1ccc(S(=O)(=O)NC(=O)C(c2ccc3c(c2)OCO3)c2cn(C)c3cc(C#N)ccc23)cc1,7.214670164989233
CHEMBL24015,CHEMBL252,Endothelin receptor ET-A,IC50,=,12.0,nM,CHEMBL682108,B,Displacement of [125I]-labeled ET-1 from human cloned endothelin A (ETA) receptor,CHEMBL1135360,P25101,Endothelin receptor ET-A,IC50,Cn1cc(C(C(=O)NS(=O)(=O)c2ccccc2)c2ccc3c(c2)OCO3)c2ccc(C(N)=O)cc21,7.920818753952375
CHEMBL279703,CHEMBL252,Endothelin receptor ET-A,IC50,=,38.0,nM,CHEMBL682108,B,Displacement of [125I]-labeled ET-1 from human cloned endothelin A (ETA) receptor,CHEMBL1135360,P25101,Endothelin receptor ET-A,IC50,CC(C)c1ccc(S(=O)(=O)NC(=O)C(c2ccc3c(c2)OCO3)c2cn(C)c3cc(CN)ccc23)cc1,7.42021640338319
CHEMBL23418,CHEMBL252,Endothelin receptor ET-A,IC50,=,210.0,nM,CHEMBL682108,B,Displacement of [125I]-labeled ET-1 from human cloned endothelin A (ETA) receptor,CHEMBL1135360,P25101,Endothelin receptor ET-A,IC50,CCn1cc(C(C(=O)NS(=O)(=O)c2ccc(C(C)C)cc2)c2ccc3c(c2)OCO3)c2ccc(C(=O)OC)cc21,6.6777807052660805
CHEMBL278109,CHEMBL252,Endothelin receptor ET-A,IC50,=,1.8,nM,CHEMBL682108,B,Displacement of [125I]-labeled ET-1 from human cloned endothelin A (ETA) receptor,CHEMBL1135360,P25101,Endothelin receptor ET-A,IC50,Cc1ccc(S(=O)(=O)NC(=O)C(c2ccc3c(c2)OCO3)c2cn(C)c3cc(C(N)=O)ccc23)cc1,8.744727494896694
CHEMBL23444,CHEMBL252,Endothelin receptor ET-A,IC50,=,72.0,nM,CHEMBL682108,B,Displacement of [125I]-labeled ET-1 from human cloned endothelin A (ETA) receptor,CHEMBL1135360,P25101,Endothelin receptor ET-A,IC50,CCn1cc(C(C(=O)NS(=O)(=O)c2ccc(C(C)C)cc2)c2ccc3c(c2)OCO3)c2ccc(C(=O)N(C)C)cc21,7.142667503568731
CHEMBL280379,CHEMBL252,Endothelin receptor ET-A,IC50,=,2.8,nM,CHEMBL682108,B,Displacement of [125I]-labeled ET-1 from human cloned endothelin A (ETA) receptor,CHEMBL1135360,P25101,Endothelin receptor ET-A,IC50,COc1ccc(S(=O)(=O)NC(=O)C(c2ccc3c(c2)OCO3)c2cn(C)c3cc(C(N)=O)ccc23)cc1,8.55284196865778
CHEMBL22562,CHEMBL252,Endothelin receptor ET-A,IC50,=,1.1,nM,CHEMBL682108,B,Displacement of [125I]-labeled ET-1 from human cloned endothelin A (ETA) receptor,CHEMBL1135360,P25101,Endothelin receptor ET-A,IC50,COc1cc(C)ccc1S(=O)(=O)NC(=O)C(c1ccc2c(c1)OCO2)c1cn(C)c2cc(C(N)=O)ccc12,8.958607314841775
CHEMBL342615,CHEMBL252,Endothelin receptor ET-A,IC50,=,30.0,nM,CHEMBL682971,B,Inhibitory effect against Human Endothelin A receptor,CHEMBL1128172,P25101,Endothelin receptor ET-A,IC50,CC(C)C[C@H]1NC(=O)[C@H](C(C)C)NC(=O)[C@H]2CCCN2C(=O)[C@H](CS(=O)(=O)O)NC(=O)[C@H](Cc2c[nH]c3ccccc23)NC1=O,7.522878745280337
CHEMBL281378,CHEMBL252,Endothelin receptor ET-A,IC50,=,35.0,nM,CHEMBL682108,B,Displacement of [125I]-labeled ET-1 from human cloned endothelin A (ETA) receptor,CHEMBL1135360,P25101,Endothelin receptor ET-A,IC50,CC(C)c1ccc(S(=O)(=O)NC(=O)C(c2ccc3c(c2)OCO3)c2cn(C)c3cc(-c4nn[nH]n4)ccc23)cc1,7.455931955649724
CHEMBL539420,CHEMBL252,Endothelin receptor ET-A,IC50,=,3.5,nM,CHEMBL682108,B,Displacement of [125I]-labeled ET-1 from human cloned endothelin A (ETA) receptor,CHEMBL1135360,P25101,Endothelin receptor ET-A,IC50,CCn1cc(C(C(=O)NS(=O)(=O)c2ccc(C(C)C)cc2)c2ccc3c(c2)OCO3)c2ccc(C(N)=O)cc21,8.455931955649724
CHEMBL133257,CHEMBL252,Endothelin receptor ET-A,IC50,=,3.4,nM,CHEMBL682970,B,Inhibitory effect against Human ET-A receptor,CHEMBL1128172,P25101,Endothelin receptor ET-A,IC50,CC(C)C[C@H]1NC(=O)[C@H](C2CCCC2)NC(=O)[C@H]2CCCN2C(=O)[C@H](CC(=O)O)NC(=O)[C@H](Cc2c[nH]c3ccccc23)NC1=O,8.468521082957745
CHEMBL414165,CHEMBL252,Endothelin receptor ET-A,IC50,=,1.2,nM,CHEMBL682970,B,Inhibitory effect against Human ET-A receptor,CHEMBL1128172,P25101,Endothelin receptor ET-A,IC50,CC(C)C[C@H]1NC(=O)[C@H](c2cccs2)NC(=O)[C@H]2CCCN2C(=O)[C@H](CC(=O)O)NC(=O)[C@H](Cc2c[nH]c3ccccc23)NC1=O,8.920818753952375
CHEMBL262784,CHEMBL252,Endothelin receptor ET-A,IC50,=,2.3,nM,CHEMBL682108,B,Displacement of [125I]-labeled ET-1 from human cloned endothelin A (ETA) receptor,CHEMBL1135360,P25101,Endothelin receptor ET-A,IC50,CC(C)c1ccc(S(=O)(=O)NC(=O)C(c2ccc3c(c2)OCO3)c2cn(C)c3cc(C(N)=O)ccc23)cc1,8.638272163982407
CHEMBL276982,CHEMBL252,Endothelin receptor ET-A,IC50,=,6.5,nM,CHEMBL682108,B,Displacement of [125I]-labeled ET-1 from human cloned endothelin A (ETA) receptor,CHEMBL1135360,P25101,Endothelin receptor ET-A,IC50,Cn1cc(C(C(=O)NS(=O)(=O)c2ccc(C(F)(F)F)cc2)c2ccc3c(c2)OCO3)c2ccc(C(N)=O)cc21,8.187086643357144
CHEMBL343379,CHEMBL252,Endothelin receptor ET-A,IC50,=,590.0,nM,CHEMBL682971,B,Inhibitory effect against Human Endothelin A receptor,CHEMBL1128172,P25101,Endothelin receptor ET-A,IC50,CC[C@H](C)[C@@H]1NC(=O)[C@@H](C)NC(=O)[C@H](CCC(=O)O)NC(=O)[C@H](Cc2c[nH]c3ccccc23)NC(=O)[C@@H](CC(C)C)NC1=O,6.229147988357855
CHEMBL278349,CHEMBL252,Endothelin receptor ET-A,IC50,=,3.1,nM,CHEMBL682108,B,Displacement of [125I]-labeled ET-1 from human cloned endothelin A (ETA) receptor,CHEMBL1135360,P25101,Endothelin receptor ET-A,IC50,Cn1cc(C(C(=O)NS(=O)(=O)c2ccccc2C(=O)O)c2ccc3c(c2)OCO3)c2ccc(C(N)=O)cc21,8.508638306165727
CHEMBL2114305,CHEMBL252,Endothelin receptor ET-A,IC50,=,22.0,nM,CHEMBL682108,B,Displacement of [125I]-labeled ET-1 from human cloned endothelin A (ETA) receptor,CHEMBL1135360,P25101,Endothelin receptor ET-A,IC50,CC(C)c1ccc(S(=O)(=O)NC(=O)C(c2ccc3c(c2)OCO3)c2cn(C)c3cc(C(=O)O)ccc23)cc1,7.657577319177793
CHEMBL23833,CHEMBL252,Endothelin receptor ET-A,IC50,=,32.0,nM,CHEMBL682108,B,Displacement of [125I]-labeled ET-1 from human cloned endothelin A (ETA) receptor,CHEMBL1135360,P25101,Endothelin receptor ET-A,IC50,CCn1cc(C(C(=O)NS(=O)(=O)c2ccc(C(C)C)cc2)c2ccc3c(c2)OCO3)c2ccc(C(=O)O)cc21,7.494850021680094
CHEMBL433221,CHEMBL252,Endothelin receptor ET-A,IC50,=,30.0,nM,CHEMBL682108,B,Displacement of [125I]-labeled ET-1 from human cloned endothelin A (ETA) receptor,CHEMBL1135360,P25101,Endothelin receptor ET-A,IC50,CCn1cc(C(C(=O)NS(=O)(=O)c2ccc(C(C)C)cc2)c2ccc3c(c2)OCO3)c2ccc(C(=O)NC)cc21,7.522878745280337
CHEMBL22249,CHEMBL252,Endothelin receptor ET-A,IC50,=,5.2,nM,CHEMBL682108,B,Displacement of [125I]-labeled ET-1 from human cloned endothelin A (ETA) receptor,CHEMBL1135360,P25101,Endothelin receptor ET-A,IC50,Cc1ccccc1S(=O)(=O)NC(=O)C(c1ccc2c(c1)OCO2)c1cn(C)c2cc(C(N)=O)ccc12,8.2839966563652
CHEMBL22367,CHEMBL252,Endothelin receptor ET-A,IC50,=,5.0,nM,CHEMBL682108,B,Displacement of [125I]-labeled ET-1 from human cloned endothelin A (ETA) receptor,CHEMBL1135360,P25101,Endothelin receptor ET-A,IC50,COc1ccccc1S(=O)(=O)NC(=O)C(c1ccc2c(c1)OCO2)c1cn(C)c2cc(C(N)=O)ccc12,8.301029995663981
CHEMBL23261,CHEMBL252,Endothelin receptor ET-A,IC50,=,0.8,nM,CHEMBL682108,B,Displacement of [125I]-labeled ET-1 from human cloned endothelin A (ETA) receptor,CHEMBL1135360,P25101,Endothelin receptor ET-A,IC50,COc1cc(OC)nc(O[C@H](C(=O)O)C(OC)(c2ccccc2)c2ccccc2)n1,9.096910013008056
CHEMBL305267,CHEMBL252,Endothelin receptor ET-A,IC50,=,4.0,nM,CHEMBL677308,B,Inhibition of [125I]-ET-1 binding to recombinant human Endothelin A receptor.,CHEMBL1132648,P25101,Endothelin receptor ET-A,IC50,COc1ccc(C2(O)OC(=O)C(c3ccc4c(c3)OCO4)=C2Cc2cccc(OCCN3CCOCC3)c2)cc1,8.397940008672037
CHEMBL308646,CHEMBL252,Endothelin receptor ET-A,IC50,=,0.2,nM,CHEMBL677308,B,Inhibition of [125I]-ET-1 binding to recombinant human Endothelin A receptor.,CHEMBL1132648,P25101,Endothelin receptor ET-A,IC50,COC(=O)COc1cc(CC2=C(c3ccc4c(c3)OCO4)C(=O)OC2(O)c2ccc(OC)cc2)cc(OC)c1OC,9.698970004336019
CHEMBL304762,CHEMBL252,Endothelin receptor ET-A,IC50,=,0.29,nM,CHEMBL677308,B,Inhibition of [125I]-ET-1 binding to recombinant human Endothelin A receptor.,CHEMBL1132648,P25101,Endothelin receptor ET-A,IC50,COc1ccc(C2(O)OC(=O)C(c3ccc4c(c3)OCO4)=C2Cc2cc(OC)c(OC)c(OCCCC(=O)O)c2)cc1,9.537602002101044
CHEMBL66762,CHEMBL252,Endothelin receptor ET-A,IC50,=,28.0,nM,CHEMBL677308,B,Inhibition of [125I]-ET-1 binding to recombinant human Endothelin A receptor.,CHEMBL1132648,P25101,Endothelin receptor ET-A,IC50,COc1ccc(C2(O)OC(=O)C(c3ccc4c(c3)OCO4)=C2Cc2cccc(OCCCN(C)C)c2)cc1,7.552841968657781
CHEMBL304802,CHEMBL252,Endothelin receptor ET-A,IC50,=,2.0,nM,CHEMBL677308,B,Inhibition of [125I]-ET-1 binding to recombinant human Endothelin A receptor.,CHEMBL1132648,P25101,Endothelin receptor ET-A,IC50,COc1ccc(C2(O)OC(=O)C(c3ccc4c(c3)OCO4)=C2Cc2cc(OC)c(OC)c(OCCCN3CCN(C)CC3)c2)cc1,8.698970004336019
CHEMBL69832,CHEMBL252,Endothelin receptor ET-A,IC50,=,0.3,nM,CHEMBL677308,B,Inhibition of [125I]-ET-1 binding to recombinant human Endothelin A receptor.,CHEMBL1132648,P25101,Endothelin receptor ET-A,IC50,COc1ccc(C2(O)OC(=O)C(c3ccc4c(c3)OCO4)=C2Cc2cc(OC)c(OC)c(OCCCCC(=O)O)c2)cc1,9.522878745280337
CHEMBL71787,CHEMBL252,Endothelin receptor ET-A,IC50,=,12.0,nM,CHEMBL677308,B,Inhibition of [125I]-ET-1 binding to recombinant human Endothelin A receptor.,CHEMBL1132648,P25101,Endothelin receptor ET-A,IC50,COc1ccc(C2(O)OC(=O)C(c3ccc4c(c3)OCO4)=C2Cc2cccc(OCCCN3CCN(C)CC3)c2)cc1,7.920818753952375
CHEMBL302493,CHEMBL252,Endothelin receptor ET-A,IC50,=,2.0,nM,CHEMBL677308,B,Inhibition of [125I]-ET-1 binding to recombinant human Endothelin A receptor.,CHEMBL1132648,P25101,Endothelin receptor ET-A,IC50,COc1ccc(C2(O)OC(=O)C(c3ccc4c(c3)OCO4)=C2Cc2cccc(OCCCN3CCOCC3)c2)cc1,8.698970004336019
CHEMBL65939,CHEMBL252,Endothelin receptor ET-A,IC50,=,10.0,nM,CHEMBL677308,B,Inhibition of [125I]-ET-1 binding to recombinant human Endothelin A receptor.,CHEMBL1132648,P25101,Endothelin receptor ET-A,IC50,COc1ccc(C2(O)OC(=O)C(c3ccc4c(c3)OCO4)=C2Cc2cccc(OCCN3CCCC3)c2)cc1,8.0
CHEMBL408055,CHEMBL252,Endothelin receptor ET-A,IC50,=,0.38,nM,CHEMBL677308,B,Inhibition of [125I]-ET-1 binding to recombinant human Endothelin A receptor.,CHEMBL1132648,P25101,Endothelin receptor ET-A,IC50,COc1ccc(C2(O)OC(=O)C(c3ccc4c(c3)OCO4)=C2Cc2cc(OC)c(OC)c(OCCCS(=O)(=O)[O-])c2)cc1.[Na+],9.42021640338319
CHEMBL68269,CHEMBL252,Endothelin receptor ET-A,IC50,=,1.0,nM,CHEMBL677308,B,Inhibition of [125I]-ET-1 binding to recombinant human Endothelin A receptor.,CHEMBL1132648,P25101,Endothelin receptor ET-A,IC50,COc1ccc(C2(O)OC(=O)C(c3ccc4c(c3)OCO4)=C2Cc2cc(OC)c(OC)c(OCCCN(C)C)c2)cc1,9.0
CHEMBL291058,CHEMBL252,Endothelin receptor ET-A,IC50,=,0.05,nM,CHEMBL677308,B,Inhibition of [125I]-ET-1 binding to recombinant human Endothelin A receptor.,CHEMBL1132648,P25101,Endothelin receptor ET-A,IC50,COC(=O)CCCCOc1cc(CC2=C(c3ccc4c(c3)OCO4)C(=O)OC2(O)c2ccc(OC)cc2)cc(OC)c1OC,10.301029995663981
CHEMBL307330,CHEMBL252,Endothelin receptor ET-A,IC50,=,2.8,nM,CHEMBL677308,B,Inhibition of [125I]-ET-1 binding to recombinant human Endothelin A receptor.,CHEMBL1132648,P25101,Endothelin receptor ET-A,IC50,COc1ccc(C2(O)OC(=O)C(c3ccc4c(c3)OCO4)=C2Cc2cc(OC)c(OC)c(OCCN(C)C)c2)cc1,8.55284196865778
CHEMBL8981,CHEMBL252,Endothelin receptor ET-A,IC50,=,0.3,nM,CHEMBL677308,B,Inhibition of [125I]-ET-1 binding to recombinant human Endothelin A receptor.,CHEMBL1132648,P25101,Endothelin receptor ET-A,IC50,COc1ccc(C2(O)OC(=O)C(c3ccc4c(c3)OCO4)=C2Cc2cc(OC)c(OC)c(OC)c2)cc1,9.522878745280337
CHEMBL303712,CHEMBL252,Endothelin receptor ET-A,IC50,=,2000.0,nM,CHEMBL677308,B,Inhibition of [125I]-ET-1 binding to recombinant human Endothelin A receptor.,CHEMBL1132648,P25101,Endothelin receptor ET-A,IC50,COc1ccc(C2(O)OC(=O)C(c3ccc4c(c3)OCO4)=C2Cc2cc(OCCN3CCOCC3)c(OC)c(OCCN3CCOCC3)c2)cc1,5.698970004336019
CHEMBL70017,CHEMBL252,Endothelin receptor ET-A,IC50,=,8.5,nM,CHEMBL677308,B,Inhibition of [125I]-ET-1 binding to recombinant human Endothelin A receptor.,CHEMBL1132648,P25101,Endothelin receptor ET-A,IC50,COc1ccc(C2(O)OC(=O)C(c3ccc4c(c3)OCO4)=C2Cc2cc(OC)c(OC)c(OCC(=O)O)c2)cc1,8.070581074285707
CHEMBL69986,CHEMBL252,Endothelin receptor ET-A,IC50,=,0.09,nM,CHEMBL677308,B,Inhibition of [125I]-ET-1 binding to recombinant human Endothelin A receptor.,CHEMBL1132648,P25101,Endothelin receptor ET-A,IC50,COC(=O)CCCOc1cc(CC2=C(c3ccc4c(c3)OCO4)C(=O)OC2(O)c2ccc(OC)cc2)cc(OC)c1OC,10.045757490560675
CHEMBL302974,CHEMBL252,Endothelin receptor ET-A,IC50,=,0.2,nM,CHEMBL677308,B,Inhibition of [125I]-ET-1 binding to recombinant human Endothelin A receptor.,CHEMBL1132648,P25101,Endothelin receptor ET-A,IC50,COc1ccc(C2(O)OC(=O)C(c3ccc4c(c3)OCO4)=C2Cc2cc(OC)c(OC)c(OCCN3CCOCC3)c2)cc1,9.698970004336019
CHEMBL303484,CHEMBL252,Endothelin receptor ET-A,IC50,=,0.7,nM,CHEMBL677308,B,Inhibition of [125I]-ET-1 binding to recombinant human Endothelin A receptor.,CHEMBL1132648,P25101,Endothelin receptor ET-A,IC50,COc1ccc(C2(O)OC(=O)C(c3ccc4c(c3)OCO4)=C2Cc2cc(OC)c(OC)c(OCCCN3CCOCC3)c2)cc1,9.154901959985743
CHEMBL305777,CHEMBL252,Endothelin receptor ET-A,IC50,=,27.0,nM,CHEMBL677308,B,Inhibition of [125I]-ET-1 binding to recombinant human Endothelin A receptor.,CHEMBL1132648,P25101,Endothelin receptor ET-A,IC50,COc1ccc(C2(O)OC(=O)C(c3ccc4c(c3)OCO4)=C2Cc2cccc(OCCN(C)C)c2)cc1,7.568636235841012
CHEMBL147908,CHEMBL252,Endothelin receptor ET-A,IC50,=,650.0,nM,CHEMBL679794,B,Displacement of [125I]-ET-1 from Endothelin A receptor of rabbit renal artery vascular smooth muscle cells,CHEMBL1127199,P25101,Endothelin receptor ET-A,IC50,CC[C@H](C)[C@H](NC(=O)[C@H](CC(=O)O)NC(=O)[C@H](CCC(=O)O)NC(=O)[C@@H](Cc1ccccc1)NC(C)=O)C(=O)N[C@H](C(=O)N[C@@H](Cc1c[nH]c2ccccc12)C(=O)O)[C@@H](C)CC,6.187086643357144
CHEMBL146155,CHEMBL252,Endothelin receptor ET-A,IC50,=,930.0,nM,CHEMBL679794,B,Displacement of [125I]-ET-1 from Endothelin A receptor of rabbit renal artery vascular smooth muscle cells,CHEMBL1127199,P25101,Endothelin receptor ET-A,IC50,CC[C@H](C)[C@H](NC(=O)[C@H](CC(=O)O)NC(=O)[C@@H](Cc1ccccc1)NC(=O)[C@@H](Cc1ccccc1)NC(C)=O)C(=O)N[C@H](C(=O)N[C@@H](Cc1c[nH]c2ccccc12)C(=O)O)[C@@H](C)CC,6.031517051446064
CHEMBL175916,CHEMBL252,Endothelin receptor ET-A,IC50,=,220.0,nM,CHEMBL682362,B,Inhibition of [125]ET-1 binding to human Endothelin A receptor expressed in vero cells,CHEMBL1139440,P25101,Endothelin receptor ET-A,IC50,CC(C)C(NC(=O)OCc1ccccc1)C(=O)NC(Cc1ccc(O)cc1)C(=O)O,6.657577319177793
CHEMBL51530,CHEMBL252,Endothelin receptor ET-A,IC50,=,7.4,nM,CHEMBL681513,B,Binding affinity for human Endothelin A receptor expressed in LtK- cells,CHEMBL1129826,P25101,Endothelin receptor ET-A,IC50,COc1ccc(C(=O)/C(Cc2ccccc2)=C(\C(=O)[O-])c2ccc3c(c2)OCO3)cc1.[Na+],8.130768280269024
CHEMBL320839,CHEMBL252,Endothelin receptor ET-A,IC50,=,0.8,nM,CHEMBL681513,B,Binding affinity for human Endothelin A receptor expressed in LtK- cells,CHEMBL1129826,P25101,Endothelin receptor ET-A,IC50,C=CCNC(=O)OC1(c2ccc(OC)cc2)OC(=O)C(c2ccc3c(c2)OCO3)=C1Cc1cc(OC)c(OC)c(OC)c1,9.096910013008056
CHEMBL319452,CHEMBL252,Endothelin receptor ET-A,IC50,=,0.35,nM,CHEMBL681513,B,Binding affinity for human Endothelin A receptor expressed in LtK- cells,CHEMBL1129826,P25101,Endothelin receptor ET-A,IC50,CCOC(=O)CNC(=O)OC1(c2ccc(OC)cc2)OC(=O)C(c2ccc3c(c2)OCO3)=C1Cc1cc(OC)c(OC)c(OC)c1,9.455931955649724
CHEMBL276173,CHEMBL252,Endothelin receptor ET-A,IC50,=,300.0,nM,CHEMBL681513,B,Binding affinity for human Endothelin A receptor expressed in LtK- cells,CHEMBL1129826,P25101,Endothelin receptor ET-A,IC50,COc1ccc(C2(OC)OC(=O)C(c3ccc4c(c3)OCO4)=C2Cc2ccccc2)cc1,6.522878745280337
CHEMBL450337,CHEMBL252,Endothelin receptor ET-A,IC50,=,0.4,nM,CHEMBL681513,B,Binding affinity for human Endothelin A receptor expressed in LtK- cells,CHEMBL1129826,P25101,Endothelin receptor ET-A,IC50,CCOC(=O)CCNC(=O)OC1(c2ccc(OC)cc2)OC(=O)C(c2ccc3c(c2)OCO3)=C1Cc1cc(OC)c(OC)c(OC)c1,9.397940008672037
CHEMBL2370070,CHEMBL252,Endothelin receptor ET-A,IC50,=,750.0,nM,CHEMBL679794,B,Displacement of [125I]-ET-1 from Endothelin A receptor of rabbit renal artery vascular smooth muscle cells,CHEMBL1127199,P25101,Endothelin receptor ET-A,IC50,CC[C@H](C)[C@H](NC(=O)[C@H](CC(=O)O)NC(=O)[C@H](CCCN)NC(=O)[C@@H](Cc1ccccc1)NC(C)=O)C(=O)N[C@H](C(=O)N[C@@H](Cc1c[nH]c2ccccc12)C(=O)O)[C@@H](C)CC,6.1249387366083
CHEMBL327350,CHEMBL252,Endothelin receptor ET-A,IC50,=,1180.0,nM,CHEMBL679794,B,Displacement of [125I]-ET-1 from Endothelin A receptor of rabbit renal artery vascular smooth muscle cells,CHEMBL1127199,P25101,Endothelin receptor ET-A,IC50,CC[C@H](C)[C@H](NC(=O)[C@H](Cc1ccccc1)NC(=O)[C@H](CC(C)C)NC(=O)[C@@H](Cc1ccccc1)NC(C)=O)C(=O)N[C@H](C(=O)N[C@@H](Cc1c[nH]c2ccccc12)C(=O)O)[C@@H](C)CC,5.928117992693874
CHEMBL413825,CHEMBL252,Endothelin receptor ET-A,IC50,=,7800.0,nM,CHEMBL682107,B,Binding affinity in LtK cells stably transfected with human endothelin A (ETA) receptor,CHEMBL1152094,P25101,Endothelin receptor ET-A,IC50,C[C@@H]1NC(=O)[C@@H]([C@@H](C)O)NC(=O)CNC(=O)[C@@H](Cc2c[nH]cn2)NC(=O)[C@H](Cc2c[nH]c3ccccc23)NC(=O)[C@@H](CC(N)=O)NC(=O)CNC(=O)[C@H](CC(=O)N[C@@H](Cc2c[nH]c3ccccc23)C(=O)N[C@@H](Cc2ccccc2)C(=O)N[C@@H](Cc2ccccc2)C(=O)N[C@@H](CC(N)=O)C(=O)N[C@@H](Cc2ccc(O)cc2)C(=O)N[C@@H](Cc2ccc(O)cc2)C(=O)N[C@@H](Cc2c[nH]c3ccccc23)C(=O)O)NC(=O)[C@H]2CCCN2C1=O,5.107905397309519
CHEMBL315658,CHEMBL252,Endothelin receptor ET-A,IC50,=,9100.0,nM,CHEMBL679794,B,Displacement of [125I]-ET-1 from Endothelin A receptor of rabbit renal artery vascular smooth muscle cells,CHEMBL1127199,P25101,Endothelin receptor ET-A,IC50,CC[C@H](C)[C@H](NC(=O)[C@H](CC(=O)O)NC(=O)[C@@H](Cc1ccccc1)NC(C)=O)C(=O)N[C@H](C(=O)N[C@@H](Cc1c[nH]c2ccccc12)C(=O)O)[C@@H](C)CC,5.040958607678906
CHEMBL322920,CHEMBL252,Endothelin receptor ET-A,IC50,=,2.0,nM,CHEMBL681513,B,Binding affinity for human Endothelin A receptor expressed in LtK- cells,CHEMBL1129826,P25101,Endothelin receptor ET-A,IC50,COc1ccc(C2(OC(=O)N[C@@H](C)c3cccc4ccccc34)OC(=O)C(c3ccc4c(c3)OCO4)=C2Cc2cc(OC)c(OC)c(OC)c2)cc1,8.698970004336019
CHEMBL405677,CHEMBL252,Endothelin receptor ET-A,IC50,=,250.0,nM,CHEMBL682107,B,Binding affinity in LtK cells stably transfected with human endothelin A (ETA) receptor,CHEMBL1152094,P25101,Endothelin receptor ET-A,IC50,CC(=O)[C@@H](Cc1c[nH]c2ccccc12)N[C@@H](Cc1ccccc1)C(=O)N[C@@H](Cc1ccccc1)C(=O)N[C@@H](CC(N)=O)C(=O)N[C@@H](Cc1ccc(O)cc1)C(=O)N[C@@H](Cc1ccc(O)cc1)C(=O)N[C@@H](Cc1c[nH]c2ccccc12)C(=O)O,6.6020599913279625
CHEMBL441006,CHEMBL252,Endothelin receptor ET-A,IC50,=,8100.0,nM,CHEMBL682107,B,Binding affinity in LtK cells stably transfected with human endothelin A (ETA) receptor,CHEMBL1152094,P25101,Endothelin receptor ET-A,IC50,CC(=O)[C@H](Cc1c[nH]c2ccccc12)N[C@@H](Cc1ccccc1)C(=O)N[C@@H](Cc1ccccc1)C(=O)N[C@@H](CC(N)=O)C(=O)N[C@@H](Cc1ccc(O)cc1)C(=O)N[C@@H](Cc1ccc(O)cc1)C(=O)N[C@@H](Cc1c[nH]c2ccccc12)C(=O)O,5.0915149811213505
CHEMBL103501,CHEMBL252,Endothelin receptor ET-A,IC50,=,18.0,nM,CHEMBL681513,B,Binding affinity for human Endothelin A receptor expressed in LtK- cells,CHEMBL1129826,P25101,Endothelin receptor ET-A,IC50,COc1ccc(C2(OC(=O)N[C@@H](C)c3ccccc3)OC(=O)C(c3ccc4c(c3)OCO4)=C2Cc2ccccc2)cc1,7.7447274948966935
CHEMBL322920,CHEMBL252,Endothelin receptor ET-A,IC50,=,1.0,nM,CHEMBL681513,B,Binding affinity for human Endothelin A receptor expressed in LtK- cells,CHEMBL1129826,P25101,Endothelin receptor ET-A,IC50,COc1ccc(C2(OC(=O)N[C@@H](C)c3cccc4ccccc34)OC(=O)C(c3ccc4c(c3)OCO4)=C2Cc2cc(OC)c(OC)c(OC)c2)cc1,9.0
CHEMBL320183,CHEMBL252,Endothelin receptor ET-A,IC50,=,9.0,nM,CHEMBL681513,B,Binding affinity for human Endothelin A receptor expressed in LtK- cells,CHEMBL1129826,P25101,Endothelin receptor ET-A,IC50,CNC(=O)OC1(c2ccc(OC)cc2)OC(=O)C(c2ccc3c(c2)OCO3)=C1Cc1cc(OC)c(OC)c(OC)c1,8.045757490560675
CHEMBL103846,CHEMBL252,Endothelin receptor ET-A,IC50,=,0.6,nM,CHEMBL681513,B,Binding affinity for human Endothelin A receptor expressed in LtK- cells,CHEMBL1129826,P25101,Endothelin receptor ET-A,IC50,CCOC(=O)C(NC(=O)OC1(c2ccc(OC)cc2)OC(=O)C(c2ccc3c(c2)OCO3)=C1Cc1cc(OC)c(OC)c(OC)c1)C(C)C,9.221848749616356
CHEMBL413880,CHEMBL252,Endothelin receptor ET-A,IC50,=,2400.0,nM,CHEMBL682107,B,Binding affinity in LtK cells stably transfected with human endothelin A (ETA) receptor,CHEMBL1152094,P25101,Endothelin receptor ET-A,IC50,NC(=O)C[C@H](NC(=O)[C@H](Cc1ccccc1)NC(=O)[C@H](Cc1ccccc1)N[C@H](Cc1c[nH]c2ccccc12)C(=O)O)C(=O)N[C@@H](Cc1ccc(O)cc1)C(=O)N[C@@H](Cc1ccc(O)cc1)C(=O)N[C@@H](Cc1c[nH]c2ccccc12)C(=O)O,5.619788758288394
CHEMBL322920,CHEMBL252,Endothelin receptor ET-A,IC50,=,1.0,nM,CHEMBL681513,B,Binding affinity for human Endothelin A receptor expressed in LtK- cells,CHEMBL1129826,P25101,Endothelin receptor ET-A,IC50,COc1ccc(C2(OC(=O)N[C@@H](C)c3cccc4ccccc34)OC(=O)C(c3ccc4c(c3)OCO4)=C2Cc2cc(OC)c(OC)c(OC)c2)cc1,9.0
CHEMBL8981,CHEMBL252,Endothelin receptor ET-A,IC50,=,0.37,nM,CHEMBL681513,B,Binding affinity for human Endothelin A receptor expressed in LtK- cells,CHEMBL1129826,P25101,Endothelin receptor ET-A,IC50,COc1ccc(C2(O)OC(=O)C(c3ccc4c(c3)OCO4)=C2Cc2cc(OC)c(OC)c(OC)c2)cc1,9.431798275933005
CHEMBL414917,CHEMBL252,Endothelin receptor ET-A,IC50,=,9500.0,nM,CHEMBL682107,B,Binding affinity in LtK cells stably transfected with human endothelin A (ETA) receptor,CHEMBL1152094,P25101,Endothelin receptor ET-A,IC50,NC(=O)C[C@H](NC(=O)[C@H](Cc1ccccc1)NC(=O)[C@@H](N)C1c2ccccc2CCc2ccccc21)C(=O)N[C@@H](Cc1ccc(O)cc1)C(=O)N[C@@H](Cc1ccc(O)cc1)C(=O)N[C@@H](Cc1c[nH]c2ccccc12)C(=O)O,5.022276394711152
CHEMBL385405,CHEMBL252,Endothelin receptor ET-A,IC50,=,1900.0,nM,CHEMBL682107,B,Binding affinity in LtK cells stably transfected with human endothelin A (ETA) receptor,CHEMBL1152094,P25101,Endothelin receptor ET-A,IC50,CC(=O)N[C@H](C(=O)N[C@@H](Cc1ccccc1)C(=O)N[C@@H](CC(N)=O)C(=O)N[C@@H](Cc1ccc(O)cc1)C(=O)N[C@@H](Cc1ccc(O)cc1)C(=O)N[C@@H](Cc1c[nH]c2ccccc12)C(=O)O)C1c2ccccc2CCc2ccccc21,5.721246399047171
CHEMBL86814,CHEMBL252,Endothelin receptor ET-A,IC50,=,2800.0,nM,CHEMBL679794,B,Displacement of [125I]-ET-1 from Endothelin A receptor of rabbit renal artery vascular smooth muscle cells,CHEMBL1127199,P25101,Endothelin receptor ET-A,IC50,CC[C@H](C)[C@H](NC(=O)[C@H](CC(=O)O)NC(=O)[C@H](CC(C)C)NC(=O)[C@@H](Cc1ccccc1)NC(C)=O)C(=O)N[C@H](C(=O)N[C@@H](Cc1c[nH]c2ccccc12)C(=O)O)[C@@H](C)CC,5.552841968657781
CHEMBL367093,CHEMBL252,Endothelin receptor ET-A,IC50,=,6.2,nM,CHEMBL682362,B,Inhibition of [125]ET-1 binding to human Endothelin A receptor expressed in vero cells,CHEMBL1139440,P25101,Endothelin receptor ET-A,IC50,COC(=O)c1cc(S(=O)(=O)Nc2cccc(-c3cnco3)c2)oc1C,8.207608310501746
CHEMBL330489,CHEMBL252,Endothelin receptor ET-A,IC50,=,8000.0,nM,CHEMBL679794,B,Displacement of [125I]-ET-1 from Endothelin A receptor of rabbit renal artery vascular smooth muscle cells,CHEMBL1127199,P25101,Endothelin receptor ET-A,IC50,CC[C@H](C)[C@H](NC(=O)[C@@H](Cc1ccccc1)NC(C)=O)C(=O)N[C@@H](Cc1c[nH]c2ccccc12)C(=O)O,5.096910013008056
CHEMBL289687,CHEMBL252,Endothelin receptor ET-A,IC50,=,9500.0,nM,CHEMBL679794,B,Displacement of [125I]-ET-1 from Endothelin A receptor of rabbit renal artery vascular smooth muscle cells,CHEMBL1127199,P25101,Endothelin receptor ET-A,IC50,CC[C@H](C)[C@H](NC(=O)[C@H](CC(=O)O)NC(=O)[C@H](CC(C)C)NC(=O)[C@@H](Cc1c[nH]cn1)NC(C)=O)C(=O)N[C@H](C(=O)N[C@@H](Cc1c[nH]c2ccccc12)C(=O)O)[C@@H](C)CC,5.022276394711152
CHEMBL313984,CHEMBL252,Endothelin receptor ET-A,IC50,=,200.0,nM,CHEMBL679794,B,Displacement of [125I]-ET-1 from Endothelin A receptor of rabbit renal artery vascular smooth muscle cells,CHEMBL1127199,P25101,Endothelin receptor ET-A,IC50,CC[C@H](C)[C@H](NC(=O)[C@H](CC(=O)O)NC(=O)[C@H](Cc1ccccc1)NC(=O)[C@@H](Cc1ccccc1)NC(C)=O)C(=O)N[C@H](C(=O)N[C@@H](Cc1c[nH]c2ccccc12)C(=O)O)[C@@H](C)CC,6.698970004336019
CHEMBL273391,CHEMBL252,Endothelin receptor ET-A,IC50,=,18400.0,nM,CHEMBL679794,B,Displacement of [125I]-ET-1 from Endothelin A receptor of rabbit renal artery vascular smooth muscle cells,CHEMBL1127199,P25101,Endothelin receptor ET-A,IC50,CC[C@H](C)[C@H](NC(=O)[C@H](CC(=O)O)NC(=O)[C@H](CC(C)C)NC(=O)[C@H](Cc1ccccc1)NC(C)=O)C(=O)N[C@H](C(=O)N[C@@H](Cc1c[nH]c2ccccc12)C(=O)O)[C@@H](C)CC,4.735182176990463
CHEMBL316523,CHEMBL252,Endothelin receptor ET-A,IC50,=,0.5,nM,CHEMBL681513,B,Binding affinity for human Endothelin A receptor expressed in LtK- cells,CHEMBL1129826,P25101,Endothelin receptor ET-A,IC50,CCOC(=O)C(CC(C)C)NC(=O)OC1(c2ccc(OC)cc2)OC(=O)C(c2ccc3c(c2)OCO3)=C1Cc1cc(OC)c(OC)c(OC)c1,9.301029995663981
CHEMBL313551,CHEMBL252,Endothelin receptor ET-A,IC50,=,306.0,nM,CHEMBL677307,B,Compound was tested for binding affinity against Endothelin A receptor,CHEMBL1128922,P25101,Endothelin receptor ET-A,IC50,Cc1ccccc1-c1ccsc1S(=O)(=O)Nc1onc(C)c1Br,6.514278573518419
CHEMBL89688,CHEMBL252,Endothelin receptor ET-A,IC50,=,100.2,nM,CHEMBL677307,B,Compound was tested for binding affinity against Endothelin A receptor,CHEMBL1128922,P25101,Endothelin receptor ET-A,IC50,Cc1ccc(-c2ccsc2S(=O)(=O)Nc2onc(C)c2Br)c(C)c1,6.999132278468773
CHEMBL432815,CHEMBL252,Endothelin receptor ET-A,IC50,=,47.9,nM,CHEMBL677307,B,Compound was tested for binding affinity against Endothelin A receptor,CHEMBL1128922,P25101,Endothelin receptor ET-A,IC50,Cc1cc(CC(C)C)ccc1-c1ccsc1S(=O)(=O)Nc1onc(C)c1Br,7.319664486585436
CHEMBL329560,CHEMBL252,Endothelin receptor ET-A,IC50,=,159.6,nM,CHEMBL677307,B,Compound was tested for binding affinity against Endothelin A receptor,CHEMBL1128922,P25101,Endothelin receptor ET-A,IC50,CCCCc1ccc(-c2ccsc2S(=O)(=O)Nc2onc(C)c2Br)cc1,6.796967112985289
CHEMBL91470,CHEMBL252,Endothelin receptor ET-A,IC50,=,1910.0,nM,CHEMBL677307,B,Compound was tested for binding affinity against Endothelin A receptor,CHEMBL1128922,P25101,Endothelin receptor ET-A,IC50,Cc1noc(NS(=O)(=O)c2cccs2)c1Br,5.718966632752272
CHEMBL329890,CHEMBL252,Endothelin receptor ET-A,IC50,=,87.3,nM,CHEMBL677307,B,Compound was tested for binding affinity against Endothelin A receptor,CHEMBL1128922,P25101,Endothelin receptor ET-A,IC50,CCCc1ccc(-c2ccsc2S(=O)(=O)Nc2onc(C)c2Br)cc1,7.0589857562944305
CHEMBL330674,CHEMBL252,Endothelin receptor ET-A,IC50,=,217.5,nM,CHEMBL677307,B,Compound was tested for binding affinity against Endothelin A receptor,CHEMBL1128922,P25101,Endothelin receptor ET-A,IC50,Cc1noc(NS(=O)(=O)c2sccc2-c2ccc(C(C)C)cc2)c1Br,6.662540738709344
CHEMBL314307,CHEMBL252,Endothelin receptor ET-A,IC50,=,182.0,nM,CHEMBL677307,B,Compound was tested for binding affinity against Endothelin A receptor,CHEMBL1128922,P25101,Endothelin receptor ET-A,IC50,Cc1noc(NS(=O)(=O)c2sccc2-c2ccc(CCC(C)C)cc2)c1Br,6.739928612014925
CHEMBL89457,CHEMBL252,Endothelin receptor ET-A,IC50,=,1450.0,nM,CHEMBL677307,B,Compound was tested for binding affinity against Endothelin A receptor,CHEMBL1128922,P25101,Endothelin receptor ET-A,IC50,Cc1noc(NS(=O)(=O)c2sccc2Oc2ccccc2)c1Br,5.838631997765026
CHEMBL78080,CHEMBL252,Endothelin receptor ET-A,IC50,=,2510.0,nM,CHEMBL677307,B,Compound was tested for binding affinity against Endothelin A receptor,CHEMBL1128922,P25101,Endothelin receptor ET-A,IC50,Cc1noc(NS(=O)(=O)c2ccccc2)c1Br,5.600326278518962
CHEMBL329861,CHEMBL252,Endothelin receptor ET-A,IC50,=,1320.0,nM,CHEMBL677307,B,Compound was tested for binding affinity against Endothelin A receptor,CHEMBL1128922,P25101,Endothelin receptor ET-A,IC50,COc1cccc(-c2ccsc2S(=O)(=O)Nc2onc(C)c2Br)c1,5.8794260687941495
CHEMBL80857,CHEMBL252,Endothelin receptor ET-A,IC50,=,16.2,nM,CHEMBL677307,B,Compound was tested for binding affinity against Endothelin A receptor,CHEMBL1128922,P25101,Endothelin receptor ET-A,IC50,Cc1noc(NS(=O)(=O)c2ccccc2-c2ccccc2)c1Br,7.790484985457369
CHEMBL89689,CHEMBL252,Endothelin receptor ET-A,IC50,=,334.0,nM,CHEMBL677307,B,Compound was tested for binding affinity against Endothelin A receptor,CHEMBL1128922,P25101,Endothelin receptor ET-A,IC50,COc1ccc(-c2ccsc2S(=O)(=O)Nc2onc(C)c2Br)cc1,6.476253533188435
CHEMBL293232,CHEMBL252,Endothelin receptor ET-A,IC50,=,603.0,nM,CHEMBL677307,B,Compound was tested for binding affinity against Endothelin A receptor,CHEMBL1128922,P25101,Endothelin receptor ET-A,IC50,Cc1noc(NS(=O)(=O)c2ccsc2-c2ccccc2)c1Br,6.219682687859849
CHEMBL328089,CHEMBL252,Endothelin receptor ET-A,IC50,=,832.0,nM,CHEMBL677307,B,Compound was tested for binding affinity against Endothelin A receptor,CHEMBL1128922,P25101,Endothelin receptor ET-A,IC50,Cc1cccc(-c2ccsc2S(=O)(=O)Nc2onc(C)c2Br)c1,6.0798766737092755
CHEMBL91073,CHEMBL252,Endothelin receptor ET-A,IC50,=,315.5,nM,CHEMBL677307,B,Compound was tested for binding affinity against Endothelin A receptor,CHEMBL1128922,P25101,Endothelin receptor ET-A,IC50,Cc1ccc(-c2ccsc2S(=O)(=O)Nc2onc(C)c2Br)cc1,6.501000636419847
CHEMBL316012,CHEMBL252,Endothelin receptor ET-A,IC50,=,42.85,nM,CHEMBL677307,B,Compound was tested for binding affinity against Endothelin A receptor,CHEMBL1128922,P25101,Endothelin receptor ET-A,IC50,CCCc1ccc(-c2ccsc2S(=O)(=O)Nc2onc(C)c2Br)c(C)c1,7.368049173740783
CHEMBL314320,CHEMBL252,Endothelin receptor ET-A,IC50,=,36600.0,nM,CHEMBL677307,B,Compound was tested for binding affinity against Endothelin A receptor,CHEMBL1128922,P25101,Endothelin receptor ET-A,IC50,Cc1noc(NS(=O)(=O)c2ccc(-c3ccccc3)s2)c1Br,4.436518914605589
CHEMBL330003,CHEMBL252,Endothelin receptor ET-A,IC50,=,1710.0,nM,CHEMBL677307,B,Compound was tested for binding affinity against Endothelin A receptor,CHEMBL1128922,P25101,Endothelin receptor ET-A,IC50,COc1ccccc1-c1ccsc1S(=O)(=O)Nc1onc(C)c1Br,5.767003889607846
CHEMBL328517,CHEMBL252,Endothelin receptor ET-A,IC50,=,82.3,nM,CHEMBL677307,B,Compound was tested for binding affinity against Endothelin A receptor,CHEMBL1128922,P25101,Endothelin receptor ET-A,IC50,Cc1noc(NS(=O)(=O)c2sccc2-c2ccc(CC(C)C)cc2)c1Br,7.08460016478773
CHEMBL92318,CHEMBL252,Endothelin receptor ET-A,IC50,=,2603.0,nM,CHEMBL677307,B,Compound was tested for binding affinity against Endothelin A receptor,CHEMBL1128922,P25101,Endothelin receptor ET-A,IC50,Cc1noc(NS(=O)(=O)c2sccc2Cc2ccccc2)c1Br,5.5845258318907645
CHEMBL88506,CHEMBL252,Endothelin receptor ET-A,IC50,=,819.0,nM,CHEMBL677307,B,Compound was tested for binding affinity against Endothelin A receptor,CHEMBL1128922,P25101,Endothelin receptor ET-A,IC50,Cc1noc(NS(=O)(=O)c2sccc2-c2ccccc2)c1Br,6.086716098239581
CHEMBL313801,CHEMBL252,Endothelin receptor ET-A,IC50,=,115.0,nM,CHEMBL677307,B,Compound was tested for binding affinity against Endothelin A receptor,CHEMBL1128922,P25101,Endothelin receptor ET-A,IC50,Cc1cc(CCC(C)C)ccc1-c1ccsc1S(=O)(=O)Nc1onc(C)c1Br,6.939302159646388
CHEMBL329375,CHEMBL252,Endothelin receptor ET-A,IC50,=,3390.0,nM,CHEMBL677307,B,Compound was tested for binding affinity against Endothelin A receptor,CHEMBL1128922,P25101,Endothelin receptor ET-A,IC50,Cc1noc(NS(=O)(=O)c2cc(-c3ccccc3)cs2)c1Br,5.4698003017969175
CHEMBL265290,CHEMBL252,Endothelin receptor ET-A,IC50,=,2750.0,nM,CHEMBL677307,B,Compound was tested for binding affinity against Endothelin A receptor,CHEMBL1128922,P25101,Endothelin receptor ET-A,IC50,Cc1noc(NS(=O)(=O)c2ccsc2)c1Br,5.560667306169737
CHEMBL89203,CHEMBL252,Endothelin receptor ET-A,IC50,=,184.0,nM,CHEMBL677307,B,Compound was tested for binding affinity against Endothelin A receptor,CHEMBL1128922,P25101,Endothelin receptor ET-A,IC50,CCc1ccc(-c2ccsc2S(=O)(=O)Nc2onc(C)c2Br)cc1,6.735182176990463
CHEMBL296456,CHEMBL252,Endothelin receptor ET-A,IC50,=,3.9,nM,CHEMBL682358,B,In vitro inhibition of endothelin binding to human Endothelin A receptor using [125I]-labeled ET-1 competition assay,CHEMBL1130042,P25101,Endothelin receptor ET-A,IC50,COc1cc(C#N)c(NC(=O)c2sccc2S(=O)(=O)Nc2onc(C)c2Cl)c(OC)c1,8.4089353929735
CHEMBL297473,CHEMBL252,Endothelin receptor ET-A,IC50,=,3.0,nM,CHEMBL682358,B,In vitro inhibition of endothelin binding to human Endothelin A receptor using [125I]-labeled ET-1 competition assay,CHEMBL1130042,P25101,Endothelin receptor ET-A,IC50,Cc1cc2c(cc1NC(=O)c1sccc1S(=O)(=O)Nc1onc(C)c1Cl)OCO2,8.522878745280337
CHEMBL44539,CHEMBL252,Endothelin receptor ET-A,IC50,=,214.0,nM,CHEMBL682358,B,In vitro inhibition of endothelin binding to human Endothelin A receptor using [125I]-labeled ET-1 competition assay,CHEMBL1130042,P25101,Endothelin receptor ET-A,IC50,Cc1noc(NS(=O)(=O)c2ccsc2C(=O)Nc2ccccc2C(=O)O)c1Br,6.669586226650809
CHEMBL44615,CHEMBL252,Endothelin receptor ET-A,IC50,=,65.0,nM,CHEMBL682358,B,In vitro inhibition of endothelin binding to human Endothelin A receptor using [125I]-labeled ET-1 competition assay,CHEMBL1130042,P25101,Endothelin receptor ET-A,IC50,Cc1noc(NS(=O)(=O)c2ccsc2C(=O)Nc2ccc(O)nn2)c1Br.O=C(O)C(F)(F)F,7.187086643357144
CHEMBL417719,CHEMBL252,Endothelin receptor ET-A,IC50,=,3.8,nM,CHEMBL682358,B,In vitro inhibition of endothelin binding to human Endothelin A receptor using [125I]-labeled ET-1 competition assay,CHEMBL1130042,P25101,Endothelin receptor ET-A,IC50,Cc1noc(NS(=O)(=O)c2ccsc2C(=O)Nc2cc3c(cc2CC#N)OCO3)c1Cl,8.42021640338319
CHEMBL296074,CHEMBL252,Endothelin receptor ET-A,IC50,=,1430.0,nM,CHEMBL682358,B,In vitro inhibition of endothelin binding to human Endothelin A receptor using [125I]-labeled ET-1 competition assay,CHEMBL1130042,P25101,Endothelin receptor ET-A,IC50,COc1cc(OC)c(NC(=O)c2sccc2S(=O)(=O)Nc2onc(C)c2Cl)c(C(=O)O)c1,5.844663962534938
CHEMBL297215,CHEMBL252,Endothelin receptor ET-A,IC50,=,10.8,nM,CHEMBL682358,B,In vitro inhibition of endothelin binding to human Endothelin A receptor using [125I]-labeled ET-1 competition assay,CHEMBL1130042,P25101,Endothelin receptor ET-A,IC50,COc1cc(OC)c(NC(=O)c2sccc2S(=O)(=O)Nc2onc(C)c2Cl)c(C(N)=O)c1,7.966576244513051
CHEMBL296927,CHEMBL252,Endothelin receptor ET-A,IC50,=,4.5,nM,CHEMBL682358,B,In vitro inhibition of endothelin binding to human Endothelin A receptor using [125I]-labeled ET-1 competition assay,CHEMBL1130042,P25101,Endothelin receptor ET-A,IC50,CC(=O)OCCc1cc2c(cc1NC(=O)c1sccc1S(=O)(=O)Nc1onc(C)c1Cl)OCO2,8.346787486224656
CHEMBL47604,CHEMBL252,Endothelin receptor ET-A,IC50,=,5.1,nM,CHEMBL682358,B,In vitro inhibition of endothelin binding to human Endothelin A receptor using [125I]-labeled ET-1 competition assay,CHEMBL1130042,P25101,Endothelin receptor ET-A,IC50,Cc1noc(NS(=O)(=O)c2ccsc2C(=O)Nc2cc3c(cc2OCCO)OCO3)c1Cl,8.292429823902063
CHEMBL47008,CHEMBL252,Endothelin receptor ET-A,IC50,=,62.0,nM,CHEMBL682358,B,In vitro inhibition of endothelin binding to human Endothelin A receptor using [125I]-labeled ET-1 competition assay,CHEMBL1130042,P25101,Endothelin receptor ET-A,IC50,CC(=O)O.Cc1noc(NS(=O)(=O)c2ccsc2C(=O)Nc2cccc(C(=O)O)c2)c1Br,7.207608310501746
CHEMBL19808,CHEMBL252,Endothelin receptor ET-A,IC50,=,3.4,nM,CHEMBL682358,B,In vitro inhibition of endothelin binding to human Endothelin A receptor using [125I]-labeled ET-1 competition assay,CHEMBL1130042,P25101,Endothelin receptor ET-A,IC50,Cc1noc(NS(=O)(=O)c2ccsc2C(=O)Nc2cc3c(cc2C#N)OCO3)c1Cl,8.468521082957745
CHEMBL48031,CHEMBL252,Endothelin receptor ET-A,IC50,=,104.0,nM,CHEMBL682358,B,In vitro inhibition of endothelin binding to human Endothelin A receptor using [125I]-labeled ET-1 competition assay,CHEMBL1130042,P25101,Endothelin receptor ET-A,IC50,Cc1cccc(NC(=O)c2sccc2S(=O)(=O)Nc2onc(C)c2Br)c1,6.982966660701219
CHEMBL45456,CHEMBL252,Endothelin receptor ET-A,IC50,=,32.0,nM,CHEMBL682358,B,In vitro inhibition of endothelin binding to human Endothelin A receptor using [125I]-labeled ET-1 competition assay,CHEMBL1130042,P25101,Endothelin receptor ET-A,IC50,Cc1ccc(NC(=O)c2sccc2S(=O)(=O)Nc2onc(C)c2C)cc1,7.494850021680094
CHEMBL295588,CHEMBL252,Endothelin receptor ET-A,IC50,=,5.6,nM,CHEMBL682358,B,In vitro inhibition of endothelin binding to human Endothelin A receptor using [125I]-labeled ET-1 competition assay,CHEMBL1130042,P25101,Endothelin receptor ET-A,IC50,Cc1noc(NS(=O)(=O)c2ccsc2C(=O)Nc2cc3c(cc2CCO)OCO3)c1Cl,8.2518119729938
CHEMBL295207,CHEMBL252,Endothelin receptor ET-A,IC50,=,132.0,nM,CHEMBL682358,B,In vitro inhibition of endothelin binding to human Endothelin A receptor using [125I]-labeled ET-1 competition assay,CHEMBL1130042,P25101,Endothelin receptor ET-A,IC50,COc1ccccc1NC(=O)c1sccc1S(=O)(=O)Nc1onc(C)c1Br,6.8794260687941495
CHEMBL283535,CHEMBL252,Endothelin receptor ET-A,IC50,=,10.0,nM,CHEMBL682358,B,In vitro inhibition of endothelin binding to human Endothelin A receptor using [125I]-labeled ET-1 competition assay,CHEMBL1130042,P25101,Endothelin receptor ET-A,IC50,CC(=O)c1cc2c(cc1NC(=O)c1sccc1S(=O)(=O)Nc1onc(C)c1Cl)OCO2,8.0
CHEMBL296291,CHEMBL252,Endothelin receptor ET-A,IC50,=,24.0,nM,CHEMBL682358,B,In vitro inhibition of endothelin binding to human Endothelin A receptor using [125I]-labeled ET-1 competition assay,CHEMBL1130042,P25101,Endothelin receptor ET-A,IC50,COc1ccc(NC(=O)c2sccc2S(=O)(=O)Nc2onc(C)c2Br)cc1,7.619788758288394
CHEMBL297618,CHEMBL252,Endothelin receptor ET-A,IC50,=,9.3,nM,CHEMBL682358,B,In vitro inhibition of endothelin binding to human Endothelin A receptor using [125I]-labeled ET-1 competition assay,CHEMBL1130042,P25101,Endothelin receptor ET-A,IC50,Cc1noc(NS(=O)(=O)c2ccsc2C(=O)Nc2cc3c(cc2CC(=O)N(C)C)OCO3)c1Cl,8.031517051446064
CHEMBL288967,CHEMBL252,Endothelin receptor ET-A,IC50,=,85.0,nM,CHEMBL682358,B,In vitro inhibition of endothelin binding to human Endothelin A receptor using [125I]-labeled ET-1 competition assay,CHEMBL1130042,P25101,Endothelin receptor ET-A,IC50,COc1cccc(NC(=O)c2sccc2S(=O)(=O)Nc2onc(C)c2Br)c1.O=C(O)C(F)(F)F,7.070581074285707
CHEMBL44321,CHEMBL252,Endothelin receptor ET-A,IC50,=,977.0,nM,CHEMBL682358,B,In vitro inhibition of endothelin binding to human Endothelin A receptor using [125I]-labeled ET-1 competition assay,CHEMBL1130042,P25101,Endothelin receptor ET-A,IC50,Cc1noc(NS(=O)(=O)c2ccsc2C(=O)Nc2ccc(-c3ccccc3)cc2)c1Br,6.010105436281227
CHEMBL283136,CHEMBL252,Endothelin receptor ET-A,IC50,=,19.0,nM,CHEMBL682358,B,In vitro inhibition of endothelin binding to human Endothelin A receptor using [125I]-labeled ET-1 competition assay,CHEMBL1130042,P25101,Endothelin receptor ET-A,IC50,Cc1noc(NS(=O)(=O)c2ccsc2C(=O)Nc2ccc3c(c2)OCO3)c1Br,7.721246399047171
CHEMBL45087,CHEMBL252,Endothelin receptor ET-A,IC50,=,13.0,nM,CHEMBL682358,B,In vitro inhibition of endothelin binding to human Endothelin A receptor using [125I]-labeled ET-1 competition assay,CHEMBL1130042,P25101,Endothelin receptor ET-A,IC50,Cc1ccc(NC(=O)c2sccc2S(=O)(=O)Nc2onc(C)c2Cl)nc1,7.886056647693163
CHEMBL47620,CHEMBL252,Endothelin receptor ET-A,IC50,=,6.0,nM,CHEMBL682358,B,In vitro inhibition of endothelin binding to human Endothelin A receptor using [125I]-labeled ET-1 competition assay,CHEMBL1130042,P25101,Endothelin receptor ET-A,IC50,Cc1noc(NS(=O)(=O)c2ccsc2C(=O)Nc2cc3c(cc2CCCO)OCO3)c1Cl,8.221848749616356
CHEMBL47536,CHEMBL252,Endothelin receptor ET-A,IC50,=,1910.0,nM,CHEMBL682358,B,In vitro inhibition of endothelin binding to human Endothelin A receptor using [125I]-labeled ET-1 competition assay,CHEMBL1130042,P25101,Endothelin receptor ET-A,IC50,Cc1noc(NS(=O)(=O)c2ccsc2C(=O)N(C)c2ccccc2)c1Br.O=C(O)C(F)(F)F,5.718966632752272
CHEMBL47450,CHEMBL252,Endothelin receptor ET-A,IC50,=,27.0,nM,CHEMBL682358,B,In vitro inhibition of endothelin binding to human Endothelin A receptor using [125I]-labeled ET-1 competition assay,CHEMBL1130042,P25101,Endothelin receptor ET-A,IC50,Cc1ccccc1NC(=O)c1sccc1S(=O)(=O)Nc1onc(C)c1Br,7.568636235841012
CHEMBL295632,CHEMBL252,Endothelin receptor ET-A,IC50,=,549.0,nM,CHEMBL682358,B,In vitro inhibition of endothelin binding to human Endothelin A receptor using [125I]-labeled ET-1 competition assay,CHEMBL1130042,P25101,Endothelin receptor ET-A,IC50,COC(=O)c1cc(OC)cc(OC)c1NC(=O)c1sccc1S(=O)(=O)Nc1onc(C)c1Cl,6.260427655549908
CHEMBL297048,CHEMBL252,Endothelin receptor ET-A,IC50,=,1290.0,nM,CHEMBL682358,B,In vitro inhibition of endothelin binding to human Endothelin A receptor using [125I]-labeled ET-1 competition assay,CHEMBL1130042,P25101,Endothelin receptor ET-A,IC50,Cc1nnc(NC(=O)c2sccc2S(=O)(=O)Nc2onc(C)c2Cl)s1,5.889410289700751
CHEMBL48134,CHEMBL252,Endothelin receptor ET-A,IC50,=,2.6,nM,CHEMBL682358,B,In vitro inhibition of endothelin binding to human Endothelin A receptor using [125I]-labeled ET-1 competition assay,CHEMBL1130042,P25101,Endothelin receptor ET-A,IC50,COc1ccc(NC(=O)c2sccc2S(=O)(=O)Nc2onc(C)c2Cl)c(C)c1,8.585026652029182
CHEMBL296129,CHEMBL252,Endothelin receptor ET-A,IC50,=,6.1,nM,CHEMBL682358,B,In vitro inhibition of endothelin binding to human Endothelin A receptor using [125I]-labeled ET-1 competition assay,CHEMBL1130042,P25101,Endothelin receptor ET-A,IC50,CC(=O)OCCOc1cc2c(cc1NC(=O)c1sccc1S(=O)(=O)Nc1onc(C)c1Cl)OCO2,8.214670164989233
CHEMBL47418,CHEMBL252,Endothelin receptor ET-A,IC50,=,17.0,nM,CHEMBL682358,B,In vitro inhibition of endothelin binding to human Endothelin A receptor using [125I]-labeled ET-1 competition assay,CHEMBL1130042,P25101,Endothelin receptor ET-A,IC50,CCc1ccc(NC(=O)c2sccc2S(=O)(=O)Nc2onc(C)c2Br)cc1,7.769551078621726
CHEMBL47827,CHEMBL252,Endothelin receptor ET-A,IC50,=,6.6,nM,CHEMBL682358,B,In vitro inhibition of endothelin binding to human Endothelin A receptor using [125I]-labeled ET-1 competition assay,CHEMBL1130042,P25101,Endothelin receptor ET-A,IC50,Cc1ccc(NC(=O)c2sccc2S(=O)(=O)Nc2onc(C)c2Cl)c(O)c1,8.18045606445813
CHEMBL47417,CHEMBL252,Endothelin receptor ET-A,IC50,=,20.0,nM,CHEMBL682358,B,In vitro inhibition of endothelin binding to human Endothelin A receptor using [125I]-labeled ET-1 competition assay,CHEMBL1130042,P25101,Endothelin receptor ET-A,IC50,Cc1noc(NS(=O)(=O)c2ccsc2C(=O)Nc2ccc(C(C)C)cc2)c1Br,7.698970004336019
CHEMBL278114,CHEMBL252,Endothelin receptor ET-A,IC50,=,15.0,nM,CHEMBL682358,B,In vitro inhibition of endothelin binding to human Endothelin A receptor using [125I]-labeled ET-1 competition assay,CHEMBL1130042,P25101,Endothelin receptor ET-A,IC50,Cc1ccc(NC(=O)c2sccc2S(=O)(=O)Nc2onc(C)c2Cl)cc1,7.823908740944319
CHEMBL43788,CHEMBL252,Endothelin receptor ET-A,IC50,=,15.0,nM,CHEMBL682358,B,In vitro inhibition of endothelin binding to human Endothelin A receptor using [125I]-labeled ET-1 competition assay,CHEMBL1130042,P25101,Endothelin receptor ET-A,IC50,CCOC(C)=O.COc1ccc(NC(=O)c2sccc2S(=O)(=O)Nc2onc(C)c2Cl)c(OC)c1,7.823908740944319
CHEMBL47828,CHEMBL252,Endothelin receptor ET-A,IC50,=,6.8,nM,CHEMBL682358,B,In vitro inhibition of endothelin binding to human Endothelin A receptor using [125I]-labeled ET-1 competition assay,CHEMBL1130042,P25101,Endothelin receptor ET-A,IC50,Cc1noc(NS(=O)(=O)c2ccsc2C(=O)Nc2cc3c(cc2CNS(C)(=O)=O)OCO3)c1Cl.O=C(O)C(F)(F)F,8.167491087293763
CHEMBL48120,CHEMBL252,Endothelin receptor ET-A,IC50,=,57.0,nM,CHEMBL682358,B,In vitro inhibition of endothelin binding to human Endothelin A receptor using [125I]-labeled ET-1 competition assay,CHEMBL1130042,P25101,Endothelin receptor ET-A,IC50,Cc1cc(NC(=O)c2sccc2S(=O)(=O)Nc2onc(C)c2Cl)no1.O=C(O)C(F)(F)F,7.2441251443275085
CHEMBL295583,CHEMBL252,Endothelin receptor ET-A,IC50,=,31.0,nM,CHEMBL682358,B,In vitro inhibition of endothelin binding to human Endothelin A receptor using [125I]-labeled ET-1 competition assay,CHEMBL1130042,P25101,Endothelin receptor ET-A,IC50,CC(=O)c1cc2c(cc1NC(=O)c1sccc1S(=O)(=O)Nc1onc(C)c1C)OCO2,7.508638306165727
CHEMBL45269,CHEMBL252,Endothelin receptor ET-A,IC50,=,166.0,nM,CHEMBL682358,B,In vitro inhibition of endothelin binding to human Endothelin A receptor using [125I]-labeled ET-1 competition assay,CHEMBL1130042,P25101,Endothelin receptor ET-A,IC50,Cc1noc(NS(=O)(=O)c2ccsc2C(=O)Nc2ccccc2)c1Br,6.779891911959945
CHEMBL296326,CHEMBL252,Endothelin receptor ET-A,IC50,=,12.0,nM,CHEMBL682358,B,In vitro inhibition of endothelin binding to human Endothelin A receptor using [125I]-labeled ET-1 competition assay,CHEMBL1130042,P25101,Endothelin receptor ET-A,IC50,Cc1ccc(NC(=O)c2sccc2S(=O)(=O)Nc2onc(C)c2Br)cc1,7.920818753952375
CHEMBL48024,CHEMBL252,Endothelin receptor ET-A,IC50,=,146.0,nM,CHEMBL682358,B,In vitro inhibition of endothelin binding to human Endothelin A receptor using [125I]-labeled ET-1 competition assay,CHEMBL1130042,P25101,Endothelin receptor ET-A,IC50,Cc1noc(NS(=O)(=O)c2ccsc2C(=O)Nc2cccc(O)c2)c1Br,6.835647144215563
CHEMBL433074,CHEMBL252,Endothelin receptor ET-A,IC50,=,47.0,nM,CHEMBL682358,B,In vitro inhibition of endothelin binding to human Endothelin A receptor using [125I]-labeled ET-1 competition assay,CHEMBL1130042,P25101,Endothelin receptor ET-A,IC50,Cc1noc(NS(=O)(=O)c2ccsc2C(=O)Nc2ccc(C(C)(C)C)cc2)c1Br,7.327902142064282
CHEMBL416086,CHEMBL252,Endothelin receptor ET-A,IC50,=,933.0,nM,CHEMBL682358,B,In vitro inhibition of endothelin binding to human Endothelin A receptor using [125I]-labeled ET-1 competition assay,CHEMBL1130042,P25101,Endothelin receptor ET-A,IC50,COc1cccc(NCc2sccc2S(=O)(=O)Nc2onc(C)c2Br)c1.O=C(O)C(F)(F)F,6.0301183562534995
CHEMBL297107,CHEMBL252,Endothelin receptor ET-A,IC50,=,838.0,nM,CHEMBL682358,B,In vitro inhibition of endothelin binding to human Endothelin A receptor using [125I]-labeled ET-1 competition assay,CHEMBL1130042,P25101,Endothelin receptor ET-A,IC50,Cc1noc(NS(=O)(=O)c2ccsc2C(N)=O)c1Br,6.076755981369724
CHEMBL295697,CHEMBL252,Endothelin receptor ET-A,IC50,=,54.0,nM,CHEMBL682358,B,In vitro inhibition of endothelin binding to human Endothelin A receptor using [125I]-labeled ET-1 competition assay,CHEMBL1130042,P25101,Endothelin receptor ET-A,IC50,CCC(C)c1ccc(NC(=O)c2sccc2S(=O)(=O)Nc2onc(C)c2Br)cc1,7.267606240177031
CHEMBL417358,CHEMBL252,Endothelin receptor ET-A,IC50,=,229.0,nM,CHEMBL682358,B,In vitro inhibition of endothelin binding to human Endothelin A receptor using [125I]-labeled ET-1 competition assay,CHEMBL1130042,P25101,Endothelin receptor ET-A,IC50,Cc1noc(NS(=O)(=O)c2ccsc2C(=O)NCc2ccccc2)c1Br,6.6401645176601125
CHEMBL45760,CHEMBL252,Endothelin receptor ET-A,IC50,=,200.0,nM,CHEMBL682358,B,In vitro inhibition of endothelin binding to human Endothelin A receptor using [125I]-labeled ET-1 competition assay,CHEMBL1130042,P25101,Endothelin receptor ET-A,IC50,CCCCc1ccc(NC(=O)c2sccc2S(=O)(=O)Nc2onc(C)c2Br)cc1,6.698970004336019
CHEMBL105494,CHEMBL252,Endothelin receptor ET-A,IC50,=,8.2,nM,CHEMBL682365,B,Inhibitory activity against I-labeled ET-1 binding to Endothelin A receptor,CHEMBL1134926,P25101,Endothelin receptor ET-A,IC50,CCCSc1ccc2c(n1)[C@@H](c1ccc(OC)cc1)[C@H](C(=O)O)[C@H]2c1ccc2c(c1)OCO2,8.086186147616283
CHEMBL321520,CHEMBL252,Endothelin receptor ET-A,IC50,=,0.92,nM,CHEMBL682365,B,Inhibitory activity against I-labeled ET-1 binding to Endothelin A receptor,CHEMBL1134926,P25101,Endothelin receptor ET-A,IC50,CCCOc1ccc2c(n1)[C@@H](c1ccc(OC)cc1)[C@H](C(=O)O)[C@H]2c1ccc2c(c1)OCO2,9.036212172654444
CHEMBL30039,CHEMBL252,Endothelin receptor ET-A,IC50,=,4000.0,nM,CHEMBL877809,B,Ability to inhibit [125I]ET1 binding to vascular smooth muscle (vsm)- A10 cells,CHEMBL1127313,P25101,Endothelin receptor ET-A,IC50,Cc1noc(NS(=O)(=O)c2cccc3c(N)cccc23)c1C,5.3979400086720375
CHEMBL320631,CHEMBL252,Endothelin receptor ET-A,IC50,=,7.0,nM,CHEMBL682365,B,Inhibitory activity against I-labeled ET-1 binding to Endothelin A receptor,CHEMBL1134926,P25101,Endothelin receptor ET-A,IC50,CCNCc1ccc2c(n1)[C@@H](c1ccc(OC)cc1)[C@H](C(=O)O)[C@H]2c1ccc2c(c1)OCO2,8.154901959985743
CHEMBL27525,CHEMBL252,Endothelin receptor ET-A,IC50,=,2800.0,nM,CHEMBL877809,B,Ability to inhibit [125I]ET1 binding to vascular smooth muscle (vsm)- A10 cells,CHEMBL1127313,P25101,Endothelin receptor ET-A,IC50,Cc1noc(NS(=O)(=O)c2cccc3c(CN(C)C)cccc23)c1C,5.552841968657781
CHEMBL105591,CHEMBL252,Endothelin receptor ET-A,IC50,=,0.37,nM,CHEMBL682365,B,Inhibitory activity against I-labeled ET-1 binding to Endothelin A receptor,CHEMBL1134926,P25101,Endothelin receptor ET-A,IC50,CCCc1ccc2c(n1)[C@@H](c1ccc(OC)cc1)[C@H](C(=O)O)[C@H]2c1ccc2c(c1)OCO2,9.431798275933005
CHEMBL282961,CHEMBL252,Endothelin receptor ET-A,IC50,=,9200.0,nM,CHEMBL877809,B,Ability to inhibit [125I]ET1 binding to vascular smooth muscle (vsm)- A10 cells,CHEMBL1127313,P25101,Endothelin receptor ET-A,IC50,Cc1noc(NS(=O)(=O)c2ccc(O)cc2)c1C,5.036212172654444
CHEMBL102314,CHEMBL252,Endothelin receptor ET-A,IC50,=,0.32,nM,CHEMBL682365,B,Inhibitory activity against I-labeled ET-1 binding to Endothelin A receptor,CHEMBL1134926,P25101,Endothelin receptor ET-A,IC50,COc1ccc([C@@H]2c3nc(CC(C)C)ccc3[C@H](c3ccc4c(c3)OCO4)[C@H]2C(=O)O)cc1,9.494850021680094
CHEMBL453,CHEMBL252,Endothelin receptor ET-A,IC50,=,780.0,nM,CHEMBL877809,B,Ability to inhibit [125I]ET1 binding to vascular smooth muscle (vsm)- A10 cells,CHEMBL1127313,P25101,Endothelin receptor ET-A,IC50,Cc1noc(NS(=O)(=O)c2ccc(N)cc2)c1C,6.107905397309519
CHEMBL102969,CHEMBL252,Endothelin receptor ET-A,IC50,=,0.21,nM,CHEMBL682365,B,Inhibitory activity against I-labeled ET-1 binding to Endothelin A receptor,CHEMBL1134926,P25101,Endothelin receptor ET-A,IC50,CCCCc1ccc2c(n1)[C@@H](c1ccc(OC)cc1)[C@H](C(=O)O)[C@H]2c1ccc2c(c1)OCO2,9.67778070526608
CHEMBL322434,CHEMBL252,Endothelin receptor ET-A,IC50,=,150.0,nM,CHEMBL682365,B,Inhibitory activity against I-labeled ET-1 binding to Endothelin A receptor,CHEMBL1134926,P25101,Endothelin receptor ET-A,IC50,COc1ccc([C@@H]2c3nc(CCC(=O)O)ccc3[C@H](c3ccc4c(c3)OCO4)[C@H]2C(=O)O)cc1,6.823908740944319
CHEMBL27065,CHEMBL252,Endothelin receptor ET-A,IC50,=,20000.0,nM,CHEMBL877809,B,Ability to inhibit [125I]ET1 binding to vascular smooth muscle (vsm)- A10 cells,CHEMBL1127313,P25101,Endothelin receptor ET-A,IC50,Cc1noc(NS(=O)(=O)c2cccc3ccccc23)c1C,4.698970004336019
CHEMBL267458,CHEMBL252,Endothelin receptor ET-A,IC50,=,150.0,nM,CHEMBL877809,B,Ability to inhibit [125I]ET1 binding to vascular smooth muscle (vsm)- A10 cells,CHEMBL1127313,P25101,Endothelin receptor ET-A,IC50,Cc1noc(NS(=O)(=O)c2cccc3c(N(C)C)cccc23)c1C,6.823908740944319
CHEMBL103001,CHEMBL252,Endothelin receptor ET-A,IC50,=,5.7,nM,CHEMBL682365,B,Inhibitory activity against I-labeled ET-1 binding to Endothelin A receptor,CHEMBL1134926,P25101,Endothelin receptor ET-A,IC50,COc1ccc([C@@H]2c3nc(C)ccc3[C@H](c3ccc4c(c3)OCO4)[C@H]2C(=O)O)cc1,8.244125144327509
CHEMBL430506,CHEMBL252,Endothelin receptor ET-A,IC50,=,0.51,nM,CHEMBL682365,B,Inhibitory activity against I-labeled ET-1 binding to Endothelin A receptor,CHEMBL1134926,P25101,Endothelin receptor ET-A,IC50,CCOCc1ccc2c(n1)[C@@H](c1ccc(OC)cc1)[C@H](C(=O)O)[C@H]2c1ccc2c(c1)OCO2,9.292429823902063
CHEMBL286682,CHEMBL252,Endothelin receptor ET-A,IC50,=,27000.0,nM,CHEMBL877809,B,Ability to inhibit [125I]ET1 binding to vascular smooth muscle (vsm)- A10 cells,CHEMBL1127313,P25101,Endothelin receptor ET-A,IC50,CCCNc1ccc(S(=O)(=O)Nc2onc(C)c2C)cc1,4.568636235841013
CHEMBL102411,CHEMBL252,Endothelin receptor ET-A,IC50,=,15.0,nM,CHEMBL682365,B,Inhibitory activity against I-labeled ET-1 binding to Endothelin A receptor,CHEMBL1134926,P25101,Endothelin receptor ET-A,IC50,COc1ccc([C@@H]2c3nc(-c4ccccc4)ccc3[C@H](c3ccc4c(c3)OCO4)[C@H]2C(=O)O)cc1,7.823908740944319
CHEMBL332471,CHEMBL252,Endothelin receptor ET-A,IC50,=,84000.0,nM,CHEMBL877809,B,Ability to inhibit [125I]ET1 binding to vascular smooth muscle (vsm)- A10 cells,CHEMBL1127313,P25101,Endothelin receptor ET-A,IC50,Cc1noc(NS(=O)(=O)c2ccc(N(C)C)cc2)c1C,4.075720713938118
CHEMBL101424,CHEMBL252,Endothelin receptor ET-A,IC50,=,0.2,nM,CHEMBL682365,B,Inhibitory activity against I-labeled ET-1 binding to Endothelin A receptor,CHEMBL1134926,P25101,Endothelin receptor ET-A,IC50,C=CCCc1ccc2c(n1)[C@@H](c1ccc(OC)cc1)[C@H](C(=O)O)[C@H]2c1ccc2c(c1)OCO2,9.698970004336019
CHEMBL102173,CHEMBL252,Endothelin receptor ET-A,IC50,=,2.2,nM,CHEMBL682365,B,Inhibitory activity against I-labeled ET-1 binding to Endothelin A receptor,CHEMBL1134926,P25101,Endothelin receptor ET-A,IC50,COc1ccc([C@@H]2c3nc(N4CCCC4)ccc3[C@H](c3ccc4c(c3)OCO4)[C@H]2C(=O)O)cc1,8.657577319177793
CHEMBL281942,CHEMBL252,Endothelin receptor ET-A,IC50,=,5700.0,nM,CHEMBL877809,B,Ability to inhibit [125I]ET1 binding to vascular smooth muscle (vsm)- A10 cells,CHEMBL1127313,P25101,Endothelin receptor ET-A,IC50,C=C(C)c1cccc2c(S(=O)(=O)Nc3onc(C)c3C)cccc12,5.2441251443275085
CHEMBL28692,CHEMBL252,Endothelin receptor ET-A,IC50,=,6500.0,nM,CHEMBL877809,B,Ability to inhibit [125I]ET1 binding to vascular smooth muscle (vsm)- A10 cells,CHEMBL1127313,P25101,Endothelin receptor ET-A,IC50,COc1cccc2c(S(=O)(=O)Nc3onc(C)c3C)cccc12,5.187086643357144
CHEMBL30246,CHEMBL252,Endothelin receptor ET-A,IC50,=,13000.0,nM,CHEMBL877809,B,Ability to inhibit [125I]ET1 binding to vascular smooth muscle (vsm)- A10 cells,CHEMBL1127313,P25101,Endothelin receptor ET-A,IC50,Cc1noc(NS(=O)(=O)c2cccc3c(C(=O)O)cccc23)c1C,4.886056647693163
CHEMBL323561,CHEMBL252,Endothelin receptor ET-A,IC50,=,0.55,nM,CHEMBL682365,B,Inhibitory activity against I-labeled ET-1 binding to Endothelin A receptor,CHEMBL1134926,P25101,Endothelin receptor ET-A,IC50,COc1ccc([C@@H]2c3nc(CCCO)ccc3[C@H](c3ccc4c(c3)OCO4)[C@H]2C(=O)O)cc1,9.259637310505756
CHEMBL430695,CHEMBL252,Endothelin receptor ET-A,IC50,=,1.6,nM,CHEMBL682365,B,Inhibitory activity against I-labeled ET-1 binding to Endothelin A receptor,CHEMBL1134926,P25101,Endothelin receptor ET-A,IC50,COc1ccc([C@@H]2c3nc(C4CC4)ccc3[C@H](c3ccc4c(c3)OCO4)[C@H]2C(=O)O)cc1,8.795880017344075
CHEMBL432012,CHEMBL252,Endothelin receptor ET-A,IC50,=,0.12,nM,CHEMBL682365,B,Inhibitory activity against I-labeled ET-1 binding to Endothelin A receptor,CHEMBL1134926,P25101,Endothelin receptor ET-A,IC50,CCCNc1ccc2c(n1)[C@@H](c1ccc(OC)cc1)[C@H](C(=O)O)[C@H]2c1ccc2c(c1)OCO2,9.920818753952375
CHEMBL448165,CHEMBL252,Endothelin receptor ET-A,IC50,=,0.1,nM,CHEMBL682365,B,Inhibitory activity against I-labeled ET-1 binding to Endothelin A receptor,CHEMBL1134926,P25101,Endothelin receptor ET-A,IC50,COc1ccc([C@@H]2c3nc(NC(C)C)ccc3[C@H](c3ccc4c(c3)OCO4)[C@H]2C(=O)O)cc1,10.0
CHEMBL102773,CHEMBL252,Endothelin receptor ET-A,IC50,=,4.5,nM,CHEMBL682365,B,Inhibitory activity against I-labeled ET-1 binding to Endothelin A receptor,CHEMBL1134926,P25101,Endothelin receptor ET-A,IC50,CCc1ccc2c(n1)[C@@H](c1ccc(OC)cc1)[C@H](C(=O)O)[C@H]2c1ccc2c(c1)OCO2,8.346787486224656
CHEMBL283941,CHEMBL252,Endothelin receptor ET-A,IC50,=,28000.0,nM,CHEMBL877809,B,Ability to inhibit [125I]ET1 binding to vascular smooth muscle (vsm)- A10 cells,CHEMBL1127313,P25101,Endothelin receptor ET-A,IC50,Cc1cc(NS(=O)(=O)c2ccc(N)cc2)on1,4.552841968657781
CHEMBL102825,CHEMBL252,Endothelin receptor ET-A,IC50,=,2.4,nM,CHEMBL682365,B,Inhibitory activity against I-labeled ET-1 binding to Endothelin A receptor,CHEMBL1134926,P25101,Endothelin receptor ET-A,IC50,COc1ccc([C@@H]2c3ncccc3[C@H](c3ccc4c(c3)OCO4)[C@H]2C(=O)O)cc1,8.619788758288394
CHEMBL25730,CHEMBL252,Endothelin receptor ET-A,IC50,=,9800.0,nM,CHEMBL877809,B,Ability to inhibit [125I]ET1 binding to vascular smooth muscle (vsm)- A10 cells,CHEMBL1127313,P25101,Endothelin receptor ET-A,IC50,Cc1noc(NS(=O)(=O)c2ccc(NCc3ccccc3)cc2)c1C,5.008773924307505
CHEMBL30199,CHEMBL252,Endothelin receptor ET-A,IC50,=,880.0,nM,CHEMBL877809,B,Ability to inhibit [125I]ET1 binding to vascular smooth muscle (vsm)- A10 cells,CHEMBL1127313,P25101,Endothelin receptor ET-A,IC50,CC(=O)Nc1cccc2c(S(=O)(=O)Nc3onc(C)c3C)cccc12,6.055517327849831
CHEMBL103090,CHEMBL252,Endothelin receptor ET-A,IC50,=,3.2,nM,CHEMBL682365,B,Inhibitory activity against I-labeled ET-1 binding to Endothelin A receptor,CHEMBL1134926,P25101,Endothelin receptor ET-A,IC50,COc1ccc([C@@H]2c3nc(N(C)C(C)C)ccc3[C@H](c3ccc4c(c3)OCO4)[C@H]2C(=O)O)cc1,8.494850021680094
CHEMBL320208,CHEMBL252,Endothelin receptor ET-A,IC50,=,1.9,nM,CHEMBL682365,B,Inhibitory activity against I-labeled ET-1 binding to Endothelin A receptor,CHEMBL1134926,P25101,Endothelin receptor ET-A,IC50,CCCCCc1ccc2c(n1)[C@@H](c1ccc(OC)cc1)[C@H](C(=O)O)[C@H]2c1ccc2c(c1)OCO2,8.721246399047171
CHEMBL303203,CHEMBL252,Endothelin receptor ET-A,IC50,=,650.0,nM,CHEMBL682356,B,In vitro binding affinity in a radioligand binding experiment by competition with [125I]-labeled endothelin-1 for ETA receptor,CHEMBL1130505,P25101,Endothelin receptor ET-A,IC50,Cc1ccc(OC(=O)c2sccc2S(=O)(=O)Nc2onc(C)c2Cl)c(C)c1,6.187086643357144
CHEMBL65488,CHEMBL252,Endothelin receptor ET-A,IC50,=,270.0,nM,CHEMBL682356,B,In vitro binding affinity in a radioligand binding experiment by competition with [125I]-labeled endothelin-1 for ETA receptor,CHEMBL1130505,P25101,Endothelin receptor ET-A,IC50,Cc1ccc(OC(=O)c2sccc2S(=O)(=O)Nc2onc(C)c2C)c(C)c1,6.568636235841012
CHEMBL63805,CHEMBL252,Endothelin receptor ET-A,IC50,=,680.0,nM,CHEMBL682356,B,In vitro binding affinity in a radioligand binding experiment by competition with [125I]-labeled endothelin-1 for ETA receptor,CHEMBL1130505,P25101,Endothelin receptor ET-A,IC50,Cc1ccccc1OC(=O)c1sccc1S(=O)(=O)Nc1onc(C)c1Br,6.167491087293763
CHEMBL278930,CHEMBL252,Endothelin receptor ET-A,IC50,=,820.0,nM,CHEMBL682968,B,Inhibition of human endothelin A (ETA) receptor expressed in CHO cells,CHEMBL1128156,P25101,Endothelin receptor ET-A,IC50,CCCc1cc(Cn2c(CC)nc3c(C)cc(C)nc32)cc(CCC)c1OC(C(=O)NS(=O)(=O)c1cccs1)c1ccc2c(c1)OCO2,6.086186147616283
CHEMBL434983,CHEMBL252,Endothelin receptor ET-A,IC50,=,10210.0,nM,CHEMBL682356,B,In vitro binding affinity in a radioligand binding experiment by competition with [125I]-labeled endothelin-1 for ETA receptor,CHEMBL1130505,P25101,Endothelin receptor ET-A,IC50,Cc1noc(NS(=O)(=O)c2ccsc2C(=O)O)c1Br,4.99097425791309
CHEMBL66641,CHEMBL252,Endothelin receptor ET-A,IC50,=,3220.0,nM,CHEMBL682356,B,In vitro binding affinity in a radioligand binding experiment by competition with [125I]-labeled endothelin-1 for ETA receptor,CHEMBL1130505,P25101,Endothelin receptor ET-A,IC50,Cc1ccc(OC(=O)c2sccc2S(=O)(=O)Nc2onc(C)c2Cl)cc1,5.492144128304169
CHEMBL279419,CHEMBL252,Endothelin receptor ET-A,IC50,=,75.0,nM,CHEMBL682968,B,Inhibition of human endothelin A (ETA) receptor expressed in CHO cells,CHEMBL1128156,P25101,Endothelin receptor ET-A,IC50,CCCc1cc(Cn2c(CC)nc3c(C)cc(C)nc32)ccc1OC(C(=O)NS(=O)(=O)c1ccc(CC(C)C)s1)c1ccc2c(c1)OCO2,7.1249387366083
CHEMBL292802,CHEMBL252,Endothelin receptor ET-A,IC50,=,8.9,nM,CHEMBL682356,B,In vitro binding affinity in a radioligand binding experiment by competition with [125I]-labeled endothelin-1 for ETA receptor,CHEMBL1130505,P25101,Endothelin receptor ET-A,IC50,Cc1noc(NS(=O)(=O)c2ccsc2C(=O)Oc2ccc3c(c2)OCO3)c1Br,8.050609993355087
CHEMBL293877,CHEMBL252,Endothelin receptor ET-A,IC50,=,9.3,nM,CHEMBL682356,B,In vitro binding affinity in a radioligand binding experiment by competition with [125I]-labeled endothelin-1 for ETA receptor,CHEMBL1130505,P25101,Endothelin receptor ET-A,IC50,Cc1ccc(OC(=O)c2sccc2S(=O)(=O)Nc2onc(C)c2Br)cc1,8.031517051446064
CHEMBL291404,CHEMBL252,Endothelin receptor ET-A,IC50,=,1200.0,nM,CHEMBL682356,B,In vitro binding affinity in a radioligand binding experiment by competition with [125I]-labeled endothelin-1 for ETA receptor,CHEMBL1130505,P25101,Endothelin receptor ET-A,IC50,Cc1cccc(OC(=O)c2sccc2S(=O)(=O)Nc2onc(C)c2Br)c1,5.920818753952375
CHEMBL64006,CHEMBL252,Endothelin receptor ET-A,IC50,=,6060.0,nM,CHEMBL682356,B,In vitro binding affinity in a radioligand binding experiment by competition with [125I]-labeled endothelin-1 for ETA receptor,CHEMBL1130505,P25101,Endothelin receptor ET-A,IC50,Cc1noc(NS(=O)(=O)c2ccsc2C(=O)O)c1C,5.217527375833714
CHEMBL276819,CHEMBL252,Endothelin receptor ET-A,IC50,=,11000.0,nM,CHEMBL682968,B,Inhibition of human endothelin A (ETA) receptor expressed in CHO cells,CHEMBL1128156,P25101,Endothelin receptor ET-A,IC50,CCCc1cc(Cn2c(CC)nc3c(C)cc(C)nc32)cc(CCC)c1OC(C(=O)O)c1cc(Br)c(OC)c(OC)c1Br,4.958607314841775
CHEMBL15689,CHEMBL252,Endothelin receptor ET-A,IC50,=,11000.0,nM,CHEMBL682968,B,Inhibition of human endothelin A (ETA) receptor expressed in CHO cells,CHEMBL1128156,P25101,Endothelin receptor ET-A,IC50,CCCc1cc(Cn2c(CC)nc3c(C)cc(C)nc32)ccc1OC(C(=O)O)c1ccccc1,4.958607314841775
CHEMBL302872,CHEMBL252,Endothelin receptor ET-A,IC50,=,8.3,nM,CHEMBL682356,B,In vitro binding affinity in a radioligand binding experiment by competition with [125I]-labeled endothelin-1 for ETA receptor,CHEMBL1130505,P25101,Endothelin receptor ET-A,IC50,Cc1noc(NS(=O)(=O)c2ccsc2C(=O)Oc2ccc3c(c2)OCO3)c1Cl,8.080921907623926
CHEMBL293232,CHEMBL252,Endothelin receptor ET-A,IC50,=,603.0,nM,CHEMBL682356,B,In vitro binding affinity in a radioligand binding experiment by competition with [125I]-labeled endothelin-1 for ETA receptor,CHEMBL1130505,P25101,Endothelin receptor ET-A,IC50,Cc1noc(NS(=O)(=O)c2ccsc2-c2ccccc2)c1Br,6.219682687859849
CHEMBL274243,CHEMBL252,Endothelin receptor ET-A,IC50,=,1600.0,nM,CHEMBL682968,B,Inhibition of human endothelin A (ETA) receptor expressed in CHO cells,CHEMBL1128156,P25101,Endothelin receptor ET-A,IC50,CCCc1cc(Cn2c(CC)nc3c(C)cc(C)nc32)cc(CCC)c1OC(C(=O)NS(=O)(=O)c1ccccc1)c1ccc2c(c1)OCO2,5.795880017344075
CHEMBL45269,CHEMBL252,Endothelin receptor ET-A,IC50,=,166.0,nM,CHEMBL682356,B,In vitro binding affinity in a radioligand binding experiment by competition with [125I]-labeled endothelin-1 for ETA receptor,CHEMBL1130505,P25101,Endothelin receptor ET-A,IC50,Cc1noc(NS(=O)(=O)c2ccsc2C(=O)Nc2ccccc2)c1Br,6.779891911959945
CHEMBL291891,CHEMBL252,Endothelin receptor ET-A,IC50,=,4400.0,nM,CHEMBL682356,B,In vitro binding affinity in a radioligand binding experiment by competition with [125I]-labeled endothelin-1 for ETA receptor,CHEMBL1130505,P25101,Endothelin receptor ET-A,IC50,Cc1noc(NS(=O)(=O)c2ccsc2C(=O)Oc2ccccc2)c1Cl,5.356547323513812
CHEMBL65407,CHEMBL252,Endothelin receptor ET-A,IC50,=,148.0,nM,CHEMBL682356,B,In vitro binding affinity in a radioligand binding experiment by competition with [125I]-labeled endothelin-1 for ETA receptor,CHEMBL1130505,P25101,Endothelin receptor ET-A,IC50,Cc1noc(NS(=O)(=O)c2ccsc2C(=O)Nc2ccccc2)c1Cl,6.8297382846050425
CHEMBL16018,CHEMBL252,Endothelin receptor ET-A,IC50,=,700.0,nM,CHEMBL682968,B,Inhibition of human endothelin A (ETA) receptor expressed in CHO cells,CHEMBL1128156,P25101,Endothelin receptor ET-A,IC50,CCCc1cc(Cn2c(CC)nc3c(C)cc(C)nc32)cc(CCC)c1OC(C(=O)NS(=O)(=O)C(C)C)c1ccc2c(c1)OCO2,6.154901959985743
CHEMBL65639,CHEMBL252,Endothelin receptor ET-A,IC50,=,3470.0,nM,CHEMBL682356,B,In vitro binding affinity in a radioligand binding experiment by competition with [125I]-labeled endothelin-1 for ETA receptor,CHEMBL1130505,P25101,Endothelin receptor ET-A,IC50,COC(=O)c1sccc1S(=O)(=O)Nc1onc(C)c1C,5.459670525209127
CHEMBL63611,CHEMBL252,Endothelin receptor ET-A,IC50,=,4120.0,nM,CHEMBL682356,B,In vitro binding affinity in a radioligand binding experiment by competition with [125I]-labeled endothelin-1 for ETA receptor,CHEMBL1130505,P25101,Endothelin receptor ET-A,IC50,Cc1noc(NS(=O)(=O)c2ccsc2C(=O)Oc2ccccc2)c1C,5.3851027839668655
CHEMBL63938,CHEMBL252,Endothelin receptor ET-A,IC50,=,2520.0,nM,CHEMBL682356,B,In vitro binding affinity in a radioligand binding experiment by competition with [125I]-labeled endothelin-1 for ETA receptor,CHEMBL1130505,P25101,Endothelin receptor ET-A,IC50,Cc1ccc(OC(=O)c2sccc2S(=O)(=O)Nc2onc(C)c2C)cc1,5.598599459218455
CHEMBL304481,CHEMBL252,Endothelin receptor ET-A,IC50,=,550.0,nM,CHEMBL682356,B,In vitro binding affinity in a radioligand binding experiment by competition with [125I]-labeled endothelin-1 for ETA receptor,CHEMBL1130505,P25101,Endothelin receptor ET-A,IC50,Cc1noc(NS(=O)(=O)c2ccsc2C(=O)Nc2ccccc2)c1C,6.259637310505756
CHEMBL275179,CHEMBL252,Endothelin receptor ET-A,IC50,=,38.0,nM,CHEMBL682968,B,Inhibition of human endothelin A (ETA) receptor expressed in CHO cells,CHEMBL1128156,P25101,Endothelin receptor ET-A,IC50,CCCc1cc(Cn2c(CC)nc3c(C)cc(C)nc32)cc(CCC)c1OC(C(=O)O)c1ccc2c(c1)OCO2,7.42021640338319
CHEMBL278176,CHEMBL252,Endothelin receptor ET-A,IC50,=,24.0,nM,CHEMBL682968,B,Inhibition of human endothelin A (ETA) receptor expressed in CHO cells,CHEMBL1128156,P25101,Endothelin receptor ET-A,IC50,CCCc1cc(Cn2c(CC)nc3c(C)cc(C)nc32)ccc1OC(C(=O)NS(=O)(=O)c1ccc(C(C)C)cc1)c1ccc2c(c1)OCO2,7.619788758288394
CHEMBL63169,CHEMBL252,Endothelin receptor ET-A,IC50,=,1090.0,nM,CHEMBL682356,B,In vitro binding affinity in a radioligand binding experiment by competition with [125I]-labeled endothelin-1 for ETA receptor,CHEMBL1130505,P25101,Endothelin receptor ET-A,IC50,COC(=O)c1sccc1S(=O)(=O)Nc1onc(C)c1Cl,5.962573502059376
CHEMBL63937,CHEMBL252,Endothelin receptor ET-A,IC50,=,290.0,nM,CHEMBL682356,B,In vitro binding affinity in a radioligand binding experiment by competition with [125I]-labeled endothelin-1 for ETA receptor,CHEMBL1130505,P25101,Endothelin receptor ET-A,IC50,Cc1ccc(OC(=O)c2sccc2S(=O)(=O)Nc2onc(C)c2Br)c(C)c1,6.537602002101044
CHEMBL65531,CHEMBL252,Endothelin receptor ET-A,IC50,=,740.0,nM,CHEMBL682356,B,In vitro binding affinity in a radioligand binding experiment by competition with [125I]-labeled endothelin-1 for ETA receptor,CHEMBL1130505,P25101,Endothelin receptor ET-A,IC50,COC(=O)c1sccc1S(=O)(=O)Nc1onc(C)c1Br,6.130768280269024
CHEMBL15573,CHEMBL252,Endothelin receptor ET-A,IC50,=,330.0,nM,CHEMBL682968,B,Inhibition of human endothelin A (ETA) receptor expressed in CHO cells,CHEMBL1128156,P25101,Endothelin receptor ET-A,IC50,CCCc1cc(Cn2c(CC)nc3c(C)cc(C)nc32)cc(CCC)c1OC(C(=O)NS(=O)(=O)c1ccc(C(C)C)cc1)c1ccc2c(c1)OCO2,6.481486060122112
CHEMBL16306,CHEMBL252,Endothelin receptor ET-A,IC50,=,840.0,nM,CHEMBL682968,B,Inhibition of human endothelin A (ETA) receptor expressed in CHO cells,CHEMBL1128156,P25101,Endothelin receptor ET-A,IC50,CCCc1cc(Cn2c(CC)nc3c(C)cc(C)nc32)ccc1OC(C(=O)O)c1ccc2c(c1)OCO2,6.075720713938118
CHEMBL304406,CHEMBL252,Endothelin receptor ET-A,IC50,=,2710.0,nM,CHEMBL682356,B,In vitro binding affinity in a radioligand binding experiment by competition with [125I]-labeled endothelin-1 for ETA receptor,CHEMBL1130505,P25101,Endothelin receptor ET-A,IC50,Cc1noc(NS(=O)(=O)c2ccsc2C(=O)Oc2ccccc2)c1Br,5.567030709125595
CHEMBL67664,CHEMBL252,Endothelin receptor ET-A,IC50,=,1060.0,nM,CHEMBL682356,B,In vitro binding affinity in a radioligand binding experiment by competition with [125I]-labeled endothelin-1 for ETA receptor,CHEMBL1130505,P25101,Endothelin receptor ET-A,IC50,Cc1noc(NS(=O)(=O)c2ccsc2C(=O)O)c1Cl,5.97469413473523
CHEMBL63290,CHEMBL252,Endothelin receptor ET-A,IC50,=,6140.0,nM,CHEMBL682356,B,In vitro binding affinity in a radioligand binding experiment by competition with [125I]-labeled endothelin-1 for ETA receptor,CHEMBL1130505,P25101,Endothelin receptor ET-A,IC50,Cc1noc(NS(=O)(=O)c2ccsc2C(=O)Oc2ccc3c(c2)OCO3)c1C,5.211831628858832
CHEMBL16197,CHEMBL252,Endothelin receptor ET-A,IC50,=,500.0,nM,CHEMBL682968,B,Inhibition of human endothelin A (ETA) receptor expressed in CHO cells,CHEMBL1128156,P25101,Endothelin receptor ET-A,IC50,CCCc1cc(Cn2c(CC)nc3c(C)cc(C)nc32)cc(CCC)c1OC(C(=O)NS(C)(=O)=O)c1ccc2c(c1)OCO2,6.301029995663981
CHEMBL15310,CHEMBL252,Endothelin receptor ET-A,IC50,=,600.0,nM,CHEMBL682968,B,Inhibition of human endothelin A (ETA) receptor expressed in CHO cells,CHEMBL1128156,P25101,Endothelin receptor ET-A,IC50,CCCc1cc(Cn2c(CC)nc3c(C)cc(C)nc32)cc(CCC)c1OC(C(=O)NS(=O)(=O)c1ccc(CC(C)C)s1)c1ccc2c(c1)OCO2,6.221848749616356
CHEMBL68557,CHEMBL252,Endothelin receptor ET-A,IC50,=,33.0,nM,CHEMBL678230,B,Potency at Endothelin A receptor was determined,CHEMBL1145852,P25101,Endothelin receptor ET-A,IC50,COc1cc2c(-c3ccc4c(c3)OCO4)c(C(=O)O)n(Cc3ccc4nsnc4c3)c2cc1OC,7.481486060122112
CHEMBL276638,CHEMBL252,Endothelin receptor ET-A,IC50,=,150.0,nM,CHEMBL678230,B,Potency at Endothelin A receptor was determined,CHEMBL1145852,P25101,Endothelin receptor ET-A,IC50,COc1cc2c(-c3ccc4c(c3)OCO4)c(C(=O)O)n(Cc3ccc4c(c3)OCO4)c2cc1OC,6.823908740944319
CHEMBL69150,CHEMBL252,Endothelin receptor ET-A,IC50,=,97.0,nM,CHEMBL678230,B,Potency at Endothelin A receptor was determined,CHEMBL1145852,P25101,Endothelin receptor ET-A,IC50,CCCOc1ccc2c(c1)c(-c1ccc3c(c1)OCO3)c(C(=O)O)n2Cc1ccc2nsnc2c1,7.013228265733755
CHEMBL10218,CHEMBL252,Endothelin receptor ET-A,IC50,=,250.0,nM,CHEMBL678230,B,Potency at Endothelin A receptor was determined,CHEMBL1145852,P25101,Endothelin receptor ET-A,IC50,CCCOc1ccc2c(c1)c(-c1ccc3c(c1)OCO3)c(C(=O)O)n2Cc1ccc2c(c1)OCO2,6.6020599913279625
CHEMBL69664,CHEMBL252,Endothelin receptor ET-A,IC50,=,2500.0,nM,CHEMBL678230,B,Potency at Endothelin A receptor was determined,CHEMBL1145852,P25101,Endothelin receptor ET-A,IC50,CCCOc1ccc2c(c1)c(-c1ccc3c(c1)OCO3)c(C(=O)O)n2Cc1ccc2nonc2c1,5.6020599913279625
CHEMBL32572,CHEMBL252,Endothelin receptor ET-A,IC50,=,1.259,nM,CHEMBL857164,B,In vitro binding was measured by the displacement of [125I]ET1 from membranes prepared from MEL cells transfected with cloned human ETA receptors,CHEMBL1130440,P25101,Endothelin receptor ET-A,IC50,CNC(=O)c1cccc(S(=O)(=O)Nc2ncc(Br)nc2OC)c1-c1ccc(CC(C)C)cc1,8.899974269892137
CHEMBL31763,CHEMBL252,Endothelin receptor ET-A,IC50,=,0.7943,nM,CHEMBL857164,B,In vitro binding was measured by the displacement of [125I]ET1 from membranes prepared from MEL cells transfected with cloned human ETA receptors,CHEMBL1130440,P25101,Endothelin receptor ET-A,IC50,COc1nc(Br)cnc1NS(=O)(=O)c1cccc(C(N)=O)c1-c1ccc(CC(C)C)cc1,9.100015437450608
CHEMBL31696,CHEMBL252,Endothelin receptor ET-A,IC50,=,39.81,nM,CHEMBL857164,B,In vitro binding was measured by the displacement of [125I]ET1 from membranes prepared from MEL cells transfected with cloned human ETA receptors,CHEMBL1130440,P25101,Endothelin receptor ET-A,IC50,CNC(=O)c1cccc(S(=O)(=O)Nc2ncc(Br)nc2OC)c1-c1ccccc1,7.400007822415902
CHEMBL97470,CHEMBL252,Endothelin receptor ET-A,IC50,=,25.0,nM,CHEMBL677396,B,Binding affinity against endothelin A receptor from rabbit renal vascular smooth muscles,CHEMBL1128478,P25101,Endothelin receptor ET-A,IC50,CC[C@H](C)[C@H](NC(=O)[C@H](CC(=O)O)NC(=O)[C@H](CCC(=O)O)NC(=O)[C@@H](NC(C)=O)C(c1ccccc1)c1ccccc1)C(=O)N[C@H](C(=O)N[C@@H](Cc1c[nH]c2ccccc12)C(=O)O)[C@@H](C)CC,7.6020599913279625
CHEMBL415238,CHEMBL252,Endothelin receptor ET-A,IC50,=,2600.0,nM,CHEMBL677396,B,Binding affinity against endothelin A receptor from rabbit renal vascular smooth muscles,CHEMBL1128478,P25101,Endothelin receptor ET-A,IC50,CC[C@H](C)[C@H](NC(=O)[C@H](CC(=O)O)NC(=O)[C@H](CC(C)C)NC(=O)[C@@H](NC(=O)C(c1ccccc1)c1ccccc1)C(c1ccccc1)c1ccccc1)C(=O)N[C@H](C(=O)N[C@@H](Cc1c[nH]c2ccccc12)C(=O)O)[C@@H](C)CC,5.585026652029182
CHEMBL265116,CHEMBL252,Endothelin receptor ET-A,IC50,=,200.0,nM,CHEMBL677396,B,Binding affinity against endothelin A receptor from rabbit renal vascular smooth muscles,CHEMBL1128478,P25101,Endothelin receptor ET-A,IC50,CC[C@H](C)[C@H](NC(=O)[C@H](Cc1ccccc1)NC(=O)[C@H](CC(=O)O)NC(=O)[C@H](CC(C)C)NC(=O)[C@@H](NC(C)=O)C(c1ccccc1)c1ccccc1)C(=O)N[C@@H](Cc1c[nH]c2ccccc12)C(=O)O,6.698970004336019
CHEMBL32066,CHEMBL252,Endothelin receptor ET-A,IC50,=,0.5012,nM,CHEMBL857164,B,In vitro binding was measured by the displacement of [125I]ET1 from membranes prepared from MEL cells transfected with cloned human ETA receptors,CHEMBL1130440,P25101,Endothelin receptor ET-A,IC50,CNC(=O)c1cccc(S(=O)(=O)Nc2ncc(C)nc2OC)c1-c1ccc(CC(C)C)cc1,9.299988937677888
CHEMBL32574,CHEMBL252,Endothelin receptor ET-A,IC50,=,199.53,nM,CHEMBL857164,B,In vitro binding was measured by the displacement of [125I]ET1 from membranes prepared from MEL cells transfected with cloned human ETA receptors,CHEMBL1130440,P25101,Endothelin receptor ET-A,IC50,CCCCCNC(=O)c1cccc(S(=O)(=O)Nc2ncc(Br)nc2OC)c1-c1ccc(CC(C)C)cc1,6.699991797446187
CHEMBL286014,CHEMBL252,Endothelin receptor ET-A,IC50,=,1.0,nM,CHEMBL857164,B,In vitro binding was measured by the displacement of [125I]ET1 from membranes prepared from MEL cells transfected with cloned human ETA receptors,CHEMBL1130440,P25101,Endothelin receptor ET-A,IC50,COc1nc(Br)cnc1NS(=O)(=O)c1cccc(C(=O)N(C)C)c1-c1ccc(CC(C)C)cc1,9.0
CHEMBL328942,CHEMBL252,Endothelin receptor ET-A,IC50,=,40.0,nM,CHEMBL677396,B,Binding affinity against endothelin A receptor from rabbit renal vascular smooth muscles,CHEMBL1128478,P25101,Endothelin receptor ET-A,IC50,CC[C@H](C)[C@H](NC(=O)[C@H](CC(=O)O)NC(=O)[C@H](CC(C)C)NC(=O)[C@@H](NC(C)=O)C(c1ccccc1)c1ccccc1)C(=O)N[C@H](C(=O)N[C@@H](Cc1c[nH]c2ccccc12)C(=O)O)[C@@H](C)CC,7.3979400086720375
CHEMBL330144,CHEMBL252,Endothelin receptor ET-A,IC50,=,140.0,nM,CHEMBL677396,B,Binding affinity against endothelin A receptor from rabbit renal vascular smooth muscles,CHEMBL1128478,P25101,Endothelin receptor ET-A,IC50,CC[C@H](C)[C@H](NC(=O)[C@H](CC(=O)O)NC(=O)[C@H](CC(C)C)NC(=O)[C@@H](NC(C)=O)C(c1ccccc1)c1ccccc1)C(=O)N[C@H](C(=O)N[C@@H](Cc1c[nH]c2ccccc12)C(=O)O)C(C)C,6.853871964321762
CHEMBL329609,CHEMBL252,Endothelin receptor ET-A,IC50,=,320.0,nM,CHEMBL677396,B,Binding affinity against endothelin A receptor from rabbit renal vascular smooth muscles,CHEMBL1128478,P25101,Endothelin receptor ET-A,IC50,CC[C@H](C)[C@H](NC(=O)[C@H](CC(=O)O)NC(=O)[C@H](CC(C)C)NC(=O)[C@@H](NC(C)=O)C(c1ccccc1)c1ccccc1)C(=O)N[C@H](C(=O)N[C@@H](Cc1c[nH]c2ccccc12)C(N)=O)[C@@H](C)CC,6.494850021680094
CHEMBL319660,CHEMBL252,Endothelin receptor ET-A,IC50,=,17.0,nM,CHEMBL677396,B,Binding affinity against endothelin A receptor from rabbit renal vascular smooth muscles,CHEMBL1128478,P25101,Endothelin receptor ET-A,IC50,CC[C@H](C)[C@H](NC(=O)[C@@H](NC(=O)[C@H](CC(=O)O)NC(=O)[C@H](CC(C)C)NC(=O)[C@@H](NC(C)=O)C(c1ccccc1)c1ccccc1)C(C)C)C(=O)N[C@@H](Cc1c[nH]c2ccccc12)C(=O)O,7.769551078621726
CHEMBL317099,CHEMBL252,Endothelin receptor ET-A,IC50,=,910.0,nM,CHEMBL677396,B,Binding affinity against endothelin A receptor from rabbit renal vascular smooth muscles,CHEMBL1128478,P25101,Endothelin receptor ET-A,IC50,CC[C@H](C)[C@H](NC(=O)[C@H](CC(=O)O)NC(=O)[C@H](Cc1ccccc1)NC(=O)[C@H](Cc1ccccc1)NC(C)=O)C(=O)N[C@H](C(=O)N[C@@H](Cc1c[nH]c2ccccc12)C(=O)O)[C@@H](C)CC,6.040958607678906
CHEMBL96822,CHEMBL252,Endothelin receptor ET-A,IC50,=,540.0,nM,CHEMBL677396,B,Binding affinity against endothelin A receptor from rabbit renal vascular smooth muscles,CHEMBL1128478,P25101,Endothelin receptor ET-A,IC50,CC[C@H](C)[C@H](NC(=O)[C@H](CC(=O)O)NC(=O)[C@H](CC(C)C)NC(=O)[C@@H](NS(C)(=O)=O)C(c1ccccc1)c1ccccc1)C(=O)N[C@H](C(=O)N[C@@H](Cc1c[nH]c2ccccc12)C(=O)O)[C@@H](C)CC,6.267606240177031
CHEMBL411797,CHEMBL252,Endothelin receptor ET-A,IC50,=,380.0,nM,CHEMBL677396,B,Binding affinity against endothelin A receptor from rabbit renal vascular smooth muscles,CHEMBL1128478,P25101,Endothelin receptor ET-A,IC50,CC[C@H](C)[C@H](NC(=O)[C@H](CC(=O)O)NC(=O)[C@@H](Cc1ccccc1)NC(=O)[C@@H](NC(C)=O)C(c1ccccc1)c1ccccc1)C(=O)N[C@H](C(=O)N[C@@H](Cc1c[nH]c2ccccc12)C(=O)O)[C@@H](C)CC,6.42021640338319
CHEMBL319719,CHEMBL252,Endothelin receptor ET-A,IC50,=,35.0,nM,CHEMBL677396,B,Binding affinity against endothelin A receptor from rabbit renal vascular smooth muscles,CHEMBL1128478,P25101,Endothelin receptor ET-A,IC50,CC[C@H](C)[C@H](NC(=O)[C@H](C)NC(=O)[C@H](CC(C)C)NC(=O)[C@@H](NC(C)=O)C(c1ccccc1)c1ccccc1)C(=O)N[C@H](C(=O)N[C@@H](Cc1c[nH]c2ccccc12)C(=O)O)[C@@H](C)CC,7.455931955649724
CHEMBL433349,CHEMBL252,Endothelin receptor ET-A,IC50,=,21.0,nM,CHEMBL677396,B,Binding affinity against endothelin A receptor from rabbit renal vascular smooth muscles,CHEMBL1128478,P25101,Endothelin receptor ET-A,IC50,CC[C@H](C)[C@H](NC(=O)[C@H](CCC(=O)O)NC(=O)[C@H](CC(C)C)NC(=O)[C@@H](NC(C)=O)C(c1ccccc1)c1ccccc1)C(=O)N[C@H](C(=O)N[C@@H](Cc1c[nH]c2ccccc12)C(=O)O)[C@@H](C)CC,7.6777807052660805
CHEMBL433406,CHEMBL252,Endothelin receptor ET-A,IC50,=,850.0,nM,CHEMBL677396,B,Binding affinity against endothelin A receptor from rabbit renal vascular smooth muscles,CHEMBL1128478,P25101,Endothelin receptor ET-A,IC50,CC[C@H](C)[C@H](NC(=O)[C@H](CC(=O)O)NC(=O)[C@H](CC(C)C)NC(=O)[C@@H](NC(=O)NC)C(c1ccccc1)c1ccccc1)C(=O)N[C@H](C(=O)N[C@@H](Cc1c[nH]c2ccccc12)C(=O)O)[C@@H](C)CC,6.070581074285707
CHEMBL282187,CHEMBL252,Endothelin receptor ET-A,IC50,=,0.5012,nM,CHEMBL857164,B,In vitro binding was measured by the displacement of [125I]ET1 from membranes prepared from MEL cells transfected with cloned human ETA receptors,CHEMBL1130440,P25101,Endothelin receptor ET-A,IC50,COCCNC(=O)c1cccc(S(=O)(=O)Nc2ncc(C)nc2OC)c1-c1ccc(CC(C)C)cc1,9.299988937677888
CHEMBL384728,CHEMBL252,Endothelin receptor ET-A,IC50,=,500.0,nM,CHEMBL677396,B,Binding affinity against endothelin A receptor from rabbit renal vascular smooth muscles,CHEMBL1128478,P25101,Endothelin receptor ET-A,IC50,CC[C@H](C)[C@H](NC(=O)[C@H](Cc1ccc(O)cc1)NC(=O)[C@H](CC(C)C)NC(=O)[C@@H](NC(C)=O)C(c1ccccc1)c1ccccc1)C(=O)N[C@H](C(=O)N[C@@H](Cc1c[nH]c2ccccc12)C(=O)O)[C@@H](C)CC,6.301029995663981
CHEMBL216082,CHEMBL252,Endothelin receptor ET-A,IC50,=,580.0,nM,CHEMBL677396,B,Binding affinity against endothelin A receptor from rabbit renal vascular smooth muscles,CHEMBL1128478,P25101,Endothelin receptor ET-A,IC50,CC[C@H](C)[C@H](NC(=O)[C@H](Cc1ccccc1)NC(=O)[C@H](CC(C)C)NC(=O)[C@@H](NC(C)=O)C(c1ccccc1)c1ccccc1)C(=O)N[C@H](C(=O)N[C@@H](Cc1c[nH]c2ccccc12)C(=O)O)[C@@H](C)CC,6.236572006437063
CHEMBL265734,CHEMBL252,Endothelin receptor ET-A,IC50,=,5000.0,nM,CHEMBL677396,B,Binding affinity against endothelin A receptor from rabbit renal vascular smooth muscles,CHEMBL1128478,P25101,Endothelin receptor ET-A,IC50,CC[C@H](C)[C@H](NC(=O)[C@H](CC(=O)O)NC(=O)[C@H](CC(C)C)NC(=O)[C@@H](NC(=O)c1cccnc1)C(c1ccccc1)c1ccccc1)C(=O)N[C@H](C(=O)N[C@@H](Cc1c[nH]c2ccccc12)C(=O)O)[C@@H](C)CC,5.301029995663981
CHEMBL413179,CHEMBL252,Endothelin receptor ET-A,IC50,=,3500.0,nM,CHEMBL677396,B,Binding affinity against endothelin A receptor from rabbit renal vascular smooth muscles,CHEMBL1128478,P25101,Endothelin receptor ET-A,IC50,CC[C@H](C)[C@H](NC(=O)[C@H](CC(=O)O)NC(=O)[C@H](CC(C)C)NC(=O)[C@@H](NC(=O)C12CC3CC(CC(C3)C1)C2)C(c1ccccc1)c1ccccc1)C(=O)N[C@H](C(=O)N[C@@H](Cc1c[nH]c2ccccc12)C(=O)O)[C@@H](C)CC,5.455931955649724
CHEMBL32075,CHEMBL252,Endothelin receptor ET-A,IC50,=,3.981,nM,CHEMBL857164,B,In vitro binding was measured by the displacement of [125I]ET1 from membranes prepared from MEL cells transfected with cloned human ETA receptors,CHEMBL1130440,P25101,Endothelin receptor ET-A,IC50,CCCCCNC(=O)c1cccc(S(=O)(=O)Nc2ncc(Br)nc2OC)c1-c1ccccc1,8.400007822415901
CHEMBL2370255,CHEMBL252,Endothelin receptor ET-A,IC50,=,480.0,nM,CHEMBL677396,B,Binding affinity against endothelin A receptor from rabbit renal vascular smooth muscles,CHEMBL1128478,P25101,Endothelin receptor ET-A,IC50,CC[C@H](C)[C@H](NC(=O)[C@H](CCCCN)NC(=O)[C@H](CC(C)C)NC(=O)[C@H](NC(C)=O)C(c1ccccc1)c1ccccc1)C(=O)N[C@H](C(=O)N[C@@H](Cc1c[nH]c2ccccc12)C(=O)O)[C@@H](C)CC,6.318758762624412
CHEMBL262229,CHEMBL252,Endothelin receptor ET-A,IC50,=,10000.0,nM,CHEMBL677396,B,Binding affinity against endothelin A receptor from rabbit renal vascular smooth muscles,CHEMBL1128478,P25101,Endothelin receptor ET-A,IC50,CC[C@H](C)[C@H](NC(=O)[C@H](CC(=O)O)NC(=O)[C@H](CC(C)C)NC(=O)[C@@H](NC(=O)C(C)(C)C)C(c1ccccc1)c1ccccc1)C(=O)N[C@H](C(=O)N[C@@H](Cc1c[nH]c2ccccc12)C(=O)O)[C@@H](C)CC,5.0
CHEMBL405599,CHEMBL252,Endothelin receptor ET-A,IC50,=,4.0,nM,CHEMBL677396,B,Binding affinity against endothelin A receptor from rabbit renal vascular smooth muscles,CHEMBL1128478,P25101,Endothelin receptor ET-A,IC50,CC[C@H](C)[C@H](NC(=O)[C@H](CC(=O)O)NC(=O)[C@H](CCCNC(=N)N)NC(=O)[C@@H](NC(C)=O)C(c1ccccc1)c1ccccc1)C(=O)N[C@H](C(=O)N[C@@H](Cc1c[nH]c2ccccc12)C(=O)O)[C@@H](C)CC,8.397940008672037
CHEMBL32512,CHEMBL252,Endothelin receptor ET-A,IC50,=,39.81,nM,CHEMBL857164,B,In vitro binding was measured by the displacement of [125I]ET1 from membranes prepared from MEL cells transfected with cloned human ETA receptors,CHEMBL1130440,P25101,Endothelin receptor ET-A,IC50,COc1nc(Br)cnc1NS(=O)(=O)c1cccc(C(N)=O)c1-c1ccccc1,7.400007822415902
CHEMBL285512,CHEMBL252,Endothelin receptor ET-A,IC50,=,31.62,nM,CHEMBL857164,B,In vitro binding was measured by the displacement of [125I]ET1 from membranes prepared from MEL cells transfected with cloned human ETA receptors,CHEMBL1130440,P25101,Endothelin receptor ET-A,IC50,COc1nc(Br)cnc1NS(=O)(=O)c1ccccc1-c1ccccc1,7.50003813440381
CHEMBL384052,CHEMBL252,Endothelin receptor ET-A,IC50,=,6300.0,nM,CHEMBL677396,B,Binding affinity against endothelin A receptor from rabbit renal vascular smooth muscles,CHEMBL1128478,P25101,Endothelin receptor ET-A,IC50,CC[C@H](C)[C@H](NC(=O)[C@H](CC(=O)O)NC(=O)[C@H](CC(C)C)NC(=O)[C@@H](NC(=O)c1ccccc1)C(c1ccccc1)c1ccccc1)C(=O)N[C@H](C(=O)N[C@@H](Cc1c[nH]c2ccccc12)C(=O)O)[C@@H](C)CC,5.200659450546418
CHEMBL407933,CHEMBL252,Endothelin receptor ET-A,IC50,=,2000.0,nM,CHEMBL677396,B,Binding affinity against endothelin A receptor from rabbit renal vascular smooth muscles,CHEMBL1128478,P25101,Endothelin receptor ET-A,IC50,CC[C@H](C)[C@H](NC(=O)[C@H](CC(=O)O)NC(=O)[C@H](CC(C)C)NC(=O)[C@@H](NC(=O)NC1CCCCC1)C(c1ccccc1)c1ccccc1)C(=O)N[C@H](C(=O)N[C@@H](Cc1c[nH]c2ccccc12)C(=O)O)[C@@H](C)CC,5.698970004336019
CHEMBL262993,CHEMBL252,Endothelin receptor ET-A,IC50,=,3.5,nM,CHEMBL677396,B,Binding affinity against endothelin A receptor from rabbit renal vascular smooth muscles,CHEMBL1128478,P25101,Endothelin receptor ET-A,IC50,CC[C@H](C)[C@H](NC(=O)[C@H](CC(=O)O)NC(=O)[C@H](CC(C)C)NC(=O)[C@@H](NC(C)=O)C1c2ccccc2CCc2ccccc21)C(=O)N[C@H](C(=O)N[C@@H](Cc1c[nH]c2ccccc12)C(=O)O)[C@@H](C)CC,8.455931955649724
CHEMBL287581,CHEMBL252,Endothelin receptor ET-A,IC50,=,39.81,nM,CHEMBL857164,B,In vitro binding was measured by the displacement of [125I]ET1 from membranes prepared from MEL cells transfected with cloned human ETA receptors,CHEMBL1130440,P25101,Endothelin receptor ET-A,IC50,COc1nc(Br)cnc1NS(=O)(=O)c1ccccc1-c1ccc(CC(C)C)cc1,7.400007822415902
CHEMBL31324,CHEMBL252,Endothelin receptor ET-A,IC50,=,2.512,nM,CHEMBL857164,B,In vitro binding was measured by the displacement of [125I]ET1 from membranes prepared from MEL cells transfected with cloned human ETA receptors,CHEMBL1130440,P25101,Endothelin receptor ET-A,IC50,COc1nc(C)cnc1NS(=O)(=O)c1cccc(C(=O)N(C)C)c1-c1ccc(CC(C)C)cc1,8.599980364934842
CHEMBL269428,CHEMBL252,Endothelin receptor ET-A,IC50,=,11000.0,nM,CHEMBL677396,B,Binding affinity against endothelin A receptor from rabbit renal vascular smooth muscles,CHEMBL1128478,P25101,Endothelin receptor ET-A,IC50,CC[C@H](C)[C@H](NC(=O)[C@H](CC(=O)O)NC(=O)[C@H](CC(C)C)NC(=O)[C@@H](N)C(c1ccccc1)(c1ccccc1)c1ccccc1)C(=O)N[C@H](C(=O)N[C@@H](Cc1c[nH]c2ccccc12)C(=O)O)[C@@H](C)CC,4.958607314841775
CHEMBL263295,CHEMBL252,Endothelin receptor ET-A,IC50,=,650.0,nM,CHEMBL677396,B,Binding affinity against endothelin A receptor from rabbit renal vascular smooth muscles,CHEMBL1128478,P25101,Endothelin receptor ET-A,IC50,CC[C@H](C)[C@H](NC(=O)[C@H](CC1CCCCC1)NC(=O)[C@H](CC(=O)O)NC(=O)[C@H](CC(C)C)NC(=O)[C@@H](NC(C)=O)C(c1ccccc1)c1ccccc1)C(=O)N[C@@H](Cc1c[nH]c2ccccc12)C(=O)O,6.187086643357144
CHEMBL405709,CHEMBL252,Endothelin receptor ET-A,IC50,=,4000.0,nM,CHEMBL677396,B,Binding affinity against endothelin A receptor from rabbit renal vascular smooth muscles,CHEMBL1128478,P25101,Endothelin receptor ET-A,IC50,CC[C@H](C)[C@H](NC(=O)[C@H](CC(=O)O)NC(=O)[C@H](CC(C)C)NC(=O)[C@@H](NC(C)=O)C(c1ccccc1)c1ccccc1)C(=O)N[C@@H](Cc1ccccc1)C(=O)N[C@@H](Cc1c[nH]c2ccccc12)C(=O)O,5.3979400086720375
CHEMBL97431,CHEMBL252,Endothelin receptor ET-A,IC50,=,230.0,nM,CHEMBL677396,B,Binding affinity against endothelin A receptor from rabbit renal vascular smooth muscles,CHEMBL1128478,P25101,Endothelin receptor ET-A,IC50,CC[C@H](C)[C@H](NC(=O)[C@H](CC(=O)O)NC(=O)[C@H](CC(C)C)NC(=O)[C@@H](NC(C)=O)C(c1ccccc1)c1ccccc1)C(=O)N[C@@H](CC(C)C)C(=O)N[C@@H](Cc1c[nH]c2ccccc12)C(=O)O,6.638272163982407
CHEMBL285976,CHEMBL252,Endothelin receptor ET-A,IC50,=,1.0,nM,CHEMBL857164,B,In vitro binding was measured by the displacement of [125I]ET1 from membranes prepared from MEL cells transfected with cloned human ETA receptors,CHEMBL1130440,P25101,Endothelin receptor ET-A,IC50,COc1nc(C)cnc1NS(=O)(=O)c1cccc(C(N)=O)c1-c1ccc(CC(C)C)cc1,9.0
CHEMBL421190,CHEMBL252,Endothelin receptor ET-A,IC50,=,36.0,nM,CHEMBL677396,B,Binding affinity against endothelin A receptor from rabbit renal vascular smooth muscles,CHEMBL1128478,P25101,Endothelin receptor ET-A,IC50,CC[C@H](C)[C@H](NC(=O)[C@H](Cc1ccccc1)NC(=O)[C@H](CC(C)C)NC(=O)[C@H](Cc1ccccc1)NC(C)=O)C(=O)N[C@H](C(=O)N[C@@H](Cc1c[nH]c2ccccc12)C(=O)O)[C@@H](C)CC,7.443697499232712
CHEMBL386181,CHEMBL252,Endothelin receptor ET-A,IC50,=,250.0,nM,CHEMBL677396,B,Binding affinity against endothelin A receptor from rabbit renal vascular smooth muscles,CHEMBL1128478,P25101,Endothelin receptor ET-A,IC50,CC[C@H](C)[C@H](NC(=O)[C@H](CC(=O)O)NC(=O)[C@H](CC(C)C)NC(=O)[C@@H](NC(=O)C(F)(F)F)C(c1ccccc1)c1ccccc1)C(=O)N[C@H](C(=O)N[C@@H](Cc1c[nH]c2ccccc12)C(=O)O)[C@@H](C)CC,6.6020599913279625
CHEMBL31544,CHEMBL252,Endothelin receptor ET-A,IC50,=,0.631,nM,CHEMBL857164,B,In vitro binding was measured by the displacement of [125I]ET1 from membranes prepared from MEL cells transfected with cloned human ETA receptors,CHEMBL1130440,P25101,Endothelin receptor ET-A,IC50,COc1nc(C)cnc1NS(=O)(=O)c1cccc(C(=O)NCCO)c1-c1ccc(CC(C)C)cc1,9.199970640755865
CHEMBL405178,CHEMBL252,Endothelin receptor ET-A,IC50,=,2600.0,nM,CHEMBL677396,B,Binding affinity against endothelin A receptor from rabbit renal vascular smooth muscles,CHEMBL1128478,P25101,Endothelin receptor ET-A,IC50,CC[C@H](C)[C@H](NC(=O)[C@H](CC(=O)O)NC(=O)[C@H](CC(C)C)NC(=O)[C@@H](NC(C)=O)C(c1ccccc1)(c1ccccc1)c1ccccc1)C(=O)N[C@H](C(=O)N[C@@H](Cc1c[nH]c2ccccc12)C(=O)O)[C@@H](C)CC,5.585026652029182
CHEMBL94907,CHEMBL252,Endothelin receptor ET-A,IC50,=,100.0,nM,CHEMBL677396,B,Binding affinity against endothelin A receptor from rabbit renal vascular smooth muscles,CHEMBL1128478,P25101,Endothelin receptor ET-A,IC50,CC[C@H](C)[C@H](NC(=O)[C@H](C)NC(=O)[C@H](CC(=O)O)NC(=O)[C@H](CC(C)C)NC(=O)[C@@H](NC(C)=O)C(c1ccccc1)c1ccccc1)C(=O)N[C@@H](Cc1c[nH]c2ccccc12)C(=O)O,7.0
CHEMBL31592,CHEMBL252,Endothelin receptor ET-A,IC50,=,1.585,nM,CHEMBL857164,B,In vitro binding was measured by the displacement of [125I]ET1 from membranes prepared from MEL cells transfected with cloned human ETA receptors,CHEMBL1130440,P25101,Endothelin receptor ET-A,IC50,COCCNC(=O)c1cccc(S(=O)(=O)Nc2ncc(Br)nc2OC)c1-c1ccc(CC(C)C)cc1,8.79997073344623
CHEMBL385492,CHEMBL252,Endothelin receptor ET-A,IC50,=,68.0,nM,CHEMBL677396,B,Binding affinity against endothelin A receptor from rabbit renal vascular smooth muscles,CHEMBL1128478,P25101,Endothelin receptor ET-A,IC50,CC[C@H](C)[C@H](NC(=O)[C@H](Cc1ccc(O)cc1)NC(=O)[C@H](CC(=O)O)NC(=O)[C@H](CC(C)C)NC(=O)[C@@H](NC(C)=O)C(c1ccccc1)c1ccccc1)C(=O)N[C@@H](Cc1c[nH]c2ccccc12)C(=O)O,7.167491087293763
CHEMBL2370254,CHEMBL252,Endothelin receptor ET-A,IC50,=,2200.0,nM,CHEMBL677396,B,Binding affinity against endothelin A receptor from rabbit renal vascular smooth muscles,CHEMBL1128478,P25101,Endothelin receptor ET-A,IC50,CC[C@H](C)[C@H](NC(=O)[C@H](CC(=O)O)NC(=O)[C@H](CC(C)C)NC(=O)[C@@H](NC(C)=O)C(c1ccccc1)c1ccccc1)C(=O)N[C@H](C(=O)N[C@@H](Cc1ccc(O)cc1)C(=O)O)[C@@H](C)CC,5.657577319177793
CHEMBL2370247,CHEMBL252,Endothelin receptor ET-A,IC50,=,7100.0,nM,CHEMBL677396,B,Binding affinity against endothelin A receptor from rabbit renal vascular smooth muscles,CHEMBL1128478,P25101,Endothelin receptor ET-A,IC50,CC[C@H](C)[C@@H]1NC(=O)[C@@H](CC(=O)O)NC(=O)[C@H](CC(C)C)NC(=O)[C@@H](C(c2ccccc2)c2ccccc2)NC(=O)[C@H](Cc2c[nH]c3ccccc23)NC(=O)[C@@H]([C@@H](C)CC)NC1=O,5.1487416512809245
CHEMBL94983,CHEMBL252,Endothelin receptor ET-A,IC50,=,13.0,nM,CHEMBL677396,B,Binding affinity against endothelin A receptor from rabbit renal vascular smooth muscles,CHEMBL1128478,P25101,Endothelin receptor ET-A,IC50,CC[C@H](C)[C@H](NC(=O)[C@H](CC(=O)O)NC(=O)[C@H](CCCN)NC(=O)[C@@H](NC(C)=O)C(c1ccccc1)c1ccccc1)C(=O)N[C@H](C(=O)N[C@@H](Cc1c[nH]c2ccccc12)C(=O)O)[C@@H](C)CC,7.886056647693163
CHEMBL323331,CHEMBL252,Endothelin receptor ET-A,IC50,=,1000.0,nM,CHEMBL677396,B,Binding affinity against endothelin A receptor from rabbit renal vascular smooth muscles,CHEMBL1128478,P25101,Endothelin receptor ET-A,IC50,CCC(=O)N[C@H](C(=O)N[C@@H](CC(C)C)C(=O)N[C@@H](CC(=O)O)C(=O)N[C@H](C(=O)N[C@H](C(=O)N[C@@H](Cc1c[nH]c2ccccc12)C(=O)O)[C@@H](C)CC)[C@@H](C)CC)C(c1ccccc1)c1ccccc1,6.0
CHEMBL264579,CHEMBL252,Endothelin receptor ET-A,IC50,=,3600.0,nM,CHEMBL677396,B,Binding affinity against endothelin A receptor from rabbit renal vascular smooth muscles,CHEMBL1128478,P25101,Endothelin receptor ET-A,IC50,CC[C@H](C)[C@H](NC(=O)[C@H](CC(=O)O)NC(=O)[C@H](CC(C)C)NC(=O)[C@@H](NC(=O)C1c2ccccc2CCc2ccccc21)C(c1ccccc1)c1ccccc1)C(=O)N[C@H](C(=O)N[C@@H](Cc1c[nH]c2ccccc12)C(=O)O)[C@@H](C)CC,5.443697499232712
CHEMBL2370253,CHEMBL252,Endothelin receptor ET-A,IC50,=,5000.0,nM,CHEMBL677396,B,Binding affinity against endothelin A receptor from rabbit renal vascular smooth muscles,CHEMBL1128478,P25101,Endothelin receptor ET-A,IC50,CC[C@H](C)[C@H](NC(=O)[C@H](CC(=O)O)NC(=O)[C@H](CC(C)C)NC(=O)[C@@H](NC(C)=O)C(c1ccccc1)c1ccccc1)C(=O)N[C@H](C(=O)N[C@@H](Cc1ccccc1)C(=O)O)[C@@H](C)CC,5.301029995663981
CHEMBL327523,CHEMBL252,Endothelin receptor ET-A,IC50,=,3200.0,nM,CHEMBL677396,B,Binding affinity against endothelin A receptor from rabbit renal vascular smooth muscles,CHEMBL1128478,P25101,Endothelin receptor ET-A,IC50,CC[C@H](C)[C@H](NC(=O)[C@H](CC(=O)O)NC(=O)[C@H](CC(C)C)NC(=O)[C@H](CC12CC3CC(CC(C3)C1)C2)NC(C)=O)C(=O)N[C@H](C(=O)N[C@@H](Cc1c[nH]c2ccccc12)C(=O)O)[C@@H](C)CC,5.494850021680094
CHEMBL318020,CHEMBL252,Endothelin receptor ET-A,IC50,=,1000.0,nM,CHEMBL677396,B,Binding affinity against endothelin A receptor from rabbit renal vascular smooth muscles,CHEMBL1128478,P25101,Endothelin receptor ET-A,IC50,CC[C@H](C)[C@H](NC(=O)[C@H](CCC(=O)O)NC(=O)[C@H](CC(=O)O)NC(=O)[C@H](CC(C)C)NC(=O)[C@@H](NC(C)=O)C(c1ccccc1)c1ccccc1)C(=O)N[C@@H](Cc1c[nH]c2ccccc12)C(=O)O,6.0
CHEMBL319537,CHEMBL252,Endothelin receptor ET-A,IC50,=,2100.0,nM,CHEMBL677396,B,Binding affinity against endothelin A receptor from rabbit renal vascular smooth muscles,CHEMBL1128478,P25101,Endothelin receptor ET-A,IC50,CC[C@H](C)[C@H](NC(=O)[C@H](CC(=O)O)NC(=O)[C@H](CC(C)C)NC(=O)[C@@H](N)C(c1ccccc1)c1ccccc1)C(=O)N[C@H](C(=O)N[C@@H](Cc1c[nH]c2ccccc12)C(=O)O)[C@@H](C)CC,5.6777807052660805
CHEMBL94689,CHEMBL252,Endothelin receptor ET-A,IC50,=,1100.0,nM,CHEMBL677396,B,Binding affinity against endothelin A receptor from rabbit renal vascular smooth muscles,CHEMBL1128478,P25101,Endothelin receptor ET-A,IC50,CC[C@H](C)[C@H](NC(=O)[C@H](CC(=O)O)NC(=O)[C@H](CC(C)C)NC(=O)[C@@H](Cc1c(C)c(C)c(C)c(C)c1C)NC(C)=O)C(=O)N[C@H](C(=O)N[C@@H](Cc1c[nH]c2ccccc12)C(=O)O)[C@@H](C)CC,5.958607314841775
CHEMBL414082,CHEMBL252,Endothelin receptor ET-A,IC50,=,6200.0,nM,CHEMBL677396,B,Binding affinity against endothelin A receptor from rabbit renal vascular smooth muscles,CHEMBL1128478,P25101,Endothelin receptor ET-A,IC50,CC[C@H](C)[C@H](NC(=O)[C@H](CC(=O)O)NC(=O)[C@H](CC(C)C)NC(=O)[C@@H](NC(=O)C1CCCCC1)C(c1ccccc1)c1ccccc1)C(=O)N[C@H](C(=O)N[C@@H](Cc1c[nH]c2ccccc12)C(=O)O)[C@@H](C)CC,5.207608310501746
CHEMBL171198,CHEMBL252,Endothelin receptor ET-A,IC50,=,2.5,nM,CHEMBL679398,B,Binding affinity against ETA receptor from dog spleen membranes using [125I]ET1 as radioligand.,CHEMBL1128888,P25101,Endothelin receptor ET-A,IC50,CC(C)C[C@H](NC(=O)N1CCCCCC1)C(=O)N[C@H](Cc1cn(C)c2ccccc12)C(=O)N[C@H](Cc1ccccc1)C(=O)O,8.602059991327963
CHEMBL440853,CHEMBL252,Endothelin receptor ET-A,IC50,=,22.0,nM,CHEMBL681510,B,In vitro inhibition of [125I]ET1 binding to CHO cells expressing recombinant human Endothelin A receptor,CHEMBL1134124,P25101,Endothelin receptor ET-A,IC50,CCOc1ccc2c(c1)[C@@H](c1ccc(OC)cc1OCCCC(=O)O)N(CC(=O)O)[C@@H]2c1ccc2c(c1)OCO2,7.657577319177793
CHEMBL295477,CHEMBL252,Endothelin receptor ET-A,IC50,=,20.0,nM,CHEMBL682359,B,In vitro inhibition of endothelin binding to human Endothelin A receptor using [125I]-labeled ET-1 competition assay,CHEMBL1130344,P25101,Endothelin receptor ET-A,IC50,Cc1ccc(CC(=O)c2sccc2S(=O)(=O)Nc2onc(C)c2Br)cc1,7.698970004336019
CHEMBL282724,CHEMBL252,Endothelin receptor ET-A,IC50,=,1.4,nM,CHEMBL682359,B,In vitro inhibition of endothelin binding to human Endothelin A receptor using [125I]-labeled ET-1 competition assay,CHEMBL1130344,P25101,Endothelin receptor ET-A,IC50,Cc1cc2c(cc1CC(=O)c1sccc1S(=O)(=O)Nc1onc(C)c1Cl)OCO2,8.853871964321762
CHEMBL45160,CHEMBL252,Endothelin receptor ET-A,IC50,=,10.0,nM,CHEMBL682359,B,In vitro inhibition of endothelin binding to human Endothelin A receptor using [125I]-labeled ET-1 competition assay,CHEMBL1130344,P25101,Endothelin receptor ET-A,IC50,CC(=O)c1c(NC(=O)c2sccc2S(=O)(=O)Nc2onc(C)c2Cl)ccc2c1OCO2,8.0
CHEMBL47706,CHEMBL252,Endothelin receptor ET-A,IC50,=,14.0,nM,CHEMBL682359,B,In vitro inhibition of endothelin binding to human Endothelin A receptor using [125I]-labeled ET-1 competition assay,CHEMBL1130344,P25101,Endothelin receptor ET-A,IC50,Cc1noc(NS(=O)(=O)c2ccsc2C(=O)Cc2ccc3c(c2)OCO3)c1Br,7.853871964321762
CHEMBL297557,CHEMBL252,Endothelin receptor ET-A,IC50,=,56.0,nM,CHEMBL682359,B,In vitro inhibition of endothelin binding to human Endothelin A receptor using [125I]-labeled ET-1 competition assay,CHEMBL1130344,P25101,Endothelin receptor ET-A,IC50,CCOC(C)=O.Cc1noc(NS(=O)(=O)c2ccsc2C(O)Cc2ccc3c(c2)OCO3)c1Cl,7.251811972993799
CHEMBL416453,CHEMBL252,Endothelin receptor ET-A,IC50,=,21000.0,nM,CHEMBL682359,B,In vitro inhibition of endothelin binding to human Endothelin A receptor using [125I]-labeled ET-1 competition assay,CHEMBL1130344,P25101,Endothelin receptor ET-A,IC50,Cc1noc(NS(=O)(=O)c2ccsc2C(Cc2ccc3c(c2)OCO3)N(C)C)c1Cl.O=C(O)C(F)(F)F,4.6777807052660805
CHEMBL46357,CHEMBL252,Endothelin receptor ET-A,IC50,=,2000.0,nM,CHEMBL682359,B,In vitro inhibition of endothelin binding to human Endothelin A receptor using [125I]-labeled ET-1 competition assay,CHEMBL1130344,P25101,Endothelin receptor ET-A,IC50,CCOC(C)=O.Cc1noc(NS(=O)(=O)c2ccsc2C(=O)c2ccc3c(c2)OCO3)c1Br,5.698970004336019
CHEMBL170121,CHEMBL252,Endothelin receptor ET-A,IC50,=,220.0,nM,CHEMBL679398,B,Binding affinity against ETA receptor from dog spleen membranes using [125I]ET1 as radioligand.,CHEMBL1128888,P25101,Endothelin receptor ET-A,IC50,CC(C)C[C@H](NC(=O)N1CCCCCC1)C(=O)N[C@H](Cc1cn(C)c2ccccc12)C(=O)NCC(=O)O,6.657577319177793
CHEMBL353605,CHEMBL252,Endothelin receptor ET-A,IC50,=,730.0,nM,CHEMBL679398,B,Binding affinity against ETA receptor from dog spleen membranes using [125I]ET1 as radioligand.,CHEMBL1128888,P25101,Endothelin receptor ET-A,IC50,CC(C)C[C@H](NC(=O)N1CCCCCC1)C(=O)N[C@H](Cc1cn(C)c2ccccc12)C(=O)NC(C)(C)C(=O)O,6.136677139879544
CHEMBL297353,CHEMBL252,Endothelin receptor ET-A,IC50,=,3300.0,nM,CHEMBL681510,B,In vitro inhibition of [125I]ET1 binding to CHO cells expressing recombinant human Endothelin A receptor,CHEMBL1134124,P25101,Endothelin receptor ET-A,IC50,COc1ccc([C@@H]2c3cc(OC)ccc3[C@@H](c3ccc4c(c3)OCO4)N2CC(=O)O)cc1,5.481486060122112
CHEMBL47383,CHEMBL252,Endothelin receptor ET-A,IC50,=,123.0,nM,CHEMBL682359,B,In vitro inhibition of endothelin binding to human Endothelin A receptor using [125I]-labeled ET-1 competition assay,CHEMBL1130344,P25101,Endothelin receptor ET-A,IC50,Cc1noc(NS(=O)(=O)c2ccsc2C2(Cc3ccc4c(c3)OCO4)OCCO2)c1Cl,6.910094888560602
CHEMBL297679,CHEMBL252,Endothelin receptor ET-A,IC50,=,30.0,nM,CHEMBL682359,B,In vitro inhibition of endothelin binding to human Endothelin A receptor using [125I]-labeled ET-1 competition assay,CHEMBL1130344,P25101,Endothelin receptor ET-A,IC50,COc1cccc(CC(=O)c2sccc2S(=O)(=O)Nc2onc(C)c2Cl)c1,7.522878745280337
CHEMBL47424,CHEMBL252,Endothelin receptor ET-A,IC50,=,7.2,nM,CHEMBL682359,B,In vitro inhibition of endothelin binding to human Endothelin A receptor using [125I]-labeled ET-1 competition assay,CHEMBL1130344,P25101,Endothelin receptor ET-A,IC50,Cc1ccc(C)c(CC(=O)c2sccc2S(=O)(=O)Nc2onc(C)c2Cl)c1,8.142667503568731
CHEMBL49312,CHEMBL252,Endothelin receptor ET-A,IC50,=,14.0,nM,CHEMBL681510,B,In vitro inhibition of [125I]ET1 binding to CHO cells expressing recombinant human Endothelin A receptor,CHEMBL1134124,P25101,Endothelin receptor ET-A,IC50,CCOc1ccc2c(c1)[C@H](c1ccc(OC)cc1OCC(C)(C)C(=O)O)N(CC(=O)O)[C@@H]2c1ccc2c(c1)OCO2,7.853871964321762
CHEMBL47404,CHEMBL252,Endothelin receptor ET-A,IC50,=,3.4,nM,CHEMBL682359,B,In vitro inhibition of endothelin binding to human Endothelin A receptor using [125I]-labeled ET-1 competition assay,CHEMBL1130344,P25101,Endothelin receptor ET-A,IC50,Cc1noc(NS(=O)(=O)c2ccsc2C(=O)Nc2ccc3c(c2C#N)OCO3)c1Cl,8.468521082957745
CHEMBL298203,CHEMBL252,Endothelin receptor ET-A,IC50,=,27.0,nM,CHEMBL682359,B,In vitro inhibition of endothelin binding to human Endothelin A receptor using [125I]-labeled ET-1 competition assay,CHEMBL1130344,P25101,Endothelin receptor ET-A,IC50,Cc1noc(NS(=O)(=O)c2ccsc2C(=O)Cc2ccc3c(c2)OCO3)c1C,7.568636235841012
CHEMBL47915,CHEMBL252,Endothelin receptor ET-A,IC50,=,2.7,nM,CHEMBL682359,B,In vitro inhibition of endothelin binding to human Endothelin A receptor using [125I]-labeled ET-1 competition assay,CHEMBL1130344,P25101,Endothelin receptor ET-A,IC50,Cc1ccc(CC(=O)c2sccc2S(=O)(=O)Nc2onc(C)c2C)c(C)c1,8.568636235841012
CHEMBL170229,CHEMBL252,Endothelin receptor ET-A,IC50,=,1320.0,nM,CHEMBL679398,B,Binding affinity against ETA receptor from dog spleen membranes using [125I]ET1 as radioligand.,CHEMBL1128888,P25101,Endothelin receptor ET-A,IC50,CC(C)C[C@H](NC(=O)[C@@H](Cc1cn(C)c2ccccc12)NC(=O)[C@H](CC(C)C)NC(=O)N1CCCCCC1)C(=O)O,5.8794260687941495
CHEMBL173808,CHEMBL252,Endothelin receptor ET-A,IC50,=,62.0,nM,CHEMBL679398,B,Binding affinity against ETA receptor from dog spleen membranes using [125I]ET1 as radioligand.,CHEMBL1128888,P25101,Endothelin receptor ET-A,IC50,CC(C)C[C@H](NC(=O)N1CCCCCC1)C(=O)N[C@H](Cc1cn(C)c2ccccc12)C(=O)NCCC(=O)O,7.207608310501746
CHEMBL295140,CHEMBL252,Endothelin receptor ET-A,IC50,=,29.0,nM,CHEMBL681510,B,In vitro inhibition of [125I]ET1 binding to CHO cells expressing recombinant human Endothelin A receptor,CHEMBL1134124,P25101,Endothelin receptor ET-A,IC50,CCOc1ccc2c(c1)[C@@H](c1ccc(OC)cc1OCc1nn[nH]n1)N(CC(=O)O)[C@@H]2c1ccc2c(c1)OCO2,7.537602002101044
CHEMBL282470,CHEMBL252,Endothelin receptor ET-A,IC50,=,18.0,nM,CHEMBL682359,B,In vitro inhibition of endothelin binding to human Endothelin A receptor using [125I]-labeled ET-1 competition assay,CHEMBL1130344,P25101,Endothelin receptor ET-A,IC50,Cc1noc(NS(=O)(=O)c2ccsc2C(=O)Cc2ccc3c(c2)OCO3)c1Cl,7.7447274948966935
CHEMBL298212,CHEMBL252,Endothelin receptor ET-A,IC50,=,12.0,nM,CHEMBL681510,B,In vitro inhibition of [125I]ET1 binding to CHO cells expressing recombinant human Endothelin A receptor,CHEMBL1134124,P25101,Endothelin receptor ET-A,IC50,CCOc1ccc2c(c1)[C@@H](c1ccc(OC)cc1OCC(=O)O)N(C(=O)C(=O)O)[C@@H]2c1ccc2c(c1)OCO2,7.920818753952375
CHEMBL301371,CHEMBL252,Endothelin receptor ET-A,IC50,=,31.0,nM,CHEMBL681510,B,In vitro inhibition of [125I]ET1 binding to CHO cells expressing recombinant human Endothelin A receptor,CHEMBL1134124,P25101,Endothelin receptor ET-A,IC50,CCOc1ccc2c(c1)[C@@H](c1ccc(OC)cc1OCC(=O)O)N(c1nn[nH]n1)[C@@H]2c1ccc2c(c1)OCO2,7.508638306165727
CHEMBL432109,CHEMBL252,Endothelin receptor ET-A,IC50,=,43.0,nM,CHEMBL682359,B,In vitro inhibition of endothelin binding to human Endothelin A receptor using [125I]-labeled ET-1 competition assay,CHEMBL1130344,P25101,Endothelin receptor ET-A,IC50,CCOC(C)=O.COc1ccc(CC(=O)c2sccc2S(=O)(=O)Nc2onc(C)c2Cl)cc1,7.366531544420413
CHEMBL49040,CHEMBL252,Endothelin receptor ET-A,IC50,=,96.0,nM,CHEMBL681510,B,In vitro inhibition of [125I]ET1 binding to CHO cells expressing recombinant human Endothelin A receptor,CHEMBL1134124,P25101,Endothelin receptor ET-A,IC50,CCOc1ccc2c(c1)[C@@H](c1ccc(OC)cc1)N(CC(=O)O)[C@@H]2c1ccc2c(c1)OCO2,7.017728766960431
CHEMBL20168,CHEMBL252,Endothelin receptor ET-A,IC50,=,3.3,nM,CHEMBL682359,B,In vitro inhibition of endothelin binding to human Endothelin A receptor using [125I]-labeled ET-1 competition assay,CHEMBL1130344,P25101,Endothelin receptor ET-A,IC50,Cc1cc2c(cc1CC(=O)c1sccc1S(=O)(=O)Nc1onc(C)c1C)OCO2,8.481486060122112
CHEMBL430572,CHEMBL252,Endothelin receptor ET-A,IC50,=,58.0,nM,CHEMBL681510,B,In vitro inhibition of [125I]ET1 binding to CHO cells expressing recombinant human Endothelin A receptor,CHEMBL1134124,P25101,Endothelin receptor ET-A,IC50,CCOc1ccc2c(c1)[C@H](c1ccc(OC)cc1O)N(CC(=O)O)[C@@H]2c1ccc2c(c1)OCO2,7.236572006437063
CHEMBL298664,CHEMBL252,Endothelin receptor ET-A,IC50,=,96.0,nM,CHEMBL681510,B,In vitro inhibition of [125I]ET1 binding to CHO cells expressing recombinant human Endothelin A receptor,CHEMBL1134124,P25101,Endothelin receptor ET-A,IC50,CCOc1ccc2c(c1)[C@H](c1ccc(OC)c(OC)c1OCC(=O)O)N(CC(=O)O)[C@@H]2c1ccc2c(c1)OCO2,7.017728766960431
CHEMBL295557,CHEMBL252,Endothelin receptor ET-A,IC50,=,1.3,nM,CHEMBL682359,B,In vitro inhibition of endothelin binding to human Endothelin A receptor using [125I]-labeled ET-1 competition assay,CHEMBL1130344,P25101,Endothelin receptor ET-A,IC50,CC#N.Cc1noc(NS(=O)(=O)c2ccsc2C(=O)Cc2cc3c(cc2C#N)OCO3)c1Cl,8.886056647693163
CHEMBL47868,CHEMBL252,Endothelin receptor ET-A,IC50,=,6.1,nM,CHEMBL681510,B,In vitro inhibition of [125I]ET1 binding to CHO cells expressing recombinant human Endothelin A receptor,CHEMBL1134124,P25101,Endothelin receptor ET-A,IC50,CCOc1ccc2c(c1)[C@@H](c1ccc(OC)c(OC)c1OCC(=O)O)N(CC(=O)O)[C@@H]2c1ccc2c(c1)OCO2,8.214670164989233
CHEMBL45296,CHEMBL252,Endothelin receptor ET-A,IC50,=,3.0,nM,CHEMBL682359,B,In vitro inhibition of endothelin binding to human Endothelin A receptor using [125I]-labeled ET-1 competition assay,CHEMBL1130344,P25101,Endothelin receptor ET-A,IC50,Cc1noc(NS(=O)(=O)c2ccsc2C(=O)Nc2ccc3c(c2C)OCO3)c1Cl,8.522878745280337
CHEMBL45723,CHEMBL252,Endothelin receptor ET-A,IC50,=,574.0,nM,CHEMBL682359,B,In vitro inhibition of endothelin binding to human Endothelin A receptor using [125I]-labeled ET-1 competition assay,CHEMBL1130344,P25101,Endothelin receptor ET-A,IC50,Cc1noc(NS(=O)(=O)c2ccsc2NC(=O)Nc2ccc3c(c2)OCO3)c1Br,6.241088107602026
CHEMBL445101,CHEMBL252,Endothelin receptor ET-A,IC50,=,0.97,nM,CHEMBL682359,B,In vitro inhibition of endothelin binding to human Endothelin A receptor using [125I]-labeled ET-1 competition assay,CHEMBL1130344,P25101,Endothelin receptor ET-A,IC50,Cc1ccc(CC(=O)c2sccc2S(=O)(=O)Nc2onc(C)c2Cl)c(C)c1,9.013228265733755
CHEMBL297783,CHEMBL252,Endothelin receptor ET-A,IC50,=,0.63,nM,CHEMBL682359,B,In vitro inhibition of endothelin binding to human Endothelin A receptor using [125I]-labeled ET-1 competition assay,CHEMBL1130344,P25101,Endothelin receptor ET-A,IC50,Cc1cc2c(cc1CC(=O)c1sccc1S(=O)(=O)Nc1noc(C)c1Cl)OCO2,9.200659450546418
CHEMBL422720,CHEMBL252,Endothelin receptor ET-A,IC50,=,140.0,nM,CHEMBL679398,B,Binding affinity against ETA receptor from dog spleen membranes using [125I]ET1 as radioligand.,CHEMBL1128888,P25101,Endothelin receptor ET-A,IC50,CC(C)C[C@H](NC(=O)N1CCCCCC1)C(=O)N[C@H](Cc1cn(C)c2ccccc12)C(=O)NCCCC(=O)O,6.853871964321762
CHEMBL354152,CHEMBL252,Endothelin receptor ET-A,IC50,=,8.0,nM,CHEMBL679398,B,Binding affinity against ETA receptor from dog spleen membranes using [125I]ET1 as radioligand.,CHEMBL1128888,P25101,Endothelin receptor ET-A,IC50,CC(C)C[C@H](NC(=O)N1CCCCCC1)C(=O)N[C@H](Cc1cn(C)c2ccccc12)C(=O)N[C@H](Cc1cn(C)c2ccccc12)C(=O)O,8.096910013008056
CHEMBL263723,CHEMBL252,Endothelin receptor ET-A,IC50,=,310.0,nM,CHEMBL681510,B,In vitro inhibition of [125I]ET1 binding to CHO cells expressing recombinant human Endothelin A receptor,CHEMBL1134124,P25101,Endothelin receptor ET-A,IC50,CCOc1ccc2c(c1)[C@@H](c1cc(OC)c(OC)c(OC)c1OCC(=O)O)N(CC(=O)O)[C@@H]2c1ccc2c(c1)OCO2,6.508638306165727
CHEMBL296974,CHEMBL252,Endothelin receptor ET-A,IC50,=,68.0,nM,CHEMBL681510,B,In vitro inhibition of [125I]ET1 binding to CHO cells expressing recombinant human Endothelin A receptor,CHEMBL1134124,P25101,Endothelin receptor ET-A,IC50,CCOc1ccc2c(c1)[C@@H](c1ccc(OC)cc1OCC(C)(C)C(=O)O)N(CC(=O)O)[C@@H]2c1ccc2c(c1)OCO2,7.167491087293763
CHEMBL300000,CHEMBL252,Endothelin receptor ET-A,IC50,=,85.0,nM,CHEMBL681510,B,In vitro inhibition of [125I]ET1 binding to CHO cells expressing recombinant human Endothelin A receptor,CHEMBL1134124,P25101,Endothelin receptor ET-A,IC50,CCOc1ccc2c(c1)[C@@H](c1cccc(OC)c1OCC(=O)O)N(CC(=O)O)[C@@H]2c1ccc2c(c1)OCO2,7.070581074285707
CHEMBL45872,CHEMBL252,Endothelin receptor ET-A,IC50,=,88.0,nM,CHEMBL682360,B,In vitro inhibitory activity against human Endothelin A receptor using radioligand binding assay.,CHEMBL1130344,P25101,Endothelin receptor ET-A,IC50,Cc1noc(NS(=O)(=O)c2ccsc2NC(=O)Oc2ccc3c(c2)OCO3)c1Br,7.055517327849831
CHEMBL49850,CHEMBL252,Endothelin receptor ET-A,IC50,=,77.0,nM,CHEMBL681510,B,In vitro inhibition of [125I]ET1 binding to CHO cells expressing recombinant human Endothelin A receptor,CHEMBL1134124,P25101,Endothelin receptor ET-A,IC50,CCOc1ccc2c(c1)[C@@H](c1ccc(OC)cc1O)N(CC(=O)O)[C@@H]2c1ccc2c(c1)OCO2,7.113509274827518
CHEMBL48448,CHEMBL252,Endothelin receptor ET-A,IC50,=,2100.0,nM,CHEMBL682359,B,In vitro inhibition of endothelin binding to human Endothelin A receptor using [125I]-labeled ET-1 competition assay,CHEMBL1130344,P25101,Endothelin receptor ET-A,IC50,Cc1noc(NS(=O)(=O)c2ccsc2C(=O)C(C#N)c2ccc3c(c2)OCO3)c1Cl.O=C(O)C(F)(F)F,5.6777807052660805
CHEMBL278114,CHEMBL252,Endothelin receptor ET-A,IC50,=,15.0,nM,CHEMBL682359,B,In vitro inhibition of endothelin binding to human Endothelin A receptor using [125I]-labeled ET-1 competition assay,CHEMBL1130344,P25101,Endothelin receptor ET-A,IC50,Cc1ccc(NC(=O)c2sccc2S(=O)(=O)Nc2onc(C)c2Cl)cc1,7.823908740944319
CHEMBL52110,CHEMBL252,Endothelin receptor ET-A,IC50,=,1100.0,nM,CHEMBL681510,B,In vitro inhibition of [125I]ET1 binding to CHO cells expressing recombinant human Endothelin A receptor,CHEMBL1134124,P25101,Endothelin receptor ET-A,IC50,CCOc1ccc2c(c1)[C@H](c1cc(OC)c(OC)c(OC)c1)N(CC(=O)O)[C@@H]2c1ccc2c(c1)OCO2,5.958607314841775
CHEMBL46195,CHEMBL252,Endothelin receptor ET-A,IC50,=,22200.0,nM,CHEMBL682359,B,In vitro inhibition of endothelin binding to human Endothelin A receptor using [125I]-labeled ET-1 competition assay,CHEMBL1130344,P25101,Endothelin receptor ET-A,IC50,Cc1noc(NS(=O)(=O)c2ccsc2C(C)(O)Cc2ccc3c(c2)OCO3)c1Cl,4.653647025549361
CHEMBL283136,CHEMBL252,Endothelin receptor ET-A,IC50,=,19.0,nM,CHEMBL682359,B,In vitro inhibition of endothelin binding to human Endothelin A receptor using [125I]-labeled ET-1 competition assay,CHEMBL1130344,P25101,Endothelin receptor ET-A,IC50,Cc1noc(NS(=O)(=O)c2ccsc2C(=O)Nc2ccc3c(c2)OCO3)c1Br,7.721246399047171
CHEMBL298922,CHEMBL252,Endothelin receptor ET-A,IC50,=,120.0,nM,CHEMBL681510,B,In vitro inhibition of [125I]ET1 binding to CHO cells expressing recombinant human Endothelin A receptor,CHEMBL1134124,P25101,Endothelin receptor ET-A,IC50,CCCOc1ccc2c(c1)[C@@H](c1ccc(OC)cc1)N(CC(=O)O)[C@@H]2c1ccc2c(c1)OCO2,6.920818753952375
CHEMBL417903,CHEMBL252,Endothelin receptor ET-A,IC50,=,110.0,nM,CHEMBL681510,B,In vitro inhibition of [125I]ET1 binding to CHO cells expressing recombinant human Endothelin A receptor,CHEMBL1134124,P25101,Endothelin receptor ET-A,IC50,CCOc1ccc2c(c1)[C@H](c1cccc(OC)c1OCC(=O)O)N(CC(=O)O)[C@@H]2c1ccc2c(c1)OCO2,6.958607314841775
CHEMBL354082,CHEMBL252,Endothelin receptor ET-A,IC50,=,8.0,nM,CHEMBL679398,B,Binding affinity against ETA receptor from dog spleen membranes using [125I]ET1 as radioligand.,CHEMBL1128888,P25101,Endothelin receptor ET-A,IC50,CC(C)C[C@H](NC(=O)N1CCCCCC1)C(=O)N[C@H](Cc1cn(C)c2ccccc12)C(=O)N[C@H](CO)C(=O)O,8.096910013008056
CHEMBL48261,CHEMBL252,Endothelin receptor ET-A,IC50,=,330.0,nM,CHEMBL681510,B,In vitro inhibition of [125I]ET1 binding to CHO cells expressing recombinant human Endothelin A receptor,CHEMBL1134124,P25101,Endothelin receptor ET-A,IC50,CCOc1ccc2c(c1)[C@H](c1cc(OC)c(OC)c(OC)c1OCC(=O)O)N(CC(=O)O)[C@@H]2c1ccc2c(c1)OCO2,6.481486060122112
CHEMBL47765,CHEMBL252,Endothelin receptor ET-A,IC50,=,45.0,nM,CHEMBL682359,B,In vitro inhibition of endothelin binding to human Endothelin A receptor using [125I]-labeled ET-1 competition assay,CHEMBL1130344,P25101,Endothelin receptor ET-A,IC50,Cc1cc(C)cc(CC(=O)c2sccc2S(=O)(=O)Nc2onc(C)c2Cl)c1,7.346787486224656
CHEMBL45875,CHEMBL252,Endothelin receptor ET-A,IC50,=,27.0,nM,CHEMBL682359,B,In vitro inhibition of endothelin binding to human Endothelin A receptor using [125I]-labeled ET-1 competition assay,CHEMBL1130344,P25101,Endothelin receptor ET-A,IC50,Cc1ccc(CC(=O)c2sccc2S(=O)(=O)Nc2onc(C)c2C)cc1,7.568636235841012
CHEMBL297599,CHEMBL252,Endothelin receptor ET-A,IC50,=,887.0,nM,CHEMBL682359,B,In vitro inhibition of endothelin binding to human Endothelin A receptor using [125I]-labeled ET-1 competition assay,CHEMBL1130344,P25101,Endothelin receptor ET-A,IC50,Cc1noc(NS(=O)(=O)c2ccsc2C(=O)NC(=O)c2ccc3c(c2)OCO3)c1Br,6.052076380168273
CHEMBL352929,CHEMBL252,Endothelin receptor ET-A,IC50,=,1100.0,nM,CHEMBL679398,B,Binding affinity against ETA receptor from dog spleen membranes using [125I]ET1 as radioligand.,CHEMBL1128888,P25101,Endothelin receptor ET-A,IC50,CC(C)C[C@H](NC(=O)N1CCCCCC1)C(=O)N[C@H](Cc1cn(C)c2ccccc12)C(=O)NCc1nc(C(=O)O)cs1,5.958607314841775
CHEMBL48134,CHEMBL252,Endothelin receptor ET-A,IC50,=,2.6,nM,CHEMBL682359,B,In vitro inhibition of endothelin binding to human Endothelin A receptor using [125I]-labeled ET-1 competition assay,CHEMBL1130344,P25101,Endothelin receptor ET-A,IC50,COc1ccc(NC(=O)c2sccc2S(=O)(=O)Nc2onc(C)c2Cl)c(C)c1,8.585026652029182
CHEMBL44544,CHEMBL252,Endothelin receptor ET-A,IC50,=,3.9,nM,CHEMBL682359,B,In vitro inhibition of endothelin binding to human Endothelin A receptor using [125I]-labeled ET-1 competition assay,CHEMBL1130344,P25101,Endothelin receptor ET-A,IC50,COc1cc(C#N)c(NC(=O)c2sccc2S(=O)(=O)Nc2onc(C)c2Cl)cc1OC,8.4089353929735
CHEMBL295440,CHEMBL252,Endothelin receptor ET-A,IC50,=,5.4,nM,CHEMBL681510,B,In vitro inhibition of [125I]ET1 binding to CHO cells expressing recombinant human Endothelin A receptor,CHEMBL1134124,P25101,Endothelin receptor ET-A,IC50,CCOc1ccc2c(c1)[C@@H](c1ccc(OC)cc1OCC(=O)O)N(CC(=O)O)[C@@H]2c1ccc2c(c1)OCO2,8.267606240177031
CHEMBL296427,CHEMBL252,Endothelin receptor ET-A,IC50,=,19600.0,nM,CHEMBL682359,B,In vitro inhibition of endothelin binding to human Endothelin A receptor using [125I]-labeled ET-1 competition assay,CHEMBL1130344,P25101,Endothelin receptor ET-A,IC50,Cc1noc(NS(=O)(=O)c2ccsc2C(=O)N2CCN(Cc3ccc4c(c3)OCO4)CC2)c1Cl,4.707743928643524
CHEMBL170600,CHEMBL252,Endothelin receptor ET-A,IC50,=,295.0,nM,CHEMBL679398,B,Binding affinity against ETA receptor from dog spleen membranes using [125I]ET1 as radioligand.,CHEMBL1128888,P25101,Endothelin receptor ET-A,IC50,CC(C)C[C@H](NC(=O)N1CCCCCC1)C(=O)N[C@H](Cc1cn(C)c2ccccc12)C(=O)N[C@H](CC(=O)O)C(=O)O,6.530177984021837
CHEMBL173974,CHEMBL252,Endothelin receptor ET-A,IC50,=,420.0,nM,CHEMBL679398,B,Binding affinity against ETA receptor from dog spleen membranes using [125I]ET1 as radioligand.,CHEMBL1128888,P25101,Endothelin receptor ET-A,IC50,CC(C)C[C@H](NC(=O)N1CCCCCC1)C(=O)N[C@H](Cc1cn(C)c2ccccc12)C(=O)NCc1cccc(CCC(=O)O)c1,6.376750709602099
CHEMBL50232,CHEMBL252,Endothelin receptor ET-A,IC50,=,4.1,nM,CHEMBL681510,B,In vitro inhibition of [125I]ET1 binding to CHO cells expressing recombinant human Endothelin A receptor,CHEMBL1134124,P25101,Endothelin receptor ET-A,IC50,CCOc1ccc2c(c1)[C@H](c1ccc(OC)cc1OCC(=O)O)N(CC(=O)O)[C@@H]2c1ccc2c(c1)OCO2,8.387216143280265
CHEMBL45351,CHEMBL252,Endothelin receptor ET-A,IC50,=,1100.0,nM,CHEMBL682359,B,In vitro inhibition of endothelin binding to human Endothelin A receptor using [125I]-labeled ET-1 competition assay,CHEMBL1130344,P25101,Endothelin receptor ET-A,IC50,CCOC(C)=O.Cc1noc(NS(=O)(=O)c2ccsc2/C(Cc2ccc3c(c2)OCO3)=N\O)c1Cl,5.958607314841775
CHEMBL413093,CHEMBL252,Endothelin receptor ET-A,IC50,=,0.76,nM,CHEMBL682359,B,In vitro inhibition of endothelin binding to human Endothelin A receptor using [125I]-labeled ET-1 competition assay,CHEMBL1130344,P25101,Endothelin receptor ET-A,IC50,Cc1ccc(CC(=O)c2sccc2S(=O)(=O)Nc2onc(C)c2Br)c(C)c1,9.119186407719209
CHEMBL352396,CHEMBL252,Endothelin receptor ET-A,IC50,=,5.3,nM,CHEMBL679398,B,Binding affinity against ETA receptor from dog spleen membranes using [125I]ET1 as radioligand.,CHEMBL1128888,P25101,Endothelin receptor ET-A,IC50,CC(C)C[C@H](NC(=O)N1CCCCCC1)C(=O)N[C@H](Cc1cn(C)c2ccccc12)C(=O)N[C@H](Cc1ccccn1)C(=O)O,8.275724130399212
CHEMBL301723,CHEMBL252,Endothelin receptor ET-A,IC50,=,66.0,nM,CHEMBL681510,B,In vitro inhibition of [125I]ET1 binding to CHO cells expressing recombinant human Endothelin A receptor,CHEMBL1134124,P25101,Endothelin receptor ET-A,IC50,CCOc1ccc2c(c1)[C@@H](c1cc(OC)c(OC)c(OC)c1)N(CC(=O)O)[C@@H]2c1ccc2c(c1)OCO2,7.180456064458131
CHEMBL48652,CHEMBL252,Endothelin receptor ET-A,IC50,=,95.0,nM,CHEMBL681510,B,In vitro inhibition of [125I]ET1 binding to CHO cells expressing recombinant human Endothelin A receptor,CHEMBL1134124,P25101,Endothelin receptor ET-A,IC50,CCOc1ccc2c(c1)[C@H](c1ccc(OC)cc1)N(CC(=O)O)[C@@H]2c1ccc2c(c1)OCO2,7.022276394711152
CHEMBL276819,CHEMBL252,Endothelin receptor ET-A,IC50,=,11000.0,nM,CHEMBL882935,B,Inhibitory concentration against endothelin receptor type A,CHEMBL1140446,P25101,Endothelin receptor ET-A,IC50,CCCc1cc(Cn2c(CC)nc3c(C)cc(C)nc32)cc(CCC)c1OC(C(=O)O)c1cc(Br)c(OC)c(OC)c1Br,4.958607314841775
CHEMBL372814,CHEMBL252,Endothelin receptor ET-A,IC50,=,24.0,nM,CHEMBL882935,B,Inhibitory concentration against endothelin receptor type A,CHEMBL1140446,P25101,Endothelin receptor ET-A,IC50,CCCc1cc(Cn2c(CC)nc3c(C)cc(C)nc32)ccc1OC(C(=O)NS(=O)(=O)c1ccc(C(C)C)cc1)c1ccc2c(c1)OCC2,7.619788758288394
CHEMBL436821,CHEMBL252,Endothelin receptor ET-A,IC50,=,44.9,nM,CHEMBL902323,B,Displacement of [125I]ET1 from human ETA receptor expressed in CHO cells,CHEMBL1138388,P25101,Endothelin receptor ET-A,IC50,CC(=O)CC(=O)CCc1ccc(NC(=O)CCOCCOCCOCCOc2ccc(-c3ccccc3S(=O)(=O)Nc3ccno3)c(CN(C)C(=O)CC(C)(C)C)c2)cc1,7.347753658996677
CHEMBL413001,CHEMBL252,Endothelin receptor ET-A,IC50,=,21.6,nM,CHEMBL902323,B,Displacement of [125I]ET1 from human ETA receptor expressed in CHO cells,CHEMBL1138388,P25101,Endothelin receptor ET-A,IC50,CC(=O)CC(=O)CCc1ccc(NC(=O)CCOCCOCCOCCOCCOc2ccc(CCC(=O)N(C)Cc3cc(-c4ncco4)ccc3-c3ccccc3S(=O)(=O)Nc3ccno3)cc2)cc1,7.665546248849069
CHEMBL268201,CHEMBL252,Endothelin receptor ET-A,IC50,=,4.6,nM,CHEMBL902323,B,Displacement of [125I]ET1 from human ETA receptor expressed in CHO cells,CHEMBL1138388,P25101,Endothelin receptor ET-A,IC50,CC(=O)CC(=O)CCc1ccc(NC(=O)CCOCCOCCOCCOCCOc2ccc(CC(=O)N(C)Cc3cc(-c4ncco4)ccc3-c3ccccc3S(=O)(=O)Nc3ccno3)cc2)cc1,8.337242168318426
CHEMBL429019,CHEMBL252,Endothelin receptor ET-A,IC50,=,7.7,nM,CHEMBL902323,B,Displacement of [125I]ET1 from human ETA receptor expressed in CHO cells,CHEMBL1138388,P25101,Endothelin receptor ET-A,IC50,CC(=O)CC(=O)CCc1ccc(NC(=O)CCOCCOCCOCCOCCOCCOCCOCCOCCOCCOCCOCCNC(=O)CCCC(=O)N(C)Cc2cc(-c3ncco3)ccc2-c2ccccc2S(=O)(=O)Nc2ccno2)cc1,8.113509274827518
CHEMBL398070,CHEMBL252,Endothelin receptor ET-A,IC50,=,8.0,nM,CHEMBL902323,B,Displacement of [125I]ET1 from human ETA receptor expressed in CHO cells,CHEMBL1138388,P25101,Endothelin receptor ET-A,IC50,CC(=O)CC(=O)CCc1ccc(NC(=O)CCOCCOCCOCCOCCOCCOCCOCCC(=O)N(C)Cc2cc(-c3ncco3)ccc2-c2ccccc2S(=O)(=O)Nc2ccno2)cc1,8.096910013008056
CHEMBL238539,CHEMBL252,Endothelin receptor ET-A,IC50,=,1.0,nM,CHEMBL902323,B,Displacement of [125I]ET1 from human ETA receptor expressed in CHO cells,CHEMBL1138388,P25101,Endothelin receptor ET-A,IC50,CN(Cc1cc(-c2ncco2)ccc1-c1ccccc1S(=O)(=O)Nc1ccno1)C(=O)CC(C)(C)C,9.0
CHEMBL241460,CHEMBL252,Endothelin receptor ET-A,IC50,=,1.6,nM,CHEMBL902323,B,Displacement of [125I]ET1 from human ETA receptor expressed in CHO cells,CHEMBL1138388,P25101,Endothelin receptor ET-A,IC50,CC(=O)CC(=O)CCc1ccc(NC(=O)CCOCCOCCOCCOCC(=O)N(C)Cc2cc(-c3ncco3)ccc2-c2ccccc2S(=O)(=O)Nc2ccno2)cc1,8.795880017344075
CHEMBL437472,CHEMBL252,Endothelin receptor ET-A,IC50,=,0.16,nM,CHEMBL953141,B,Displacement of radiolabeled endothelin-1 from human endothelin ETA receptor,CHEMBL1140203,P25101,Endothelin receptor ET-A,IC50,CC[C@H](C)[C@H](NC(=O)[C@H](CC(=O)O)NC(=O)[C@H](CC(C)C)NC(=O)[C@H](Cc1c[nH]cn1)NC(=O)[C@@H]1CSSC[C@@H](N)C(=O)N[C@H](CO)C(=O)N[C@H]2CSSC[C@@H](NC(=O)[C@H](CCC(=O)O)NC(=O)[C@H](CCCCN)NC(=O)[C@@H](CC(=O)O)NC(=O)[C@H](CCSC)NC(=O)[C@@H](CC(C)C)NC(=O)[C@H](CO)NC(=O)[C@@H](CO)NC2=O)C(=O)N[C@@H](C(C)C)C(=O)N[C@H](Cc2ccc(O)cc2)C(=O)N[C@@H](Cc2ccccc2)C(=O)N1)C(=O)N[C@H](C(=O)N[C@@H](Cc1c[nH]c2ccccc12)C(=O)O)[C@@H](C)CC,9.795880017344075
CHEMBL510130,CHEMBL252,Endothelin receptor ET-A,IC50,=,40000.0,nM,CHEMBL937907,B,Displacement of [125I]endothelin-1 from human recombinant ETA receptor expressed in CHO cells,CHEMBL1150078,P25101,Endothelin receptor ET-A,IC50,COC[C@@H]1Cc2cc(OC)c3c(c2[C@H](c2ccc(OC)c(OC)c2)[C@H]1COC)OCO3,4.3979400086720375
CHEMBL453822,CHEMBL252,Endothelin receptor ET-A,IC50,=,75000.0,nM,CHEMBL937907,B,Displacement of [125I]endothelin-1 from human recombinant ETA receptor expressed in CHO cells,CHEMBL1150078,P25101,Endothelin receptor ET-A,IC50,COC[C@@H]1Cc2cc3c(c(OC)c2[C@H](c2ccc(OC)c(OC)c2)[C@H]1COC)OCO3,4.1249387366083
CHEMBL453823,CHEMBL252,Endothelin receptor ET-A,IC50,=,160000.0,nM,CHEMBL937907,B,Displacement of [125I]endothelin-1 from human recombinant ETA receptor expressed in CHO cells,CHEMBL1150078,P25101,Endothelin receptor ET-A,IC50,COc1cc(C)c(OC)c2c1C[C@@H](C(=O)O)C[C@H]2c1ccccc1,3.795880017344075
CHEMBL437472,CHEMBL252,Endothelin receptor ET-A,IC50,=,0.38,nM,CHEMBL982015,B,Inhibition of human ETA receptor,CHEMBL1155111,P25101,Endothelin receptor ET-A,IC50,CC[C@H](C)[C@H](NC(=O)[C@H](CC(=O)O)NC(=O)[C@H](CC(C)C)NC(=O)[C@H](Cc1c[nH]cn1)NC(=O)[C@@H]1CSSC[C@@H](N)C(=O)N[C@H](CO)C(=O)N[C@H]2CSSC[C@@H](NC(=O)[C@H](CCC(=O)O)NC(=O)[C@H](CCCCN)NC(=O)[C@@H](CC(=O)O)NC(=O)[C@H](CCSC)NC(=O)[C@@H](CC(C)C)NC(=O)[C@H](CO)NC(=O)[C@@H](CO)NC2=O)C(=O)N[C@@H](C(C)C)C(=O)N[C@H](Cc2ccc(O)cc2)C(=O)N[C@@H](Cc2ccccc2)C(=O)N1)C(=O)N[C@H](C(=O)N[C@@H](Cc1c[nH]c2ccccc12)C(=O)O)[C@@H](C)CC,9.42021640338319
CHEMBL2304284,CHEMBL252,Endothelin receptor ET-A,IC50,=,0.288,nM,CHEMBL1101405,B,Inhibition of ETA receptor in human SK-N-MC cells after 60 mins by scintillation counting,CHEMBL1153738,P25101,Endothelin receptor ET-A,IC50,CC[C@H](C)[C@H](NC(=O)[C@H](CC(=O)O)NC(=O)[C@H](CC(C)C)NC(=O)[C@H](Cc1c[nH]cn1)NC(=O)[C@@H]1CSSC[C@H](N)C(=O)N[C@@H](CO)C(=O)N[C@H]2CSSC[C@H](NC(=O)[C@H](CCC(=O)O)NC(=O)[C@H](CCCCN)NC(=O)[C@H](CC(=O)O)NC(=O)[C@H](C(C)C)NC(=O)[C@H](Cc3c[nH]c4ccccc34)NC(=O)[C@@H](CO)NC(=O)[C@H](CO)NC2=O)C(=O)N[C@@H](C(C)C)C(=O)N[C@@H](Cc2ccc(O)cc2)C(=O)N[C@@H](Cc2ccccc2)C(=O)N1)C(=O)N[C@H](C(=O)N[C@@H](Cc1c[nH]c2ccccc12)C(=O)O)[C@@H](C)CC,9.540607512240769
CHEMBL437472,CHEMBL252,Endothelin receptor ET-A,IC50,=,0.047,nM,CHEMBL1101405,B,Inhibition of ETA receptor in human SK-N-MC cells after 60 mins by scintillation counting,CHEMBL1153738,P25101,Endothelin receptor ET-A,IC50,CC[C@H](C)[C@H](NC(=O)[C@H](CC(=O)O)NC(=O)[C@H](CC(C)C)NC(=O)[C@H](Cc1c[nH]cn1)NC(=O)[C@@H]1CSSC[C@@H](N)C(=O)N[C@H](CO)C(=O)N[C@H]2CSSC[C@@H](NC(=O)[C@H](CCC(=O)O)NC(=O)[C@H](CCCCN)NC(=O)[C@@H](CC(=O)O)NC(=O)[C@H](CCSC)NC(=O)[C@@H](CC(C)C)NC(=O)[C@H](CO)NC(=O)[C@@H](CO)NC2=O)C(=O)N[C@@H](C(C)C)C(=O)N[C@H](Cc2ccc(O)cc2)C(=O)N[C@@H](Cc2ccccc2)C(=O)N1)C(=O)N[C@H](C(=O)N[C@@H](Cc1c[nH]c2ccccc12)C(=O)O)[C@@H](C)CC,10.327902142064282
CHEMBL1272137,CHEMBL252,Endothelin receptor ET-A,IC50,=,38.9,nM,CHEMBL1272362,B,Displacement of [125I]ET1 from ETA receptor expressed in african green monkey CCL-81 cells monolayer,CHEMBL1268959,P25101,Endothelin receptor ET-A,IC50,CCc1cc2c(cc1Cn1c(C(=O)O)c(Cc3cccc(C(=O)O)c3)c(=O)c3cc(O)ccc31)OCO2,7.410050398674292
CHEMBL1272190,CHEMBL252,Endothelin receptor ET-A,IC50,=,6.6,nM,CHEMBL1272362,B,Displacement of [125I]ET1 from ETA receptor expressed in african green monkey CCL-81 cells monolayer,CHEMBL1268959,P25101,Endothelin receptor ET-A,IC50,CCOc1ccc2c(c1)c(=O)c(Cc1cccc(C(=O)O)c1)c(C(=O)O)n2Cc1cc2c(cc1CC)OCO2,8.18045606445813
CHEMBL1272244,CHEMBL252,Endothelin receptor ET-A,IC50,=,0.11,nM,CHEMBL1272362,B,Displacement of [125I]ET1 from ETA receptor expressed in african green monkey CCL-81 cells monolayer,CHEMBL1268959,P25101,Endothelin receptor ET-A,IC50,CCCOc1ccc2c(c1)c(=O)c(Cc1cccc(C(=O)O)c1)c(C(=O)O)n2Cc1cc2c(cc1CC)OCO2,9.958607314841775
CHEMBL1272299,CHEMBL252,Endothelin receptor ET-A,IC50,=,13.5,nM,CHEMBL1272362,B,Displacement of [125I]ET1 from ETA receptor expressed in african green monkey CCL-81 cells monolayer,CHEMBL1268959,P25101,Endothelin receptor ET-A,IC50,CCc1cc2c(cc1Cn1c(C(=O)O)c(Cc3cccc(C(=O)O)c3)c(=O)c3cc(OC(C)C)ccc31)OCO2,7.8696662315049934
CHEMBL1271479,CHEMBL252,Endothelin receptor ET-A,IC50,=,38.1,nM,CHEMBL1272362,B,Displacement of [125I]ET1 from ETA receptor expressed in african green monkey CCL-81 cells monolayer,CHEMBL1268959,P25101,Endothelin receptor ET-A,IC50,C=CCOc1ccc2c(c1)c(=O)c(Cc1cccc(C(=O)O)c1)c(C(=O)O)n2Cc1cc2c(cc1CC)OCO2,7.41907502432438
CHEMBL1271531,CHEMBL252,Endothelin receptor ET-A,IC50,=,24.4,nM,CHEMBL1272362,B,Displacement of [125I]ET1 from ETA receptor expressed in african green monkey CCL-81 cells monolayer,CHEMBL1268959,P25101,Endothelin receptor ET-A,IC50,CCc1cc2c(cc1Cn1c(C(=O)O)c(Cc3cccc(C(=O)O)c3)c(=O)c3cc(OCOC)ccc31)OCO2,7.61261017366127
CHEMBL1271586,CHEMBL252,Endothelin receptor ET-A,IC50,=,1.44,nM,CHEMBL1272362,B,Displacement of [125I]ET1 from ETA receptor expressed in african green monkey CCL-81 cells monolayer,CHEMBL1268959,P25101,Endothelin receptor ET-A,IC50,CCCCOc1ccc2c(c1)c(=O)c(Cc1cccc(C(=O)O)c1)c(C(=O)O)n2Cc1cc2c(cc1CC)OCO2,8.84163750790475
CHEMBL1271640,CHEMBL252,Endothelin receptor ET-A,IC50,=,6.3,nM,CHEMBL1272362,B,Displacement of [125I]ET1 from ETA receptor expressed in african green monkey CCL-81 cells monolayer,CHEMBL1268959,P25101,Endothelin receptor ET-A,IC50,CCc1cc2c(cc1Cn1c(C(=O)O)c(Cc3cccc(C(=O)O)c3)c(=O)c3cc(OCC(C)C)ccc31)OCO2,8.200659450546418
CHEMBL1271691,CHEMBL252,Endothelin receptor ET-A,IC50,=,9.9,nM,CHEMBL1272362,B,Displacement of [125I]ET1 from ETA receptor expressed in african green monkey CCL-81 cells monolayer,CHEMBL1268959,P25101,Endothelin receptor ET-A,IC50,CCc1cc2c(cc1Cn1c(C(=O)O)c(Cc3cccc(C(=O)O)c3)c(=O)c3cc(OC(C)CC)ccc31)OCO2,8.00436480540245
CHEMBL1271746,CHEMBL252,Endothelin receptor ET-A,IC50,=,115.9,nM,CHEMBL1272362,B,Displacement of [125I]ET1 from ETA receptor expressed in african green monkey CCL-81 cells monolayer,CHEMBL1268959,P25101,Endothelin receptor ET-A,IC50,CCc1cc2c(cc1Cn1c(C(=O)O)c(Cc3cccc(C(=O)O)c3)c(=O)c3cc(OCC4CC4)ccc31)OCO2,6.935916564036404
CHEMBL1269101,CHEMBL252,Endothelin receptor ET-A,IC50,=,610.0,nM,CHEMBL1272362,B,Displacement of [125I]ET1 from ETA receptor expressed in african green monkey CCL-81 cells monolayer,CHEMBL1268959,P25101,Endothelin receptor ET-A,IC50,CCCCCOc1ccc2c(c1)c(=O)c(Cc1cccc(C(=O)O)c1)c(C(=O)O)n2Cc1cc2c(cc1CC)OCO2,6.214670164989233
CHEMBL1271807,CHEMBL252,Endothelin receptor ET-A,IC50,=,7.4,nM,CHEMBL1272362,B,Displacement of [125I]ET1 from ETA receptor expressed in african green monkey CCL-81 cells monolayer,CHEMBL1268959,P25101,Endothelin receptor ET-A,IC50,CCc1cc2c(cc1Cn1c(C(=O)O)c(Cc3cccc(C(=O)O)c3)c(=O)c3cc(OCCCO)ccc31)OCO2,8.130768280269024
CHEMBL1271863,CHEMBL252,Endothelin receptor ET-A,IC50,=,284.5,nM,CHEMBL1272362,B,Displacement of [125I]ET1 from ETA receptor expressed in african green monkey CCL-81 cells monolayer,CHEMBL1268959,P25101,Endothelin receptor ET-A,IC50,CCc1cc2c(cc1Cn1c(C(=O)O)c(Cc3cccc(C(=O)O)c3)c(=O)c3cc(OCC(=O)O)ccc31)OCO2,6.5459177292689095
CHEMBL314691,CHEMBL252,Endothelin receptor ET-A,IC50,=,24.8,nM,CHEMBL1272362,B,Displacement of [125I]ET1 from ETA receptor expressed in african green monkey CCL-81 cells monolayer,CHEMBL1268959,P25101,Endothelin receptor ET-A,IC50,CC(C)C[C@@H]1NC(=O)[C@@H](C(C)C)NC(=O)[C@@H]2CCCN2C(=O)[C@@H](CC(=O)O)NC(=O)[C@@H](Cc2c[nH]c3ccccc23)NC1=O,7.605548319173783
CHEMBL1204990,CHEMBL252,Endothelin receptor ET-A,IC50,=,0.69,nM,CHEMBL1272362,B,Displacement of [125I]ET1 from ETA receptor expressed in african green monkey CCL-81 cells monolayer,CHEMBL1268959,P25101,Endothelin receptor ET-A,IC50,CCc1cc2c(cc1Cn1c(C(=O)O)c(Cc3cccc(C(=O)O)c3)c(=O)c3ccccc31)OCO2,9.161150909262744
CHEMBL633,CHEMBL252,Endothelin receptor ET-A,IC50,=,26288.0,nM,CHEMBL1909144,B,DRUGMATRIX: Endothelin ETA radioligand binding (ligand: [125I] Endothelin-1),CHEMBL1909046,P25101,Endothelin receptor ET-A,IC50,CCCCc1oc2ccccc2c1C(=O)c1cc(I)c(OCCN(CC)CC)c(I)c1,4.580242453909014
CHEMBL1201469,CHEMBL252,Endothelin receptor ET-A,IC50,=,2983.0,nM,CHEMBL1909144,B,DRUGMATRIX: Endothelin ETA radioligand binding (ligand: [125I] Endothelin-1),CHEMBL1909046,P25101,Endothelin receptor ET-A,IC50,,5.525346746637937
CHEMBL453,CHEMBL252,Endothelin receptor ET-A,IC50,=,21880.0,nM,CHEMBL1909144,B,DRUGMATRIX: Endothelin ETA radioligand binding (ligand: [125I] Endothelin-1),CHEMBL1909046,P25101,Endothelin receptor ET-A,IC50,Cc1noc(NS(=O)(=O)c2ccc(N)cc2)c1C,4.659952682338607
CHEMBL488025,CHEMBL252,Endothelin receptor ET-A,IC50,=,9853.0,nM,CHEMBL1909144,B,DRUGMATRIX: Endothelin ETA radioligand binding (ligand: [125I] Endothelin-1),CHEMBL1909046,P25101,Endothelin receptor ET-A,IC50,CC1=C(CC(=O)O)c2cc(F)ccc2/C1=C\c1ccc(S(C)(=O)=O)cc1,5.006431517210272
CHEMBL2165326,CHEMBL252,Endothelin receptor ET-A,IC50,=,3.4,nM,CHEMBL2166382,B,Displacement of [I125]ET1 from recombinant ETA receptor expressed in CHO cells after 2 hrs by TopCount analysis,CHEMBL2163289,P25101,Endothelin receptor ET-A,IC50,NS(=O)(=O)Nc1ncnc(OCCOc2ncc(Br)cn2)c1-c1ccc(Br)cc1,8.468521082957745
CHEMBL112624,CHEMBL252,Endothelin receptor ET-A,IC50,=,0.4,nM,CHEMBL2166382,B,Displacement of [I125]ET1 from recombinant ETA receptor expressed in CHO cells after 2 hrs by TopCount analysis,CHEMBL2163289,P25101,Endothelin receptor ET-A,IC50,Cc1ccc(-c2c(NS(=O)(=O)c3ccc(C(C)(C)CO)cc3)ncnc2OCCOc2ncc(Br)cn2)cc1,9.397940008672037
CHEMBL314691,CHEMBL252,Endothelin receptor ET-A,IC50,=,20.5,nM,CHEMBL2166382,B,Displacement of [I125]ET1 from recombinant ETA receptor expressed in CHO cells after 2 hrs by TopCount analysis,CHEMBL2163289,P25101,Endothelin receptor ET-A,IC50,CC(C)C[C@@H]1NC(=O)[C@@H](C(C)C)NC(=O)[C@@H]2CCCN2C(=O)[C@@H](CC(=O)O)NC(=O)[C@@H](Cc2c[nH]c3ccccc23)NC1=O,7.688246138944246
CHEMBL2163694,CHEMBL252,Endothelin receptor ET-A,IC50,=,1.1,nM,CHEMBL2166382,B,Displacement of [I125]ET1 from recombinant ETA receptor expressed in CHO cells after 2 hrs by TopCount analysis,CHEMBL2163289,P25101,Endothelin receptor ET-A,IC50,CCCCS(=O)(=O)Nc1ncnc(OCCOc2ncc(Br)cn2)c1-c1ccc(Br)cc1,8.958607314841775
CHEMBL2163693,CHEMBL252,Endothelin receptor ET-A,IC50,=,2.2,nM,CHEMBL2166382,B,Displacement of [I125]ET1 from recombinant ETA receptor expressed in CHO cells after 2 hrs by TopCount analysis,CHEMBL2163289,P25101,Endothelin receptor ET-A,IC50,CCCS(=O)(=O)Nc1ncnc(OCCOc2ncc(Br)cn2)c1-c1ccc(Br)cc1,8.657577319177793
CHEMBL2163692,CHEMBL252,Endothelin receptor ET-A,IC50,=,0.4,nM,CHEMBL2166382,B,Displacement of [I125]ET1 from recombinant ETA receptor expressed in CHO cells after 2 hrs by TopCount analysis,CHEMBL2163289,P25101,Endothelin receptor ET-A,IC50,CCCNS(=O)(=O)Nc1ncnc(OCCOc2ncc(Br)cn2)c1Oc1cc(OC)ccc1Cl,9.397940008672037
CHEMBL2163691,CHEMBL252,Endothelin receptor ET-A,IC50,=,1.9,nM,CHEMBL2166382,B,Displacement of [I125]ET1 from recombinant ETA receptor expressed in CHO cells after 2 hrs by TopCount analysis,CHEMBL2163289,P25101,Endothelin receptor ET-A,IC50,CCCNS(=O)(=O)Nc1ncnc(OCCOc2ncc(Br)cn2)c1Oc1cccc(OC)c1,8.721246399047171
CHEMBL2163690,CHEMBL252,Endothelin receptor ET-A,IC50,=,1.2,nM,CHEMBL2166382,B,Displacement of [I125]ET1 from recombinant ETA receptor expressed in CHO cells after 2 hrs by TopCount analysis,CHEMBL2163289,P25101,Endothelin receptor ET-A,IC50,CCCNS(=O)(=O)Nc1ncnc(OCCOc2ncc(Br)cn2)c1-c1ccc(Cl)cc1,8.920818753952375
CHEMBL2163689,CHEMBL252,Endothelin receptor ET-A,IC50,=,2.8,nM,CHEMBL2166382,B,Displacement of [I125]ET1 from recombinant ETA receptor expressed in CHO cells after 2 hrs by TopCount analysis,CHEMBL2163289,P25101,Endothelin receptor ET-A,IC50,O=S(=O)(Nc1ncnc(OCCOc2ncc(Br)cn2)c1-c1ccc(Br)cc1)N1CCOCC1,8.55284196865778
CHEMBL2163688,CHEMBL252,Endothelin receptor ET-A,IC50,=,4.3,nM,CHEMBL2166382,B,Displacement of [I125]ET1 from recombinant ETA receptor expressed in CHO cells after 2 hrs by TopCount analysis,CHEMBL2163289,P25101,Endothelin receptor ET-A,IC50,CN(Cc1ccccc1)S(=O)(=O)Nc1ncnc(OCCOc2ncc(Br)cn2)c1-c1ccc(Br)cc1,8.366531544420413
CHEMBL2165340,CHEMBL252,Endothelin receptor ET-A,IC50,=,4.4,nM,CHEMBL2166382,B,Displacement of [I125]ET1 from recombinant ETA receptor expressed in CHO cells after 2 hrs by TopCount analysis,CHEMBL2163289,P25101,Endothelin receptor ET-A,IC50,O=S(=O)(Nc1ncnc(OCCOc2ncc(Br)cn2)c1-c1ccc(Br)cc1)NC1CC1,8.356547323513812
CHEMBL2165339,CHEMBL252,Endothelin receptor ET-A,IC50,=,0.3,nM,CHEMBL2166382,B,Displacement of [I125]ET1 from recombinant ETA receptor expressed in CHO cells after 2 hrs by TopCount analysis,CHEMBL2163289,P25101,Endothelin receptor ET-A,IC50,CCCCNS(=O)(=O)Nc1ncnc(OCCOc2ncc(Br)cn2)c1-c1ccc(Br)cc1,9.522878745280337
CHEMBL2103873,CHEMBL252,Endothelin receptor ET-A,IC50,=,0.5,nM,CHEMBL2166382,B,Displacement of [I125]ET1 from recombinant ETA receptor expressed in CHO cells after 2 hrs by TopCount analysis,CHEMBL2163289,P25101,Endothelin receptor ET-A,IC50,CCCNS(=O)(=O)Nc1ncnc(OCCOc2ncc(Br)cn2)c1-c1ccc(Br)cc1,9.301029995663981
CHEMBL2165338,CHEMBL252,Endothelin receptor ET-A,IC50,=,0.8,nM,CHEMBL2166382,B,Displacement of [I125]ET1 from recombinant ETA receptor expressed in CHO cells after 2 hrs by TopCount analysis,CHEMBL2163289,P25101,Endothelin receptor ET-A,IC50,CCNS(=O)(=O)Nc1ncnc(OCCOc2ncc(Br)cn2)c1-c1ccc(Br)cc1,9.096910013008056
CHEMBL2165337,CHEMBL252,Endothelin receptor ET-A,IC50,=,1.7,nM,CHEMBL2166382,B,Displacement of [I125]ET1 from recombinant ETA receptor expressed in CHO cells after 2 hrs by TopCount analysis,CHEMBL2163289,P25101,Endothelin receptor ET-A,IC50,CNS(=O)(=O)Nc1ncnc(OCCOc2ncc(Br)cn2)c1-c1ccc(Br)cc1,8.769551078621726
CHEMBL2165336,CHEMBL252,Endothelin receptor ET-A,IC50,=,3.6,nM,CHEMBL2166382,B,Displacement of [I125]ET1 from recombinant ETA receptor expressed in CHO cells after 2 hrs by TopCount analysis,CHEMBL2163289,P25101,Endothelin receptor ET-A,IC50,CC(C)c1ccc(-c2c(NS(=O)(=O)NCc3ccccc3)ncnc2OCCOc2ncc(Br)cn2)cc1,8.443697499232712
CHEMBL2165335,CHEMBL252,Endothelin receptor ET-A,IC50,=,2.3,nM,CHEMBL2166382,B,Displacement of [I125]ET1 from recombinant ETA receptor expressed in CHO cells after 2 hrs by TopCount analysis,CHEMBL2163289,P25101,Endothelin receptor ET-A,IC50,CCc1ccc(-c2c(NS(=O)(=O)NCc3ccccc3)ncnc2OCCOc2ncc(Br)cn2)cc1,8.638272163982407
CHEMBL2165334,CHEMBL252,Endothelin receptor ET-A,IC50,=,1.6,nM,CHEMBL2166382,B,Displacement of [I125]ET1 from recombinant ETA receptor expressed in CHO cells after 2 hrs by TopCount analysis,CHEMBL2163289,P25101,Endothelin receptor ET-A,IC50,O=S(=O)(NCc1ccccc1)Nc1ncnc(OCCOc2ncc(Br)cn2)c1-c1ccc(Br)cc1,8.795880017344075
CHEMBL2165333,CHEMBL252,Endothelin receptor ET-A,IC50,=,1.4,nM,CHEMBL2166382,B,Displacement of [I125]ET1 from recombinant ETA receptor expressed in CHO cells after 2 hrs by TopCount analysis,CHEMBL2163289,P25101,Endothelin receptor ET-A,IC50,O=S(=O)(NCc1ccccc1)Nc1ncnc(OCCOc2ncc(Br)cn2)c1-c1ccc(Cl)cc1,8.853871964321762
CHEMBL2165332,CHEMBL252,Endothelin receptor ET-A,IC50,=,0.7,nM,CHEMBL2166382,B,Displacement of [I125]ET1 from recombinant ETA receptor expressed in CHO cells after 2 hrs by TopCount analysis,CHEMBL2163289,P25101,Endothelin receptor ET-A,IC50,Cc1ccc(-c2c(NS(=O)(=O)NCc3ccccc3)ncnc2OCCOc2ncc(Br)cn2)cc1,9.154901959985743
CHEMBL2165331,CHEMBL252,Endothelin receptor ET-A,IC50,=,6.8,nM,CHEMBL2166382,B,Displacement of [I125]ET1 from recombinant ETA receptor expressed in CHO cells after 2 hrs by TopCount analysis,CHEMBL2163289,P25101,Endothelin receptor ET-A,IC50,O=S(=O)(NCc1ccccc1)Nc1ncnc(OCCOc2ncc(Br)cn2)c1-c1ccccc1,8.167491087293763
CHEMBL2165330,CHEMBL252,Endothelin receptor ET-A,IC50,=,1.4,nM,CHEMBL2166382,B,Displacement of [I125]ET1 from recombinant ETA receptor expressed in CHO cells after 2 hrs by TopCount analysis,CHEMBL2163289,P25101,Endothelin receptor ET-A,IC50,COc1ccc(Cl)c(Oc2c(NS(=O)(=O)NCc3ccccc3)ncnc2OCCOc2ncc(Br)cn2)c1,8.853871964321762
CHEMBL2165329,CHEMBL252,Endothelin receptor ET-A,IC50,=,1.0,nM,CHEMBL2166382,B,Displacement of [I125]ET1 from recombinant ETA receptor expressed in CHO cells after 2 hrs by TopCount analysis,CHEMBL2163289,P25101,Endothelin receptor ET-A,IC50,COc1cccc(Oc2c(NS(=O)(=O)NCc3ccccc3)ncnc2OCCOc2ncc(Br)cn2)c1,9.0
CHEMBL2165328,CHEMBL252,Endothelin receptor ET-A,IC50,=,6.9,nM,CHEMBL2166382,B,Displacement of [I125]ET1 from recombinant ETA receptor expressed in CHO cells after 2 hrs by TopCount analysis,CHEMBL2163289,P25101,Endothelin receptor ET-A,IC50,COc1ccccc1Oc1c(NS(=O)(=O)NCc2ccccc2)ncnc1OCCOc1ncc(Br)cn1,8.161150909262744
CHEMBL2163728,CHEMBL252,Endothelin receptor ET-A,IC50,=,6.9,nM,CHEMBL2166382,B,Displacement of [I125]ET1 from recombinant ETA receptor expressed in CHO cells after 2 hrs by TopCount analysis,CHEMBL2163289,P25101,Endothelin receptor ET-A,IC50,COCCOc1nc(NS(=O)(=O)NCc2ccccc2)c(Oc2ccccc2OC)c(OCCOc2ncc(Br)cn2)n1,8.161150909262744
CHEMBL2163727,CHEMBL252,Endothelin receptor ET-A,IC50,=,40.0,nM,CHEMBL2166382,B,Displacement of [I125]ET1 from recombinant ETA receptor expressed in CHO cells after 2 hrs by TopCount analysis,CHEMBL2163289,P25101,Endothelin receptor ET-A,IC50,COc1nc(NS(=O)(=O)NCc2ccccc2)c(Oc2ccccc2OC)c(OCCOc2ncc(Br)cn2)n1,7.3979400086720375
CHEMBL2163726,CHEMBL252,Endothelin receptor ET-A,IC50,=,14.0,nM,CHEMBL2166382,B,Displacement of [I125]ET1 from recombinant ETA receptor expressed in CHO cells after 2 hrs by TopCount analysis,CHEMBL2163289,P25101,Endothelin receptor ET-A,IC50,COc1ccccc1Oc1c(NS(=O)(=O)NCc2ccccc2)nc(C2CC2)nc1OCCOc1ncc(Br)cn1,7.853871964321762
CHEMBL2163725,CHEMBL252,Endothelin receptor ET-A,IC50,=,1.4,nM,CHEMBL2166382,B,Displacement of [I125]ET1 from recombinant ETA receptor expressed in CHO cells after 2 hrs by TopCount analysis,CHEMBL2163289,P25101,Endothelin receptor ET-A,IC50,COc1ccccc1Oc1c(NS(=O)(=O)NCc2ccccc2)nc(N2CCOCC2)nc1OCCOc1ncc(Br)cn1,8.853871964321762
CHEMBL2163724,CHEMBL252,Endothelin receptor ET-A,IC50,=,3.4,nM,CHEMBL2166382,B,Displacement of [I125]ET1 from recombinant ETA receptor expressed in CHO cells after 2 hrs by TopCount analysis,CHEMBL2163289,P25101,Endothelin receptor ET-A,IC50,COc1ccccc1Oc1c(NS(=O)(=O)NCc2ccccc2)nc(-c2ccncc2)nc1OCCOc1ncc(Br)cn1,8.468521082957745
CHEMBL2163723,CHEMBL252,Endothelin receptor ET-A,IC50,=,2.1,nM,CHEMBL2166382,B,Displacement of [I125]ET1 from recombinant ETA receptor expressed in CHO cells after 2 hrs by TopCount analysis,CHEMBL2163289,P25101,Endothelin receptor ET-A,IC50,COc1ccccc1Oc1c(NS(=O)(=O)NCc2ccccc2)nc(-c2cnccn2)nc1OCCOc1ncc(Br)cn1,8.67778070526608
CHEMBL2163722,CHEMBL252,Endothelin receptor ET-A,IC50,=,187.0,nM,CHEMBL2166382,B,Displacement of [I125]ET1 from recombinant ETA receptor expressed in CHO cells after 2 hrs by TopCount analysis,CHEMBL2163289,P25101,Endothelin receptor ET-A,IC50,COc1ccccc1Oc1c(NS(=O)(=O)N2CCOCC2)nc(-c2ncccn2)nc1OCCOc1ncc(Br)cn1,6.7281583934635005
CHEMBL2163721,CHEMBL252,Endothelin receptor ET-A,IC50,=,7.0,nM,CHEMBL2166382,B,Displacement of [I125]ET1 from recombinant ETA receptor expressed in CHO cells after 2 hrs by TopCount analysis,CHEMBL2163289,P25101,Endothelin receptor ET-A,IC50,COc1ccccc1Oc1c(NS(=O)(=O)N(C)Cc2ccccc2)nc(-c2ncccn2)nc1OCCOc1ncc(Br)cn1,8.154901959985743
CHEMBL2163720,CHEMBL252,Endothelin receptor ET-A,IC50,=,1.7,nM,CHEMBL2166382,B,Displacement of [I125]ET1 from recombinant ETA receptor expressed in CHO cells after 2 hrs by TopCount analysis,CHEMBL2163289,P25101,Endothelin receptor ET-A,IC50,CCCCNS(=O)(=O)Nc1nc(-c2ncccn2)nc(OCCOc2ncc(Br)cn2)c1Oc1ccccc1OC,8.769551078621726
CHEMBL2163719,CHEMBL252,Endothelin receptor ET-A,IC50,=,3.8,nM,CHEMBL2166382,B,Displacement of [I125]ET1 from recombinant ETA receptor expressed in CHO cells after 2 hrs by TopCount analysis,CHEMBL2163289,P25101,Endothelin receptor ET-A,IC50,CCCNS(=O)(=O)Nc1nc(-c2ncccn2)nc(OCCOc2ncc(Br)cn2)c1Oc1ccccc1OC,8.42021640338319
CHEMBL2163718,CHEMBL252,Endothelin receptor ET-A,IC50,=,9.9,nM,CHEMBL2166382,B,Displacement of [I125]ET1 from recombinant ETA receptor expressed in CHO cells after 2 hrs by TopCount analysis,CHEMBL2163289,P25101,Endothelin receptor ET-A,IC50,CCNS(=O)(=O)Nc1nc(-c2ncccn2)nc(OCCOc2ncc(Br)cn2)c1Oc1ccccc1OC,8.00436480540245
CHEMBL2163717,CHEMBL252,Endothelin receptor ET-A,IC50,=,7.9,nM,CHEMBL2166382,B,Displacement of [I125]ET1 from recombinant ETA receptor expressed in CHO cells after 2 hrs by TopCount analysis,CHEMBL2163289,P25101,Endothelin receptor ET-A,IC50,CNS(=O)(=O)Nc1nc(-c2ncccn2)nc(OCCOc2ncc(Br)cn2)c1Oc1ccccc1OC,8.102372908709558
CHEMBL2163716,CHEMBL252,Endothelin receptor ET-A,IC50,=,1.9,nM,CHEMBL2166382,B,Displacement of [I125]ET1 from recombinant ETA receptor expressed in CHO cells after 2 hrs by TopCount analysis,CHEMBL2163289,P25101,Endothelin receptor ET-A,IC50,COc1ccccc1Oc1c(NS(=O)(=O)NCc2ccccc2)nc(-c2ncccn2)nc1OCCOc1ncc(Br)cn1,8.721246399047171
CHEMBL2163715,CHEMBL252,Endothelin receptor ET-A,IC50,=,4.3,nM,CHEMBL2166382,B,Displacement of [I125]ET1 from recombinant ETA receptor expressed in CHO cells after 2 hrs by TopCount analysis,CHEMBL2163289,P25101,Endothelin receptor ET-A,IC50,CCCCS(=O)(=O)Nc1nc(-c2ncccn2)nc(OCCOc2ncc(Br)cn2)c1Oc1ccccc1OC,8.366531544420413
CHEMBL2163714,CHEMBL252,Endothelin receptor ET-A,IC50,=,9.4,nM,CHEMBL2166382,B,Displacement of [I125]ET1 from recombinant ETA receptor expressed in CHO cells after 2 hrs by TopCount analysis,CHEMBL2163289,P25101,Endothelin receptor ET-A,IC50,CCCS(=O)(=O)Nc1nc(-c2ncccn2)nc(OCCOc2ncc(Br)cn2)c1Oc1ccccc1OC,8.0268721464003
CHEMBL2163713,CHEMBL252,Endothelin receptor ET-A,IC50,=,14.0,nM,CHEMBL2166382,B,Displacement of [I125]ET1 from recombinant ETA receptor expressed in CHO cells after 2 hrs by TopCount analysis,CHEMBL2163289,P25101,Endothelin receptor ET-A,IC50,CCS(=O)(=O)Nc1nc(-c2ncccn2)nc(OCCOc2ncc(Br)cn2)c1Oc1ccccc1OC,7.853871964321762
CHEMBL2163712,CHEMBL252,Endothelin receptor ET-A,IC50,=,113.0,nM,CHEMBL2166382,B,Displacement of [I125]ET1 from recombinant ETA receptor expressed in CHO cells after 2 hrs by TopCount analysis,CHEMBL2163289,P25101,Endothelin receptor ET-A,IC50,COc1ccccc1Oc1c(NS(C)(=O)=O)nc(-c2ncccn2)nc1OCCOc1ncc(Br)cn1,6.94692155651658
CHEMBL2163711,CHEMBL252,Endothelin receptor ET-A,IC50,=,6.7,nM,CHEMBL2166382,B,Displacement of [I125]ET1 from recombinant ETA receptor expressed in CHO cells after 2 hrs by TopCount analysis,CHEMBL2163289,P25101,Endothelin receptor ET-A,IC50,COc1ccccc1Oc1c(NS(=O)(=O)CCCc2ccccc2)nc(-c2ncccn2)nc1OCCOc1ncc(Br)cn1,8.173925197299173
CHEMBL2163710,CHEMBL252,Endothelin receptor ET-A,IC50,=,73.0,nM,CHEMBL2166382,B,Displacement of [I125]ET1 from recombinant ETA receptor expressed in CHO cells after 2 hrs by TopCount analysis,CHEMBL2163289,P25101,Endothelin receptor ET-A,IC50,COc1ccccc1Oc1c(NS(=O)(=O)Cc2ccccc2)nc(-c2ncccn2)nc1OCCOc1ncc(Br)cn1,7.136677139879544
CHEMBL2163709,CHEMBL252,Endothelin receptor ET-A,IC50,=,10.4,nM,CHEMBL2166382,B,Displacement of [I125]ET1 from recombinant ETA receptor expressed in CHO cells after 2 hrs by TopCount analysis,CHEMBL2163289,P25101,Endothelin receptor ET-A,IC50,COc1ccccc1Oc1c(NS(=O)(=O)c2ccccc2)nc(-c2ncccn2)nc1OCCOc1ncc(Br)cn1,7.982966660701219
CHEMBL2163708,CHEMBL252,Endothelin receptor ET-A,IC50,=,1.5,nM,CHEMBL2166382,B,Displacement of [I125]ET1 from recombinant ETA receptor expressed in CHO cells after 2 hrs by TopCount analysis,CHEMBL2163289,P25101,Endothelin receptor ET-A,IC50,COc1ccccc1Oc1c(NS(=O)(=O)c2ccc(C(C)(C)C)cc2)nc(-c2ncccn2)nc1OCCOc1ncc(Br)cn1,8.823908740944319
CHEMBL2163707,CHEMBL252,Endothelin receptor ET-A,IC50,=,4775.0,nM,CHEMBL2166382,B,Displacement of [I125]ET1 from recombinant ETA receptor expressed in CHO cells after 2 hrs by TopCount analysis,CHEMBL2163289,P25101,Endothelin receptor ET-A,IC50,COc1cc(OC)nc(OCCOc2nc(-c3ncccn3)nc(NS(=O)(=O)CCc3ccccc3)c2Oc2ccccc2OC)n1,5.321026624080234
CHEMBL2163706,CHEMBL252,Endothelin receptor ET-A,IC50,=,7.7,nM,CHEMBL2166382,B,Displacement of [I125]ET1 from recombinant ETA receptor expressed in CHO cells after 2 hrs by TopCount analysis,CHEMBL2163289,P25101,Endothelin receptor ET-A,IC50,COc1ccccc1Oc1c(NS(=O)(=O)CCc2ccccc2)nc(-c2ncccn2)nc1OCCOc1ncc(C2CC2)cn1,8.113509274827518
CHEMBL2163705,CHEMBL252,Endothelin receptor ET-A,IC50,=,3.0,nM,CHEMBL2166382,B,Displacement of [I125]ET1 from recombinant ETA receptor expressed in CHO cells after 2 hrs by TopCount analysis,CHEMBL2163289,P25101,Endothelin receptor ET-A,IC50,COc1ccccc1Oc1c(NS(=O)(=O)CCc2ccccc2)nc(-c2ncccn2)nc1OCCOc1ncc(C(F)(F)F)cn1,8.522878745280337
CHEMBL2163704,CHEMBL252,Endothelin receptor ET-A,IC50,=,1.1,nM,CHEMBL2166382,B,Displacement of [I125]ET1 from recombinant ETA receptor expressed in CHO cells after 2 hrs by TopCount analysis,CHEMBL2163289,P25101,Endothelin receptor ET-A,IC50,COc1ccccc1Oc1c(NS(=O)(=O)CCc2ccccc2)nc(-c2ncccn2)nc1OCCOc1ncc(SC)cn1,8.958607314841775
CHEMBL2163703,CHEMBL252,Endothelin receptor ET-A,IC50,=,3.2,nM,CHEMBL2166382,B,Displacement of [I125]ET1 from recombinant ETA receptor expressed in CHO cells after 2 hrs by TopCount analysis,CHEMBL2163289,P25101,Endothelin receptor ET-A,IC50,COc1cnc(OCCOc2nc(-c3ncccn3)nc(NS(=O)(=O)CCc3ccccc3)c2Oc2ccccc2OC)nc1,8.494850021680094
CHEMBL2163702,CHEMBL252,Endothelin receptor ET-A,IC50,=,2.2,nM,CHEMBL2166382,B,Displacement of [I125]ET1 from recombinant ETA receptor expressed in CHO cells after 2 hrs by TopCount analysis,CHEMBL2163289,P25101,Endothelin receptor ET-A,IC50,COc1ccccc1Oc1c(NS(=O)(=O)CCc2ccccc2)nc(-c2ncccn2)nc1OCCOc1ncc(Br)cn1,8.657577319177793
CHEMBL2163701,CHEMBL252,Endothelin receptor ET-A,IC50,=,2.8,nM,CHEMBL2166382,B,Displacement of [I125]ET1 from recombinant ETA receptor expressed in CHO cells after 2 hrs by TopCount analysis,CHEMBL2163289,P25101,Endothelin receptor ET-A,IC50,COc1ccccc1Oc1c(NS(=O)(=O)CCc2ccccc2)nc(-c2ncccn2)nc1OCCOc1ncc(Cl)cn1,8.55284196865778
CHEMBL2163700,CHEMBL252,Endothelin receptor ET-A,IC50,=,17.8,nM,CHEMBL2166382,B,Displacement of [I125]ET1 from recombinant ETA receptor expressed in CHO cells after 2 hrs by TopCount analysis,CHEMBL2163289,P25101,Endothelin receptor ET-A,IC50,COc1ccccc1Oc1c(NS(=O)(=O)CCc2ccccc2)nc(-c2ncccn2)nc1OCCOc1ncc(C)cn1,7.7495799976911055
CHEMBL2163699,CHEMBL252,Endothelin receptor ET-A,IC50,=,739.0,nM,CHEMBL2166382,B,Displacement of [I125]ET1 from recombinant ETA receptor expressed in CHO cells after 2 hrs by TopCount analysis,CHEMBL2163289,P25101,Endothelin receptor ET-A,IC50,COc1ccccc1Oc1c(NS(C)(=O)=O)nc(-c2ncccn2)nc1OCCOc1ncccn1,6.131355561605174
CHEMBL2163698,CHEMBL252,Endothelin receptor ET-A,IC50,=,8.0,nM,CHEMBL2166382,B,Displacement of [I125]ET1 from recombinant ETA receptor expressed in CHO cells after 2 hrs by TopCount analysis,CHEMBL2163289,P25101,Endothelin receptor ET-A,IC50,COc1ccccc1Oc1c(NS(=O)(=O)CCc2ccccc2)nc(-c2ncccn2)nc1OCCOc1ncccn1,8.096910013008056
CHEMBL2163697,CHEMBL252,Endothelin receptor ET-A,IC50,=,4.3,nM,CHEMBL2166382,B,Displacement of [I125]ET1 from recombinant ETA receptor expressed in CHO cells after 2 hrs by TopCount analysis,CHEMBL2163289,P25101,Endothelin receptor ET-A,IC50,COc1ccccc1Oc1c(NS(=O)(=O)c2ccc(C(C)(C)C)cc2)nc(-c2ncccn2)nc1OCCOc1ncccn1,8.366531544420413
CHEMBL2163696,CHEMBL252,Endothelin receptor ET-A,IC50,=,4534.0,nM,CHEMBL2166382,B,Displacement of [I125]ET1 from recombinant ETA receptor expressed in CHO cells after 2 hrs by TopCount analysis,CHEMBL2163289,P25101,Endothelin receptor ET-A,IC50,COc1ccccc1Oc1c(NS(C)(=O)=O)nc(-c2ncccn2)nc1OCCO,5.343518484209501
CHEMBL2163695,CHEMBL252,Endothelin receptor ET-A,IC50,=,25.7,nM,CHEMBL2166382,B,Displacement of [I125]ET1 from recombinant ETA receptor expressed in CHO cells after 2 hrs by TopCount analysis,CHEMBL2163289,P25101,Endothelin receptor ET-A,IC50,COc1ccccc1Oc1c(NS(=O)(=O)CCc2ccccc2)nc(-c2ncccn2)nc1OCCO,7.590066876668706
CHEMBL957,CHEMBL252,Endothelin receptor ET-A,IC50,=,45.0,nM,CHEMBL2166382,B,Displacement of [I125]ET1 from recombinant ETA receptor expressed in CHO cells after 2 hrs by TopCount analysis,CHEMBL2163289,P25101,Endothelin receptor ET-A,IC50,COc1ccccc1Oc1c(NS(=O)(=O)c2ccc(C(C)(C)C)cc2)nc(-c2ncccn2)nc1OCCO,7.346787486224656
CHEMBL2261602,CHEMBL252,Endothelin receptor ET-A,IC50,=,18.0,nM,CHEMBL3056377,B,Displacement of [I125]ET1 from Homo sapiens (human) ETA receptor expressed in CHO cells,CHEMBL3045872,P25101,Endothelin receptor ET-A,IC50,CCOC(=O)c1ccc2c(C(C(=O)NS(=O)(=O)c3ccc(C)cc3OC)c3ccc4c(c3)OCO4)cn(C)c2c1,7.7447274948966935
CHEMBL2261601,CHEMBL252,Endothelin receptor ET-A,IC50,=,8.8,nM,CHEMBL3056377,B,Displacement of [I125]ET1 from Homo sapiens (human) ETA receptor expressed in CHO cells,CHEMBL3045872,P25101,Endothelin receptor ET-A,IC50,COCc1ccc2c(C(C(=O)NS(=O)(=O)c3ccc(C)cc3OC)c3ccc4c(c3)OCO4)cn(C)c2c1,8.05551732784983
CHEMBL2261600,CHEMBL252,Endothelin receptor ET-A,IC50,=,11.0,nM,CHEMBL3056377,B,Displacement of [I125]ET1 from Homo sapiens (human) ETA receptor expressed in CHO cells,CHEMBL3045872,P25101,Endothelin receptor ET-A,IC50,COc1cc(C)ccc1S(=O)(=O)NC(=O)C(c1ccc2c(c1)OCO2)c1cn(C)c2cc(C#N)ccc12,7.958607314841775
CHEMBL2261599,CHEMBL252,Endothelin receptor ET-A,IC50,=,1.4,nM,CHEMBL3056377,B,Displacement of [I125]ET1 from Homo sapiens (human) ETA receptor expressed in CHO cells,CHEMBL3045872,P25101,Endothelin receptor ET-A,IC50,COc1cc(C)ccc1S(=O)(=O)NC(=O)C(c1ccc2c(c1)OCO2)c1cn(C)c2cc(C(C)=O)ccc12,8.853871964321762
CHEMBL2261364,CHEMBL252,Endothelin receptor ET-A,IC50,=,14.0,nM,CHEMBL3056377,B,Displacement of [I125]ET1 from Homo sapiens (human) ETA receptor expressed in CHO cells,CHEMBL3045872,P25101,Endothelin receptor ET-A,IC50,COc1cc(C)ccc1S(=O)(=O)NC(=O)C(c1ccc2c(c1)OCO2)c1cn(C)c2cc(F)ccc12,7.853871964321762
CHEMBL2261363,CHEMBL252,Endothelin receptor ET-A,IC50,=,46.0,nM,CHEMBL3056377,B,Displacement of [I125]ET1 from Homo sapiens (human) ETA receptor expressed in CHO cells,CHEMBL3045872,P25101,Endothelin receptor ET-A,IC50,COc1cc(C)ccc1S(=O)(=O)NC(=O)C(c1ccc2c(c1)OCO2)c1cn(C)c2cc(Cl)ccc12,7.337242168318426
CHEMBL2261362,CHEMBL252,Endothelin receptor ET-A,IC50,=,34.0,nM,CHEMBL3056377,B,Displacement of [I125]ET1 from Homo sapiens (human) ETA receptor expressed in CHO cells,CHEMBL3045872,P25101,Endothelin receptor ET-A,IC50,Cc1ccc(S(=O)(=O)NC(=O)C(c2ccc3c(c2)OCO3)c2cn(C)c3cc(CO)ccc23)cc1,7.468521082957745
CHEMBL2261361,CHEMBL252,Endothelin receptor ET-A,IC50,=,2.2,nM,CHEMBL3056377,B,Displacement of [I125]ET1 from Homo sapiens (human) ETA receptor expressed in CHO cells,CHEMBL3045872,P25101,Endothelin receptor ET-A,IC50,COc1cc(C)ccc1S(=O)(=O)NC(=O)[C@@H](c1ccc2c(c1)OCO2)c1cn(C)c2cc(CO)ccc12,8.657577319177793
CHEMBL2261360,CHEMBL252,Endothelin receptor ET-A,IC50,=,8.7,nM,CHEMBL3056377,B,Displacement of [I125]ET1 from Homo sapiens (human) ETA receptor expressed in CHO cells,CHEMBL3045872,P25101,Endothelin receptor ET-A,IC50,COc1cc(C)ccc1S(=O)(=O)NC(=O)C(c1ccc2c(c1)OCO2)c1cn(C)c2cc(CO)ccc12,8.060480747381382
CHEMBL2261359,CHEMBL252,Endothelin receptor ET-A,IC50,=,4.2,nM,CHEMBL3056377,B,Displacement of [I125]ET1 from Homo sapiens (human) ETA receptor expressed in CHO cells,CHEMBL3045872,P25101,Endothelin receptor ET-A,IC50,COc1cc(C)ccc1S(=O)(=O)NC(=O)[C@@H](c1ccc2c(c1)OCO2)c1cn(C)c2cc(C(=O)O)ccc12,8.3767507096021
CHEMBL2261358,CHEMBL252,Endothelin receptor ET-A,IC50,=,5.3,nM,CHEMBL3056377,B,Displacement of [I125]ET1 from Homo sapiens (human) ETA receptor expressed in CHO cells,CHEMBL3045872,P25101,Endothelin receptor ET-A,IC50,COc1cc(C)ccc1S(=O)(=O)NC(=O)C(c1ccc2c(c1)OCO2)c1cn(C)c2cc(C(=O)O)ccc12,8.275724130399212
CHEMBL22562,CHEMBL252,Endothelin receptor ET-A,IC50,=,1.1,nM,CHEMBL3056377,B,Displacement of [I125]ET1 from Homo sapiens (human) ETA receptor expressed in CHO cells,CHEMBL3045872,P25101,Endothelin receptor ET-A,IC50,COc1cc(C)ccc1S(=O)(=O)NC(=O)C(c1ccc2c(c1)OCO2)c1cn(C)c2cc(C(N)=O)ccc12,8.958607314841775
CHEMBL2261357,CHEMBL252,Endothelin receptor ET-A,IC50,=,1.7,nM,CHEMBL3056377,B,Displacement of [I125]ET1 from Homo sapiens (human) ETA receptor expressed in CHO cells,CHEMBL3045872,P25101,Endothelin receptor ET-A,IC50,Cn1cc(C(C(=O)NS(=O)(=O)c2ccc(CC(=O)O)cc2)c2ccc3c(c2)OCO3)c2ccc(C(N)=O)cc21,8.769551078621726
CHEMBL2261356,CHEMBL252,Endothelin receptor ET-A,IC50,=,560.0,nM,CHEMBL3056377,B,Displacement of [I125]ET1 from Homo sapiens (human) ETA receptor expressed in CHO cells,CHEMBL3045872,P25101,Endothelin receptor ET-A,IC50,CCn1cc(C(C(=O)NS(=O)(=O)c2ccc(C(C)C)cc2)c2ccc3c(c2)OCO3)c2ccccc21,6.251811972993799
CHEMBL262784,CHEMBL252,Endothelin receptor ET-A,IC50,=,2.3,nM,CHEMBL3056377,B,Displacement of [I125]ET1 from Homo sapiens (human) ETA receptor expressed in CHO cells,CHEMBL3045872,P25101,Endothelin receptor ET-A,IC50,CC(C)c1ccc(S(=O)(=O)NC(=O)C(c2ccc3c(c2)OCO3)c2cn(C)c3cc(C(N)=O)ccc23)cc1,8.638272163982407
CHEMBL23833,CHEMBL252,Endothelin receptor ET-A,IC50,=,32.0,nM,CHEMBL3056377,B,Displacement of [I125]ET1 from Homo sapiens (human) ETA receptor expressed in CHO cells,CHEMBL3045872,P25101,Endothelin receptor ET-A,IC50,CCn1cc(C(C(=O)NS(=O)(=O)c2ccc(C(C)C)cc2)c2ccc3c(c2)OCO3)c2ccc(C(=O)O)cc21,7.494850021680094
CHEMBL22513,CHEMBL252,Endothelin receptor ET-A,IC50,=,0.55,nM,CHEMBL3056377,B,Displacement of [I125]ET1 from Homo sapiens (human) ETA receptor expressed in CHO cells,CHEMBL3045872,P25101,Endothelin receptor ET-A,IC50,CCOc1cc(C)ccc1S(=O)(=O)NC(=O)C(c1ccc2c(c1)OCO2)c1cn(C)c2cc(C(N)=O)ccc12,9.259637310505756
CHEMBL314691,CHEMBL252,Endothelin receptor ET-A,IC50,=,37.0,nM,CHEMBL3074523,B,Antagonist activity at Homo sapiens (human) ETA receptor,CHEMBL3046666,P25101,Endothelin receptor ET-A,IC50,CC(C)C[C@@H]1NC(=O)[C@@H](C(C)C)NC(=O)[C@@H]2CCCN2C(=O)[C@@H](CC(=O)O)NC(=O)[C@@H](Cc2c[nH]c3ccccc23)NC1=O,7.431798275933005
CHEMBL2296889,CHEMBL252,Endothelin receptor ET-A,IC50,=,3800.0,nM,CHEMBL3075855,B,Antagonist activity at ETA receptor (unknown origin),CHEMBL3046666,P25101,Endothelin receptor ET-A,IC50,Cc1c(C(=O)O)oc2cccc(OCc3ccccc3)c12,5.42021640338319
CHEMBL2296888,CHEMBL252,Endothelin receptor ET-A,IC50,=,11000.0,nM,CHEMBL3075855,B,Antagonist activity at ETA receptor (unknown origin),CHEMBL3046666,P25101,Endothelin receptor ET-A,IC50,COc1cccc2oc(C(=O)O)c(C)c12,4.958607314841775
CHEMBL437472,CHEMBL252,Endothelin receptor ET-A,IC50,=,0.11,nM,CHEMBL2395015,B,Binding affinity to human ETA receptor by radioligand displacement assay,CHEMBL2390917,P25101,Endothelin receptor ET-A,IC50,CC[C@H](C)[C@H](NC(=O)[C@H](CC(=O)O)NC(=O)[C@H](CC(C)C)NC(=O)[C@H](Cc1c[nH]cn1)NC(=O)[C@@H]1CSSC[C@@H](N)C(=O)N[C@H](CO)C(=O)N[C@H]2CSSC[C@@H](NC(=O)[C@H](CCC(=O)O)NC(=O)[C@H](CCCCN)NC(=O)[C@@H](CC(=O)O)NC(=O)[C@H](CCSC)NC(=O)[C@@H](CC(C)C)NC(=O)[C@H](CO)NC(=O)[C@@H](CO)NC2=O)C(=O)N[C@@H](C(C)C)C(=O)N[C@H](Cc2ccc(O)cc2)C(=O)N[C@@H](Cc2ccccc2)C(=O)N1)C(=O)N[C@H](C(=O)N[C@@H](Cc1c[nH]c2ccccc12)C(=O)O)[C@@H](C)CC,9.958607314841775
CHEMBL437472,CHEMBL252,Endothelin receptor ET-A,IC50,=,0.23,nM,CHEMBL2395270,B,Displacement of [125I]Endothelin-1 from human recombinant ETA receptor expressed in CHOK1 cells after 2 hrs,CHEMBL2390918,P25101,Endothelin receptor ET-A,IC50,CC[C@H](C)[C@H](NC(=O)[C@H](CC(=O)O)NC(=O)[C@H](CC(C)C)NC(=O)[C@H](Cc1c[nH]cn1)NC(=O)[C@@H]1CSSC[C@@H](N)C(=O)N[C@H](CO)C(=O)N[C@H]2CSSC[C@@H](NC(=O)[C@H](CCC(=O)O)NC(=O)[C@H](CCCCN)NC(=O)[C@@H](CC(=O)O)NC(=O)[C@H](CCSC)NC(=O)[C@@H](CC(C)C)NC(=O)[C@H](CO)NC(=O)[C@@H](CO)NC2=O)C(=O)N[C@@H](C(C)C)C(=O)N[C@H](Cc2ccc(O)cc2)C(=O)N[C@@H](Cc2ccccc2)C(=O)N1)C(=O)N[C@H](C(=O)N[C@@H](Cc1c[nH]c2ccccc12)C(=O)O)[C@@H](C)CC,9.638272163982407
CHEMBL437472,CHEMBL252,Endothelin receptor ET-A,IC50,=,0.05,nM,CHEMBL2395695,B,Binding affinity to human ETA receptor by radioligand displacement assay,CHEMBL2390830,P25101,Endothelin receptor ET-A,IC50,CC[C@H](C)[C@H](NC(=O)[C@H](CC(=O)O)NC(=O)[C@H](CC(C)C)NC(=O)[C@H](Cc1c[nH]cn1)NC(=O)[C@@H]1CSSC[C@@H](N)C(=O)N[C@H](CO)C(=O)N[C@H]2CSSC[C@@H](NC(=O)[C@H](CCC(=O)O)NC(=O)[C@H](CCCCN)NC(=O)[C@@H](CC(=O)O)NC(=O)[C@H](CCSC)NC(=O)[C@@H](CC(C)C)NC(=O)[C@H](CO)NC(=O)[C@@H](CO)NC2=O)C(=O)N[C@@H](C(C)C)C(=O)N[C@H](Cc2ccc(O)cc2)C(=O)N[C@@H](Cc2ccccc2)C(=O)N1)C(=O)N[C@H](C(=O)N[C@@H](Cc1c[nH]c2ccccc12)C(=O)O)[C@@H](C)CC,10.301029995663981
CHEMBL3736037,CHEMBL252,Endothelin receptor ET-A,IC50,=,1400.0,nM,CHEMBL3739216,B,Displacement of 125I-labeled endothelin 1 from human ETA receptor expressed in CHO-K1 cells incubated for 4 hrs by gamma counting analysis,CHEMBL3734700,P25101,Endothelin receptor ET-A,IC50,CCCc1nc2c(C)cc(C(=O)NCCN3CCOCC3)cc2n1Cc1ccc(-c2ccccc2S(=O)(=O)Nc2onc(C)c2C)cc1,5.853871964321762
CHEMBL3735236,CHEMBL252,Endothelin receptor ET-A,IC50,=,1800.0,nM,CHEMBL3739216,B,Displacement of 125I-labeled endothelin 1 from human ETA receptor expressed in CHO-K1 cells incubated for 4 hrs by gamma counting analysis,CHEMBL3734700,P25101,Endothelin receptor ET-A,IC50,CCCc1nc2c(C)cc(C(=O)NCCN3CCN(C)CC3)cc2n1Cc1ccc(-c2ccccc2S(=O)(=O)Nc2onc(C)c2C)cc1,5.7447274948966935
CHEMBL3735302,CHEMBL252,Endothelin receptor ET-A,IC50,=,5800.0,nM,CHEMBL3739216,B,Displacement of 125I-labeled endothelin 1 from human ETA receptor expressed in CHO-K1 cells incubated for 4 hrs by gamma counting analysis,CHEMBL3734700,P25101,Endothelin receptor ET-A,IC50,CCCc1nc2c(C)cc(C(=O)NCCN3CCCCC3)cc2n1Cc1ccc(-c2ccccc2S(=O)(=O)Nc2onc(C)c2C)cc1,5.236572006437063
CHEMBL3736507,CHEMBL252,Endothelin receptor ET-A,IC50,=,5500.0,nM,CHEMBL3739216,B,Displacement of 125I-labeled endothelin 1 from human ETA receptor expressed in CHO-K1 cells incubated for 4 hrs by gamma counting analysis,CHEMBL3734700,P25101,Endothelin receptor ET-A,IC50,CCCc1nc2c(C)cc(C(=O)NCCN3CCCC3)cc2n1Cc1ccc(-c2ccccc2S(=O)(=O)Nc2onc(C)c2C)cc1,5.259637310505756
CHEMBL3735797,CHEMBL252,Endothelin receptor ET-A,IC50,=,35000.0,nM,CHEMBL3739216,B,Displacement of 125I-labeled endothelin 1 from human ETA receptor expressed in CHO-K1 cells incubated for 4 hrs by gamma counting analysis,CHEMBL3734700,P25101,Endothelin receptor ET-A,IC50,CCCNC(=O)c1cc(C)c2nc(CCC)n(Cc3ccc(-c4ccccc4S(=O)(=O)Nc4onc(C)c4C)cc3)c2c1,4.455931955649724
CHEMBL3736310,CHEMBL252,Endothelin receptor ET-A,IC50,=,277.0,nM,CHEMBL3739216,B,Displacement of 125I-labeled endothelin 1 from human ETA receptor expressed in CHO-K1 cells incubated for 4 hrs by gamma counting analysis,CHEMBL3734700,P25101,Endothelin receptor ET-A,IC50,CCCc1nc2c(C)cc(C(=O)NC(C)C)cc2n1Cc1ccc(-c2ccccc2S(=O)(=O)Nc2onc(C)c2C)cc1,6.557520230935552
CHEMBL3735311,CHEMBL252,Endothelin receptor ET-A,IC50,=,314.0,nM,CHEMBL3739216,B,Displacement of 125I-labeled endothelin 1 from human ETA receptor expressed in CHO-K1 cells incubated for 4 hrs by gamma counting analysis,CHEMBL3734700,P25101,Endothelin receptor ET-A,IC50,CCCCNC(=O)c1cc(C)c2nc(CCC)n(Cc3ccc(-c4ccccc4S(=O)(=O)Nc4onc(C)c4C)cc3)c2c1,6.503070351926786
CHEMBL3736225,CHEMBL252,Endothelin receptor ET-A,IC50,=,140000.0,nM,CHEMBL3739216,B,Displacement of 125I-labeled endothelin 1 from human ETA receptor expressed in CHO-K1 cells incubated for 4 hrs by gamma counting analysis,CHEMBL3734700,P25101,Endothelin receptor ET-A,IC50,CCCc1nc2c(C)cc(C(=O)NC(C)(C)C)cc2n1Cc1ccc(-c2ccccc2S(=O)(=O)Nc2onc(C)c2C)cc1,3.853871964321762
CHEMBL3735036,CHEMBL252,Endothelin receptor ET-A,IC50,=,27000.0,nM,CHEMBL3739216,B,Displacement of 125I-labeled endothelin 1 from human ETA receptor expressed in CHO-K1 cells incubated for 4 hrs by gamma counting analysis,CHEMBL3734700,P25101,Endothelin receptor ET-A,IC50,CCCc1nc2c(C)cc(C(=O)Nc3ccccc3)cc2n1Cc1ccc(-c2ccccc2S(=O)(=O)Nc2onc(C)c2C)cc1,4.568636235841013
CHEMBL3735300,CHEMBL252,Endothelin receptor ET-A,IC50,=,137.0,nM,CHEMBL3739216,B,Displacement of 125I-labeled endothelin 1 from human ETA receptor expressed in CHO-K1 cells incubated for 4 hrs by gamma counting analysis,CHEMBL3734700,P25101,Endothelin receptor ET-A,IC50,CCCc1nc2c(C)cc(C(=O)Nc3ccccc3OC)cc2n1Cc1ccc(-c2ccccc2S(=O)(=O)Nc2onc(C)c2C)cc1,6.863279432843593
CHEMBL3735931,CHEMBL252,Endothelin receptor ET-A,IC50,=,10.0,nM,CHEMBL3739216,B,Displacement of 125I-labeled endothelin 1 from human ETA receptor expressed in CHO-K1 cells incubated for 4 hrs by gamma counting analysis,CHEMBL3734700,P25101,Endothelin receptor ET-A,IC50,CCCc1nc2c(C)cc(C(=O)NCc3ccccc3)cc2n1Cc1ccc(-c2ccccc2S(=O)(=O)Nc2onc(C)c2C)cc1,8.0
CHEMBL3734849,CHEMBL252,Endothelin receptor ET-A,IC50,=,310.0,nM,CHEMBL3739216,B,Displacement of 125I-labeled endothelin 1 from human ETA receptor expressed in CHO-K1 cells incubated for 4 hrs by gamma counting analysis,CHEMBL3734700,P25101,Endothelin receptor ET-A,IC50,CCCc1nc2c(C)cc(C(=O)NCc3ccccc3OC)cc2n1Cc1ccc(-c2ccccc2S(=O)(=O)Nc2onc(C)c2C)cc1,6.508638306165727
CHEMBL3736262,CHEMBL252,Endothelin receptor ET-A,IC50,=,898.0,nM,CHEMBL3739216,B,Displacement of 125I-labeled endothelin 1 from human ETA receptor expressed in CHO-K1 cells incubated for 4 hrs by gamma counting analysis,CHEMBL3734700,P25101,Endothelin receptor ET-A,IC50,CCCc1nc2c(C)cc(C(=O)NCc3cccc(OC)c3)cc2n1Cc1ccc(-c2ccccc2S(=O)(=O)Nc2onc(C)c2C)cc1,6.0467236633326955
CHEMBL3734835,CHEMBL252,Endothelin receptor ET-A,IC50,=,388.0,nM,CHEMBL3739216,B,Displacement of 125I-labeled endothelin 1 from human ETA receptor expressed in CHO-K1 cells incubated for 4 hrs by gamma counting analysis,CHEMBL3734700,P25101,Endothelin receptor ET-A,IC50,CCCc1nc2c(C)cc(C(=O)NCc3ccc(OC)cc3)cc2n1Cc1ccc(-c2ccccc2S(=O)(=O)Nc2onc(C)c2C)cc1,6.411168274405792
CHEMBL3735151,CHEMBL252,Endothelin receptor ET-A,IC50,=,28000.0,nM,CHEMBL3739216,B,Displacement of 125I-labeled endothelin 1 from human ETA receptor expressed in CHO-K1 cells incubated for 4 hrs by gamma counting analysis,CHEMBL3734700,P25101,Endothelin receptor ET-A,IC50,CCCc1nc2c(C)cc(C(=O)NCc3ccc(OC)c(OC)c3)cc2n1Cc1ccc(-c2ccccc2S(=O)(=O)Nc2onc(C)c2C)cc1,4.552841968657781
CHEMBL3735574,CHEMBL252,Endothelin receptor ET-A,IC50,=,956.0,nM,CHEMBL3739216,B,Displacement of 125I-labeled endothelin 1 from human ETA receptor expressed in CHO-K1 cells incubated for 4 hrs by gamma counting analysis,CHEMBL3734700,P25101,Endothelin receptor ET-A,IC50,CCCc1nc2c(C)cc(C(=O)NCCc3ccccc3)cc2n1Cc1ccc(-c2ccccc2S(=O)(=O)Nc2onc(C)c2C)cc1,6.0195421077239
CHEMBL3736248,CHEMBL252,Endothelin receptor ET-A,IC50,=,24000.0,nM,CHEMBL3739216,B,Displacement of 125I-labeled endothelin 1 from human ETA receptor expressed in CHO-K1 cells incubated for 4 hrs by gamma counting analysis,CHEMBL3734700,P25101,Endothelin receptor ET-A,IC50,CCCc1nc2c(C)cc(C(=O)NCCc3cccc(OC)c3)cc2n1Cc1ccc(-c2ccccc2S(=O)(=O)Nc2onc(C)c2C)cc1,4.619788758288394
CHEMBL3736414,CHEMBL252,Endothelin receptor ET-A,IC50,=,200000.0,nM,CHEMBL3739216,B,Displacement of 125I-labeled endothelin 1 from human ETA receptor expressed in CHO-K1 cells incubated for 4 hrs by gamma counting analysis,CHEMBL3734700,P25101,Endothelin receptor ET-A,IC50,CCCc1nc2c(C)cc(C(=O)NCCc3ccc(OC)cc3)cc2n1Cc1ccc(-c2ccccc2S(=O)(=O)Nc2onc(C)c2C)cc1,3.6989700043360187
CHEMBL3734870,CHEMBL252,Endothelin receptor ET-A,IC50,=,3000.0,nM,CHEMBL3739216,B,Displacement of 125I-labeled endothelin 1 from human ETA receptor expressed in CHO-K1 cells incubated for 4 hrs by gamma counting analysis,CHEMBL3734700,P25101,Endothelin receptor ET-A,IC50,CCCc1nc2c(C)cc(C(=O)NCCc3cc(OC)ccc3OC)cc2n1Cc1ccc(-c2ccccc2S(=O)(=O)Nc2onc(C)c2C)cc1,5.522878745280337
CHEMBL3734955,CHEMBL252,Endothelin receptor ET-A,IC50,=,55000.0,nM,CHEMBL3739216,B,Displacement of 125I-labeled endothelin 1 from human ETA receptor expressed in CHO-K1 cells incubated for 4 hrs by gamma counting analysis,CHEMBL3734700,P25101,Endothelin receptor ET-A,IC50,CCCc1nc2c(C)cc(C(=O)NCCc3ccc(OC)c(OC)c3)cc2n1Cc1ccc(-c2ccccc2S(=O)(=O)Nc2onc(C)c2C)cc1,4.259637310505756
CHEMBL3734829,CHEMBL252,Endothelin receptor ET-A,IC50,=,262.0,nM,CHEMBL3739216,B,Displacement of 125I-labeled endothelin 1 from human ETA receptor expressed in CHO-K1 cells incubated for 4 hrs by gamma counting analysis,CHEMBL3734700,P25101,Endothelin receptor ET-A,IC50,CCCc1nc2c(C)cc(C(=O)NCCc3ccccc3F)cc2n1Cc1ccc(-c2ccccc2S(=O)(=O)Nc2onc(C)c2C)cc1,6.581698708680255
CHEMBL3735265,CHEMBL252,Endothelin receptor ET-A,IC50,=,56000.0,nM,CHEMBL3739216,B,Displacement of 125I-labeled endothelin 1 from human ETA receptor expressed in CHO-K1 cells incubated for 4 hrs by gamma counting analysis,CHEMBL3734700,P25101,Endothelin receptor ET-A,IC50,CCCc1nc2c(C)cc(C(=O)NCCc3ccc(F)cc3)cc2n1Cc1ccc(-c2ccccc2S(=O)(=O)Nc2onc(C)c2C)cc1,4.251811972993799
CHEMBL3734968,CHEMBL252,Endothelin receptor ET-A,IC50,=,24.0,nM,CHEMBL3739216,B,Displacement of 125I-labeled endothelin 1 from human ETA receptor expressed in CHO-K1 cells incubated for 4 hrs by gamma counting analysis,CHEMBL3734700,P25101,Endothelin receptor ET-A,IC50,CCCc1cc(Cn2c(CC)nc3c(C)cc(C)cc32)ccc1OC(C(=O)NS(=O)(=O)c1ccc(C(C)C)cc1)c1ccc2c(c1)OCO2,7.619788758288394
CHEMBL11706,CHEMBL252,Endothelin receptor ET-A,IC50,=,2.0,nM,CHEMBL3739216,B,Displacement of 125I-labeled endothelin 1 from human ETA receptor expressed in CHO-K1 cells incubated for 4 hrs by gamma counting analysis,CHEMBL3734700,P25101,Endothelin receptor ET-A,IC50,CCCCC1=NC2(CCCC2)C(=O)N1Cc1ccc(-c2ccccc2S(=O)(=O)Nc2onc(C)c2C)c(CN2CCC(C)(C)C2=O)c1,8.698970004336019
CHEMBL3736242,CHEMBL252,Endothelin receptor ET-A,IC50,=,11.0,nM,CHEMBL3739216,B,Displacement of 125I-labeled endothelin 1 from human ETA receptor expressed in CHO-K1 cells incubated for 4 hrs by gamma counting analysis,CHEMBL3734700,P25101,Endothelin receptor ET-A,IC50,CCCCc1nn(-c2ccccc2Cl)c(=O)n1Cc1ccc(-c2ccccc2S(=O)(=O)Nc2onc(C)c2C)cc1,7.958607314841775
CHEMBL12013,CHEMBL252,Endothelin receptor ET-A,IC50,=,13.0,nM,CHEMBL3739216,B,Displacement of 125I-labeled endothelin 1 from human ETA receptor expressed in CHO-K1 cells incubated for 4 hrs by gamma counting analysis,CHEMBL3734700,P25101,Endothelin receptor ET-A,IC50,CCCc1nc2c(n1Cc1ccc(-c3ccccc3S(=O)(=O)Nc3onc(C)c3C)c(C)c1)C(=O)CCCC2,7.886056647693163
CHEMBL12106,CHEMBL252,Endothelin receptor ET-A,IC50,=,5.0,nM,CHEMBL3739216,B,Displacement of 125I-labeled endothelin 1 from human ETA receptor expressed in CHO-K1 cells incubated for 4 hrs by gamma counting analysis,CHEMBL3734700,P25101,Endothelin receptor ET-A,IC50,CCCc1nc(CC)c(C(N)=O)n1Cc1ccc(-c2ccccc2S(=O)(=O)Nc2onc(C)c2C)c(C)c1,8.301029995663981
CHEMBL275545,CHEMBL252,Endothelin receptor ET-A,IC50,=,7.0,nM,CHEMBL3739216,B,Displacement of 125I-labeled endothelin 1 from human ETA receptor expressed in CHO-K1 cells incubated for 4 hrs by gamma counting analysis,CHEMBL3734700,P25101,Endothelin receptor ET-A,IC50,CCCc1nc(CC)c(C(=O)NC)n1Cc1ccc(-c2ccccc2S(=O)(=O)Nc2onc(C)c2C)c(COC)c1,8.154901959985743
CHEMBL12233,CHEMBL252,Endothelin receptor ET-A,IC50,=,7.0,nM,CHEMBL3739216,B,Displacement of 125I-labeled endothelin 1 from human ETA receptor expressed in CHO-K1 cells incubated for 4 hrs by gamma counting analysis,CHEMBL3734700,P25101,Endothelin receptor ET-A,IC50,CCCc1nc(CC)c(C(N)=O)n1Cc1ccc(-c2ccccc2S(=O)(=O)Nc2onc(C)c2C)c(CC)c1,8.154901959985743
CHEMBL12333,CHEMBL252,Endothelin receptor ET-A,IC50,=,40.0,nM,CHEMBL3739216,B,Displacement of 125I-labeled endothelin 1 from human ETA receptor expressed in CHO-K1 cells incubated for 4 hrs by gamma counting analysis,CHEMBL3734700,P25101,Endothelin receptor ET-A,IC50,CCCc1nc(Cl)c(C(N)=O)n1Cc1ccc(-c2ccccc2S(=O)(=O)Nc2onc(C)c2C)cc1,7.3979400086720375
CHEMBL3735155,CHEMBL252,Endothelin receptor ET-A,IC50,=,15.0,nM,CHEMBL3739216,B,Displacement of 125I-labeled endothelin 1 from human ETA receptor expressed in CHO-K1 cells incubated for 4 hrs by gamma counting analysis,CHEMBL3734700,P25101,Endothelin receptor ET-A,IC50,CCCc1nc2c(n1Cc1ccc(-c3ccccc3S(=O)(=O)Nc3onc(C)c3C)c(C#N)c1)C(=O)CCCC2,7.823908740944319
CHEMBL11528,CHEMBL252,Endothelin receptor ET-A,IC50,=,14.0,nM,CHEMBL3739216,B,Displacement of 125I-labeled endothelin 1 from human ETA receptor expressed in CHO-K1 cells incubated for 4 hrs by gamma counting analysis,CHEMBL3734700,P25101,Endothelin receptor ET-A,IC50,CCCc1nc2c(n1Cc1ccc(-c3ccccc3S(=O)(=O)Nc3onc(C)c3C)c(CO)c1)C(=O)CCCC2,7.853871964321762
CHEMBL417429,CHEMBL252,Endothelin receptor ET-A,IC50,=,415.0,nM,CHEMBL3739216,B,Displacement of 125I-labeled endothelin 1 from human ETA receptor expressed in CHO-K1 cells incubated for 4 hrs by gamma counting analysis,CHEMBL3734700,P25101,Endothelin receptor ET-A,IC50,CCCCc1nc(Cl)c(C(N)=O)n1Cc1ccc(-c2ccccc2S(=O)(=O)Nc2onc(C)c2C)cc1,6.3819519032879075
CHEMBL3752947,CHEMBL252,Endothelin receptor ET-A,IC50,=,165.0,nM,CHEMBL3757818,B,Displacement of 125I-labelled endothelin-1 from human ETA receptor expressed in CHOK1 cell membranes,CHEMBL3751753,P25101,Endothelin receptor ET-A,IC50,CCCc1nc2c(C)cc(C(=O)NCCN3CCOCC3)cc2n1Cc1ccc(-c2ccccc2C(=O)Nc2nnn[nH]2)cc1,6.782516055786093
CHEMBL3751986,CHEMBL252,Endothelin receptor ET-A,IC50,=,9100.0,nM,CHEMBL3757818,B,Displacement of 125I-labelled endothelin-1 from human ETA receptor expressed in CHOK1 cell membranes,CHEMBL3751753,P25101,Endothelin receptor ET-A,IC50,CCCc1nc2c(C)cc(C(=O)NCCN3CCN(C)CC3)cc2n1Cc1ccc(-c2ccccc2C(=O)Nc2nnn[nH]2)cc1,5.040958607678906
CHEMBL3753888,CHEMBL252,Endothelin receptor ET-A,IC50,=,7100.0,nM,CHEMBL3757818,B,Displacement of 125I-labelled endothelin-1 from human ETA receptor expressed in CHOK1 cell membranes,CHEMBL3751753,P25101,Endothelin receptor ET-A,IC50,CCCc1nc2c(C)cc(C(=O)NCCN3CCCC3)cc2n1Cc1ccc(-c2ccccc2C(=O)Nc2nnn[nH]2)cc1,5.1487416512809245
CHEMBL3752444,CHEMBL252,Endothelin receptor ET-A,IC50,=,14000.0,nM,CHEMBL3757818,B,Displacement of 125I-labelled endothelin-1 from human ETA receptor expressed in CHOK1 cell membranes,CHEMBL3751753,P25101,Endothelin receptor ET-A,IC50,CCCc1nc2c(C)cc(C(=O)Nc3ccccc3)cc2n1Cc1ccc(-c2ccccc2C(=O)Nc2nnn[nH]2)cc1,4.853871964321762
CHEMBL3751899,CHEMBL252,Endothelin receptor ET-A,IC50,=,886.0,nM,CHEMBL3757818,B,Displacement of 125I-labelled endothelin-1 from human ETA receptor expressed in CHOK1 cell membranes,CHEMBL3751753,P25101,Endothelin receptor ET-A,IC50,CCCc1nc2c(C)cc(C(=O)Nc3ccccc3OC)cc2n1Cc1ccc(-c2ccccc2C(=O)Nc2nnn[nH]2)cc1,6.052566278112949
CHEMBL3753406,CHEMBL252,Endothelin receptor ET-A,IC50,=,10.0,nM,CHEMBL3757818,B,Displacement of 125I-labelled endothelin-1 from human ETA receptor expressed in CHOK1 cell membranes,CHEMBL3751753,P25101,Endothelin receptor ET-A,IC50,CCCc1nc2c(C)cc(C(=O)NCc3ccccc3)cc2n1Cc1ccc(-c2ccccc2C(=O)Nc2nnn[nH]2)cc1,8.0
CHEMBL3752117,CHEMBL252,Endothelin receptor ET-A,IC50,=,7200.0,nM,CHEMBL3757818,B,Displacement of 125I-labelled endothelin-1 from human ETA receptor expressed in CHOK1 cell membranes,CHEMBL3751753,P25101,Endothelin receptor ET-A,IC50,CCCc1nc2c(C)cc(C(=O)NCc3ccccc3OC)cc2n1Cc1ccc(-c2ccccc2C(=O)Nc2nnn[nH]2)cc1,5.142667503568731
CHEMBL3753134,CHEMBL252,Endothelin receptor ET-A,IC50,=,625.0,nM,CHEMBL3757818,B,Displacement of 125I-labelled endothelin-1 from human ETA receptor expressed in CHOK1 cell membranes,CHEMBL3751753,P25101,Endothelin receptor ET-A,IC50,CCCc1nc2c(C)cc(C(=O)NCc3cccc(OC)c3)cc2n1Cc1ccc(-c2ccccc2C(=O)Nc2nnn[nH]2)cc1,6.204119982655925
CHEMBL3751994,CHEMBL252,Endothelin receptor ET-A,IC50,=,10000.0,nM,CHEMBL3757818,B,Displacement of 125I-labelled endothelin-1 from human ETA receptor expressed in CHOK1 cell membranes,CHEMBL3751753,P25101,Endothelin receptor ET-A,IC50,CCCc1nc2c(C)cc(C(=O)NCc3ccc(OC)c(OC)c3)cc2n1Cc1ccc(-c2ccccc2C(=O)Nc2nnn[nH]2)cc1,5.0
CHEMBL3752680,CHEMBL252,Endothelin receptor ET-A,IC50,=,126.0,nM,CHEMBL3757818,B,Displacement of 125I-labelled endothelin-1 from human ETA receptor expressed in CHOK1 cell membranes,CHEMBL3751753,P25101,Endothelin receptor ET-A,IC50,CCCc1nc2c(C)cc(C(=O)NCCc3ccccc3)cc2n1Cc1ccc(-c2ccccc2C(=O)Nc2nnn[nH]2)cc1,6.899629454882437
CHEMBL3753458,CHEMBL252,Endothelin receptor ET-A,IC50,=,7000.0,nM,CHEMBL3757818,B,Displacement of 125I-labelled endothelin-1 from human ETA receptor expressed in CHOK1 cell membranes,CHEMBL3751753,P25101,Endothelin receptor ET-A,IC50,CCCc1nc2c(C)cc(C(=O)NCCc3ccccc3OC)cc2n1Cc1ccc(-c2ccccc2C(=O)Nc2nnn[nH]2)cc1,5.154901959985743
CHEMBL3752145,CHEMBL252,Endothelin receptor ET-A,IC50,=,13000.0,nM,CHEMBL3757818,B,Displacement of 125I-labelled endothelin-1 from human ETA receptor expressed in CHOK1 cell membranes,CHEMBL3751753,P25101,Endothelin receptor ET-A,IC50,CCCc1nc2c(C)cc(C(=O)NCCc3ccc(OC)cc3)cc2n1Cc1ccc(-c2ccccc2C(=O)Nc2nnn[nH]2)cc1,4.886056647693163
CHEMBL3753277,CHEMBL252,Endothelin receptor ET-A,IC50,=,11000.0,nM,CHEMBL3757818,B,Displacement of 125I-labelled endothelin-1 from human ETA receptor expressed in CHOK1 cell membranes,CHEMBL3751753,P25101,Endothelin receptor ET-A,IC50,CCCc1nc2c(C)cc(C(=O)NCCc3ccccc3F)cc2n1Cc1ccc(-c2ccccc2C(=O)Nc2nnn[nH]2)cc1,4.958607314841775
CHEMBL957,CHEMBL252,Endothelin receptor ET-A,IC50,=,8.4,nM,CHEMBL3757818,B,Displacement of 125I-labelled endothelin-1 from human ETA receptor expressed in CHOK1 cell membranes,CHEMBL3751753,P25101,Endothelin receptor ET-A,IC50,COc1ccccc1Oc1c(NS(=O)(=O)c2ccc(C(C)(C)C)cc2)nc(-c2ncccn2)nc1OCCO,8.075720713938118
CHEMBL3775234,CHEMBL252,Endothelin receptor ET-A,IC50,=,0.023,nM,CHEMBL3779717,B,Displacement of [125I]Endothelin-1 from human recombinant Endothelin-1 receptor expressed in CHO cells,CHEMBL3774372,P25101,Endothelin receptor ET-A,IC50,CC[C@H](C)[C@H](NC(=O)[C@H](CC(=O)O)NC(=O)[C@H](CC(C)C)NC(=O)[C@H](Cc1cnc[nH]1)NC(=O)[C@@H]1CSSC[C@H](N)C(=O)N[C@@H](CO)C(=O)N[C@H]2CSSC[C@H](NC(=O)[C@H](CCC(=O)O)NC(=O)[C@H](CCCCN)NC(=O)[C@H](CC(=O)O)NC(=O)[C@H](CCSC)NC(=O)[C@H](CC(C)C)NC(=O)[C@H](CO)NC(=O)[C@H](CO)NC2=O)C(=O)N[C@@H](C(C)C)C(=O)N[C@@H](Cc2ccc(O)cc2)C(=O)N[C@@H](Cc2ccccc2)C(=O)N1)C(=O)N[C@H](C(=O)N[C@@H](Cc1c[nH]c2ccccc12)C(=O)O)[C@@H](C)CC,10.638272163982407
CHEMBL957,CHEMBL252,Endothelin receptor ET-A,IC50,=,4.7,nM,CHEMBL3862588,B,Binding affinity to human ETA receptor,CHEMBL3861962,P25101,Endothelin receptor ET-A,IC50,COc1ccccc1Oc1c(NS(=O)(=O)c2ccc(C(C)(C)C)cc2)nc(-c2ncccn2)nc1OCCO,8.327902142064282
CHEMBL3775234,CHEMBL252,Endothelin receptor ET-A,IC50,=,0.023,nM,CHEMBL3876358,B,Displacement of [125I]endothelin-1 from human recombinant ETA receptor expressed in CHO cells measured after 120 mins by scintillation counting method,CHEMBL3875185,P25101,Endothelin receptor ET-A,IC50,CC[C@H](C)[C@H](NC(=O)[C@H](CC(=O)O)NC(=O)[C@H](CC(C)C)NC(=O)[C@H](Cc1cnc[nH]1)NC(=O)[C@@H]1CSSC[C@H](N)C(=O)N[C@@H](CO)C(=O)N[C@H]2CSSC[C@H](NC(=O)[C@H](CCC(=O)O)NC(=O)[C@H](CCCCN)NC(=O)[C@H](CC(=O)O)NC(=O)[C@H](CCSC)NC(=O)[C@H](CC(C)C)NC(=O)[C@H](CO)NC(=O)[C@H](CO)NC2=O)C(=O)N[C@@H](C(C)C)C(=O)N[C@@H](Cc2ccc(O)cc2)C(=O)N[C@@H](Cc2ccccc2)C(=O)N1)C(=O)N[C@H](C(=O)N[C@@H](Cc1c[nH]c2ccccc12)C(=O)O)[C@@H](C)CC,10.638272163982407
CHEMBL4100579,CHEMBL252,Endothelin receptor ET-A,IC50,=,48.2,nM,CHEMBL4030314,B,Antagonist activity at ETA receptor (unknown origin) expressed in HEK293T cells measured after 30 mins by CCF4-AM dye based GeneBlazer FRET assay,CHEMBL4028842,P25101,Endothelin receptor ET-A,IC50,C=CCOc1ccc2c(c1)c(=O)c(Cc1cccc(-c3nnn[nH]3)c1)c(C(=O)O)n2Cc1cc2c(cc1CC)OCO2,7.31695296176115
CHEMBL1271479,CHEMBL252,Endothelin receptor ET-A,IC50,=,38.1,nM,CHEMBL4030314,B,Antagonist activity at ETA receptor (unknown origin) expressed in HEK293T cells measured after 30 mins by CCF4-AM dye based GeneBlazer FRET assay,CHEMBL4028842,P25101,Endothelin receptor ET-A,IC50,C=CCOc1ccc2c(c1)c(=O)c(Cc1cccc(C(=O)O)c1)c(C(=O)O)n2Cc1cc2c(cc1CC)OCO2,7.41907502432438
CHEMBL1272137,CHEMBL252,Endothelin receptor ET-A,IC50,=,37.01,nM,CHEMBL4030314,B,Antagonist activity at ETA receptor (unknown origin) expressed in HEK293T cells measured after 30 mins by CCF4-AM dye based GeneBlazer FRET assay,CHEMBL4028842,P25101,Endothelin receptor ET-A,IC50,CCc1cc2c(cc1Cn1c(C(=O)O)c(Cc3cccc(C(=O)O)c3)c(=O)c3cc(O)ccc31)OCO2,7.431680914904888
CHEMBL4096346,CHEMBL252,Endothelin receptor ET-A,IC50,=,29.2,nM,CHEMBL4030314,B,Antagonist activity at ETA receptor (unknown origin) expressed in HEK293T cells measured after 30 mins by CCF4-AM dye based GeneBlazer FRET assay,CHEMBL4028842,P25101,Endothelin receptor ET-A,IC50,CCc1cc2c(cc1Cn1c(C(=O)O)c(Cc3cccc(-c4nnn[nH]4)c3)c(=O)c3cc(O)ccc31)OCO2,7.534617148551582
CHEMBL1271531,CHEMBL252,Endothelin receptor ET-A,IC50,=,24.4,nM,CHEMBL4030314,B,Antagonist activity at ETA receptor (unknown origin) expressed in HEK293T cells measured after 30 mins by CCF4-AM dye based GeneBlazer FRET assay,CHEMBL4028842,P25101,Endothelin receptor ET-A,IC50,CCc1cc2c(cc1Cn1c(C(=O)O)c(Cc3cccc(C(=O)O)c3)c(=O)c3cc(OCOC)ccc31)OCO2,7.61261017366127
CHEMBL4067475,CHEMBL252,Endothelin receptor ET-A,IC50,=,17.1,nM,CHEMBL4030314,B,Antagonist activity at ETA receptor (unknown origin) expressed in HEK293T cells measured after 30 mins by CCF4-AM dye based GeneBlazer FRET assay,CHEMBL4028842,P25101,Endothelin receptor ET-A,IC50,CCc1cc2c(cc1Cn1c(C(=O)O)c(Cc3cccc(-c4nnn[nH]4)c3)c(=O)c3cc(OCOC)ccc31)OCO2,7.767003889607846
CHEMBL1271640,CHEMBL252,Endothelin receptor ET-A,IC50,=,9.9,nM,CHEMBL4030314,B,Antagonist activity at ETA receptor (unknown origin) expressed in HEK293T cells measured after 30 mins by CCF4-AM dye based GeneBlazer FRET assay,CHEMBL4028842,P25101,Endothelin receptor ET-A,IC50,CCc1cc2c(cc1Cn1c(C(=O)O)c(Cc3cccc(C(=O)O)c3)c(=O)c3cc(OCC(C)C)ccc31)OCO2,8.00436480540245
CHEMBL4095638,CHEMBL252,Endothelin receptor ET-A,IC50,=,7.3,nM,CHEMBL4030314,B,Antagonist activity at ETA receptor (unknown origin) expressed in HEK293T cells measured after 30 mins by CCF4-AM dye based GeneBlazer FRET assay,CHEMBL4028842,P25101,Endothelin receptor ET-A,IC50,CC(C)C[C@@H]1NC(=O)[C@@H](C(C)C)NC(=O)[C@@H]2CCCN2C(=O)[C@@H](CC(=O)O)NC(=O)[C@H](Cc2c[nH]c3ccccc23)NC1=O,8.136677139879545
CHEMBL4088349,CHEMBL252,Endothelin receptor ET-A,IC50,=,7.1,nM,CHEMBL4030314,B,Antagonist activity at ETA receptor (unknown origin) expressed in HEK293T cells measured after 30 mins by CCF4-AM dye based GeneBlazer FRET assay,CHEMBL4028842,P25101,Endothelin receptor ET-A,IC50,CCOc1ccc2c(c1)c(=O)c(Cc1cccc(-c3nnn[nH]3)c1)c(C(=O)O)n2Cc1cc2c(cc1CC)OCO2,8.148741651280925
CHEMBL1272190,CHEMBL252,Endothelin receptor ET-A,IC50,=,6.6,nM,CHEMBL4030314,B,Antagonist activity at ETA receptor (unknown origin) expressed in HEK293T cells measured after 30 mins by CCF4-AM dye based GeneBlazer FRET assay,CHEMBL4028842,P25101,Endothelin receptor ET-A,IC50,CCOc1ccc2c(c1)c(=O)c(Cc1cccc(C(=O)O)c1)c(C(=O)O)n2Cc1cc2c(cc1CC)OCO2,8.18045606445813
CHEMBL4081426,CHEMBL252,Endothelin receptor ET-A,IC50,=,6.2,nM,CHEMBL4030314,B,Antagonist activity at ETA receptor (unknown origin) expressed in HEK293T cells measured after 30 mins by CCF4-AM dye based GeneBlazer FRET assay,CHEMBL4028842,P25101,Endothelin receptor ET-A,IC50,CCc1cc2c(cc1Cn1c(C(=O)O)c(Cc3cccc(-c4nnn[nH]4)c3)c(=O)c3cc(OCC(C)C)ccc31)OCO2,8.207608310501746
CHEMBL1272244,CHEMBL252,Endothelin receptor ET-A,IC50,=,4.2,nM,CHEMBL4030314,B,Antagonist activity at ETA receptor (unknown origin) expressed in HEK293T cells measured after 30 mins by CCF4-AM dye based GeneBlazer FRET assay,CHEMBL4028842,P25101,Endothelin receptor ET-A,IC50,CCCOc1ccc2c(c1)c(=O)c(Cc1cccc(C(=O)O)c1)c(C(=O)O)n2Cc1cc2c(cc1CC)OCO2,8.3767507096021
CHEMBL1272244,CHEMBL252,Endothelin receptor ET-A,IC50,=,4.0,nM,CHEMBL4030317,B,Antagonist activity at ETA receptor (unknown origin) expressed in membranes by radioligand assay,CHEMBL4028842,P25101,Endothelin receptor ET-A,IC50,CCCOc1ccc2c(c1)c(=O)c(Cc1cccc(C(=O)O)c1)c(C(=O)O)n2Cc1cc2c(cc1CC)OCO2,8.397940008672037
CHEMBL1271586,CHEMBL252,Endothelin receptor ET-A,IC50,=,1.88,nM,CHEMBL4030314,B,Antagonist activity at ETA receptor (unknown origin) expressed in HEK293T cells measured after 30 mins by CCF4-AM dye based GeneBlazer FRET assay,CHEMBL4028842,P25101,Endothelin receptor ET-A,IC50,CCCCOc1ccc2c(c1)c(=O)c(Cc1cccc(C(=O)O)c1)c(C(=O)O)n2Cc1cc2c(cc1CC)OCO2,8.72584215073632
CHEMBL4061110,CHEMBL252,Endothelin receptor ET-A,IC50,=,1.2,nM,CHEMBL4030314,B,Antagonist activity at ETA receptor (unknown origin) expressed in HEK293T cells measured after 30 mins by CCF4-AM dye based GeneBlazer FRET assay,CHEMBL4028842,P25101,Endothelin receptor ET-A,IC50,CCCCOc1ccc2c(c1)c(=O)c(Cc1cccc(-c3nnn[nH]3)c1)c(C(=O)O)n2Cc1cc2c(cc1CC)OCO2,8.920818753952375
CHEMBL4078537,CHEMBL252,Endothelin receptor ET-A,IC50,=,0.8,nM,CHEMBL4030314,B,Antagonist activity at ETA receptor (unknown origin) expressed in HEK293T cells measured after 30 mins by CCF4-AM dye based GeneBlazer FRET assay,CHEMBL4028842,P25101,Endothelin receptor ET-A,IC50,CCCOc1ccc2c(c1)c(=O)c(Cc1cccc(-c3nnn[nH]3)c1)c(C(=O)O)n2Cc1cc2c(cc1CC)OCO2,9.096910013008056
CHEMBL4068786,CHEMBL252,Endothelin receptor ET-A,IC50,=,279.1,nM,CHEMBL4030314,B,Antagonist activity at ETA receptor (unknown origin) expressed in HEK293T cells measured after 30 mins by CCF4-AM dye based GeneBlazer FRET assay,CHEMBL4028842,P25101,Endothelin receptor ET-A,IC50,CCc1cc2c(cc1Cn1c(C(=O)O)c(Cc3cccc(-c4nnn[nH]4)c3)c(=O)c3cc(OCC4CCC4)ccc31)OCO2,6.554240163511369
CHEMBL1271746,CHEMBL252,Endothelin receptor ET-A,IC50,=,121.3,nM,CHEMBL4030314,B,Antagonist activity at ETA receptor (unknown origin) expressed in HEK293T cells measured after 30 mins by CCF4-AM dye based GeneBlazer FRET assay,CHEMBL4028842,P25101,Endothelin receptor ET-A,IC50,CCc1cc2c(cc1Cn1c(C(=O)O)c(Cc3cccc(C(=O)O)c3)c(=O)c3cc(OCC4CC4)ccc31)OCO2,6.916139199133427
CHEMBL4096211,CHEMBL252,Endothelin receptor ET-A,IC50,=,373.0,nM,CHEMBL4030314,B,Antagonist activity at ETA receptor (unknown origin) expressed in HEK293T cells measured after 30 mins by CCF4-AM dye based GeneBlazer FRET assay,CHEMBL4028842,P25101,Endothelin receptor ET-A,IC50,CCc1cc2c(cc1Cn1c(C(=O)O)c(Cc3cccc(-c4nnn[nH]4)c3)c(=O)c3cc(OCCN)ccc31)OCO2,6.428291168191312
CHEMBL4076290,CHEMBL252,Endothelin receptor ET-A,IC50,=,364.5,nM,CHEMBL4030314,B,Antagonist activity at ETA receptor (unknown origin) expressed in HEK293T cells measured after 30 mins by CCF4-AM dye based GeneBlazer FRET assay,CHEMBL4028842,P25101,Endothelin receptor ET-A,IC50,CCc1cc2c(cc1Cn1c(C(=O)O)c(Cc3cccc(C(=O)O)c3)c(=O)c3cc(OCCN)ccc31)OCO2,6.4383024673460065
CHEMBL4071505,CHEMBL252,Endothelin receptor ET-A,IC50,=,78.4,nM,CHEMBL4030314,B,Antagonist activity at ETA receptor (unknown origin) expressed in HEK293T cells measured after 30 mins by CCF4-AM dye based GeneBlazer FRET assay,CHEMBL4028842,P25101,Endothelin receptor ET-A,IC50,CCc1cc2c(cc1Cn1c(C(=O)O)c(Cc3cccc(-c4nnn[nH]4)c3)c(=O)c3cc(OCC4CC4)ccc31)OCO2,7.105683937315561
CHEMBL4088634,CHEMBL252,Endothelin receptor ET-A,IC50,=,342.0,nM,CHEMBL4030314,B,Antagonist activity at ETA receptor (unknown origin) expressed in HEK293T cells measured after 30 mins by CCF4-AM dye based GeneBlazer FRET assay,CHEMBL4028842,P25101,Endothelin receptor ET-A,IC50,CCc1cc2c(cc1Cn1c(C(=O)O)c(Cc3cccc(C(=O)O)c3)c(=O)c3cc(OCC4CCC4)ccc31)OCO2,6.465973893943865
CHEMBL4072165,CHEMBL252,Endothelin receptor ET-A,IC50,=,873.0,nM,CHEMBL4030314,B,Antagonist activity at ETA receptor (unknown origin) expressed in HEK293T cells measured after 30 mins by CCF4-AM dye based GeneBlazer FRET assay,CHEMBL4028842,P25101,Endothelin receptor ET-A,IC50,CCc1cc2c(cc1Cn1c(C(=O)O)c(Cc3cccc(-c4nnn[nH]4)c3)c(=O)c3cc(OCC4CCCC4)ccc31)OCO2,6.0589857562944305
CHEMBL4078297,CHEMBL252,Endothelin receptor ET-A,IC50,=,1024.0,nM,CHEMBL4030314,B,Antagonist activity at ETA receptor (unknown origin) expressed in HEK293T cells measured after 30 mins by CCF4-AM dye based GeneBlazer FRET assay,CHEMBL4028842,P25101,Endothelin receptor ET-A,IC50,CCc1cc2c(cc1Cn1c(C(=O)O)c(Cc3cccc(C(=O)O)c3)c(=O)c3cc(OCC4CCCC4)ccc31)OCO2,5.9897000433601875
CHEMBL4128926,CHEMBL252,Endothelin receptor ET-A,IC50,=,0.023,nM,CHEMBL4121477,B,Displacement of [125I]-endothelin-1 from human recombinant ETA receptor after 120 mins by scintillation counting analysis,CHEMBL4118122,P25101,Endothelin receptor ET-A,IC50,CC(C)(C)NS(=O)(=O)c1ccc(-c2sc(C(=O)N[C@H]3C[C@H](C(=O)O)C3)nc2CC2CCCCC2)c2ccccc12,10.638272163982407
CHEMBL957,CHEMBL252,Endothelin receptor ET-A,IC50,=,1584.89,nM,CHEMBL4371634,B,Antagonist activity at ETA receptor (unknown origin) assessed as increase in G protein-mediated vasoconstriction,CHEMBL4371007,P25101,Endothelin receptor ET-A,IC50,COc1ccccc1Oc1c(NS(=O)(=O)c2ccc(C(C)(C)C)cc2)nc(-c2ncccn2)nc1OCCO,5.800000874803203
CHEMBL4455096,CHEMBL252,Endothelin receptor ET-A,IC50,=,10000.0,nM,CHEMBL4426309,B,Displacement of radioligand from ETA receptor (unknown origin) expressed in fall armyworm sf9 cell membranes,CHEMBL4425117,P25101,Endothelin receptor ET-A,IC50,O=S(=O)(Nc1ncnc(OCCO)c1-c1ccc(Cl)cc1)c1ccc(Cl)cc1,5.0
CHEMBL4590568,CHEMBL252,Endothelin receptor ET-A,IC50,=,18000.0,nM,CHEMBL4426309,B,Displacement of radioligand from ETA receptor (unknown origin) expressed in fall armyworm sf9 cell membranes,CHEMBL4425117,P25101,Endothelin receptor ET-A,IC50,O=S(=O)(Nc1ncnc(OCCO)c1-c1ccc(Cl)cc1)c1ccc(C(F)(F)F)cc1,4.7447274948966935
CHEMBL4525321,CHEMBL252,Endothelin receptor ET-A,IC50,=,1500.0,nM,CHEMBL4426309,B,Displacement of radioligand from ETA receptor (unknown origin) expressed in fall armyworm sf9 cell membranes,CHEMBL4425117,P25101,Endothelin receptor ET-A,IC50,COc1ccccc1Oc1c(NS(=O)(=O)c2ccc(C(C)(C)C)cc2)ncnc1OCCO,5.823908740944319
CHEMBL4438132,CHEMBL252,Endothelin receptor ET-A,IC50,=,800.0,nM,CHEMBL4426309,B,Displacement of radioligand from ETA receptor (unknown origin) expressed in fall armyworm sf9 cell membranes,CHEMBL4425117,P25101,Endothelin receptor ET-A,IC50,COc1ccccc1Oc1c(NS(=O)(=O)c2ccc(C(C)(C)C)cc2)nc(-c2ccccc2)nc1OCCO,6.096910013008056
CHEMBL957,CHEMBL252,Endothelin receptor ET-A,IC50,=,80.0,nM,CHEMBL4426309,B,Displacement of radioligand from ETA receptor (unknown origin) expressed in fall armyworm sf9 cell membranes,CHEMBL4425117,P25101,Endothelin receptor ET-A,IC50,COc1ccccc1Oc1c(NS(=O)(=O)c2ccc(C(C)(C)C)cc2)nc(-c2ncccn2)nc1OCCO,7.096910013008056
CHEMBL4572634,CHEMBL252,Endothelin receptor ET-A,IC50,=,1500.0,nM,CHEMBL4426309,B,Displacement of radioligand from ETA receptor (unknown origin) expressed in fall armyworm sf9 cell membranes,CHEMBL4425117,P25101,Endothelin receptor ET-A,IC50,COc1ccccc1Oc1c(NS(=O)(=O)c2ccccc2)nc(-c2ncccn2)nc1OCCO,5.823908740944319
CHEMBL3956076,CHEMBL252,Endothelin receptor ET-A,IC50,=,26000.0,nM,CHEMBL4426309,B,Displacement of radioligand from ETA receptor (unknown origin) expressed in fall armyworm sf9 cell membranes,CHEMBL4425117,P25101,Endothelin receptor ET-A,IC50,CC(C)(C)c1ccc(S(=O)(=O)Nc2nc(-c3ncccn3)nc(OCCO)c2Oc2ccccc2O)cc1,4.585026652029182
CHEMBL4545092,CHEMBL252,Endothelin receptor ET-A,IC50,=,133000.0,nM,CHEMBL4426309,B,Displacement of radioligand from ETA receptor (unknown origin) expressed in fall armyworm sf9 cell membranes,CHEMBL4425117,P25101,Endothelin receptor ET-A,IC50,COc1ccccc1Oc1c(NS(=O)(=O)c2ccc(C(C)(C)C)cc2)nc(-c2ncccn2)[nH]c1=O,3.876148359032914
CHEMBL70203,CHEMBL252,Endothelin receptor ET-A,IC50,=,6.0,nM,CHEMBL4426309,B,Displacement of radioligand from ETA receptor (unknown origin) expressed in fall armyworm sf9 cell membranes,CHEMBL4425117,P25101,Endothelin receptor ET-A,IC50,COc1ccccc1Oc1c(NS(=O)(=O)c2ccc(C(C)(C)C)cc2)nc(-c2ncccn2)nc1OCCOC(=O)Nc1ccccn1,8.221848749616356
CHEMBL4471434,CHEMBL252,Endothelin receptor ET-A,IC50,=,1300.0,nM,CHEMBL4426309,B,Displacement of radioligand from ETA receptor (unknown origin) expressed in fall armyworm sf9 cell membranes,CHEMBL4425117,P25101,Endothelin receptor ET-A,IC50,COc1ccccc1Oc1c(NS(=O)(=O)c2ccc(C(C)(C)C)cc2)cc(-c2ncccn2)cc1OCCO,5.886056647693163
CHEMBL1628620,CHEMBL252,Endothelin receptor ET-A,IC50,=,6800.0,nM,CHEMBL4426309,B,Displacement of radioligand from ETA receptor (unknown origin) expressed in fall armyworm sf9 cell membranes,CHEMBL4425117,P25101,Endothelin receptor ET-A,IC50,COc1ccc(-c2nc(NS(=O)(=O)c3ccc(C(C)(C)C)cc3)c(Oc3ccccc3OC)c(OC[C@H](O)CO)n2)cc1,5.167491087293763
CHEMBL115951,CHEMBL252,Endothelin receptor ET-A,IC50,=,220.0,nM,CHEMBL4426312,B,Displacement of 125I-ET1 from human smooth muscle ETA receptor expressed in fall armyworm sf9 cell membranes,CHEMBL4425117,P25101,Endothelin receptor ET-A,IC50,COc1cccc(Oc2c(NS(=O)(=O)c3ccc(C(C)(C)C)cc3)ncnc2OCCO)c1,6.657577319177793
CHEMBL4456288,CHEMBL252,Endothelin receptor ET-A,IC50,=,1.4,nM,CHEMBL4426307,B,Displacement of 125I-ET1 from human placenta cell membrane ETA receptor expressed in Baculovirus-infected insect cells,CHEMBL4425117,P25101,Endothelin receptor ET-A,IC50,COc1ccccc1Oc1c(NS(=O)(=O)c2ccc(C(C)C)cn2)nc(-c2ccncc2)nc1OC,8.853871964321762
CHEMBL70385,CHEMBL252,Endothelin receptor ET-A,IC50,=,0.3,nM,CHEMBL4426307,B,Displacement of 125I-ET1 from human placenta cell membrane ETA receptor expressed in Baculovirus-infected insect cells,CHEMBL4425117,P25101,Endothelin receptor ET-A,IC50,COc1ccccc1Oc1c(NS(=O)(=O)c2ccc(C)cn2)nc(N2CCOCC2)nc1OCCOC(=O)Nc1ccccn1,9.522878745280337
CHEMBL4447261,CHEMBL252,Endothelin receptor ET-A,IC50,=,35.0,nM,CHEMBL4426307,B,Displacement of 125I-ET1 from human placenta cell membrane ETA receptor expressed in Baculovirus-infected insect cells,CHEMBL4425117,P25101,Endothelin receptor ET-A,IC50,COc1ccc(Cl)c(Oc2c(NS(=O)(=O)c3ccc(C(C)(C)C)cc3)nc(N3CCOCC3)nc2OCCO)c1,7.455931955649724
CHEMBL4584753,CHEMBL252,Endothelin receptor ET-A,IC50,=,2000.0,nM,CHEMBL4426307,B,Displacement of 125I-ET1 from human placenta cell membrane ETA receptor expressed in Baculovirus-infected insect cells,CHEMBL4425117,P25101,Endothelin receptor ET-A,IC50,COc1ccccc1Cc1c(NS(=O)(=O)c2ccc(C(C)(C)C)cc2)ncnc1OCCO,5.698970004336019
CHEMBL324304,CHEMBL252,Endothelin receptor ET-A,IC50,=,1000.0,nM,CHEMBL4426307,B,Displacement of 125I-ET1 from human placenta cell membrane ETA receptor expressed in Baculovirus-infected insect cells,CHEMBL4425117,P25101,Endothelin receptor ET-A,IC50,Cc1ccc(-c2c(NS(=O)(=O)c3ccc(C(C)(C)C)cc3)ncnc2OCCO)cc1,6.0
CHEMBL4562189,CHEMBL252,Endothelin receptor ET-A,IC50,=,50.0,nM,CHEMBL4426307,B,Displacement of 125I-ET1 from human placenta cell membrane ETA receptor expressed in Baculovirus-infected insect cells,CHEMBL4425117,P25101,Endothelin receptor ET-A,IC50,COc1ccccc1Oc1c(NS(=O)(=O)c2ccc(C(C)C)cc2)nc(C(F)(F)F)nc1OCCO,7.301029995663981
CHEMBL4447655,CHEMBL252,Endothelin receptor ET-A,IC50,=,13000.0,nM,CHEMBL4426307,B,Displacement of 125I-ET1 from human placenta cell membrane ETA receptor expressed in Baculovirus-infected insect cells,CHEMBL4425117,P25101,Endothelin receptor ET-A,IC50,COc1ccccc1Oc1c(NS(=O)(=O)c2ccc(C(C)(C)C)cc2)nc(C(=O)Nc2ccccc2)nc1OCCO,4.886056647693163
CHEMBL4579445,CHEMBL252,Endothelin receptor ET-A,IC50,=,10.0,nM,CHEMBL4426307,B,Displacement of 125I-ET1 from human placenta cell membrane ETA receptor expressed in Baculovirus-infected insect cells,CHEMBL4425117,P25101,Endothelin receptor ET-A,IC50,COc1ccccc1Oc1c(NS(=O)(=O)c2ccc(C(C)C)cn2)cc(C(=O)N2CCN(C)CC2)cc1OCCOC(=O)Nc1ccccn1,8.0
CHEMBL61780,CHEMBL252,Endothelin receptor ET-A,IC50,=,18.0,nM,CHEMBL4426313,B,Displacement of 125I-ET1 from ETA receptor (unknown origin) expressed in CHO cells,CHEMBL4425117,P25101,Endothelin receptor ET-A,IC50,COc1ccccc1Oc1c(NS(=O)(=O)c2ccc(C(C)C)cn2)nc(-c2ccnc(-c3nnn[nH]3)c2)nc1OCCO,7.7447274948966935
CHEMBL109648,CHEMBL252,Endothelin receptor ET-A,IC50,=,1.7,nM,CHEMBL4426313,B,Displacement of 125I-ET1 from ETA receptor (unknown origin) expressed in CHO cells,CHEMBL4425117,P25101,Endothelin receptor ET-A,IC50,COc1ccccc1Oc1c(NS(=O)(=O)c2ccc(C)cn2)nc(-c2ccnc(-c3nnn[nH]3)c2)nc1OCCO,8.769551078621726
CHEMBL3989834,CHEMBL252,Endothelin receptor ET-A,IC50,=,1.4,nM,CHEMBL4426313,B,Displacement of 125I-ET1 from ETA receptor (unknown origin) expressed in CHO cells,CHEMBL4425117,P25101,Endothelin receptor ET-A,IC50,COc1ccccc1Oc1c(NS(=O)(=O)c2ccc(C)cn2)nc(-c2ccncc2)nc1OC,8.853871964321762
CHEMBL3989834,CHEMBL252,Endothelin receptor ET-A,IC50,=,3.1,nM,CHEMBL4426314,B,Antagonist activity at ETA receptor (unknown origin) in presence of ET1,CHEMBL4425117,P25101,Endothelin receptor ET-A,IC50,COc1ccccc1Oc1c(NS(=O)(=O)c2ccc(C)cn2)nc(-c2ccncc2)nc1OC,8.508638306165727
CHEMBL957,CHEMBL252,Endothelin receptor ET-A,IC50,=,45.0,nM,CHEMBL4426316,B,Displacement of 125I-ET1 from human smooth muscle ETA receptor,CHEMBL4425117,P25101,Endothelin receptor ET-A,IC50,COc1ccccc1Oc1c(NS(=O)(=O)c2ccc(C(C)(C)C)cc2)nc(-c2ncccn2)nc1OCCO,7.346787486224656
CHEMBL4562189,CHEMBL252,Endothelin receptor ET-A,IC50,=,26.0,nM,CHEMBL4426321,B,Antagonist activity at ETA receptor (unknown origin),CHEMBL4425117,P25101,Endothelin receptor ET-A,IC50,COc1ccccc1Oc1c(NS(=O)(=O)c2ccc(C(C)C)cc2)nc(C(F)(F)F)nc1OCCO,7.585026652029182
CHEMBL2163695,CHEMBL252,Endothelin receptor ET-A,IC50,=,25.0,nM,CHEMBL4426321,B,Antagonist activity at ETA receptor (unknown origin),CHEMBL4425117,P25101,Endothelin receptor ET-A,IC50,COc1ccccc1Oc1c(NS(=O)(=O)CCc2ccccc2)nc(-c2ncccn2)nc1OCCO,7.6020599913279625
CHEMBL2163698,CHEMBL252,Endothelin receptor ET-A,IC50,=,8.0,nM,CHEMBL4426321,B,Antagonist activity at ETA receptor (unknown origin),CHEMBL4425117,P25101,Endothelin receptor ET-A,IC50,COc1ccccc1Oc1c(NS(=O)(=O)CCc2ccccc2)nc(-c2ncccn2)nc1OCCOc1ncccn1,8.096910013008056
CHEMBL2163702,CHEMBL252,Endothelin receptor ET-A,IC50,=,2.2,nM,CHEMBL4426321,B,Antagonist activity at ETA receptor (unknown origin),CHEMBL4425117,P25101,Endothelin receptor ET-A,IC50,COc1ccccc1Oc1c(NS(=O)(=O)CCc2ccccc2)nc(-c2ncccn2)nc1OCCOc1ncc(Br)cn1,8.657577319177793
CHEMBL2163715,CHEMBL252,Endothelin receptor ET-A,IC50,=,4.3,nM,CHEMBL4426321,B,Antagonist activity at ETA receptor (unknown origin),CHEMBL4425117,P25101,Endothelin receptor ET-A,IC50,CCCCS(=O)(=O)Nc1nc(-c2ncccn2)nc(OCCOc2ncc(Br)cn2)c1Oc1ccccc1OC,8.366531544420413
CHEMBL2163716,CHEMBL252,Endothelin receptor ET-A,IC50,=,1.9,nM,CHEMBL4426321,B,Antagonist activity at ETA receptor (unknown origin),CHEMBL4425117,P25101,Endothelin receptor ET-A,IC50,COc1ccccc1Oc1c(NS(=O)(=O)NCc2ccccc2)nc(-c2ncccn2)nc1OCCOc1ncc(Br)cn1,8.721246399047171
CHEMBL2165328,CHEMBL252,Endothelin receptor ET-A,IC50,=,6.9,nM,CHEMBL4426321,B,Antagonist activity at ETA receptor (unknown origin),CHEMBL4425117,P25101,Endothelin receptor ET-A,IC50,COc1ccccc1Oc1c(NS(=O)(=O)NCc2ccccc2)ncnc1OCCOc1ncc(Br)cn1,8.161150909262744
CHEMBL2165332,CHEMBL252,Endothelin receptor ET-A,IC50,=,0.7,nM,CHEMBL4426321,B,Antagonist activity at ETA receptor (unknown origin),CHEMBL4425117,P25101,Endothelin receptor ET-A,IC50,Cc1ccc(-c2c(NS(=O)(=O)NCc3ccccc3)ncnc2OCCOc2ncc(Br)cn2)cc1,9.154901959985743
CHEMBL2103873,CHEMBL252,Endothelin receptor ET-A,IC50,=,0.5,nM,CHEMBL4426323,B,Displacement of [125I]-ET-1 from human ETA receptor expressed in CHO cell membranes after 2 hrs by scintillation counting,CHEMBL4425117,P25101,Endothelin receptor ET-A,IC50,CCCNS(=O)(=O)Nc1ncnc(OCCOc2ncc(Br)cn2)c1-c1ccc(Br)cc1,9.301029995663981
CHEMBL4540866,CHEMBL252,Endothelin receptor ET-A,IC50,=,2.0,nM,CHEMBL4426323,B,Displacement of [125I]-ET-1 from human ETA receptor expressed in CHO cell membranes after 2 hrs by scintillation counting,CHEMBL4425117,P25101,Endothelin receptor ET-A,IC50,CNS(=O)(=O)Nc1ncnc(OCCOc2ncc(SC)cn2)c1-c1ccc(Br)cc1,8.698970004336019
CHEMBL4565926,CHEMBL252,Endothelin receptor ET-A,IC50,=,0.7,nM,CHEMBL4426323,B,Displacement of [125I]-ET-1 from human ETA receptor expressed in CHO cell membranes after 2 hrs by scintillation counting,CHEMBL4425117,P25101,Endothelin receptor ET-A,IC50,CCNS(=O)(=O)Nc1ncnc(OCCOc2ncc(SC)cn2)c1-c1ccc(Br)cc1,9.154901959985743
CHEMBL4467748,CHEMBL252,Endothelin receptor ET-A,IC50,=,0.1,nM,CHEMBL4426323,B,Displacement of [125I]-ET-1 from human ETA receptor expressed in CHO cell membranes after 2 hrs by scintillation counting,CHEMBL4425117,P25101,Endothelin receptor ET-A,IC50,CCCNS(=O)(=O)Nc1ncnc(OCCOc2ncc(SC)cn2)c1-c1ccc(Br)cc1,10.0
CHEMBL4455360,CHEMBL252,Endothelin receptor ET-A,IC50,=,0.3,nM,CHEMBL4426323,B,Displacement of [125I]-ET-1 from human ETA receptor expressed in CHO cell membranes after 2 hrs by scintillation counting,CHEMBL4425117,P25101,Endothelin receptor ET-A,IC50,CCCCNS(=O)(=O)Nc1ncnc(OCCOc2ncc(SC)cn2)c1-c1ccc(Br)cc1,9.522878745280337
CHEMBL4536769,CHEMBL252,Endothelin receptor ET-A,IC50,=,2.4,nM,CHEMBL4426323,B,Displacement of [125I]-ET-1 from human ETA receptor expressed in CHO cell membranes after 2 hrs by scintillation counting,CHEMBL4425117,P25101,Endothelin receptor ET-A,IC50,CCCNS(=O)(=O)Nc1ncnc(OCCOc2ncc(OC)cn2)c1-c1ccc(Br)cc1,8.619788758288394
CHEMBL4521348,CHEMBL252,Endothelin receptor ET-A,IC50,=,0.5,nM,CHEMBL4426323,B,Displacement of [125I]-ET-1 from human ETA receptor expressed in CHO cell membranes after 2 hrs by scintillation counting,CHEMBL4425117,P25101,Endothelin receptor ET-A,IC50,CCCCNS(=O)(=O)Nc1ncnc(OCCOc2ncc(OC)cn2)c1-c1ccc(Br)cc1,9.301029995663981
CHEMBL4566095,CHEMBL252,Endothelin receptor ET-A,IC50,=,3.3,nM,CHEMBL4426323,B,Displacement of [125I]-ET-1 from human ETA receptor expressed in CHO cell membranes after 2 hrs by scintillation counting,CHEMBL4425117,P25101,Endothelin receptor ET-A,IC50,CNS(=O)(=O)Nc1ncnc(OCCOc2ncc(SC)cn2)c1-c1ccc(Cl)cc1,8.481486060122112
CHEMBL4573273,CHEMBL252,Endothelin receptor ET-A,IC50,=,1.3,nM,CHEMBL4426323,B,Displacement of [125I]-ET-1 from human ETA receptor expressed in CHO cell membranes after 2 hrs by scintillation counting,CHEMBL4425117,P25101,Endothelin receptor ET-A,IC50,CCNS(=O)(=O)Nc1ncnc(OCCOc2ncc(SC)cn2)c1-c1ccc(Cl)cc1,8.886056647693163
CHEMBL4436531,CHEMBL252,Endothelin receptor ET-A,IC50,=,1.5,nM,CHEMBL4426323,B,Displacement of [125I]-ET-1 from human ETA receptor expressed in CHO cell membranes after 2 hrs by scintillation counting,CHEMBL4425117,P25101,Endothelin receptor ET-A,IC50,CCCNS(=O)(=O)Nc1ncnc(OCCOc2ncc(SC)cn2)c1-c1ccc(Cl)cc1,8.823908740944319
CHEMBL4458005,CHEMBL252,Endothelin receptor ET-A,IC50,=,0.3,nM,CHEMBL4426323,B,Displacement of [125I]-ET-1 from human ETA receptor expressed in CHO cell membranes after 2 hrs by scintillation counting,CHEMBL4425117,P25101,Endothelin receptor ET-A,IC50,CCCCNS(=O)(=O)Nc1ncnc(OCCOc2ncc(SC)cn2)c1-c1ccc(Cl)cc1,9.522878745280337
CHEMBL4449731,CHEMBL252,Endothelin receptor ET-A,IC50,=,2.2,nM,CHEMBL4426323,B,Displacement of [125I]-ET-1 from human ETA receptor expressed in CHO cell membranes after 2 hrs by scintillation counting,CHEMBL4425117,P25101,Endothelin receptor ET-A,IC50,CCNS(=O)(=O)Nc1ncnc(OCCOc2ncc(Br)cn2)c1-c1ccc(Cl)cc1,8.657577319177793
CHEMBL4444355,CHEMBL252,Endothelin receptor ET-A,IC50,=,9.4,nM,CHEMBL4426323,B,Displacement of [125I]-ET-1 from human ETA receptor expressed in CHO cell membranes after 2 hrs by scintillation counting,CHEMBL4425117,P25101,Endothelin receptor ET-A,IC50,CCCNS(=O)(=O)Nc1ncnc(OCCOc2ncc(SC)cn2)c1Oc1ccccc1OC,8.0268721464003
CHEMBL4570529,CHEMBL252,Endothelin receptor ET-A,IC50,=,15.4,nM,CHEMBL4426323,B,Displacement of [125I]-ET-1 from human ETA receptor expressed in CHO cell membranes after 2 hrs by scintillation counting,CHEMBL4425117,P25101,Endothelin receptor ET-A,IC50,CCCNS(=O)(=O)Nc1ncnc(OCCOc2ncc(Br)cn2)c1Oc1ccccc1OC,7.8124792791635365
CHEMBL4519822,CHEMBL252,Endothelin receptor ET-A,IC50,=,1.4,nM,CHEMBL4426323,B,Displacement of [125I]-ET-1 from human ETA receptor expressed in CHO cell membranes after 2 hrs by scintillation counting,CHEMBL4425117,P25101,Endothelin receptor ET-A,IC50,CCCNS(=O)(=O)Nc1ncnc(OCCOc2ncc(SC)cn2)c1Oc1cccc(OC)c1,8.853871964321762
CHEMBL4542394,CHEMBL252,Endothelin receptor ET-A,IC50,=,1.0,nM,CHEMBL4426323,B,Displacement of [125I]-ET-1 from human ETA receptor expressed in CHO cell membranes after 2 hrs by scintillation counting,CHEMBL4425117,P25101,Endothelin receptor ET-A,IC50,CCNS(=O)(=O)Nc1ncnc(OCCOc2cc(OC)ccc2Cl)c1-c1ncc(SC)cn1,9.0
CHEMBL4528516,CHEMBL252,Endothelin receptor ET-A,IC50,=,0.5,nM,CHEMBL4426323,B,Displacement of [125I]-ET-1 from human ETA receptor expressed in CHO cell membranes after 2 hrs by scintillation counting,CHEMBL4425117,P25101,Endothelin receptor ET-A,IC50,CCCNS(=O)(=O)Nc1ncnc(OCCOc2cc(OC)ccc2Cl)c1-c1ncc(SC)cn1,9.301029995663981
CHEMBL367444,CHEMBL252,Endothelin receptor ET-A,IC50,=,22.0,nM,CHEMBL4426323,B,Displacement of [125I]-ET-1 from human ETA receptor expressed in CHO cell membranes after 2 hrs by scintillation counting,CHEMBL4425117,P25101,Endothelin receptor ET-A,IC50,COc1ccccc1Oc1c(NS(=O)(=O)c2ccc(C(C)C)cn2)nc(C2CC2)nc1OCCCNS(=O)(=O)c1cccs1,7.657577319177793
CHEMBL4568468,CHEMBL252,Endothelin receptor ET-A,IC50,=,6.0,nM,CHEMBL4426323,B,Displacement of [125I]-ET-1 from human ETA receptor expressed in CHO cell membranes after 2 hrs by scintillation counting,CHEMBL4425117,P25101,Endothelin receptor ET-A,IC50,COc1ccccc1Oc1c(NS(=O)(=O)c2ccc(C)cn2)nc(-c2ccnc(-c3noc(=S)[nH]3)c2)nc1OCC1CCCO1,8.221848749616356
CHEMBL4448273,CHEMBL252,Endothelin receptor ET-A,IC50,=,1.0,nM,CHEMBL4426323,B,Displacement of [125I]-ET-1 from human ETA receptor expressed in CHO cell membranes after 2 hrs by scintillation counting,CHEMBL4425117,P25101,Endothelin receptor ET-A,IC50,COc1ccccc1Oc1c(NS(=O)(=O)c2ccc(C(C)C)cn2)nc(N2CCOCC2)nc1OCC#CCOC(=O)c1ccccn1,9.0
CHEMBL4465332,CHEMBL252,Endothelin receptor ET-A,IC50,=,33.0,nM,CHEMBL4426323,B,Displacement of [125I]-ET-1 from human ETA receptor expressed in CHO cell membranes after 2 hrs by scintillation counting,CHEMBL4425117,P25101,Endothelin receptor ET-A,IC50,CC#CCOc1nc(-c2ccnc(-c3nnn[nH]3)c2)nc(NS(=O)(=O)c2ccc(C(C)(C)C)cc2)c1Oc1ccccc1OC,7.481486060122112
CHEMBL4573806,CHEMBL252,Endothelin receptor ET-A,IC50,=,2.0,nM,CHEMBL4426323,B,Displacement of [125I]-ET-1 from human ETA receptor expressed in CHO cell membranes after 2 hrs by scintillation counting,CHEMBL4425117,P25101,Endothelin receptor ET-A,IC50,Cc1ccc(-c2c(NS(=O)(=O)/C=C/c3ccccc3)ncnc2OCCOc2ncc(Br)cn2)cc1,8.698970004336019
CHEMBL4574034,CHEMBL252,Endothelin receptor ET-A,IC50,=,3.0,nM,CHEMBL4426323,B,Displacement of [125I]-ET-1 from human ETA receptor expressed in CHO cell membranes after 2 hrs by scintillation counting,CHEMBL4425117,P25101,Endothelin receptor ET-A,IC50,COc1ccc(Cl)c(Oc2c(NS(C)(=O)=O)ncnc2OCCOc2ncc(S(C)(=O)=O)cn2)c1,8.522878745280337
CHEMBL4549357,CHEMBL252,Endothelin receptor ET-A,IC50,=,1.0,nM,CHEMBL4426323,B,Displacement of [125I]-ET-1 from human ETA receptor expressed in CHO cell membranes after 2 hrs by scintillation counting,CHEMBL4425117,P25101,Endothelin receptor ET-A,IC50,COc1ccccc1Oc1c(NS(=O)(=O)CCc2cccs2)nc(N2CCOCC2)nc1OCCOC(=O)Nc1ccccn1,9.0
CHEMBL4572734,CHEMBL252,Endothelin receptor ET-A,IC50,=,2.0,nM,CHEMBL4426323,B,Displacement of [125I]-ET-1 from human ETA receptor expressed in CHO cell membranes after 2 hrs by scintillation counting,CHEMBL4425117,P25101,Endothelin receptor ET-A,IC50,COc1cnc(OCCOc2nc(-c3ccncc3)nc(NS(=O)(=O)NCc3ccccc3)c2-c2ccc(Cl)cc2)nc1,8.698970004336019
CHEMBL4553625,CHEMBL252,Endothelin receptor ET-A,IC50,=,0.2,nM,CHEMBL4426323,B,Displacement of [125I]-ET-1 from human ETA receptor expressed in CHO cell membranes after 2 hrs by scintillation counting,CHEMBL4425117,P25101,Endothelin receptor ET-A,IC50,COCCNS(=O)(=O)Nc1ncnc(OCCOc2ncc(SC)cn2)c1-c1ccc(Br)cc1,9.698970004336019
CHEMBL4463633,CHEMBL252,Endothelin receptor ET-A,IC50,=,0.7,nM,CHEMBL4426323,B,Displacement of [125I]-ET-1 from human ETA receptor expressed in CHO cell membranes after 2 hrs by scintillation counting,CHEMBL4425117,P25101,Endothelin receptor ET-A,IC50,O=C(O)CCNS(=O)(=O)Nc1ncnc(OCCOc2ncc(Br)cn2)c1-c1ccc(Br)cc1,9.154901959985743
CHEMBL2165326,CHEMBL252,Endothelin receptor ET-A,IC50,=,3.4,nM,CHEMBL4426323,B,Displacement of [125I]-ET-1 from human ETA receptor expressed in CHO cell membranes after 2 hrs by scintillation counting,CHEMBL4425117,P25101,Endothelin receptor ET-A,IC50,NS(=O)(=O)Nc1ncnc(OCCOc2ncc(Br)cn2)c1-c1ccc(Br)cc1,8.468521082957745
CHEMBL4528664,CHEMBL252,Endothelin receptor ET-A,IC50,=,1.1,nM,CHEMBL4426323,B,Displacement of [125I]-ET-1 from human ETA receptor expressed in CHO cell membranes after 2 hrs by scintillation counting,CHEMBL4425117,P25101,Endothelin receptor ET-A,IC50,CCCc1nc(SC2CCC(CC(=O)O)CC2)c(C(=O)O)n1Cc1cc2c(cc1Cl)OCO2,8.958607314841775
CHEMBL293012,CHEMBL252,Endothelin receptor ET-A,IC50,=,1.0,nM,CHEMBL4426323,B,Displacement of [125I]-ET-1 from human ETA receptor expressed in CHO cell membranes after 2 hrs by scintillation counting,CHEMBL4425117,P25101,Endothelin receptor ET-A,IC50,Cc1ccc(C2=C(C(=O)O)C(c3ccc4c(c3)OCO4)Oc3ccc(OC(C)C)cc32)s1,9.0
CHEMBL2110610,CHEMBL252,Endothelin receptor ET-A,IC50,=,0.5,nM,CHEMBL4426323,B,Displacement of [125I]-ET-1 from human ETA receptor expressed in CHO cell membranes after 2 hrs by scintillation counting,CHEMBL4425117,P25101,Endothelin receptor ET-A,IC50,CCc1cc(C2=C(C(=O)O)N(c3ccccc3C(F)(F)F)S(=O)(=O)c3ccccc32)cc2c1OCO2,9.301029995663981
CHEMBL1111,CHEMBL252,Endothelin receptor ET-A,IC50,=,1.0,nM,CHEMBL4426323,B,Displacement of [125I]-ET-1 from human ETA receptor expressed in CHO cell membranes after 2 hrs by scintillation counting,CHEMBL4425117,P25101,Endothelin receptor ET-A,IC50,COC(c1ccccc1)(c1ccccc1)[C@H](Oc1nc(C)cc(C)n1)C(=O)O,9.0
CHEMBL330425,CHEMBL252,Endothelin receptor ET-A,IC50,=,12.0,nM,CHEMBL4426323,B,Displacement of [125I]-ET-1 from human ETA receptor expressed in CHO cell membranes after 2 hrs by scintillation counting,CHEMBL4425117,P25101,Endothelin receptor ET-A,IC50,Cc1cc(C)nc(O[C@H](C(=O)O)[C@@]2(c3ccccc3)NCC(=O)N(C)c3ccccc32)n1,7.920818753952375
CHEMBL1628688,CHEMBL252,Endothelin receptor ET-A,IC50,=,21.0,nM,CHEMBL4426323,B,Displacement of [125I]-ET-1 from human ETA receptor expressed in CHO cell membranes after 2 hrs by scintillation counting,CHEMBL4425117,P25101,Endothelin receptor ET-A,IC50,COc1nc(C)cnc1NS(=O)(=O)c1cccnc1-c1ccc(-c2nnco2)cc1,7.6777807052660805
CHEMBL4435789,CHEMBL252,Endothelin receptor ET-A,IC50,=,29.0,nM,CHEMBL4426323,B,Displacement of [125I]-ET-1 from human ETA receptor expressed in CHO cell membranes after 2 hrs by scintillation counting,CHEMBL4425117,P25101,Endothelin receptor ET-A,IC50,Cc1ccc(=O)n([C@@H](C(=O)NS(=O)(=O)c2ccc(C(C)C)cc2)c2ccc3c(c2)OCO3)n1,7.537602002101044
CHEMBL2103873,CHEMBL252,Endothelin receptor ET-A,IC50,=,3.4,nM,CHEMBL4426325,B,Antagonist activity at human ETA receptor expressed in CHO cells in presence of ET1,CHEMBL4425117,P25101,Endothelin receptor ET-A,IC50,CCCNS(=O)(=O)Nc1ncnc(OCCOc2ncc(Br)cn2)c1-c1ccc(Br)cc1,8.468521082957745
CHEMBL957,CHEMBL252,Endothelin receptor ET-A,IC50,=,45.0,nM,CHEMBL4431773,B,Antagonist activity at ET-A receptor (unknown origin),CHEMBL4431311,P25101,Endothelin receptor ET-A,IC50,COc1ccccc1Oc1c(NS(=O)(=O)c2ccc(C(C)(C)C)cc2)nc(-c2ncccn2)nc1OCCO,7.346787486224656
CHEMBL112624,CHEMBL252,Endothelin receptor ET-A,IC50,=,0.4,nM,CHEMBL4431773,B,Antagonist activity at ET-A receptor (unknown origin),CHEMBL4431311,P25101,Endothelin receptor ET-A,IC50,Cc1ccc(-c2c(NS(=O)(=O)c3ccc(C(C)(C)CO)cc3)ncnc2OCCOc2ncc(Br)cn2)cc1,9.397940008672037
CHEMBL72410,CHEMBL252,Endothelin receptor ET-A,IC50,=,94.0,nM,CHEMBL4431779,B,Displacement of [125I]ET-1 from human ET-A receptor expressed in CHO cell membrane incubated for 2 hrs,CHEMBL4431311,P25101,Endothelin receptor ET-A,IC50,Cc1cc(C)cc(C(=O)N(C)[C@H](Cc2ccc(-c3ccccc3)cc2)C(=O)N[C@@H](Cc2c[nH]c3ccccc23)C(=O)O)c1,7.026872146400302
CHEMBL4568795,CHEMBL252,Endothelin receptor ET-A,IC50,=,1300.0,nM,CHEMBL4431778,B,Displacement of [125I]ET-1 from ET-A receptor in human SK-N-MC cells incubated for 4 hrs by gamma counting method,CHEMBL4431311,P25101,Endothelin receptor ET-A,IC50,CCCC[C@H](NC(=O)[C@@H](Cc1cn(C(=O)OC)c2ccccc12)NC(=O)[C@@H](CC(C)(C)C)NC(=O)N1[C@H](C)CCC[C@@H]1C)C(=O)[O-].[Na+],5.886056647693163
CHEMBL9194,CHEMBL252,Endothelin receptor ET-A,IC50,=,0.055,nM,CHEMBL4431775,B,Displacement of [125I]ET-1 from human ET-A receptor expressed in CHO cell membrane,CHEMBL4431311,P25101,Endothelin receptor ET-A,IC50,CCCCN(CCCC)C(=O)CN1C[C@H](c2ccc3c(c2)OCO3)[C@@H](C(=O)O)[C@@H]1c1ccc(OC)cc1,10.259637310505756
CHEMBL111612,CHEMBL252,Endothelin receptor ET-A,IC50,=,0.49,nM,CHEMBL4880234,B,Inhibition of [125I]-endothelin-1 binding to EDNRA,CHEMBL4507258,P25101,Endothelin receptor ET-A,IC50,CCCCN(CCCC)C(=O)CN1C[C@H](c2cc(OC)c3c(c2)OCO3)[C@@H](C(=O)O)[C@@H]1CC(C)(C)CCC,9.309803919971486
CHEMBL332794,CHEMBL252,Endothelin receptor ET-A,IC50,=,4280.0,nM,CHEMBL4880395,B,Inhibition of 125I labeled ET-1 binding to EDNRA,CHEMBL4507261,P25101,Endothelin receptor ET-A,IC50,CCCOc1ccc([C@H]2[C@H](C(=O)O)[C@@H](c3ccc4c(c3)OCO4)CN2CC(=O)Nc2c(CC)cccc2CC)cc1,5.368556230986828
CHEMBL4761843,CHEMBL252,Endothelin receptor ET-A,IC50,=,0.59,nM,CHEMBL5210271,B,Affinity On-target Cellular interaction (Endothelin-1-evoked phosphatidylinositol hydrolysis in MMQ cells) EUB0000348aPTSA EDNRA,CHEMBL5210121,P25101,Endothelin receptor ET-A,IC50,CCCCN(CCCC)C(=O)CN1C[C@H](c2cc(OC)c3c(c2)OCO3)[C@@H](C(=O)O)[C@@H]1CC(C)(C)CCC.Cc1ccc(S(=O)(=O)O)cc1,9.229147988357855
CHEMBL5272983,CHEMBL252,Endothelin receptor ET-A,IC50,=,18000.0,nM,CHEMBL5246773,B,Binding affinity to recombinant human ETA,CHEMBL5244271,P25101,Endothelin receptor ET-A,IC50,O=S(=O)(Nc1ncnc(OCCO)c1-c1ccccc1)c1ccc(C(F)(F)F)cc1,4.7447274948966935
CHEMBL4525321,CHEMBL252,Endothelin receptor ET-A,IC50,=,1500.0,nM,CHEMBL5246773,B,Binding affinity to recombinant human ETA,CHEMBL5244271,P25101,Endothelin receptor ET-A,IC50,COc1ccccc1Oc1c(NS(=O)(=O)c2ccc(C(C)(C)C)cc2)ncnc1OCCO,5.823908740944319
CHEMBL4438132,CHEMBL252,Endothelin receptor ET-A,IC50,=,800.0,nM,CHEMBL5246773,B,Binding affinity to recombinant human ETA,CHEMBL5244271,P25101,Endothelin receptor ET-A,IC50,COc1ccccc1Oc1c(NS(=O)(=O)c2ccc(C(C)(C)C)cc2)nc(-c2ccccc2)nc1OCCO,6.096910013008056
CHEMBL957,CHEMBL252,Endothelin receptor ET-A,IC50,=,80.0,nM,CHEMBL5246773,B,Binding affinity to recombinant human ETA,CHEMBL5244271,P25101,Endothelin receptor ET-A,IC50,COc1ccccc1Oc1c(NS(=O)(=O)c2ccc(C(C)(C)C)cc2)nc(-c2ncccn2)nc1OCCO,7.096910013008056
CHEMBL407269,CHEMBL252,Endothelin receptor ET-A,EC50,=,25.0,nM,CHEMBL682959,B,Effective concentration against ET A receptor from rabbit renal artery vascular smooth muscle cells,CHEMBL1127071,P25101,Endothelin receptor ET-A,EC50,CC[C@H](C)[C@H](NC(=O)[C@H](CC(=O)O)NC(=O)[C@H](CCC(=O)O)NC(=O)[C@H](NC(C)=O)C(c1ccccc1)c1ccccc1)C(=O)N[C@H](C(=O)N[C@@H](Cc1c[nH]c2ccccc12)C(=O)O)[C@@H](C)CC,7.6020599913279625
CHEMBL2370067,CHEMBL252,Endothelin receptor ET-A,EC50,=,2100.0,nM,CHEMBL682959,B,Effective concentration against ET A receptor from rabbit renal artery vascular smooth muscle cells,CHEMBL1127071,P25101,Endothelin receptor ET-A,EC50,CC[C@H](C)[C@H](NC(=O)[C@H](CC(=O)O)NC(=O)[C@H](CC(C)C)NC(=O)[C@H](N)C(c1ccccc1)c1ccccc1)C(=O)N[C@H](C(=O)N[C@H](C=O)Cc1c[nH]c2ccccc12)[C@@H](C)CC,5.6777807052660805
CHEMBL313344,CHEMBL252,Endothelin receptor ET-A,EC50,=,2700.0,nM,CHEMBL682959,B,Effective concentration against ET A receptor from rabbit renal artery vascular smooth muscle cells,CHEMBL1127071,P25101,Endothelin receptor ET-A,EC50,CC[C@H](C)[C@H](NC(=O)[C@H](CC(=O)O)NC(=O)[C@H](CC(C)C)NC(=O)[C@H](NC(C)=O)C(c1ccccc1)c1ccccc1)C(=O)N[C@H](C(=O)N[C@@H](Cc1ccc(O)cc1)C(=O)O)[C@@H](C)CC,5.568636235841012
CHEMBL86703,CHEMBL252,Endothelin receptor ET-A,EC50,=,6000.0,nM,CHEMBL682959,B,Effective concentration against ET A receptor from rabbit renal artery vascular smooth muscle cells,CHEMBL1127071,P25101,Endothelin receptor ET-A,EC50,CC[C@H](C)[C@H](NC(=O)[C@H](CC(=O)O)NC(=O)[C@H](CC(C)C)NC(=O)[C@H](NC(C)=O)C(c1ccccc1)c1ccccc1)C(=O)N[C@H](C(=O)N[C@@H](Cc1c[nH]c2ccccc12)C(=O)O)C(C)C,5.221848749616356
CHEMBL315841,CHEMBL252,Endothelin receptor ET-A,EC50,=,17.0,nM,CHEMBL682959,B,Effective concentration against ET A receptor from rabbit renal artery vascular smooth muscle cells,CHEMBL1127071,P25101,Endothelin receptor ET-A,EC50,CC[C@H](C)[C@H](NC(=O)[C@@H](NC(=O)[C@H](CC(=O)O)NC(=O)[C@H](CC(C)C)NC(=O)[C@H](NC(C)=O)C(c1ccccc1)c1ccccc1)C(C)C)C(=O)N[C@@H](Cc1c[nH]c2ccccc12)C(=O)O,7.769551078621726
CHEMBL387200,CHEMBL252,Endothelin receptor ET-A,EC50,=,580.0,nM,CHEMBL682959,B,Effective concentration against ET A receptor from rabbit renal artery vascular smooth muscle cells,CHEMBL1127071,P25101,Endothelin receptor ET-A,EC50,CC[C@H](C)[C@H](NC(=O)[C@H](Cc1ccccc1)NC(=O)[C@H](CC(C)C)NC(=O)[C@H](NC(C)=O)C(c1ccccc1)c1ccccc1)C(=O)N[C@H](C(=O)N[C@@H](Cc1c[nH]c2ccccc12)C(=O)O)[C@@H](C)CC,6.236572006437063
CHEMBL2370066,CHEMBL252,Endothelin receptor ET-A,EC50,=,13.0,nM,CHEMBL682959,B,Effective concentration against ET A receptor from rabbit renal artery vascular smooth muscle cells,CHEMBL1127071,P25101,Endothelin receptor ET-A,EC50,CC[C@H](C)[C@H](NC(=O)[C@H](CC(=O)O)NC(=O)[C@H](CCCN)NC(=O)[C@H](NC(C)=O)C(c1ccccc1)c1ccccc1)C(=O)N[C@H](C(=O)N[C@@H](Cc1c[nH]c2ccccc12)C(=O)O)[C@@H](C)CC,7.886056647693163
