molecule_chembl_id,target_chembl_id,target_pref_name,standard_type,standard_relation,standard_value,standard_units,assay_chembl_id,assay_type,assay_description,document_chembl_id,uniprot_id,target_pref_name,readout,smiles,pActivity
CHEMBL422366,CHEMBL1898,5-hydroxytryptamine receptor 1B,IC50,=,22.0,nM,CHEMBL616642,B,Displacement of [3H]5-HT binding from cloned human 5-hydroxytryptamine 1B receptor stably expressed in CHO cells.,CHEMBL1132698,P28222,5-hydroxytryptamine receptor 1B,IC50,c1cncc(CN2CCN(CCCc3c[nH]c4ccc(-n5cnnc5)cc34)CC2)c1,7.657577319177793
CHEMBL324931,CHEMBL1898,5-hydroxytryptamine receptor 1B,IC50,=,304.0,nM,CHEMBL616642,B,Displacement of [3H]5-HT binding from cloned human 5-hydroxytryptamine 1B receptor stably expressed in CHO cells.,CHEMBL1132698,P28222,5-hydroxytryptamine receptor 1B,IC50,CN1CCN(CCc2c[nH]c3ccc(-n4cnnc4)cc23)CC1,6.517126416391246
CHEMBL163376,CHEMBL1898,5-hydroxytryptamine receptor 1B,IC50,=,282.0,nM,CHEMBL616642,B,Displacement of [3H]5-HT binding from cloned human 5-hydroxytryptamine 1B receptor stably expressed in CHO cells.,CHEMBL1132698,P28222,5-hydroxytryptamine receptor 1B,IC50,FC(F)(F)c1ccc(CN2CCN(CCCc3c[nH]c4ccc(-n5cnnc5)cc34)CC2)cc1,6.549750891680639
CHEMBL420965,CHEMBL1898,5-hydroxytryptamine receptor 1B,IC50,=,37.0,nM,CHEMBL616642,B,Displacement of [3H]5-HT binding from cloned human 5-hydroxytryptamine 1B receptor stably expressed in CHO cells.,CHEMBL1132698,P28222,5-hydroxytryptamine receptor 1B,IC50,c1ccc(CNC[C@@H]2CCN(CCc3c[nH]c4ccc(-n5cnnc5)cc34)C2)cc1,7.431798275933005
CHEMBL422191,CHEMBL1898,5-hydroxytryptamine receptor 1B,IC50,=,5100.0,nM,CHEMBL616642,B,Displacement of [3H]5-HT binding from cloned human 5-hydroxytryptamine 1B receptor stably expressed in CHO cells.,CHEMBL1132698,P28222,5-hydroxytryptamine receptor 1B,IC50,CN1CCN(CCCCc2c[nH]c3ccc(-n4cnnc4)cc23)CC1,5.292429823902063
CHEMBL162722,CHEMBL1898,5-hydroxytryptamine receptor 1B,IC50,=,45.0,nM,CHEMBL616642,B,Displacement of [3H]5-HT binding from cloned human 5-hydroxytryptamine 1B receptor stably expressed in CHO cells.,CHEMBL1132698,P28222,5-hydroxytryptamine receptor 1B,IC50,CC(CN1CCN(CCCc2c[nH]c3ccc(-n4cnnc4)cc23)CC1)c1ccccc1,7.346787486224656
CHEMBL116092,CHEMBL1898,5-hydroxytryptamine receptor 1B,IC50,=,28.0,nM,CHEMBL616642,B,Displacement of [3H]5-HT binding from cloned human 5-hydroxytryptamine 1B receptor stably expressed in CHO cells.,CHEMBL1132698,P28222,5-hydroxytryptamine receptor 1B,IC50,c1cc2[nH]cc(CCN3CCCC3)c2cc1-n1cnnc1,7.552841968657781
CHEMBL331612,CHEMBL1898,5-hydroxytryptamine receptor 1B,IC50,=,15.0,nM,CHEMBL616642,B,Displacement of [3H]5-HT binding from cloned human 5-hydroxytryptamine 1B receptor stably expressed in CHO cells.,CHEMBL1132698,P28222,5-hydroxytryptamine receptor 1B,IC50,c1cc2[nH]cc(CCCN3CCCCC3)c2cc1-n1cnnc1,7.823908740944319
CHEMBL116031,CHEMBL1898,5-hydroxytryptamine receptor 1B,IC50,=,98.0,nM,CHEMBL616642,B,Displacement of [3H]5-HT binding from cloned human 5-hydroxytryptamine 1B receptor stably expressed in CHO cells.,CHEMBL1132698,P28222,5-hydroxytryptamine receptor 1B,IC50,Fc1ccccc1CCN1CCN(CCCc2c[nH]c3ccc(-n4cnnc4)cc23)CC1,7.008773924307505
CHEMBL161969,CHEMBL1898,5-hydroxytryptamine receptor 1B,IC50,=,3900.0,nM,CHEMBL616642,B,Displacement of [3H]5-HT binding from cloned human 5-hydroxytryptamine 1B receptor stably expressed in CHO cells.,CHEMBL1132698,P28222,5-hydroxytryptamine receptor 1B,IC50,O=C1CN(Cc2ccccc2)CCN1CCCc1c[nH]c2ccc(-n3cnnc3)cc12,5.4089353929735005
CHEMBL352159,CHEMBL1898,5-hydroxytryptamine receptor 1B,IC50,=,18.0,nM,CHEMBL616642,B,Displacement of [3H]5-HT binding from cloned human 5-hydroxytryptamine 1B receptor stably expressed in CHO cells.,CHEMBL1132698,P28222,5-hydroxytryptamine receptor 1B,IC50,S=C1CN(CCCc2c[nH]c3ccc(-n4cnnc4)cc23)CCN1Cc1ccccc1,7.7447274948966935
CHEMBL159396,CHEMBL1898,5-hydroxytryptamine receptor 1B,IC50,=,0.5,nM,CHEMBL616642,B,Displacement of [3H]5-HT binding from cloned human 5-hydroxytryptamine 1B receptor stably expressed in CHO cells.,CHEMBL1132698,P28222,5-hydroxytryptamine receptor 1B,IC50,c1cnc(N2CCN(CCCc3c[nH]c4ccc(-n5cnnc5)cc34)CC2)nc1,9.301029995663981
CHEMBL162899,CHEMBL1898,5-hydroxytryptamine receptor 1B,IC50,=,282.0,nM,CHEMBL616642,B,Displacement of [3H]5-HT binding from cloned human 5-hydroxytryptamine 1B receptor stably expressed in CHO cells.,CHEMBL1132698,P28222,5-hydroxytryptamine receptor 1B,IC50,O=C1CN(CCCc2c[nH]c3ccc(-n4cnnc4)cc23)CCN1Cc1ccccc1,6.549750891680639
CHEMBL115750,CHEMBL1898,5-hydroxytryptamine receptor 1B,IC50,=,120.0,nM,CHEMBL616642,B,Displacement of [3H]5-HT binding from cloned human 5-hydroxytryptamine 1B receptor stably expressed in CHO cells.,CHEMBL1132698,P28222,5-hydroxytryptamine receptor 1B,IC50,Fc1ccc(CCN2CCN(CCCc3c[nH]c4ccc(-n5cnnc5)cc34)CC2)cc1,6.920818753952375
CHEMBL352123,CHEMBL1898,5-hydroxytryptamine receptor 1B,IC50,=,85.0,nM,CHEMBL616642,B,Displacement of [3H]5-HT binding from cloned human 5-hydroxytryptamine 1B receptor stably expressed in CHO cells.,CHEMBL1132698,P28222,5-hydroxytryptamine receptor 1B,IC50,c1ccc(CCCN2CCN(CCCc3c[nH]c4ccc(-n5cnnc5)cc34)CC2)cc1,7.070581074285707
CHEMBL162858,CHEMBL1898,5-hydroxytryptamine receptor 1B,IC50,=,23.0,nM,CHEMBL616642,B,Displacement of [3H]5-HT binding from cloned human 5-hydroxytryptamine 1B receptor stably expressed in CHO cells.,CHEMBL1132698,P28222,5-hydroxytryptamine receptor 1B,IC50,c1cc(CN2CCN(CCCc3c[nH]c4ccc(-n5cnnc5)cc34)CC2)ccn1,7.638272163982407
CHEMBL351346,CHEMBL1898,5-hydroxytryptamine receptor 1B,IC50,=,13.0,nM,CHEMBL616642,B,Displacement of [3H]5-HT binding from cloned human 5-hydroxytryptamine 1B receptor stably expressed in CHO cells.,CHEMBL1132698,P28222,5-hydroxytryptamine receptor 1B,IC50,CC(c1ccccc1)N1CCN(CCCc2c[nH]c3ccc(-n4cnnc4)cc23)CC1,7.886056647693163
CHEMBL163462,CHEMBL1898,5-hydroxytryptamine receptor 1B,IC50,=,55.0,nM,CHEMBL616642,B,Displacement of [3H]5-HT binding from cloned human 5-hydroxytryptamine 1B receptor stably expressed in CHO cells.,CHEMBL1132698,P28222,5-hydroxytryptamine receptor 1B,IC50,NC(=O)C(c1ccccc1)N1CCN(CCCc2c[nH]c3ccc(-n4cnnc4)cc23)CC1,7.259637310505756
CHEMBL163114,CHEMBL1898,5-hydroxytryptamine receptor 1B,IC50,=,46.0,nM,CHEMBL616642,B,Displacement of [3H]5-HT binding from cloned human 5-hydroxytryptamine 1B receptor stably expressed in CHO cells.,CHEMBL1132698,P28222,5-hydroxytryptamine receptor 1B,IC50,Cc1noc(-c2ccc(CCN3CCN(CCCc4c[nH]c5ccc(-n6cnnc6)cc45)CC3)cc2)n1,7.337242168318426
CHEMBL161723,CHEMBL1898,5-hydroxytryptamine receptor 1B,IC50,=,20.0,nM,CHEMBL616642,B,Displacement of [3H]5-HT binding from cloned human 5-hydroxytryptamine 1B receptor stably expressed in CHO cells.,CHEMBL1132698,P28222,5-hydroxytryptamine receptor 1B,IC50,Fc1ccc(CN2CCN(CCCc3c[nH]c4ccc(-n5cnnc5)cc34)CC2)cc1,7.698970004336019
CHEMBL163462,CHEMBL1898,5-hydroxytryptamine receptor 1B,IC50,=,13.0,nM,CHEMBL616642,B,Displacement of [3H]5-HT binding from cloned human 5-hydroxytryptamine 1B receptor stably expressed in CHO cells.,CHEMBL1132698,P28222,5-hydroxytryptamine receptor 1B,IC50,NC(=O)C(c1ccccc1)N1CCN(CCCc2c[nH]c3ccc(-n4cnnc4)cc23)CC1,7.886056647693163
CHEMBL161176,CHEMBL1898,5-hydroxytryptamine receptor 1B,IC50,=,2.4,nM,CHEMBL616642,B,Displacement of [3H]5-HT binding from cloned human 5-hydroxytryptamine 1B receptor stably expressed in CHO cells.,CHEMBL1132698,P28222,5-hydroxytryptamine receptor 1B,IC50,CC(=O)Nc1cccc(CN2CCN(CCCc3c[nH]c4ccc(-n5cnnc5)cc34)CC2)c1,8.619788758288394
CHEMBL128,CHEMBL1898,5-hydroxytryptamine receptor 1B,IC50,=,11.0,nM,CHEMBL616642,B,Displacement of [3H]5-HT binding from cloned human 5-hydroxytryptamine 1B receptor stably expressed in CHO cells.,CHEMBL1132698,P28222,5-hydroxytryptamine receptor 1B,IC50,CNS(=O)(=O)Cc1ccc2[nH]cc(CCN(C)C)c2c1,7.958607314841775
CHEMBL117249,CHEMBL1898,5-hydroxytryptamine receptor 1B,IC50,=,309.0,nM,CHEMBL616642,B,Displacement of [3H]5-HT binding from cloned human 5-hydroxytryptamine 1B receptor stably expressed in CHO cells.,CHEMBL1132698,P28222,5-hydroxytryptamine receptor 1B,IC50,CN1CCN(CCCc2c[nH]c3ccc(-n4cnnc4)cc23)CC1,6.510041520575165
CHEMBL162805,CHEMBL1898,5-hydroxytryptamine receptor 1B,IC50,=,18.0,nM,CHEMBL616642,B,Displacement of [3H]5-HT binding from cloned human 5-hydroxytryptamine 1B receptor stably expressed in CHO cells.,CHEMBL1132698,P28222,5-hydroxytryptamine receptor 1B,IC50,c1coc(CN2CCN(CCCc3c[nH]c4ccc(-n5cnnc5)cc34)CC2)c1,7.7447274948966935
CHEMBL162930,CHEMBL1898,5-hydroxytryptamine receptor 1B,IC50,=,7.4,nM,CHEMBL616642,B,Displacement of [3H]5-HT binding from cloned human 5-hydroxytryptamine 1B receptor stably expressed in CHO cells.,CHEMBL1132698,P28222,5-hydroxytryptamine receptor 1B,IC50,c1cc2[nH]cc(CCCN3CCOCC3)c2cc1-n1cnnc1,8.130768280269024
CHEMBL274001,CHEMBL1898,5-hydroxytryptamine receptor 1B,IC50,=,145.0,nM,CHEMBL616642,B,Displacement of [3H]5-HT binding from cloned human 5-hydroxytryptamine 1B receptor stably expressed in CHO cells.,CHEMBL1132698,P28222,5-hydroxytryptamine receptor 1B,IC50,c1cc2[nH]cc(CCCN3CCNCC3)c2cc1-n1cnnc1,6.838631997765026
CHEMBL351311,CHEMBL1898,5-hydroxytryptamine receptor 1B,IC50,=,93.0,nM,CHEMBL616642,B,Displacement of [3H]5-HT binding from cloned human 5-hydroxytryptamine 1B receptor stably expressed in CHO cells.,CHEMBL1132698,P28222,5-hydroxytryptamine receptor 1B,IC50,c1cncc(CCN2CCN(CCCc3c[nH]c4ccc(-n5cnnc5)cc34)CC2)c1,7.031517051446065
CHEMBL162463,CHEMBL1898,5-hydroxytryptamine receptor 1B,IC50,=,13.0,nM,CHEMBL616642,B,Displacement of [3H]5-HT binding from cloned human 5-hydroxytryptamine 1B receptor stably expressed in CHO cells.,CHEMBL1132698,P28222,5-hydroxytryptamine receptor 1B,IC50,c1ccc(N2CCN(CCCc3c[nH]c4ccc(-n5cnnc5)cc34)CC2)cc1,7.886056647693163
CHEMBL65367,CHEMBL1898,5-hydroxytryptamine receptor 1B,IC50,=,11.0,nM,CHEMBL616642,B,Displacement of [3H]5-HT binding from cloned human 5-hydroxytryptamine 1B receptor stably expressed in CHO cells.,CHEMBL1132698,P28222,5-hydroxytryptamine receptor 1B,IC50,c1ccc(CN2CCN(CCCc3c[nH]c4ccc(-n5cnnc5)cc34)CC2)cc1,7.958607314841775
CHEMBL296161,CHEMBL1898,5-hydroxytryptamine receptor 1B,IC50,=,1.3,nM,CHEMBL616642,B,Displacement of [3H]5-HT binding from cloned human 5-hydroxytryptamine 1B receptor stably expressed in CHO cells.,CHEMBL1132698,P28222,5-hydroxytryptamine receptor 1B,IC50,CN(C)CCc1c[nH]c2ccc(-n3cnnc3)cc12,8.886056647693163
CHEMBL164111,CHEMBL1898,5-hydroxytryptamine receptor 1B,IC50,=,27.0,nM,CHEMBL616642,B,Displacement of [3H]5-HT binding from cloned human 5-hydroxytryptamine 1B receptor stably expressed in CHO cells.,CHEMBL1132698,P28222,5-hydroxytryptamine receptor 1B,IC50,c1cc(CN2CCN(CCCc3c[nH]c4ccc(-n5cnnc5)cc34)CC2)co1,7.568636235841012
CHEMBL163573,CHEMBL1898,5-hydroxytryptamine receptor 1B,IC50,=,18.0,nM,CHEMBL616642,B,Displacement of [3H]5-HT binding from cloned human 5-hydroxytryptamine 1B receptor stably expressed in CHO cells.,CHEMBL1132698,P28222,5-hydroxytryptamine receptor 1B,IC50,c1ccc(CN2CCN(CCCc3c[nH]c4ccc(-n5cnnc5)cc34)CC2)nc1,7.7447274948966935
CHEMBL163127,CHEMBL1898,5-hydroxytryptamine receptor 1B,IC50,=,56.0,nM,CHEMBL616642,B,Displacement of [3H]5-HT binding from cloned human 5-hydroxytryptamine 1B receptor stably expressed in CHO cells.,CHEMBL1132698,P28222,5-hydroxytryptamine receptor 1B,IC50,CC(=O)Nc1ccc(CN2CCN(CCCc3c[nH]c4ccc(-n5cnnc5)cc34)CC2)cc1,7.251811972993799
CHEMBL347665,CHEMBL1898,5-hydroxytryptamine receptor 1B,IC50,=,130.0,nM,CHEMBL616642,B,Displacement of [3H]5-HT binding from cloned human 5-hydroxytryptamine 1B receptor stably expressed in CHO cells.,CHEMBL1132698,P28222,5-hydroxytryptamine receptor 1B,IC50,N#Cc1ccc(CN2CCN(CCCc3c[nH]c4ccc(-n5cnnc5)cc34)CC2)cc1,6.886056647693163
CHEMBL119668,CHEMBL1898,5-hydroxytryptamine receptor 1B,IC50,=,83.0,nM,CHEMBL616642,B,Displacement of [3H]5-HT binding from cloned human 5-hydroxytryptamine 1B receptor stably expressed in CHO cells.,CHEMBL1132698,P28222,5-hydroxytryptamine receptor 1B,IC50,Fc1ccc(CCN2CCN(CCCc3c[nH]c4ccc(-n5cnnc5)cc34)CC2)cc1F,7.080921907623926
CHEMBL164035,CHEMBL1898,5-hydroxytryptamine receptor 1B,IC50,=,102.0,nM,CHEMBL616642,B,Displacement of [3H]5-HT binding from cloned human 5-hydroxytryptamine 1B receptor stably expressed in CHO cells.,CHEMBL1132698,P28222,5-hydroxytryptamine receptor 1B,IC50,CN(C)C(=O)C(c1ccccc1)N1CCN(CCCc2c[nH]c3ccc(-n4cnnc4)cc23)CC1,6.991399828238082
CHEMBL348962,CHEMBL1898,5-hydroxytryptamine receptor 1B,IC50,=,17.0,nM,CHEMBL616642,B,Displacement of [3H]5-HT binding from cloned human 5-hydroxytryptamine 1B receptor stably expressed in CHO cells.,CHEMBL1132698,P28222,5-hydroxytryptamine receptor 1B,IC50,CNCC(c1ccccc1)N1CCN(CCCc2c[nH]c3ccc(-n4cnnc4)cc23)CC1,7.769551078621726
CHEMBL119785,CHEMBL1898,5-hydroxytryptamine receptor 1B,IC50,=,260.0,nM,CHEMBL616642,B,Displacement of [3H]5-HT binding from cloned human 5-hydroxytryptamine 1B receptor stably expressed in CHO cells.,CHEMBL1132698,P28222,5-hydroxytryptamine receptor 1B,IC50,CC(=O)Nc1ccc(CCN2CCN(CCCc3c[nH]c4ccc(-n5cnnc5)cc34)CC2)cc1,6.585026652029182
CHEMBL163386,CHEMBL1898,5-hydroxytryptamine receptor 1B,IC50,=,9.5,nM,CHEMBL616642,B,Displacement of [3H]5-HT binding from cloned human 5-hydroxytryptamine 1B receptor stably expressed in CHO cells.,CHEMBL1132698,P28222,5-hydroxytryptamine receptor 1B,IC50,OCC(c1ccccc1)N1CCN(CCCc2c[nH]c3ccc(-n4cnnc4)cc23)CC1,8.022276394711152
CHEMBL117633,CHEMBL1898,5-hydroxytryptamine receptor 1B,IC50,=,166.0,nM,CHEMBL616642,B,Displacement of [3H]5-HT binding from cloned human 5-hydroxytryptamine 1B receptor stably expressed in CHO cells.,CHEMBL1132698,P28222,5-hydroxytryptamine receptor 1B,IC50,c1ccc(CCN2CCN(CCCc3c[nH]c4ccc(-n5cnnc5)cc34)CC2)cc1,6.779891911959945
CHEMBL164413,CHEMBL1898,5-hydroxytryptamine receptor 1B,IC50,=,36.0,nM,CHEMBL616642,B,Displacement of [3H]5-HT binding from cloned human 5-hydroxytryptamine 1B receptor stably expressed in CHO cells.,CHEMBL1132698,P28222,5-hydroxytryptamine receptor 1B,IC50,c1c[nH]c(CN2CCN(CCCc3c[nH]c4ccc(-n5cnnc5)cc34)CC2)n1,7.443697499232712
CHEMBL161696,CHEMBL1898,5-hydroxytryptamine receptor 1B,IC50,=,59.0,nM,CHEMBL616642,B,Displacement of [3H]5-HT binding from cloned human 5-hydroxytryptamine 1B receptor stably expressed in CHO cells.,CHEMBL1132698,P28222,5-hydroxytryptamine receptor 1B,IC50,Clc1ccc(CN2CCN(CCCc3c[nH]c4ccc(-n5cnnc5)cc34)CC2)cc1,7.229147988357855
CHEMBL292779,CHEMBL1898,5-hydroxytryptamine receptor 1B,IC50,=,72.0,nM,CHEMBL616642,B,Displacement of [3H]5-HT binding from cloned human 5-hydroxytryptamine 1B receptor stably expressed in CHO cells.,CHEMBL1132698,P28222,5-hydroxytryptamine receptor 1B,IC50,Fc1cccc(CCN2CCN(CCCc3c[nH]c4ccc(-n5cnnc5)cc34)CC2)c1,7.142667503568731
CHEMBL161970,CHEMBL1898,5-hydroxytryptamine receptor 1B,IC50,=,78.0,nM,CHEMBL616642,B,Displacement of [3H]5-HT binding from cloned human 5-hydroxytryptamine 1B receptor stably expressed in CHO cells.,CHEMBL1132698,P28222,5-hydroxytryptamine receptor 1B,IC50,O=C1CN(CCCc2c[nH]c3ccc(-n4cnnc4)cc23)CCN1CCc1ccccc1,7.107905397309519
CHEMBL117249,CHEMBL1898,5-hydroxytryptamine receptor 1B,IC50,=,430.0,nM,CHEMBL616636,B,Displacement of [3H]5-HT from human 5-hydroxytryptamine 1B receptor expressed in CHO cells,CHEMBL1130196,P28222,5-hydroxytryptamine receptor 1B,IC50,CN1CCN(CCCc2c[nH]c3ccc(-n4cnnc4)cc23)CC1,6.366531544420413
CHEMBL117633,CHEMBL1898,5-hydroxytryptamine receptor 1B,IC50,=,170.0,nM,CHEMBL616636,B,Displacement of [3H]5-HT from human 5-hydroxytryptamine 1B receptor expressed in CHO cells,CHEMBL1130196,P28222,5-hydroxytryptamine receptor 1B,IC50,c1ccc(CCN2CCN(CCCc3c[nH]c4ccc(-n5cnnc5)cc34)CC2)cc1,6.769551078621726
CHEMBL324931,CHEMBL1898,5-hydroxytryptamine receptor 1B,IC50,=,310.0,nM,CHEMBL616636,B,Displacement of [3H]5-HT from human 5-hydroxytryptamine 1B receptor expressed in CHO cells,CHEMBL1130196,P28222,5-hydroxytryptamine receptor 1B,IC50,CN1CCN(CCc2c[nH]c3ccc(-n4cnnc4)cc23)CC1,6.508638306165727
CHEMBL128,CHEMBL1898,5-hydroxytryptamine receptor 1B,IC50,=,16.0,nM,CHEMBL616636,B,Displacement of [3H]5-HT from human 5-hydroxytryptamine 1B receptor expressed in CHO cells,CHEMBL1130196,P28222,5-hydroxytryptamine receptor 1B,IC50,CNS(=O)(=O)Cc1ccc2[nH]cc(CCN(C)C)c2c1,7.795880017344075
CHEMBL128,CHEMBL1898,5-hydroxytryptamine receptor 1B,IC50,=,27.0,nM,CHEMBL616638,B,Compound was evaluated for the affinity at 5-hydroxytryptamine 1B receptor,CHEMBL1130196,P28222,5-hydroxytryptamine receptor 1B,IC50,CNS(=O)(=O)Cc1ccc2[nH]cc(CCN(C)C)c2c1,7.568636235841012
CHEMBL116092,CHEMBL1898,5-hydroxytryptamine receptor 1B,IC50,=,30.2,nM,CHEMBL616636,B,Displacement of [3H]5-HT from human 5-hydroxytryptamine 1B receptor expressed in CHO cells,CHEMBL1130196,P28222,5-hydroxytryptamine receptor 1B,IC50,c1cc2[nH]cc(CCN3CCCC3)c2cc1-n1cnnc1,7.51999305704285
CHEMBL115750,CHEMBL1898,5-hydroxytryptamine receptor 1B,IC50,=,120.0,nM,CHEMBL616636,B,Displacement of [3H]5-HT from human 5-hydroxytryptamine 1B receptor expressed in CHO cells,CHEMBL1130196,P28222,5-hydroxytryptamine receptor 1B,IC50,Fc1ccc(CCN2CCN(CCCc3c[nH]c4ccc(-n5cnnc5)cc34)CC2)cc1,6.920818753952375
CHEMBL65367,CHEMBL1898,5-hydroxytryptamine receptor 1B,IC50,=,8.1,nM,CHEMBL616636,B,Displacement of [3H]5-HT from human 5-hydroxytryptamine 1B receptor expressed in CHO cells,CHEMBL1130196,P28222,5-hydroxytryptamine receptor 1B,IC50,c1ccc(CN2CCN(CCCc3c[nH]c4ccc(-n5cnnc5)cc34)CC2)cc1,8.09151498112135
CHEMBL119668,CHEMBL1898,5-hydroxytryptamine receptor 1B,IC50,=,98.0,nM,CHEMBL616636,B,Displacement of [3H]5-HT from human 5-hydroxytryptamine 1B receptor expressed in CHO cells,CHEMBL1130196,P28222,5-hydroxytryptamine receptor 1B,IC50,Fc1ccc(CCN2CCN(CCCc3c[nH]c4ccc(-n5cnnc5)cc34)CC2)cc1F,7.008773924307505
CHEMBL116153,CHEMBL1898,5-hydroxytryptamine receptor 1B,IC50,=,47.0,nM,CHEMBL616636,B,Displacement of [3H]5-HT from human 5-hydroxytryptamine 1B receptor expressed in CHO cells,CHEMBL1130196,P28222,5-hydroxytryptamine receptor 1B,IC50,Fc1cc(F)cc(CCN2CCN(CCCc3c[nH]c4ccc(-n5cnnc5)cc34)CC2)c1,7.327902142064282
CHEMBL333089,CHEMBL1898,5-hydroxytryptamine receptor 1B,IC50,=,170.0,nM,CHEMBL616636,B,Displacement of [3H]5-HT from human 5-hydroxytryptamine 1B receptor expressed in CHO cells,CHEMBL1130196,P28222,5-hydroxytryptamine receptor 1B,IC50,CC(=O)Nc1cccc(CCN2CCN(CCCc3c[nH]c4ccc(-n5cnnc5)cc34)CC2)c1,6.769551078621726
CHEMBL292779,CHEMBL1898,5-hydroxytryptamine receptor 1B,IC50,=,75.0,nM,CHEMBL616636,B,Displacement of [3H]5-HT from human 5-hydroxytryptamine 1B receptor expressed in CHO cells,CHEMBL1130196,P28222,5-hydroxytryptamine receptor 1B,IC50,Fc1cccc(CCN2CCN(CCCc3c[nH]c4ccc(-n5cnnc5)cc34)CC2)c1,7.1249387366083
CHEMBL292779,CHEMBL1898,5-hydroxytryptamine receptor 1B,IC50,=,75.0,nM,CHEMBL616638,B,Compound was evaluated for the affinity at 5-hydroxytryptamine 1B receptor,CHEMBL1130196,P28222,5-hydroxytryptamine receptor 1B,IC50,Fc1cccc(CCN2CCN(CCCc3c[nH]c4ccc(-n5cnnc5)cc34)CC2)c1,7.1249387366083
CHEMBL119785,CHEMBL1898,5-hydroxytryptamine receptor 1B,IC50,=,251.0,nM,CHEMBL616636,B,Displacement of [3H]5-HT from human 5-hydroxytryptamine 1B receptor expressed in CHO cells,CHEMBL1130196,P28222,5-hydroxytryptamine receptor 1B,IC50,CC(=O)Nc1ccc(CCN2CCN(CCCc3c[nH]c4ccc(-n5cnnc5)cc34)CC2)cc1,6.600326278518962
CHEMBL116031,CHEMBL1898,5-hydroxytryptamine receptor 1B,IC50,=,100.0,nM,CHEMBL616636,B,Displacement of [3H]5-HT from human 5-hydroxytryptamine 1B receptor expressed in CHO cells,CHEMBL1130196,P28222,5-hydroxytryptamine receptor 1B,IC50,Fc1ccccc1CCN1CCN(CCCc2c[nH]c3ccc(-n4cnnc4)cc23)CC1,7.0
CHEMBL3084967,CHEMBL1898,5-hydroxytryptamine receptor 1B,IC50,=,141.25,nM,CHEMBL616444,B,Binding affinity in CHO-K1 cells transfected with human recombinant 5-hydroxytryptamine 1B receptor,CHEMBL1134844,P28222,5-hydroxytryptamine receptor 1B,IC50,CN(C)[C@H]1C[C@H](Cc2c[nH]c3ccc(C[C@H]4COC(=O)N4)cc23)C1,6.850011543508524
CHEMBL159470,CHEMBL1898,5-hydroxytryptamine receptor 1B,IC50,=,316.23,nM,CHEMBL616444,B,Binding affinity in CHO-K1 cells transfected with human recombinant 5-hydroxytryptamine 1B receptor,CHEMBL1134844,P28222,5-hydroxytryptamine receptor 1B,IC50,CN(C)[C@H]1C[C@H](c2c[nH]c3ccc(C(=O)NCc4ccccc4)cc32)C1,6.499996931948306
CHEMBL2368261,CHEMBL1898,5-hydroxytryptamine receptor 1B,IC50,=,204.17,nM,CHEMBL616444,B,Binding affinity in CHO-K1 cells transfected with human recombinant 5-hydroxytryptamine 1B receptor,CHEMBL1134844,P28222,5-hydroxytryptamine receptor 1B,IC50,CN(C)[C@H]1C[C@H](c2c[nH]c3ccc(CCN4C(=O)c5ccccc5C4=O)cc32)C1,6.69000807121882
CHEMBL2368259,CHEMBL1898,5-hydroxytryptamine receptor 1B,IC50,=,275.42,nM,CHEMBL616444,B,Binding affinity in CHO-K1 cells transfected with human recombinant 5-hydroxytryptamine 1B receptor,CHEMBL1134844,P28222,5-hydroxytryptamine receptor 1B,IC50,CNS(=O)(=O)Cc1ccc2[nH]cc([C@H]3C[C@H](N(C)C)C3)c2c1,6.560004526046192
CHEMBL2368256,CHEMBL1898,5-hydroxytryptamine receptor 1B,IC50,=,32.36,nM,CHEMBL616444,B,Binding affinity in CHO-K1 cells transfected with human recombinant 5-hydroxytryptamine 1B receptor,CHEMBL1134844,P28222,5-hydroxytryptamine receptor 1B,IC50,CN[C@H]1C[C@H](c2c[nH]c3ccc(CC4COC(=O)N4)cc32)C1,7.489991487059765
CHEMBL2110300,CHEMBL1898,5-hydroxytryptamine receptor 1B,IC50,=,162.18,nM,CHEMBL616444,B,Binding affinity in CHO-K1 cells transfected with human recombinant 5-hydroxytryptamine 1B receptor,CHEMBL1134844,P28222,5-hydroxytryptamine receptor 1B,IC50,CN(C)[C@H]1C[C@H](c2c[nH]c3ccc(CC4COC(=O)N4)cc32)C1,6.790002703917631
CHEMBL159332,CHEMBL1898,5-hydroxytryptamine receptor 1B,IC50,=,14.45,nM,CHEMBL616444,B,Binding affinity in CHO-K1 cells transfected with human recombinant 5-hydroxytryptamine 1B receptor,CHEMBL1134844,P28222,5-hydroxytryptamine receptor 1B,IC50,CNS(=O)(=O)Cc1ccc2[nH]cc(C[C@H]3CCCN3C)c2c1,7.840132152907433
CHEMBL1185,CHEMBL1898,5-hydroxytryptamine receptor 1B,IC50,=,6.166,nM,CHEMBL616444,B,Binding affinity in CHO-K1 cells transfected with human recombinant 5-hydroxytryptamine 1B receptor,CHEMBL1134844,P28222,5-hydroxytryptamine receptor 1B,IC50,CN(C)CCc1c[nH]c2ccc(C[C@H]3COC(=O)N3)cc12,8.20999647960951
CHEMBL2368262,CHEMBL1898,5-hydroxytryptamine receptor 1B,IC50,=,1202.26,nM,CHEMBL616444,B,Binding affinity in CHO-K1 cells transfected with human recombinant 5-hydroxytryptamine 1B receptor,CHEMBL1134844,P28222,5-hydroxytryptamine receptor 1B,IC50,CN(C)[C@H]1C[C@H](c2c[nH]c3ccc(CCN4C(=O)NC(C)(C)C4=O)cc32)C1,5.920001601921648
CHEMBL159536,CHEMBL1898,5-hydroxytryptamine receptor 1B,IC50,=,3890.45,nM,CHEMBL616444,B,Binding affinity in CHO-K1 cells transfected with human recombinant 5-hydroxytryptamine 1B receptor,CHEMBL1134844,P28222,5-hydroxytryptamine receptor 1B,IC50,Cc1nc(Cc2ccc3[nH]cc([C@H]4C[C@H](N(C)C)C4)c3c2)n[nH]1,5.410000161858408
CHEMBL2368257,CHEMBL1898,5-hydroxytryptamine receptor 1B,IC50,=,97.72,nM,CHEMBL616444,B,Binding affinity in CHO-K1 cells transfected with human recombinant 5-hydroxytryptamine 1B receptor,CHEMBL1134844,P28222,5-hydroxytryptamine receptor 1B,IC50,CN1C(=O)OCC1Cc1ccc2[nH]cc([C@H]3C[C@H](N(C)C)C3)c2c1,7.010016541698601
CHEMBL2368257,CHEMBL1898,5-hydroxytryptamine receptor 1B,IC50,=,204.17,nM,CHEMBL616444,B,Binding affinity in CHO-K1 cells transfected with human recombinant 5-hydroxytryptamine 1B receptor,CHEMBL1134844,P28222,5-hydroxytryptamine receptor 1B,IC50,CN1C(=O)OCC1Cc1ccc2[nH]cc([C@H]3C[C@H](N(C)C)C3)c2c1,6.69000807121882
CHEMBL158638,CHEMBL1898,5-hydroxytryptamine receptor 1B,IC50,=,44.67,nM,CHEMBL616444,B,Binding affinity in CHO-K1 cells transfected with human recombinant 5-hydroxytryptamine 1B receptor,CHEMBL1134844,P28222,5-hydroxytryptamine receptor 1B,IC50,CN(C)[C@H]1C[C@H](c2c[nH]c3ccc(C(N)=O)cc32)C1,7.349984047528162
CHEMBL128,CHEMBL1898,5-hydroxytryptamine receptor 1B,IC50,=,0.5012,nM,CHEMBL616444,B,Binding affinity in CHO-K1 cells transfected with human recombinant 5-hydroxytryptamine 1B receptor,CHEMBL1134844,P28222,5-hydroxytryptamine receptor 1B,IC50,CNS(=O)(=O)Cc1ccc2[nH]cc(CCN(C)C)c2c1,9.299988937677888
CHEMBL2368260,CHEMBL1898,5-hydroxytryptamine receptor 1B,IC50,=,3801.89,nM,CHEMBL616444,B,Binding affinity in CHO-K1 cells transfected with human recombinant 5-hydroxytryptamine 1B receptor,CHEMBL1134844,P28222,5-hydroxytryptamine receptor 1B,IC50,CN(C)[C@H]1C[C@H](c2c[nH]c3ccc(CN4C(=O)NC(C)(C)C4=O)cc32)C1,5.420000452721522
CHEMBL2368255,CHEMBL1898,5-hydroxytryptamine receptor 1B,IC50,=,1122.02,nM,CHEMBL616444,B,Binding affinity in CHO-K1 cells transfected with human recombinant 5-hydroxytryptamine 1B receptor,CHEMBL1134844,P28222,5-hydroxytryptamine receptor 1B,IC50,CC1(C)NC(=O)N(CCc2ccc3[nH]cc([C@H]4C[C@H](N)C4)c3c2)C1=O,5.949999401714239
CHEMBL161694,CHEMBL1898,5-hydroxytryptamine receptor 1B,IC50,=,1513.56,nM,CHEMBL616444,B,Binding affinity in CHO-K1 cells transfected with human recombinant 5-hydroxytryptamine 1B receptor,CHEMBL1134844,P28222,5-hydroxytryptamine receptor 1B,IC50,Cc1noc(Cc2ccc3[nH]cc([C@H]4C[C@H](N(C)C)C4)c3c2)n1,5.820000358220838
CHEMBL348811,CHEMBL1898,5-hydroxytryptamine receptor 1B,IC50,=,1348.96,nM,CHEMBL616444,B,Binding affinity in CHO-K1 cells transfected with human recombinant 5-hydroxytryptamine 1B receptor,CHEMBL1134844,P28222,5-hydroxytryptamine receptor 1B,IC50,CN(C)[C@H]1C[C@H](c2c[nH]c3ccc(CC(N)=O)cc32)C1,5.8700009280425745
CHEMBL2368254,CHEMBL1898,5-hydroxytryptamine receptor 1B,IC50,=,9.55,nM,CHEMBL616444,B,Binding affinity in CHO-K1 cells transfected with human recombinant 5-hydroxytryptamine 1B receptor,CHEMBL1134844,P28222,5-hydroxytryptamine receptor 1B,IC50,N[C@H]1C[C@H](c2c[nH]c3ccc(Oc4ccccc4)cc32)C1,8.019996628416253
CHEMBL2110300,CHEMBL1898,5-hydroxytryptamine receptor 1B,IC50,=,112.2,nM,CHEMBL616444,B,Binding affinity in CHO-K1 cells transfected with human recombinant 5-hydroxytryptamine 1B receptor,CHEMBL1134844,P28222,5-hydroxytryptamine receptor 1B,IC50,CN(C)[C@H]1C[C@H](c2c[nH]c3ccc(CC4COC(=O)N4)cc32)C1,6.950007143079858
CHEMBL2110299,CHEMBL1898,5-hydroxytryptamine receptor 1B,IC50,=,18.2,nM,CHEMBL616444,B,Binding affinity in CHO-K1 cells transfected with human recombinant 5-hydroxytryptamine 1B receptor,CHEMBL1134844,P28222,5-hydroxytryptamine receptor 1B,IC50,N[C@H]1C[C@H](c2c[nH]c3ccc(CC4COC(=O)N4)cc32)C1,7.739928612014925
CHEMBL2368253,CHEMBL1898,5-hydroxytryptamine receptor 1B,IC50,=,97.72,nM,CHEMBL616444,B,Binding affinity in CHO-K1 cells transfected with human recombinant 5-hydroxytryptamine 1B receptor,CHEMBL1134844,P28222,5-hydroxytryptamine receptor 1B,IC50,CN(C)[C@H]1C[C@H](c2c[nH]c3ccc(Oc4ccccc4)cc32)C1,7.010016541698601
CHEMBL350277,CHEMBL1898,5-hydroxytryptamine receptor 1B,IC50,=,263.03,nM,CHEMBL616444,B,Binding affinity in CHO-K1 cells transfected with human recombinant 5-hydroxytryptamine 1B receptor,CHEMBL1134844,P28222,5-hydroxytryptamine receptor 1B,IC50,CN(C)[C@H]1C[C@H](c2c[nH]c3ccc(CC(=O)NCc4ccccc4)cc32)C1,6.579994715040948
CHEMBL2110300,CHEMBL1898,5-hydroxytryptamine receptor 1B,IC50,=,562.34,nM,CHEMBL616444,B,Binding affinity in CHO-K1 cells transfected with human recombinant 5-hydroxytryptamine 1B receptor,CHEMBL1134844,P28222,5-hydroxytryptamine receptor 1B,IC50,CN(C)[C@H]1C[C@H](c2c[nH]c3ccc(CC4COC(=O)N4)cc32)C1,6.250001023441651
CHEMBL350637,CHEMBL1898,5-hydroxytryptamine receptor 1B,IC50,=,831.76,nM,CHEMBL616444,B,Binding affinity in CHO-K1 cells transfected with human recombinant 5-hydroxytryptamine 1B receptor,CHEMBL1134844,P28222,5-hydroxytryptamine receptor 1B,IC50,Cc1noc(-c2ccc3[nH]cc([C@H]4C[C@H](N(C)C)C4)c3c2)n1,6.0800019690359814
CHEMBL2368258,CHEMBL1898,5-hydroxytryptamine receptor 1B,IC50,=,6309.57,nM,CHEMBL616444,B,Binding affinity in CHO-K1 cells transfected with human recombinant 5-hydroxytryptamine 1B receptor,CHEMBL1134844,P28222,5-hydroxytryptamine receptor 1B,IC50,CN(C)[C@H]1C[C@H](c2c[nH]c3ccc(CN4C(=O)CNC4=O)cc32)C1,5.200000237109354
CHEMBL143967,CHEMBL1898,5-hydroxytryptamine receptor 1B,IC50,=,660.0,nM,CHEMBL617316,B,Compound was tested for binding affinity against human 5-hydroxytryptamine 1D receptor beta clones expressed in human embryonic kidney (HEK 293) cells line.,CHEMBL1129409,P28222,5-hydroxytryptamine receptor 1B,IC50,CCCN(CCC)CCc1c[nH]c2ccc(OS(=O)(=O)C(F)(F)F)cc12,6.180456064458131
CHEMBL143767,CHEMBL1898,5-hydroxytryptamine receptor 1B,IC50,=,98.0,nM,CHEMBL617316,B,Compound was tested for binding affinity against human 5-hydroxytryptamine 1D receptor beta clones expressed in human embryonic kidney (HEK 293) cells line.,CHEMBL1129409,P28222,5-hydroxytryptamine receptor 1B,IC50,CN(C)CCc1c[nH]c2ccc(OS(=O)(=O)C(F)(F)F)cc12,7.008773924307505
CHEMBL143510,CHEMBL1898,5-hydroxytryptamine receptor 1B,IC50,=,530.0,nM,CHEMBL617316,B,Compound was tested for binding affinity against human 5-hydroxytryptamine 1D receptor beta clones expressed in human embryonic kidney (HEK 293) cells line.,CHEMBL1129409,P28222,5-hydroxytryptamine receptor 1B,IC50,CCN(CC)CCc1c[nH]c2ccc(OS(=O)(=O)C(F)(F)F)cc12,6.275724130399211
CHEMBL115989,CHEMBL1898,5-hydroxytryptamine receptor 1B,IC50,=,27.0,nM,CHEMBL616634,B,Ability to displace [3H]5-HT from recombinant human 5-hydroxytryptamine 1B receptor stably expressed in CHO cells determined in vitro,CHEMBL1131900,P28222,5-hydroxytryptamine receptor 1B,IC50,CN(CC1CC1)CC1(O)CCN(CCCc2c[nH]c3ccc(-n4cnnc4)cc23)CC1,7.568636235841012
CHEMBL111899,CHEMBL1898,5-hydroxytryptamine receptor 1B,IC50,=,27.0,nM,CHEMBL616634,B,Ability to displace [3H]5-HT from recombinant human 5-hydroxytryptamine 1B receptor stably expressed in CHO cells determined in vitro,CHEMBL1131900,P28222,5-hydroxytryptamine receptor 1B,IC50,CN(CC1CCCCC1)CC1(O)CCN(CCCc2c[nH]c3ccc(-n4cnnc4)cc23)CC1,7.568636235841012
CHEMBL331143,CHEMBL1898,5-hydroxytryptamine receptor 1B,IC50,=,57.0,nM,CHEMBL616634,B,Ability to displace [3H]5-HT from recombinant human 5-hydroxytryptamine 1B receptor stably expressed in CHO cells determined in vitro,CHEMBL1131900,P28222,5-hydroxytryptamine receptor 1B,IC50,OC1(CNCC2CC2)CCN(CCCc2c[nH]c3ccc(-n4cnnc4)cc23)CC1,7.2441251443275085
CHEMBL114303,CHEMBL1898,5-hydroxytryptamine receptor 1B,IC50,=,89.0,nM,CHEMBL616634,B,Ability to displace [3H]5-HT from recombinant human 5-hydroxytryptamine 1B receptor stably expressed in CHO cells determined in vitro,CHEMBL1131900,P28222,5-hydroxytryptamine receptor 1B,IC50,Cc1ccccc1CN(C)CC1(O)CCN(CCCc2c[nH]c3ccc(-n4cnnc4)cc23)CC1,7.050609993355087
CHEMBL115496,CHEMBL1898,5-hydroxytryptamine receptor 1B,IC50,=,340.0,nM,CHEMBL616634,B,Ability to displace [3H]5-HT from recombinant human 5-hydroxytryptamine 1B receptor stably expressed in CHO cells determined in vitro,CHEMBL1131900,P28222,5-hydroxytryptamine receptor 1B,IC50,CC(C)(C)OC(=O)NCC1(O)CCN(CCCc2c[nH]c3ccc(-n4cnnc4)cc23)CC1,6.468521082957745
CHEMBL114877,CHEMBL1898,5-hydroxytryptamine receptor 1B,IC50,=,96.0,nM,CHEMBL616634,B,Ability to displace [3H]5-HT from recombinant human 5-hydroxytryptamine 1B receptor stably expressed in CHO cells determined in vitro,CHEMBL1131900,P28222,5-hydroxytryptamine receptor 1B,IC50,CN(Cc1ccccc1)CC1(O)CCN(CCCc2c[nH]c3ccc(-n4cnnc4)cc23)CC1,7.017728766960431
CHEMBL326723,CHEMBL1898,5-hydroxytryptamine receptor 1B,IC50,=,30.0,nM,CHEMBL616634,B,Ability to displace [3H]5-HT from recombinant human 5-hydroxytryptamine 1B receptor stably expressed in CHO cells determined in vitro,CHEMBL1131900,P28222,5-hydroxytryptamine receptor 1B,IC50,CC(=O)Nc1ccc(CNCC2(O)CCN(CCCc3c[nH]c4ccc(-n5cnnc5)cc34)CC2)cc1,7.522878745280337
CHEMBL115352,CHEMBL1898,5-hydroxytryptamine receptor 1B,IC50,=,61.0,nM,CHEMBL616634,B,Ability to displace [3H]5-HT from recombinant human 5-hydroxytryptamine 1B receptor stably expressed in CHO cells determined in vitro,CHEMBL1131900,P28222,5-hydroxytryptamine receptor 1B,IC50,CN(CC(C)(C)C)CC1(O)CCN(CCCc2c[nH]c3ccc(-n4cnnc4)cc23)CC1,7.214670164989233
CHEMBL326125,CHEMBL1898,5-hydroxytryptamine receptor 1B,IC50,=,47.0,nM,CHEMBL616634,B,Ability to displace [3H]5-HT from recombinant human 5-hydroxytryptamine 1B receptor stably expressed in CHO cells determined in vitro,CHEMBL1131900,P28222,5-hydroxytryptamine receptor 1B,IC50,OC1(CNCc2ccccc2)CCN(CCCc2c[nH]c3ccc(-n4cnnc4)cc23)CC1,7.327902142064282
CHEMBL113831,CHEMBL1898,5-hydroxytryptamine receptor 1B,IC50,=,85.0,nM,CHEMBL616634,B,Ability to displace [3H]5-HT from recombinant human 5-hydroxytryptamine 1B receptor stably expressed in CHO cells determined in vitro,CHEMBL1131900,P28222,5-hydroxytryptamine receptor 1B,IC50,CC(C)(C)CNCC1(O)CCN(CCCc2c[nH]c3ccc(-n4cnnc4)cc23)CC1,7.070581074285707
CHEMBL116161,CHEMBL1898,5-hydroxytryptamine receptor 1B,IC50,=,19.0,nM,CHEMBL616634,B,Ability to displace [3H]5-HT from recombinant human 5-hydroxytryptamine 1B receptor stably expressed in CHO cells determined in vitro,CHEMBL1131900,P28222,5-hydroxytryptamine receptor 1B,IC50,CC1(C)CCCN(CC2(O)CCN(CCCc3c[nH]c4ccc(-n5cnnc5)cc34)CC2)C1,7.721246399047171
CHEMBL324751,CHEMBL1898,5-hydroxytryptamine receptor 1B,IC50,=,83.0,nM,CHEMBL616634,B,Ability to displace [3H]5-HT from recombinant human 5-hydroxytryptamine 1B receptor stably expressed in CHO cells determined in vitro,CHEMBL1131900,P28222,5-hydroxytryptamine receptor 1B,IC50,Cc1ccccc1CNCC1(O)CCN(CCCc2c[nH]c3ccc(-n4cnnc4)cc23)CC1,7.080921907623926
CHEMBL112558,CHEMBL1898,5-hydroxytryptamine receptor 1B,IC50,=,55.0,nM,CHEMBL616634,B,Ability to displace [3H]5-HT from recombinant human 5-hydroxytryptamine 1B receptor stably expressed in CHO cells determined in vitro,CHEMBL1131900,P28222,5-hydroxytryptamine receptor 1B,IC50,OC1(CNCc2ccccn2)CCN(CCCc2c[nH]c3ccc(-n4cnnc4)cc23)CC1,7.259637310505756
CHEMBL112507,CHEMBL1898,5-hydroxytryptamine receptor 1B,IC50,=,32.0,nM,CHEMBL616634,B,Ability to displace [3H]5-HT from recombinant human 5-hydroxytryptamine 1B receptor stably expressed in CHO cells determined in vitro,CHEMBL1131900,P28222,5-hydroxytryptamine receptor 1B,IC50,OC1(Cc2ccccc2)CCN(CCCc2c[nH]c3ccc(-n4cnnc4)cc23)CC1,7.494850021680094
CHEMBL331819,CHEMBL1898,5-hydroxytryptamine receptor 1B,IC50,=,30.0,nM,CHEMBL616634,B,Ability to displace [3H]5-HT from recombinant human 5-hydroxytryptamine 1B receptor stably expressed in CHO cells determined in vitro,CHEMBL1131900,P28222,5-hydroxytryptamine receptor 1B,IC50,CC(C)CN(C)CC1(O)CCN(CCCc2c[nH]c3ccc(-n4cnnc4)cc23)CC1,7.522878745280337
CHEMBL420874,CHEMBL1898,5-hydroxytryptamine receptor 1B,IC50,=,146.0,nM,CHEMBL616637,B,Binding affinity to human cloned 5-hydroxytryptamine 1B receptor in CHO cells by [3H]5-HT binding displacement.,CHEMBL1130379,P28222,5-hydroxytryptamine receptor 1B,IC50,c1ccc(CO[C@@H]2CCN(CCc3c[nH]c4ccc(-n5cnnc5)cc34)C2)cc1,6.835647144215563
CHEMBL331970,CHEMBL1898,5-hydroxytryptamine receptor 1B,IC50,=,35.0,nM,CHEMBL616637,B,Binding affinity to human cloned 5-hydroxytryptamine 1B receptor in CHO cells by [3H]5-HT binding displacement.,CHEMBL1130379,P28222,5-hydroxytryptamine receptor 1B,IC50,C[C@@H](NC1CCN(CCCc2c[nH]c3ccc(-n4cnnc4)cc23)CC1)c1ccccc1,7.455931955649724
CHEMBL296161,CHEMBL1898,5-hydroxytryptamine receptor 1B,IC50,=,1.4,nM,CHEMBL616637,B,Binding affinity to human cloned 5-hydroxytryptamine 1B receptor in CHO cells by [3H]5-HT binding displacement.,CHEMBL1130379,P28222,5-hydroxytryptamine receptor 1B,IC50,CN(C)CCc1c[nH]c2ccc(-n3cnnc3)cc12,8.853871964321762
CHEMBL51,CHEMBL1898,5-hydroxytryptamine receptor 1B,IC50,=,6500.0,nM,CHEMBL616637,B,Binding affinity to human cloned 5-hydroxytryptamine 1B receptor in CHO cells by [3H]5-HT binding displacement.,CHEMBL1130379,P28222,5-hydroxytryptamine receptor 1B,IC50,O=C(c1ccc(F)cc1)C1CCN(CCn2c(=O)[nH]c3ccccc3c2=O)CC1,5.187086643357144
CHEMBL420965,CHEMBL1898,5-hydroxytryptamine receptor 1B,IC50,=,47.0,nM,CHEMBL616637,B,Binding affinity to human cloned 5-hydroxytryptamine 1B receptor in CHO cells by [3H]5-HT binding displacement.,CHEMBL1130379,P28222,5-hydroxytryptamine receptor 1B,IC50,c1ccc(CNC[C@@H]2CCN(CCc3c[nH]c4ccc(-n5cnnc5)cc34)C2)cc1,7.327902142064282
CHEMBL116092,CHEMBL1898,5-hydroxytryptamine receptor 1B,IC50,=,30.2,nM,CHEMBL616637,B,Binding affinity to human cloned 5-hydroxytryptamine 1B receptor in CHO cells by [3H]5-HT binding displacement.,CHEMBL1130379,P28222,5-hydroxytryptamine receptor 1B,IC50,c1cc2[nH]cc(CCN3CCCC3)c2cc1-n1cnnc1,7.51999305704285
CHEMBL420874,CHEMBL1898,5-hydroxytryptamine receptor 1B,IC50,=,280.0,nM,CHEMBL616637,B,Binding affinity to human cloned 5-hydroxytryptamine 1B receptor in CHO cells by [3H]5-HT binding displacement.,CHEMBL1130379,P28222,5-hydroxytryptamine receptor 1B,IC50,c1ccc(CO[C@@H]2CCN(CCc3c[nH]c4ccc(-n5cnnc5)cc34)C2)cc1,6.552841968657781
CHEMBL313714,CHEMBL1898,5-hydroxytryptamine receptor 1B,IC50,=,185.0,nM,CHEMBL616637,B,Binding affinity to human cloned 5-hydroxytryptamine 1B receptor in CHO cells by [3H]5-HT binding displacement.,CHEMBL1130379,P28222,5-hydroxytryptamine receptor 1B,IC50,OC[C@H](NC1CCN(CCCc2c[nH]c3ccc(-n4cnnc4)cc23)CC1)c1ccc(F)cc1,6.732828271596986
CHEMBL117046,CHEMBL1898,5-hydroxytryptamine receptor 1B,IC50,=,125.0,nM,CHEMBL616637,B,Binding affinity to human cloned 5-hydroxytryptamine 1B receptor in CHO cells by [3H]5-HT binding displacement.,CHEMBL1130379,P28222,5-hydroxytryptamine receptor 1B,IC50,c1ccc(CNC2CCN(CCCc3c[nH]c4ccc(-n5cnnc5)cc34)CC2)cc1,6.903089986991944
CHEMBL117579,CHEMBL1898,5-hydroxytryptamine receptor 1B,IC50,=,33.0,nM,CHEMBL616637,B,Binding affinity to human cloned 5-hydroxytryptamine 1B receptor in CHO cells by [3H]5-HT binding displacement.,CHEMBL1130379,P28222,5-hydroxytryptamine receptor 1B,IC50,CN(Cc1ccccc1)C[C@@H]1CCN(CCc2c[nH]c3ccc(-n4cnnc4)cc23)C1,7.481486060122112
CHEMBL905,CHEMBL1898,5-hydroxytryptamine receptor 1B,IC50,=,41.0,nM,CHEMBL616637,B,Binding affinity to human cloned 5-hydroxytryptamine 1B receptor in CHO cells by [3H]5-HT binding displacement.,CHEMBL1130379,P28222,5-hydroxytryptamine receptor 1B,IC50,CN(C)CCc1c[nH]c2ccc(Cn3cncn3)cc12,7.3872161432802645
CHEMBL326371,CHEMBL1898,5-hydroxytryptamine receptor 1B,IC50,=,88.0,nM,CHEMBL616637,B,Binding affinity to human cloned 5-hydroxytryptamine 1B receptor in CHO cells by [3H]5-HT binding displacement.,CHEMBL1130379,P28222,5-hydroxytryptamine receptor 1B,IC50,c1ccc(COC[C@@H]2CCN(CCc3c[nH]c4ccc(-n5cnnc5)cc34)C2)cc1,7.055517327849831
CHEMBL159819,CHEMBL1898,5-hydroxytryptamine receptor 1B,IC50,=,50.0,nM,CHEMBL616637,B,Binding affinity to human cloned 5-hydroxytryptamine 1B receptor in CHO cells by [3H]5-HT binding displacement.,CHEMBL1130379,P28222,5-hydroxytryptamine receptor 1B,IC50,c1ccc(CNC[C@H]2CCN(CCc3c[nH]c4ccc(-n5cnnc5)cc34)C2)cc1,7.301029995663981
CHEMBL331612,CHEMBL1898,5-hydroxytryptamine receptor 1B,IC50,=,15.0,nM,CHEMBL616637,B,Binding affinity to human cloned 5-hydroxytryptamine 1B receptor in CHO cells by [3H]5-HT binding displacement.,CHEMBL1130379,P28222,5-hydroxytryptamine receptor 1B,IC50,c1cc2[nH]cc(CCCN3CCCCC3)c2cc1-n1cnnc1,7.823908740944319
CHEMBL118012,CHEMBL1898,5-hydroxytryptamine receptor 1B,IC50,=,114.0,nM,CHEMBL616637,B,Binding affinity to human cloned 5-hydroxytryptamine 1B receptor in CHO cells by [3H]5-HT binding displacement.,CHEMBL1130379,P28222,5-hydroxytryptamine receptor 1B,IC50,OC[C@H](NC1CCN(CCCc2c[nH]c3ccc(-n4cnnc4)cc23)CC1)c1ccccc1,6.943095148663527
CHEMBL333341,CHEMBL1898,5-hydroxytryptamine receptor 1B,IC50,=,28.0,nM,CHEMBL616637,B,Binding affinity to human cloned 5-hydroxytryptamine 1B receptor in CHO cells by [3H]5-HT binding displacement.,CHEMBL1130379,P28222,5-hydroxytryptamine receptor 1B,IC50,CN(Cc1ccccc1)CC1CCN(CCCc2c[nH]c3ccc(-n4cnnc4)cc23)CC1,7.552841968657781
CHEMBL324287,CHEMBL1898,5-hydroxytryptamine receptor 1B,IC50,=,210.0,nM,CHEMBL616637,B,Binding affinity to human cloned 5-hydroxytryptamine 1B receptor in CHO cells by [3H]5-HT binding displacement.,CHEMBL1130379,P28222,5-hydroxytryptamine receptor 1B,IC50,CN(Cc1ccccc1)[C@@H]1CCN(CCc2c[nH]c3ccc(-n4cnnc4)cc23)C1,6.6777807052660805
CHEMBL330803,CHEMBL1898,5-hydroxytryptamine receptor 1B,IC50,=,568.0,nM,CHEMBL616637,B,Binding affinity to human cloned 5-hydroxytryptamine 1B receptor in CHO cells by [3H]5-HT binding displacement.,CHEMBL1130379,P28222,5-hydroxytryptamine receptor 1B,IC50,c1cc2[nH]cc(CCN3CCCCC3)c2cc1-n1cnnc1,6.245651664288982
CHEMBL128,CHEMBL1898,5-hydroxytryptamine receptor 1B,IC50,=,16.0,nM,CHEMBL616637,B,Binding affinity to human cloned 5-hydroxytryptamine 1B receptor in CHO cells by [3H]5-HT binding displacement.,CHEMBL1130379,P28222,5-hydroxytryptamine receptor 1B,IC50,CNS(=O)(=O)Cc1ccc2[nH]cc(CCN(C)C)c2c1,7.795880017344075
CHEMBL304857,CHEMBL1898,5-hydroxytryptamine receptor 1B,IC50,=,145.0,nM,CHEMBL616637,B,Binding affinity to human cloned 5-hydroxytryptamine 1B receptor in CHO cells by [3H]5-HT binding displacement.,CHEMBL1130379,P28222,5-hydroxytryptamine receptor 1B,IC50,CN(Cc1ccccc1)C1CCN(CCCc2c[nH]c3ccc(-n4cnnc4)cc23)CC1,6.838631997765026
CHEMBL275481,CHEMBL1898,5-hydroxytryptamine receptor 1B,IC50,=,35481.34,nM,CHEMBL857068,B,Binding affinity towards 5-hydroxytryptamine 1B receptor by displacement of [3H]5-HT.,CHEMBL1129704,P28222,5-hydroxytryptamine receptor 1B,IC50,CCCN1CCN(Cc2ccccc2)CC12COc1cccc(OC)c1C2,4.449999986821809
CHEMBL11425,CHEMBL1898,5-hydroxytryptamine receptor 1B,IC50,=,6918.31,nM,CHEMBL857068,B,Binding affinity towards 5-hydroxytryptamine 1B receptor by displacement of [3H]5-HT.,CHEMBL1129704,P28222,5-hydroxytryptamine receptor 1B,IC50,O=C1CC2(CCCC2)CC(=O)N1CCCCNCC1COc2ccccc2C1,5.159999981744464
CHEMBL11265,CHEMBL1898,5-hydroxytryptamine receptor 1B,IC50,=,3801.89,nM,CHEMBL857068,B,Binding affinity towards 5-hydroxytryptamine 1B receptor by displacement of [3H]5-HT.,CHEMBL1129704,P28222,5-hydroxytryptamine receptor 1B,IC50,COc1cccc2c1CC1(CCCN1CCCCN1C(=O)CC3(CCCC3)CC1=O)CO2,5.420000452721522
CHEMBL11265,CHEMBL1898,5-hydroxytryptamine receptor 1B,IC50,=,6606.93,nM,CHEMBL616804,B,Compound was evaluated for the binding affinity towards 5-hydroxytryptamine 1B receptor by displacement of [3H]ketanserin.,CHEMBL1129704,P28222,5-hydroxytryptamine receptor 1B,IC50,COc1cccc2c1CC1(CCCN1CCCCN1C(=O)CC3(CCCC3)CC1=O)CO2,5.180000294489515
CHEMBL417608,CHEMBL1898,5-hydroxytryptamine receptor 1B,IC50,=,7413.1,nM,CHEMBL857068,B,Binding affinity towards 5-hydroxytryptamine 1B receptor by displacement of [3H]5-HT.,CHEMBL1129704,P28222,5-hydroxytryptamine receptor 1B,IC50,CCCN(CCCCN1C(=O)CC2(CCCC2)CC1=O)CC1COc2cccc(OC)c2C1,5.130000141365475
CHEMBL11409,CHEMBL1898,5-hydroxytryptamine receptor 1B,IC50,=,1584.89,nM,CHEMBL857068,B,Binding affinity towards 5-hydroxytryptamine 1B receptor by displacement of [3H]5-HT.,CHEMBL1129704,P28222,5-hydroxytryptamine receptor 1B,IC50,CCCN1CCN(CCCCN2C(=O)CC3(CCCC3)CC2=O)CC12COc1cccc(OC)c1C2,5.800000874803203
CHEMBL416523,CHEMBL1898,5-hydroxytryptamine receptor 1B,IC50,=,3019.95,nM,CHEMBL857068,B,Binding affinity towards 5-hydroxytryptamine 1B receptor by displacement of [3H]5-HT.,CHEMBL1129704,P28222,5-hydroxytryptamine receptor 1B,IC50,COc1cccc2c1CC(CNCCCCN1C(=O)CC3(CCCC3)CC1=O)CO2,5.520000247408364
CHEMBL11262,CHEMBL1898,5-hydroxytryptamine receptor 1B,IC50,=,22908.68,nM,CHEMBL857068,B,Binding affinity towards 5-hydroxytryptamine 1B receptor by displacement of [3H]5-HT.,CHEMBL1129704,P28222,5-hydroxytryptamine receptor 1B,IC50,CCCN(CCC)CC1COc2cccc(OC)c2C1,4.639999934172963
CHEMBL416336,CHEMBL1898,5-hydroxytryptamine receptor 1B,IC50,=,138038.43,nM,CHEMBL857068,B,Binding affinity towards 5-hydroxytryptamine 1B receptor by displacement of [3H]5-HT.,CHEMBL1129704,P28222,5-hydroxytryptamine receptor 1B,IC50,CCCN(CCC)CC1(N(CCC)CCC)COc2cccc(OC)c2C1,3.859999988863412
CHEMBL11592,CHEMBL1898,5-hydroxytryptamine receptor 1B,IC50,=,5011.87,nM,CHEMBL857068,B,Binding affinity towards 5-hydroxytryptamine 1B receptor by displacement of [3H]5-HT.,CHEMBL1129704,P28222,5-hydroxytryptamine receptor 1B,IC50,CCCN(CCCCN1C(=O)CC2(CCCC2)CC1=O)C1COc2cccc(OC)c2C1,5.300000202445418
CHEMBL161045,CHEMBL1898,5-hydroxytryptamine receptor 1B,IC50,=,4.4,nM,CHEMBL616641,B,Displacement of [3H]5-HT binding from the cloned human 5-hydroxytryptamine 1B receptor stably expressed in CHO cells,CHEMBL1132587,P28222,5-hydroxytryptamine receptor 1B,IC50,c1cc2[nH]cc(CCN3CCC3)c2cc1-n1cnnc1,8.356547323513812
CHEMBL159759,CHEMBL1898,5-hydroxytryptamine receptor 1B,IC50,=,41.0,nM,CHEMBL616641,B,Displacement of [3H]5-HT binding from the cloned human 5-hydroxytryptamine 1B receptor stably expressed in CHO cells,CHEMBL1132587,P28222,5-hydroxytryptamine receptor 1B,IC50,C[C@H](NC[C@@H]1CCN(CCc2c[nH]c3ccc(-n4cnnc4)cc23)C1)c1ccccc1,7.3872161432802645
CHEMBL420874,CHEMBL1898,5-hydroxytryptamine receptor 1B,IC50,=,145.0,nM,CHEMBL616641,B,Displacement of [3H]5-HT binding from the cloned human 5-hydroxytryptamine 1B receptor stably expressed in CHO cells,CHEMBL1132587,P28222,5-hydroxytryptamine receptor 1B,IC50,c1ccc(CO[C@@H]2CCN(CCc3c[nH]c4ccc(-n5cnnc5)cc34)C2)cc1,6.838631997765026
CHEMBL116463,CHEMBL1898,5-hydroxytryptamine receptor 1B,IC50,=,3580.0,nM,CHEMBL885358,B,Binding affinity against 5-hydroxytryptamine 1B receptor,CHEMBL1134625,P28222,5-hydroxytryptamine receptor 1B,IC50,N#Cc1ccc(CCOC(=O)NC2CCN(CCCC(c3ccc(F)cc3)c3ccc(F)cc3)CC2)cc1,5.446116973356125
CHEMBL330803,CHEMBL1898,5-hydroxytryptamine receptor 1B,IC50,=,570.0,nM,CHEMBL616641,B,Displacement of [3H]5-HT binding from the cloned human 5-hydroxytryptamine 1B receptor stably expressed in CHO cells,CHEMBL1132587,P28222,5-hydroxytryptamine receptor 1B,IC50,c1cc2[nH]cc(CCN3CCCCC3)c2cc1-n1cnnc1,6.2441251443275085
CHEMBL349041,CHEMBL1898,5-hydroxytryptamine receptor 1B,IC50,=,20.0,nM,CHEMBL616641,B,Displacement of [3H]5-HT binding from the cloned human 5-hydroxytryptamine 1B receptor stably expressed in CHO cells,CHEMBL1132587,P28222,5-hydroxytryptamine receptor 1B,IC50,c1coc(CNC[C@@H]2CCN(CCc3c[nH]c4ccc(-n5cnnc5)cc34)C2)c1,7.698970004336019
CHEMBL161410,CHEMBL1898,5-hydroxytryptamine receptor 1B,IC50,=,74.0,nM,CHEMBL616641,B,Displacement of [3H]5-HT binding from the cloned human 5-hydroxytryptamine 1B receptor stably expressed in CHO cells,CHEMBL1132587,P28222,5-hydroxytryptamine receptor 1B,IC50,C[C@@H](NC[C@@H]1CCN(CCc2c[nH]c3ccc(-n4cnnc4)cc23)C1)c1ccccc1,7.130768280269024
CHEMBL159483,CHEMBL1898,5-hydroxytryptamine receptor 1B,IC50,=,49.0,nM,CHEMBL616641,B,Displacement of [3H]5-HT binding from the cloned human 5-hydroxytryptamine 1B receptor stably expressed in CHO cells,CHEMBL1132587,P28222,5-hydroxytryptamine receptor 1B,IC50,O=C1N[C@@H](Cc2ccc3[nH]cc(CCN4CC[C@@H](CNCc5ccccc5)C4)c3c2)CO1,7.309803919971486
CHEMBL159483,CHEMBL1898,5-hydroxytryptamine receptor 1B,IC50,=,49.0,nM,CHEMBL616635,B,Affinity of compound towards 5-hydroxytryptamine 1B receptor was evaluated using radioligand binding technique,CHEMBL1132587,P28222,5-hydroxytryptamine receptor 1B,IC50,O=C1N[C@@H](Cc2ccc3[nH]cc(CCN4CC[C@@H](CNCc5ccccc5)C4)c3c2)CO1,7.309803919971486
CHEMBL326371,CHEMBL1898,5-hydroxytryptamine receptor 1B,IC50,=,85.0,nM,CHEMBL616641,B,Displacement of [3H]5-HT binding from the cloned human 5-hydroxytryptamine 1B receptor stably expressed in CHO cells,CHEMBL1132587,P28222,5-hydroxytryptamine receptor 1B,IC50,c1ccc(COC[C@@H]2CCN(CCc3c[nH]c4ccc(-n5cnnc5)cc34)C2)cc1,7.070581074285707
CHEMBL159733,CHEMBL1898,5-hydroxytryptamine receptor 1B,IC50,=,575.0,nM,CHEMBL616641,B,Displacement of [3H]5-HT binding from the cloned human 5-hydroxytryptamine 1B receptor stably expressed in CHO cells,CHEMBL1132587,P28222,5-hydroxytryptamine receptor 1B,IC50,CN(Cc1ccccc1)C[C@@H]1CCN(CCc2c[nH]c3ccc(Cn4cncn4)cc23)C1,6.2403321553103694
CHEMBL348864,CHEMBL1898,5-hydroxytryptamine receptor 1B,IC50,=,87.0,nM,CHEMBL616641,B,Displacement of [3H]5-HT binding from the cloned human 5-hydroxytryptamine 1B receptor stably expressed in CHO cells,CHEMBL1132587,P28222,5-hydroxytryptamine receptor 1B,IC50,C[C@@H](c1ccccc1)N(C)C[C@@H]1CCN(CCc2c[nH]c3ccc(Cn4cncn4)cc23)C1,7.060480747381382
CHEMBL160070,CHEMBL1898,5-hydroxytryptamine receptor 1B,IC50,=,49.0,nM,CHEMBL616641,B,Displacement of [3H]5-HT binding from the cloned human 5-hydroxytryptamine 1B receptor stably expressed in CHO cells,CHEMBL1132587,P28222,5-hydroxytryptamine receptor 1B,IC50,C[C@H](NC[C@@H]1CCN(CCc2c[nH]c3ccc(C[C@H]4COC(=O)N4)cc23)C1)c1ccccc1,7.309803919971486
CHEMBL160070,CHEMBL1898,5-hydroxytryptamine receptor 1B,IC50,=,50.0,nM,CHEMBL616635,B,Affinity of compound towards 5-hydroxytryptamine 1B receptor was evaluated using radioligand binding technique,CHEMBL1132587,P28222,5-hydroxytryptamine receptor 1B,IC50,C[C@H](NC[C@@H]1CCN(CCc2c[nH]c3ccc(C[C@H]4COC(=O)N4)cc23)C1)c1ccccc1,7.301029995663981
CHEMBL296161,CHEMBL1898,5-hydroxytryptamine receptor 1B,IC50,=,1.3,nM,CHEMBL616641,B,Displacement of [3H]5-HT binding from the cloned human 5-hydroxytryptamine 1B receptor stably expressed in CHO cells,CHEMBL1132587,P28222,5-hydroxytryptamine receptor 1B,IC50,CN(C)CCc1c[nH]c2ccc(-n3cnnc3)cc12,8.886056647693163
CHEMBL159683,CHEMBL1898,5-hydroxytryptamine receptor 1B,IC50,=,15.0,nM,CHEMBL616641,B,Displacement of [3H]5-HT binding from the cloned human 5-hydroxytryptamine 1B receptor stably expressed in CHO cells,CHEMBL1132587,P28222,5-hydroxytryptamine receptor 1B,IC50,CN(Cc1ccccc1)C[C@@H]1CCCN1CCc1c[nH]c2ccc(-n3cnnc3)cc12,7.823908740944319
CHEMBL349390,CHEMBL1898,5-hydroxytryptamine receptor 1B,IC50,=,165.0,nM,CHEMBL616641,B,Displacement of [3H]5-HT binding from the cloned human 5-hydroxytryptamine 1B receptor stably expressed in CHO cells,CHEMBL1132587,P28222,5-hydroxytryptamine receptor 1B,IC50,CC(=O)Nc1ccc(CNC[C@@H]2CCN(CCc3c[nH]c4ccc(-n5cnnc5)cc34)C2)cc1,6.782516055786093
CHEMBL345657,CHEMBL1898,5-hydroxytryptamine receptor 1B,IC50,=,62.0,nM,CHEMBL616641,B,Displacement of [3H]5-HT binding from the cloned human 5-hydroxytryptamine 1B receptor stably expressed in CHO cells,CHEMBL1132587,P28222,5-hydroxytryptamine receptor 1B,IC50,c1cncc(CNC[C@@H]2CCN(CCc3c[nH]c4ccc(-n5cnnc5)cc34)C2)c1,7.207608310501746
CHEMBL159493,CHEMBL1898,5-hydroxytryptamine receptor 1B,IC50,=,87.0,nM,CHEMBL616641,B,Displacement of [3H]5-HT binding from the cloned human 5-hydroxytryptamine 1B receptor stably expressed in CHO cells,CHEMBL1132587,P28222,5-hydroxytryptamine receptor 1B,IC50,c1ccc(NC[C@@H]2CCN(CCc3c[nH]c4ccc(-n5cnnc5)cc34)C2)cc1,7.060480747381382
CHEMBL161192,CHEMBL1898,5-hydroxytryptamine receptor 1B,IC50,=,260.0,nM,CHEMBL616641,B,Displacement of [3H]5-HT binding from the cloned human 5-hydroxytryptamine 1B receptor stably expressed in CHO cells,CHEMBL1132587,P28222,5-hydroxytryptamine receptor 1B,IC50,c1ccc(CNC[C@@H]2CCN(CCc3c[nH]c4ccc(Cn5cncn5)cc34)C2)cc1,6.585026652029182
CHEMBL348815,CHEMBL1898,5-hydroxytryptamine receptor 1B,IC50,=,125.0,nM,CHEMBL616641,B,Displacement of [3H]5-HT binding from the cloned human 5-hydroxytryptamine 1B receptor stably expressed in CHO cells,CHEMBL1132587,P28222,5-hydroxytryptamine receptor 1B,IC50,c1ccc(CCNC[C@@H]2CCN(CCc3c[nH]c4ccc(-n5cnnc5)cc34)C2)cc1,6.903089986991944
CHEMBL351303,CHEMBL1898,5-hydroxytryptamine receptor 1B,IC50,=,165.0,nM,CHEMBL616641,B,Displacement of [3H]5-HT binding from the cloned human 5-hydroxytryptamine 1B receptor stably expressed in CHO cells,CHEMBL1132587,P28222,5-hydroxytryptamine receptor 1B,IC50,OC[C@@H](NC[C@@H]1CCN(CCc2c[nH]c3ccc(-n4cnnc4)cc23)C1)c1ccccc1,6.782516055786093
CHEMBL424154,CHEMBL1898,5-hydroxytryptamine receptor 1B,IC50,=,305.0,nM,CHEMBL616641,B,Displacement of [3H]5-HT binding from the cloned human 5-hydroxytryptamine 1B receptor stably expressed in CHO cells,CHEMBL1132587,P28222,5-hydroxytryptamine receptor 1B,IC50,C[C@H](NC[C@@H]1CCN(CCc2c[nH]c3ccc(Cn4cncn4)cc23)C1)c1ccccc1,6.515700160653214
CHEMBL348304,CHEMBL1898,5-hydroxytryptamine receptor 1B,IC50,=,2.7,nM,CHEMBL616641,B,Displacement of [3H]5-HT binding from the cloned human 5-hydroxytryptamine 1B receptor stably expressed in CHO cells,CHEMBL1132587,P28222,5-hydroxytryptamine receptor 1B,IC50,c1ccc(COC[C@@H]2CCCN2CCc2c[nH]c3ccc(-n4cnnc4)cc23)cc1,8.568636235841012
CHEMBL423599,CHEMBL1898,5-hydroxytryptamine receptor 1B,IC50,=,11.0,nM,CHEMBL616641,B,Displacement of [3H]5-HT binding from the cloned human 5-hydroxytryptamine 1B receptor stably expressed in CHO cells,CHEMBL1132587,P28222,5-hydroxytryptamine receptor 1B,IC50,CC(=O)N(Cc1ccccc1)C[C@@H]1CCN(CCc2c[nH]c3ccc(-n4cnnc4)cc23)C1,7.958607314841775
CHEMBL349528,CHEMBL1898,5-hydroxytryptamine receptor 1B,IC50,=,93.0,nM,CHEMBL616641,B,Displacement of [3H]5-HT binding from the cloned human 5-hydroxytryptamine 1B receptor stably expressed in CHO cells,CHEMBL1132587,P28222,5-hydroxytryptamine receptor 1B,IC50,O[C@@H]1CCN(CCc2c[nH]c3ccc(-n4cnnc4)cc23)C1,7.031517051446065
CHEMBL159627,CHEMBL1898,5-hydroxytryptamine receptor 1B,IC50,=,93.0,nM,CHEMBL616641,B,Displacement of [3H]5-HT binding from the cloned human 5-hydroxytryptamine 1B receptor stably expressed in CHO cells,CHEMBL1132587,P28222,5-hydroxytryptamine receptor 1B,IC50,OC[C@@H]1CCN(CCc2c[nH]c3ccc(-n4cnnc4)cc23)C1,7.031517051446065
CHEMBL349893,CHEMBL1898,5-hydroxytryptamine receptor 1B,IC50,=,48.0,nM,CHEMBL616641,B,Displacement of [3H]5-HT binding from the cloned human 5-hydroxytryptamine 1B receptor stably expressed in CHO cells,CHEMBL1132587,P28222,5-hydroxytryptamine receptor 1B,IC50,c1ccc(CNC[C@@H]2CCN(CCc3c[nH]c4ccc(-n5cnnc5)cc34)C2)nc1,7.318758762624412
CHEMBL350153,CHEMBL1898,5-hydroxytryptamine receptor 1B,IC50,=,69.0,nM,CHEMBL616641,B,Displacement of [3H]5-HT binding from the cloned human 5-hydroxytryptamine 1B receptor stably expressed in CHO cells,CHEMBL1132587,P28222,5-hydroxytryptamine receptor 1B,IC50,CN(Cc1ccccc1)C[C@@H]1CCN(CCc2c[nH]c3ccc(C[C@H]4COC(=O)N4C)cc23)C1,7.161150909262744
CHEMBL435060,CHEMBL1898,5-hydroxytryptamine receptor 1B,IC50,=,275.0,nM,CHEMBL616641,B,Displacement of [3H]5-HT binding from the cloned human 5-hydroxytryptamine 1B receptor stably expressed in CHO cells,CHEMBL1132587,P28222,5-hydroxytryptamine receptor 1B,IC50,c1ccc(CO[C@H]2CCN(CCc3c[nH]c4ccc(-n5cnnc5)cc34)C2)cc1,6.560667306169737
CHEMBL128,CHEMBL1898,5-hydroxytryptamine receptor 1B,IC50,=,11.0,nM,CHEMBL616641,B,Displacement of [3H]5-HT binding from the cloned human 5-hydroxytryptamine 1B receptor stably expressed in CHO cells,CHEMBL1132587,P28222,5-hydroxytryptamine receptor 1B,IC50,CNS(=O)(=O)Cc1ccc2[nH]cc(CCN(C)C)c2c1,7.958607314841775
CHEMBL116092,CHEMBL1898,5-hydroxytryptamine receptor 1B,IC50,=,28.0,nM,CHEMBL616641,B,Displacement of [3H]5-HT binding from the cloned human 5-hydroxytryptamine 1B receptor stably expressed in CHO cells,CHEMBL1132587,P28222,5-hydroxytryptamine receptor 1B,IC50,c1cc2[nH]cc(CCN3CCCC3)c2cc1-n1cnnc1,7.552841968657781
CHEMBL420965,CHEMBL1898,5-hydroxytryptamine receptor 1B,IC50,=,47.0,nM,CHEMBL616641,B,Displacement of [3H]5-HT binding from the cloned human 5-hydroxytryptamine 1B receptor stably expressed in CHO cells,CHEMBL1132587,P28222,5-hydroxytryptamine receptor 1B,IC50,c1ccc(CNC[C@@H]2CCN(CCc3c[nH]c4ccc(-n5cnnc5)cc34)C2)cc1,7.327902142064282
CHEMBL420965,CHEMBL1898,5-hydroxytryptamine receptor 1B,IC50,=,47.0,nM,CHEMBL616635,B,Affinity of compound towards 5-hydroxytryptamine 1B receptor was evaluated using radioligand binding technique,CHEMBL1132587,P28222,5-hydroxytryptamine receptor 1B,IC50,c1ccc(CNC[C@@H]2CCN(CCc3c[nH]c4ccc(-n5cnnc5)cc34)C2)cc1,7.327902142064282
CHEMBL441296,CHEMBL1898,5-hydroxytryptamine receptor 1B,IC50,=,270.0,nM,CHEMBL616641,B,Displacement of [3H]5-HT binding from the cloned human 5-hydroxytryptamine 1B receptor stably expressed in CHO cells,CHEMBL1132587,P28222,5-hydroxytryptamine receptor 1B,IC50,OC[C@H](NC[C@@H]1CCN(CCc2c[nH]c3ccc(-n4cnnc4)cc23)C1)c1ccccc1,6.568636235841012
CHEMBL162296,CHEMBL1898,5-hydroxytryptamine receptor 1B,IC50,=,325.0,nM,CHEMBL616641,B,Displacement of [3H]5-HT binding from the cloned human 5-hydroxytryptamine 1B receptor stably expressed in CHO cells,CHEMBL1132587,P28222,5-hydroxytryptamine receptor 1B,IC50,C=CCNC[C@@H]1CCN(CCc2c[nH]c3ccc(-n4cnnc4)cc23)C1,6.488116639021126
CHEMBL159381,CHEMBL1898,5-hydroxytryptamine receptor 1B,IC50,=,575.0,nM,CHEMBL616641,B,Displacement of [3H]5-HT binding from the cloned human 5-hydroxytryptamine 1B receptor stably expressed in CHO cells,CHEMBL1132587,P28222,5-hydroxytryptamine receptor 1B,IC50,c1ccc(COC[C@H]2CCCN2CCc2c[nH]c3ccc(-n4cnnc4)cc23)cc1,6.2403321553103694
CHEMBL159819,CHEMBL1898,5-hydroxytryptamine receptor 1B,IC50,=,47.0,nM,CHEMBL616641,B,Displacement of [3H]5-HT binding from the cloned human 5-hydroxytryptamine 1B receptor stably expressed in CHO cells,CHEMBL1132587,P28222,5-hydroxytryptamine receptor 1B,IC50,c1ccc(CNC[C@H]2CCN(CCc3c[nH]c4ccc(-n5cnnc5)cc34)C2)cc1,7.327902142064282
CHEMBL161066,CHEMBL1898,5-hydroxytryptamine receptor 1B,IC50,=,110.0,nM,CHEMBL616641,B,Displacement of [3H]5-HT binding from the cloned human 5-hydroxytryptamine 1B receptor stably expressed in CHO cells,CHEMBL1132587,P28222,5-hydroxytryptamine receptor 1B,IC50,c1cc(CNC[C@@H]2CCN(CCc3c[nH]c4ccc(-n5cnnc5)cc34)C2)ccn1,6.958607314841775
CHEMBL349185,CHEMBL1898,5-hydroxytryptamine receptor 1B,IC50,=,12.0,nM,CHEMBL616641,B,Displacement of [3H]5-HT binding from the cloned human 5-hydroxytryptamine 1B receptor stably expressed in CHO cells,CHEMBL1132587,P28222,5-hydroxytryptamine receptor 1B,IC50,c1cc(CNC[C@@H]2CCN(CCc3c[nH]c4ccc(-n5cnnc5)cc34)C2)co1,7.920818753952375
CHEMBL161735,CHEMBL1898,5-hydroxytryptamine receptor 1B,IC50,=,33.0,nM,CHEMBL616641,B,Displacement of [3H]5-HT binding from the cloned human 5-hydroxytryptamine 1B receptor stably expressed in CHO cells,CHEMBL1132587,P28222,5-hydroxytryptamine receptor 1B,IC50,c1ccc(COC[C@@H]2CCN(CCCc3c[nH]c4ccc(-n5cnnc5)cc34)C2)cc1,7.481486060122112
CHEMBL324287,CHEMBL1898,5-hydroxytryptamine receptor 1B,IC50,=,209.0,nM,CHEMBL616641,B,Displacement of [3H]5-HT binding from the cloned human 5-hydroxytryptamine 1B receptor stably expressed in CHO cells,CHEMBL1132587,P28222,5-hydroxytryptamine receptor 1B,IC50,CN(Cc1ccccc1)[C@@H]1CCN(CCc2c[nH]c3ccc(-n4cnnc4)cc23)C1,6.679853713888946
CHEMBL164046,CHEMBL1898,5-hydroxytryptamine receptor 1B,IC50,=,39.0,nM,CHEMBL616641,B,Displacement of [3H]5-HT binding from the cloned human 5-hydroxytryptamine 1B receptor stably expressed in CHO cells,CHEMBL1132587,P28222,5-hydroxytryptamine receptor 1B,IC50,CC(C)(NC[C@@H]1CCN(CCc2c[nH]c3ccc(-n4cnnc4)cc23)C1)c1ccccc1,7.4089353929735005
CHEMBL161780,CHEMBL1898,5-hydroxytryptamine receptor 1B,IC50,=,62.0,nM,CHEMBL616641,B,Displacement of [3H]5-HT binding from the cloned human 5-hydroxytryptamine 1B receptor stably expressed in CHO cells,CHEMBL1132587,P28222,5-hydroxytryptamine receptor 1B,IC50,CNS(=O)(=O)Cc1ccc2[nH]cc(CCN3CC[C@@H](CNCc4ccccc4)C3)c2c1,7.207608310501746
CHEMBL161780,CHEMBL1898,5-hydroxytryptamine receptor 1B,IC50,=,62.0,nM,CHEMBL616635,B,Affinity of compound towards 5-hydroxytryptamine 1B receptor was evaluated using radioligand binding technique,CHEMBL1132587,P28222,5-hydroxytryptamine receptor 1B,IC50,CNS(=O)(=O)Cc1ccc2[nH]cc(CCN3CC[C@@H](CNCc4ccccc4)C3)c2c1,7.207608310501746
CHEMBL117579,CHEMBL1898,5-hydroxytryptamine receptor 1B,IC50,=,32.0,nM,CHEMBL616641,B,Displacement of [3H]5-HT binding from the cloned human 5-hydroxytryptamine 1B receptor stably expressed in CHO cells,CHEMBL1132587,P28222,5-hydroxytryptamine receptor 1B,IC50,CN(Cc1ccccc1)C[C@@H]1CCN(CCc2c[nH]c3ccc(-n4cnnc4)cc23)C1,7.494850021680094
CHEMBL115444,CHEMBL1898,5-hydroxytryptamine receptor 1B,IC50,=,708.0,nM,CHEMBL885358,B,Binding affinity against 5-hydroxytryptamine 1B receptor,CHEMBL1134625,P28222,5-hydroxytryptamine receptor 1B,IC50,O=C(OCc1cc2c(cc1Cl)OCO2)N1CCC(n2c(O)nc3ccccc32)CC1,6.149966742310231
CHEMBL159650,CHEMBL1898,5-hydroxytryptamine receptor 1B,IC50,=,59.0,nM,CHEMBL616641,B,Displacement of [3H]5-HT binding from the cloned human 5-hydroxytryptamine 1B receptor stably expressed in CHO cells,CHEMBL1132587,P28222,5-hydroxytryptamine receptor 1B,IC50,CN(Cc1ccccc1)C[C@@H]1CCN(CCCc2c[nH]c3ccc(-n4cnnc4)cc23)C1,7.229147988357855
CHEMBL39,CHEMBL1898,5-hydroxytryptamine receptor 1B,IC50,=,5.0,nM,CHEMBL616807,B,Binding affinity against 5-hydroxytryptamine 1B receptor,CHEMBL1126097,P28222,5-hydroxytryptamine receptor 1B,IC50,NCCc1c[nH]c2ccc(O)cc12,8.301029995663981
CHEMBL133939,CHEMBL1898,5-hydroxytryptamine receptor 1B,IC50,=,5800.0,nM,CHEMBL616807,B,Binding affinity against 5-hydroxytryptamine 1B receptor,CHEMBL1126097,P28222,5-hydroxytryptamine receptor 1B,IC50,COc1ccc2[nH]cc(C[C@@H]3CCCN3C)c2c1,5.236572006437063
CHEMBL7257,CHEMBL1898,5-hydroxytryptamine receptor 1B,IC50,=,550.0,nM,CHEMBL616807,B,Binding affinity against 5-hydroxytryptamine 1B receptor,CHEMBL1126097,P28222,5-hydroxytryptamine receptor 1B,IC50,COc1ccc2[nH]cc(CCN(C)C)c2c1,6.259637310505756
CHEMBL137485,CHEMBL1898,5-hydroxytryptamine receptor 1B,IC50,=,830.0,nM,CHEMBL616807,B,Binding affinity against 5-hydroxytryptamine 1B receptor,CHEMBL1126097,P28222,5-hydroxytryptamine receptor 1B,IC50,COc1ccc2[nH]cc(C[C@H]3CCCN3C)c2c1,6.080921907623926
CHEMBL434315,CHEMBL1898,5-hydroxytryptamine receptor 1B,IC50,=,89.0,nM,CHEMBL616639,B,Displacement of [3H]5-HT binding to cloned 5-hydroxytryptamine 1B receptor stably expressed in CHO cells,CHEMBL1132157,P28222,5-hydroxytryptamine receptor 1B,IC50,CN(Cc1ccco1)C1CCN(CCCc2c[nH]c3ccc(-n4cnnc4)cc23)CC1,7.050609993355087
CHEMBL147786,CHEMBL1898,5-hydroxytryptamine receptor 1B,IC50,=,260.0,nM,CHEMBL616639,B,Displacement of [3H]5-HT binding to cloned 5-hydroxytryptamine 1B receptor stably expressed in CHO cells,CHEMBL1132157,P28222,5-hydroxytryptamine receptor 1B,IC50,CN(CC1CC1)C1CCN(CCCc2c[nH]c3ccc(-n4cnnc4)cc23)CC1,6.585026652029182
CHEMBL331970,CHEMBL1898,5-hydroxytryptamine receptor 1B,IC50,=,35.0,nM,CHEMBL616639,B,Displacement of [3H]5-HT binding to cloned 5-hydroxytryptamine 1B receptor stably expressed in CHO cells,CHEMBL1132157,P28222,5-hydroxytryptamine receptor 1B,IC50,C[C@@H](NC1CCN(CCCc2c[nH]c3ccc(-n4cnnc4)cc23)CC1)c1ccccc1,7.455931955649724
CHEMBL344537,CHEMBL1898,5-hydroxytryptamine receptor 1B,IC50,=,1200.0,nM,CHEMBL616639,B,Displacement of [3H]5-HT binding to cloned 5-hydroxytryptamine 1B receptor stably expressed in CHO cells,CHEMBL1132157,P28222,5-hydroxytryptamine receptor 1B,IC50,COC[C@H](NC1CCN(CCCc2c[nH]c3ccc(Cn4cncn4)cc23)CC1)c1ccc(F)cc1,5.920818753952375
CHEMBL343667,CHEMBL1898,5-hydroxytryptamine receptor 1B,IC50,=,66.0,nM,CHEMBL616639,B,Displacement of [3H]5-HT binding to cloned 5-hydroxytryptamine 1B receptor stably expressed in CHO cells,CHEMBL1132157,P28222,5-hydroxytryptamine receptor 1B,IC50,CN(Cc1ccc(S(C)(=O)=O)cc1)CC1CCN(CCCc2c[nH]c3ccc(-n4cnnc4)cc23)CC1,7.180456064458131
CHEMBL145982,CHEMBL1898,5-hydroxytryptamine receptor 1B,IC50,=,18.0,nM,CHEMBL616639,B,Displacement of [3H]5-HT binding to cloned 5-hydroxytryptamine 1B receptor stably expressed in CHO cells,CHEMBL1132157,P28222,5-hydroxytryptamine receptor 1B,IC50,CN(CC1CCN(CCCc2c[nH]c3ccc(-n4cnnc4)cc23)CC1)S(=O)(=O)c1ccccc1,7.7447274948966935
CHEMBL146131,CHEMBL1898,5-hydroxytryptamine receptor 1B,IC50,=,140.0,nM,CHEMBL616640,B,Binding affinity at cloned human 5-hydroxytryptamine 1B receptor stably expressed in CHO cells by [3H]5-HT displacement.,CHEMBL1132157,P28222,5-hydroxytryptamine receptor 1B,IC50,OC[C@H](Cc1ccccc1)NC1CCN(CCCc2c[nH]c3ccc(-n4cnnc4)cc23)CC1,6.853871964321762
CHEMBL357007,CHEMBL1898,5-hydroxytryptamine receptor 1B,IC50,=,24.0,nM,CHEMBL616639,B,Displacement of [3H]5-HT binding to cloned 5-hydroxytryptamine 1B receptor stably expressed in CHO cells,CHEMBL1132157,P28222,5-hydroxytryptamine receptor 1B,IC50,CC(C)=CCCN(C)C1CCN(CCCc2c[nH]c3ccc(-n4cnnc4)cc23)CC1,7.619788758288394
CHEMBL147660,CHEMBL1898,5-hydroxytryptamine receptor 1B,IC50,=,24.0,nM,CHEMBL616639,B,Displacement of [3H]5-HT binding to cloned 5-hydroxytryptamine 1B receptor stably expressed in CHO cells,CHEMBL1132157,P28222,5-hydroxytryptamine receptor 1B,IC50,CC(=O)Nc1ccc(CN(C)CC2CCN(CCCc3c[nH]c4ccc(-n5cnnc5)cc34)CC2)cc1,7.619788758288394
CHEMBL146391,CHEMBL1898,5-hydroxytryptamine receptor 1B,IC50,=,58.0,nM,CHEMBL616639,B,Displacement of [3H]5-HT binding to cloned 5-hydroxytryptamine 1B receptor stably expressed in CHO cells,CHEMBL1132157,P28222,5-hydroxytryptamine receptor 1B,IC50,C[C@H](NCC1CCN(CCCc2c[nH]c3ccc(-n4cnnc4)cc23)CC1)c1ccccc1,7.236572006437063
CHEMBL146024,CHEMBL1898,5-hydroxytryptamine receptor 1B,IC50,=,35.0,nM,CHEMBL616639,B,Displacement of [3H]5-HT binding to cloned 5-hydroxytryptamine 1B receptor stably expressed in CHO cells,CHEMBL1132157,P28222,5-hydroxytryptamine receptor 1B,IC50,CN(Cc1ccsc1)C1CCN(CCCc2c[nH]c3ccc(-n4cnnc4)cc23)CC1,7.455931955649724
CHEMBL143947,CHEMBL1898,5-hydroxytryptamine receptor 1B,IC50,=,48.0,nM,CHEMBL616639,B,Displacement of [3H]5-HT binding to cloned 5-hydroxytryptamine 1B receptor stably expressed in CHO cells,CHEMBL1132157,P28222,5-hydroxytryptamine receptor 1B,IC50,C[C@@H](O)[C@H](NC1CCN(CCCc2c[nH]c3ccc(-n4cnnc4)cc23)CC1)c1ccccc1,7.318758762624412
CHEMBL341897,CHEMBL1898,5-hydroxytryptamine receptor 1B,IC50,=,260.0,nM,CHEMBL616639,B,Displacement of [3H]5-HT binding to cloned 5-hydroxytryptamine 1B receptor stably expressed in CHO cells,CHEMBL1132157,P28222,5-hydroxytryptamine receptor 1B,IC50,CNS(=O)(=O)Cc1ccc2[nH]cc(CCCN3CCC(N[C@H](C)c4ccccc4)CC3)c2c1,6.585026652029182
CHEMBL147979,CHEMBL1898,5-hydroxytryptamine receptor 1B,IC50,=,79.0,nM,CHEMBL616639,B,Displacement of [3H]5-HT binding to cloned 5-hydroxytryptamine 1B receptor stably expressed in CHO cells,CHEMBL1132157,P28222,5-hydroxytryptamine receptor 1B,IC50,OC[C@H](NCC1CCN(CCCc2c[nH]c3ccc(-n4cnnc4)cc23)CC1)c1ccccc1,7.102372908709558
CHEMBL423022,CHEMBL1898,5-hydroxytryptamine receptor 1B,IC50,=,200.0,nM,CHEMBL616640,B,Binding affinity at cloned human 5-hydroxytryptamine 1B receptor stably expressed in CHO cells by [3H]5-HT displacement.,CHEMBL1132157,P28222,5-hydroxytryptamine receptor 1B,IC50,C[C@@H](NC1CCN(CCCc2c[nH]c3ccc(-n4cnnc4)cc23)CC1)[C@H](O)c1ccccc1,6.698970004336019
CHEMBL423212,CHEMBL1898,5-hydroxytryptamine receptor 1B,IC50,=,140.0,nM,CHEMBL616639,B,Displacement of [3H]5-HT binding to cloned 5-hydroxytryptamine 1B receptor stably expressed in CHO cells,CHEMBL1132157,P28222,5-hydroxytryptamine receptor 1B,IC50,CN(Cc1cccs1)C1CCN(CCCc2c[nH]c3ccc(-n4cnnc4)cc23)CC1,6.853871964321762
CHEMBL147838,CHEMBL1898,5-hydroxytryptamine receptor 1B,IC50,=,410.0,nM,CHEMBL616639,B,Displacement of [3H]5-HT binding to cloned 5-hydroxytryptamine 1B receptor stably expressed in CHO cells,CHEMBL1132157,P28222,5-hydroxytryptamine receptor 1B,IC50,c1ccc(C2CCCCN2C2CCN(CCCc3c[nH]c4ccc(-n5cnnc5)cc34)CC2)cc1,6.3872161432802645
CHEMBL145849,CHEMBL1898,5-hydroxytryptamine receptor 1B,IC50,=,85.0,nM,CHEMBL616639,B,Displacement of [3H]5-HT binding to cloned 5-hydroxytryptamine 1B receptor stably expressed in CHO cells,CHEMBL1132157,P28222,5-hydroxytryptamine receptor 1B,IC50,CN(CC1CCN(CCCc2c[nH]c3ccc(-n4cnnc4)cc23)CC1)[C@@H](CO)c1ccccc1,7.070581074285707
CHEMBL146502,CHEMBL1898,5-hydroxytryptamine receptor 1B,IC50,=,170.0,nM,CHEMBL616640,B,Binding affinity at cloned human 5-hydroxytryptamine 1B receptor stably expressed in CHO cells by [3H]5-HT displacement.,CHEMBL1132157,P28222,5-hydroxytryptamine receptor 1B,IC50,C[C@H](Cc1ccccc1)NC1CCN(CCCc2c[nH]c3ccc(-n4cnnc4)cc23)CC1,6.769551078621726
CHEMBL118012,CHEMBL1898,5-hydroxytryptamine receptor 1B,IC50,=,110.0,nM,CHEMBL616640,B,Binding affinity at cloned human 5-hydroxytryptamine 1B receptor stably expressed in CHO cells by [3H]5-HT displacement.,CHEMBL1132157,P28222,5-hydroxytryptamine receptor 1B,IC50,OC[C@H](NC1CCN(CCCc2c[nH]c3ccc(-n4cnnc4)cc23)CC1)c1ccccc1,6.958607314841775
CHEMBL116092,CHEMBL1898,5-hydroxytryptamine receptor 1B,IC50,=,28.0,nM,CHEMBL616639,B,Displacement of [3H]5-HT binding to cloned 5-hydroxytryptamine 1B receptor stably expressed in CHO cells,CHEMBL1132157,P28222,5-hydroxytryptamine receptor 1B,IC50,c1cc2[nH]cc(CCN3CCCC3)c2cc1-n1cnnc1,7.552841968657781
CHEMBL143952,CHEMBL1898,5-hydroxytryptamine receptor 1B,IC50,=,60.0,nM,CHEMBL616639,B,Displacement of [3H]5-HT binding to cloned 5-hydroxytryptamine 1B receptor stably expressed in CHO cells,CHEMBL1132157,P28222,5-hydroxytryptamine receptor 1B,IC50,O=S(=O)(NCC1CCN(CCCc2c[nH]c3ccc(-n4cnnc4)cc23)CC1)c1ccccc1,7.221848749616356
CHEMBL347570,CHEMBL1898,5-hydroxytryptamine receptor 1B,IC50,=,40.0,nM,CHEMBL616639,B,Displacement of [3H]5-HT binding to cloned 5-hydroxytryptamine 1B receptor stably expressed in CHO cells,CHEMBL1132157,P28222,5-hydroxytryptamine receptor 1B,IC50,CC(=O)Nc1ccc(C(=O)N(C)CC2CCN(CCCc3c[nH]c4ccc(-n5cnnc5)cc34)CC2)cc1,7.3979400086720375
CHEMBL146483,CHEMBL1898,5-hydroxytryptamine receptor 1B,IC50,=,9.3,nM,CHEMBL616639,B,Displacement of [3H]5-HT binding to cloned 5-hydroxytryptamine 1B receptor stably expressed in CHO cells,CHEMBL1132157,P28222,5-hydroxytryptamine receptor 1B,IC50,CC(=O)Nc1ccc([C@H](C)NCC2CCN(CCCc3c[nH]c4ccc(-n5cnnc5)cc34)CC2)cc1,8.031517051446064
CHEMBL146150,CHEMBL1898,5-hydroxytryptamine receptor 1B,IC50,=,350.0,nM,CHEMBL616640,B,Binding affinity at cloned human 5-hydroxytryptamine 1B receptor stably expressed in CHO cells by [3H]5-HT displacement.,CHEMBL1132157,P28222,5-hydroxytryptamine receptor 1B,IC50,CC(=O)Nc1ccc([C@@H](C)NC2CCN(CCCc3c[nH]c4ccc(-n5cnnc5)cc34)CC2)cc1,6.455931955649724
CHEMBL146891,CHEMBL1898,5-hydroxytryptamine receptor 1B,IC50,=,140.0,nM,CHEMBL616639,B,Displacement of [3H]5-HT binding to cloned 5-hydroxytryptamine 1B receptor stably expressed in CHO cells,CHEMBL1132157,P28222,5-hydroxytryptamine receptor 1B,IC50,c1cncc(CNC2CCN(CCCc3c[nH]c4ccc(-n5cnnc5)cc34)CC2)c1,6.853871964321762
CHEMBL147961,CHEMBL1898,5-hydroxytryptamine receptor 1B,IC50,=,400.0,nM,CHEMBL616639,B,Displacement of [3H]5-HT binding to cloned 5-hydroxytryptamine 1B receptor stably expressed in CHO cells,CHEMBL1132157,P28222,5-hydroxytryptamine receptor 1B,IC50,OC[C@H](NC1CCN(CCCc2c[nH]c3ccc(-n4cncn4)cc23)CC1)c1ccccc1,6.3979400086720375
CHEMBL146338,CHEMBL1898,5-hydroxytryptamine receptor 1B,IC50,=,8.9,nM,CHEMBL616639,B,Displacement of [3H]5-HT binding to cloned 5-hydroxytryptamine 1B receptor stably expressed in CHO cells,CHEMBL1132157,P28222,5-hydroxytryptamine receptor 1B,IC50,CC(=O)Nc1ccc([C@@H](C)NCC2CCN(CCCc3c[nH]c4ccc(-n5cnnc5)cc34)CC2)cc1,8.050609993355087
CHEMBL143951,CHEMBL1898,5-hydroxytryptamine receptor 1B,IC50,=,63.0,nM,CHEMBL616639,B,Displacement of [3H]5-HT binding to cloned 5-hydroxytryptamine 1B receptor stably expressed in CHO cells,CHEMBL1132157,P28222,5-hydroxytryptamine receptor 1B,IC50,NC1CCN(CCCc2c[nH]c3ccc(-n4cnnc4)cc23)CC1,7.200659450546418
CHEMBL147148,CHEMBL1898,5-hydroxytryptamine receptor 1B,IC50,=,6.2,nM,CHEMBL616639,B,Displacement of [3H]5-HT binding to cloned 5-hydroxytryptamine 1B receptor stably expressed in CHO cells,CHEMBL1132157,P28222,5-hydroxytryptamine receptor 1B,IC50,CN(CC1CCN(CCCc2c[nH]c3ccc(-n4cnnc4)cc23)CC1)C(=O)Nc1ccccc1,8.207608310501746
CHEMBL148194,CHEMBL1898,5-hydroxytryptamine receptor 1B,IC50,=,98.0,nM,CHEMBL616640,B,Binding affinity at cloned human 5-hydroxytryptamine 1B receptor stably expressed in CHO cells by [3H]5-HT displacement.,CHEMBL1132157,P28222,5-hydroxytryptamine receptor 1B,IC50,CC(CO)(NC1CCN(CCCc2c[nH]c3ccc(-n4cnnc4)cc23)CC1)c1ccccc1,7.008773924307505
CHEMBL313714,CHEMBL1898,5-hydroxytryptamine receptor 1B,IC50,=,150.0,nM,CHEMBL616639,B,Displacement of [3H]5-HT binding to cloned 5-hydroxytryptamine 1B receptor stably expressed in CHO cells,CHEMBL1132157,P28222,5-hydroxytryptamine receptor 1B,IC50,OC[C@H](NC1CCN(CCCc2c[nH]c3ccc(-n4cnnc4)cc23)CC1)c1ccc(F)cc1,6.823908740944319
CHEMBL128,CHEMBL1898,5-hydroxytryptamine receptor 1B,IC50,=,10.0,nM,CHEMBL616640,B,Binding affinity at cloned human 5-hydroxytryptamine 1B receptor stably expressed in CHO cells by [3H]5-HT displacement.,CHEMBL1132157,P28222,5-hydroxytryptamine receptor 1B,IC50,CNS(=O)(=O)Cc1ccc2[nH]cc(CCN(C)C)c2c1,8.0
CHEMBL143890,CHEMBL1898,5-hydroxytryptamine receptor 1B,IC50,=,210.0,nM,CHEMBL616640,B,Binding affinity at cloned human 5-hydroxytryptamine 1B receptor stably expressed in CHO cells by [3H]5-HT displacement.,CHEMBL1132157,P28222,5-hydroxytryptamine receptor 1B,IC50,C[C@@H](NC1CCN(CCCc2c[nH]c3ccc(-n4cnnc4)cc23)CC1)[C@@H](O)c1ccccc1,6.6777807052660805
CHEMBL304857,CHEMBL1898,5-hydroxytryptamine receptor 1B,IC50,=,140.0,nM,CHEMBL616639,B,Displacement of [3H]5-HT binding to cloned 5-hydroxytryptamine 1B receptor stably expressed in CHO cells,CHEMBL1132157,P28222,5-hydroxytryptamine receptor 1B,IC50,CN(Cc1ccccc1)C1CCN(CCCc2c[nH]c3ccc(-n4cnnc4)cc23)CC1,6.853871964321762
CHEMBL148325,CHEMBL1898,5-hydroxytryptamine receptor 1B,IC50,=,140.0,nM,CHEMBL616639,B,Displacement of [3H]5-HT binding to cloned 5-hydroxytryptamine 1B receptor stably expressed in CHO cells,CHEMBL1132157,P28222,5-hydroxytryptamine receptor 1B,IC50,CN(C(=O)Nc1ccccc1)C1CCN(CCCc2c[nH]c3ccc(-n4cnnc4)cc23)CC1,6.853871964321762
CHEMBL147940,CHEMBL1898,5-hydroxytryptamine receptor 1B,IC50,=,8.9,nM,CHEMBL616639,B,Displacement of [3H]5-HT binding to cloned 5-hydroxytryptamine 1B receptor stably expressed in CHO cells,CHEMBL1132157,P28222,5-hydroxytryptamine receptor 1B,IC50,CC(=O)Nc1ccc(CNCC2CCN(CCCc3c[nH]c4ccc(-n5cnnc5)cc34)CC2)cc1,8.050609993355087
CHEMBL342805,CHEMBL1898,5-hydroxytryptamine receptor 1B,IC50,=,120.0,nM,CHEMBL616640,B,Binding affinity at cloned human 5-hydroxytryptamine 1B receptor stably expressed in CHO cells by [3H]5-HT displacement.,CHEMBL1132157,P28222,5-hydroxytryptamine receptor 1B,IC50,NC(=O)OC[C@H](NC1CCN(CCCc2c[nH]c3ccc(-n4cnnc4)cc23)CC1)c1ccccc1,6.920818753952375
CHEMBL2112862,CHEMBL1898,5-hydroxytryptamine receptor 1B,IC50,=,210.0,nM,CHEMBL616639,B,Displacement of [3H]5-HT binding to cloned 5-hydroxytryptamine 1B receptor stably expressed in CHO cells,CHEMBL1132157,P28222,5-hydroxytryptamine receptor 1B,IC50,O[C@@H]1Cc2ccccc2[C@H]1NC1CCN(CCCc2c[nH]c3ccc(-n4cnnc4)cc23)CC1,6.6777807052660805
CHEMBL358072,CHEMBL1898,5-hydroxytryptamine receptor 1B,IC50,=,3.3,nM,CHEMBL616639,B,Displacement of [3H]5-HT binding to cloned 5-hydroxytryptamine 1B receptor stably expressed in CHO cells,CHEMBL1132157,P28222,5-hydroxytryptamine receptor 1B,IC50,c1ccc(NCC2CCN(CCCc3c[nH]c4ccc(-n5cnnc5)cc34)CC2)nc1,8.481486060122112
CHEMBL356808,CHEMBL1898,5-hydroxytryptamine receptor 1B,IC50,=,25.0,nM,CHEMBL616639,B,Displacement of [3H]5-HT binding to cloned 5-hydroxytryptamine 1B receptor stably expressed in CHO cells,CHEMBL1132157,P28222,5-hydroxytryptamine receptor 1B,IC50,c1ccc2c(c1)CCC2NCC1CCN(CCCc2c[nH]c3ccc(-n4cnnc4)cc23)CC1,7.6020599913279625
CHEMBL147853,CHEMBL1898,5-hydroxytryptamine receptor 1B,IC50,=,100.0,nM,CHEMBL616640,B,Binding affinity at cloned human 5-hydroxytryptamine 1B receptor stably expressed in CHO cells by [3H]5-HT displacement.,CHEMBL1132157,P28222,5-hydroxytryptamine receptor 1B,IC50,OC[C@@H](Cc1ccccc1)NC1CCN(CCCc2c[nH]c3ccc(-n4cnnc4)cc23)CC1,7.0
CHEMBL148071,CHEMBL1898,5-hydroxytryptamine receptor 1B,IC50,=,78.0,nM,CHEMBL616640,B,Binding affinity at cloned human 5-hydroxytryptamine 1B receptor stably expressed in CHO cells by [3H]5-HT displacement.,CHEMBL1132157,P28222,5-hydroxytryptamine receptor 1B,IC50,CS(=O)(=O)NC[C@H](NC1CCN(CCCc2c[nH]c3ccc(-n4cnnc4)cc23)CC1)c1ccccc1,7.107905397309519
CHEMBL146729,CHEMBL1898,5-hydroxytryptamine receptor 1B,IC50,=,140.0,nM,CHEMBL616639,B,Displacement of [3H]5-HT binding to cloned 5-hydroxytryptamine 1B receptor stably expressed in CHO cells,CHEMBL1132157,P28222,5-hydroxytryptamine receptor 1B,IC50,c1cc(CNC2CCN(CCCc3c[nH]c4ccc(-n5cnnc5)cc34)CC2)ccn1,6.853871964321762
CHEMBL146023,CHEMBL1898,5-hydroxytryptamine receptor 1B,IC50,=,170.0,nM,CHEMBL616639,B,Displacement of [3H]5-HT binding to cloned 5-hydroxytryptamine 1B receptor stably expressed in CHO cells,CHEMBL1132157,P28222,5-hydroxytryptamine receptor 1B,IC50,CC(=O)Nc1ccc(CCNC2CCN(CCCc3c[nH]c4ccc(-n5cnnc5)cc34)CC2)cc1,6.769551078621726
CHEMBL146129,CHEMBL1898,5-hydroxytryptamine receptor 1B,IC50,=,460.0,nM,CHEMBL616639,B,Displacement of [3H]5-HT binding to cloned 5-hydroxytryptamine 1B receptor stably expressed in CHO cells,CHEMBL1132157,P28222,5-hydroxytryptamine receptor 1B,IC50,O=C1N[C@@H](Cc2ccc3[nH]cc(CCCN4CCC(N[C@@H](CO)c5ccccc5)CC4)c3c2)CO1,6.337242168318426
CHEMBL146628,CHEMBL1898,5-hydroxytryptamine receptor 1B,IC50,=,150.0,nM,CHEMBL616640,B,Binding affinity at cloned human 5-hydroxytryptamine 1B receptor stably expressed in CHO cells by [3H]5-HT displacement.,CHEMBL1132157,P28222,5-hydroxytryptamine receptor 1B,IC50,OCCC(NC1CCN(CCCc2c[nH]c3ccc(-n4cnnc4)cc23)CC1)c1ccccc1,6.823908740944319
CHEMBL146396,CHEMBL1898,5-hydroxytryptamine receptor 1B,IC50,=,81.0,nM,CHEMBL616640,B,Binding affinity at cloned human 5-hydroxytryptamine 1B receptor stably expressed in CHO cells by [3H]5-HT displacement.,CHEMBL1132157,P28222,5-hydroxytryptamine receptor 1B,IC50,CC#CCN(C)C1CCN(CCCc2c[nH]c3ccc(-n4cnnc4)cc23)CC1,7.0915149811213505
CHEMBL148087,CHEMBL1898,5-hydroxytryptamine receptor 1B,IC50,=,95.0,nM,CHEMBL616640,B,Binding affinity at cloned human 5-hydroxytryptamine 1B receptor stably expressed in CHO cells by [3H]5-HT displacement.,CHEMBL1132157,P28222,5-hydroxytryptamine receptor 1B,IC50,C[C@H](NC1CCN(CCCc2c[nH]c3ccc(-n4cnnc4)cc23)CC1)c1ccccc1,7.022276394711152
CHEMBL147555,CHEMBL1898,5-hydroxytryptamine receptor 1B,IC50,=,140.0,nM,CHEMBL616639,B,Displacement of [3H]5-HT binding to cloned 5-hydroxytryptamine 1B receptor stably expressed in CHO cells,CHEMBL1132157,P28222,5-hydroxytryptamine receptor 1B,IC50,CN(Cc1ccc(S(C)(=O)=O)cc1)C1CCN(CCCc2c[nH]c3ccc(-n4cnnc4)cc23)CC1,6.853871964321762
CHEMBL148286,CHEMBL1898,5-hydroxytryptamine receptor 1B,IC50,=,320.0,nM,CHEMBL616639,B,Displacement of [3H]5-HT binding to cloned 5-hydroxytryptamine 1B receptor stably expressed in CHO cells,CHEMBL1132157,P28222,5-hydroxytryptamine receptor 1B,IC50,C=CCN(C)C1CCN(CCCc2c[nH]c3ccc(-n4cnnc4)cc23)CC1,6.494850021680094
CHEMBL147818,CHEMBL1898,5-hydroxytryptamine receptor 1B,IC50,=,13.0,nM,CHEMBL616639,B,Displacement of [3H]5-HT binding to cloned 5-hydroxytryptamine 1B receptor stably expressed in CHO cells,CHEMBL1132157,P28222,5-hydroxytryptamine receptor 1B,IC50,CN(C)C[C@H](NC1CCN(CCCc2c[nH]c3ccc(-n4cnnc4)cc23)CC1)c1ccccc1,7.886056647693163
CHEMBL357408,CHEMBL1898,5-hydroxytryptamine receptor 1B,IC50,=,78.0,nM,CHEMBL616639,B,Displacement of [3H]5-HT binding to cloned 5-hydroxytryptamine 1B receptor stably expressed in CHO cells,CHEMBL1132157,P28222,5-hydroxytryptamine receptor 1B,IC50,c1cc(CNC2CCN(CCCc3c[nH]c4ccc(-n5cnnc5)cc34)CC2)co1,7.107905397309519
CHEMBL147907,CHEMBL1898,5-hydroxytryptamine receptor 1B,IC50,=,110.0,nM,CHEMBL616639,B,Displacement of [3H]5-HT binding to cloned 5-hydroxytryptamine 1B receptor stably expressed in CHO cells,CHEMBL1132157,P28222,5-hydroxytryptamine receptor 1B,IC50,C[C@@H](NC1CCN(CCCc2c[nH]c3ccc(-n4ccnc4)cc23)CC1)c1ccccc1,6.958607314841775
CHEMBL343648,CHEMBL1898,5-hydroxytryptamine receptor 1B,IC50,=,14.0,nM,CHEMBL616639,B,Displacement of [3H]5-HT binding to cloned 5-hydroxytryptamine 1B receptor stably expressed in CHO cells,CHEMBL1132157,P28222,5-hydroxytryptamine receptor 1B,IC50,C[C@@H](NCC1CCN(CCCc2c[nH]c3ccc(-n4cnnc4)cc23)CC1)c1ccccc1,7.853871964321762
CHEMBL146285,CHEMBL1898,5-hydroxytryptamine receptor 1B,IC50,=,230.0,nM,CHEMBL616640,B,Binding affinity at cloned human 5-hydroxytryptamine 1B receptor stably expressed in CHO cells by [3H]5-HT displacement.,CHEMBL1132157,P28222,5-hydroxytryptamine receptor 1B,IC50,CC(NC1CCN(CCCc2c[nH]c3ccc(-n4cnnc4)cc23)CC1)c1ccc(F)cc1,6.638272163982407
CHEMBL145997,CHEMBL1898,5-hydroxytryptamine receptor 1B,IC50,=,76.0,nM,CHEMBL616639,B,Displacement of [3H]5-HT binding to cloned 5-hydroxytryptamine 1B receptor stably expressed in CHO cells,CHEMBL1132157,P28222,5-hydroxytryptamine receptor 1B,IC50,c1ccc(CNC2CCN(CCCc3c[nH]c4ccc(-n5cnnc5)cc34)CC2)nc1,7.119186407719209
CHEMBL144002,CHEMBL1898,5-hydroxytryptamine receptor 1B,IC50,=,420.0,nM,CHEMBL616639,B,Displacement of [3H]5-HT binding to cloned 5-hydroxytryptamine 1B receptor stably expressed in CHO cells,CHEMBL1132157,P28222,5-hydroxytryptamine receptor 1B,IC50,C[C@@H](NC1CCN(CCCc2c[nH]c3ccc(-n4cncn4)cc23)CC1)c1ccccc1,6.376750709602099
CHEMBL146335,CHEMBL1898,5-hydroxytryptamine receptor 1B,IC50,=,45.0,nM,CHEMBL616639,B,Displacement of [3H]5-HT binding to cloned 5-hydroxytryptamine 1B receptor stably expressed in CHO cells,CHEMBL1132157,P28222,5-hydroxytryptamine receptor 1B,IC50,CC(=O)Nc1ccc(CNC2CCN(CCCc3c[nH]c4ccc(-n5cnnc5)cc34)CC2)cc1,7.346787486224656
CHEMBL146991,CHEMBL1898,5-hydroxytryptamine receptor 1B,IC50,=,74.0,nM,CHEMBL616639,B,Displacement of [3H]5-HT binding to cloned 5-hydroxytryptamine 1B receptor stably expressed in CHO cells,CHEMBL1132157,P28222,5-hydroxytryptamine receptor 1B,IC50,Oc1nc2ccccc2n1C1CCN(CCCc2c[nH]c3ccc(-n4cnnc4)cc23)CC1,7.130768280269024
CHEMBL145815,CHEMBL1898,5-hydroxytryptamine receptor 1B,IC50,=,210.0,nM,CHEMBL616640,B,Binding affinity at cloned human 5-hydroxytryptamine 1B receptor stably expressed in CHO cells by [3H]5-HT displacement.,CHEMBL1132157,P28222,5-hydroxytryptamine receptor 1B,IC50,COC[C@H](NC1CCN(CCCc2c[nH]c3ccc(-n4cnnc4)cc23)CC1)c1ccccc1,6.6777807052660805
CHEMBL117046,CHEMBL1898,5-hydroxytryptamine receptor 1B,IC50,=,120.0,nM,CHEMBL616639,B,Displacement of [3H]5-HT binding to cloned 5-hydroxytryptamine 1B receptor stably expressed in CHO cells,CHEMBL1132157,P28222,5-hydroxytryptamine receptor 1B,IC50,c1ccc(CNC2CCN(CCCc3c[nH]c4ccc(-n5cnnc5)cc34)CC2)cc1,6.920818753952375
CHEMBL148233,CHEMBL1898,5-hydroxytryptamine receptor 1B,IC50,=,41.0,nM,CHEMBL616639,B,Displacement of [3H]5-HT binding to cloned 5-hydroxytryptamine 1B receptor stably expressed in CHO cells,CHEMBL1132157,P28222,5-hydroxytryptamine receptor 1B,IC50,CC(C)=CCN(C)C1CCN(CCCc2c[nH]c3ccc(-n4cnnc4)cc23)CC1,7.3872161432802645
CHEMBL148095,CHEMBL1898,5-hydroxytryptamine receptor 1B,IC50,=,280.0,nM,CHEMBL616639,B,Displacement of [3H]5-HT binding to cloned 5-hydroxytryptamine 1B receptor stably expressed in CHO cells,CHEMBL1132157,P28222,5-hydroxytryptamine receptor 1B,IC50,c1ccc2c(c1)CCC2NC1CCN(CCCc2c[nH]c3ccc(-n4cnnc4)cc23)CC1,6.552841968657781
CHEMBL357634,CHEMBL1898,5-hydroxytryptamine receptor 1B,IC50,=,10.0,nM,CHEMBL616639,B,Displacement of [3H]5-HT binding to cloned 5-hydroxytryptamine 1B receptor stably expressed in CHO cells,CHEMBL1132157,P28222,5-hydroxytryptamine receptor 1B,IC50,CN(C1CCN(CCCc2c[nH]c3ccc(-n4cnnc4)cc23)CC1)S(=O)(=O)c1ccccc1,8.0
CHEMBL343217,CHEMBL1898,5-hydroxytryptamine receptor 1B,IC50,=,89.0,nM,CHEMBL616639,B,Displacement of [3H]5-HT binding to cloned 5-hydroxytryptamine 1B receptor stably expressed in CHO cells,CHEMBL1132157,P28222,5-hydroxytryptamine receptor 1B,IC50,COC[C@H](NC1CCN(CCCc2c[nH]c3ccc(-n4cnnc4)cc23)CC1)c1ccc(F)cc1,7.050609993355087
CHEMBL143894,CHEMBL1898,5-hydroxytryptamine receptor 1B,IC50,=,300.0,nM,CHEMBL616639,B,Displacement of [3H]5-HT binding to cloned 5-hydroxytryptamine 1B receptor stably expressed in CHO cells,CHEMBL1132157,P28222,5-hydroxytryptamine receptor 1B,IC50,O[C@H]1Cc2ccccc2C1NC1CCN(CCCc2c[nH]c3ccc(-n4cnnc4)cc23)CC1,6.522878745280337
CHEMBL333341,CHEMBL1898,5-hydroxytryptamine receptor 1B,IC50,=,27.0,nM,CHEMBL616639,B,Displacement of [3H]5-HT binding to cloned 5-hydroxytryptamine 1B receptor stably expressed in CHO cells,CHEMBL1132157,P28222,5-hydroxytryptamine receptor 1B,IC50,CN(Cc1ccccc1)CC1CCN(CCCc2c[nH]c3ccc(-n4cnnc4)cc23)CC1,7.568636235841012
CHEMBL146132,CHEMBL1898,5-hydroxytryptamine receptor 1B,IC50,=,160.0,nM,CHEMBL616640,B,Binding affinity at cloned human 5-hydroxytryptamine 1B receptor stably expressed in CHO cells by [3H]5-HT displacement.,CHEMBL1132157,P28222,5-hydroxytryptamine receptor 1B,IC50,OC[C@@H](NC1CCN(CCCc2c[nH]c3ccc(-n4cnnc4)cc23)CC1)c1ccccc1,6.795880017344075
CHEMBL334923,CHEMBL1898,5-hydroxytryptamine receptor 1B,IC50,=,2691.53,nM,CHEMBL616797,B,Compound was tested for binding affinity against 5-hydroxytryptamine 1B receptor,CHEMBL1134183,P28222,5-hydroxytryptamine receptor 1B,IC50,Cc1csc2c1-n1cccc1/C2=N/OCCN(C)C,5.570000775141681
CHEMBL148110,CHEMBL1898,5-hydroxytryptamine receptor 1B,IC50,=,85.0,nM,CHEMBL616640,B,Binding affinity at cloned human 5-hydroxytryptamine 1B receptor stably expressed in CHO cells by [3H]5-HT displacement.,CHEMBL1132157,P28222,5-hydroxytryptamine receptor 1B,IC50,C[C@@H](NC1CCN(CCCc2c[nH]c3ccc(-n4cnnc4)cc23)CC1)C(=O)Nc1ccccc1,7.070581074285707
CHEMBL149488,CHEMBL1898,5-hydroxytryptamine receptor 1B,IC50,=,100.0,nM,CHEMBL616639,B,Displacement of [3H]5-HT binding to cloned 5-hydroxytryptamine 1B receptor stably expressed in CHO cells,CHEMBL1132157,P28222,5-hydroxytryptamine receptor 1B,IC50,CC(=O)Nc1ccc(CN(C)C2CCN(CCCc3c[nH]c4ccc(-n5cnnc5)cc34)CC2)cc1,7.0
CHEMBL342330,CHEMBL1898,5-hydroxytryptamine receptor 1B,IC50,=,71.0,nM,CHEMBL616640,B,Binding affinity at cloned human 5-hydroxytryptamine 1B receptor stably expressed in CHO cells by [3H]5-HT displacement.,CHEMBL1132157,P28222,5-hydroxytryptamine receptor 1B,IC50,CN(C1CCN(CCCc2c[nH]c3ccc(-n4cnnc4)cc23)CC1)[C@H](CO)c1ccccc1,7.1487416512809245
CHEMBL147546,CHEMBL1898,5-hydroxytryptamine receptor 1B,IC50,=,66.0,nM,CHEMBL616639,B,Displacement of [3H]5-HT binding to cloned 5-hydroxytryptamine 1B receptor stably expressed in CHO cells,CHEMBL1132157,P28222,5-hydroxytryptamine receptor 1B,IC50,CC(=O)Nc1ccc(CCN(C)C2CCN(CCCc3c[nH]c4ccc(-n5cnnc5)cc34)CC2)cc1,7.180456064458131
CHEMBL356315,CHEMBL1898,5-hydroxytryptamine receptor 1B,IC50,=,150.0,nM,CHEMBL616639,B,Displacement of [3H]5-HT binding to cloned 5-hydroxytryptamine 1B receptor stably expressed in CHO cells,CHEMBL1132157,P28222,5-hydroxytryptamine receptor 1B,IC50,C[C@H](O)[C@H](NC1CCN(CCCc2c[nH]c3ccc(-n4cnnc4)cc23)CC1)c1ccccc1,6.823908740944319
CHEMBL143893,CHEMBL1898,5-hydroxytryptamine receptor 1B,IC50,=,28.0,nM,CHEMBL616639,B,Displacement of [3H]5-HT binding to cloned 5-hydroxytryptamine 1B receptor stably expressed in CHO cells,CHEMBL1132157,P28222,5-hydroxytryptamine receptor 1B,IC50,c1ccc(CNCC2CCN(CCCc3c[nH]c4ccc(-n5cnnc5)cc34)CC2)cc1,7.552841968657781
CHEMBL423749,CHEMBL1898,5-hydroxytryptamine receptor 1B,IC50,=,210.0,nM,CHEMBL616640,B,Binding affinity at cloned human 5-hydroxytryptamine 1B receptor stably expressed in CHO cells by [3H]5-HT displacement.,CHEMBL1132157,P28222,5-hydroxytryptamine receptor 1B,IC50,CN(C1CCN(CCCc2c[nH]c3ccc(-n4cnnc4)cc23)CC1)[C@@H](CO)c1ccccc1,6.6777807052660805
CHEMBL148085,CHEMBL1898,5-hydroxytryptamine receptor 1B,IC50,=,200.0,nM,CHEMBL616639,B,Displacement of [3H]5-HT binding to cloned 5-hydroxytryptamine 1B receptor stably expressed in CHO cells,CHEMBL1132157,P28222,5-hydroxytryptamine receptor 1B,IC50,CN(Cc1ccoc1)C1CCN(CCCc2c[nH]c3ccc(-n4cnnc4)cc23)CC1,6.698970004336019
CHEMBL341854,CHEMBL1898,5-hydroxytryptamine receptor 1B,IC50,=,1300.0,nM,CHEMBL616639,B,Displacement of [3H]5-HT binding to cloned 5-hydroxytryptamine 1B receptor stably expressed in CHO cells,CHEMBL1132157,P28222,5-hydroxytryptamine receptor 1B,IC50,OC[C@H](NC1CCN(CCCc2c[nH]c3ccc(Cn4cncn4)cc23)CC1)c1ccccc1,5.886056647693163
CHEMBL434125,CHEMBL1898,5-hydroxytryptamine receptor 1B,IC50,=,100.0,nM,CHEMBL616639,B,Displacement of [3H]5-HT binding to cloned 5-hydroxytryptamine 1B receptor stably expressed in CHO cells,CHEMBL1132157,P28222,5-hydroxytryptamine receptor 1B,IC50,OC[C@H](NC1CCN(CCCc2c[nH]c3ccc(-n4ccnc4)cc23)CC1)c1ccccc1,7.0
CHEMBL146265,CHEMBL1898,5-hydroxytryptamine receptor 1B,IC50,=,34.0,nM,CHEMBL616639,B,Displacement of [3H]5-HT binding to cloned 5-hydroxytryptamine 1B receptor stably expressed in CHO cells,CHEMBL1132157,P28222,5-hydroxytryptamine receptor 1B,IC50,OC[C@@H](NCC1CCN(CCCc2c[nH]c3ccc(-n4cnnc4)cc23)CC1)c1ccccc1,7.468521082957745
CHEMBL293614,CHEMBL1898,5-hydroxytryptamine receptor 1B,IC50,=,25.0,nM,CHEMBL616643,B,Displacement of specific [3H]5-HT binding to cloned human 5-hydroxytryptamine 1B receptor expressed in CHO cells,CHEMBL1132237,P28222,5-hydroxytryptamine receptor 1B,IC50,Fc1ccc(CCC2(F)CCN(CCCc3c[nH]c4ccc(-n5cnnc5)cc34)CC2)cc1,7.6020599913279625
CHEMBL91534,CHEMBL1898,5-hydroxytryptamine receptor 1B,IC50,=,220.0,nM,CHEMBL616643,B,Displacement of specific [3H]5-HT binding to cloned human 5-hydroxytryptamine 1B receptor expressed in CHO cells,CHEMBL1132237,P28222,5-hydroxytryptamine receptor 1B,IC50,CN(Cc1ccccc1)[C@H]1CCN(CCCc2c[nH]c3ccc(-n4cnnc4)cc23)C[C@H]1F,6.657577319177793
CHEMBL294547,CHEMBL1898,5-hydroxytryptamine receptor 1B,IC50,=,19.0,nM,CHEMBL616643,B,Displacement of specific [3H]5-HT binding to cloned human 5-hydroxytryptamine 1B receptor expressed in CHO cells,CHEMBL1132237,P28222,5-hydroxytryptamine receptor 1B,IC50,c1ccc(CC2CCN(CCCc3c[nH]c4ccc(-n5cnnc5)cc34)CC2)cc1,7.721246399047171
CHEMBL304197,CHEMBL1898,5-hydroxytryptamine receptor 1B,IC50,=,360.0,nM,CHEMBL616643,B,Displacement of specific [3H]5-HT binding to cloned human 5-hydroxytryptamine 1B receptor expressed in CHO cells,CHEMBL1132237,P28222,5-hydroxytryptamine receptor 1B,IC50,OC(Cc1c[nH]c2ccc(-n3cnnc3)cc12)CN1CCN(Cc2ccccc2)CC1,6.443697499232712
CHEMBL64003,CHEMBL1898,5-hydroxytryptamine receptor 1B,IC50,=,1300.0,nM,CHEMBL616643,B,Displacement of specific [3H]5-HT binding to cloned human 5-hydroxytryptamine 1B receptor expressed in CHO cells,CHEMBL1132237,P28222,5-hydroxytryptamine receptor 1B,IC50,FC(F)(Cc1c[nH]c2ccc(-n3cnnc3)cc12)CN1CCC(Cc2ccccc2)CC1,5.886056647693163
CHEMBL65215,CHEMBL1898,5-hydroxytryptamine receptor 1B,IC50,=,1000.0,nM,CHEMBL616643,B,Displacement of specific [3H]5-HT binding to cloned human 5-hydroxytryptamine 1B receptor expressed in CHO cells,CHEMBL1132237,P28222,5-hydroxytryptamine receptor 1B,IC50,CC(CN1CCN(CC(F)(F)Cc2c[nH]c3ccc(-n4cnnc4)cc23)CC1)c1ccc(F)cc1,6.0
CHEMBL416688,CHEMBL1898,5-hydroxytryptamine receptor 1B,IC50,=,1200.0,nM,CHEMBL616643,B,Displacement of specific [3H]5-HT binding to cloned human 5-hydroxytryptamine 1B receptor expressed in CHO cells,CHEMBL1132237,P28222,5-hydroxytryptamine receptor 1B,IC50,CN(Cc1ccccc1)C1CCN(CC(F)Cc2c[nH]c3ccc(-n4cnnc4)cc23)CC1,5.920818753952375
CHEMBL63167,CHEMBL1898,5-hydroxytryptamine receptor 1B,IC50,=,14.0,nM,CHEMBL616643,B,Displacement of specific [3H]5-HT binding to cloned human 5-hydroxytryptamine 1B receptor expressed in CHO cells,CHEMBL1132237,P28222,5-hydroxytryptamine receptor 1B,IC50,FC1(Cc2ccccc2C(F)(F)F)CCN(CCCc2c[nH]c3ccc(-n4cnnc4)cc23)CC1,7.853871964321762
CHEMBL63799,CHEMBL1898,5-hydroxytryptamine receptor 1B,IC50,=,22.0,nM,CHEMBL616643,B,Displacement of specific [3H]5-HT binding to cloned human 5-hydroxytryptamine 1B receptor expressed in CHO cells,CHEMBL1132237,P28222,5-hydroxytryptamine receptor 1B,IC50,Fc1cccc(CCC2(F)CCN(CCCc3c[nH]c4ccc(-n5cnnc5)cc34)CC2)c1,7.657577319177793
CHEMBL65321,CHEMBL1898,5-hydroxytryptamine receptor 1B,IC50,=,280.0,nM,CHEMBL616643,B,Displacement of specific [3H]5-HT binding to cloned human 5-hydroxytryptamine 1B receptor expressed in CHO cells,CHEMBL1132237,P28222,5-hydroxytryptamine receptor 1B,IC50,CC(CN1CCN(CC(F)Cc2c[nH]c3ccc(-n4cnnc4)cc23)CC1)c1cccc(F)c1,6.552841968657781
CHEMBL67367,CHEMBL1898,5-hydroxytryptamine receptor 1B,IC50,=,2100.0,nM,CHEMBL616643,B,Displacement of specific [3H]5-HT binding to cloned human 5-hydroxytryptamine 1B receptor expressed in CHO cells,CHEMBL1132237,P28222,5-hydroxytryptamine receptor 1B,IC50,CN(Cc1ccccc1)C1CCN(CC(F)(F)Cc2c[nH]c3ccc(-n4cnnc4)cc23)CC1,5.6777807052660805
CHEMBL304833,CHEMBL1898,5-hydroxytryptamine receptor 1B,IC50,=,380.0,nM,CHEMBL616643,B,Displacement of specific [3H]5-HT binding to cloned human 5-hydroxytryptamine 1B receptor expressed in CHO cells,CHEMBL1132237,P28222,5-hydroxytryptamine receptor 1B,IC50,CC(CN1CCN(CC(F)Cc2c[nH]c3ccc(-n4cnnc4)cc23)CC1)c1ccccc1F,6.42021640338319
CHEMBL68019,CHEMBL1898,5-hydroxytryptamine receptor 1B,IC50,=,5800.0,nM,CHEMBL616643,B,Displacement of specific [3H]5-HT binding to cloned human 5-hydroxytryptamine 1B receptor expressed in CHO cells,CHEMBL1132237,P28222,5-hydroxytryptamine receptor 1B,IC50,FC(F)(Cc1c[nH]c2ccc(-n3cnnc3)cc12)CN1CCC(CCc2ccccc2)CC1,5.236572006437063
CHEMBL292262,CHEMBL1898,5-hydroxytryptamine receptor 1B,IC50,=,520.0,nM,CHEMBL616643,B,Displacement of specific [3H]5-HT binding to cloned human 5-hydroxytryptamine 1B receptor expressed in CHO cells,CHEMBL1132237,P28222,5-hydroxytryptamine receptor 1B,IC50,Fc1ccccc1CCN1CCN(CC(F)Cc2c[nH]c3ccc(-n4cnnc4)cc23)CC1,6.2839966563652006
CHEMBL2114036,CHEMBL1898,5-hydroxytryptamine receptor 1B,IC50,=,680.0,nM,CHEMBL616643,B,Displacement of specific [3H]5-HT binding to cloned human 5-hydroxytryptamine 1B receptor expressed in CHO cells,CHEMBL1132237,P28222,5-hydroxytryptamine receptor 1B,IC50,Fc1cccc(CCN2CCN(C[C@@H](F)Cc3c[nH]c4ccc(-n5cnnc5)cc34)CC2)c1,6.167491087293763
CHEMBL2114038,CHEMBL1898,5-hydroxytryptamine receptor 1B,IC50,=,170.0,nM,CHEMBL616643,B,Displacement of specific [3H]5-HT binding to cloned human 5-hydroxytryptamine 1B receptor expressed in CHO cells,CHEMBL1132237,P28222,5-hydroxytryptamine receptor 1B,IC50,F[C@H]1CN(CCCc2c[nH]c3ccc(-n4cnnc4)cc23)CC[C@@H]1NCc1ccccc1C(F)(F)F,6.769551078621726
CHEMBL65765,CHEMBL1898,5-hydroxytryptamine receptor 1B,IC50,=,5.3,nM,CHEMBL616643,B,Displacement of specific [3H]5-HT binding to cloned human 5-hydroxytryptamine 1B receptor expressed in CHO cells,CHEMBL1132237,P28222,5-hydroxytryptamine receptor 1B,IC50,Fc1cccc(CC2(F)CCN(CCCc3c[nH]c4ccc(-n5cnnc5)cc34)CC2)c1,8.275724130399212
CHEMBL305301,CHEMBL1898,5-hydroxytryptamine receptor 1B,IC50,=,1600.0,nM,CHEMBL616643,B,Displacement of specific [3H]5-HT binding to cloned human 5-hydroxytryptamine 1B receptor expressed in CHO cells,CHEMBL1132237,P28222,5-hydroxytryptamine receptor 1B,IC50,Fc1cccc(CCN2CCN(CC(F)(F)Cc3c[nH]c4ccc(-n5cnnc5)cc34)CC2)c1,5.795880017344075
CHEMBL2114040,CHEMBL1898,5-hydroxytryptamine receptor 1B,IC50,=,13.0,nM,CHEMBL616643,B,Displacement of specific [3H]5-HT binding to cloned human 5-hydroxytryptamine 1B receptor expressed in CHO cells,CHEMBL1132237,P28222,5-hydroxytryptamine receptor 1B,IC50,CN(Cc1ccccc1)[C@H]1CCN(CCCc2c[nH]c3ccc(-n4cnnc4)cc23)C[C@@H]1F,7.886056647693163
CHEMBL2114039,CHEMBL1898,5-hydroxytryptamine receptor 1B,IC50,=,220.0,nM,CHEMBL616643,B,Displacement of specific [3H]5-HT binding to cloned human 5-hydroxytryptamine 1B receptor expressed in CHO cells,CHEMBL1132237,P28222,5-hydroxytryptamine receptor 1B,IC50,CN(Cc1ccccc1C(F)(F)F)[C@H]1CCN(CCCc2c[nH]c3ccc(-n4cnnc4)cc23)C[C@@H]1F,6.657577319177793
CHEMBL432332,CHEMBL1898,5-hydroxytryptamine receptor 1B,IC50,=,62.0,nM,CHEMBL616643,B,Displacement of specific [3H]5-HT binding to cloned human 5-hydroxytryptamine 1B receptor expressed in CHO cells,CHEMBL1132237,P28222,5-hydroxytryptamine receptor 1B,IC50,FC(Cc1c[nH]c2ccc(-n3cnnc3)cc12)CN1CCC(Cc2ccccc2)CC1,7.207608310501746
CHEMBL2115111,CHEMBL1898,5-hydroxytryptamine receptor 1B,IC50,=,300.0,nM,CHEMBL616643,B,Displacement of specific [3H]5-HT binding to cloned human 5-hydroxytryptamine 1B receptor expressed in CHO cells,CHEMBL1132237,P28222,5-hydroxytryptamine receptor 1B,IC50,F[C@@H]1CN(CCCc2c[nH]c3ccc(-n4cnnc4)cc23)CC[C@@H]1NCc1ccccc1C(F)(F)F,6.522878745280337
CHEMBL63258,CHEMBL1898,5-hydroxytryptamine receptor 1B,IC50,=,1000.0,nM,CHEMBL616643,B,Displacement of specific [3H]5-HT binding to cloned human 5-hydroxytryptamine 1B receptor expressed in CHO cells,CHEMBL1132237,P28222,5-hydroxytryptamine receptor 1B,IC50,FC(F)(Cc1c[nH]c2ccc(-n3cnnc3)cc12)CN1CCC(OCc2ccccc2)CC1,6.0
CHEMBL65824,CHEMBL1898,5-hydroxytryptamine receptor 1B,IC50,=,3.1,nM,CHEMBL616643,B,Displacement of specific [3H]5-HT binding to cloned human 5-hydroxytryptamine 1B receptor expressed in CHO cells,CHEMBL1132237,P28222,5-hydroxytryptamine receptor 1B,IC50,Fc1ccccc1CC1(F)CCN(CCCc2c[nH]c3ccc(-n4cnnc4)cc23)CC1,8.508638306165727
CHEMBL63432,CHEMBL1898,5-hydroxytryptamine receptor 1B,IC50,=,1000.0,nM,CHEMBL616643,B,Displacement of specific [3H]5-HT binding to cloned human 5-hydroxytryptamine 1B receptor expressed in CHO cells,CHEMBL1132237,P28222,5-hydroxytryptamine receptor 1B,IC50,Fc1cccc(CCN2CCN(CC(F)Cc3c[nH]c4ccc(-n5cnnc5)cc34)CC2)c1,6.0
CHEMBL303997,CHEMBL1898,5-hydroxytryptamine receptor 1B,IC50,=,7200.0,nM,CHEMBL616643,B,Displacement of specific [3H]5-HT binding to cloned human 5-hydroxytryptamine 1B receptor expressed in CHO cells,CHEMBL1132237,P28222,5-hydroxytryptamine receptor 1B,IC50,FC(F)(Cc1c[nH]c2ccc(-n3cnnc3)cc12)CN1CCC(COc2ccccc2)CC1,5.142667503568731
CHEMBL2115112,CHEMBL1898,5-hydroxytryptamine receptor 1B,IC50,=,220.0,nM,CHEMBL616643,B,Displacement of specific [3H]5-HT binding to cloned human 5-hydroxytryptamine 1B receptor expressed in CHO cells,CHEMBL1132237,P28222,5-hydroxytryptamine receptor 1B,IC50,CN(Cc1ccccc1C(F)(F)F)[C@H]1CCN(CCCc2c[nH]c3ccc(-n4cnnc4)cc23)C[C@H]1F,6.657577319177793
CHEMBL303514,CHEMBL1898,5-hydroxytryptamine receptor 1B,IC50,=,540.0,nM,CHEMBL616643,B,Displacement of specific [3H]5-HT binding to cloned human 5-hydroxytryptamine 1B receptor expressed in CHO cells,CHEMBL1132237,P28222,5-hydroxytryptamine receptor 1B,IC50,Fc1ccc(CCN2CCN(CC(F)Cc3c[nH]c4ccc(-n5cnnc5)cc34)CC2)cc1,6.267606240177031
CHEMBL305062,CHEMBL1898,5-hydroxytryptamine receptor 1B,IC50,=,3000.0,nM,CHEMBL616643,B,Displacement of specific [3H]5-HT binding to cloned human 5-hydroxytryptamine 1B receptor expressed in CHO cells,CHEMBL1132237,P28222,5-hydroxytryptamine receptor 1B,IC50,FC(Cc1c[nH]c2ccc(-n3cnnc3)cc12)CN1CCC(OCc2ccccc2)CC1,5.522878745280337
CHEMBL64004,CHEMBL1898,5-hydroxytryptamine receptor 1B,IC50,=,310.0,nM,CHEMBL616643,B,Displacement of specific [3H]5-HT binding to cloned human 5-hydroxytryptamine 1B receptor expressed in CHO cells,CHEMBL1132237,P28222,5-hydroxytryptamine receptor 1B,IC50,CC(CN1CCN(CC(F)Cc2c[nH]c3ccc(-n4cnnc4)cc23)CC1)c1ccc(F)cc1,6.508638306165727
CHEMBL67684,CHEMBL1898,5-hydroxytryptamine receptor 1B,IC50,=,28.0,nM,CHEMBL616643,B,Displacement of specific [3H]5-HT binding to cloned human 5-hydroxytryptamine 1B receptor expressed in CHO cells,CHEMBL1132237,P28222,5-hydroxytryptamine receptor 1B,IC50,CC(CC1(F)CCN(CCCc2c[nH]c3ccc(-n4cnnc4)cc23)CC1)c1ccccc1,7.552841968657781
CHEMBL65367,CHEMBL1898,5-hydroxytryptamine receptor 1B,IC50,=,11.0,nM,CHEMBL616643,B,Displacement of specific [3H]5-HT binding to cloned human 5-hydroxytryptamine 1B receptor expressed in CHO cells,CHEMBL1132237,P28222,5-hydroxytryptamine receptor 1B,IC50,c1ccc(CN2CCN(CCCc3c[nH]c4ccc(-n5cnnc5)cc34)CC2)cc1,7.958607314841775
CHEMBL292779,CHEMBL1898,5-hydroxytryptamine receptor 1B,IC50,=,72.0,nM,CHEMBL616643,B,Displacement of specific [3H]5-HT binding to cloned human 5-hydroxytryptamine 1B receptor expressed in CHO cells,CHEMBL1132237,P28222,5-hydroxytryptamine receptor 1B,IC50,Fc1cccc(CCN2CCN(CCCc3c[nH]c4ccc(-n5cnnc5)cc34)CC2)c1,7.142667503568731
CHEMBL63432,CHEMBL1898,5-hydroxytryptamine receptor 1B,IC50,=,1200.0,nM,CHEMBL616643,B,Displacement of specific [3H]5-HT binding to cloned human 5-hydroxytryptamine 1B receptor expressed in CHO cells,CHEMBL1132237,P28222,5-hydroxytryptamine receptor 1B,IC50,Fc1cccc(CCN2CCN(CC(F)Cc3c[nH]c4ccc(-n5cnnc5)cc34)CC2)c1,5.920818753952375
CHEMBL433108,CHEMBL1898,5-hydroxytryptamine receptor 1B,IC50,=,1800.0,nM,CHEMBL616643,B,Displacement of specific [3H]5-HT binding to cloned human 5-hydroxytryptamine 1B receptor expressed in CHO cells,CHEMBL1132237,P28222,5-hydroxytryptamine receptor 1B,IC50,CC(CN1CCN(CC(F)(F)Cc2c[nH]c3ccc(-n4cnnc4)cc23)CC1)c1ccccc1,5.7447274948966935
CHEMBL304993,CHEMBL1898,5-hydroxytryptamine receptor 1B,IC50,=,930.0,nM,CHEMBL616643,B,Displacement of specific [3H]5-HT binding to cloned human 5-hydroxytryptamine 1B receptor expressed in CHO cells,CHEMBL1132237,P28222,5-hydroxytryptamine receptor 1B,IC50,FC(Cc1c[nH]c2ccc(-n3cnnc3)cc12)CN1CCN(CCc2ccccc2)CC1,6.031517051446064
CHEMBL294732,CHEMBL1898,5-hydroxytryptamine receptor 1B,IC50,=,15.0,nM,CHEMBL616643,B,Displacement of specific [3H]5-HT binding to cloned human 5-hydroxytryptamine 1B receptor expressed in CHO cells,CHEMBL1132237,P28222,5-hydroxytryptamine receptor 1B,IC50,FC1(Cc2ccccc2)CCN(CCCc2c[nH]c3ccc(-n4cnnc4)cc23)CC1,7.823908740944319
CHEMBL293678,CHEMBL1898,5-hydroxytryptamine receptor 1B,IC50,=,49.0,nM,CHEMBL616643,B,Displacement of specific [3H]5-HT binding to cloned human 5-hydroxytryptamine 1B receptor expressed in CHO cells,CHEMBL1132237,P28222,5-hydroxytryptamine receptor 1B,IC50,FC1(CCc2ccccc2)CCN(CCCc2c[nH]c3ccc(-n4cnnc4)cc23)CC1,7.309803919971486
CHEMBL304857,CHEMBL1898,5-hydroxytryptamine receptor 1B,IC50,=,140.0,nM,CHEMBL616643,B,Displacement of specific [3H]5-HT binding to cloned human 5-hydroxytryptamine 1B receptor expressed in CHO cells,CHEMBL1132237,P28222,5-hydroxytryptamine receptor 1B,IC50,CN(Cc1ccccc1)C1CCN(CCCc2c[nH]c3ccc(-n4cnnc4)cc23)CC1,6.853871964321762
CHEMBL67460,CHEMBL1898,5-hydroxytryptamine receptor 1B,IC50,=,16.0,nM,CHEMBL616643,B,Displacement of specific [3H]5-HT binding to cloned human 5-hydroxytryptamine 1B receptor expressed in CHO cells,CHEMBL1132237,P28222,5-hydroxytryptamine receptor 1B,IC50,Fc1ccccc1CCC1(F)CCN(CCCc2c[nH]c3ccc(-n4cnnc4)cc23)CC1,7.795880017344075
CHEMBL364005,CHEMBL1898,5-hydroxytryptamine receptor 1B,IC50,=,110.0,nM,CHEMBL880615,B,Inhibitory activity against 5-hydroxytryptamine 1B receptor in calf,CHEMBL1141036,P28222,5-hydroxytryptamine receptor 1B,IC50,Cc1[nH]c2ccc(Cl)cc2c1C1=CCNCC1,6.958607314841775
CHEMBL194837,CHEMBL1898,5-hydroxytryptamine receptor 1B,IC50,=,0.2,nM,CHEMBL881488,B,Inhibitory concentration against 5-hydroxytryptamine 1B receptor,CHEMBL1140405,P28222,5-hydroxytryptamine receptor 1B,IC50,Cc1cc(OCCN(C)C)nc2ccc(NC(=O)COc3ccc(Cl)cc3Cl)cc12,9.698970004336019
CHEMBL189118,CHEMBL1898,5-hydroxytryptamine receptor 1B,IC50,=,800.0,nM,CHEMBL881488,B,Inhibitory concentration against 5-hydroxytryptamine 1B receptor,CHEMBL1140405,P28222,5-hydroxytryptamine receptor 1B,IC50,Cc1cc(N(C)CCN(C)C)nc2ccc(NC(=O)/C=C/c3ccc(OC(F)(F)F)cc3)cc12,6.096910013008056
CHEMBL39,CHEMBL1898,5-hydroxytryptamine receptor 1B,IC50,=,29.0,nM,CHEMBL947380,B,Displacement of radiolabeled serotonin from human 5HT1B receptor,CHEMBL1140203,P28222,5-hydroxytryptamine receptor 1B,IC50,NCCc1c[nH]c2ccc(O)cc12,7.537602002101044
CHEMBL39,CHEMBL1898,5-hydroxytryptamine receptor 1B,IC50,=,16.0,nM,CHEMBL983896,B,Inhibition of 5HT1B receptor,CHEMBL1155111,P28222,5-hydroxytryptamine receptor 1B,IC50,NCCc1c[nH]c2ccc(O)cc12,7.795880017344075
CHEMBL1275709,CHEMBL1898,5-hydroxytryptamine receptor 1B,IC50,=,340.0,nM,CHEMBL1285518,B,Binding affinity to 5HT1B receptor,CHEMBL1275372,P28222,5-hydroxytryptamine receptor 1B,IC50,CN(C)[C@@H]1CC[C@H](c2c[nH]c3ccc(C#N)cc23)C1,6.468521082957745
CHEMBL1275791,CHEMBL1898,5-hydroxytryptamine receptor 1B,IC50,=,500.0,nM,CHEMBL1285518,B,Binding affinity to 5HT1B receptor,CHEMBL1275372,P28222,5-hydroxytryptamine receptor 1B,IC50,CN(C)[C@H]1CC[C@@H](c2c[nH]c3ccc(F)cc23)C1,6.301029995663981
CHEMBL1911194,CHEMBL1898,5-hydroxytryptamine receptor 1B,IC50,=,10000.0,nM,CHEMBL1913483,B,Inhibition of 5-HT1B,CHEMBL1909512,P28222,5-hydroxytryptamine receptor 1B,IC50,Cc1nnc(-c2ccc(C)c(-c3ccc4c(c3)NC(=O)C43CCOCC3)c2)[nH]1,5.0
CHEMBL2203713,CHEMBL1898,5-hydroxytryptamine receptor 1B,IC50,=,2200.0,nM,CHEMBL2210243,B,Inhibition of 5HT1B receptor,CHEMBL2203205,P28222,5-hydroxytryptamine receptor 1B,IC50,N=C(Nc1ccc2c(c1)CCN2C1CCNCC1)c1cccs1,5.657577319177793
CHEMBL39,CHEMBL1898,5-hydroxytryptamine receptor 1B,IC50,=,12.0,nM,CHEMBL2394827,B,Binding affinity to 5-HT1B receptor (unknown origin) by radioligand displacement assay,CHEMBL2390917,P28222,5-hydroxytryptamine receptor 1B,IC50,NCCc1c[nH]c2ccc(O)cc12,7.920818753952375
CHEMBL39,CHEMBL1898,5-hydroxytryptamine receptor 1B,IC50,=,6.5,nM,CHEMBL2394928,B,Binding affinity to human 5-HT1B receptor by radioligand displacement assay,CHEMBL2390830,P28222,5-hydroxytryptamine receptor 1B,IC50,NCCc1c[nH]c2ccc(O)cc12,8.187086643357144
CHEMBL3126382,CHEMBL1898,5-hydroxytryptamine receptor 1B,IC50,=,100.0,nM,CHEMBL3131869,B,Binding affinity to human 5HT1B receptor,CHEMBL3124822,P28222,5-hydroxytryptamine receptor 1B,IC50,CC(=O)O.O=S(=O)(c1cccc(CCCCOCCCCCCNC[C@H](O)c2ccc(O)c(CO)c2)c1)C1CCCC1,7.0
CHEMBL3286557,CHEMBL1898,5-hydroxytryptamine receptor 1B,IC50,=,610.0,nM,CHEMBL3292429,B,Binding affinity to 5HT1B receptor (unknown origin),CHEMBL3286089,P28222,5-hydroxytryptamine receptor 1B,IC50,CNc1nc(C(F)(F)c2ccccc2)nc2c1CCNCC2,6.214670164989233
CHEMBL3608450,CHEMBL1898,5-hydroxytryptamine receptor 1B,IC50,=,1000.0,nM,CHEMBL3610628,B,Agonist activity at 5HT1B receptor (unknown origin),CHEMBL3608284,P28222,5-hydroxytryptamine receptor 1B,IC50,COc1cc2c3c(c1OC)-c1cc4c(cc1CC3N(C)CC2c1ccccc1)OCO4,6.0
CHEMBL65367,CHEMBL1898,5-hydroxytryptamine receptor 1B,IC50,=,11.0,nM,CHEMBL3635489,B,Displacement of [3H]-5-HT from human 5HT-1B receptor expressed in CHO cells,CHEMBL3632481,P28222,5-hydroxytryptamine receptor 1B,IC50,c1ccc(CN2CCN(CCCc3c[nH]c4ccc(-n5cnnc5)cc34)CC2)cc1,7.958607314841775
CHEMBL294547,CHEMBL1898,5-hydroxytryptamine receptor 1B,IC50,=,19.0,nM,CHEMBL3635489,B,Displacement of [3H]-5-HT from human 5HT-1B receptor expressed in CHO cells,CHEMBL3632481,P28222,5-hydroxytryptamine receptor 1B,IC50,c1ccc(CC2CCN(CCCc3c[nH]c4ccc(-n5cnnc5)cc34)CC2)cc1,7.721246399047171
CHEMBL294732,CHEMBL1898,5-hydroxytryptamine receptor 1B,IC50,=,15.0,nM,CHEMBL3635489,B,Displacement of [3H]-5-HT from human 5HT-1B receptor expressed in CHO cells,CHEMBL3632481,P28222,5-hydroxytryptamine receptor 1B,IC50,FC1(Cc2ccccc2)CCN(CCCc2c[nH]c3ccc(-n4cnnc4)cc23)CC1,7.823908740944319
CHEMBL4851044,CHEMBL1898,5-hydroxytryptamine receptor 1B,IC50,=,2158.5,nM,CHEMBL4830578,B,Binding affinity to human 5HT1B receptor,CHEMBL4828744,P28222,5-hydroxytryptamine receptor 1B,IC50,CN1CCC(=C(F)c2cccc(NC(=O)c3c(F)cc(F)cc3F)n2)CC1,5.665847947007713
CHEMBL5398630,CHEMBL1898,5-hydroxytryptamine receptor 1B,IC50,=,1990.0,nM,CHEMBL5372873,B,Displacement of [3H] GR125743 from human recombinant 5-HT1B receptor expressed in human Chem-1 cells incubated for 90 mins by spectrophotometric analysis,CHEMBL5370593,P28222,5-hydroxytryptamine receptor 1B,IC50,O=C(O)/C=C/C(=O)O.[2H]C([2H])(Cc1c[nH]c2ccccc12)N(C)C,5.701146923590294
CHEMBL3183055,CHEMBL1898,5-hydroxytryptamine receptor 1B,IC50,=,2420.0,nM,CHEMBL5372873,B,Displacement of [3H] GR125743 from human recombinant 5-HT1B receptor expressed in human Chem-1 cells incubated for 90 mins by spectrophotometric analysis,CHEMBL5370593,P28222,5-hydroxytryptamine receptor 1B,IC50,CN(C)CCc1c[nH]c2ccccc12.O=C(O)/C=C/C(=O)O,5.616184634019569
CHEMBL5559740,CHEMBL1898,5-hydroxytryptamine receptor 1B,IC50,=,2170.0,nM,CHEMBL5510304,B,Inhibition of HTR1B (unknown origin),CHEMBL5506029,P28222,5-hydroxytryptamine receptor 1B,IC50,CC(C)Oc1nc2nc(C34COC(C)(C3)C4)cn2cc1C(=O)Nc1cccn(C2CC2)c1=O,5.66354026615147
CHEMBL39,CHEMBL1898,5-hydroxytryptamine receptor 1B,IC50,=,9.0,nM,CHEMBL5721256,B,Inhibition of 5HT1B (unknown origin),CHEMBL5715956,P28222,5-hydroxytryptamine receptor 1B,IC50,NCCc1c[nH]c2ccc(O)cc12,8.045757490560675
CHEMBL323986,CHEMBL1898,5-hydroxytryptamine receptor 1B,EC50,=,1.9,nM,CHEMBL883243,B,The compound was evaluated for intrinsic activity against human cloned 5-hydroxytryptamine 1B receptor,CHEMBL1150041,P28222,5-hydroxytryptamine receptor 1B,EC50,COc1ccc(NC(=O)N2CCN(c3ccc(C)cc3C)CC2)cc1N1CCN(C)CC1.O=C(O)/C=C/C(=O)O,8.721246399047171
CHEMBL111302,CHEMBL1898,5-hydroxytryptamine receptor 1B,EC50,=,10.0,nM,CHEMBL883243,B,The compound was evaluated for intrinsic activity against human cloned 5-hydroxytryptamine 1B receptor,CHEMBL1150041,P28222,5-hydroxytryptamine receptor 1B,EC50,COc1ccc(NC(=O)N2CCN(c3c(C)cccc3C)CC2)cc1N1CCN(C)CC1.O=C(O)/C=C/C(=O)O,8.0
CHEMBL39,CHEMBL1898,5-hydroxytryptamine receptor 1B,EC50,=,30.0,nM,CHEMBL883242,B,Inhibition of Forskolin-stimulated adenylate cyclase activity against 5-hydroxytryptamine 1A receptor of guinea pig hippocampus,CHEMBL1124862,P28222,5-hydroxytryptamine receptor 1B,EC50,NCCc1c[nH]c2ccc(O)cc12,7.522878745280337
CHEMBL4064865,CHEMBL1898,5-hydroxytryptamine receptor 1B,EC50,=,570.0,nM,CHEMBL4015801,B,Agonist activity at 5-HT1B receptor (unknown origin),CHEMBL4014321,P28222,5-hydroxytryptamine receptor 1B,EC50,O=C1CCc2cc3cc(c2N1Cc1ccccc1)OC/C=C/CO[C@H]1C[C@@H](CO)N(C1)c1cc(n2ncc(Cl)c2n1)N3,6.2441251443275085
CHEMBL5078078,CHEMBL1898,5-hydroxytryptamine receptor 1B,EC50,=,2800.0,nM,CHEMBL5304953,B,Safety47 Scan (DiscoverX - Eurofins),CHEMBL5303768,P28222,5-hydroxytryptamine receptor 1B,EC50,CC(C)(O)c1ccc(N2Cc3c(ccnc3-c3ccc(F)cc3OCC(F)(F)F)C2=O)cc1,5.552841968657781
