molecule_chembl_id,target_chembl_id,target_pref_name,standard_type,standard_relation,standard_value,standard_units,assay_chembl_id,assay_type,assay_description,document_chembl_id,uniprot_id,target_pref_name,readout,smiles,pActivity
CHEMBL306457,CHEMBL2413,C-C chemokine receptor type 1,IC50,=,540.0,nM,CHEMBL655681,B,Inhibition of CCL3 binding to C-C chemokine receptor type 1,CHEMBL1147552,P32246,C-C chemokine receptor type 1,IC50,NC(=O)C(C[C@H](O)[C@H](Cc1ccccc1)NC(=O)c1cnc2ccccc2n1)C1(O)CCCCC1,6.267606240177031
CHEMBL66457,CHEMBL2413,C-C chemokine receptor type 1,IC50,=,580.0,nM,CHEMBL655681,B,Inhibition of CCL3 binding to C-C chemokine receptor type 1,CHEMBL1147552,P32246,C-C chemokine receptor type 1,IC50,CC(C)(O)CC[C@H](C[C@H](O)[C@H](Cc1ccccc1)NC(=O)c1cnc2ccccc2n1)C(N)=O,6.236572006437063
CHEMBL304053,CHEMBL2413,C-C chemokine receptor type 1,IC50,=,52.0,nM,CHEMBL655681,B,Inhibition of CCL3 binding to C-C chemokine receptor type 1,CHEMBL1147552,P32246,C-C chemokine receptor type 1,IC50,CC(C)(O)CCC(C[C@H](O)[C@H](Cc1ccccc1F)NC(=O)c1cnc2ccccc2n1)C(N)=O,7.2839966563652006
CHEMBL68366,CHEMBL2413,C-C chemokine receptor type 1,IC50,=,9.0,nM,CHEMBL655681,B,Inhibition of CCL3 binding to C-C chemokine receptor type 1,CHEMBL1147552,P32246,C-C chemokine receptor type 1,IC50,CC(C)(F)CC[C@H](C[C@H](O)[C@H](Cc1ccccc1)NC(=O)c1cnc2ccccc2n1)C(N)=O,8.045757490560675
CHEMBL69876,CHEMBL2413,C-C chemokine receptor type 1,IC50,=,3460.0,nM,CHEMBL655681,B,Inhibition of CCL3 binding to C-C chemokine receptor type 1,CHEMBL1147552,P32246,C-C chemokine receptor type 1,IC50,NC(=O)C(C[C@H](O)[C@H](Cc1ccccc1)NC(=O)c1cnc2ccccc2n1)C1CCOCC1,5.460923901207224
CHEMBL303673,CHEMBL2413,C-C chemokine receptor type 1,IC50,=,7.0,nM,CHEMBL655681,B,Inhibition of CCL3 binding to C-C chemokine receptor type 1,CHEMBL1147552,P32246,C-C chemokine receptor type 1,IC50,O=C(N[C@@H](Cc1ccccc1)[C@@H](O)CC(C(=O)NO)C1CCC(F)(F)CC1)c1cnc2ccccc2n1,8.154901959985743
CHEMBL71499,CHEMBL2413,C-C chemokine receptor type 1,IC50,=,5600.0,nM,CHEMBL655681,B,Inhibition of CCL3 binding to C-C chemokine receptor type 1,CHEMBL1147552,P32246,C-C chemokine receptor type 1,IC50,CN1CCN(C(=O)C(CCC(C)(C)F)C[C@H](O)[C@H](Cc2ccccc2)NC(=O)c2cnc3ccccc3n2)CC1,5.251811972993799
CHEMBL68692,CHEMBL2413,C-C chemokine receptor type 1,IC50,=,2320.0,nM,CHEMBL655681,B,Inhibition of CCL3 binding to C-C chemokine receptor type 1,CHEMBL1147552,P32246,C-C chemokine receptor type 1,IC50,CC(C)(F)CCC(C[C@H](O)[C@H](Cc1ccccc1)NC(=O)c1cnc2ccccc2n1)C(=O)N1CCCC1,5.634512015109101
CHEMBL66159,CHEMBL2413,C-C chemokine receptor type 1,IC50,=,7.0,nM,CHEMBL655681,B,Inhibition of CCL3 binding to C-C chemokine receptor type 1,CHEMBL1147552,P32246,C-C chemokine receptor type 1,IC50,CC(C)(F)CCC(C[C@H](O)[C@H](Cc1ccccc1)NC(=O)c1cnc2ccccc2n1)C(=O)NN,8.154901959985743
CHEMBL68937,CHEMBL2413,C-C chemokine receptor type 1,IC50,=,2280.0,nM,CHEMBL655681,B,Inhibition of CCL3 binding to C-C chemokine receptor type 1,CHEMBL1147552,P32246,C-C chemokine receptor type 1,IC50,CNC(=O)[C@H](CC(C)C)C[C@H](O)[C@H](CC1CCCCC1)NC(=O)c1cnc2ccccc2c1,5.642065152999546
CHEMBL304358,CHEMBL2413,C-C chemokine receptor type 1,IC50,=,28.0,nM,CHEMBL655681,B,Inhibition of CCL3 binding to C-C chemokine receptor type 1,CHEMBL1147552,P32246,C-C chemokine receptor type 1,IC50,CC(C)CC[C@H](C[C@H](O)[C@H](Cc1ccccc1)NC(=O)c1cnc2ccccc2n1)C(N)=O,7.552841968657781
CHEMBL65784,CHEMBL2413,C-C chemokine receptor type 1,IC50,=,850.0,nM,CHEMBL655681,B,Inhibition of CCL3 binding to C-C chemokine receptor type 1,CHEMBL1147552,P32246,C-C chemokine receptor type 1,IC50,CC(C)(F)CCC(C[C@H](O)[C@H](Cc1ccccc1)NC(=O)c1cnc2ccccc2n1)C(=O)NCc1ccccc1,6.070581074285707
CHEMBL302533,CHEMBL2413,C-C chemokine receptor type 1,IC50,=,20.0,nM,CHEMBL655681,B,Inhibition of CCL3 binding to C-C chemokine receptor type 1,CHEMBL1147552,P32246,C-C chemokine receptor type 1,IC50,NC(=O)C(C[C@H](O)[C@H](Cc1ccccc1)NC(=O)c1cnc2ccccc2n1)C1CCC(F)(F)CC1,7.698970004336019
CHEMBL302320,CHEMBL2413,C-C chemokine receptor type 1,IC50,=,560.0,nM,CHEMBL655681,B,Inhibition of CCL3 binding to C-C chemokine receptor type 1,CHEMBL1147552,P32246,C-C chemokine receptor type 1,IC50,NC(=O)C(C[C@H](O)[C@H](Cc1ccccc1)NC(=O)c1cnc2ccccc2n1)C1(O)CCC(F)(F)CC1,6.251811972993799
CHEMBL308473,CHEMBL2413,C-C chemokine receptor type 1,IC50,=,46.0,nM,CHEMBL655681,B,Inhibition of CCL3 binding to C-C chemokine receptor type 1,CHEMBL1147552,P32246,C-C chemokine receptor type 1,IC50,CC(C)(O)CCC(C[C@H](O)[C@H](Cc1cccc(F)c1)NC(=O)c1cnc2ccccc2n1)C(N)=O,7.337242168318426
CHEMBL68145,CHEMBL2413,C-C chemokine receptor type 1,IC50,=,8.0,nM,CHEMBL655681,B,Inhibition of CCL3 binding to C-C chemokine receptor type 1,CHEMBL1147552,P32246,C-C chemokine receptor type 1,IC50,NC(=O)C(C[C@H](O)[C@H](Cc1ccccc1)NC(=O)c1cnc2ccccc2n1)C1CCCCC1,8.096910013008056
CHEMBL69123,CHEMBL2413,C-C chemokine receptor type 1,IC50,=,75.0,nM,CHEMBL655681,B,Inhibition of CCL3 binding to C-C chemokine receptor type 1,CHEMBL1147552,P32246,C-C chemokine receptor type 1,IC50,CCNC(=O)C(CCC(C)(C)F)C[C@H](O)[C@H](Cc1ccccc1)NC(=O)c1cnc2ccccc2n1,7.1249387366083
CHEMBL305423,CHEMBL2413,C-C chemokine receptor type 1,IC50,=,27.0,nM,CHEMBL655681,B,Inhibition of CCL3 binding to C-C chemokine receptor type 1,CHEMBL1147552,P32246,C-C chemokine receptor type 1,IC50,CC(C)(F)CCC(C[C@H](O)[C@H](Cc1ccccc1)NC(=O)c1cnc2ccccc2n1)C(=O)NO,7.568636235841012
CHEMBL331897,CHEMBL2413,C-C chemokine receptor type 1,IC50,=,0.9,nM,CHEMBL650697,B,Binding affinity towards C-C chemokine receptor type 1,CHEMBL1146631,P32246,C-C chemokine receptor type 1,IC50,CC[N+]1(C/C2=C/CCCCCC2)CCC(NC(=O)C2c3cc(Cl)ccc3Oc3ccc(Cl)cc32)CC1,9.045757490560675
CHEMBL124127,CHEMBL2413,C-C chemokine receptor type 1,IC50,=,31.0,nM,CHEMBL660276,B,Inhibitory activity against human Chemokine receptor type 1 expressed in chinese hamster ovary cells,CHEMBL1135587,P32246,C-C chemokine receptor type 1,IC50,O=C(NCCCO)NCC(CCCN1CCC(O)(c2ccc(Cl)cc2)CC1)(c1ccccc1)c1ccccc1,7.508638306165727
CHEMBL339752,CHEMBL2413,C-C chemokine receptor type 1,IC50,=,360.0,nM,CHEMBL660276,B,Inhibitory activity against human Chemokine receptor type 1 expressed in chinese hamster ovary cells,CHEMBL1135587,P32246,C-C chemokine receptor type 1,IC50,O=C(NCCN1CCCCC1)NCC(CCCN1CCC(O)(c2ccc(Cl)cc2)CC1)(c1ccccc1)c1ccccc1,6.443697499232712
CHEMBL338624,CHEMBL2413,C-C chemokine receptor type 1,IC50,=,1410.0,nM,CHEMBL660276,B,Inhibitory activity against human Chemokine receptor type 1 expressed in chinese hamster ovary cells,CHEMBL1135587,P32246,C-C chemokine receptor type 1,IC50,O=C(NCC(CCCN1CCC(O)(c2ccc(Cl)cc2)CC1)(c1ccccc1)c1ccccc1)Nc1cccc(C(F)(F)F)c1,5.85078088734462
CHEMBL332277,CHEMBL2413,C-C chemokine receptor type 1,IC50,=,167.0,nM,CHEMBL660276,B,Inhibitory activity against human Chemokine receptor type 1 expressed in chinese hamster ovary cells,CHEMBL1135587,P32246,C-C chemokine receptor type 1,IC50,O=C(NCC(CCCN1CCC(O)(c2ccc(Cl)cc2)CC1)(c1ccccc1)c1ccccc1)Nc1ccncc1,6.777283528852417
CHEMBL308690,CHEMBL2413,C-C chemokine receptor type 1,IC50,=,11800.0,nM,CHEMBL650209,B,Inhibition of CCL3 binding to C-C chemokine receptor type 1,CHEMBL1149227,P32246,C-C chemokine receptor type 1,IC50,CNC(=O)[C@H](CC(C)C)C[C@H](O)[C@H](CC(C)C)NC(=O)c1cnc2ccccc2c1,4.928117992693875
CHEMBL124084,CHEMBL2413,C-C chemokine receptor type 1,IC50,=,780.0,nM,CHEMBL660276,B,Inhibitory activity against human Chemokine receptor type 1 expressed in chinese hamster ovary cells,CHEMBL1135587,P32246,C-C chemokine receptor type 1,IC50,COc1ccc(NC(=O)NCC(CCCN2CCC(O)(c3ccc(Cl)cc3)CC2)(c2ccccc2)c2ccccc2)cc1,6.107905397309519
CHEMBL340491,CHEMBL2413,C-C chemokine receptor type 1,IC50,=,1340.0,nM,CHEMBL660276,B,Inhibitory activity against human Chemokine receptor type 1 expressed in chinese hamster ovary cells,CHEMBL1135587,P32246,C-C chemokine receptor type 1,IC50,O=C(NCC(CCCN1CCC(O)(c2ccc(Cl)cc2)CC1)(c1ccccc1)c1ccccc1)Nc1cc(F)ccc1F,5.872895201635192
CHEMBL308243,CHEMBL2413,C-C chemokine receptor type 1,IC50,=,30000.0,nM,CHEMBL650209,B,Inhibition of CCL3 binding to C-C chemokine receptor type 1,CHEMBL1149227,P32246,C-C chemokine receptor type 1,IC50,CNC(=O)[C@@H](CC(C)C)C[C@H](O)[C@H](CC1CCCCC1)NC(=O)c1cnc2ccccc2c1,4.522878745280337
CHEMBL333865,CHEMBL2413,C-C chemokine receptor type 1,IC50,=,890.0,nM,CHEMBL660276,B,Inhibitory activity against human Chemokine receptor type 1 expressed in chinese hamster ovary cells,CHEMBL1135587,P32246,C-C chemokine receptor type 1,IC50,O=C(NCC(CCCN1CCC(O)(c2ccc(Cl)cc2)CC1)(c1ccccc1)c1ccccc1)Nc1ccc(C(F)(F)F)cc1,6.050609993355087
CHEMBL67809,CHEMBL2413,C-C chemokine receptor type 1,IC50,=,8000.0,nM,CHEMBL650209,B,Inhibition of CCL3 binding to C-C chemokine receptor type 1,CHEMBL1149227,P32246,C-C chemokine receptor type 1,IC50,CC(C)C[C@H](C[C@H](O)[C@H](CC1CCCCC1)NC(=O)c1cnc2ccccc2c1)C(N)=O,5.096910013008056
CHEMBL69411,CHEMBL2413,C-C chemokine receptor type 1,IC50,=,650.0,nM,CHEMBL650209,B,Inhibition of CCL3 binding to C-C chemokine receptor type 1,CHEMBL1149227,P32246,C-C chemokine receptor type 1,IC50,CNC(=O)[C@H](CC(C)C)C[C@H](O)[C@H](Cc1ccccc1)NC(=O)c1cnc2ccccc2c1,6.187086643357144
CHEMBL125111,CHEMBL2413,C-C chemokine receptor type 1,IC50,=,760.0,nM,CHEMBL660276,B,Inhibitory activity against human Chemokine receptor type 1 expressed in chinese hamster ovary cells,CHEMBL1135587,P32246,C-C chemokine receptor type 1,IC50,NCC(CCCN1CCC(O)(c2ccc(Cl)cc2)CC1)(c1ccccc1)c1ccccc1,6.119186407719209
CHEMBL340797,CHEMBL2413,C-C chemokine receptor type 1,IC50,=,67.0,nM,CHEMBL660276,B,Inhibitory activity against human Chemokine receptor type 1 expressed in chinese hamster ovary cells,CHEMBL1135587,P32246,C-C chemokine receptor type 1,IC50,CN(C)CCNC(=O)NCC(CCCN1CCC(O)(c2ccc(Cl)cc2)CC1)(c1ccccc1)c1ccccc1,7.173925197299173
CHEMBL34166,CHEMBL2413,C-C chemokine receptor type 1,IC50,=,630.0,nM,CHEMBL660276,B,Inhibitory activity against human Chemokine receptor type 1 expressed in chinese hamster ovary cells,CHEMBL1135587,P32246,C-C chemokine receptor type 1,IC50,N#CC(CCCN1CCC(O)(c2ccc(Cl)cc2)CC1)(c1ccccc1)c1ccccc1,6.200659450546418
CHEMBL68937,CHEMBL2413,C-C chemokine receptor type 1,IC50,=,2300.0,nM,CHEMBL650209,B,Inhibition of CCL3 binding to C-C chemokine receptor type 1,CHEMBL1149227,P32246,C-C chemokine receptor type 1,IC50,CNC(=O)[C@H](CC(C)C)C[C@H](O)[C@H](CC1CCCCC1)NC(=O)c1cnc2ccccc2c1,5.638272163982407
CHEMBL124585,CHEMBL2413,C-C chemokine receptor type 1,IC50,=,500.0,nM,CHEMBL660276,B,Inhibitory activity against human Chemokine receptor type 1 expressed in chinese hamster ovary cells,CHEMBL1135587,P32246,C-C chemokine receptor type 1,IC50,COC(=O)N1CCC(NC(=O)NCC(CCCN2CCC(O)(c3ccc(Cl)cc3)CC2)(c2ccccc2)c2ccccc2)CC1,6.301029995663981
CHEMBL435812,CHEMBL2413,C-C chemokine receptor type 1,IC50,=,71.0,nM,CHEMBL660276,B,Inhibitory activity against human Chemokine receptor type 1 expressed in chinese hamster ovary cells,CHEMBL1135587,P32246,C-C chemokine receptor type 1,IC50,CC(C)(C)NC(=O)NCC(CCCN1CCC(O)(c2ccc(Cl)cc2)CC1)(c1ccccc1)c1ccccc1,7.1487416512809245
CHEMBL333063,CHEMBL2413,C-C chemokine receptor type 1,IC50,=,310.0,nM,CHEMBL660276,B,Inhibitory activity against human Chemokine receptor type 1 expressed in chinese hamster ovary cells,CHEMBL1135587,P32246,C-C chemokine receptor type 1,IC50,O=C(NCC(CCCN1CCC(O)(c2ccc(Cl)cc2)CC1)(c1ccccc1)c1ccccc1)NC1CCN(Cc2ccccc2)CC1,6.508638306165727
CHEMBL341306,CHEMBL2413,C-C chemokine receptor type 1,IC50,=,125.0,nM,CHEMBL660276,B,Inhibitory activity against human Chemokine receptor type 1 expressed in chinese hamster ovary cells,CHEMBL1135587,P32246,C-C chemokine receptor type 1,IC50,O=C(NCC1CCCCC1)NCC(CCCN1CCC(O)(c2ccc(Cl)cc2)CC1)(c1ccccc1)c1ccccc1,6.903089986991944
CHEMBL126978,CHEMBL2413,C-C chemokine receptor type 1,IC50,=,240.0,nM,CHEMBL660276,B,Inhibitory activity against human Chemokine receptor type 1 expressed in chinese hamster ovary cells,CHEMBL1135587,P32246,C-C chemokine receptor type 1,IC50,O=C(NCCCCO)NCC(CCCN1CCC(O)(c2ccc(Cl)cc2)CC1)(c1ccccc1)c1ccccc1,6.619788758288394
CHEMBL333422,CHEMBL2413,C-C chemokine receptor type 1,IC50,=,295.0,nM,CHEMBL660276,B,Inhibitory activity against human Chemokine receptor type 1 expressed in chinese hamster ovary cells,CHEMBL1135587,P32246,C-C chemokine receptor type 1,IC50,O=C(NCCc1ccc(F)cc1)NCC(CCCN1CCC(O)(c2ccc(Cl)cc2)CC1)(c1ccccc1)c1ccccc1,6.530177984021837
CHEMBL69822,CHEMBL2413,C-C chemokine receptor type 1,IC50,=,15000.0,nM,CHEMBL650209,B,Inhibition of CCL3 binding to C-C chemokine receptor type 1,CHEMBL1149227,P32246,C-C chemokine receptor type 1,IC50,CNC(=O)[C@@H](CC(C)C)C[C@@H](O)[C@@H](CC1CCCCC1)NC(=O)c1cnc2ccccc2c1,4.823908740944319
CHEMBL286355,CHEMBL2413,C-C chemokine receptor type 1,IC50,=,1100.0,nM,CHEMBL843656,B,Inhibitory activity against [125I]-MIP-1 alpha binding to human CCR1 receptors.,CHEMBL1134409,P32246,C-C chemokine receptor type 1,IC50,O=C(NC1CCN(CC2CCCCCCC2)CC1)C(c1ccccc1)c1ccccc1,5.958607314841775
CHEMBL285703,CHEMBL2413,C-C chemokine receptor type 1,IC50,=,800.0,nM,CHEMBL843656,B,Inhibitory activity against [125I]-MIP-1 alpha binding to human CCR1 receptors.,CHEMBL1134409,P32246,C-C chemokine receptor type 1,IC50,O=C(NC1CCN(CC2CCCCCCCCC2)CC1)C1c2ccccc2Oc2ccccc21,6.096910013008056
CHEMBL34053,CHEMBL2413,C-C chemokine receptor type 1,IC50,=,200.0,nM,CHEMBL843656,B,Inhibitory activity against [125I]-MIP-1 alpha binding to human CCR1 receptors.,CHEMBL1134409,P32246,C-C chemokine receptor type 1,IC50,O=C(NC1CCN(CC2CCCCC2)CC1)C1c2ccccc2Oc2ccccc21,6.698970004336019
CHEMBL33614,CHEMBL2413,C-C chemokine receptor type 1,IC50,=,3.6,nM,CHEMBL843656,B,Inhibitory activity against [125I]-MIP-1 alpha binding to human CCR1 receptors.,CHEMBL1134409,P32246,C-C chemokine receptor type 1,IC50,CCC[N+]1(CC2CCCCCCC2)CCC(NC(=O)C2c3ccccc3Oc3ccccc32)CC1.[I-],8.443697499232712
CHEMBL34166,CHEMBL2413,C-C chemokine receptor type 1,IC50,=,48.0,nM,CHEMBL843656,B,Inhibitory activity against [125I]-MIP-1 alpha binding to human CCR1 receptors.,CHEMBL1134409,P32246,C-C chemokine receptor type 1,IC50,N#CC(CCCN1CCC(O)(c2ccc(Cl)cc2)CC1)(c1ccccc1)c1ccccc1,7.318758762624412
CHEMBL33340,CHEMBL2413,C-C chemokine receptor type 1,IC50,=,3.3,nM,CHEMBL843656,B,Inhibitory activity against [125I]-MIP-1 alpha binding to human CCR1 receptors.,CHEMBL1134409,P32246,C-C chemokine receptor type 1,IC50,CC[N+]1(CC2CCCCCCC2)CCC(NC(=O)C2c3cc(Br)ccc3Oc3ccc(Br)cc32)CC1.[I-],8.481486060122112
CHEMBL33159,CHEMBL2413,C-C chemokine receptor type 1,IC50,=,1600.0,nM,CHEMBL843656,B,Inhibitory activity against [125I]-MIP-1 alpha binding to human CCR1 receptors.,CHEMBL1134409,P32246,C-C chemokine receptor type 1,IC50,O=C(NC1CCN(CC2CCCCCCC2)CC1)C(O)(c1ccccc1)c1ccccc1,5.795880017344075
CHEMBL32305,CHEMBL2413,C-C chemokine receptor type 1,IC50,=,5100.0,nM,CHEMBL843656,B,Inhibitory activity against [125I]-MIP-1 alpha binding to human CCR1 receptors.,CHEMBL1134409,P32246,C-C chemokine receptor type 1,IC50,O=C(NC1CCN(CC2CCCCCCC2)CC1)C1c2cc(Br)ccc2Oc2ccc(Br)cc21,5.292429823902063
CHEMBL33761,CHEMBL2413,C-C chemokine receptor type 1,IC50,=,800.0,nM,CHEMBL843656,B,Inhibitory activity against [125I]-MIP-1 alpha binding to human CCR1 receptors.,CHEMBL1134409,P32246,C-C chemokine receptor type 1,IC50,C[N+]1(CC2CCCCCCC2)CCC(NC(=O)C(c2ccccc2)c2ccccc2)CC1.[I-],6.096910013008056
CHEMBL33104,CHEMBL2413,C-C chemokine receptor type 1,IC50,=,9.7,nM,CHEMBL843656,B,Inhibitory activity against [125I]-MIP-1 alpha binding to human CCR1 receptors.,CHEMBL1134409,P32246,C-C chemokine receptor type 1,IC50,C=CC[N+]1(CC2CCCCCCC2)CCC(NC(=O)C2c3ccccc3Oc3ccccc32)CC1.[Br-],8.013228265733755
CHEMBL34226,CHEMBL2413,C-C chemokine receptor type 1,IC50,=,510.0,nM,CHEMBL843656,B,Inhibitory activity against [125I]-MIP-1 alpha binding to human CCR1 receptors.,CHEMBL1134409,P32246,C-C chemokine receptor type 1,IC50,CCCCCCN1CCC(NC(=O)C2c3ccccc3Oc3ccccc32)CC1,6.292429823902063
CHEMBL33277,CHEMBL2413,C-C chemokine receptor type 1,IC50,=,51.0,nM,CHEMBL843656,B,Inhibitory activity against [125I]-MIP-1 alpha binding to human CCR1 receptors.,CHEMBL1134409,P32246,C-C chemokine receptor type 1,IC50,O=C(NC1CCN(C/C2=C/CCCCCC2)CC1)C1c2ccccc2Oc2ccccc21,7.292429823902063
CHEMBL34165,CHEMBL2413,C-C chemokine receptor type 1,IC50,=,14.0,nM,CHEMBL843656,B,Inhibitory activity against [125I]-MIP-1 alpha binding to human CCR1 receptors.,CHEMBL1134409,P32246,C-C chemokine receptor type 1,IC50,C[N+]1(CC2CCCCCCC2)CCC(NC(=O)C2c3ccccc3Oc3ccccc32)CC1.[I-],7.853871964321762
CHEMBL418589,CHEMBL2413,C-C chemokine receptor type 1,IC50,=,3.1,nM,CHEMBL843656,B,Inhibitory activity against [125I]-MIP-1 alpha binding to human CCR1 receptors.,CHEMBL1134409,P32246,C-C chemokine receptor type 1,IC50,CCC[N+]1(CC2CCCCCCC2)CCC(NC(=O)C2c3cc(Br)ccc3Oc3ccc(Br)cc32)CC1.[I-],8.508638306165727
CHEMBL33639,CHEMBL2413,C-C chemokine receptor type 1,IC50,=,240.0,nM,CHEMBL843656,B,Inhibitory activity against [125I]-MIP-1 alpha binding to human CCR1 receptors.,CHEMBL1134409,P32246,C-C chemokine receptor type 1,IC50,O=C(NC1CCN(C/C2=C/CCCCCC2)CC1)C1c2cc(Cl)ccc2Oc2ccc(Cl)cc21,6.619788758288394
CHEMBL33580,CHEMBL2413,C-C chemokine receptor type 1,IC50,=,150.0,nM,CHEMBL843656,B,Inhibitory activity against [125I]-MIP-1 alpha binding to human CCR1 receptors.,CHEMBL1134409,P32246,C-C chemokine receptor type 1,IC50,O=C(NC1CCN(C/C2=C/CCCCCC2)CC1)C1c2cc(Br)ccc2Oc2ccc(Br)cc21,6.823908740944319
CHEMBL289902,CHEMBL2413,C-C chemokine receptor type 1,IC50,=,1.9,nM,CHEMBL843656,B,Inhibitory activity against [125I]-MIP-1 alpha binding to human CCR1 receptors.,CHEMBL1134409,P32246,C-C chemokine receptor type 1,IC50,CC[N+]1(C/C2=C/CCCCCC2)CCC(NC(=O)C2c3cc(Br)ccc3Oc3ccc(Br)cc32)CC1.[I-],8.721246399047171
CHEMBL33074,CHEMBL2413,C-C chemokine receptor type 1,IC50,=,140.0,nM,CHEMBL843656,B,Inhibitory activity against [125I]-MIP-1 alpha binding to human CCR1 receptors.,CHEMBL1134409,P32246,C-C chemokine receptor type 1,IC50,O=C(NC1CCN(CC2CCCCCCC2)CC1)C1c2ccccc2Oc2ccccc21,6.853871964321762
CHEMBL289682,CHEMBL2413,C-C chemokine receptor type 1,IC50,=,1800.0,nM,CHEMBL843656,B,Inhibitory activity against [125I]-MIP-1 alpha binding to human CCR1 receptors.,CHEMBL1134409,P32246,C-C chemokine receptor type 1,IC50,C[N+]1(CC2CCCCCCC2)CCC(NC(=O)c2c3ccccc3cc3ccccc23)CC1.[I-],5.7447274948966935
CHEMBL32257,CHEMBL2413,C-C chemokine receptor type 1,IC50,=,2.5,nM,CHEMBL843656,B,Inhibitory activity against [125I]-MIP-1 alpha binding to human CCR1 receptors.,CHEMBL1134409,P32246,C-C chemokine receptor type 1,IC50,C[N+]1(C/C2=C/CCCCCC2)CCC(NC(=O)C2c3ccccc3Oc3ccccc32)CC1.[I-],8.602059991327963
CHEMBL33050,CHEMBL2413,C-C chemokine receptor type 1,IC50,=,2.8,nM,CHEMBL843656,B,Inhibitory activity against [125I]-MIP-1 alpha binding to human CCR1 receptors.,CHEMBL1134409,P32246,C-C chemokine receptor type 1,IC50,CCC[N+]1(C/C2=C/CCCCCC2)CCC(NC(=O)C2c3ccccc3Oc3ccccc32)CC1.[I-],8.55284196865778
CHEMBL277930,CHEMBL2413,C-C chemokine receptor type 1,IC50,=,1.2,nM,CHEMBL843656,B,Inhibitory activity against [125I]-MIP-1 alpha binding to human CCR1 receptors.,CHEMBL1134409,P32246,C-C chemokine receptor type 1,IC50,CC[N+]1(C/C2=C/CCCCCC2)CCC(NC(=O)C2c3cc(Cl)ccc3Oc3ccc(Cl)cc32)CC1.[I-],8.920818753952375
CHEMBL280751,CHEMBL2413,C-C chemokine receptor type 1,IC50,=,5.2,nM,CHEMBL843656,B,Inhibitory activity against [125I]-MIP-1 alpha binding to human CCR1 receptors.,CHEMBL1134409,P32246,C-C chemokine receptor type 1,IC50,CC[N+]1(CC2CCCCCCC2)CCC(NC(=O)C2c3ccccc3Oc3ccccc32)CC1.[I-],8.2839966563652
CHEMBL34732,CHEMBL2413,C-C chemokine receptor type 1,IC50,=,2.0,nM,CHEMBL843656,B,Inhibitory activity against [125I]-MIP-1 alpha binding to human CCR1 receptors.,CHEMBL1134409,P32246,C-C chemokine receptor type 1,IC50,CC[N+]1(C/C2=C/CCCCCC2)CCC(NC(=O)C2c3ccccc3Oc3ccccc32)CC1.[I-],8.698970004336019
CHEMBL33929,CHEMBL2413,C-C chemokine receptor type 1,IC50,=,17.0,nM,CHEMBL843656,B,Inhibitory activity against [125I]-MIP-1 alpha binding to human CCR1 receptors.,CHEMBL1134409,P32246,C-C chemokine receptor type 1,IC50,C[N+]1(CC2CCCCCCC2)CCC(NC(=O)C2c3cc(Cl)ccc3Oc3ccc(Cl)cc32)CC1.[I-],7.769551078621726
CHEMBL33223,CHEMBL2413,C-C chemokine receptor type 1,IC50,=,3.9,nM,CHEMBL843656,B,Inhibitory activity against [125I]-MIP-1 alpha binding to human CCR1 receptors.,CHEMBL1134409,P32246,C-C chemokine receptor type 1,IC50,C[N+]1(CC2CCCCCCC2)CCC(NC(=O)C2c3cc(Br)ccc3Oc3ccc(Br)cc32)CC1.[I-],8.4089353929735
CHEMBL277930,CHEMBL2413,C-C chemokine receptor type 1,IC50,=,0.9,nM,CHEMBL843656,B,Inhibitory activity against [125I]-MIP-1 alpha binding to human CCR1 receptors.,CHEMBL1134409,P32246,C-C chemokine receptor type 1,IC50,CC[N+]1(C/C2=C/CCCCCC2)CCC(NC(=O)C2c3cc(Cl)ccc3Oc3ccc(Cl)cc32)CC1.[I-],9.045757490560675
CHEMBL277930,CHEMBL2413,C-C chemokine receptor type 1,IC50,=,0.9,nM,CHEMBL843656,B,Inhibitory activity against [125I]-MIP-1 alpha binding to human CCR1 receptors.,CHEMBL1134409,P32246,C-C chemokine receptor type 1,IC50,CC[N+]1(C/C2=C/CCCCCC2)CCC(NC(=O)C2c3cc(Cl)ccc3Oc3ccc(Cl)cc32)CC1.[I-],9.045757490560675
CHEMBL32713,CHEMBL2413,C-C chemokine receptor type 1,IC50,=,5.0,nM,CHEMBL843656,B,Inhibitory activity against [125I]-MIP-1 alpha binding to human CCR1 receptors.,CHEMBL1134409,P32246,C-C chemokine receptor type 1,IC50,CCCC[N+]1(CC2CCCCCCC2)CCC(NC(=O)C2c3ccccc3Oc3ccccc32)CC1.[I-],8.301029995663981
CHEMBL277930,CHEMBL2413,C-C chemokine receptor type 1,IC50,=,47.0,nM,CHEMBL843656,B,Inhibitory activity against [125I]-MIP-1 alpha binding to human CCR1 receptors.,CHEMBL1134409,P32246,C-C chemokine receptor type 1,IC50,CC[N+]1(C/C2=C/CCCCCC2)CCC(NC(=O)C2c3cc(Cl)ccc3Oc3ccc(Cl)cc32)CC1.[I-],7.327902142064282
CHEMBL433232,CHEMBL2413,C-C chemokine receptor type 1,IC50,=,2100.0,nM,CHEMBL843656,B,Inhibitory activity against [125I]-MIP-1 alpha binding to human CCR1 receptors.,CHEMBL1134409,P32246,C-C chemokine receptor type 1,IC50,C[N+]1(CC2CCCCCCC2)CCC(NC(=O)C(O)(c2ccccc2)c2ccccc2)CC1.[I-],5.6777807052660805
CHEMBL33586,CHEMBL2413,C-C chemokine receptor type 1,IC50,=,370.0,nM,CHEMBL843656,B,Inhibitory activity against [125I]-MIP-1 alpha binding to human CCR1 receptors.,CHEMBL1134409,P32246,C-C chemokine receptor type 1,IC50,O=C(NC1CC[N+](Cc2ccccc2)(CC2CCCCCCC2)CC1)C1c2ccccc2Oc2ccccc21.[Br-],6.431798275933005
CHEMBL304358,CHEMBL2413,C-C chemokine receptor type 1,IC50,=,28.0,nM,CHEMBL655517,B,Inhibition of CCL3 binding to C-C chemokine receptor type 1,CHEMBL1137971,P32246,C-C chemokine receptor type 1,IC50,CC(C)CC[C@H](C[C@H](O)[C@H](Cc1ccccc1)NC(=O)c1cnc2ccccc2n1)C(N)=O,7.552841968657781
CHEMBL69659,CHEMBL2413,C-C chemokine receptor type 1,IC50,=,15.0,nM,CHEMBL655517,B,Inhibition of CCL3 binding to C-C chemokine receptor type 1,CHEMBL1137971,P32246,C-C chemokine receptor type 1,IC50,CC1CC([C@H](C[C@H](O)[C@H](Cc2ccccc2)NC(=O)c2cnc3ccccc3n2)C(N)=O)CC(C)O1,7.823908740944319
CHEMBL69816,CHEMBL2413,C-C chemokine receptor type 1,IC50,=,420.0,nM,CHEMBL655517,B,Inhibition of CCL3 binding to C-C chemokine receptor type 1,CHEMBL1137971,P32246,C-C chemokine receptor type 1,IC50,CC(C)CCC[C@H](C[C@H](O)[C@H](Cc1ccccc1)NC(=O)c1cnc2ccccc2n1)C(N)=O,6.376750709602099
CHEMBL71242,CHEMBL2413,C-C chemokine receptor type 1,IC50,=,160.0,nM,CHEMBL655517,B,Inhibition of CCL3 binding to C-C chemokine receptor type 1,CHEMBL1137971,P32246,C-C chemokine receptor type 1,IC50,CNC(=O)[C@H](CC(C)C)C[C@H](O)[C@H](Cc1ccc(Cl)c(Cl)c1)NC(=O)c1cnc2ccccc2n1,6.795880017344075
CHEMBL69411,CHEMBL2413,C-C chemokine receptor type 1,IC50,=,650.0,nM,CHEMBL655517,B,Inhibition of CCL3 binding to C-C chemokine receptor type 1,CHEMBL1137971,P32246,C-C chemokine receptor type 1,IC50,CNC(=O)[C@H](CC(C)C)C[C@H](O)[C@H](Cc1ccccc1)NC(=O)c1cnc2ccccc2c1,6.187086643357144
CHEMBL69274,CHEMBL2413,C-C chemokine receptor type 1,IC50,=,26.0,nM,CHEMBL655517,B,Inhibition of CCL3 binding to C-C chemokine receptor type 1,CHEMBL1137971,P32246,C-C chemokine receptor type 1,IC50,NC(=O)[C@@H](C[C@H](O)[C@H](Cc1ccccc1)NC(=O)c1cnc2ccccc2n1)C1CCCC1,7.585026652029182
CHEMBL69375,CHEMBL2413,C-C chemokine receptor type 1,IC50,=,8.0,nM,CHEMBL655517,B,Inhibition of CCL3 binding to C-C chemokine receptor type 1,CHEMBL1137971,P32246,C-C chemokine receptor type 1,IC50,NC(=O)[C@@H](C[C@H](O)[C@H](Cc1ccccc1)NC(=O)c1cnc2ccccc2n1)C1CCCCC1,8.096910013008056
CHEMBL67757,CHEMBL2413,C-C chemokine receptor type 1,IC50,=,2900.0,nM,CHEMBL655517,B,Inhibition of CCL3 binding to C-C chemokine receptor type 1,CHEMBL1137971,P32246,C-C chemokine receptor type 1,IC50,CNC(=O)[C@H](CC(C)C)C[C@H](O)[C@H](Cc1ccc(OC)cc1)NC(=O)c1cnc2ccccc2n1,5.537602002101044
CHEMBL302038,CHEMBL2413,C-C chemokine receptor type 1,IC50,=,44800.0,nM,CHEMBL655517,B,Inhibition of CCL3 binding to C-C chemokine receptor type 1,CHEMBL1137971,P32246,C-C chemokine receptor type 1,IC50,CC1(C)CC([C@H](C[C@H](O)[C@H](Cc2ccccc2)NC(=O)c2cnc3ccccc3n2)C(N)=O)CC(C)(C)C1,4.3487219860018556
CHEMBL308209,CHEMBL2413,C-C chemokine receptor type 1,IC50,=,610.0,nM,CHEMBL655517,B,Inhibition of CCL3 binding to C-C chemokine receptor type 1,CHEMBL1137971,P32246,C-C chemokine receptor type 1,IC50,CNC(=O)[C@H](CC(C)C)C[C@H](O)[C@H](Cc1ccc(O)cc1)NC(=O)c1cnc2ccccc2n1,6.214670164989233
CHEMBL69735,CHEMBL2413,C-C chemokine receptor type 1,IC50,=,4600.0,nM,CHEMBL655517,B,Inhibition of CCL3 binding to C-C chemokine receptor type 1,CHEMBL1137971,P32246,C-C chemokine receptor type 1,IC50,NC(=O)[C@H](CCO)C[C@H](O)[C@H](Cc1ccccc1)NC(=O)c1cnc2ccccc2n1,5.337242168318426
CHEMBL69978,CHEMBL2413,C-C chemokine receptor type 1,IC50,=,130.0,nM,CHEMBL655517,B,Inhibition of CCL3 binding to C-C chemokine receptor type 1,CHEMBL1137971,P32246,C-C chemokine receptor type 1,IC50,CNC(=O)[C@H](CC(C)C)C[C@H](O)[C@H](Cc1ccccc1)NC(=O)c1ccc2ccccc2n1,6.886056647693163
CHEMBL306683,CHEMBL2413,C-C chemokine receptor type 1,IC50,=,10300.0,nM,CHEMBL655517,B,Inhibition of CCL3 binding to C-C chemokine receptor type 1,CHEMBL1137971,P32246,C-C chemokine receptor type 1,IC50,CNC(=O)[C@H](CC(C)C)C[C@H](O)[C@H](Cc1ccccc1)NC(=O)c1ccc2ccccc2c1,4.987162775294828
CHEMBL68937,CHEMBL2413,C-C chemokine receptor type 1,IC50,=,2300.0,nM,CHEMBL655517,B,Inhibition of CCL3 binding to C-C chemokine receptor type 1,CHEMBL1137971,P32246,C-C chemokine receptor type 1,IC50,CNC(=O)[C@H](CC(C)C)C[C@H](O)[C@H](CC1CCCCC1)NC(=O)c1cnc2ccccc2c1,5.638272163982407
CHEMBL68581,CHEMBL2413,C-C chemokine receptor type 1,IC50,=,64.0,nM,CHEMBL655517,B,Inhibition of CCL3 binding to C-C chemokine receptor type 1,CHEMBL1137971,P32246,C-C chemokine receptor type 1,IC50,CNC(=O)[C@H](CC(C)C)C[C@H](O)[C@H](Cc1ccccc1)NC(=O)c1cnc2ccccc2n1,7.1938200260161125
CHEMBL309338,CHEMBL2413,C-C chemokine receptor type 1,IC50,=,2570.0,nM,CHEMBL655517,B,Inhibition of CCL3 binding to C-C chemokine receptor type 1,CHEMBL1137971,P32246,C-C chemokine receptor type 1,IC50,CNC(=O)[C@H](CC(C)C)C[C@H](O)[C@H](Cc1ccccc1)NC(=O)c1cnnc2ccccc12,5.590066876668706
CHEMBL303947,CHEMBL2413,C-C chemokine receptor type 1,IC50,=,18500.0,nM,CHEMBL655517,B,Inhibition of CCL3 binding to C-C chemokine receptor type 1,CHEMBL1137971,P32246,C-C chemokine receptor type 1,IC50,CNC(=O)[C@H](CC(C)C)C[C@H](O)[C@H](Cc1ccccc1)NC(=O)c1ccnc2ccccc12,4.732828271596986
CHEMBL71903,CHEMBL2413,C-C chemokine receptor type 1,IC50,=,670.0,nM,CHEMBL655517,B,Inhibition of CCL3 binding to C-C chemokine receptor type 1,CHEMBL1137971,P32246,C-C chemokine receptor type 1,IC50,CNC(=O)[C@H](CC(C)C)C[C@H](O)[C@H](CC1CCCCC1)NC(=O)c1cnc2ccccc2n1,6.173925197299173
CHEMBL306685,CHEMBL2413,C-C chemokine receptor type 1,IC50,=,48.0,nM,CHEMBL655517,B,Inhibition of CCL3 binding to C-C chemokine receptor type 1,CHEMBL1137971,P32246,C-C chemokine receptor type 1,IC50,NC(=O)[C@H](CC1CCCC1)C[C@H](O)[C@H](Cc1ccccc1)NC(=O)c1cnc2ccccc2n1,7.318758762624412
CHEMBL302328,CHEMBL2413,C-C chemokine receptor type 1,IC50,=,580.0,nM,CHEMBL655517,B,Inhibition of CCL3 binding to C-C chemokine receptor type 1,CHEMBL1137971,P32246,C-C chemokine receptor type 1,IC50,CNC(=O)[C@H](CC(C)C)C[C@H](O)[C@H](Cc1ccccc1)NC(=O)c1nccc2ccccc12,6.236572006437063
CHEMBL420924,CHEMBL2413,C-C chemokine receptor type 1,IC50,=,4200.0,nM,CHEMBL655517,B,Inhibition of CCL3 binding to C-C chemokine receptor type 1,CHEMBL1137971,P32246,C-C chemokine receptor type 1,IC50,CC[C@H](C)[C@H](NC(=O)c1cnc2ccccc2n1)[C@@H](O)C[C@@H](CC(C)C)C(=O)NC,5.376750709602099
CHEMBL68368,CHEMBL2413,C-C chemokine receptor type 1,IC50,=,3500.0,nM,CHEMBL655517,B,Inhibition of CCL3 binding to C-C chemokine receptor type 1,CHEMBL1137971,P32246,C-C chemokine receptor type 1,IC50,NC(=O)[C@@H](C[C@H](O)[C@H](Cc1ccccc1)NC(=O)c1cnc2ccccc2n1)C1CCOCC1,5.455931955649724
CHEMBL305420,CHEMBL2413,C-C chemokine receptor type 1,IC50,=,16700.0,nM,CHEMBL655517,B,Inhibition of CCL3 binding to C-C chemokine receptor type 1,CHEMBL1137971,P32246,C-C chemokine receptor type 1,IC50,CNC(=O)[C@H](CC(C)C)C[C@H](O)[C@H](Cc1ccccc1)NC(=O)c1cc2ccccc2nc1O,4.777283528852417
CHEMBL304845,CHEMBL2413,C-C chemokine receptor type 1,IC50,=,22.0,nM,CHEMBL655517,B,Inhibition of CCL3 binding to C-C chemokine receptor type 1,CHEMBL1137971,P32246,C-C chemokine receptor type 1,IC50,CNC(=O)[C@H](CCC(C)C)C[C@H](O)[C@H](Cc1ccccc1)NC(=O)c1cnc2ccccc2n1,7.657577319177793
CHEMBL68551,CHEMBL2413,C-C chemokine receptor type 1,IC50,=,280.0,nM,CHEMBL655517,B,Inhibition of CCL3 binding to C-C chemokine receptor type 1,CHEMBL1137971,P32246,C-C chemokine receptor type 1,IC50,NC(=O)[C@H](Cc1ccccc1)C[C@H](O)[C@H](Cc1ccccc1)NC(=O)c1cnc2ccccc2n1,6.552841968657781
CHEMBL307535,CHEMBL2413,C-C chemokine receptor type 1,IC50,=,2600.0,nM,CHEMBL655517,B,Inhibition of CCL3 binding to C-C chemokine receptor type 1,CHEMBL1137971,P32246,C-C chemokine receptor type 1,IC50,CNC(=O)[C@H](CC(C)C)C[C@H](O)[C@H](Cc1ccc(F)cc1)NC(=O)c1cnc2ccccc2n1,5.585026652029182
CHEMBL67256,CHEMBL2413,C-C chemokine receptor type 1,IC50,=,510.0,nM,CHEMBL655517,B,Inhibition of CCL3 binding to C-C chemokine receptor type 1,CHEMBL1137971,P32246,C-C chemokine receptor type 1,IC50,CNC(=O)[C@H](CC(C)C)C[C@H](O)[C@H](Cc1ccccc1)NC(=O)c1cncc(Br)c1,6.292429823902063
CHEMBL67803,CHEMBL2413,C-C chemokine receptor type 1,IC50,=,2490.0,nM,CHEMBL655517,B,Inhibition of CCL3 binding to C-C chemokine receptor type 1,CHEMBL1137971,P32246,C-C chemokine receptor type 1,IC50,CNC(=O)[C@H](CC(C)C)C[C@H](O)[C@H](Cc1ccccc1)NC(=O)c1ccc2ncccc2c1,5.603800652904264
CHEMBL420359,CHEMBL2413,C-C chemokine receptor type 1,IC50,=,55100.0,nM,CHEMBL655517,B,Inhibition of CCL3 binding to C-C chemokine receptor type 1,CHEMBL1137971,P32246,C-C chemokine receptor type 1,IC50,CN(C)CC[C@H](C[C@H](O)[C@H](Cc1ccccc1)NC(=O)c1cnc2ccccc2n1)C(N)=O,4.258848401148215
CHEMBL69285,CHEMBL2413,C-C chemokine receptor type 1,IC50,=,5150.0,nM,CHEMBL655517,B,Inhibition of CCL3 binding to C-C chemokine receptor type 1,CHEMBL1137971,P32246,C-C chemokine receptor type 1,IC50,CNC(=O)[C@H](CC(C)C)C[C@H](O)[C@H](Cc1ccccc1)NC(=O)c1cncc2ccccc12,5.288192770958808
CHEMBL277930,CHEMBL2413,C-C chemokine receptor type 1,IC50,=,0.9,nM,CHEMBL651916,B,Concentration required for 50% inhibition of [125I]eotaxin binding to human CCR1 receptor expressed in CHO cells,CHEMBL1134433,P32246,C-C chemokine receptor type 1,IC50,CC[N+]1(C/C2=C/CCCCCC2)CCC(NC(=O)C2c3cc(Cl)ccc3Oc3ccc(Cl)cc32)CC1.[I-],9.045757490560675
CHEMBL282285,CHEMBL2413,C-C chemokine receptor type 1,IC50,=,260.0,nM,CHEMBL651916,B,Concentration required for 50% inhibition of [125I]eotaxin binding to human CCR1 receptor expressed in CHO cells,CHEMBL1134433,P32246,C-C chemokine receptor type 1,IC50,O=C(CSc1nc2ccccc2s1)NC1CCN(Cc2ccc(Cl)cc2)CC1,6.585026652029182
CHEMBL21199,CHEMBL2413,C-C chemokine receptor type 1,IC50,=,4200.0,nM,CHEMBL651916,B,Concentration required for 50% inhibition of [125I]eotaxin binding to human CCR1 receptor expressed in CHO cells,CHEMBL1134433,P32246,C-C chemokine receptor type 1,IC50,O=C(CSc1nc2ccccc2s1)NCC1CCCN(Cc2ccccc2)C1,5.376750709602099
CHEMBL20921,CHEMBL2413,C-C chemokine receptor type 1,IC50,=,1900.0,nM,CHEMBL651916,B,Concentration required for 50% inhibition of [125I]eotaxin binding to human CCR1 receptor expressed in CHO cells,CHEMBL1134433,P32246,C-C chemokine receptor type 1,IC50,Nc1ccc2nc(SCC(=O)NC3CCN(Cc4ccc(Cl)c(Cl)c4)CC3)sc2c1,5.721246399047171
CHEMBL20532,CHEMBL2413,C-C chemokine receptor type 1,IC50,=,450.0,nM,CHEMBL651916,B,Concentration required for 50% inhibition of [125I]eotaxin binding to human CCR1 receptor expressed in CHO cells,CHEMBL1134433,P32246,C-C chemokine receptor type 1,IC50,O=C(CSc1nc2ccccc2s1)NC1CCN(Cc2ccc(Cl)c(Cl)c2)CC1,6.346787486224656
CHEMBL21143,CHEMBL2413,C-C chemokine receptor type 1,IC50,=,3600.0,nM,CHEMBL651916,B,Concentration required for 50% inhibition of [125I]eotaxin binding to human CCR1 receptor expressed in CHO cells,CHEMBL1134433,P32246,C-C chemokine receptor type 1,IC50,CCOc1ccc2nc(SCC(=O)NC3CCN(Cc4ccc(Cl)c(Cl)c4)CC3)sc2c1,5.443697499232712
CHEMBL20539,CHEMBL2413,C-C chemokine receptor type 1,IC50,=,7100.0,nM,CHEMBL651916,B,Concentration required for 50% inhibition of [125I]eotaxin binding to human CCR1 receptor expressed in CHO cells,CHEMBL1134433,P32246,C-C chemokine receptor type 1,IC50,O=C(CSc1nc2ccccc2s1)NC1CCN(Cc2ccccc2)CC1,5.1487416512809245
CHEMBL83338,CHEMBL2413,C-C chemokine receptor type 1,IC50,=,10000.0,nM,CHEMBL884346,B,Compound concentration that causes 50 % inhibition of binding of specific radioligand to human CCR1 receptor,CHEMBL1133796,P32246,C-C chemokine receptor type 1,IC50,CN(C[C@@H](CCN1CCC2(CC1)C[S+]([O-])c1ccccc12)c1cccc(Cl)c1)S(=O)(=O)c1ccccc1,5.0
CHEMBL363840,CHEMBL2413,C-C chemokine receptor type 1,IC50,=,10000.0,nM,CHEMBL828729,B,Inhibition of C-C chemokine receptor type 1,CHEMBL1143552,P32246,C-C chemokine receptor type 1,IC50,Cn1nnnc1-c1cccc(NC(=O)N[C@@H]2CCCC[C@H]2CN2CCC[C@@H](Cc3ccc(F)cc3)C2)c1,5.0
CHEMBL195433,CHEMBL2413,C-C chemokine receptor type 1,IC50,=,10000.0,nM,CHEMBL828729,B,Inhibition of C-C chemokine receptor type 1,CHEMBL1143552,P32246,C-C chemokine receptor type 1,IC50,CC(=O)c1sc(NC(=O)N[C@@H]2CCCC[C@H]2CN2CCC[C@@H](Cc3ccc(F)cc3)C2)nc1C,5.0
CHEMBL231829,CHEMBL2413,C-C chemokine receptor type 1,IC50,=,26.0,nM,CHEMBL892289,B,Displacement of [125I]MIP1-alpha from human CCR1 expressed in THP1 cells,CHEMBL1148011,P32246,C-C chemokine receptor type 1,IC50,CNc1c(Nc2cc(Cl)ccc2OCC(=O)N2CCN(Cc3ccc(F)cc3)C[C@H]2C)c(=O)c1=O,7.585026652029182
CHEMBL232655,CHEMBL2413,C-C chemokine receptor type 1,IC50,=,76.0,nM,CHEMBL892289,B,Displacement of [125I]MIP1-alpha from human CCR1 expressed in THP1 cells,CHEMBL1148011,P32246,C-C chemokine receptor type 1,IC50,CNc1c(Nc2cc(Cl)ccc2/C=C/C(=O)N2CCN(Cc3ccc(F)cc3)C[C@H]2C)c(=O)c1=O,7.119186407719209
CHEMBL389293,CHEMBL2413,C-C chemokine receptor type 1,IC50,=,7.0,nM,CHEMBL892289,B,Displacement of [125I]MIP1-alpha from human CCR1 expressed in THP1 cells,CHEMBL1148011,P32246,C-C chemokine receptor type 1,IC50,C[C@@H]1CN(Cc2ccc(F)cc2)CCN1C(=O)/C=C/c1ccc(Cl)cc1Nc1c(N)c(=O)c1=O,8.154901959985743
CHEMBL232654,CHEMBL2413,C-C chemokine receptor type 1,IC50,=,26.0,nM,CHEMBL892289,B,Displacement of [125I]MIP1-alpha from human CCR1 expressed in THP1 cells,CHEMBL1148011,P32246,C-C chemokine receptor type 1,IC50,C[C@@H]1CN(Cc2ccc(F)cc2)CCN1C(=O)COc1ccc(Cl)cc1Nc1c(NCc2ccncc2)c(=O)c1=O,7.585026652029182
CHEMBL397910,CHEMBL2413,C-C chemokine receptor type 1,IC50,=,42.0,nM,CHEMBL892289,B,Displacement of [125I]MIP1-alpha from human CCR1 expressed in THP1 cells,CHEMBL1148011,P32246,C-C chemokine receptor type 1,IC50,C[C@@H]1CN(Cc2ccc(F)cc2)CCN1C(=O)COc1ccc(Cl)cc1Nc1c(NCc2cccnc2)c(=O)c1=O,7.376750709602099
CHEMBL428193,CHEMBL2413,C-C chemokine receptor type 1,IC50,=,15.0,nM,CHEMBL892289,B,Displacement of [125I]MIP1-alpha from human CCR1 expressed in THP1 cells,CHEMBL1148011,P32246,C-C chemokine receptor type 1,IC50,C[C@@H]1CN(Cc2ccc(F)cc2)CCN1C(=O)COc1ccc(Cl)cc1Nc1c(NCc2ccccn2)c(=O)c1=O,7.823908740944319
CHEMBL387608,CHEMBL2413,C-C chemokine receptor type 1,IC50,=,50.0,nM,CHEMBL892289,B,Displacement of [125I]MIP1-alpha from human CCR1 expressed in THP1 cells,CHEMBL1148011,P32246,C-C chemokine receptor type 1,IC50,C[C@@H]1CN(Cc2ccc(F)cc2)CCN1C(=O)COc1ccc(Cl)cc1Nc1c(NCCN2CCNCC2)c(=O)c1=O,7.301029995663981
CHEMBL234295,CHEMBL2413,C-C chemokine receptor type 1,IC50,=,12.0,nM,CHEMBL892289,B,Displacement of [125I]MIP1-alpha from human CCR1 expressed in THP1 cells,CHEMBL1148011,P32246,C-C chemokine receptor type 1,IC50,C[C@@H]1CN(Cc2ccc(F)cc2)CCN1C(=O)COc1ccc(Cl)cc1Nc1c(NCCN2CCOCC2)c(=O)c1=O,7.920818753952375
CHEMBL233042,CHEMBL2413,C-C chemokine receptor type 1,IC50,=,64.0,nM,CHEMBL892289,B,Displacement of [125I]MIP1-alpha from human CCR1 expressed in THP1 cells,CHEMBL1148011,P32246,C-C chemokine receptor type 1,IC50,C[C@@H]1CN(Cc2ccc(F)cc2)CCN1C(=O)COc1ccc(Cl)cc1Nc1c(NCCN2CCCC2)c(=O)c1=O,7.1938200260161125
CHEMBL232837,CHEMBL2413,C-C chemokine receptor type 1,IC50,=,18.0,nM,CHEMBL892289,B,Displacement of [125I]MIP1-alpha from human CCR1 expressed in THP1 cells,CHEMBL1148011,P32246,C-C chemokine receptor type 1,IC50,C[C@@H]1CN(Cc2ccc(F)cc2)CCN1C(=O)COc1ccc(Cl)cc1Nc1c(NCCN)c(=O)c1=O,7.7447274948966935
CHEMBL232638,CHEMBL2413,C-C chemokine receptor type 1,IC50,=,20.0,nM,CHEMBL892289,B,Displacement of [125I]MIP1-alpha from human CCR1 expressed in THP1 cells,CHEMBL1148011,P32246,C-C chemokine receptor type 1,IC50,C[C@@H]1CN(Cc2ccc(F)cc2)CCN1C(=O)COc1ccc(Cl)cc1Nc1c(NCCO)c(=O)c1=O,7.698970004336019
CHEMBL387822,CHEMBL2413,C-C chemokine receptor type 1,IC50,=,63.0,nM,CHEMBL892289,B,Displacement of [125I]MIP1-alpha from human CCR1 expressed in THP1 cells,CHEMBL1148011,P32246,C-C chemokine receptor type 1,IC50,COCCNc1c(Nc2cc(Cl)ccc2OCC(=O)N2CCN(Cc3ccc(F)cc3)C[C@H]2C)c(=O)c1=O,7.200659450546418
CHEMBL387821,CHEMBL2413,C-C chemokine receptor type 1,IC50,=,160.0,nM,CHEMBL892289,B,Displacement of [125I]MIP1-alpha from human CCR1 expressed in THP1 cells,CHEMBL1148011,P32246,C-C chemokine receptor type 1,IC50,C[C@@H]1CN(Cc2ccc(F)cc2)CCN1C(=O)COc1ccc(Cl)cc1Nc1c(NCCN(C)C)c(=O)c1=O,6.795880017344075
CHEMBL232441,CHEMBL2413,C-C chemokine receptor type 1,IC50,=,10.0,nM,CHEMBL892289,B,Displacement of [125I]MIP1-alpha from human CCR1 expressed in THP1 cells,CHEMBL1148011,P32246,C-C chemokine receptor type 1,IC50,C[C@@H]1CN(Cc2ccc(F)cc2)CCN1C(=O)COc1ccc(Cl)cc1Nc1c(N)c(=O)c1=O,8.0
CHEMBL397956,CHEMBL2413,C-C chemokine receptor type 1,IC50,=,800.0,nM,CHEMBL892289,B,Displacement of [125I]MIP1-alpha from human CCR1 expressed in THP1 cells,CHEMBL1148011,P32246,C-C chemokine receptor type 1,IC50,C[C@@H]1CN(Cc2ccc(F)cc2)CCN1C(=O)COc1ccc(Cl)cc1Nc1c(NCc2ccccc2)c(=O)c1=O,6.096910013008056
CHEMBL234081,CHEMBL2413,C-C chemokine receptor type 1,IC50,=,170.0,nM,CHEMBL892289,B,Displacement of [125I]MIP1-alpha from human CCR1 expressed in THP1 cells,CHEMBL1148011,P32246,C-C chemokine receptor type 1,IC50,CCCNc1c(Nc2cc(Cl)ccc2OCC(=O)N2CCN(Cc3ccc(F)cc3)C[C@H]2C)c(=O)c1=O,6.769551078621726
CHEMBL234073,CHEMBL2413,C-C chemokine receptor type 1,IC50,=,72.0,nM,CHEMBL892289,B,Displacement of [125I]MIP1-alpha from human CCR1 expressed in THP1 cells,CHEMBL1148011,P32246,C-C chemokine receptor type 1,IC50,CCNc1c(Nc2cc(Cl)ccc2OCC(=O)N2CCN(Cc3ccc(F)cc3)C[C@H]2C)c(=O)c1=O,7.142667503568731
CHEMBL232455,CHEMBL2413,C-C chemokine receptor type 1,IC50,=,140.0,nM,CHEMBL892289,B,Displacement of [125I]MIP1-alpha from human CCR1 expressed in THP1 cells,CHEMBL1148011,P32246,C-C chemokine receptor type 1,IC50,CNc1c(Nc2cc(F)c(F)cc2OCC(=O)N2CCN(Cc3ccc(F)cc3)C[C@H]2C)c(=O)c1=O,6.853871964321762
CHEMBL430356,CHEMBL2413,C-C chemokine receptor type 1,IC50,=,90.0,nM,CHEMBL892289,B,Displacement of [125I]MIP1-alpha from human CCR1 expressed in THP1 cells,CHEMBL1148011,P32246,C-C chemokine receptor type 1,IC50,CNc1c(Nc2cc(C)ccc2OCC(=O)N2CCN(Cc3ccc(F)cc3)C[C@H]2C)c(=O)c1=O,7.045757490560675
CHEMBL396700,CHEMBL2413,C-C chemokine receptor type 1,IC50,=,160.0,nM,CHEMBL892289,B,Displacement of [125I]MIP1-alpha from human CCR1 expressed in THP1 cells,CHEMBL1148011,P32246,C-C chemokine receptor type 1,IC50,CNc1c(Nc2cc(F)ccc2OCC(=O)N2CCN(Cc3ccc(F)cc3)C[C@H]2C)c(=O)c1=O,6.795880017344075
CHEMBL232253,CHEMBL2413,C-C chemokine receptor type 1,IC50,=,25.0,nM,CHEMBL892289,B,Displacement of [125I]MIP1-alpha from human CCR1 expressed in THP1 cells,CHEMBL1148011,P32246,C-C chemokine receptor type 1,IC50,CNc1c(Nc2cc(Br)ccc2OCC(=O)N2CCN(Cc3ccc(F)cc3)C[C@H]2C)c(=O)c1=O,7.6020599913279625
CHEMBL232252,CHEMBL2413,C-C chemokine receptor type 1,IC50,=,920.0,nM,CHEMBL892289,B,Displacement of [125I]MIP1-alpha from human CCR1 expressed in THP1 cells,CHEMBL1148011,P32246,C-C chemokine receptor type 1,IC50,CNc1c(Nc2ccccc2OCC(=O)N2CCN(Cc3ccc(F)cc3)C[C@H]2C)c(=O)c1=O,6.036212172654444
CHEMBL390707,CHEMBL2413,C-C chemokine receptor type 1,IC50,=,200.0,nM,CHEMBL892289,B,Displacement of [125I]MIP1-alpha from human CCR1 expressed in THP1 cells,CHEMBL1148011,P32246,C-C chemokine receptor type 1,IC50,CNc1c(Nc2cc(Cl)ccc2OCC(=O)N2CCN(Cc3ccc(Cl)cc3)CC2)c(=O)c1=O,6.698970004336019
CHEMBL232251,CHEMBL2413,C-C chemokine receptor type 1,IC50,=,2910.0,nM,CHEMBL892289,B,Displacement of [125I]MIP1-alpha from human CCR1 expressed in THP1 cells,CHEMBL1148011,P32246,C-C chemokine receptor type 1,IC50,CNc1c(Nc2cc(Cl)ccc2OCC(=O)N2CCN(Cc3cccc(F)c3)C[C@H]2C)c(=O)c1=O,5.536107011014092
CHEMBL232044,CHEMBL2413,C-C chemokine receptor type 1,IC50,=,2340.0,nM,CHEMBL892289,B,Displacement of [125I]MIP1-alpha from human CCR1 expressed in THP1 cells,CHEMBL1148011,P32246,C-C chemokine receptor type 1,IC50,CNc1c(Nc2cc(Cl)ccc2OCC(=O)N2CCN(Cc3ccccc3F)C[C@H]2C)c(=O)c1=O,5.630784142589857
CHEMBL232043,CHEMBL2413,C-C chemokine receptor type 1,IC50,=,97.0,nM,CHEMBL892289,B,Displacement of [125I]MIP1-alpha from human CCR1 expressed in THP1 cells,CHEMBL1148011,P32246,C-C chemokine receptor type 1,IC50,CNc1c(Nc2cc(Cl)ccc2OCC(=O)N2CCN(Cc3ccc(F)c(F)c3)C[C@H]2C)c(=O)c1=O,7.013228265733755
CHEMBL232042,CHEMBL2413,C-C chemokine receptor type 1,IC50,=,270.0,nM,CHEMBL892289,B,Displacement of [125I]MIP1-alpha from human CCR1 expressed in THP1 cells,CHEMBL1148011,P32246,C-C chemokine receptor type 1,IC50,CNc1c(Nc2cc(Cl)ccc2OCC(=O)N2CCN(Cc3ccc(Br)cc3)C[C@H]2C)c(=O)c1=O,6.568636235841012
CHEMBL390706,CHEMBL2413,C-C chemokine receptor type 1,IC50,=,78.0,nM,CHEMBL892289,B,Displacement of [125I]MIP1-alpha from human CCR1 expressed in THP1 cells,CHEMBL1148011,P32246,C-C chemokine receptor type 1,IC50,CNc1c(Nc2cc(Cl)ccc2OCC(=O)N2CCN(Cc3ccc(Cl)cc3)C[C@H]2C)c(=O)c1=O,7.107905397309519
CHEMBL231830,CHEMBL2413,C-C chemokine receptor type 1,IC50,=,350.0,nM,CHEMBL892289,B,Displacement of [125I]MIP1-alpha from human CCR1 expressed in THP1 cells,CHEMBL1148011,P32246,C-C chemokine receptor type 1,IC50,CNc1c(Nc2cc(Cl)ccc2OCC(=O)N2CCN(Cc3ccccc3)C[C@H]2C)c(=O)c1=O,6.455931955649724
CHEMBL234276,CHEMBL2413,C-C chemokine receptor type 1,IC50,=,220.0,nM,CHEMBL892289,B,Displacement of [125I]MIP1-alpha from human CCR1 expressed in THP1 cells,CHEMBL1148011,P32246,C-C chemokine receptor type 1,IC50,CNc1c(Nc2cc(Cl)ccc2OCC(=O)N2CCN(Cc3ccc(Cl)s3)C[C@H]2C)c(=O)c1=O,6.657577319177793
CHEMBL234606,CHEMBL2413,C-C chemokine receptor type 1,IC50,=,480.0,nM,CHEMBL893666,B,Binding Affinity at CCL3,CHEMBL1147927,P32246,C-C chemokine receptor type 1,IC50,CC(C)(O)CC[C@@H](CN)C[C@H](O)[C@H](Cc1cccc(F)c1)NC(=O)c1cnc2ccccc2n1,6.318758762624412
CHEMBL430166,CHEMBL2413,C-C chemokine receptor type 1,IC50,=,23.0,nM,CHEMBL893666,B,Binding Affinity at CCL3,CHEMBL1147927,P32246,C-C chemokine receptor type 1,IC50,C[C@@H]1CN(Cc2ccc(F)cc2)[C@@H](C)CN1C(=O)COc1ccc(Cl)cc1CS(=O)(=O)O,7.638272163982407
CHEMBL234263,CHEMBL2413,C-C chemokine receptor type 1,IC50,=,13.0,nM,CHEMBL893666,B,Binding Affinity at CCL3,CHEMBL1147927,P32246,C-C chemokine receptor type 1,IC50,C[C@@H]1CN(Cc2ccc(F)cc2)[C@@H](C)CN1C(=O)COc1ccc(Cl)cc1C(=O)CCC(=O)O,7.886056647693163
CHEMBL391239,CHEMBL2413,C-C chemokine receptor type 1,IC50,=,44.0,nM,CHEMBL893666,B,Binding Affinity at CCL3,CHEMBL1147927,P32246,C-C chemokine receptor type 1,IC50,COS(=O)(=O)NC(=O)Cc1cc(Cl)ccc1OCC(=O)N1C[C@H](C)N(Cc2ccc(F)cc2)C[C@H]1C,7.356547323513812
CHEMBL234262,CHEMBL2413,C-C chemokine receptor type 1,IC50,=,38.0,nM,CHEMBL893666,B,Binding Affinity at CCL3,CHEMBL1147927,P32246,C-C chemokine receptor type 1,IC50,C[C@@H]1CN(Cc2ccc(F)cc2)[C@@H](C)CN1C(=O)COc1ccc(Cl)cc1CC(=O)O,7.42021640338319
CHEMBL391238,CHEMBL2413,C-C chemokine receptor type 1,IC50,=,8.0,nM,CHEMBL893666,B,Binding Affinity at CCL3,CHEMBL1147927,P32246,C-C chemokine receptor type 1,IC50,C[C@@H]1CN(Cc2ccc(F)cc2)[C@@H](C)CN1C(=O)COc1ccc(Cl)cc1NC(=O)NCCN,8.096910013008056
CHEMBL391302,CHEMBL2413,C-C chemokine receptor type 1,IC50,=,30.0,nM,CHEMBL893666,B,Binding Affinity at CCL3,CHEMBL1147927,P32246,C-C chemokine receptor type 1,IC50,C[C@@H]1CN(Cc2ccc(F)cc2)[C@@H](C)CN1C(=O)COc1ccc(Cl)cc1C(=O)NCCN,7.522878745280337
CHEMBL391301,CHEMBL2413,C-C chemokine receptor type 1,IC50,=,59.0,nM,CHEMBL893666,B,Binding Affinity at CCL3,CHEMBL1147927,P32246,C-C chemokine receptor type 1,IC50,C[C@@H]1CN(Cc2ccc(F)cc2)[C@@H](C)CN1C(=O)COc1ccc(Cl)cc1C(=O)O,7.229147988357855
CHEMBL234622,CHEMBL2413,C-C chemokine receptor type 1,IC50,=,860.0,nM,CHEMBL893666,B,Binding Affinity at CCL3,CHEMBL1147927,P32246,C-C chemokine receptor type 1,IC50,C[C@@H]1CN(Cc2ccc(F)cc2)CCN1C(=O)COc1ccc(Cl)cc1,6.065501548756432
CHEMBL232656,CHEMBL2413,C-C chemokine receptor type 1,IC50,=,31.0,nM,CHEMBL893666,B,Binding Affinity at CCL3,CHEMBL1147927,P32246,C-C chemokine receptor type 1,IC50,C[C@@H]1CN(Cc2ccc(F)cc2)CCN1C(=O)COc1ccc(Cl)cc1NC(N)=O,7.508638306165727
CHEMBL256264,CHEMBL2413,C-C chemokine receptor type 1,IC50,=,5830.0,nM,CHEMBL933431,B,Displacement of [125I]MIP1-alpha from human CCR1 receptor expressed in THP1 cells,CHEMBL1143879,P32246,C-C chemokine receptor type 1,IC50,O=C(NCCCN1CCC(O)(c2ccc(Cl)cc2)CC1)c1ccc2ccccc2c1,5.234331445240986
CHEMBL271079,CHEMBL2413,C-C chemokine receptor type 1,IC50,=,1150.0,nM,CHEMBL933431,B,Displacement of [125I]MIP1-alpha from human CCR1 receptor expressed in THP1 cells,CHEMBL1143879,P32246,C-C chemokine receptor type 1,IC50,O=S(=O)(NCCCN1CCC(O)(c2ccc(Cl)cc2)CC1)c1ccc2ccccc2c1,5.939302159646388
CHEMBL270433,CHEMBL2413,C-C chemokine receptor type 1,IC50,=,680.0,nM,CHEMBL933431,B,Displacement of [125I]MIP1-alpha from human CCR1 receptor expressed in THP1 cells,CHEMBL1143879,P32246,C-C chemokine receptor type 1,IC50,O=S(=O)(NCCCN1CCC(O)(c2ccc(Cl)cc2)CC1)c1cccc2ccccc12,6.167491087293763
CHEMBL270631,CHEMBL2413,C-C chemokine receptor type 1,IC50,=,300.0,nM,CHEMBL933431,B,Displacement of [125I]MIP1-alpha from human CCR1 receptor expressed in THP1 cells,CHEMBL1143879,P32246,C-C chemokine receptor type 1,IC50,O=S(=O)(NCCCN1CCC(O)(c2ccc(Cl)cc2)CC1)c1ccccc1,6.522878745280337
CHEMBL429591,CHEMBL2413,C-C chemokine receptor type 1,IC50,=,140.0,nM,CHEMBL933431,B,Displacement of [125I]MIP1-alpha from human CCR1 receptor expressed in THP1 cells,CHEMBL1143879,P32246,C-C chemokine receptor type 1,IC50,O=S(=O)(NCCCN1CCC(O)(c2ccc(Cl)cc2)CC1)c1ccccc1Br,6.853871964321762
CHEMBL269957,CHEMBL2413,C-C chemokine receptor type 1,IC50,=,110.0,nM,CHEMBL933431,B,Displacement of [125I]MIP1-alpha from human CCR1 receptor expressed in THP1 cells,CHEMBL1143879,P32246,C-C chemokine receptor type 1,IC50,O=S(=O)(NCCCN1CCC(O)(c2ccc(Cl)cc2)CC1)c1ccccc1Cl,6.958607314841775
CHEMBL256821,CHEMBL2413,C-C chemokine receptor type 1,IC50,=,380.0,nM,CHEMBL933431,B,Displacement of [125I]MIP1-alpha from human CCR1 receptor expressed in THP1 cells,CHEMBL1143879,P32246,C-C chemokine receptor type 1,IC50,O=S(=O)(NCCCN1CCC(O)(c2ccc(Cl)cc2)CC1)c1cccc(Cl)c1,6.42021640338319
CHEMBL404732,CHEMBL2413,C-C chemokine receptor type 1,IC50,=,800.0,nM,CHEMBL933431,B,Displacement of [125I]MIP1-alpha from human CCR1 receptor expressed in THP1 cells,CHEMBL1143879,P32246,C-C chemokine receptor type 1,IC50,O=S(=O)(NCCCN1CCC(O)(c2ccc(Cl)cc2)CC1)c1ccc(Cl)cc1,6.096910013008056
CHEMBL256888,CHEMBL2413,C-C chemokine receptor type 1,IC50,=,580.0,nM,CHEMBL933431,B,Displacement of [125I]MIP1-alpha from human CCR1 receptor expressed in THP1 cells,CHEMBL1143879,P32246,C-C chemokine receptor type 1,IC50,O=S(=O)(NCCCN1CCC(O)(c2ccc(Cl)cc2)CC1)c1ccccc1F,6.236572006437063
CHEMBL256889,CHEMBL2413,C-C chemokine receptor type 1,IC50,=,910.0,nM,CHEMBL933431,B,Displacement of [125I]MIP1-alpha from human CCR1 receptor expressed in THP1 cells,CHEMBL1143879,P32246,C-C chemokine receptor type 1,IC50,O=S(=O)(NCCCN1CCC(O)(c2ccc(Cl)cc2)CC1)c1ccc(F)cc1,6.040958607678906
CHEMBL256404,CHEMBL2413,C-C chemokine receptor type 1,IC50,=,150.0,nM,CHEMBL933431,B,Displacement of [125I]MIP1-alpha from human CCR1 receptor expressed in THP1 cells,CHEMBL1143879,P32246,C-C chemokine receptor type 1,IC50,Cc1ccccc1S(=O)(=O)NCCCN1CCC(O)(c2ccc(Cl)cc2)CC1,6.823908740944319
CHEMBL258064,CHEMBL2413,C-C chemokine receptor type 1,IC50,=,430.0,nM,CHEMBL933431,B,Displacement of [125I]MIP1-alpha from human CCR1 receptor expressed in THP1 cells,CHEMBL1143879,P32246,C-C chemokine receptor type 1,IC50,Cc1ccc(S(=O)(=O)NCCCN2CCC(O)(c3ccc(Cl)cc3)CC2)cc1,6.366531544420413
CHEMBL258065,CHEMBL2413,C-C chemokine receptor type 1,IC50,=,250.0,nM,CHEMBL933431,B,Displacement of [125I]MIP1-alpha from human CCR1 receptor expressed in THP1 cells,CHEMBL1143879,P32246,C-C chemokine receptor type 1,IC50,O=S(=O)(NCCCN1CCC(O)(c2ccc(Cl)cc2)CC1)c1ccccc1C(F)(F)F,6.6020599913279625
CHEMBL258363,CHEMBL2413,C-C chemokine receptor type 1,IC50,=,9400.0,nM,CHEMBL933431,B,Displacement of [125I]MIP1-alpha from human CCR1 receptor expressed in THP1 cells,CHEMBL1143879,P32246,C-C chemokine receptor type 1,IC50,O=S(=O)(NCCCN1CCC(O)(c2ccc(Cl)cc2)CC1)c1ccc(C(F)(F)F)cc1,5.026872146400301
CHEMBL258361,CHEMBL2413,C-C chemokine receptor type 1,IC50,=,350.0,nM,CHEMBL933431,B,Displacement of [125I]MIP1-alpha from human CCR1 receptor expressed in THP1 cells,CHEMBL1143879,P32246,C-C chemokine receptor type 1,IC50,O=S(=O)(NCCCN1CCC(O)(c2ccc(Cl)cc2)CC1)c1ccccc1OC(F)(F)F,6.455931955649724
CHEMBL258362,CHEMBL2413,C-C chemokine receptor type 1,IC50,=,9000.0,nM,CHEMBL933431,B,Displacement of [125I]MIP1-alpha from human CCR1 receptor expressed in THP1 cells,CHEMBL1143879,P32246,C-C chemokine receptor type 1,IC50,O=S(=O)(NCCCN1CCC(O)(c2ccc(Cl)cc2)CC1)c1ccc(OC(F)(F)F)cc1,5.045757490560675
CHEMBL272559,CHEMBL2413,C-C chemokine receptor type 1,IC50,=,3880.0,nM,CHEMBL933431,B,Displacement of [125I]MIP1-alpha from human CCR1 receptor expressed in THP1 cells,CHEMBL1143879,P32246,C-C chemokine receptor type 1,IC50,COc1ccc(S(=O)(=O)NCCCN2CCC(O)(c3ccc(Cl)cc3)CC2)cc1,5.411168274405792
CHEMBL272523,CHEMBL2413,C-C chemokine receptor type 1,IC50,=,600.0,nM,CHEMBL933431,B,Displacement of [125I]MIP1-alpha from human CCR1 receptor expressed in THP1 cells,CHEMBL1143879,P32246,C-C chemokine receptor type 1,IC50,O=S(=O)(NCCCN1CCC(O)(c2ccc(Cl)cc2)CC1)c1ccccc1-c1ccccc1,6.221848749616356
CHEMBL272097,CHEMBL2413,C-C chemokine receptor type 1,IC50,=,160.0,nM,CHEMBL933431,B,Displacement of [125I]MIP1-alpha from human CCR1 receptor expressed in THP1 cells,CHEMBL1143879,P32246,C-C chemokine receptor type 1,IC50,O=S(=O)(NCCCN1CCC(O)(c2ccc(Cl)cc2)CC1)c1cccs1,6.795880017344075
CHEMBL270564,CHEMBL2413,C-C chemokine receptor type 1,IC50,=,570.0,nM,CHEMBL933431,B,Displacement of [125I]MIP1-alpha from human CCR1 receptor expressed in THP1 cells,CHEMBL1143879,P32246,C-C chemokine receptor type 1,IC50,O=S(=O)(NCCCN1CCC(O)(c2ccc(Cl)cc2)CC1)c1ccsc1,6.2441251443275085
CHEMBL257452,CHEMBL2413,C-C chemokine receptor type 1,IC50,=,240.0,nM,CHEMBL933431,B,Displacement of [125I]MIP1-alpha from human CCR1 receptor expressed in THP1 cells,CHEMBL1143879,P32246,C-C chemokine receptor type 1,IC50,O=S(=O)(NCCCN1CCC(O)(c2ccc(Cl)cc2)CC1)c1ccccc1-c1cccs1,6.619788758288394
CHEMBL255338,CHEMBL2413,C-C chemokine receptor type 1,IC50,=,350.0,nM,CHEMBL933431,B,Displacement of [125I]MIP1-alpha from human CCR1 receptor expressed in THP1 cells,CHEMBL1143879,P32246,C-C chemokine receptor type 1,IC50,O=S(=O)(NCCCN1CCC(O)(c2ccc(Cl)cc2)CC1)c1ccccc1-c1ccsc1,6.455931955649724
CHEMBL258360,CHEMBL2413,C-C chemokine receptor type 1,IC50,=,510.0,nM,CHEMBL933431,B,Displacement of [125I]MIP1-alpha from human CCR1 receptor expressed in THP1 cells,CHEMBL1143879,P32246,C-C chemokine receptor type 1,IC50,O=S(=O)(NCCCN1CCC(O)(c2ccc(Cl)cc2)CC1)c1cccc(Cl)c1Cl,6.292429823902063
CHEMBL411477,CHEMBL2413,C-C chemokine receptor type 1,IC50,=,410.0,nM,CHEMBL933431,B,Displacement of [125I]MIP1-alpha from human CCR1 receptor expressed in THP1 cells,CHEMBL1143879,P32246,C-C chemokine receptor type 1,IC50,O=S(=O)(NCCCN1CCC(O)(c2ccc(Cl)cc2)CC1)c1ccc(Cl)cc1Cl,6.3872161432802645
CHEMBL270863,CHEMBL2413,C-C chemokine receptor type 1,IC50,=,540.0,nM,CHEMBL933431,B,Displacement of [125I]MIP1-alpha from human CCR1 receptor expressed in THP1 cells,CHEMBL1143879,P32246,C-C chemokine receptor type 1,IC50,O=S(=O)(NCCCN1CCC(O)(c2ccc(Cl)cc2)CC1)c1cc(Cl)ccc1Cl,6.267606240177031
CHEMBL411476,CHEMBL2413,C-C chemokine receptor type 1,IC50,=,1850.0,nM,CHEMBL933431,B,Displacement of [125I]MIP1-alpha from human CCR1 receptor expressed in THP1 cells,CHEMBL1143879,P32246,C-C chemokine receptor type 1,IC50,O=S(=O)(NCCCN1CCC(O)(c2ccc(Cl)cc2)CC1)c1ccc(Cl)c(Cl)c1,5.732828271596986
CHEMBL257698,CHEMBL2413,C-C chemokine receptor type 1,IC50,=,780.0,nM,CHEMBL933431,B,Displacement of [125I]MIP1-alpha from human CCR1 receptor expressed in THP1 cells,CHEMBL1143879,P32246,C-C chemokine receptor type 1,IC50,O=S(=O)(NCCCN1CCC(O)(c2ccc(Cl)cc2)CC1)c1cc(Cl)cc(Cl)c1,6.107905397309519
CHEMBL255629,CHEMBL2413,C-C chemokine receptor type 1,IC50,=,80.0,nM,CHEMBL933431,B,Displacement of [125I]MIP1-alpha from human CCR1 receptor expressed in THP1 cells,CHEMBL1143879,P32246,C-C chemokine receptor type 1,IC50,O=S(=O)(NCCCN1CCC(O)(c2ccc(Cl)cc2)CC1)c1c(Cl)cccc1Cl,7.096910013008056
CHEMBL257509,CHEMBL2413,C-C chemokine receptor type 1,IC50,=,360.0,nM,CHEMBL933431,B,Displacement of [125I]MIP1-alpha from human CCR1 receptor expressed in THP1 cells,CHEMBL1143879,P32246,C-C chemokine receptor type 1,IC50,O=S(=O)(NCCCN1CCC(O)(c2ccc(Cl)cc2)CC1)c1ccc(F)cc1Cl,6.443697499232712
CHEMBL429419,CHEMBL2413,C-C chemokine receptor type 1,IC50,=,90.0,nM,CHEMBL933431,B,Displacement of [125I]MIP1-alpha from human CCR1 receptor expressed in THP1 cells,CHEMBL1143879,P32246,C-C chemokine receptor type 1,IC50,Cc1cccc(Cl)c1S(=O)(=O)NCCCN1CCC(O)(c2ccc(Cl)cc2)CC1,7.045757490560675
CHEMBL270419,CHEMBL2413,C-C chemokine receptor type 1,IC50,=,1270.0,nM,CHEMBL933431,B,Displacement of [125I]MIP1-alpha from human CCR1 receptor expressed in THP1 cells,CHEMBL1143879,P32246,C-C chemokine receptor type 1,IC50,O=S(=O)(c1ccccc1)N1CCC(N2CCC(O)(c3ccc(Cl)cc3)CC2)CC1,5.896196279044043
CHEMBL270253,CHEMBL2413,C-C chemokine receptor type 1,IC50,=,200.0,nM,CHEMBL933431,B,Displacement of [125I]MIP1-alpha from human CCR1 receptor expressed in THP1 cells,CHEMBL1143879,P32246,C-C chemokine receptor type 1,IC50,O=S(=O)(c1ccccc1Cl)N1CCC(N2CCC(O)(c3ccc(Cl)cc3)CC2)CC1,6.698970004336019
CHEMBL270254,CHEMBL2413,C-C chemokine receptor type 1,IC50,=,420.0,nM,CHEMBL933431,B,Displacement of [125I]MIP1-alpha from human CCR1 receptor expressed in THP1 cells,CHEMBL1143879,P32246,C-C chemokine receptor type 1,IC50,O=S(=O)(c1c(Cl)cccc1Cl)N1CCC(N2CCC(O)(c3ccc(Cl)cc3)CC2)CC1,6.376750709602099
CHEMBL404033,CHEMBL2413,C-C chemokine receptor type 1,IC50,=,500.0,nM,CHEMBL933431,B,Displacement of [125I]MIP1-alpha from human CCR1 receptor expressed in THP1 cells,CHEMBL1143879,P32246,C-C chemokine receptor type 1,IC50,Cc1ccccc1S(=O)(=O)N1CCC(N2CCC(O)(c3ccc(Cl)cc3)CC2)CC1,6.301029995663981
CHEMBL269956,CHEMBL2413,C-C chemokine receptor type 1,IC50,=,370.0,nM,CHEMBL933431,B,Displacement of [125I]MIP1-alpha from human CCR1 receptor expressed in THP1 cells,CHEMBL1143879,P32246,C-C chemokine receptor type 1,IC50,Cc1cccc(Cl)c1S(=O)(=O)N1CCC(N2CCC(O)(c3ccc(Cl)cc3)CC2)CC1,6.431798275933005
CHEMBL403728,CHEMBL2413,C-C chemokine receptor type 1,IC50,=,90.0,nM,CHEMBL933431,B,Displacement of [125I]MIP1-alpha from human CCR1 receptor expressed in THP1 cells,CHEMBL1143879,P32246,C-C chemokine receptor type 1,IC50,O=S(=O)(c1ccccc1Br)N1CCC(N2CCC(O)(c3ccc(Cl)cc3)CC2)CC1,7.045757490560675
CHEMBL256887,CHEMBL2413,C-C chemokine receptor type 1,IC50,=,1120.0,nM,CHEMBL933431,B,Displacement of [125I]MIP1-alpha from human CCR1 receptor expressed in THP1 cells,CHEMBL1143879,P32246,C-C chemokine receptor type 1,IC50,O=S(=O)(c1c(F)cc(F)cc1Br)N1CCC(N2CCC(O)(c3ccc(Cl)cc3)CC2)CC1,5.950781977329818
CHEMBL258368,CHEMBL2413,C-C chemokine receptor type 1,IC50,=,970.0,nM,CHEMBL933431,B,Displacement of [125I]MIP1-alpha from human CCR1 receptor expressed in THP1 cells,CHEMBL1143879,P32246,C-C chemokine receptor type 1,IC50,O=S(=O)(c1cccs1)N1CCC(N2CCC(O)(c3ccc(Cl)cc3)CC2)CC1,6.013228265733755
CHEMBL258369,CHEMBL2413,C-C chemokine receptor type 1,IC50,=,3600.0,nM,CHEMBL933431,B,Displacement of [125I]MIP1-alpha from human CCR1 receptor expressed in THP1 cells,CHEMBL1143879,P32246,C-C chemokine receptor type 1,IC50,O=S(=O)(c1ccc(Cl)c(Cl)c1Cl)N1CCC(N2CCC(O)(c3ccc(Cl)cc3)CC2)CC1,5.443697499232712
CHEMBL403665,CHEMBL2413,C-C chemokine receptor type 1,IC50,=,5150.0,nM,CHEMBL933431,B,Displacement of [125I]MIP1-alpha from human CCR1 receptor expressed in THP1 cells,CHEMBL1143879,P32246,C-C chemokine receptor type 1,IC50,CC1(N2CCC(O)(c3ccc(Cl)cc3)CC2)CCN(S(=O)(=O)c2ccccc2Cl)CC1,5.288192770958808
CHEMBL257853,CHEMBL2413,C-C chemokine receptor type 1,IC50,=,4200.0,nM,CHEMBL933431,B,Displacement of [125I]MIP1-alpha from human CCR1 receptor expressed in THP1 cells,CHEMBL1143879,P32246,C-C chemokine receptor type 1,IC50,CC1(N2CCC(O)(c3ccc(Cl)cc3)CC2)CCN(S(=O)(=O)c2c(Cl)cccc2Cl)CC1,5.376750709602099
CHEMBL402327,CHEMBL2413,C-C chemokine receptor type 1,IC50,=,3570.0,nM,CHEMBL933431,B,Displacement of [125I]MIP1-alpha from human CCR1 receptor expressed in THP1 cells,CHEMBL1143879,P32246,C-C chemokine receptor type 1,IC50,Cc1cccc(Cl)c1S(=O)(=O)N1CCC(C)(N2CCC(O)(c3ccc(Cl)cc3)CC2)CC1,5.447331783887806
CHEMBL256271,CHEMBL2413,C-C chemokine receptor type 1,IC50,=,320.0,nM,CHEMBL933431,B,Displacement of [125I]MIP1-alpha from human CCR1 receptor expressed in THP1 cells,CHEMBL1143879,P32246,C-C chemokine receptor type 1,IC50,CC1CC(N2CCC(O)(c3ccc(Cl)cc3)CC2)CCN1S(=O)(=O)c1ccccc1Cl,6.494850021680094
CHEMBL256272,CHEMBL2413,C-C chemokine receptor type 1,IC50,=,220.0,nM,CHEMBL933431,B,Displacement of [125I]MIP1-alpha from human CCR1 receptor expressed in THP1 cells,CHEMBL1143879,P32246,C-C chemokine receptor type 1,IC50,CC1CC(N2CCC(O)(c3ccc(Cl)cc3)CC2)CCN1S(=O)(=O)c1ccccc1Br,6.657577319177793
CHEMBL402827,CHEMBL2413,C-C chemokine receptor type 1,IC50,=,390.0,nM,CHEMBL933431,B,Displacement of [125I]MIP1-alpha from human CCR1 receptor expressed in THP1 cells,CHEMBL1143879,P32246,C-C chemokine receptor type 1,IC50,Cc1cccc(Cl)c1S(=O)(=O)N1CCC[C@@H](N2CCC(O)(c3ccc(Cl)cc3)CC2)C1,6.4089353929735005
CHEMBL409498,CHEMBL2413,C-C chemokine receptor type 1,IC50,=,430.0,nM,CHEMBL933431,B,Displacement of [125I]MIP1-alpha from human CCR1 receptor expressed in THP1 cells,CHEMBL1143879,P32246,C-C chemokine receptor type 1,IC50,Cc1cccc(Cl)c1S(=O)(=O)N1CCC[C@H](N2CCC(O)(c3ccc(Cl)cc3)CC2)C1,6.366531544420413
CHEMBL427834,CHEMBL2413,C-C chemokine receptor type 1,IC50,=,1980.0,nM,CHEMBL933431,B,Displacement of [125I]MIP1-alpha from human CCR1 receptor expressed in THP1 cells,CHEMBL1143879,P32246,C-C chemokine receptor type 1,IC50,O=S(=O)(c1ccccc1Cl)N1CCC[C@@H](N2CCC(O)(c3ccc(Cl)cc3)CC2)C1,5.703334809738469
CHEMBL272758,CHEMBL2413,C-C chemokine receptor type 1,IC50,=,1900.0,nM,CHEMBL933431,B,Displacement of [125I]MIP1-alpha from human CCR1 receptor expressed in THP1 cells,CHEMBL1143879,P32246,C-C chemokine receptor type 1,IC50,O=S(=O)(c1ccccc1Cl)N1CCC[C@H](N2CCC(O)(c3ccc(Cl)cc3)CC2)C1,5.721246399047171
CHEMBL402825,CHEMBL2413,C-C chemokine receptor type 1,IC50,=,1400.0,nM,CHEMBL933431,B,Displacement of [125I]MIP1-alpha from human CCR1 receptor expressed in THP1 cells,CHEMBL1143879,P32246,C-C chemokine receptor type 1,IC50,O=S(=O)(c1ccccc1Br)N1CCC[C@@H](N2CCC(O)(c3ccc(Cl)cc3)CC2)C1,5.853871964321762
CHEMBL255797,CHEMBL2413,C-C chemokine receptor type 1,IC50,=,460.0,nM,CHEMBL933431,B,Displacement of [125I]MIP1-alpha from human CCR1 receptor expressed in THP1 cells,CHEMBL1143879,P32246,C-C chemokine receptor type 1,IC50,O=S(=O)(c1ccccc1Br)N1CCC[C@H](N2CCC(O)(c3ccc(Cl)cc3)CC2)C1,6.337242168318426
CHEMBL404465,CHEMBL2413,C-C chemokine receptor type 1,IC50,=,400.0,nM,CHEMBL933431,B,Displacement of [125I]MIP1-alpha from human CCR1 receptor expressed in THP1 cells,CHEMBL1143879,P32246,C-C chemokine receptor type 1,IC50,O=S(=O)(c1ccccc1Cl)N1CCC(N2CCCC(O)(c3ccc(Cl)cc3)CC2)CC1,6.3979400086720375
CHEMBL404301,CHEMBL2413,C-C chemokine receptor type 1,IC50,=,600.0,nM,CHEMBL933431,B,Displacement of [125I]MIP1-alpha from human CCR1 receptor expressed in THP1 cells,CHEMBL1143879,P32246,C-C chemokine receptor type 1,IC50,N#CC1(c2ccc(Cl)cc2)CCN(CCCNS(=O)(=O)c2ccccc2Cl)CC1,6.221848749616356
CHEMBL270563,CHEMBL2413,C-C chemokine receptor type 1,IC50,=,1000.0,nM,CHEMBL933431,B,Displacement of [125I]MIP1-alpha from human CCR1 receptor expressed in THP1 cells,CHEMBL1143879,P32246,C-C chemokine receptor type 1,IC50,N#CC1(c2ccc(Cl)cc2)CCN(C2CCN(S(=O)(=O)c3ccccc3Cl)CC2)CC1,6.0
CHEMBL270358,CHEMBL2413,C-C chemokine receptor type 1,IC50,=,1170.0,nM,CHEMBL933431,B,Displacement of [125I]MIP1-alpha from human CCR1 receptor expressed in THP1 cells,CHEMBL1143879,P32246,C-C chemokine receptor type 1,IC50,O=S(=O)(c1ccccc1Cl)N1CCC(N2CCC(O)(c3ccc(F)cc3)CC2)CC1,5.931814138253838
CHEMBL271903,CHEMBL2413,C-C chemokine receptor type 1,IC50,=,440.0,nM,CHEMBL933431,B,Displacement of [125I]MIP1-alpha from human CCR1 receptor expressed in THP1 cells,CHEMBL1143879,P32246,C-C chemokine receptor type 1,IC50,O=S(=O)(c1ccccc1Cl)N1CCC(N2CCC(O)(c3ccc(Br)cc3)CC2)CC1,6.356547323513812
CHEMBL402110,CHEMBL2413,C-C chemokine receptor type 1,IC50,=,7000.0,nM,CHEMBL933431,B,Displacement of [125I]MIP1-alpha from human CCR1 receptor expressed in THP1 cells,CHEMBL1143879,P32246,C-C chemokine receptor type 1,IC50,O=S(=O)(c1ccccc1Cl)N1CCC(N2CCC(O)(c3cccc(Cl)c3)CC2)CC1,5.154901959985743
CHEMBL403613,CHEMBL2413,C-C chemokine receptor type 1,IC50,=,510.0,nM,CHEMBL933431,B,Displacement of [125I]MIP1-alpha from human CCR1 receptor expressed in THP1 cells,CHEMBL1143879,P32246,C-C chemokine receptor type 1,IC50,O=S(=O)(c1ccccc1Cl)N1CCC(N2CCC(O)(c3ccc(F)c(Cl)c3)CC2)CC1,6.292429823902063
CHEMBL258359,CHEMBL2413,C-C chemokine receptor type 1,IC50,=,890.0,nM,CHEMBL933431,B,Displacement of [125I]MIP1-alpha from human CCR1 receptor expressed in THP1 cells,CHEMBL1143879,P32246,C-C chemokine receptor type 1,IC50,O=S(=O)(c1ccccc1Cl)N1CCC(N2CCC(O)(c3ccc(Cl)c(Cl)c3)CC2)CC1,6.050609993355087
CHEMBL404757,CHEMBL2413,C-C chemokine receptor type 1,IC50,=,430.0,nM,CHEMBL933431,B,Displacement of [125I]MIP1-alpha from human CCR1 receptor expressed in THP1 cells,CHEMBL1143879,P32246,C-C chemokine receptor type 1,IC50,O=S(=O)(c1ccccc1Cl)N1CCC(N2CCC(O)(c3ccc(Cl)c(F)c3)CC2)CC1,6.366531544420413
CHEMBL256449,CHEMBL2413,C-C chemokine receptor type 1,IC50,=,1330.0,nM,CHEMBL933431,B,Displacement of [125I]MIP1-alpha from human CCR1 receptor expressed in THP1 cells,CHEMBL1143879,P32246,C-C chemokine receptor type 1,IC50,O=S(=O)(c1ccccc1Cl)N1CCC(N2CCC(O)(c3cc(F)c(F)c(F)c3)CC2)CC1,5.876148359032914
CHEMBL519240,CHEMBL2413,C-C chemokine receptor type 1,IC50,=,0.087,nM,CHEMBL947352,B,Displacement of radiolabeled MIP1alpha from human CCR1 receptor,CHEMBL1140203,P32246,C-C chemokine receptor type 1,IC50,Nc1nc2c(c(N3CCNCC3)n1)CCC1=C2[C@@H]2CCCC[C@@H]2O1,10.060480747381382
CHEMBL509457,CHEMBL2413,C-C chemokine receptor type 1,IC50,=,3600.0,nM,CHEMBL950881,B,Displacement of [125I]MIP-1-alpha from human recombinant CCR1 expressed in HEK293 cells,CHEMBL1140942,P32246,C-C chemokine receptor type 1,IC50,CCCN(Cc1ccc(Cl)cc1)C(=O)[C@H]1CCCN1C(=O)Nc1ccc(Cl)cc1,5.443697499232712
CHEMBL454942,CHEMBL2413,C-C chemokine receptor type 1,IC50,=,270.0,nM,CHEMBL950881,B,Displacement of [125I]MIP-1-alpha from human recombinant CCR1 expressed in HEK293 cells,CHEMBL1140942,P32246,C-C chemokine receptor type 1,IC50,CCN(Cc1ccc(Cl)cc1)C(=O)[C@H]1CCCN1C(=O)Nc1ccc(Cl)cc1,6.568636235841012
CHEMBL455162,CHEMBL2413,C-C chemokine receptor type 1,IC50,=,270.0,nM,CHEMBL950881,B,Displacement of [125I]MIP-1-alpha from human recombinant CCR1 expressed in HEK293 cells,CHEMBL1140942,P32246,C-C chemokine receptor type 1,IC50,CN(Cc1ccc(Cl)cc1)C(=O)[C@H]1CCCN1C(=O)Nc1ccc(Cl)cc1,6.568636235841012
CHEMBL462650,CHEMBL2413,C-C chemokine receptor type 1,IC50,=,43000.0,nM,CHEMBL950881,B,Displacement of [125I]MIP-1-alpha from human recombinant CCR1 expressed in HEK293 cells,CHEMBL1140942,P32246,C-C chemokine receptor type 1,IC50,O=C([C@H]1CCCN1C(=O)Nc1ccc(Cl)cc1)N(CCO)Cc1ccccc1Cl,4.366531544420414
CHEMBL517261,CHEMBL2413,C-C chemokine receptor type 1,IC50,=,1300.0,nM,CHEMBL950881,B,Displacement of [125I]MIP-1-alpha from human recombinant CCR1 expressed in HEK293 cells,CHEMBL1140942,P32246,C-C chemokine receptor type 1,IC50,CN(Cc1ccc(F)cc1)C(=O)[C@H]1CCCN1C(=O)Nc1ccc(Cl)cc1,5.886056647693163
CHEMBL462644,CHEMBL2413,C-C chemokine receptor type 1,IC50,=,5700.0,nM,CHEMBL950881,B,Displacement of [125I]MIP-1-alpha from human recombinant CCR1 expressed in HEK293 cells,CHEMBL1140942,P32246,C-C chemokine receptor type 1,IC50,Cc1ccc(CN(C)C(=O)[C@H]2CCCN2C(=O)Nc2ccc(Cl)cc2)cc1,5.2441251443275085
CHEMBL460535,CHEMBL2413,C-C chemokine receptor type 1,IC50,=,4000.0,nM,CHEMBL950881,B,Displacement of [125I]MIP-1-alpha from human recombinant CCR1 expressed in HEK293 cells,CHEMBL1140942,P32246,C-C chemokine receptor type 1,IC50,Cc1cc(CN(C)C(=O)[C@H]2CCCN2C(=O)Nc2ccc(Cl)cc2)ccc1Cl,5.3979400086720375
CHEMBL517262,CHEMBL2413,C-C chemokine receptor type 1,IC50,=,4700.0,nM,CHEMBL950881,B,Displacement of [125I]MIP-1-alpha from human recombinant CCR1 expressed in HEK293 cells,CHEMBL1140942,P32246,C-C chemokine receptor type 1,IC50,CC(c1ccc(Cl)cc1)N(C)C(=O)[C@H]1CCCN1C(=O)Nc1ccc(Cl)cc1,5.327902142064282
CHEMBL461590,CHEMBL2413,C-C chemokine receptor type 1,IC50,=,680.0,nM,CHEMBL950881,B,Displacement of [125I]MIP-1-alpha from human recombinant CCR1 expressed in HEK293 cells,CHEMBL1140942,P32246,C-C chemokine receptor type 1,IC50,Cc1ccc(NC(=O)N2CCC[C@@H]2C(=O)N(C)Cc2ccc(Cl)cc2)cc1,6.167491087293763
CHEMBL516495,CHEMBL2413,C-C chemokine receptor type 1,IC50,=,700.0,nM,CHEMBL950881,B,Displacement of [125I]MIP-1-alpha from human recombinant CCR1 expressed in HEK293 cells,CHEMBL1140942,P32246,C-C chemokine receptor type 1,IC50,CN(Cc1ccc(Cl)cc1)C(=O)[C@H]1CCCN1C(=O)Nc1ccc(F)cc1,6.154901959985743
CHEMBL462441,CHEMBL2413,C-C chemokine receptor type 1,IC50,=,720.0,nM,CHEMBL950881,B,Displacement of [125I]MIP-1-alpha from human recombinant CCR1 expressed in HEK293 cells,CHEMBL1140942,P32246,C-C chemokine receptor type 1,IC50,CN(Cc1ccc(Cl)cc1)C(=O)[C@H]1CCCN1C(=O)Nc1ccc(C#N)cc1,6.142667503568731
CHEMBL517290,CHEMBL2413,C-C chemokine receptor type 1,IC50,=,290.0,nM,CHEMBL950881,B,Displacement of [125I]MIP-1-alpha from human recombinant CCR1 expressed in HEK293 cells,CHEMBL1140942,P32246,C-C chemokine receptor type 1,IC50,COc1ccc(NC(=O)N2CCC[C@@H]2C(=O)N(C)Cc2ccc(Cl)cc2)cc1,6.537602002101044
CHEMBL462442,CHEMBL2413,C-C chemokine receptor type 1,IC50,=,2950.0,nM,CHEMBL950881,B,Displacement of [125I]MIP-1-alpha from human recombinant CCR1 expressed in HEK293 cells,CHEMBL1140942,P32246,C-C chemokine receptor type 1,IC50,CN(Cc1ccc(Cl)cc1)C(=O)[C@H]1CCCN1C(=O)Nc1cccc(C(F)(F)F)c1,5.530177984021837
CHEMBL514611,CHEMBL2413,C-C chemokine receptor type 1,IC50,=,140.0,nM,CHEMBL950881,B,Displacement of [125I]MIP-1-alpha from human recombinant CCR1 expressed in HEK293 cells,CHEMBL1140942,P32246,C-C chemokine receptor type 1,IC50,CN(Cc1ccc(Cl)cc1)C(=O)[C@H]1CCCN1C(=O)Nc1ccc(C(F)(F)F)cc1,6.853871964321762
CHEMBL473531,CHEMBL2413,C-C chemokine receptor type 1,IC50,=,120.0,nM,CHEMBL950881,B,Displacement of [125I]MIP-1-alpha from human recombinant CCR1 expressed in HEK293 cells,CHEMBL1140942,P32246,C-C chemokine receptor type 1,IC50,CN(Cc1ccc(Cl)cc1)C(=O)[C@H]1CCCN1C(=O)Nc1ccc(C(F)(F)F)cc1Cl,6.920818753952375
CHEMBL473532,CHEMBL2413,C-C chemokine receptor type 1,IC50,=,23.0,nM,CHEMBL950881,B,Displacement of [125I]MIP-1-alpha from human recombinant CCR1 expressed in HEK293 cells,CHEMBL1140942,P32246,C-C chemokine receptor type 1,IC50,CN(Cc1ccc(Cl)cc1)C(=O)[C@H]1CCCN1C(=O)Nc1ccc(C(F)(F)F)cc1F,7.638272163982407
CHEMBL473734,CHEMBL2413,C-C chemokine receptor type 1,IC50,=,50.0,nM,CHEMBL950881,B,Displacement of [125I]MIP-1-alpha from human recombinant CCR1 expressed in HEK293 cells,CHEMBL1140942,P32246,C-C chemokine receptor type 1,IC50,Cc1cc(C(F)(F)F)ccc1NC(=O)N1CCC[C@@H]1C(=O)N(C)Cc1ccc(Cl)cc1,7.301029995663981
CHEMBL475748,CHEMBL2413,C-C chemokine receptor type 1,IC50,=,11.0,nM,CHEMBL950881,B,Displacement of [125I]MIP-1-alpha from human recombinant CCR1 expressed in HEK293 cells,CHEMBL1140942,P32246,C-C chemokine receptor type 1,IC50,Cc1cc(C(F)(F)F)cc(C)c1NC(=O)N1CCC[C@@H]1C(=O)N(C)Cc1ccc(Cl)cc1,7.958607314841775
CHEMBL232656,CHEMBL2413,C-C chemokine receptor type 1,IC50,=,5.5,nM,CHEMBL950881,B,Displacement of [125I]MIP-1-alpha from human recombinant CCR1 expressed in HEK293 cells,CHEMBL1140942,P32246,C-C chemokine receptor type 1,IC50,C[C@@H]1CN(Cc2ccc(F)cc2)CCN1C(=O)COc1ccc(Cl)cc1NC(N)=O,8.259637310505756
CHEMBL454940,CHEMBL2413,C-C chemokine receptor type 1,IC50,=,540.0,nM,CHEMBL950881,B,Displacement of [125I]MIP-1-alpha from human recombinant CCR1 expressed in HEK293 cells,CHEMBL1140942,P32246,C-C chemokine receptor type 1,IC50,O=C([C@H]1CCCN1C(=O)Nc1ccc(Cl)cc1)N(CCO)Cc1ccc(Cl)cc1,6.267606240177031
CHEMBL514611,CHEMBL2413,C-C chemokine receptor type 1,IC50,=,140.0,nM,CHEMBL1225772,B,Displacement of [125I]-MIP1-alpha from human recombinant CCR1 expressed in HEK293 cells after 4 hrs by SPA,CHEMBL1221349,P32246,C-C chemokine receptor type 1,IC50,CN(Cc1ccc(Cl)cc1)C(=O)[C@H]1CCCN1C(=O)Nc1ccc(C(F)(F)F)cc1,6.853871964321762
CHEMBL1224118,CHEMBL2413,C-C chemokine receptor type 1,IC50,=,65.0,nM,CHEMBL1225772,B,Displacement of [125I]-MIP1-alpha from human recombinant CCR1 expressed in HEK293 cells after 4 hrs by SPA,CHEMBL1221349,P32246,C-C chemokine receptor type 1,IC50,O=C(Nc1ccc(C(F)(F)F)cc1)N1CCCC1c1nccn1Cc1ccc(Cl)cc1,7.187086643357144
CHEMBL1224119,CHEMBL2413,C-C chemokine receptor type 1,IC50,=,20.0,nM,CHEMBL1225772,B,Displacement of [125I]-MIP1-alpha from human recombinant CCR1 expressed in HEK293 cells after 4 hrs by SPA,CHEMBL1221349,P32246,C-C chemokine receptor type 1,IC50,O=C(Nc1ccc(C(F)(F)F)cc1)N1CCC[C@@H]1c1nnnn1Cc1ccc(Cl)cc1,7.698970004336019
CHEMBL1224120,CHEMBL2413,C-C chemokine receptor type 1,IC50,=,32.0,nM,CHEMBL1225772,B,Displacement of [125I]-MIP1-alpha from human recombinant CCR1 expressed in HEK293 cells after 4 hrs by SPA,CHEMBL1221349,P32246,C-C chemokine receptor type 1,IC50,O=C(Nc1ccc(C(F)(F)F)cc1)N1CCC[C@@H]1c1ncnn1Cc1ccc(Cl)cc1,7.494850021680094
CHEMBL1224121,CHEMBL2413,C-C chemokine receptor type 1,IC50,=,810.0,nM,CHEMBL1225772,B,Displacement of [125I]-MIP1-alpha from human recombinant CCR1 expressed in HEK293 cells after 4 hrs by SPA,CHEMBL1221349,P32246,C-C chemokine receptor type 1,IC50,Cc1nc([C@H]2CCCN2C(=O)Nc2ccc(C(F)(F)F)cc2)n(Cc2ccc(Cl)cc2)n1,6.0915149811213505
CHEMBL1224188,CHEMBL2413,C-C chemokine receptor type 1,IC50,=,17.0,nM,CHEMBL1225772,B,Displacement of [125I]-MIP1-alpha from human recombinant CCR1 expressed in HEK293 cells after 4 hrs by SPA,CHEMBL1221349,P32246,C-C chemokine receptor type 1,IC50,O=C(Nc1ccc(C(F)(F)F)cc1)N1CCC[C@@H]1c1nncn1Cc1ccc(Cl)cc1,7.769551078621726
CHEMBL1224189,CHEMBL2413,C-C chemokine receptor type 1,IC50,=,69.0,nM,CHEMBL1225772,B,Displacement of [125I]-MIP1-alpha from human recombinant CCR1 expressed in HEK293 cells after 4 hrs by SPA,CHEMBL1221349,P32246,C-C chemokine receptor type 1,IC50,Cc1nnc([C@H]2CCCN2C(=O)Nc2ccc(C(F)(F)F)cc2)n1Cc1ccc(Cl)cc1,7.161150909262744
CHEMBL1910159,CHEMBL2413,C-C chemokine receptor type 1,IC50,=,261.0,nM,CHEMBL1912384,B,Displacement of [125I]-MIP-1alpha 125I]-MCP1 from CCR1 expressed in CHO-K1 cells by scintillation proximity assay,CHEMBL1909560,P32246,C-C chemokine receptor type 1,IC50,Cc1noc(C)c1S(=O)(=O)NCCCN1CCC(O)(c2ccc(Cl)cc2)CC1,6.583359492661719
CHEMBL1910160,CHEMBL2413,C-C chemokine receptor type 1,IC50,=,387.0,nM,CHEMBL1912384,B,Displacement of [125I]-MIP-1alpha 125I]-MCP1 from CCR1 expressed in CHO-K1 cells by scintillation proximity assay,CHEMBL1909560,P32246,C-C chemokine receptor type 1,IC50,O=C(NCCCCN1CCC(Oc2ccc(F)cc2)C1)NCc1ccc(Br)cc1,6.412289034981089
CHEMBL2180196,CHEMBL2413,C-C chemokine receptor type 1,IC50,=,58.0,nM,CHEMBL2184947,B,Displacement of [125I]MIP-1alpha from CCR1 in human THP1 cells,CHEMBL2176935,P32246,C-C chemokine receptor type 1,IC50,CC(C)[C@@H](NC(=O)c1cc2ccccc2s1)C(=O)N1CCC(c2ccc(Cl)cc2)CC1,7.236572006437063
CHEMBL2180195,CHEMBL2413,C-C chemokine receptor type 1,IC50,=,18.0,nM,CHEMBL2184947,B,Displacement of [125I]MIP-1alpha from CCR1 in human THP1 cells,CHEMBL2176935,P32246,C-C chemokine receptor type 1,IC50,CC(C)[C@@H](NC(=O)c1nc2ccccc2s1)C(=O)N1CCC(c2ccc(Cl)cc2)CC1,7.7447274948966935
CHEMBL2180194,CHEMBL2413,C-C chemokine receptor type 1,IC50,=,105.0,nM,CHEMBL2184947,B,Displacement of [125I]MIP-1alpha from CCR1 in human THP1 cells,CHEMBL2176935,P32246,C-C chemokine receptor type 1,IC50,Cc1ccc(CCC(=O)N[C@@H](C(=O)N2CCC(c3ccc(Cl)cc3)CC2)C(C)C)cc1,6.978810700930062
CHEMBL2180193,CHEMBL2413,C-C chemokine receptor type 1,IC50,=,70.0,nM,CHEMBL2184947,B,Displacement of [125I]MIP-1alpha from CCR1 in human THP1 cells,CHEMBL2176935,P32246,C-C chemokine receptor type 1,IC50,CC(C)[C@@H](NC(=O)CCc1ccc(F)cc1)C(=O)N1CCC(c2ccc(Cl)cc2)CC1,7.154901959985743
CHEMBL2180192,CHEMBL2413,C-C chemokine receptor type 1,IC50,=,18.0,nM,CHEMBL2184947,B,Displacement of [125I]MIP-1alpha from CCR1 in human THP1 cells,CHEMBL2176935,P32246,C-C chemokine receptor type 1,IC50,CC(C)[C@@H](NC(=O)CCc1ccccc1F)C(=O)N1CCC(c2ccc(Cl)cc2)CC1,7.7447274948966935
CHEMBL2180191,CHEMBL2413,C-C chemokine receptor type 1,IC50,=,22.0,nM,CHEMBL2184947,B,Displacement of [125I]MIP-1alpha from CCR1 in human THP1 cells,CHEMBL2176935,P32246,C-C chemokine receptor type 1,IC50,Cc1cccc(CCC(=O)N[C@@H](C(=O)N2CCC(c3ccc(Cl)cc3)CC2)C(C)C)c1,7.657577319177793
CHEMBL2180190,CHEMBL2413,C-C chemokine receptor type 1,IC50,=,19.0,nM,CHEMBL2184947,B,Displacement of [125I]MIP-1alpha from CCR1 in human THP1 cells,CHEMBL2176935,P32246,C-C chemokine receptor type 1,IC50,Cc1ccccc1CCC(=O)N[C@@H](C(=O)N1CCC(c2ccc(Cl)cc2)CC1)C(C)C,7.721246399047171
CHEMBL2180189,CHEMBL2413,C-C chemokine receptor type 1,IC50,=,140.0,nM,CHEMBL2184947,B,Displacement of [125I]MIP-1alpha from CCR1 in human THP1 cells,CHEMBL2176935,P32246,C-C chemokine receptor type 1,IC50,Cc1ccc(CC(=O)N[C@@H](C(=O)N2CCC(c3ccc(Cl)cc3)CC2)C(C)C)cc1,6.853871964321762
CHEMBL2180188,CHEMBL2413,C-C chemokine receptor type 1,IC50,=,115.0,nM,CHEMBL2184947,B,Displacement of [125I]MIP-1alpha from CCR1 in human THP1 cells,CHEMBL2176935,P32246,C-C chemokine receptor type 1,IC50,CC(C)[C@@H](NC(=O)Cc1ccc(Cl)cc1)C(=O)N1CCC(c2ccc(Cl)cc2)CC1,6.939302159646388
CHEMBL2177135,CHEMBL2413,C-C chemokine receptor type 1,IC50,=,45.0,nM,CHEMBL2184947,B,Displacement of [125I]MIP-1alpha from CCR1 in human THP1 cells,CHEMBL2176935,P32246,C-C chemokine receptor type 1,IC50,CC(C)[C@@H](NC(=O)Cc1cccc(Cl)c1)C(=O)N1CCC(c2ccc(Cl)cc2)CC1,7.346787486224656
CHEMBL2180187,CHEMBL2413,C-C chemokine receptor type 1,IC50,=,44.0,nM,CHEMBL2184947,B,Displacement of [125I]MIP-1alpha from CCR1 in human THP1 cells,CHEMBL2176935,P32246,C-C chemokine receptor type 1,IC50,CC(C)[C@@H](NC(=O)Cc1cccc(F)c1)C(=O)N1CCC(c2ccc(Cl)cc2)CC1,7.356547323513812
CHEMBL2180186,CHEMBL2413,C-C chemokine receptor type 1,IC50,=,13.0,nM,CHEMBL2184947,B,Displacement of [125I]MIP-1alpha from CCR1 in human THP1 cells,CHEMBL2176935,P32246,C-C chemokine receptor type 1,IC50,CC(C)[C@@H](NC(=O)Cc1ccccc1F)C(=O)N1CCC(c2ccc(Cl)cc2)CC1,7.886056647693163
CHEMBL2180512,CHEMBL2413,C-C chemokine receptor type 1,IC50,=,177.0,nM,CHEMBL2184947,B,Displacement of [125I]MIP-1alpha from CCR1 in human THP1 cells,CHEMBL2176935,P32246,C-C chemokine receptor type 1,IC50,Cc1cccc(C)c1C(=O)N[C@@H](C(=O)N1CCC(c2ccc(Cl)cc2)CC1)C(C)C,6.752026733638194
CHEMBL2180511,CHEMBL2413,C-C chemokine receptor type 1,IC50,=,100.0,nM,CHEMBL2184947,B,Displacement of [125I]MIP-1alpha from CCR1 in human THP1 cells,CHEMBL2176935,P32246,C-C chemokine receptor type 1,IC50,Cc1cccc(C(=O)N[C@@H](C(=O)N2CCC(c3ccc(Cl)cc3)CC2)C(C)C)c1C,7.0
CHEMBL2180510,CHEMBL2413,C-C chemokine receptor type 1,IC50,=,25.0,nM,CHEMBL2184947,B,Displacement of [125I]MIP-1alpha from CCR1 in human THP1 cells,CHEMBL2176935,P32246,C-C chemokine receptor type 1,IC50,Cc1ccc(C(=O)N[C@@H](C(=O)N2CCC(c3ccc(Cl)cc3)CC2)C(C)C)cc1,7.6020599913279625
CHEMBL2180509,CHEMBL2413,C-C chemokine receptor type 1,IC50,=,32.0,nM,CHEMBL2184947,B,Displacement of [125I]MIP-1alpha from CCR1 in human THP1 cells,CHEMBL2176935,P32246,C-C chemokine receptor type 1,IC50,Cc1ccccc1C(=O)N[C@@H](C(=O)N1CCC(c2ccc(Cl)cc2)CC1)C(C)C,7.494850021680094
CHEMBL2180508,CHEMBL2413,C-C chemokine receptor type 1,IC50,=,14.0,nM,CHEMBL2184947,B,Displacement of [125I]MIP-1alpha from CCR1 in human THP1 cells,CHEMBL2176935,P32246,C-C chemokine receptor type 1,IC50,CC(C)[C@@H](NC(=O)c1ccc(F)c(F)c1)C(=O)N1CCC(c2ccc(Cl)cc2)CC1,7.853871964321762
CHEMBL2180507,CHEMBL2413,C-C chemokine receptor type 1,IC50,=,118.0,nM,CHEMBL2184947,B,Displacement of [125I]MIP-1alpha from CCR1 in human THP1 cells,CHEMBL2176935,P32246,C-C chemokine receptor type 1,IC50,CC(C)[C@@H](NC(=O)c1ccc(F)cc1)C(=O)N1CCC(c2ccc(Cl)cc2)CC1,6.928117992693874
CHEMBL2180506,CHEMBL2413,C-C chemokine receptor type 1,IC50,=,24.0,nM,CHEMBL2184947,B,Displacement of [125I]MIP-1alpha from CCR1 in human THP1 cells,CHEMBL2176935,P32246,C-C chemokine receptor type 1,IC50,CC(C)[C@@H](NC(=O)c1cccc(F)c1)C(=O)N1CCC(c2ccc(Cl)cc2)CC1,7.619788758288394
CHEMBL2180505,CHEMBL2413,C-C chemokine receptor type 1,IC50,=,8.0,nM,CHEMBL2184947,B,Displacement of [125I]MIP-1alpha from CCR1 in human THP1 cells,CHEMBL2176935,P32246,C-C chemokine receptor type 1,IC50,CC(C)[C@@H](NC(=O)CC1CCCCC1)C(=O)N1CCC(c2ccc(Cl)cc2)CC1,8.096910013008056
CHEMBL2180504,CHEMBL2413,C-C chemokine receptor type 1,IC50,=,20.0,nM,CHEMBL2184947,B,Displacement of [125I]MIP-1alpha from CCR1 in human THP1 cells,CHEMBL2176935,P32246,C-C chemokine receptor type 1,IC50,CC(C)[C@@H](NC(=O)CC1CCCC1)C(=O)N1CCC(c2ccc(Cl)cc2)CC1,7.698970004336019
CHEMBL2180503,CHEMBL2413,C-C chemokine receptor type 1,IC50,=,46.0,nM,CHEMBL2184947,B,Displacement of [125I]MIP-1alpha from CCR1 in human THP1 cells,CHEMBL2176935,P32246,C-C chemokine receptor type 1,IC50,CC(C)[C@@H](NC(=O)CC1CC1)C(=O)N1CCC(c2ccc(Cl)cc2)CC1,7.337242168318426
CHEMBL2180502,CHEMBL2413,C-C chemokine receptor type 1,IC50,=,26.0,nM,CHEMBL2184947,B,Displacement of [125I]MIP-1alpha from CCR1 in human THP1 cells,CHEMBL2176935,P32246,C-C chemokine receptor type 1,IC50,CC(C)CCC(=O)N[C@@H](C(=O)N1CCC(c2ccc(Cl)cc2)CC1)C(C)C,7.585026652029182
CHEMBL2180501,CHEMBL2413,C-C chemokine receptor type 1,IC50,=,70.0,nM,CHEMBL2184947,B,Displacement of [125I]MIP-1alpha from CCR1 in human THP1 cells,CHEMBL2176935,P32246,C-C chemokine receptor type 1,IC50,CC(C)[C@@H](NC(=O)C1CCCC1)C(=O)N1CCC(c2ccc(Cl)cc2)CC1,7.154901959985743
CHEMBL2180500,CHEMBL2413,C-C chemokine receptor type 1,IC50,=,66.0,nM,CHEMBL2184947,B,Displacement of [125I]MIP-1alpha from CCR1 in human THP1 cells,CHEMBL2176935,P32246,C-C chemokine receptor type 1,IC50,CC[C@@H](C)[C@@H](NC(=O)CCc1ccccc1)C(=O)N1CCC(c2ccc(Cl)cc2)CC1,7.180456064458131
CHEMBL2180499,CHEMBL2413,C-C chemokine receptor type 1,IC50,=,40.0,nM,CHEMBL2184947,B,Displacement of [125I]MIP-1alpha from CCR1 in human THP1 cells,CHEMBL2176935,P32246,C-C chemokine receptor type 1,IC50,CC(C)[C@@H](NC(=O)CCc1ccccc1)C(=O)N1CCC(c2ccc(Cl)cc2)CC1,7.3979400086720375
CHEMBL2180498,CHEMBL2413,C-C chemokine receptor type 1,IC50,=,85.0,nM,CHEMBL2184947,B,Displacement of [125I]MIP-1alpha from CCR1 in human THP1 cells,CHEMBL2176935,P32246,C-C chemokine receptor type 1,IC50,CC[C@@H](NC(=O)CCc1ccccc1)C(=O)N1CCC(c2ccc(Cl)cc2)CC1,7.070581074285707
CHEMBL2180497,CHEMBL2413,C-C chemokine receptor type 1,IC50,=,38.0,nM,CHEMBL2184947,B,Displacement of [125I]MIP-1alpha from CCR1 in human THP1 cells,CHEMBL2176935,P32246,C-C chemokine receptor type 1,IC50,CC[C@@H](C)[C@@H](NC(=O)Cc1ccccc1)C(=O)N1CCC(c2ccc(Cl)cc2)CC1,7.42021640338319
CHEMBL2180496,CHEMBL2413,C-C chemokine receptor type 1,IC50,=,30.0,nM,CHEMBL2184947,B,Displacement of [125I]MIP-1alpha from CCR1 in human THP1 cells,CHEMBL2176935,P32246,C-C chemokine receptor type 1,IC50,CC(C)[C@@H](NC(=O)Cc1ccccc1)C(=O)N1CCC(c2ccc(Cl)cc2)CC1,7.522878745280337
CHEMBL2180495,CHEMBL2413,C-C chemokine receptor type 1,IC50,=,50.0,nM,CHEMBL2184947,B,Displacement of [125I]MIP-1alpha from CCR1 in human THP1 cells,CHEMBL2176935,P32246,C-C chemokine receptor type 1,IC50,CC[C@@H](NC(=O)Cc1ccccc1)C(=O)N1CCC(c2ccc(Cl)cc2)CC1,7.301029995663981
CHEMBL2180494,CHEMBL2413,C-C chemokine receptor type 1,IC50,=,121.0,nM,CHEMBL2184947,B,Displacement of [125I]MIP-1alpha from CCR1 in human THP1 cells,CHEMBL2176935,P32246,C-C chemokine receptor type 1,IC50,O=C(N[C@@H](C(=O)N1CCC(c2ccc(Cl)cc2)CC1)C1CCCCC1)c1ccccc1,6.91721462968355
CHEMBL2180493,CHEMBL2413,C-C chemokine receptor type 1,IC50,=,45.0,nM,CHEMBL2184947,B,Displacement of [125I]MIP-1alpha from CCR1 in human THP1 cells,CHEMBL2176935,P32246,C-C chemokine receptor type 1,IC50,CC[C@@H](C)[C@@H](NC(=O)c1ccccc1)C(=O)N1CCC(c2ccc(Cl)cc2)CC1,7.346787486224656
CHEMBL2180528,CHEMBL2413,C-C chemokine receptor type 1,IC50,=,28.0,nM,CHEMBL2184947,B,Displacement of [125I]MIP-1alpha from CCR1 in human THP1 cells,CHEMBL2176935,P32246,C-C chemokine receptor type 1,IC50,CC(C)[C@@H](NC(=O)c1ccccc1)C(=O)N1CCC(c2ccc(Cl)cc2)CC1,7.552841968657781
CHEMBL2180527,CHEMBL2413,C-C chemokine receptor type 1,IC50,=,121.0,nM,CHEMBL2184947,B,Displacement of [125I]MIP-1alpha from CCR1 in human THP1 cells,CHEMBL2176935,P32246,C-C chemokine receptor type 1,IC50,CC[C@@H](NC(=O)c1ccccc1)C(=O)N1CCC(c2ccc(Cl)cc2)CC1,6.91721462968355
CHEMBL2180526,CHEMBL2413,C-C chemokine receptor type 1,IC50,=,34.0,nM,CHEMBL2184947,B,Displacement of [125I]MIP-1alpha from CCR1 in human THP1 cells,CHEMBL2176935,P32246,C-C chemokine receptor type 1,IC50,CC[C@@H](C)[C@@H](NC(=O)CC(C)C)C(=O)N1CCC(c2ccc(Cl)cc2)CC1,7.468521082957745
CHEMBL2180525,CHEMBL2413,C-C chemokine receptor type 1,IC50,=,32.0,nM,CHEMBL2184947,B,Displacement of [125I]MIP-1alpha from CCR1 in human THP1 cells,CHEMBL2176935,P32246,C-C chemokine receptor type 1,IC50,CC(C)CC(=O)N[C@@H](C(=O)N1CCC(c2ccc(Cl)cc2)CC1)C(C)C,7.494850021680094
CHEMBL2180524,CHEMBL2413,C-C chemokine receptor type 1,IC50,=,152.0,nM,CHEMBL2184947,B,Displacement of [125I]MIP-1alpha from CCR1 in human THP1 cells,CHEMBL2176935,P32246,C-C chemokine receptor type 1,IC50,CC[C@@H](NC(=O)CC(C)C)C(=O)N1CCC(c2ccc(Cl)cc2)CC1,6.818156412055227
CHEMBL2180523,CHEMBL2413,C-C chemokine receptor type 1,IC50,=,14930.0,nM,CHEMBL2184947,B,Displacement of [125I]MIP-1alpha from CCR1 in human THP1 cells,CHEMBL2176935,P32246,C-C chemokine receptor type 1,IC50,CC(C)[C@H](NC(=O)c1ccccc1)C(=O)N1CCC(c2ccc(Cl)cc2)CC1,4.825940192274975
CHEMBL2180522,CHEMBL2413,C-C chemokine receptor type 1,IC50,=,543.0,nM,CHEMBL2184947,B,Displacement of [125I]MIP-1alpha from CCR1 in human THP1 cells,CHEMBL2176935,P32246,C-C chemokine receptor type 1,IC50,CC(C)[C@@H](NC(=O)NCCc1ccccc1)C(=O)N1CCC(c2ccc(Cl)cc2)CC1,6.265200170411153
CHEMBL2180521,CHEMBL2413,C-C chemokine receptor type 1,IC50,=,180.0,nM,CHEMBL2184947,B,Displacement of [125I]MIP-1alpha from CCR1 in human THP1 cells,CHEMBL2176935,P32246,C-C chemokine receptor type 1,IC50,CC(C)[C@@H](NC(=O)NCc1ccccc1)C(=O)N1CCC(c2ccc(Cl)cc2)CC1,6.7447274948966935
CHEMBL2180520,CHEMBL2413,C-C chemokine receptor type 1,IC50,=,616.0,nM,CHEMBL2184947,B,Displacement of [125I]MIP-1alpha from CCR1 in human THP1 cells,CHEMBL2176935,P32246,C-C chemokine receptor type 1,IC50,CC(C)[C@@H](NC(=O)Nc1ccccc1)C(=O)N1CCC(c2ccc(Cl)cc2)CC1,6.210419287835574
CHEMBL2180519,CHEMBL2413,C-C chemokine receptor type 1,IC50,=,303.0,nM,CHEMBL2184947,B,Displacement of [125I]MIP-1alpha from CCR1 in human THP1 cells,CHEMBL2176935,P32246,C-C chemokine receptor type 1,IC50,CC(C)C(NS(=O)(=O)Cc1ccccc1)C(=O)N1CCC(c2ccc(Cl)cc2)CC1,6.518557371497695
CHEMBL2180518,CHEMBL2413,C-C chemokine receptor type 1,IC50,=,1077.0,nM,CHEMBL2184947,B,Displacement of [125I]MIP-1alpha from CCR1 in human THP1 cells,CHEMBL2176935,P32246,C-C chemokine receptor type 1,IC50,CC(C)C(NC(=O)OCc1ccccc1)C(=O)N1CCC(c2ccc(Cl)cc2)CC1,5.9677842967020185
CHEMBL2180517,CHEMBL2413,C-C chemokine receptor type 1,IC50,=,265.0,nM,CHEMBL2184947,B,Displacement of [125I]MIP-1alpha from CCR1 in human THP1 cells,CHEMBL2176935,P32246,C-C chemokine receptor type 1,IC50,CC(C)C(NC(=O)Oc1ccccc1)C(=O)N1CCC(c2ccc(Cl)cc2)CC1,6.576754126063192
CHEMBL2180516,CHEMBL2413,C-C chemokine receptor type 1,IC50,=,95.0,nM,CHEMBL2184947,B,Displacement of [125I]MIP-1alpha from CCR1 in human THP1 cells,CHEMBL2176935,P32246,C-C chemokine receptor type 1,IC50,CC(C)[C@@H](NC(=O)CCCc1ccccc1)C(=O)N1CCC(c2ccc(Cl)cc2)CC1,7.022276394711152
CHEMBL2180515,CHEMBL2413,C-C chemokine receptor type 1,IC50,=,35.0,nM,CHEMBL2184947,B,Displacement of [125I]MIP-1alpha from CCR1 in human THP1 cells,CHEMBL2176935,P32246,C-C chemokine receptor type 1,IC50,CC(C)C(NC(=O)CCc1ccccc1)C(=O)N1CCC(c2ccc(Cl)cc2)CC1,7.455931955649724
CHEMBL2180514,CHEMBL2413,C-C chemokine receptor type 1,IC50,=,40.0,nM,CHEMBL2184947,B,Displacement of [125I]MIP-1alpha from CCR1 in human THP1 cells,CHEMBL2176935,P32246,C-C chemokine receptor type 1,IC50,CC(C)C(NC(=O)Cc1ccccc1)C(=O)N1CCC(c2ccc(Cl)cc2)CC1,7.3979400086720375
CHEMBL2180513,CHEMBL2413,C-C chemokine receptor type 1,IC50,=,80.0,nM,CHEMBL2184947,B,Displacement of [125I]MIP-1alpha from CCR1 in human THP1 cells,CHEMBL2176935,P32246,C-C chemokine receptor type 1,IC50,CC(C)C(NC(=O)c1ccc2ccccc2c1)C(=O)N1CCC(c2ccc(Cl)cc2)CC1,7.096910013008056
CHEMBL2180545,CHEMBL2413,C-C chemokine receptor type 1,IC50,=,191.0,nM,CHEMBL2184947,B,Displacement of [125I]MIP-1alpha from CCR1 in human THP1 cells,CHEMBL2176935,P32246,C-C chemokine receptor type 1,IC50,CCCC(NC(=O)c1ccc2ccccc2c1)C(=O)N1CCC(c2ccc(Cl)cc2)CC1,6.718966632752272
CHEMBL20532,CHEMBL2413,C-C chemokine receptor type 1,IC50,=,450.0,nM,CHEMBL2184883,B,Binding affinity to CCR1,CHEMBL2176887,P32246,C-C chemokine receptor type 1,IC50,O=C(CSc1nc2ccccc2s1)NC1CCN(Cc2ccc(Cl)c(Cl)c2)CC1,6.346787486224656
CHEMBL2180544,CHEMBL2413,C-C chemokine receptor type 1,IC50,=,262.0,nM,CHEMBL2184947,B,Displacement of [125I]MIP-1alpha from CCR1 in human THP1 cells,CHEMBL2176935,P32246,C-C chemokine receptor type 1,IC50,Cc1ccccc1C(=O)NC(C(=O)N1CCC(c2ccc(Cl)cc2)CC1)C(C)(C)C,6.581698708680255
CHEMBL2180543,CHEMBL2413,C-C chemokine receptor type 1,IC50,=,88.0,nM,CHEMBL2184947,B,Displacement of [125I]MIP-1alpha from CCR1 in human THP1 cells,CHEMBL2176935,P32246,C-C chemokine receptor type 1,IC50,Cc1ccccc1C(=O)NC(CC(C)C)C(=O)N1CCC(c2ccc(Cl)cc2)CC1,7.055517327849831
CHEMBL2180542,CHEMBL2413,C-C chemokine receptor type 1,IC50,=,36.0,nM,CHEMBL2184947,B,Displacement of [125I]MIP-1alpha from CCR1 in human THP1 cells,CHEMBL2176935,P32246,C-C chemokine receptor type 1,IC50,Cc1ccccc1C(=O)NC(C(=O)N1CCC(c2ccc(Cl)cc2)CC1)C(C)C,7.443697499232712
CHEMBL2180541,CHEMBL2413,C-C chemokine receptor type 1,IC50,=,152.0,nM,CHEMBL2184947,B,Displacement of [125I]MIP-1alpha from CCR1 in human THP1 cells,CHEMBL2176935,P32246,C-C chemokine receptor type 1,IC50,CCCC(NC(=O)c1ccccc1C)C(=O)N1CCC(c2ccc(Cl)cc2)CC1,6.818156412055227
CHEMBL2180540,CHEMBL2413,C-C chemokine receptor type 1,IC50,=,259.0,nM,CHEMBL2184947,B,Displacement of [125I]MIP-1alpha from CCR1 in human THP1 cells,CHEMBL2176935,P32246,C-C chemokine receptor type 1,IC50,CC(C)(C)C(NC(=O)c1ccccc1)C(=O)N1CCC(c2ccc(Cl)cc2)CC1,6.586700235918748
CHEMBL2180539,CHEMBL2413,C-C chemokine receptor type 1,IC50,=,130.0,nM,CHEMBL2184947,B,Displacement of [125I]MIP-1alpha from CCR1 in human THP1 cells,CHEMBL2176935,P32246,C-C chemokine receptor type 1,IC50,CC(C)CC(NC(=O)c1ccccc1)C(=O)N1CCC(c2ccc(Cl)cc2)CC1,6.886056647693163
CHEMBL2180538,CHEMBL2413,C-C chemokine receptor type 1,IC50,=,120.0,nM,CHEMBL2184947,B,Displacement of [125I]MIP-1alpha from CCR1 in human THP1 cells,CHEMBL2176935,P32246,C-C chemokine receptor type 1,IC50,CCCC(NC(=O)c1ccccc1)C(=O)N1CCC(c2ccc(Cl)cc2)CC1,6.920818753952375
CHEMBL2180537,CHEMBL2413,C-C chemokine receptor type 1,IC50,=,388.0,nM,CHEMBL2184947,B,Displacement of [125I]MIP-1alpha from CCR1 in human THP1 cells,CHEMBL2176935,P32246,C-C chemokine receptor type 1,IC50,CC(C)C(=O)NC(C(=O)N1CCC(c2ccc(Cl)cc2)CC1)C(C)C,6.411168274405792
CHEMBL2180536,CHEMBL2413,C-C chemokine receptor type 1,IC50,=,375.0,nM,CHEMBL2184947,B,Displacement of [125I]MIP-1alpha from CCR1 in human THP1 cells,CHEMBL2176935,P32246,C-C chemokine receptor type 1,IC50,CC(C)C(NC(=O)c1ccccc1)C(=O)N1CCN(c2ccc(Cl)c(Cl)c2)CC1,6.425968732272281
CHEMBL2180535,CHEMBL2413,C-C chemokine receptor type 1,IC50,=,525.0,nM,CHEMBL2184947,B,Displacement of [125I]MIP-1alpha from CCR1 in human THP1 cells,CHEMBL2176935,P32246,C-C chemokine receptor type 1,IC50,CC(C)C(NC(=O)c1ccccc1)C(=O)N1CCN(c2ccc(Cl)cc2)CC1,6.279840696594043
CHEMBL2180534,CHEMBL2413,C-C chemokine receptor type 1,IC50,=,55.0,nM,CHEMBL2184947,B,Displacement of [125I]MIP-1alpha from CCR1 in human THP1 cells,CHEMBL2176935,P32246,C-C chemokine receptor type 1,IC50,CC(C)C(NC(=O)c1ccccc1)C(=O)N1CCC(c2ccc(Cl)cc2)CC1,7.259637310505756
CHEMBL2180533,CHEMBL2413,C-C chemokine receptor type 1,IC50,=,423.0,nM,CHEMBL2184947,B,Displacement of [125I]MIP-1alpha from CCR1 in human THP1 cells,CHEMBL2176935,P32246,C-C chemokine receptor type 1,IC50,CC(C)C(NC(=O)c1ccccc1)C(=O)N1CCC(c2ccc(F)cc2)CC1,6.373659632624958
CHEMBL2180532,CHEMBL2413,C-C chemokine receptor type 1,IC50,=,185.0,nM,CHEMBL2184947,B,Displacement of [125I]MIP-1alpha from CCR1 in human THP1 cells,CHEMBL2176935,P32246,C-C chemokine receptor type 1,IC50,CC(C)C(NC(=O)c1ccccc1)C(=O)N1CC=C(c2ccc(Cl)cc2)CC1,6.732828271596986
CHEMBL2180531,CHEMBL2413,C-C chemokine receptor type 1,IC50,=,172.0,nM,CHEMBL2184947,B,Displacement of [125I]MIP-1alpha from CCR1 in human THP1 cells,CHEMBL2176935,P32246,C-C chemokine receptor type 1,IC50,CC(C)C(NC(=O)c1ccccc1)C(=O)N1CCC(O)(c2ccc(Br)cc2)CC1,6.764471553092451
CHEMBL2180530,CHEMBL2413,C-C chemokine receptor type 1,IC50,=,933.0,nM,CHEMBL2184947,B,Displacement of [125I]MIP-1alpha from CCR1 in human THP1 cells,CHEMBL2176935,P32246,C-C chemokine receptor type 1,IC50,CC(C)C(NC(=O)c1ccccc1)C(=O)N1CCC(O)(c2ccc(F)cc2)CC1,6.0301183562534995
CHEMBL2180529,CHEMBL2413,C-C chemokine receptor type 1,IC50,=,854.0,nM,CHEMBL2184947,B,Displacement of [125I]MIP-1alpha from CCR1 in human THP1 cells,CHEMBL2176935,P32246,C-C chemokine receptor type 1,IC50,CC(C)C(NC(=O)OCc1ccccc1)C(=O)N1CCC(O)(c2ccc(Cl)cc2)CC1,6.068542129310995
CHEMBL2180551,CHEMBL2413,C-C chemokine receptor type 1,IC50,=,539.0,nM,CHEMBL2184947,B,Displacement of [125I]MIP-1alpha from CCR1 in human THP1 cells,CHEMBL2176935,P32246,C-C chemokine receptor type 1,IC50,CSCCC(NC(=O)c1ccccc1)C(=O)N1CCC(O)(c2ccc(Cl)cc2)CC1,6.268411234813261
CHEMBL2180550,CHEMBL2413,C-C chemokine receptor type 1,IC50,=,324.0,nM,CHEMBL2184947,B,Displacement of [125I]MIP-1alpha from CCR1 in human THP1 cells,CHEMBL2176935,P32246,C-C chemokine receptor type 1,IC50,CC(C)CC(NC(=O)c1ccccc1)C(=O)N1CCC(O)(c2ccc(Cl)cc2)CC1,6.489454989793388
CHEMBL2180549,CHEMBL2413,C-C chemokine receptor type 1,IC50,=,521.0,nM,CHEMBL2184947,B,Displacement of [125I]MIP-1alpha from CCR1 in human THP1 cells,CHEMBL2176935,P32246,C-C chemokine receptor type 1,IC50,CCCC(NC(=O)c1ccccc1)C(=O)N1CCC(O)(c2ccc(Cl)cc2)CC1,6.283162276700475
CHEMBL2180548,CHEMBL2413,C-C chemokine receptor type 1,IC50,=,180.0,nM,CHEMBL2184947,B,Displacement of [125I]MIP-1alpha from CCR1 in human THP1 cells,CHEMBL2176935,P32246,C-C chemokine receptor type 1,IC50,CC(C)C(NC(=O)c1ccccc1)C(=O)N1CCC(O)(c2ccc(Cl)cc2)CC1,6.7447274948966935
CHEMBL2180547,CHEMBL2413,C-C chemokine receptor type 1,IC50,=,370.0,nM,CHEMBL2184947,B,Displacement of [125I]MIP-1alpha from CCR1 in human THP1 cells,CHEMBL2176935,P32246,C-C chemokine receptor type 1,IC50,C/C=C(/NC(=O)c1ccccc1)C(=O)N1CCC(O)(c2ccc(Cl)cc2)CC1,6.431798275933005
CHEMBL2180546,CHEMBL2413,C-C chemokine receptor type 1,IC50,=,2832.0,nM,CHEMBL2184947,B,Displacement of [125I]MIP-1alpha from CCR1 in human THP1 cells,CHEMBL2176935,P32246,C-C chemokine receptor type 1,IC50,CC(O)C(NC(=O)c1ccccc1)C(=O)N1CCC(O)(c2ccc(Cl)cc2)CC1,5.547906750982269
CHEMBL2205803,CHEMBL2413,C-C chemokine receptor type 1,IC50,=,5011.87,nM,CHEMBL2215081,B,Displacement of [125I]-CCL3 from human CCR1 transfected in COS7 cells coexpressing chimeric Gqi4myr after 3 hrs,CHEMBL2203007,P32246,C-C chemokine receptor type 1,IC50,O=Cc1ccc2ccc3ccc(C=O)nc3c2n1,5.300000202445418
CHEMBL317115,CHEMBL2413,C-C chemokine receptor type 1,IC50,=,5011.87,nM,CHEMBL2215081,B,Displacement of [125I]-CCL3 from human CCR1 transfected in COS7 cells coexpressing chimeric Gqi4myr after 3 hrs,CHEMBL2203007,P32246,C-C chemokine receptor type 1,IC50,Clc1cc2cccnc2c2ncccc12,5.300000202445418
CHEMBL98682,CHEMBL2413,C-C chemokine receptor type 1,IC50,=,125892.54,nM,CHEMBL2215081,B,Displacement of [125I]-CCL3 from human CCR1 transfected in COS7 cells coexpressing chimeric Gqi4myr after 3 hrs,CHEMBL2203007,P32246,C-C chemokine receptor type 1,IC50,Cc1cc2cccnc2c2ncccc12,3.900000004068662
CHEMBL316589,CHEMBL2413,C-C chemokine receptor type 1,IC50,=,251188.64,nM,CHEMBL2215081,B,Displacement of [125I]-CCL3 from human CCR1 transfected in COS7 cells coexpressing chimeric Gqi4myr after 3 hrs,CHEMBL2203007,P32246,C-C chemokine receptor type 1,IC50,Cc1ccnc2c1ccc1cccnc12,3.600000005447872
CHEMBL99384,CHEMBL2413,C-C chemokine receptor type 1,IC50,=,158489.32,nM,CHEMBL2215081,B,Displacement of [125I]-CCL3 from human CCR1 transfected in COS7 cells coexpressing chimeric Gqi4myr after 3 hrs,CHEMBL2203007,P32246,C-C chemokine receptor type 1,IC50,Cc1cnc2c(ccc3c(C)c(C)cnc32)c1C,3.7999999979341847
CHEMBL593442,CHEMBL2413,C-C chemokine receptor type 1,IC50,=,100000.0,nM,CHEMBL2215081,B,Displacement of [125I]-CCL3 from human CCR1 transfected in COS7 cells coexpressing chimeric Gqi4myr after 3 hrs,CHEMBL2203007,P32246,C-C chemokine receptor type 1,IC50,Cc1ccnc2c1ccc1c(C)ccnc12,4.0
CHEMBL2205808,CHEMBL2413,C-C chemokine receptor type 1,IC50,=,199526.23,nM,CHEMBL2215081,B,Displacement of [125I]-CCL3 from human CCR1 transfected in COS7 cells coexpressing chimeric Gqi4myr after 3 hrs,CHEMBL2203007,P32246,C-C chemokine receptor type 1,IC50,COc1ccnc(-c2cc(OC)ccn2)c1,3.700000003258169
CHEMBL101165,CHEMBL2413,C-C chemokine receptor type 1,IC50,=,100000.0,nM,CHEMBL2215081,B,Displacement of [125I]-CCL3 from human CCR1 transfected in COS7 cells coexpressing chimeric Gqi4myr after 3 hrs,CHEMBL2203007,P32246,C-C chemokine receptor type 1,IC50,Cc1ccnc(-c2cc(C)ccn2)c1,4.0
CHEMBL2205807,CHEMBL2413,C-C chemokine receptor type 1,IC50,=,199526.23,nM,CHEMBL2215081,B,Displacement of [125I]-CCL3 from human CCR1 transfected in COS7 cells coexpressing chimeric Gqi4myr after 3 hrs,CHEMBL2203007,P32246,C-C chemokine receptor type 1,IC50,Cc1ccc(-c2ccc(C)cn2)nc1,3.700000003258169
CHEMBL415879,CHEMBL2413,C-C chemokine receptor type 1,IC50,=,79432.82,nM,CHEMBL2215081,B,Displacement of [125I]-CCL3 from human CCR1 transfected in COS7 cells coexpressing chimeric Gqi4myr after 3 hrs,CHEMBL2203007,P32246,C-C chemokine receptor type 1,IC50,c1cnc2c(c1)ccc1cccnc12,4.100000018985305
CHEMBL39879,CHEMBL2413,C-C chemokine receptor type 1,IC50,=,125892.54,nM,CHEMBL2215081,B,Displacement of [125I]-CCL3 from human CCR1 transfected in COS7 cells coexpressing chimeric Gqi4myr after 3 hrs,CHEMBL2203007,P32246,C-C chemokine receptor type 1,IC50,c1ccc(-c2ccccn2)nc1,3.900000004068662
CHEMBL2205803,CHEMBL2413,C-C chemokine receptor type 1,IC50,=,4800.0,nM,CHEMBL2215081,B,Displacement of [125I]-CCL3 from human CCR1 transfected in COS7 cells coexpressing chimeric Gqi4myr after 3 hrs,CHEMBL2203007,P32246,C-C chemokine receptor type 1,IC50,O=Cc1ccc2ccc3ccc(C=O)nc3c2n1,5.318758762624412
CHEMBL317115,CHEMBL2413,C-C chemokine receptor type 1,IC50,=,5100.0,nM,CHEMBL2215081,B,Displacement of [125I]-CCL3 from human CCR1 transfected in COS7 cells coexpressing chimeric Gqi4myr after 3 hrs,CHEMBL2203007,P32246,C-C chemokine receptor type 1,IC50,Clc1cc2cccnc2c2ncccc12,5.292429823902063
CHEMBL98682,CHEMBL2413,C-C chemokine receptor type 1,IC50,=,119000.0,nM,CHEMBL2215081,B,Displacement of [125I]-CCL3 from human CCR1 transfected in COS7 cells coexpressing chimeric Gqi4myr after 3 hrs,CHEMBL2203007,P32246,C-C chemokine receptor type 1,IC50,Cc1cc2cccnc2c2ncccc12,3.924453038607469
CHEMBL316589,CHEMBL2413,C-C chemokine receptor type 1,IC50,=,261000.0,nM,CHEMBL2215081,B,Displacement of [125I]-CCL3 from human CCR1 transfected in COS7 cells coexpressing chimeric Gqi4myr after 3 hrs,CHEMBL2203007,P32246,C-C chemokine receptor type 1,IC50,Cc1ccnc2c1ccc1cccnc12,3.583359492661719
CHEMBL99384,CHEMBL2413,C-C chemokine receptor type 1,IC50,=,171000.0,nM,CHEMBL2215081,B,Displacement of [125I]-CCL3 from human CCR1 transfected in COS7 cells coexpressing chimeric Gqi4myr after 3 hrs,CHEMBL2203007,P32246,C-C chemokine receptor type 1,IC50,Cc1cnc2c(ccc3c(C)c(C)cnc32)c1C,3.767003889607846
CHEMBL593442,CHEMBL2413,C-C chemokine receptor type 1,IC50,=,112000.0,nM,CHEMBL2215081,B,Displacement of [125I]-CCL3 from human CCR1 transfected in COS7 cells coexpressing chimeric Gqi4myr after 3 hrs,CHEMBL2203007,P32246,C-C chemokine receptor type 1,IC50,Cc1ccnc2c1ccc1c(C)ccnc12,3.950781977329818
CHEMBL2205808,CHEMBL2413,C-C chemokine receptor type 1,IC50,=,179000.0,nM,CHEMBL2215081,B,Displacement of [125I]-CCL3 from human CCR1 transfected in COS7 cells coexpressing chimeric Gqi4myr after 3 hrs,CHEMBL2203007,P32246,C-C chemokine receptor type 1,IC50,COc1ccnc(-c2cc(OC)ccn2)c1,3.7471469690201067
CHEMBL101165,CHEMBL2413,C-C chemokine receptor type 1,IC50,=,101000.0,nM,CHEMBL2215081,B,Displacement of [125I]-CCL3 from human CCR1 transfected in COS7 cells coexpressing chimeric Gqi4myr after 3 hrs,CHEMBL2203007,P32246,C-C chemokine receptor type 1,IC50,Cc1ccnc(-c2cc(C)ccn2)c1,3.995678626217358
CHEMBL2205807,CHEMBL2413,C-C chemokine receptor type 1,IC50,=,204000.0,nM,CHEMBL2215081,B,Displacement of [125I]-CCL3 from human CCR1 transfected in COS7 cells coexpressing chimeric Gqi4myr after 3 hrs,CHEMBL2203007,P32246,C-C chemokine receptor type 1,IC50,Cc1ccc(-c2ccc(C)cn2)nc1,3.6903698325741017
CHEMBL415879,CHEMBL2413,C-C chemokine receptor type 1,IC50,=,74000.0,nM,CHEMBL2215081,B,Displacement of [125I]-CCL3 from human CCR1 transfected in COS7 cells coexpressing chimeric Gqi4myr after 3 hrs,CHEMBL2203007,P32246,C-C chemokine receptor type 1,IC50,c1cnc2c(c1)ccc1cccnc12,4.130768280269024
CHEMBL39879,CHEMBL2413,C-C chemokine receptor type 1,IC50,=,126000.0,nM,CHEMBL2215081,B,Displacement of [125I]-CCL3 from human CCR1 transfected in COS7 cells coexpressing chimeric Gqi4myr after 3 hrs,CHEMBL2203007,P32246,C-C chemokine receptor type 1,IC50,c1ccc(-c2ccccn2)nc1,3.8996294548824375
CHEMBL2322875,CHEMBL2413,C-C chemokine receptor type 1,IC50,=,15.0,nM,CHEMBL2328790,B,Antagonist activity at CCR1 in human monocytes assessed as inhibition of CCL15/Leukotactin1-induced chemotaxis,CHEMBL2321873,P32246,C-C chemokine receptor type 1,IC50,COc1cc(N2CCN(C(=O)Cn3nc(C(F)(F)F)c(Cl)c3C)CC2)ccc1Cl,7.823908740944319
CHEMBL2322875,CHEMBL2413,C-C chemokine receptor type 1,IC50,=,13.0,nM,CHEMBL2328789,B,Displacement of [125I]-CCL15/Leukotactin1 from CCR1 in human monocytes,CHEMBL2321873,P32246,C-C chemokine receptor type 1,IC50,COc1cc(N2CCN(C(=O)Cn3nc(C(F)(F)F)c(Cl)c3C)CC2)ccc1Cl,7.886056647693163
CHEMBL2322875,CHEMBL2413,C-C chemokine receptor type 1,IC50,=,6.0,nM,CHEMBL2328792,B,Displacement of [125I]-CCL3/MIP-1alpha from CCR1 in human monocytes,CHEMBL2321873,P32246,C-C chemokine receptor type 1,IC50,COc1cc(N2CCN(C(=O)Cn3nc(C(F)(F)F)c(Cl)c3C)CC2)ccc1Cl,8.221848749616356
CHEMBL2322875,CHEMBL2413,C-C chemokine receptor type 1,IC50,=,2.5,nM,CHEMBL2328791,B,Antagonist activity at CCR1 in human THP1 cells assessed as inhibition of CCL23/CKbeta8.1-induced chemotaxis,CHEMBL2321873,P32246,C-C chemokine receptor type 1,IC50,COc1cc(N2CCN(C(=O)Cn3nc(C(F)(F)F)c(Cl)c3C)CC2)ccc1Cl,8.602059991327963
CHEMBL2322875,CHEMBL2413,C-C chemokine receptor type 1,IC50,=,0.8,nM,CHEMBL2328793,B,Antagonist activity at CCR1 in human THP1 cells assessed as inhibition of CCL5/RANTES-induced chemotaxis,CHEMBL2321873,P32246,C-C chemokine receptor type 1,IC50,COc1cc(N2CCN(C(=O)Cn3nc(C(F)(F)F)c(Cl)c3C)CC2)ccc1Cl,9.096910013008056
CHEMBL2322875,CHEMBL2413,C-C chemokine receptor type 1,IC50,=,1.5,nM,CHEMBL2328794,B,Antagonist activity at CCR1 in human THP1 cells assessed as inhibition of CCL15/Leukotactin1-induced chemotaxis,CHEMBL2321873,P32246,C-C chemokine receptor type 1,IC50,COc1cc(N2CCN(C(=O)Cn3nc(C(F)(F)F)c(Cl)c3C)CC2)ccc1Cl,8.823908740944319
CHEMBL2322875,CHEMBL2413,C-C chemokine receptor type 1,IC50,=,3.9,nM,CHEMBL2328795,B,Antagonist activity at CCR1 in human THP1 cells assessed as inhibition of CCL3/MIP-1alpha-induced chemotaxis,CHEMBL2321873,P32246,C-C chemokine receptor type 1,IC50,COc1cc(N2CCN(C(=O)Cn3nc(C(F)(F)F)c(Cl)c3C)CC2)ccc1Cl,8.4089353929735
CHEMBL2322888,CHEMBL2413,C-C chemokine receptor type 1,IC50,=,93.0,nM,CHEMBL2328795,B,Antagonist activity at CCR1 in human THP1 cells assessed as inhibition of CCL3/MIP-1alpha-induced chemotaxis,CHEMBL2321873,P32246,C-C chemokine receptor type 1,IC50,Cc1c(Cl)c(C(F)(F)F)nn1CC(=O)N1CCN(c2ccc(F)cc2)CC1,7.031517051446065
CHEMBL2322875,CHEMBL2413,C-C chemokine receptor type 1,IC50,=,12.0,nM,CHEMBL2329310,B,Displacement of [125I]-CCL15/Leukotactin1 from CCR1 in human THP1 cells,CHEMBL2321873,P32246,C-C chemokine receptor type 1,IC50,COc1cc(N2CCN(C(=O)Cn3nc(C(F)(F)F)c(Cl)c3C)CC2)ccc1Cl,7.920818753952375
CHEMBL2322856,CHEMBL2413,C-C chemokine receptor type 1,IC50,=,23.0,nM,CHEMBL2329311,B,Displacement of [125I]-CCL3/MIP-1alpha from CCR1 in human THP1 cells,CHEMBL2321873,P32246,C-C chemokine receptor type 1,IC50,COc1cc(N2CCN(C(=O)Cn3nc(C(F)(F)F)c(Cl)c3C)C[C@@H]2C)ccc1Cl,7.638272163982407
CHEMBL2322855,CHEMBL2413,C-C chemokine receptor type 1,IC50,=,92.0,nM,CHEMBL2329311,B,Displacement of [125I]-CCL3/MIP-1alpha from CCR1 in human THP1 cells,CHEMBL2321873,P32246,C-C chemokine receptor type 1,IC50,COc1cc(N2CCN(C(=O)Cn3nc(C(F)(F)F)c(Cl)c3C)C[C@H]2C)ccc1Cl,7.036212172654444
CHEMBL2322854,CHEMBL2413,C-C chemokine receptor type 1,IC50,=,11.0,nM,CHEMBL2329311,B,Displacement of [125I]-CCL3/MIP-1alpha from CCR1 in human THP1 cells,CHEMBL2321873,P32246,C-C chemokine receptor type 1,IC50,COc1cc(N2CCN(C(=O)Cn3nc(C(F)(F)F)c(Cl)c3C)[C@H](CO)C2)ccc1Cl,7.958607314841775
CHEMBL2322853,CHEMBL2413,C-C chemokine receptor type 1,IC50,=,2.0,nM,CHEMBL2329311,B,Displacement of [125I]-CCL3/MIP-1alpha from CCR1 in human THP1 cells,CHEMBL2321873,P32246,C-C chemokine receptor type 1,IC50,COc1cc(N2CCN(C(=O)Cn3nc(C(F)(F)F)c(Cl)c3C)[C@@H](C)C2)ccc1Cl,8.698970004336019
CHEMBL2322852,CHEMBL2413,C-C chemokine receptor type 1,IC50,=,37.0,nM,CHEMBL2329311,B,Displacement of [125I]-CCL3/MIP-1alpha from CCR1 in human THP1 cells,CHEMBL2321873,P32246,C-C chemokine receptor type 1,IC50,COc1cc(N2CCN(C(=O)Cn3nc(C(F)(F)F)c(Cl)c3C)[C@H](C)C2)ccc1Cl,7.431798275933005
CHEMBL2322851,CHEMBL2413,C-C chemokine receptor type 1,IC50,=,5200.0,nM,CHEMBL2329311,B,Displacement of [125I]-CCL3/MIP-1alpha from CCR1 in human THP1 cells,CHEMBL2321873,P32246,C-C chemokine receptor type 1,IC50,COc1cc(N2CCN(C(=O)Cn3nc(C(=O)O)c(Cl)c3C)CC2)ccc1Cl,5.2839966563652006
CHEMBL2322850,CHEMBL2413,C-C chemokine receptor type 1,IC50,=,120.0,nM,CHEMBL2329311,B,Displacement of [125I]-CCL3/MIP-1alpha from CCR1 in human THP1 cells,CHEMBL2321873,P32246,C-C chemokine receptor type 1,IC50,COc1cc(N2CCN(C(=O)Cn3nc(CN)c(Cl)c3C)CC2)ccc1Cl,6.920818753952375
CHEMBL2322849,CHEMBL2413,C-C chemokine receptor type 1,IC50,=,97.0,nM,CHEMBL2329311,B,Displacement of [125I]-CCL3/MIP-1alpha from CCR1 in human THP1 cells,CHEMBL2321873,P32246,C-C chemokine receptor type 1,IC50,COc1cc(N2CCN(C(=O)Cn3nc(CO)c(Cl)c3C)CC2)ccc1Cl,7.013228265733755
CHEMBL2322848,CHEMBL2413,C-C chemokine receptor type 1,IC50,=,340.0,nM,CHEMBL2329311,B,Displacement of [125I]-CCL3/MIP-1alpha from CCR1 in human THP1 cells,CHEMBL2321873,P32246,C-C chemokine receptor type 1,IC50,COc1cc(N2CCN(C(=O)Cn3nc(N)c(Cl)c3C)CC2)ccc1Cl,6.468521082957745
CHEMBL2321887,CHEMBL2413,C-C chemokine receptor type 1,IC50,=,10.0,nM,CHEMBL2329311,B,Displacement of [125I]-CCL3/MIP-1alpha from CCR1 in human THP1 cells,CHEMBL2321873,P32246,C-C chemokine receptor type 1,IC50,COc1cc(N2CCN(C(=O)Cn3nc(S(C)(=O)=O)c(Cl)c3C)CC2)ccc1Cl,8.0
CHEMBL2322847,CHEMBL2413,C-C chemokine receptor type 1,IC50,=,10.0,nM,CHEMBL2329311,B,Displacement of [125I]-CCL3/MIP-1alpha from CCR1 in human THP1 cells,CHEMBL2321873,P32246,C-C chemokine receptor type 1,IC50,COc1cc(N2CCN(C(=O)Cn3nc(C#N)c(Cl)c3C)CC2)ccc1Cl,8.0
CHEMBL2322846,CHEMBL2413,C-C chemokine receptor type 1,IC50,=,20.0,nM,CHEMBL2329311,B,Displacement of [125I]-CCL3/MIP-1alpha from CCR1 in human THP1 cells,CHEMBL2321873,P32246,C-C chemokine receptor type 1,IC50,COc1cc(N2CCN(C(=O)Cn3nc(Br)c(Cl)c3C)CC2)ccc1Cl,7.698970004336019
CHEMBL2322845,CHEMBL2413,C-C chemokine receptor type 1,IC50,=,16.0,nM,CHEMBL2329311,B,Displacement of [125I]-CCL3/MIP-1alpha from CCR1 in human THP1 cells,CHEMBL2321873,P32246,C-C chemokine receptor type 1,IC50,COc1cc(N2CCN(C(=O)Cn3nc(C(C)(C)O)c(Cl)c3C)CC2)ccc1Cl,7.795880017344075
CHEMBL2322844,CHEMBL2413,C-C chemokine receptor type 1,IC50,=,8.0,nM,CHEMBL2329311,B,Displacement of [125I]-CCL3/MIP-1alpha from CCR1 in human THP1 cells,CHEMBL2321873,P32246,C-C chemokine receptor type 1,IC50,COc1cc(N2CCN(C(=O)Cn3nc(C(C)C)c(Cl)c3C)CC2)ccc1Cl,8.096910013008056
CHEMBL2322843,CHEMBL2413,C-C chemokine receptor type 1,IC50,=,40.0,nM,CHEMBL2329311,B,Displacement of [125I]-CCL3/MIP-1alpha from CCR1 in human THP1 cells,CHEMBL2321873,P32246,C-C chemokine receptor type 1,IC50,COc1cc(N2CCN(C(=O)Cn3nc(C)c(Cl)c3C)CC2)ccc1Cl,7.3979400086720375
CHEMBL2322871,CHEMBL2413,C-C chemokine receptor type 1,IC50,=,120.0,nM,CHEMBL2329311,B,Displacement of [125I]-CCL3/MIP-1alpha from CCR1 in human THP1 cells,CHEMBL2321873,P32246,C-C chemokine receptor type 1,IC50,COc1cc(N2CCN(C(=O)Cn3ncc(Cl)c3C)CC2)ccc1Cl,6.920818753952375
CHEMBL2322870,CHEMBL2413,C-C chemokine receptor type 1,IC50,=,68.0,nM,CHEMBL2329311,B,Displacement of [125I]-CCL3/MIP-1alpha from CCR1 in human THP1 cells,CHEMBL2321873,P32246,C-C chemokine receptor type 1,IC50,COc1cc(N2CCN(C(=O)Cn3nc(C(F)(F)F)c(Cl)c3CNC(C)=O)CC2)ccc1Cl,7.167491087293763
CHEMBL2322869,CHEMBL2413,C-C chemokine receptor type 1,IC50,=,47.0,nM,CHEMBL2329311,B,Displacement of [125I]-CCL3/MIP-1alpha from CCR1 in human THP1 cells,CHEMBL2321873,P32246,C-C chemokine receptor type 1,IC50,COc1cc(N2CCN(C(=O)Cn3nc(C(F)(F)F)c(Cl)c3CN(C)C)CC2)ccc1Cl,7.327902142064282
CHEMBL2322868,CHEMBL2413,C-C chemokine receptor type 1,IC50,=,50.0,nM,CHEMBL2329311,B,Displacement of [125I]-CCL3/MIP-1alpha from CCR1 in human THP1 cells,CHEMBL2321873,P32246,C-C chemokine receptor type 1,IC50,COc1cc(N2CCN(C(=O)Cn3nc(C(F)(F)F)c(Cl)c3CN)CC2)ccc1Cl,7.301029995663981
CHEMBL2322867,CHEMBL2413,C-C chemokine receptor type 1,IC50,=,10.0,nM,CHEMBL2329311,B,Displacement of [125I]-CCL3/MIP-1alpha from CCR1 in human THP1 cells,CHEMBL2321873,P32246,C-C chemokine receptor type 1,IC50,COc1cc(N2CCN(C(=O)Cn3nc(C(F)(F)F)c(Cl)c3CO)CC2)ccc1Cl,8.0
CHEMBL2322866,CHEMBL2413,C-C chemokine receptor type 1,IC50,=,3400.0,nM,CHEMBL2329311,B,Displacement of [125I]-CCL3/MIP-1alpha from CCR1 in human THP1 cells,CHEMBL2321873,P32246,C-C chemokine receptor type 1,IC50,COc1cc(N2CCN(C(=O)Cn3nc(C(F)(F)F)c(Cl)c3-c3ccccc3)CC2)ccc1Cl,5.468521082957745
CHEMBL2322865,CHEMBL2413,C-C chemokine receptor type 1,IC50,=,1100.0,nM,CHEMBL2329311,B,Displacement of [125I]-CCL3/MIP-1alpha from CCR1 in human THP1 cells,CHEMBL2321873,P32246,C-C chemokine receptor type 1,IC50,COc1cc(N2CCN(C(=O)Cn3nc(C(F)(F)F)c(Cl)c3C(C)C)CC2)ccc1Cl,5.958607314841775
CHEMBL2322864,CHEMBL2413,C-C chemokine receptor type 1,IC50,=,740.0,nM,CHEMBL2329311,B,Displacement of [125I]-CCL3/MIP-1alpha from CCR1 in human THP1 cells,CHEMBL2321873,P32246,C-C chemokine receptor type 1,IC50,COc1cc(N2CCN(C(=O)Cn3nc(C(F)(F)F)c(Cl)c3C(F)(F)F)CC2)ccc1Cl,6.130768280269024
CHEMBL2322863,CHEMBL2413,C-C chemokine receptor type 1,IC50,=,18.0,nM,CHEMBL2329311,B,Displacement of [125I]-CCL3/MIP-1alpha from CCR1 in human THP1 cells,CHEMBL2321873,P32246,C-C chemokine receptor type 1,IC50,COc1cc(N2CCN(C(=O)Cn3cc(Cl)c(C(F)(F)F)n3)CC2)ccc1Cl,7.7447274948966935
CHEMBL2322862,CHEMBL2413,C-C chemokine receptor type 1,IC50,=,500.0,nM,CHEMBL2329311,B,Displacement of [125I]-CCL3/MIP-1alpha from CCR1 in human THP1 cells,CHEMBL2321873,P32246,C-C chemokine receptor type 1,IC50,COc1cc(N2CCN(C(=O)Cn3nc(C(F)(F)F)c(NC(C)=O)c3C)CC2)ccc1Cl,6.301029995663981
CHEMBL2322861,CHEMBL2413,C-C chemokine receptor type 1,IC50,=,6.0,nM,CHEMBL2329311,B,Displacement of [125I]-CCL3/MIP-1alpha from CCR1 in human THP1 cells,CHEMBL2321873,P32246,C-C chemokine receptor type 1,IC50,COc1cc(N2CCN(C(=O)Cn3nc(C(F)(F)F)c(C#N)c3C)CC2)ccc1Cl,8.221848749616356
CHEMBL2322860,CHEMBL2413,C-C chemokine receptor type 1,IC50,=,7.0,nM,CHEMBL2329311,B,Displacement of [125I]-CCL3/MIP-1alpha from CCR1 in human THP1 cells,CHEMBL2321873,P32246,C-C chemokine receptor type 1,IC50,COc1cc(N2CCN(C(=O)Cn3nc(C(F)(F)F)c(I)c3C)CC2)ccc1Cl,8.154901959985743
CHEMBL2322859,CHEMBL2413,C-C chemokine receptor type 1,IC50,=,8.0,nM,CHEMBL2329311,B,Displacement of [125I]-CCL3/MIP-1alpha from CCR1 in human THP1 cells,CHEMBL2321873,P32246,C-C chemokine receptor type 1,IC50,COc1cc(N2CCN(C(=O)Cn3nc(C(F)(F)F)c(Br)c3C)CC2)ccc1Cl,8.096910013008056
CHEMBL2322858,CHEMBL2413,C-C chemokine receptor type 1,IC50,=,5.0,nM,CHEMBL2329311,B,Displacement of [125I]-CCL3/MIP-1alpha from CCR1 in human THP1 cells,CHEMBL2321873,P32246,C-C chemokine receptor type 1,IC50,COc1cc(N2CCN(C(=O)Cn3nc(C(F)(F)F)c(F)c3C)CC2)ccc1Cl,8.301029995663981
CHEMBL2322857,CHEMBL2413,C-C chemokine receptor type 1,IC50,=,19.0,nM,CHEMBL2329311,B,Displacement of [125I]-CCL3/MIP-1alpha from CCR1 in human THP1 cells,CHEMBL2321873,P32246,C-C chemokine receptor type 1,IC50,COc1cc(N2CCN(C(=O)Cn3nc(C(F)(F)F)cc3C)CC2)ccc1Cl,7.721246399047171
CHEMBL2322887,CHEMBL2413,C-C chemokine receptor type 1,IC50,=,16.0,nM,CHEMBL2329311,B,Displacement of [125I]-CCL3/MIP-1alpha from CCR1 in human THP1 cells,CHEMBL2321873,P32246,C-C chemokine receptor type 1,IC50,COc1cc(N2CCN(C(=O)Cn3nc(C(F)(F)F)c(Cl)c3C)CC2)cc(CN)c1Cl,7.795880017344075
CHEMBL2322886,CHEMBL2413,C-C chemokine receptor type 1,IC50,=,12.0,nM,CHEMBL2329311,B,Displacement of [125I]-CCL3/MIP-1alpha from CCR1 in human THP1 cells,CHEMBL2321873,P32246,C-C chemokine receptor type 1,IC50,COc1cc(N2CCN(C(=O)Cn3nc(C(F)(F)F)c(Cl)c3C)CC2)cc(CO)c1Cl,7.920818753952375
CHEMBL2322885,CHEMBL2413,C-C chemokine receptor type 1,IC50,=,220.0,nM,CHEMBL2329311,B,Displacement of [125I]-CCL3/MIP-1alpha from CCR1 in human THP1 cells,CHEMBL2321873,P32246,C-C chemokine receptor type 1,IC50,COc1cc(N2CCN(C(=O)Cn3nc(C(F)(F)F)c(Cl)c3C)CC2)cc(C(=O)N(C)C)c1Cl,6.657577319177793
CHEMBL2322884,CHEMBL2413,C-C chemokine receptor type 1,IC50,=,210.0,nM,CHEMBL2329311,B,Displacement of [125I]-CCL3/MIP-1alpha from CCR1 in human THP1 cells,CHEMBL2321873,P32246,C-C chemokine receptor type 1,IC50,CNC(=O)c1cc(N2CCN(C(=O)Cn3nc(C(F)(F)F)c(Cl)c3C)CC2)cc(OC)c1Cl,6.6777807052660805
CHEMBL2322883,CHEMBL2413,C-C chemokine receptor type 1,IC50,=,52.0,nM,CHEMBL2329311,B,Displacement of [125I]-CCL3/MIP-1alpha from CCR1 in human THP1 cells,CHEMBL2321873,P32246,C-C chemokine receptor type 1,IC50,COc1cc(N2CCN(C(=O)Cn3nc(C(F)(F)F)c(Cl)c3C)CC2)cc(C(N)=O)c1Cl,7.2839966563652006
CHEMBL2322882,CHEMBL2413,C-C chemokine receptor type 1,IC50,=,420.0,nM,CHEMBL2329311,B,Displacement of [125I]-CCL3/MIP-1alpha from CCR1 in human THP1 cells,CHEMBL2321873,P32246,C-C chemokine receptor type 1,IC50,COc1cc(N2CCN(C(=O)Cn3nc(C(F)(F)F)c(Cl)c3C)CC2)cc(C(=O)O)c1Cl,6.376750709602099
CHEMBL2322881,CHEMBL2413,C-C chemokine receptor type 1,IC50,=,14.0,nM,CHEMBL2329311,B,Displacement of [125I]-CCL3/MIP-1alpha from CCR1 in human THP1 cells,CHEMBL2321873,P32246,C-C chemokine receptor type 1,IC50,COc1cc(N2CCN(C(=O)Cn3nc(C(F)(F)F)c(Cl)c3C)CC2)cc(Br)c1Cl,7.853871964321762
CHEMBL2322880,CHEMBL2413,C-C chemokine receptor type 1,IC50,=,10.0,nM,CHEMBL2329311,B,Displacement of [125I]-CCL3/MIP-1alpha from CCR1 in human THP1 cells,CHEMBL2321873,P32246,C-C chemokine receptor type 1,IC50,COc1cc(N2CCN(C(=O)Cn3nc(C(F)(F)F)c(Cl)c3C)CC2)cc(Cl)c1Cl,8.0
CHEMBL2322879,CHEMBL2413,C-C chemokine receptor type 1,IC50,=,5.0,nM,CHEMBL2329311,B,Displacement of [125I]-CCL3/MIP-1alpha from CCR1 in human THP1 cells,CHEMBL2321873,P32246,C-C chemokine receptor type 1,IC50,COc1cc(N2CCN(C(=O)Cn3nc(C(F)(F)F)c(Cl)c3C)CC2)cc(F)c1Cl,8.301029995663981
CHEMBL2322878,CHEMBL2413,C-C chemokine receptor type 1,IC50,=,107.0,nM,CHEMBL2329311,B,Displacement of [125I]-CCL3/MIP-1alpha from CCR1 in human THP1 cells,CHEMBL2321873,P32246,C-C chemokine receptor type 1,IC50,COc1cc(N2CCN(C(=O)Cn3nc(C(F)(F)F)c(Cl)c3C)CC2)cc(C)c1Cl,6.97061622231479
CHEMBL2322877,CHEMBL2413,C-C chemokine receptor type 1,IC50,=,77.0,nM,CHEMBL2329311,B,Displacement of [125I]-CCL3/MIP-1alpha from CCR1 in human THP1 cells,CHEMBL2321873,P32246,C-C chemokine receptor type 1,IC50,Cc1c(Cl)c(C(F)(F)F)nn1CC(=O)N1CCN(c2ccc(Cl)c(OC(C)C)c2)CC1,7.113509274827518
CHEMBL2322876,CHEMBL2413,C-C chemokine receptor type 1,IC50,=,12.0,nM,CHEMBL2329311,B,Displacement of [125I]-CCL3/MIP-1alpha from CCR1 in human THP1 cells,CHEMBL2321873,P32246,C-C chemokine receptor type 1,IC50,CCOc1cc(N2CCN(C(=O)Cn3nc(C(F)(F)F)c(Cl)c3C)CC2)ccc1Cl,7.920818753952375
CHEMBL2322875,CHEMBL2413,C-C chemokine receptor type 1,IC50,=,4.0,nM,CHEMBL2329311,B,Displacement of [125I]-CCL3/MIP-1alpha from CCR1 in human THP1 cells,CHEMBL2321873,P32246,C-C chemokine receptor type 1,IC50,COc1cc(N2CCN(C(=O)Cn3nc(C(F)(F)F)c(Cl)c3C)CC2)ccc1Cl,8.397940008672037
CHEMBL2322874,CHEMBL2413,C-C chemokine receptor type 1,IC50,=,100.0,nM,CHEMBL2329311,B,Displacement of [125I]-CCL3/MIP-1alpha from CCR1 in human THP1 cells,CHEMBL2321873,P32246,C-C chemokine receptor type 1,IC50,Cc1cc(N2CCN(C(=O)Cn3nc(C(F)(F)F)c(Cl)c3C)CC2)ccc1Cl,7.0
CHEMBL2322873,CHEMBL2413,C-C chemokine receptor type 1,IC50,=,11000.0,nM,CHEMBL2329311,B,Displacement of [125I]-CCL3/MIP-1alpha from CCR1 in human THP1 cells,CHEMBL2321873,P32246,C-C chemokine receptor type 1,IC50,Cc1c(Cl)c(C(F)(F)F)nn1CC(=O)N1CCN(c2cccc(Cl)c2)CC1,4.958607314841775
CHEMBL2322872,CHEMBL2413,C-C chemokine receptor type 1,IC50,=,2700.0,nM,CHEMBL2329311,B,Displacement of [125I]-CCL3/MIP-1alpha from CCR1 in human THP1 cells,CHEMBL2321873,P32246,C-C chemokine receptor type 1,IC50,COc1cccc(N2CCN(C(=O)Cn3nc(C(F)(F)F)c(Cl)c3C)CC2)c1,5.568636235841012
CHEMBL2323422,CHEMBL2413,C-C chemokine receptor type 1,IC50,=,3300.0,nM,CHEMBL2329311,B,Displacement of [125I]-CCL3/MIP-1alpha from CCR1 in human THP1 cells,CHEMBL2321873,P32246,C-C chemokine receptor type 1,IC50,Cc1cccc(N2CCN(C(=O)Cn3nc(C(F)(F)F)c(Cl)c3C)CC2)c1,5.481486060122112
CHEMBL2323421,CHEMBL2413,C-C chemokine receptor type 1,IC50,=,6400.0,nM,CHEMBL2329311,B,Displacement of [125I]-CCL3/MIP-1alpha from CCR1 in human THP1 cells,CHEMBL2321873,P32246,C-C chemokine receptor type 1,IC50,Cc1c(Cl)c(C(F)(F)F)nn1CC(=O)N1CCN(c2ccc(S(C)(=O)=O)cc2)CC1,5.1938200260161125
CHEMBL2323420,CHEMBL2413,C-C chemokine receptor type 1,IC50,=,5650.0,nM,CHEMBL2329311,B,Displacement of [125I]-CCL3/MIP-1alpha from CCR1 in human THP1 cells,CHEMBL2321873,P32246,C-C chemokine receptor type 1,IC50,Cc1c(Cl)c(C(F)(F)F)nn1CC(=O)N1CCN(c2ccc([N+](=O)[O-])cc2)CC1,5.247951552180561
CHEMBL2323419,CHEMBL2413,C-C chemokine receptor type 1,IC50,=,9800.0,nM,CHEMBL2329311,B,Displacement of [125I]-CCL3/MIP-1alpha from CCR1 in human THP1 cells,CHEMBL2321873,P32246,C-C chemokine receptor type 1,IC50,Cc1c(Cl)c(C(F)(F)F)nn1CC(=O)N1CCN(c2ccc(C(F)(F)F)cc2)CC1,5.008773924307505
CHEMBL2322893,CHEMBL2413,C-C chemokine receptor type 1,IC50,=,32000.0,nM,CHEMBL2329311,B,Displacement of [125I]-CCL3/MIP-1alpha from CCR1 in human THP1 cells,CHEMBL2321873,P32246,C-C chemokine receptor type 1,IC50,COc1ccc(N2CCN(C(=O)Cn3nc(C(F)(F)F)c(Cl)c3C)CC2)cc1,4.494850021680094
CHEMBL2322892,CHEMBL2413,C-C chemokine receptor type 1,IC50,=,3650.0,nM,CHEMBL2329311,B,Displacement of [125I]-CCL3/MIP-1alpha from CCR1 in human THP1 cells,CHEMBL2321873,P32246,C-C chemokine receptor type 1,IC50,Cc1ccc(N2CCN(C(=O)Cn3nc(C(F)(F)F)c(Cl)c3C)CC2)cc1,5.437707135543525
CHEMBL2322891,CHEMBL2413,C-C chemokine receptor type 1,IC50,=,182.0,nM,CHEMBL2329311,B,Displacement of [125I]-CCL3/MIP-1alpha from CCR1 in human THP1 cells,CHEMBL2321873,P32246,C-C chemokine receptor type 1,IC50,Cc1c(Cl)c(C(F)(F)F)nn1CC(=O)N1CCN(c2ccc(Br)cc2)CC1,6.739928612014925
CHEMBL2322888,CHEMBL2413,C-C chemokine receptor type 1,IC50,=,307.0,nM,CHEMBL2329311,B,Displacement of [125I]-CCL3/MIP-1alpha from CCR1 in human THP1 cells,CHEMBL2321873,P32246,C-C chemokine receptor type 1,IC50,Cc1c(Cl)c(C(F)(F)F)nn1CC(=O)N1CCN(c2ccc(F)cc2)CC1,6.512861624522813
CHEMBL2322889,CHEMBL2413,C-C chemokine receptor type 1,IC50,=,5600.0,nM,CHEMBL2329311,B,Displacement of [125I]-CCL3/MIP-1alpha from CCR1 in human THP1 cells,CHEMBL2321873,P32246,C-C chemokine receptor type 1,IC50,Cc1c(Cl)c(C(F)(F)F)nn1CC(=O)N1CCN(c2ccccc2)CC1,5.251811972993799
CHEMBL2322890,CHEMBL2413,C-C chemokine receptor type 1,IC50,=,98.0,nM,CHEMBL2329311,B,Displacement of [125I]-CCL3/MIP-1alpha from CCR1 in human THP1 cells,CHEMBL2321873,P32246,C-C chemokine receptor type 1,IC50,Cc1c(Cl)c(C(F)(F)F)nn1CC(=O)N1CCN(c2ccc(Cl)cc2)CC1,7.008773924307505
CHEMBL2332942,CHEMBL2413,C-C chemokine receptor type 1,IC50,=,68.0,nM,CHEMBL2340873,B,Antagonist activity at CCR1 receptor in human THP1 cells assessed as inhibition of MIP-1alpha-induced chemotaxis after 2 hrs by fluorescence assay,CHEMBL2331377,P32246,C-C chemokine receptor type 1,IC50,CC(=O)Nc1ccc(O)cc1OC[C@@H](N)CN1CCC2(CC1)Cc1ccccc1O2,7.167491087293763
CHEMBL2332939,CHEMBL2413,C-C chemokine receptor type 1,IC50,=,32.0,nM,CHEMBL2340879,B,Displacement of [125I]MIP-1alpha from human recombinant CCR1 expressed in HEK293 cells after 1.5 hrs,CHEMBL2331377,P32246,C-C chemokine receptor type 1,IC50,COc1ccc(NC(C)=O)c(OC[C@@H](N)CN2CCC3(CC2)Cc2ccccc2O3)c1,7.494850021680094
CHEMBL2332942,CHEMBL2413,C-C chemokine receptor type 1,IC50,=,18.0,nM,CHEMBL2340879,B,Displacement of [125I]MIP-1alpha from human recombinant CCR1 expressed in HEK293 cells after 1.5 hrs,CHEMBL2331377,P32246,C-C chemokine receptor type 1,IC50,CC(=O)Nc1ccc(O)cc1OC[C@@H](N)CN1CCC2(CC1)Cc1ccccc1O2,7.7447274948966935
CHEMBL2332938,CHEMBL2413,C-C chemokine receptor type 1,IC50,=,9.0,nM,CHEMBL2340879,B,Displacement of [125I]MIP-1alpha from human recombinant CCR1 expressed in HEK293 cells after 1.5 hrs,CHEMBL2331377,P32246,C-C chemokine receptor type 1,IC50,COc1ccc(NC(C)=O)c(OC[C@@H](N)CN2CCC3(CC2)Cc2cc(F)ccc2O3)c1,8.045757490560675
CHEMBL2332937,CHEMBL2413,C-C chemokine receptor type 1,IC50,=,6.0,nM,CHEMBL2340879,B,Displacement of [125I]MIP-1alpha from human recombinant CCR1 expressed in HEK293 cells after 1.5 hrs,CHEMBL2331377,P32246,C-C chemokine receptor type 1,IC50,COc1ccc(NC(C)=O)c(OC[C@@H](N)CN2CCC3(CC2)Cc2cc(Cl)ccc2O3)c1,8.221848749616356
CHEMBL2332936,CHEMBL2413,C-C chemokine receptor type 1,IC50,=,2.6,nM,CHEMBL2340873,B,Antagonist activity at CCR1 receptor in human THP1 cells assessed as inhibition of MIP-1alpha-induced chemotaxis after 2 hrs by fluorescence assay,CHEMBL2331377,P32246,C-C chemokine receptor type 1,IC50,CC(=O)Nc1ccc(O)cc1OC[C@@H](O)CN1CCC2(CC1)Cc1cc(F)ccc1O2,8.585026652029182
CHEMBL2332935,CHEMBL2413,C-C chemokine receptor type 1,IC50,=,2.0,nM,CHEMBL2340873,B,Antagonist activity at CCR1 receptor in human THP1 cells assessed as inhibition of MIP-1alpha-induced chemotaxis after 2 hrs by fluorescence assay,CHEMBL2331377,P32246,C-C chemokine receptor type 1,IC50,CC(=O)Nc1ccc(O)cc1OC[C@@H](O)CN1CCC2(CC1)Cc1cc(Cl)ccc1O2,8.698970004336019
CHEMBL2332941,CHEMBL2413,C-C chemokine receptor type 1,IC50,=,1.4,nM,CHEMBL2340879,B,Displacement of [125I]MIP-1alpha from human recombinant CCR1 expressed in HEK293 cells after 1.5 hrs,CHEMBL2331377,P32246,C-C chemokine receptor type 1,IC50,CC(=O)Nc1ccc(O)cc1OC[C@@H](N)CN1CCC2(CC1)Cc1cc(F)ccc1O2,8.853871964321762
CHEMBL2332934,CHEMBL2413,C-C chemokine receptor type 1,IC50,=,0.96,nM,CHEMBL2340879,B,Displacement of [125I]MIP-1alpha from human recombinant CCR1 expressed in HEK293 cells after 1.5 hrs,CHEMBL2331377,P32246,C-C chemokine receptor type 1,IC50,CC(=O)Nc1ccccc1OC[C@@H](O)CN1CCC2(CC1)Cc1cc(F)ccc1O2,9.017728766960431
CHEMBL2332932,CHEMBL2413,C-C chemokine receptor type 1,IC50,=,0.96,nM,CHEMBL2340879,B,Displacement of [125I]MIP-1alpha from human recombinant CCR1 expressed in HEK293 cells after 1.5 hrs,CHEMBL2331377,P32246,C-C chemokine receptor type 1,IC50,CC(=O)Nc1ccccc1OC[C@@H](O)CN1CCC2(CC1)Cc1cc(Cl)ccc1O2,9.017728766960431
CHEMBL2332930,CHEMBL2413,C-C chemokine receptor type 1,IC50,=,0.9,nM,CHEMBL2340879,B,Displacement of [125I]MIP-1alpha from human recombinant CCR1 expressed in HEK293 cells after 1.5 hrs,CHEMBL2331377,P32246,C-C chemokine receptor type 1,IC50,COc1ccc(NC(C)=O)c(OC[C@@H](O)CN2CCC3(CC2)Cc2cc(Cl)ccc2O3)c1,9.045757490560675
CHEMBL2332940,CHEMBL2413,C-C chemokine receptor type 1,IC50,=,0.79,nM,CHEMBL2340879,B,Displacement of [125I]MIP-1alpha from human recombinant CCR1 expressed in HEK293 cells after 1.5 hrs,CHEMBL2331377,P32246,C-C chemokine receptor type 1,IC50,CC(=O)Nc1ccc(O)cc1OC[C@@H](N)CN1CCC2(CC1)Cc1cc(Cl)ccc1O2,9.102372908709558
CHEMBL2332931,CHEMBL2413,C-C chemokine receptor type 1,IC50,=,0.64,nM,CHEMBL2340879,B,Displacement of [125I]MIP-1alpha from human recombinant CCR1 expressed in HEK293 cells after 1.5 hrs,CHEMBL2331377,P32246,C-C chemokine receptor type 1,IC50,CC(=O)Nc1ccc(F)cc1OC[C@@H](O)CN1CCC2(CC1)Cc1cc(Cl)ccc1O2,9.193820026016112
CHEMBL2332936,CHEMBL2413,C-C chemokine receptor type 1,IC50,=,0.52,nM,CHEMBL2340879,B,Displacement of [125I]MIP-1alpha from human recombinant CCR1 expressed in HEK293 cells after 1.5 hrs,CHEMBL2331377,P32246,C-C chemokine receptor type 1,IC50,CC(=O)Nc1ccc(O)cc1OC[C@@H](O)CN1CCC2(CC1)Cc1cc(F)ccc1O2,9.2839966563652
CHEMBL2332935,CHEMBL2413,C-C chemokine receptor type 1,IC50,=,0.36,nM,CHEMBL2340879,B,Displacement of [125I]MIP-1alpha from human recombinant CCR1 expressed in HEK293 cells after 1.5 hrs,CHEMBL2331377,P32246,C-C chemokine receptor type 1,IC50,CC(=O)Nc1ccc(O)cc1OC[C@@H](O)CN1CCC2(CC1)Cc1cc(Cl)ccc1O2,9.443697499232712
CHEMBL2332933,CHEMBL2413,C-C chemokine receptor type 1,IC50,=,0.36,nM,CHEMBL2340879,B,Displacement of [125I]MIP-1alpha from human recombinant CCR1 expressed in HEK293 cells after 1.5 hrs,CHEMBL2331377,P32246,C-C chemokine receptor type 1,IC50,CC(=O)Nc1ccc(F)cc1OC[C@@H](O)CN1CCC2(CC1)Cc1cc(F)ccc1O2,9.443697499232712
CHEMBL2332936,CHEMBL2413,C-C chemokine receptor type 1,IC50,=,0.52,nM,CHEMBL2396023,B,Antagonist activity at CCR1 in human THP1 cells assessed as inhibition of MIP-1alpha-induced chemotaxis after 2 hrs by fluorescence assay,CHEMBL2390895,P32246,C-C chemokine receptor type 1,IC50,CC(=O)Nc1ccc(O)cc1OC[C@@H](O)CN1CCC2(CC1)Cc1cc(F)ccc1O2,9.2839966563652
CHEMBL2332935,CHEMBL2413,C-C chemokine receptor type 1,IC50,=,0.36,nM,CHEMBL2396023,B,Antagonist activity at CCR1 in human THP1 cells assessed as inhibition of MIP-1alpha-induced chemotaxis after 2 hrs by fluorescence assay,CHEMBL2390895,P32246,C-C chemokine receptor type 1,IC50,CC(=O)Nc1ccc(O)cc1OC[C@@H](O)CN1CCC2(CC1)Cc1cc(Cl)ccc1O2,9.443697499232712
CHEMBL2391936,CHEMBL2413,C-C chemokine receptor type 1,IC50,=,400.0,nM,CHEMBL2396023,B,Antagonist activity at CCR1 in human THP1 cells assessed as inhibition of MIP-1alpha-induced chemotaxis after 2 hrs by fluorescence assay,CHEMBL2390895,P32246,C-C chemokine receptor type 1,IC50,NCCNC(=O)c1ccc(O)cc1OC[C@@H](O)CN1CCC2(CC1)Cc1cc(Cl)ccc1O2,6.3979400086720375
CHEMBL2391801,CHEMBL2413,C-C chemokine receptor type 1,IC50,=,130.0,nM,CHEMBL2396023,B,Antagonist activity at CCR1 in human THP1 cells assessed as inhibition of MIP-1alpha-induced chemotaxis after 2 hrs by fluorescence assay,CHEMBL2390895,P32246,C-C chemokine receptor type 1,IC50,O=C(c1ccc(F)cc1OC[C@@H](O)CN1CCC2(CC1)Cc1ccccc1O2)N1CC[C@H](O)C1,6.886056647693163
CHEMBL2391805,CHEMBL2413,C-C chemokine receptor type 1,IC50,=,110.0,nM,CHEMBL2396023,B,Antagonist activity at CCR1 in human THP1 cells assessed as inhibition of MIP-1alpha-induced chemotaxis after 2 hrs by fluorescence assay,CHEMBL2390895,P32246,C-C chemokine receptor type 1,IC50,CN(C)[C@H]1CCN(C(=O)c2ccc(O)cc2OC[C@@H](O)CN2CCC3(CC2)Cc2cc(Cl)ccc2O3)C1,6.958607314841775
CHEMBL2391807,CHEMBL2413,C-C chemokine receptor type 1,IC50,=,89.0,nM,CHEMBL2396023,B,Antagonist activity at CCR1 in human THP1 cells assessed as inhibition of MIP-1alpha-induced chemotaxis after 2 hrs by fluorescence assay,CHEMBL2390895,P32246,C-C chemokine receptor type 1,IC50,CC(=O)N[C@H]1CCN(C(=O)c2ccc(O)cc2OC[C@@H](O)CN2CCC3(CC2)Cc2cc(Cl)ccc2O3)C1,7.050609993355087
CHEMBL2391935,CHEMBL2413,C-C chemokine receptor type 1,IC50,=,71.0,nM,CHEMBL2396023,B,Antagonist activity at CCR1 in human THP1 cells assessed as inhibition of MIP-1alpha-induced chemotaxis after 2 hrs by fluorescence assay,CHEMBL2390895,P32246,C-C chemokine receptor type 1,IC50,CC(=O)NCCNC(=O)c1ccc(O)cc1OC[C@@H](O)CN1CCC2(CC1)Cc1cc(Cl)ccc1O2,7.1487416512809245
CHEMBL2391811,CHEMBL2413,C-C chemokine receptor type 1,IC50,=,32.0,nM,CHEMBL2396023,B,Antagonist activity at CCR1 in human THP1 cells assessed as inhibition of MIP-1alpha-induced chemotaxis after 2 hrs by fluorescence assay,CHEMBL2390895,P32246,C-C chemokine receptor type 1,IC50,O=C(c1ccc(O)cc1OC[C@@H](O)CN1CCC2(CC1)Cc1cc(Cl)ccc1O2)N1CCOCC1,7.494850021680094
CHEMBL2391802,CHEMBL2413,C-C chemokine receptor type 1,IC50,=,12.0,nM,CHEMBL2396023,B,Antagonist activity at CCR1 in human THP1 cells assessed as inhibition of MIP-1alpha-induced chemotaxis after 2 hrs by fluorescence assay,CHEMBL2390895,P32246,C-C chemokine receptor type 1,IC50,O=C(c1ccc(F)cc1OC[C@@H](O)CN1CCC2(CC1)Cc1cc(F)ccc1O2)N1CC[C@H](O)C1,7.920818753952375
CHEMBL2391812,CHEMBL2413,C-C chemokine receptor type 1,IC50,=,12.0,nM,CHEMBL2396023,B,Antagonist activity at CCR1 in human THP1 cells assessed as inhibition of MIP-1alpha-induced chemotaxis after 2 hrs by fluorescence assay,CHEMBL2390895,P32246,C-C chemokine receptor type 1,IC50,O=C(NCCO)c1ccc(O)cc1OC[C@@H](O)CN1CCC2(CC1)Cc1cc(Cl)ccc1O2,7.920818753952375
CHEMBL2391798,CHEMBL2413,C-C chemokine receptor type 1,IC50,=,8.9,nM,CHEMBL2396023,B,Antagonist activity at CCR1 in human THP1 cells assessed as inhibition of MIP-1alpha-induced chemotaxis after 2 hrs by fluorescence assay,CHEMBL2390895,P32246,C-C chemokine receptor type 1,IC50,Cc1ccc(C(=O)N2CC[C@H](O)C2)c(OC[C@@H](O)CN2CCC3(CC2)Cc2cc(F)ccc2O3)c1,8.050609993355087
CHEMBL2391806,CHEMBL2413,C-C chemokine receptor type 1,IC50,=,7.9,nM,CHEMBL2396023,B,Antagonist activity at CCR1 in human THP1 cells assessed as inhibition of MIP-1alpha-induced chemotaxis after 2 hrs by fluorescence assay,CHEMBL2390895,P32246,C-C chemokine receptor type 1,IC50,CO[C@H]1CCN(C(=O)c2ccc(O)cc2OC[C@@H](O)CN2CCC3(CC2)Cc2cc(Cl)ccc2O3)C1,8.102372908709558
CHEMBL2391796,CHEMBL2413,C-C chemokine receptor type 1,IC50,=,7.9,nM,CHEMBL2396023,B,Antagonist activity at CCR1 in human THP1 cells assessed as inhibition of MIP-1alpha-induced chemotaxis after 2 hrs by fluorescence assay,CHEMBL2390895,P32246,C-C chemokine receptor type 1,IC50,O=C(c1ccc(O)cc1OC[C@@H](O)CN1CCC2(CC1)Cc1cc(Cl)ccc1O2)N1CC[C@@H](O)C1,8.102372908709558
CHEMBL2391809,CHEMBL2413,C-C chemokine receptor type 1,IC50,=,7.1,nM,CHEMBL2396023,B,Antagonist activity at CCR1 in human THP1 cells assessed as inhibition of MIP-1alpha-induced chemotaxis after 2 hrs by fluorescence assay,CHEMBL2390895,P32246,C-C chemokine receptor type 1,IC50,O=C(c1ccc(O)cc1OC[C@@H](O)CN1CCC2(CC1)Cc1cc(Cl)ccc1O2)N1CCCCC1,8.148741651280925
CHEMBL2391799,CHEMBL2413,C-C chemokine receptor type 1,IC50,=,5.0,nM,CHEMBL2396023,B,Antagonist activity at CCR1 in human THP1 cells assessed as inhibition of MIP-1alpha-induced chemotaxis after 2 hrs by fluorescence assay,CHEMBL2390895,P32246,C-C chemokine receptor type 1,IC50,Cc1ccc(C(=O)N2CC[C@H](O)C2)c(OC[C@@H](O)CN2CCC3(CC2)Cc2cc(Cl)ccc2O3)c1,8.301029995663981
CHEMBL2391794,CHEMBL2413,C-C chemokine receptor type 1,IC50,=,3.2,nM,CHEMBL2396023,B,Antagonist activity at CCR1 in human THP1 cells assessed as inhibition of MIP-1alpha-induced chemotaxis after 2 hrs by fluorescence assay,CHEMBL2390895,P32246,C-C chemokine receptor type 1,IC50,CNC(=O)c1ccc(O)cc1OC[C@@H](O)CN1CCC2(CC1)Cc1cc(F)ccc1O2,8.494850021680094
CHEMBL2391937,CHEMBL2413,C-C chemokine receptor type 1,IC50,=,2.8,nM,CHEMBL2396023,B,Antagonist activity at CCR1 in human THP1 cells assessed as inhibition of MIP-1alpha-induced chemotaxis after 2 hrs by fluorescence assay,CHEMBL2390895,P32246,C-C chemokine receptor type 1,IC50,O=C(NC1CC1)c1ccccc1OC[C@@H](O)CN1CCC2(CC1)Cc1cc(Cl)ccc1O2,8.55284196865778
CHEMBL2391800,CHEMBL2413,C-C chemokine receptor type 1,IC50,=,2.5,nM,CHEMBL2396023,B,Antagonist activity at CCR1 in human THP1 cells assessed as inhibition of MIP-1alpha-induced chemotaxis after 2 hrs by fluorescence assay,CHEMBL2390895,P32246,C-C chemokine receptor type 1,IC50,O=C(c1ccc(F)cc1OC[C@@H](O)CN1CCC2(CC1)Cc1cc(Cl)ccc1O2)N1CC[C@H](O)C1,8.602059991327963
CHEMBL2391938,CHEMBL2413,C-C chemokine receptor type 1,IC50,=,2.5,nM,CHEMBL2396023,B,Antagonist activity at CCR1 in human THP1 cells assessed as inhibition of MIP-1alpha-induced chemotaxis after 2 hrs by fluorescence assay,CHEMBL2390895,P32246,C-C chemokine receptor type 1,IC50,COc1ccc(C(=O)NC2CC2)c(OC[C@@H](O)CN2CCC3(CC2)Cc2cc(Cl)ccc2O3)c1,8.602059991327963
CHEMBL2391804,CHEMBL2413,C-C chemokine receptor type 1,IC50,=,1.9,nM,CHEMBL2396023,B,Antagonist activity at CCR1 in human THP1 cells assessed as inhibition of MIP-1alpha-induced chemotaxis after 2 hrs by fluorescence assay,CHEMBL2390895,P32246,C-C chemokine receptor type 1,IC50,O=C(c1ccc(O)cc1OC[C@@H](O)CN1CCC2(CC1)Cc1cc(Cl)ccc1O2)N1CC[C@H](O)C1,8.721246399047171
CHEMBL2391808,CHEMBL2413,C-C chemokine receptor type 1,IC50,=,1.8,nM,CHEMBL2396023,B,Antagonist activity at CCR1 in human THP1 cells assessed as inhibition of MIP-1alpha-induced chemotaxis after 2 hrs by fluorescence assay,CHEMBL2390895,P32246,C-C chemokine receptor type 1,IC50,O=C(c1ccc(O)cc1OC[C@@H](O)CN1CCC2(CC1)Cc1cc(Cl)ccc1O2)N1CCCC1,8.744727494896694
CHEMBL2391793,CHEMBL2413,C-C chemokine receptor type 1,IC50,=,1.8,nM,CHEMBL2396023,B,Antagonist activity at CCR1 in human THP1 cells assessed as inhibition of MIP-1alpha-induced chemotaxis after 2 hrs by fluorescence assay,CHEMBL2390895,P32246,C-C chemokine receptor type 1,IC50,CNC(=O)c1ccc(O)cc1OC[C@@H](O)CN1CCC2(CC1)Cc1cc(Cl)ccc1O2,8.744727494896694
CHEMBL2391795,CHEMBL2413,C-C chemokine receptor type 1,IC50,=,1.4,nM,CHEMBL2396023,B,Antagonist activity at CCR1 in human THP1 cells assessed as inhibition of MIP-1alpha-induced chemotaxis after 2 hrs by fluorescence assay,CHEMBL2390895,P32246,C-C chemokine receptor type 1,IC50,O=C(NC1CC1)c1ccc(O)cc1OC[C@@H](O)CN1CCC2(CC1)Cc1cc(Cl)ccc1O2,8.853871964321762
CHEMBL2391939,CHEMBL2413,C-C chemokine receptor type 1,IC50,=,1.4,nM,CHEMBL2396023,B,Antagonist activity at CCR1 in human THP1 cells assessed as inhibition of MIP-1alpha-induced chemotaxis after 2 hrs by fluorescence assay,CHEMBL2390895,P32246,C-C chemokine receptor type 1,IC50,O=C(NC1CC1)c1ccc(F)cc1OC[C@@H](O)CN1CCC2(CC1)Cc1cc(Cl)ccc1O2,8.853871964321762
CHEMBL2391797,CHEMBL2413,C-C chemokine receptor type 1,IC50,=,1.3,nM,CHEMBL2396023,B,Antagonist activity at CCR1 in human THP1 cells assessed as inhibition of MIP-1alpha-induced chemotaxis after 2 hrs by fluorescence assay,CHEMBL2390895,P32246,C-C chemokine receptor type 1,IC50,CN(C)[C@@H]1CCN(C(=O)c2ccc(O)cc2OC[C@@H](O)CN2CCC3(CC2)Cc2cc(Cl)ccc2O3)C1,8.886056647693163
CHEMBL2391810,CHEMBL2413,C-C chemokine receptor type 1,IC50,=,1.1,nM,CHEMBL2396023,B,Antagonist activity at CCR1 in human THP1 cells assessed as inhibition of MIP-1alpha-induced chemotaxis after 2 hrs by fluorescence assay,CHEMBL2390895,P32246,C-C chemokine receptor type 1,IC50,O=C(c1ccc(O)cc1OC[C@@H](O)CN1CCC2(CC1)Cc1cc(Cl)ccc1O2)N1CCC(O)CC1,8.958607314841775
CHEMBL2391803,CHEMBL2413,C-C chemokine receptor type 1,IC50,=,0.92,nM,CHEMBL2396023,B,Antagonist activity at CCR1 in human THP1 cells assessed as inhibition of MIP-1alpha-induced chemotaxis after 2 hrs by fluorescence assay,CHEMBL2390895,P32246,C-C chemokine receptor type 1,IC50,O=C(c1cc(Cl)c(O)cc1OC[C@@H](O)CN1CCC2(CC1)Cc1cc(Cl)ccc1O2)N1CC[C@H](O)C1,9.036212172654444
CHEMBL2398726,CHEMBL2413,C-C chemokine receptor type 1,IC50,=,54.0,nM,CHEMBL2398862,B,Antagonist activity at CCR1 in whole blood (unknown origin) assessed as inhibition of LKN1-induced upregulation of beta2-integrin CD11b,CHEMBL2396549,P32246,C-C chemokine receptor type 1,IC50,CC(C)[C@@H](NC(=O)[C@@H]1CC[C@@H](O)C1)C(=O)N1CC[C@](O)(c2ccc(Cl)cc2)C(C)(C)C1,7.267606240177031
CHEMBL2398726,CHEMBL2413,C-C chemokine receptor type 1,IC50,=,46.0,nM,CHEMBL2398863,B,Antagonist activity at CCR1 in whole blood (unknown origin) assessed as inhibition of MIP1alpha-induced upregulation of beta2-integrin CD11b,CHEMBL2396549,P32246,C-C chemokine receptor type 1,IC50,CC(C)[C@@H](NC(=O)[C@@H]1CC[C@@H](O)C1)C(=O)N1CC[C@](O)(c2ccc(Cl)cc2)C(C)(C)C1,7.337242168318426
CHEMBL2398726,CHEMBL2413,C-C chemokine receptor type 1,IC50,=,4.0,nM,CHEMBL2398865,B,Antagonist activity at human CCR1 assessed as inhibition of HCC-1-induced chemotaxis,CHEMBL2396549,P32246,C-C chemokine receptor type 1,IC50,CC(C)[C@@H](NC(=O)[C@@H]1CC[C@@H](O)C1)C(=O)N1CC[C@](O)(c2ccc(Cl)cc2)C(C)(C)C1,8.397940008672037
CHEMBL2398716,CHEMBL2413,C-C chemokine receptor type 1,IC50,=,5.2,nM,CHEMBL2399021,B,Binding affinity to human CCR1,CHEMBL2396549,P32246,C-C chemokine receptor type 1,IC50,CC(C)[C@@H](NC(=O)CC(C)(C)O)C(=O)N1CC[C@](O)(c2ccc(Cl)cc2)C(C)(C)C1,8.2839966563652
CHEMBL2398717,CHEMBL2413,C-C chemokine receptor type 1,IC50,=,1.0,nM,CHEMBL2399021,B,Binding affinity to human CCR1,CHEMBL2396549,P32246,C-C chemokine receptor type 1,IC50,CC(C)[C@@H](NC(=O)CC1CC1)C(=O)N1CC[C@](O)(c2ccc(Cl)cc2)C(C)(C)C1,9.0
CHEMBL2398764,CHEMBL2413,C-C chemokine receptor type 1,IC50,=,153.0,nM,CHEMBL2398869,B,Antagonist activity at human CCR1 assessed as inhibition of MIP1alpha-induced chemotaxis,CHEMBL2396549,P32246,C-C chemokine receptor type 1,IC50,CC(C)[C@@H](NC(=O)c1cccc(-c2ccccc2NC(N)=O)c1)C(=O)N1CCC(c2ccc(Cl)cc2)CC1,6.815308569182401
CHEMBL2398766,CHEMBL2413,C-C chemokine receptor type 1,IC50,=,123.0,nM,CHEMBL2398869,B,Antagonist activity at human CCR1 assessed as inhibition of MIP1alpha-induced chemotaxis,CHEMBL2396549,P32246,C-C chemokine receptor type 1,IC50,CC(C)[C@@H](NC(=O)c1cccc(S(N)(=O)=O)c1)C(=O)N1CCC(c2ccc(Cl)cc2)CC1,6.910094888560602
CHEMBL2398768,CHEMBL2413,C-C chemokine receptor type 1,IC50,=,107.0,nM,CHEMBL2398869,B,Antagonist activity at human CCR1 assessed as inhibition of MIP1alpha-induced chemotaxis,CHEMBL2396549,P32246,C-C chemokine receptor type 1,IC50,CC(C)[C@@H](NC(=O)Cc1ccncc1)C(=O)N1CCC(c2ccc(Cl)cc2)CC1,6.97061622231479
CHEMBL2180528,CHEMBL2413,C-C chemokine receptor type 1,IC50,=,78.0,nM,CHEMBL2398869,B,Antagonist activity at human CCR1 assessed as inhibition of MIP1alpha-induced chemotaxis,CHEMBL2396549,P32246,C-C chemokine receptor type 1,IC50,CC(C)[C@@H](NC(=O)c1ccccc1)C(=O)N1CCC(c2ccc(Cl)cc2)CC1,7.107905397309519
CHEMBL2398765,CHEMBL2413,C-C chemokine receptor type 1,IC50,=,48.0,nM,CHEMBL2398869,B,Antagonist activity at human CCR1 assessed as inhibition of MIP1alpha-induced chemotaxis,CHEMBL2396549,P32246,C-C chemokine receptor type 1,IC50,CC(C)[C@@H](NC(=O)c1cccc(-c2ccccc2NC(N)=O)c1)C(=O)N1CC[C@](O)(c2ccc(Cl)cc2)C(C)(C)C1,7.318758762624412
CHEMBL2398762,CHEMBL2413,C-C chemokine receptor type 1,IC50,=,48.0,nM,CHEMBL2398869,B,Antagonist activity at human CCR1 assessed as inhibition of MIP1alpha-induced chemotaxis,CHEMBL2396549,P32246,C-C chemokine receptor type 1,IC50,CC(C)[C@@H](NC(=O)c1ccc(F)c(O)c1)C(=O)N1CCC(c2ccc(Cl)cc2)CC1,7.318758762624412
CHEMBL2398757,CHEMBL2413,C-C chemokine receptor type 1,IC50,=,29.0,nM,CHEMBL2398869,B,Antagonist activity at human CCR1 assessed as inhibition of MIP1alpha-induced chemotaxis,CHEMBL2396549,P32246,C-C chemokine receptor type 1,IC50,CC(C)[C@@H](NC(=O)c1cccnc1)C(=O)N1CC[C@H](c2ccc(Cl)cc2)C(C)(C)C1,7.537602002101044
CHEMBL2398718,CHEMBL2413,C-C chemokine receptor type 1,IC50,=,21.0,nM,CHEMBL2398869,B,Antagonist activity at human CCR1 assessed as inhibition of MIP1alpha-induced chemotaxis,CHEMBL2396549,P32246,C-C chemokine receptor type 1,IC50,CC(C)[C@@H](NC(=O)c1cccnc1)C(=O)N1CC[C@](O)(c2ccc(Cl)cc2)C2(CC2)C1,7.6777807052660805
CHEMBL2398758,CHEMBL2413,C-C chemokine receptor type 1,IC50,=,18.0,nM,CHEMBL2398869,B,Antagonist activity at human CCR1 assessed as inhibition of MIP1alpha-induced chemotaxis,CHEMBL2396549,P32246,C-C chemokine receptor type 1,IC50,CC(C)[C@@H](NC(=O)C1CCCC1)C(=O)N1CCN(c2ccc(Cl)cc2)C(C)(C)C1,7.7447274948966935
CHEMBL2398740,CHEMBL2413,C-C chemokine receptor type 1,IC50,=,15.0,nM,CHEMBL2398869,B,Antagonist activity at human CCR1 assessed as inhibition of MIP1alpha-induced chemotaxis,CHEMBL2396549,P32246,C-C chemokine receptor type 1,IC50,CC(=O)N[C@@H](C(=O)N1CC[C@](O)(c2ccc(Cl)cc2)C(C)(C)C1)C(C)C,7.823908740944319
CHEMBL2398763,CHEMBL2413,C-C chemokine receptor type 1,IC50,=,13.0,nM,CHEMBL2398869,B,Antagonist activity at human CCR1 assessed as inhibition of MIP1alpha-induced chemotaxis,CHEMBL2396549,P32246,C-C chemokine receptor type 1,IC50,CC(C)[C@@H](NC(=O)c1ccc(F)c(O)c1)C(=O)N1CC[C@](O)(c2ccc(Cl)cc2)C(C)(C)C1,7.886056647693163
CHEMBL2398727,CHEMBL2413,C-C chemokine receptor type 1,IC50,=,12.0,nM,CHEMBL2398869,B,Antagonist activity at human CCR1 assessed as inhibition of MIP1alpha-induced chemotaxis,CHEMBL2396549,P32246,C-C chemokine receptor type 1,IC50,CC(C)[C@@H](NC(=O)[C@H]1CC[C@H](O)C1)C(=O)N1CC[C@](O)(c2ccc(Cl)cc2)C(C)(C)C1,7.920818753952375
CHEMBL2398771,CHEMBL2413,C-C chemokine receptor type 1,IC50,=,10.0,nM,CHEMBL2398869,B,Antagonist activity at human CCR1 assessed as inhibition of MIP1alpha-induced chemotaxis,CHEMBL2396549,P32246,C-C chemokine receptor type 1,IC50,CC(C)[C@@H](NC(=O)c1cccc(Cl)c1)C(=O)N1CC[C@](O)(c2ccc(Cl)cc2)C(C)(C)C1,8.0
CHEMBL2398761,CHEMBL2413,C-C chemokine receptor type 1,IC50,=,10.0,nM,CHEMBL2398869,B,Antagonist activity at human CCR1 assessed as inhibition of MIP1alpha-induced chemotaxis,CHEMBL2396549,P32246,C-C chemokine receptor type 1,IC50,CC(C)[C@@H](NC(=O)c1ccccc1)C(=O)N1CC[C@](O)(c2ccc(Cl)cc2)C(C)(C)C1,8.0
CHEMBL2398767,CHEMBL2413,C-C chemokine receptor type 1,IC50,=,9.9,nM,CHEMBL2398869,B,Antagonist activity at human CCR1 assessed as inhibition of MIP1alpha-induced chemotaxis,CHEMBL2396549,P32246,C-C chemokine receptor type 1,IC50,CC(C)[C@@H](NC(=O)c1cccc(S(N)(=O)=O)c1)C(=O)N1CC[C@](O)(c2ccc(Cl)cc2)C(C)(C)C1,8.00436480540245
CHEMBL2398733,CHEMBL2413,C-C chemokine receptor type 1,IC50,=,8.9,nM,CHEMBL2398869,B,Antagonist activity at human CCR1 assessed as inhibition of MIP1alpha-induced chemotaxis,CHEMBL2396549,P32246,C-C chemokine receptor type 1,IC50,CC(C)[C@@H](NC(=O)c1cccc(C(=O)O)c1)C(=O)N1CC[C@](O)(c2ccc(Cl)cc2)C(C)(C)C1,8.050609993355087
CHEMBL2398750,CHEMBL2413,C-C chemokine receptor type 1,IC50,=,8.3,nM,CHEMBL2398869,B,Antagonist activity at human CCR1 assessed as inhibition of MIP1alpha-induced chemotaxis,CHEMBL2396549,P32246,C-C chemokine receptor type 1,IC50,CC(C)[C@@H](NC(=O)C1CCCC1(O)CCN1CCOCC1)C(=O)N1CC[C@](O)(c2ccc(Cl)cc2)C(C)(C)C1,8.080921907623926
CHEMBL2398735,CHEMBL2413,C-C chemokine receptor type 1,IC50,=,6.1,nM,CHEMBL2398869,B,Antagonist activity at human CCR1 assessed as inhibition of MIP1alpha-induced chemotaxis,CHEMBL2396549,P32246,C-C chemokine receptor type 1,IC50,CC(C)[C@@H](NC(=O)c1cccnc1)C(=O)N1CC[C@](O)(c2ccc(Cl)cc2)C(C)(C)C1,8.214670164989233
CHEMBL2398724,CHEMBL2413,C-C chemokine receptor type 1,IC50,=,5.6,nM,CHEMBL2398869,B,Antagonist activity at human CCR1 assessed as inhibition of MIP1alpha-induced chemotaxis,CHEMBL2396549,P32246,C-C chemokine receptor type 1,IC50,CC(C)[C@@H](NC(=O)[C@@H]1CCC[C@@H]1N)C(=O)N1CC[C@](O)(c2ccc(Cl)cc2)C(C)(C)C1,8.2518119729938
CHEMBL2398730,CHEMBL2413,C-C chemokine receptor type 1,IC50,=,5.5,nM,CHEMBL2398869,B,Antagonist activity at human CCR1 assessed as inhibition of MIP1alpha-induced chemotaxis,CHEMBL2396549,P32246,C-C chemokine receptor type 1,IC50,CC(C)[C@@H](NC(=O)c1ccc(Cl)cc1)C(=O)N1CC[C@](O)(c2ccc(Cl)cc2)C(C)(C)C1,8.259637310505756
CHEMBL2398770,CHEMBL2413,C-C chemokine receptor type 1,IC50,=,4.7,nM,CHEMBL2398869,B,Antagonist activity at human CCR1 assessed as inhibition of MIP1alpha-induced chemotaxis,CHEMBL2396549,P32246,C-C chemokine receptor type 1,IC50,CC(C)[C@@H](NC(=O)c1ccccc1Cl)C(=O)N1CC[C@](O)(c2ccc(Cl)cc2)C(C)(C)C1,8.327902142064282
CHEMBL2398742,CHEMBL2413,C-C chemokine receptor type 1,IC50,=,4.4,nM,CHEMBL2398869,B,Antagonist activity at human CCR1 assessed as inhibition of MIP1alpha-induced chemotaxis,CHEMBL2396549,P32246,C-C chemokine receptor type 1,IC50,CC(C)C(=O)N[C@@H](C(=O)N1CC[C@](O)(c2ccc(Cl)cc2)C(C)(C)C1)C(C)C,8.356547323513812
CHEMBL2398741,CHEMBL2413,C-C chemokine receptor type 1,IC50,=,3.6,nM,CHEMBL2398869,B,Antagonist activity at human CCR1 assessed as inhibition of MIP1alpha-induced chemotaxis,CHEMBL2396549,P32246,C-C chemokine receptor type 1,IC50,CCC(=O)N[C@@H](C(=O)N1CC[C@](O)(c2ccc(Cl)cc2)C(C)(C)C1)C(C)C,8.443697499232712
CHEMBL2398769,CHEMBL2413,C-C chemokine receptor type 1,IC50,=,3.5,nM,CHEMBL2398869,B,Antagonist activity at human CCR1 assessed as inhibition of MIP1alpha-induced chemotaxis,CHEMBL2396549,P32246,C-C chemokine receptor type 1,IC50,CC(C)[C@@H](NC(=O)Cc1ccncc1)C(=O)N1CC[C@](O)(c2ccc(Cl)cc2)C(C)(C)C1,8.455931955649724
CHEMBL2398722,CHEMBL2413,C-C chemokine receptor type 1,IC50,=,3.1,nM,CHEMBL2398869,B,Antagonist activity at human CCR1 assessed as inhibition of MIP1alpha-induced chemotaxis,CHEMBL2396549,P32246,C-C chemokine receptor type 1,IC50,CC(C)[C@@H](NC(=O)[C@@H]1CCC[C@@H]1O)C(=O)N1CC[C@](O)(c2ccc(Cl)cc2)C(C)(C)C1,8.508638306165727
CHEMBL2398729,CHEMBL2413,C-C chemokine receptor type 1,IC50,=,2.9,nM,CHEMBL2398869,B,Antagonist activity at human CCR1 assessed as inhibition of MIP1alpha-induced chemotaxis,CHEMBL2396549,P32246,C-C chemokine receptor type 1,IC50,CC(C)[C@@H](NC(=O)[C@@H]1CC[C@H](O)C1)C(=O)N1CC[C@](O)(c2ccc(Cl)cc2)C(C)(C)C1,8.537602002101044
CHEMBL2398747,CHEMBL2413,C-C chemokine receptor type 1,IC50,=,2.5,nM,CHEMBL2398869,B,Antagonist activity at human CCR1 assessed as inhibition of MIP1alpha-induced chemotaxis,CHEMBL2396549,P32246,C-C chemokine receptor type 1,IC50,CC(C)[C@@H](NC(=O)C1CCCC1)C(=O)N1CC[C@](O)(c2ccc(Cl)cc2)C(C)(C)C1,8.602059991327963
CHEMBL2398726,CHEMBL2413,C-C chemokine receptor type 1,IC50,=,4.4,nM,CHEMBL2398868,B,Antagonist activity at human CCR1 assessed as inhibition of ieukotactin-1-induced chemotaxis,CHEMBL2396549,P32246,C-C chemokine receptor type 1,IC50,CC(C)[C@@H](NC(=O)[C@@H]1CC[C@@H](O)C1)C(=O)N1CC[C@](O)(c2ccc(Cl)cc2)C(C)(C)C1,8.356547323513812
CHEMBL2398726,CHEMBL2413,C-C chemokine receptor type 1,IC50,=,1.0,nM,CHEMBL2398867,B,Antagonist activity at human CCR1 assessed as inhibition of RANTES-induced chemotaxis,CHEMBL2396549,P32246,C-C chemokine receptor type 1,IC50,CC(C)[C@@H](NC(=O)[C@@H]1CC[C@@H](O)C1)C(=O)N1CC[C@](O)(c2ccc(Cl)cc2)C(C)(C)C1,9.0
CHEMBL2398726,CHEMBL2413,C-C chemokine receptor type 1,IC50,=,2.1,nM,CHEMBL2398869,B,Antagonist activity at human CCR1 assessed as inhibition of MIP1alpha-induced chemotaxis,CHEMBL2396549,P32246,C-C chemokine receptor type 1,IC50,CC(C)[C@@H](NC(=O)[C@@H]1CC[C@@H](O)C1)C(=O)N1CC[C@](O)(c2ccc(Cl)cc2)C(C)(C)C1,8.67778070526608
CHEMBL2398743,CHEMBL2413,C-C chemokine receptor type 1,IC50,=,1.9,nM,CHEMBL2398869,B,Antagonist activity at human CCR1 assessed as inhibition of MIP1alpha-induced chemotaxis,CHEMBL2396549,P32246,C-C chemokine receptor type 1,IC50,CC(C)CC(=O)N[C@@H](C(=O)N1CC[C@](O)(c2ccc(Cl)cc2)C(C)(C)C1)C(C)C,8.721246399047171
CHEMBL2398737,CHEMBL2413,C-C chemokine receptor type 1,IC50,=,1.8,nM,CHEMBL2398869,B,Antagonist activity at human CCR1 assessed as inhibition of MIP1alpha-induced chemotaxis,CHEMBL2396549,P32246,C-C chemokine receptor type 1,IC50,CC(C)[C@@H](NC(=O)Cc1ccccc1)C(=O)N1CC[C@](O)(c2ccc(Cl)cc2)C(C)(C)C1,8.744727494896694
CHEMBL2398744,CHEMBL2413,C-C chemokine receptor type 1,IC50,=,1.2,nM,CHEMBL2398869,B,Antagonist activity at human CCR1 assessed as inhibition of MIP1alpha-induced chemotaxis,CHEMBL2396549,P32246,C-C chemokine receptor type 1,IC50,CC(C)CCC(=O)N[C@@H](C(=O)N1CC[C@](O)(c2ccc(Cl)cc2)C(C)(C)C1)C(C)C,8.920818753952375
CHEMBL2398728,CHEMBL2413,C-C chemokine receptor type 1,IC50,=,1.1,nM,CHEMBL2398869,B,Antagonist activity at human CCR1 assessed as inhibition of MIP1alpha-induced chemotaxis,CHEMBL2396549,P32246,C-C chemokine receptor type 1,IC50,CC(C)[C@@H](NC(=O)[C@H]1CC[C@@H](O)C1)C(=O)N1CC[C@](O)(c2ccc(Cl)cc2)C(C)(C)C1,8.958607314841775
CHEMBL2398752,CHEMBL2413,C-C chemokine receptor type 1,IC50,=,25000.0,nM,CHEMBL2399021,B,Binding affinity to human CCR1,CHEMBL2396549,P32246,C-C chemokine receptor type 1,IC50,CO[C@]1(c2ccc(Cl)cc2)CCN(C(=O)[C@H](NC(=O)c2ccc(Cl)cc2)C(C)C)CC1(C)C,4.6020599913279625
CHEMBL2398732,CHEMBL2413,C-C chemokine receptor type 1,IC50,=,2940.0,nM,CHEMBL2399021,B,Binding affinity to human CCR1,CHEMBL2396549,P32246,C-C chemokine receptor type 1,IC50,CC(C)[C@@H](NC(=O)c1ccccc1C(=O)O)C(=O)N1CC[C@](O)(c2ccc(Cl)cc2)C(C)(C)C1,5.531652669587842
CHEMBL2398760,CHEMBL2413,C-C chemokine receptor type 1,IC50,=,2240.0,nM,CHEMBL2399021,B,Binding affinity to human CCR1,CHEMBL2396549,P32246,C-C chemokine receptor type 1,IC50,CC(C)[C@H](CN1CC[C@](O)(c2ccc(Cl)cc2)C(C)(C)C1)NC(=O)c1ccccc1,5.649751981665837
CHEMBL2398751,CHEMBL2413,C-C chemokine receptor type 1,IC50,=,1800.0,nM,CHEMBL2399021,B,Binding affinity to human CCR1,CHEMBL2396549,P32246,C-C chemokine receptor type 1,IC50,CC(C)[C@@H](NC(=O)c1ccc(Cl)cc1)C(=O)N1CC[C@@](O)(c2ccc(Cl)cc2)C(C)(C)C1,5.7447274948966935
CHEMBL2398720,CHEMBL2413,C-C chemokine receptor type 1,IC50,=,1603.0,nM,CHEMBL2399021,B,Binding affinity to human CCR1,CHEMBL2396549,P32246,C-C chemokine receptor type 1,IC50,CC(C)[C@@H](NC(=O)[C@@H]1CC[C@H](N)C1)C(=O)N1CC[C@](O)(c2ccc(Cl)cc2)C(C)(C)C1,5.795066477645856
CHEMBL2398719,CHEMBL2413,C-C chemokine receptor type 1,IC50,=,341.0,nM,CHEMBL2399021,B,Binding affinity to human CCR1,CHEMBL2396549,P32246,C-C chemokine receptor type 1,IC50,CC(C)[C@@H](NC(=O)[C@@H]1CC[C@@H](N)C1)C(=O)N1CC[C@](O)(c2ccc(Cl)cc2)C(C)(C)C1,6.467245621007502
CHEMBL2398731,CHEMBL2413,C-C chemokine receptor type 1,IC50,=,233.0,nM,CHEMBL2399021,B,Binding affinity to human CCR1,CHEMBL2396549,P32246,C-C chemokine receptor type 1,IC50,CC(C)[C@@H](NC(=O)c1ccc(S(N)(=O)=O)cc1)C(=O)N1CC[C@](O)(c2ccc(Cl)cc2)C(C)(C)C1,6.632644078973981
CHEMBL2398759,CHEMBL2413,C-C chemokine receptor type 1,IC50,=,208.0,nM,CHEMBL2399021,B,Binding affinity to human CCR1,CHEMBL2396549,P32246,C-C chemokine receptor type 1,IC50,CC(C)[C@@H](NC(=O)c1ccc(Cl)cc1)C(=O)N1CCC(O)(c2ccc(Cl)cc2)C2(CCCC2)C1,6.681936665037238
CHEMBL2398753,CHEMBL2413,C-C chemokine receptor type 1,IC50,=,196.0,nM,CHEMBL2399021,B,Binding affinity to human CCR1,CHEMBL2396549,P32246,C-C chemokine receptor type 1,IC50,CC(C)[C@@H](NC(=O)c1ccc(Cl)cc1)C(=O)N1CC[C@](N)(c2ccc(Cl)cc2)C(C)(C)C1,6.707743928643524
CHEMBL2398721,CHEMBL2413,C-C chemokine receptor type 1,IC50,=,194.0,nM,CHEMBL2399021,B,Binding affinity to human CCR1,CHEMBL2396549,P32246,C-C chemokine receptor type 1,IC50,CC(C)[C@@H](NC(=O)[C@H]1CC[C@@H](N)C1)C(=O)N1CC[C@](O)(c2ccc(Cl)cc2)C(C)(C)C1,6.7121982700697735
CHEMBL2398766,CHEMBL2413,C-C chemokine receptor type 1,IC50,=,40.0,nM,CHEMBL2399021,B,Binding affinity to human CCR1,CHEMBL2396549,P32246,C-C chemokine receptor type 1,IC50,CC(C)[C@@H](NC(=O)c1cccc(S(N)(=O)=O)c1)C(=O)N1CCC(c2ccc(Cl)cc2)CC1,7.3979400086720375
CHEMBL2180528,CHEMBL2413,C-C chemokine receptor type 1,IC50,=,30.0,nM,CHEMBL2399021,B,Binding affinity to human CCR1,CHEMBL2396549,P32246,C-C chemokine receptor type 1,IC50,CC(C)[C@@H](NC(=O)c1ccccc1)C(=O)N1CCC(c2ccc(Cl)cc2)CC1,7.522878745280337
CHEMBL2398723,CHEMBL2413,C-C chemokine receptor type 1,IC50,=,20.0,nM,CHEMBL2399021,B,Binding affinity to human CCR1,CHEMBL2396549,P32246,C-C chemokine receptor type 1,IC50,CC(C)[C@@H](NC(=O)[C@@H]1CCC[C@H]1O)C(=O)N1CC[C@](O)(c2ccc(Cl)cc2)C(C)(C)C1,7.698970004336019
CHEMBL2398761,CHEMBL2413,C-C chemokine receptor type 1,IC50,=,18.0,nM,CHEMBL2399021,B,Binding affinity to human CCR1,CHEMBL2396549,P32246,C-C chemokine receptor type 1,IC50,CC(C)[C@@H](NC(=O)c1ccccc1)C(=O)N1CC[C@](O)(c2ccc(Cl)cc2)C(C)(C)C1,7.7447274948966935
CHEMBL2398725,CHEMBL2413,C-C chemokine receptor type 1,IC50,=,17.0,nM,CHEMBL2399021,B,Binding affinity to human CCR1,CHEMBL2396549,P32246,C-C chemokine receptor type 1,IC50,CC(C)[C@@H](NC(=O)[C@@H]1CCC[C@H]1N)C(=O)N1CC[C@](O)(c2ccc(Cl)cc2)C(C)(C)C1,7.769551078621726
CHEMBL2398734,CHEMBL2413,C-C chemokine receptor type 1,IC50,=,15.0,nM,CHEMBL2399021,B,Binding affinity to human CCR1,CHEMBL2396549,P32246,C-C chemokine receptor type 1,IC50,CC(C)[C@@H](NC(=O)c1ccccn1)C(=O)N1CC[C@](O)(c2ccc(Cl)cc2)C(C)(C)C1,7.823908740944319
CHEMBL2398740,CHEMBL2413,C-C chemokine receptor type 1,IC50,=,13.0,nM,CHEMBL2399021,B,Binding affinity to human CCR1,CHEMBL2396549,P32246,C-C chemokine receptor type 1,IC50,CC(=O)N[C@@H](C(=O)N1CC[C@](O)(c2ccc(Cl)cc2)C(C)(C)C1)C(C)C,7.886056647693163
CHEMBL2398762,CHEMBL2413,C-C chemokine receptor type 1,IC50,=,10.0,nM,CHEMBL2399021,B,Binding affinity to human CCR1,CHEMBL2396549,P32246,C-C chemokine receptor type 1,IC50,CC(C)[C@@H](NC(=O)c1ccc(F)c(O)c1)C(=O)N1CCC(c2ccc(Cl)cc2)CC1,8.0
CHEMBL2398771,CHEMBL2413,C-C chemokine receptor type 1,IC50,=,9.9,nM,CHEMBL2399021,B,Binding affinity to human CCR1,CHEMBL2396549,P32246,C-C chemokine receptor type 1,IC50,CC(C)[C@@H](NC(=O)c1cccc(Cl)c1)C(=O)N1CC[C@](O)(c2ccc(Cl)cc2)C(C)(C)C1,8.00436480540245
CHEMBL2398768,CHEMBL2413,C-C chemokine receptor type 1,IC50,=,9.4,nM,CHEMBL2399021,B,Binding affinity to human CCR1,CHEMBL2396549,P32246,C-C chemokine receptor type 1,IC50,CC(C)[C@@H](NC(=O)Cc1ccncc1)C(=O)N1CCC(c2ccc(Cl)cc2)CC1,8.0268721464003
CHEMBL2398736,CHEMBL2413,C-C chemokine receptor type 1,IC50,=,7.6,nM,CHEMBL2399021,B,Binding affinity to human CCR1,CHEMBL2396549,P32246,C-C chemokine receptor type 1,IC50,CC(C)[C@@H](NC(=O)c1ccncc1)C(=O)N1CC[C@](O)(c2ccc(Cl)cc2)C(C)(C)C1,8.119186407719209
CHEMBL2398718,CHEMBL2413,C-C chemokine receptor type 1,IC50,=,7.2,nM,CHEMBL2399021,B,Binding affinity to human CCR1,CHEMBL2396549,P32246,C-C chemokine receptor type 1,IC50,CC(C)[C@@H](NC(=O)c1cccnc1)C(=O)N1CC[C@](O)(c2ccc(Cl)cc2)C2(CC2)C1,8.142667503568731
CHEMBL2398733,CHEMBL2413,C-C chemokine receptor type 1,IC50,=,7.1,nM,CHEMBL2399021,B,Binding affinity to human CCR1,CHEMBL2396549,P32246,C-C chemokine receptor type 1,IC50,CC(C)[C@@H](NC(=O)c1cccc(C(=O)O)c1)C(=O)N1CC[C@](O)(c2ccc(Cl)cc2)C(C)(C)C1,8.148741651280925
CHEMBL2398764,CHEMBL2413,C-C chemokine receptor type 1,IC50,=,6.8,nM,CHEMBL2399021,B,Binding affinity to human CCR1,CHEMBL2396549,P32246,C-C chemokine receptor type 1,IC50,CC(C)[C@@H](NC(=O)c1cccc(-c2ccccc2NC(N)=O)c1)C(=O)N1CCC(c2ccc(Cl)cc2)CC1,8.167491087293763
CHEMBL2398770,CHEMBL2413,C-C chemokine receptor type 1,IC50,=,6.6,nM,CHEMBL2399021,B,Binding affinity to human CCR1,CHEMBL2396549,P32246,C-C chemokine receptor type 1,IC50,CC(C)[C@@H](NC(=O)c1ccccc1Cl)C(=O)N1CC[C@](O)(c2ccc(Cl)cc2)C(C)(C)C1,8.18045606445813
CHEMBL2398727,CHEMBL2413,C-C chemokine receptor type 1,IC50,=,6.3,nM,CHEMBL2399021,B,Binding affinity to human CCR1,CHEMBL2396549,P32246,C-C chemokine receptor type 1,IC50,CC(C)[C@@H](NC(=O)[C@H]1CC[C@H](O)C1)C(=O)N1CC[C@](O)(c2ccc(Cl)cc2)C(C)(C)C1,8.200659450546418
CHEMBL2398738,CHEMBL2413,C-C chemokine receptor type 1,IC50,=,5.8,nM,CHEMBL2399021,B,Binding affinity to human CCR1,CHEMBL2396549,P32246,C-C chemokine receptor type 1,IC50,CC(C)[C@@H](NC(=O)CCc1ccccc1)C(=O)N1CC[C@](O)(c2ccc(Cl)cc2)C(C)(C)C1,8.236572006437063
CHEMBL2398742,CHEMBL2413,C-C chemokine receptor type 1,IC50,=,4.6,nM,CHEMBL2399021,B,Binding affinity to human CCR1,CHEMBL2396549,P32246,C-C chemokine receptor type 1,IC50,CC(C)C(=O)N[C@@H](C(=O)N1CC[C@](O)(c2ccc(Cl)cc2)C(C)(C)C1)C(C)C,8.337242168318426
CHEMBL2398741,CHEMBL2413,C-C chemokine receptor type 1,IC50,=,4.5,nM,CHEMBL2399021,B,Binding affinity to human CCR1,CHEMBL2396549,P32246,C-C chemokine receptor type 1,IC50,CCC(=O)N[C@@H](C(=O)N1CC[C@](O)(c2ccc(Cl)cc2)C(C)(C)C1)C(C)C,8.346787486224656
CHEMBL2398735,CHEMBL2413,C-C chemokine receptor type 1,IC50,=,4.3,nM,CHEMBL2399021,B,Binding affinity to human CCR1,CHEMBL2396549,P32246,C-C chemokine receptor type 1,IC50,CC(C)[C@@H](NC(=O)c1cccnc1)C(=O)N1CC[C@](O)(c2ccc(Cl)cc2)C(C)(C)C1,8.366531544420413
CHEMBL2398758,CHEMBL2413,C-C chemokine receptor type 1,IC50,=,4.1,nM,CHEMBL2399021,B,Binding affinity to human CCR1,CHEMBL2396549,P32246,C-C chemokine receptor type 1,IC50,CC(C)[C@@H](NC(=O)C1CCCC1)C(=O)N1CCN(c2ccc(Cl)cc2)C(C)(C)C1,8.387216143280265
CHEMBL2398737,CHEMBL2413,C-C chemokine receptor type 1,IC50,=,4.1,nM,CHEMBL2399021,B,Binding affinity to human CCR1,CHEMBL2396549,P32246,C-C chemokine receptor type 1,IC50,CC(C)[C@@H](NC(=O)Cc1ccccc1)C(=O)N1CC[C@](O)(c2ccc(Cl)cc2)C(C)(C)C1,8.387216143280265
CHEMBL2398757,CHEMBL2413,C-C chemokine receptor type 1,IC50,=,3.7,nM,CHEMBL2399021,B,Binding affinity to human CCR1,CHEMBL2396549,P32246,C-C chemokine receptor type 1,IC50,CC(C)[C@@H](NC(=O)c1cccnc1)C(=O)N1CC[C@H](c2ccc(Cl)cc2)C(C)(C)C1,8.431798275933005
CHEMBL2398765,CHEMBL2413,C-C chemokine receptor type 1,IC50,=,3.4,nM,CHEMBL2399021,B,Binding affinity to human CCR1,CHEMBL2396549,P32246,C-C chemokine receptor type 1,IC50,CC(C)[C@@H](NC(=O)c1cccc(-c2ccccc2NC(N)=O)c1)C(=O)N1CC[C@](O)(c2ccc(Cl)cc2)C(C)(C)C1,8.468521082957745
CHEMBL2398730,CHEMBL2413,C-C chemokine receptor type 1,IC50,=,3.3,nM,CHEMBL2399021,B,Binding affinity to human CCR1,CHEMBL2396549,P32246,C-C chemokine receptor type 1,IC50,CC(C)[C@@H](NC(=O)c1ccc(Cl)cc1)C(=O)N1CC[C@](O)(c2ccc(Cl)cc2)C(C)(C)C1,8.481486060122112
CHEMBL2398745,CHEMBL2413,C-C chemokine receptor type 1,IC50,=,3.0,nM,CHEMBL2399021,B,Binding affinity to human CCR1,CHEMBL2396549,P32246,C-C chemokine receptor type 1,IC50,CC(C)[C@@H](NC(=O)C1CC1)C(=O)N1CC[C@](O)(c2ccc(Cl)cc2)C(C)(C)C1,8.522878745280337
CHEMBL2398767,CHEMBL2413,C-C chemokine receptor type 1,IC50,=,3.0,nM,CHEMBL2399021,B,Binding affinity to human CCR1,CHEMBL2396549,P32246,C-C chemokine receptor type 1,IC50,CC(C)[C@@H](NC(=O)c1cccc(S(N)(=O)=O)c1)C(=O)N1CC[C@](O)(c2ccc(Cl)cc2)C(C)(C)C1,8.522878745280337
CHEMBL2398743,CHEMBL2413,C-C chemokine receptor type 1,IC50,=,2.9,nM,CHEMBL2399021,B,Binding affinity to human CCR1,CHEMBL2396549,P32246,C-C chemokine receptor type 1,IC50,CC(C)CC(=O)N[C@@H](C(=O)N1CC[C@](O)(c2ccc(Cl)cc2)C(C)(C)C1)C(C)C,8.537602002101044
CHEMBL2398763,CHEMBL2413,C-C chemokine receptor type 1,IC50,=,2.9,nM,CHEMBL2399021,B,Binding affinity to human CCR1,CHEMBL2396549,P32246,C-C chemokine receptor type 1,IC50,CC(C)[C@@H](NC(=O)c1ccc(F)c(O)c1)C(=O)N1CC[C@](O)(c2ccc(Cl)cc2)C(C)(C)C1,8.537602002101044
CHEMBL2398749,CHEMBL2413,C-C chemokine receptor type 1,IC50,=,2.6,nM,CHEMBL2399021,B,Binding affinity to human CCR1,CHEMBL2396549,P32246,C-C chemokine receptor type 1,IC50,CC(C)[C@@H](NC(=O)CC12CC3CC(CC(C3)C1)C2)C(=O)N1CC[C@](O)(c2ccc(Cl)cc2)C(C)(C)C1,8.585026652029182
CHEMBL2398722,CHEMBL2413,C-C chemokine receptor type 1,IC50,=,2.3,nM,CHEMBL2399021,B,Binding affinity to human CCR1,CHEMBL2396549,P32246,C-C chemokine receptor type 1,IC50,CC(C)[C@@H](NC(=O)[C@@H]1CCC[C@@H]1O)C(=O)N1CC[C@](O)(c2ccc(Cl)cc2)C(C)(C)C1,8.638272163982407
CHEMBL2398750,CHEMBL2413,C-C chemokine receptor type 1,IC50,=,2.3,nM,CHEMBL2399021,B,Binding affinity to human CCR1,CHEMBL2396549,P32246,C-C chemokine receptor type 1,IC50,CC(C)[C@@H](NC(=O)C1CCCC1(O)CCN1CCOCC1)C(=O)N1CC[C@](O)(c2ccc(Cl)cc2)C(C)(C)C1,8.638272163982407
CHEMBL2398724,CHEMBL2413,C-C chemokine receptor type 1,IC50,=,2.2,nM,CHEMBL2399021,B,Binding affinity to human CCR1,CHEMBL2396549,P32246,C-C chemokine receptor type 1,IC50,CC(C)[C@@H](NC(=O)[C@@H]1CCC[C@@H]1N)C(=O)N1CC[C@](O)(c2ccc(Cl)cc2)C(C)(C)C1,8.657577319177793
CHEMBL2398748,CHEMBL2413,C-C chemokine receptor type 1,IC50,=,2.2,nM,CHEMBL2399021,B,Binding affinity to human CCR1,CHEMBL2396549,P32246,C-C chemokine receptor type 1,IC50,CC(C)[C@@H](NC(=O)C1CCCCC1)C(=O)N1CC[C@](O)(c2ccc(Cl)cc2)C(C)(C)C1,8.657577319177793
CHEMBL2398746,CHEMBL2413,C-C chemokine receptor type 1,IC50,=,1.8,nM,CHEMBL2399021,B,Binding affinity to human CCR1,CHEMBL2396549,P32246,C-C chemokine receptor type 1,IC50,CC(C)[C@@H](NC(=O)C1CCC1)C(=O)N1CC[C@](O)(c2ccc(Cl)cc2)C(C)(C)C1,8.744727494896694
CHEMBL2398744,CHEMBL2413,C-C chemokine receptor type 1,IC50,=,1.7,nM,CHEMBL2399021,B,Binding affinity to human CCR1,CHEMBL2396549,P32246,C-C chemokine receptor type 1,IC50,CC(C)CCC(=O)N[C@@H](C(=O)N1CC[C@](O)(c2ccc(Cl)cc2)C(C)(C)C1)C(C)C,8.769551078621726
CHEMBL2398739,CHEMBL2413,C-C chemokine receptor type 1,IC50,=,1.7,nM,CHEMBL2399021,B,Binding affinity to human CCR1,CHEMBL2396549,P32246,C-C chemokine receptor type 1,IC50,CC(C)[C@@H](NC(=O)CCCc1ccccc1)C(=O)N1CC[C@](O)(c2ccc(Cl)cc2)C(C)(C)C1,8.769551078621726
CHEMBL2398728,CHEMBL2413,C-C chemokine receptor type 1,IC50,=,1.6,nM,CHEMBL2399021,B,Binding affinity to human CCR1,CHEMBL2396549,P32246,C-C chemokine receptor type 1,IC50,CC(C)[C@@H](NC(=O)[C@H]1CC[C@@H](O)C1)C(=O)N1CC[C@](O)(c2ccc(Cl)cc2)C(C)(C)C1,8.795880017344075
CHEMBL2398747,CHEMBL2413,C-C chemokine receptor type 1,IC50,=,1.4,nM,CHEMBL2399021,B,Binding affinity to human CCR1,CHEMBL2396549,P32246,C-C chemokine receptor type 1,IC50,CC(C)[C@@H](NC(=O)C1CCCC1)C(=O)N1CC[C@](O)(c2ccc(Cl)cc2)C(C)(C)C1,8.853871964321762
CHEMBL2398769,CHEMBL2413,C-C chemokine receptor type 1,IC50,=,1.2,nM,CHEMBL2399021,B,Binding affinity to human CCR1,CHEMBL2396549,P32246,C-C chemokine receptor type 1,IC50,CC(C)[C@@H](NC(=O)Cc1ccncc1)C(=O)N1CC[C@](O)(c2ccc(Cl)cc2)C(C)(C)C1,8.920818753952375
CHEMBL2398729,CHEMBL2413,C-C chemokine receptor type 1,IC50,=,0.8,nM,CHEMBL2399021,B,Binding affinity to human CCR1,CHEMBL2396549,P32246,C-C chemokine receptor type 1,IC50,CC(C)[C@@H](NC(=O)[C@@H]1CC[C@H](O)C1)C(=O)N1CC[C@](O)(c2ccc(Cl)cc2)C(C)(C)C1,9.096910013008056
CHEMBL2398726,CHEMBL2413,C-C chemokine receptor type 1,IC50,=,0.8,nM,CHEMBL2399021,B,Binding affinity to human CCR1,CHEMBL2396549,P32246,C-C chemokine receptor type 1,IC50,CC(C)[C@@H](NC(=O)[C@@H]1CC[C@@H](O)C1)C(=O)N1CC[C@](O)(c2ccc(Cl)cc2)C(C)(C)C1,9.096910013008056
CHEMBL2398726,CHEMBL2413,C-C chemokine receptor type 1,IC50,=,2.7,nM,CHEMBL2398866,B,Antagonist activity at human CCR1 assessed as inhibition of MPIF-1-induced chemotaxis,CHEMBL2396549,P32246,C-C chemokine receptor type 1,IC50,CC(C)[C@@H](NC(=O)[C@@H]1CC[C@@H](O)C1)C(=O)N1CC[C@](O)(c2ccc(Cl)cc2)C(C)(C)C1,8.568636235841012
CHEMBL3099950,CHEMBL2413,C-C chemokine receptor type 1,IC50,=,5.6,nM,CHEMBL3102090,B,Displacement of [125I]MIP-1alpha from human recombinant CCR1 expressed in HEK293 cell membranes after 1.5 hrs by microbeta counting analysis,CHEMBL3098005,P32246,C-C chemokine receptor type 1,IC50,NC(=O)Nc1ccc(F)cc1OC[C@@H](O)CN1CCC2(CC1)Cc1cc(Cl)ccc1O2,8.2518119729938
CHEMBL3099949,CHEMBL2413,C-C chemokine receptor type 1,IC50,=,6.7,nM,CHEMBL3102090,B,Displacement of [125I]MIP-1alpha from human recombinant CCR1 expressed in HEK293 cell membranes after 1.5 hrs by microbeta counting analysis,CHEMBL3098005,P32246,C-C chemokine receptor type 1,IC50,NC(=O)Nc1ccccc1OC[C@@H](O)CN1CCC2(CC1)Cc1cc(Cl)ccc1O2,8.173925197299173
CHEMBL3099948,CHEMBL2413,C-C chemokine receptor type 1,IC50,=,3.2,nM,CHEMBL3102090,B,Displacement of [125I]MIP-1alpha from human recombinant CCR1 expressed in HEK293 cell membranes after 1.5 hrs by microbeta counting analysis,CHEMBL3098005,P32246,C-C chemokine receptor type 1,IC50,NC(=O)Nc1ccc(O)cc1OC[C@@H](O)CN1CCC2(CC1)Cc1cc(Cl)ccc1O2,8.494850021680094
CHEMBL3099947,CHEMBL2413,C-C chemokine receptor type 1,IC50,=,0.63,nM,CHEMBL3102090,B,Displacement of [125I]MIP-1alpha from human recombinant CCR1 expressed in HEK293 cell membranes after 1.5 hrs by microbeta counting analysis,CHEMBL3098005,P32246,C-C chemokine receptor type 1,IC50,O=C(Nc1ccc(O)cc1OC[C@@H](O)CN1CCC2(CC1)Cc1cc(F)ccc1O2)NC1CC1,9.200659450546418
CHEMBL3099946,CHEMBL2413,C-C chemokine receptor type 1,IC50,=,2.2,nM,CHEMBL3102090,B,Displacement of [125I]MIP-1alpha from human recombinant CCR1 expressed in HEK293 cell membranes after 1.5 hrs by microbeta counting analysis,CHEMBL3098005,P32246,C-C chemokine receptor type 1,IC50,COc1ccc(NC(=O)NC2CC2)c(OC[C@@H](O)CN2CCC3(CC2)Cc2cc(F)ccc2O3)c1,8.657577319177793
CHEMBL3099945,CHEMBL2413,C-C chemokine receptor type 1,IC50,=,0.89,nM,CHEMBL3102090,B,Displacement of [125I]MIP-1alpha from human recombinant CCR1 expressed in HEK293 cell membranes after 1.5 hrs by microbeta counting analysis,CHEMBL3098005,P32246,C-C chemokine receptor type 1,IC50,O=C(Nc1ccc(O)cc1OC[C@@H](O)CN1CCC2(CC1)Cc1cc(Cl)ccc1O2)NC1CC1,9.050609993355087
CHEMBL3099944,CHEMBL2413,C-C chemokine receptor type 1,IC50,=,1.8,nM,CHEMBL3102090,B,Displacement of [125I]MIP-1alpha from human recombinant CCR1 expressed in HEK293 cell membranes after 1.5 hrs by microbeta counting analysis,CHEMBL3098005,P32246,C-C chemokine receptor type 1,IC50,COc1ccc(NC(=O)NC2CC2)c(OC[C@@H](O)CN2CCC3(CC2)Cc2cc(Cl)ccc2O3)c1,8.744727494896694
CHEMBL3099943,CHEMBL2413,C-C chemokine receptor type 1,IC50,=,1.8,nM,CHEMBL3102090,B,Displacement of [125I]MIP-1alpha from human recombinant CCR1 expressed in HEK293 cell membranes after 1.5 hrs by microbeta counting analysis,CHEMBL3098005,P32246,C-C chemokine receptor type 1,IC50,O=C(Nc1cc(Cl)c(O)cc1OC[C@@H](O)CN1CCC2(CC1)Cc1cc(Cl)ccc1O2)NC1CC1,8.744727494896694
CHEMBL3099942,CHEMBL2413,C-C chemokine receptor type 1,IC50,=,1.3,nM,CHEMBL3102090,B,Displacement of [125I]MIP-1alpha from human recombinant CCR1 expressed in HEK293 cell membranes after 1.5 hrs by microbeta counting analysis,CHEMBL3098005,P32246,C-C chemokine receptor type 1,IC50,CNC(=O)Nc1ccc(O)cc1OC[C@@H](O)CN1CCC2(CC1)Cc1cc(Cl)ccc1O2,8.886056647693163
CHEMBL3099941,CHEMBL2413,C-C chemokine receptor type 1,IC50,=,4.5,nM,CHEMBL3102090,B,Displacement of [125I]MIP-1alpha from human recombinant CCR1 expressed in HEK293 cell membranes after 1.5 hrs by microbeta counting analysis,CHEMBL3098005,P32246,C-C chemokine receptor type 1,IC50,CNC(=O)Nc1ccc(OC)cc1OC[C@@H](O)CN1CCC2(CC1)Cc1cc(Cl)ccc1O2,8.346787486224656
CHEMBL3099940,CHEMBL2413,C-C chemokine receptor type 1,IC50,=,1.4,nM,CHEMBL3102090,B,Displacement of [125I]MIP-1alpha from human recombinant CCR1 expressed in HEK293 cell membranes after 1.5 hrs by microbeta counting analysis,CHEMBL3098005,P32246,C-C chemokine receptor type 1,IC50,O=C(Nc1ccccc1OC[C@@H](O)CN1CCC2(CC1)Cc1cc(Cl)ccc1O2)N1CCCC1,8.853871964321762
CHEMBL3099961,CHEMBL2413,C-C chemokine receptor type 1,IC50,=,3.2,nM,CHEMBL3102090,B,Displacement of [125I]MIP-1alpha from human recombinant CCR1 expressed in HEK293 cell membranes after 1.5 hrs by microbeta counting analysis,CHEMBL3098005,P32246,C-C chemokine receptor type 1,IC50,CNC(=O)Nc1ccc(O)cc1OC[C@@H](O)CN1CCC2(CC1)Cc1cc(F)ccc1O2,8.494850021680094
CHEMBL3099960,CHEMBL2413,C-C chemokine receptor type 1,IC50,=,13.0,nM,CHEMBL3102090,B,Displacement of [125I]MIP-1alpha from human recombinant CCR1 expressed in HEK293 cell membranes after 1.5 hrs by microbeta counting analysis,CHEMBL3098005,P32246,C-C chemokine receptor type 1,IC50,CNC(=O)Nc1ccc(OC)cc1OC[C@@H](O)CN1CCC2(CC1)Cc1cc(F)ccc1O2,7.886056647693163
CHEMBL3099959,CHEMBL2413,C-C chemokine receptor type 1,IC50,=,560.0,nM,CHEMBL3102090,B,Displacement of [125I]MIP-1alpha from human recombinant CCR1 expressed in HEK293 cell membranes after 1.5 hrs by microbeta counting analysis,CHEMBL3098005,P32246,C-C chemokine receptor type 1,IC50,N[C@H](COc1cccc2ccc(=O)[nH]c12)CN1CCC2(CC1)Cc1cc(F)ccc1O2,6.251811972993799
CHEMBL3099958,CHEMBL2413,C-C chemokine receptor type 1,IC50,=,79.0,nM,CHEMBL3102090,B,Displacement of [125I]MIP-1alpha from human recombinant CCR1 expressed in HEK293 cell membranes after 1.5 hrs by microbeta counting analysis,CHEMBL3098005,P32246,C-C chemokine receptor type 1,IC50,N[C@H](COc1cccc2c1NC(=O)CO2)CN1CCC2(CC1)Cc1cc(F)ccc1O2,7.102372908709558
CHEMBL3099957,CHEMBL2413,C-C chemokine receptor type 1,IC50,=,1300.0,nM,CHEMBL3102090,B,Displacement of [125I]MIP-1alpha from human recombinant CCR1 expressed in HEK293 cell membranes after 1.5 hrs by microbeta counting analysis,CHEMBL3098005,P32246,C-C chemokine receptor type 1,IC50,Cc1nc2c(OC[C@@H](O)CN3CCC4(CC3)Cc3cc(Cl)ccc3O4)cccc2s1,5.886056647693163
CHEMBL3099956,CHEMBL2413,C-C chemokine receptor type 1,IC50,=,1300.0,nM,CHEMBL3102090,B,Displacement of [125I]MIP-1alpha from human recombinant CCR1 expressed in HEK293 cell membranes after 1.5 hrs by microbeta counting analysis,CHEMBL3098005,P32246,C-C chemokine receptor type 1,IC50,Nc1nc2c(OC[C@@H](O)CN3CCC4(CC3)Cc3cc(Cl)ccc3O4)cccc2s1,5.886056647693163
CHEMBL3099955,CHEMBL2413,C-C chemokine receptor type 1,IC50,=,160.0,nM,CHEMBL3102090,B,Displacement of [125I]MIP-1alpha from human recombinant CCR1 expressed in HEK293 cell membranes after 1.5 hrs by microbeta counting analysis,CHEMBL3098005,P32246,C-C chemokine receptor type 1,IC50,Cc1cc2c(OC[C@@H](O)CN3CCC4(CC3)Cc3cc(Cl)ccc3O4)cccc2o1,6.795880017344075
CHEMBL3099954,CHEMBL2413,C-C chemokine receptor type 1,IC50,=,560.0,nM,CHEMBL3102090,B,Displacement of [125I]MIP-1alpha from human recombinant CCR1 expressed in HEK293 cell membranes after 1.5 hrs by microbeta counting analysis,CHEMBL3098005,P32246,C-C chemokine receptor type 1,IC50,O=c1[nH]c(=O)c2cccc(OC[C@@H](O)CN3CCC4(CC3)Cc3cc(Cl)ccc3O4)c2[nH]1,6.251811972993799
CHEMBL3099953,CHEMBL2413,C-C chemokine receptor type 1,IC50,=,37.0,nM,CHEMBL3102090,B,Displacement of [125I]MIP-1alpha from human recombinant CCR1 expressed in HEK293 cell membranes after 1.5 hrs by microbeta counting analysis,CHEMBL3098005,P32246,C-C chemokine receptor type 1,IC50,O=c1ccc2cccc(OC[C@@H](O)CN3CCC4(CC3)Cc3cc(Cl)ccc3O4)c2[nH]1,7.431798275933005
CHEMBL3099952,CHEMBL2413,C-C chemokine receptor type 1,IC50,=,32.0,nM,CHEMBL3102090,B,Displacement of [125I]MIP-1alpha from human recombinant CCR1 expressed in HEK293 cell membranes after 1.5 hrs by microbeta counting analysis,CHEMBL3098005,P32246,C-C chemokine receptor type 1,IC50,O=C1CCc2cccc(OC[C@@H](O)CN3CCC4(CC3)Cc3cc(Cl)ccc3O4)c2N1,7.494850021680094
CHEMBL3099951,CHEMBL2413,C-C chemokine receptor type 1,IC50,=,7.1,nM,CHEMBL3102090,B,Displacement of [125I]MIP-1alpha from human recombinant CCR1 expressed in HEK293 cell membranes after 1.5 hrs by microbeta counting analysis,CHEMBL3098005,P32246,C-C chemokine receptor type 1,IC50,O=C1COc2cccc(OC[C@@H](O)CN3CCC4(CC3)Cc3cc(Cl)ccc3O4)c2N1,8.148741651280925
CHEMBL3334724,CHEMBL2413,C-C chemokine receptor type 1,IC50,=,20.0,nM,CHEMBL3366538,B,Displacement of [125I]MIP-1alpha from CCR1 in human THP1 cells,CHEMBL3351798,P32246,C-C chemokine receptor type 1,IC50,CC(C)[C@@H](NC(=O)Nc1ccccc1)C(=O)N1CC[C@](O)(c2ccc(Cl)cc2)C(C)(C)C1,7.698970004336019
CHEMBL3334725,CHEMBL2413,C-C chemokine receptor type 1,IC50,=,2.0,nM,CHEMBL3366538,B,Displacement of [125I]MIP-1alpha from CCR1 in human THP1 cells,CHEMBL3351798,P32246,C-C chemokine receptor type 1,IC50,CC(C)[C@@H](NC(=O)NC1CCCC1)C(=O)N1CC[C@](O)(c2ccc(Cl)cc2)C(C)(C)C1,8.698970004336019
CHEMBL3334726,CHEMBL2413,C-C chemokine receptor type 1,IC50,=,4.0,nM,CHEMBL3366538,B,Displacement of [125I]MIP-1alpha from CCR1 in human THP1 cells,CHEMBL3351798,P32246,C-C chemokine receptor type 1,IC50,CC(C)[C@@H](NC(=O)N[C@@H]1CC[C@@H](O)C1)C(=O)N1CC[C@](O)(c2ccc(Cl)cc2)C(C)(C)C1,8.397940008672037
CHEMBL3334727,CHEMBL2413,C-C chemokine receptor type 1,IC50,=,3.0,nM,CHEMBL3366538,B,Displacement of [125I]MIP-1alpha from CCR1 in human THP1 cells,CHEMBL3351798,P32246,C-C chemokine receptor type 1,IC50,CC(C)[C@@H](NC(=O)N[C@H]1CC[C@H](O)C1)C(=O)N1CC[C@](O)(c2ccc(Cl)cc2)C(C)(C)C1,8.522878745280337
CHEMBL3334728,CHEMBL2413,C-C chemokine receptor type 1,IC50,=,2.0,nM,CHEMBL3366538,B,Displacement of [125I]MIP-1alpha from CCR1 in human THP1 cells,CHEMBL3351798,P32246,C-C chemokine receptor type 1,IC50,CC(C)[C@@H](NC(=O)N[C@@H]1CC[C@H](O)C1)C(=O)N1CC[C@](O)(c2ccc(Cl)cc2)C(C)(C)C1,8.698970004336019
CHEMBL3334815,CHEMBL2413,C-C chemokine receptor type 1,IC50,=,3.0,nM,CHEMBL3366538,B,Displacement of [125I]MIP-1alpha from CCR1 in human THP1 cells,CHEMBL3351798,P32246,C-C chemokine receptor type 1,IC50,CC(C)[C@@H](NC(=O)N[C@H]1CC[C@@H](O)C1)C(=O)N1CC[C@](O)(c2ccc(Cl)cc2)C(C)(C)C1,8.522878745280337
CHEMBL3334816,CHEMBL2413,C-C chemokine receptor type 1,IC50,=,3.0,nM,CHEMBL3366538,B,Displacement of [125I]MIP-1alpha from CCR1 in human THP1 cells,CHEMBL3351798,P32246,C-C chemokine receptor type 1,IC50,CC[C@@H](C)NC(=O)N[C@@H](C(=O)N1CC[C@](O)(c2ccc(Cl)cc2)C(C)(C)C1)C(C)C,8.522878745280337
CHEMBL3334817,CHEMBL2413,C-C chemokine receptor type 1,IC50,=,2.0,nM,CHEMBL3366538,B,Displacement of [125I]MIP-1alpha from CCR1 in human THP1 cells,CHEMBL3351798,P32246,C-C chemokine receptor type 1,IC50,CC[C@H](C)NC(=O)N[C@@H](C(=O)N1CC[C@](O)(c2ccc(Cl)cc2)C(C)(C)C1)C(C)C,8.698970004336019
CHEMBL3334818,CHEMBL2413,C-C chemokine receptor type 1,IC50,=,1.0,nM,CHEMBL3366538,B,Displacement of [125I]MIP-1alpha from CCR1 in human THP1 cells,CHEMBL3351798,P32246,C-C chemokine receptor type 1,IC50,CC(C)[C@@H](NC(=O)NCc1ccccc1)C(=O)N1CC[C@](O)(c2ccc(Cl)cc2)C(C)(C)C1,9.0
CHEMBL3334819,CHEMBL2413,C-C chemokine receptor type 1,IC50,=,9.0,nM,CHEMBL3366538,B,Displacement of [125I]MIP-1alpha from CCR1 in human THP1 cells,CHEMBL3351798,P32246,C-C chemokine receptor type 1,IC50,CC(C)[C@@H](NC(=O)N1CCCC1)C(=O)N1CC[C@](O)(c2ccc(Cl)cc2)C(C)(C)C1,8.045757490560675
CHEMBL3334820,CHEMBL2413,C-C chemokine receptor type 1,IC50,=,11.0,nM,CHEMBL3366538,B,Displacement of [125I]MIP-1alpha from CCR1 in human THP1 cells,CHEMBL3351798,P32246,C-C chemokine receptor type 1,IC50,CC(C)[C@@H](NC(=O)C[C@H](C)O)C(=O)N1CC[C@](O)(c2ccc(Cl)cc2)C(C)(C)C1,7.958607314841775
CHEMBL3334821,CHEMBL2413,C-C chemokine receptor type 1,IC50,=,2.0,nM,CHEMBL3366538,B,Displacement of [125I]MIP-1alpha from CCR1 in human THP1 cells,CHEMBL3351798,P32246,C-C chemokine receptor type 1,IC50,CC(C)[C@@H](NC(=O)NC[C@H](C)O)C(=O)N1CC[C@](O)(c2ccc(Cl)cc2)C(C)(C)C1,8.698970004336019
CHEMBL3334822,CHEMBL2413,C-C chemokine receptor type 1,IC50,=,2.0,nM,CHEMBL3366538,B,Displacement of [125I]MIP-1alpha from CCR1 in human THP1 cells,CHEMBL3351798,P32246,C-C chemokine receptor type 1,IC50,CC(C)[C@@H](NC(=O)C[C@@H](C)O)C(=O)N1CC[C@](O)(c2ccc(Cl)cc2)C(C)(C)C1,8.698970004336019
CHEMBL3334823,CHEMBL2413,C-C chemokine receptor type 1,IC50,=,2.0,nM,CHEMBL3366538,B,Displacement of [125I]MIP-1alpha from CCR1 in human THP1 cells,CHEMBL3351798,P32246,C-C chemokine receptor type 1,IC50,CC(C)[C@@H](NC(=O)NC[C@@H](C)O)C(=O)N1CC[C@](O)(c2ccc(Cl)cc2)C(C)(C)C1,8.698970004336019
CHEMBL2398716,CHEMBL2413,C-C chemokine receptor type 1,IC50,=,3.0,nM,CHEMBL3366538,B,Displacement of [125I]MIP-1alpha from CCR1 in human THP1 cells,CHEMBL3351798,P32246,C-C chemokine receptor type 1,IC50,CC(C)[C@@H](NC(=O)CC(C)(C)O)C(=O)N1CC[C@](O)(c2ccc(Cl)cc2)C(C)(C)C1,8.522878745280337
CHEMBL3334824,CHEMBL2413,C-C chemokine receptor type 1,IC50,=,1.0,nM,CHEMBL3366538,B,Displacement of [125I]MIP-1alpha from CCR1 in human THP1 cells,CHEMBL3351798,P32246,C-C chemokine receptor type 1,IC50,CC(C)[C@@H](NC(=O)NCC(C)(C)O)C(=O)N1CC[C@](O)(c2ccc(Cl)cc2)C(C)(C)C1,9.0
CHEMBL3334825,CHEMBL2413,C-C chemokine receptor type 1,IC50,=,2.0,nM,CHEMBL3366538,B,Displacement of [125I]MIP-1alpha from CCR1 in human THP1 cells,CHEMBL3351798,P32246,C-C chemokine receptor type 1,IC50,CC(C)[C@@H](NC(=O)CCC(C)(C)O)C(=O)N1CC[C@](O)(c2ccc(Cl)cc2)C(C)(C)C1,8.698970004336019
CHEMBL3334725,CHEMBL2413,C-C chemokine receptor type 1,IC50,=,3.0,nM,CHEMBL3366539,B,Antagonist activity at CCR1 receptor in human THP1 cells assessed as inhibition of MIP-1alpha induced chemotaxis after 60 mins,CHEMBL3351798,P32246,C-C chemokine receptor type 1,IC50,CC(C)[C@@H](NC(=O)NC1CCCC1)C(=O)N1CC[C@](O)(c2ccc(Cl)cc2)C(C)(C)C1,8.522878745280337
CHEMBL3334726,CHEMBL2413,C-C chemokine receptor type 1,IC50,=,19.0,nM,CHEMBL3366539,B,Antagonist activity at CCR1 receptor in human THP1 cells assessed as inhibition of MIP-1alpha induced chemotaxis after 60 mins,CHEMBL3351798,P32246,C-C chemokine receptor type 1,IC50,CC(C)[C@@H](NC(=O)N[C@@H]1CC[C@@H](O)C1)C(=O)N1CC[C@](O)(c2ccc(Cl)cc2)C(C)(C)C1,7.721246399047171
CHEMBL3334727,CHEMBL2413,C-C chemokine receptor type 1,IC50,=,10.0,nM,CHEMBL3366539,B,Antagonist activity at CCR1 receptor in human THP1 cells assessed as inhibition of MIP-1alpha induced chemotaxis after 60 mins,CHEMBL3351798,P32246,C-C chemokine receptor type 1,IC50,CC(C)[C@@H](NC(=O)N[C@H]1CC[C@H](O)C1)C(=O)N1CC[C@](O)(c2ccc(Cl)cc2)C(C)(C)C1,8.0
CHEMBL3334728,CHEMBL2413,C-C chemokine receptor type 1,IC50,=,4.0,nM,CHEMBL3366539,B,Antagonist activity at CCR1 receptor in human THP1 cells assessed as inhibition of MIP-1alpha induced chemotaxis after 60 mins,CHEMBL3351798,P32246,C-C chemokine receptor type 1,IC50,CC(C)[C@@H](NC(=O)N[C@@H]1CC[C@H](O)C1)C(=O)N1CC[C@](O)(c2ccc(Cl)cc2)C(C)(C)C1,8.397940008672037
CHEMBL3334815,CHEMBL2413,C-C chemokine receptor type 1,IC50,=,6.0,nM,CHEMBL3366539,B,Antagonist activity at CCR1 receptor in human THP1 cells assessed as inhibition of MIP-1alpha induced chemotaxis after 60 mins,CHEMBL3351798,P32246,C-C chemokine receptor type 1,IC50,CC(C)[C@@H](NC(=O)N[C@H]1CC[C@@H](O)C1)C(=O)N1CC[C@](O)(c2ccc(Cl)cc2)C(C)(C)C1,8.221848749616356
CHEMBL3334816,CHEMBL2413,C-C chemokine receptor type 1,IC50,=,6.0,nM,CHEMBL3366539,B,Antagonist activity at CCR1 receptor in human THP1 cells assessed as inhibition of MIP-1alpha induced chemotaxis after 60 mins,CHEMBL3351798,P32246,C-C chemokine receptor type 1,IC50,CC[C@@H](C)NC(=O)N[C@@H](C(=O)N1CC[C@](O)(c2ccc(Cl)cc2)C(C)(C)C1)C(C)C,8.221848749616356
CHEMBL3334817,CHEMBL2413,C-C chemokine receptor type 1,IC50,=,2.0,nM,CHEMBL3366539,B,Antagonist activity at CCR1 receptor in human THP1 cells assessed as inhibition of MIP-1alpha induced chemotaxis after 60 mins,CHEMBL3351798,P32246,C-C chemokine receptor type 1,IC50,CC[C@H](C)NC(=O)N[C@@H](C(=O)N1CC[C@](O)(c2ccc(Cl)cc2)C(C)(C)C1)C(C)C,8.698970004336019
CHEMBL3334821,CHEMBL2413,C-C chemokine receptor type 1,IC50,=,7.0,nM,CHEMBL3366539,B,Antagonist activity at CCR1 receptor in human THP1 cells assessed as inhibition of MIP-1alpha induced chemotaxis after 60 mins,CHEMBL3351798,P32246,C-C chemokine receptor type 1,IC50,CC(C)[C@@H](NC(=O)NC[C@H](C)O)C(=O)N1CC[C@](O)(c2ccc(Cl)cc2)C(C)(C)C1,8.154901959985743
CHEMBL3334823,CHEMBL2413,C-C chemokine receptor type 1,IC50,=,6.0,nM,CHEMBL3366539,B,Antagonist activity at CCR1 receptor in human THP1 cells assessed as inhibition of MIP-1alpha induced chemotaxis after 60 mins,CHEMBL3351798,P32246,C-C chemokine receptor type 1,IC50,CC(C)[C@@H](NC(=O)NC[C@@H](C)O)C(=O)N1CC[C@](O)(c2ccc(Cl)cc2)C(C)(C)C1,8.221848749616356
CHEMBL3334824,CHEMBL2413,C-C chemokine receptor type 1,IC50,=,6.0,nM,CHEMBL3366539,B,Antagonist activity at CCR1 receptor in human THP1 cells assessed as inhibition of MIP-1alpha induced chemotaxis after 60 mins,CHEMBL3351798,P32246,C-C chemokine receptor type 1,IC50,CC(C)[C@@H](NC(=O)NCC(C)(C)O)C(=O)N1CC[C@](O)(c2ccc(Cl)cc2)C(C)(C)C1,8.221848749616356
CHEMBL3334825,CHEMBL2413,C-C chemokine receptor type 1,IC50,=,22.0,nM,CHEMBL3366539,B,Antagonist activity at CCR1 receptor in human THP1 cells assessed as inhibition of MIP-1alpha induced chemotaxis after 60 mins,CHEMBL3351798,P32246,C-C chemokine receptor type 1,IC50,CC(C)[C@@H](NC(=O)CCC(C)(C)O)C(=O)N1CC[C@](O)(c2ccc(Cl)cc2)C(C)(C)C1,7.657577319177793
CHEMBL3334824,CHEMBL2413,C-C chemokine receptor type 1,IC50,=,4.2,nM,CHEMBL3366544,B,Displacement of [125I]hMIP-1alpha from CCR1 in human PBMC,CHEMBL3351798,P32246,C-C chemokine receptor type 1,IC50,CC(C)[C@@H](NC(=O)NCC(C)(C)O)C(=O)N1CC[C@](O)(c2ccc(Cl)cc2)C(C)(C)C1,8.3767507096021
CHEMBL3334824,CHEMBL2413,C-C chemokine receptor type 1,IC50,=,5.5,nM,CHEMBL3366552,B,Antagonist activity at CCR1 receptor in human THP1 cells assessed as inhibition of MIP-1alpha-induced chemotaxis after 60 mins,CHEMBL3351798,P32246,C-C chemokine receptor type 1,IC50,CC(C)[C@@H](NC(=O)NCC(C)(C)O)C(=O)N1CC[C@](O)(c2ccc(Cl)cc2)C(C)(C)C1,8.259637310505756
CHEMBL3334824,CHEMBL2413,C-C chemokine receptor type 1,IC50,=,3.3,nM,CHEMBL3366553,B,Antagonist activity at CCR1 receptor in human THP1 cells assessed as inhibition of RANTES-induced chemotaxis after 60 mins,CHEMBL3351798,P32246,C-C chemokine receptor type 1,IC50,CC(C)[C@@H](NC(=O)NCC(C)(C)O)C(=O)N1CC[C@](O)(c2ccc(Cl)cc2)C(C)(C)C1,8.481486060122112
CHEMBL3334824,CHEMBL2413,C-C chemokine receptor type 1,IC50,=,9.3,nM,CHEMBL3366554,B,Antagonist activity at CCR1 receptor in human THP1 cells assessed as inhibition of MCP3-induced chemotaxis after 60 mins,CHEMBL3351798,P32246,C-C chemokine receptor type 1,IC50,CC(C)[C@@H](NC(=O)NCC(C)(C)O)C(=O)N1CC[C@](O)(c2ccc(Cl)cc2)C(C)(C)C1,8.031517051446064
CHEMBL3334824,CHEMBL2413,C-C chemokine receptor type 1,IC50,=,7.5,nM,CHEMBL3366555,B,Antagonist activity at CCR1 receptor in human THP1 cells assessed as inhibition of HCC1-induced chemotaxis after 60 mins,CHEMBL3351798,P32246,C-C chemokine receptor type 1,IC50,CC(C)[C@@H](NC(=O)NCC(C)(C)O)C(=O)N1CC[C@](O)(c2ccc(Cl)cc2)C(C)(C)C1,8.1249387366083
CHEMBL3334824,CHEMBL2413,C-C chemokine receptor type 1,IC50,=,16.2,nM,CHEMBL3366556,B,Antagonist activity at CCR1 receptor in human THP1 cells assessed as inhibition of LKN1-induced chemotaxis after 60 mins,CHEMBL3351798,P32246,C-C chemokine receptor type 1,IC50,CC(C)[C@@H](NC(=O)NCC(C)(C)O)C(=O)N1CC[C@](O)(c2ccc(Cl)cc2)C(C)(C)C1,7.790484985457369
CHEMBL3334824,CHEMBL2413,C-C chemokine receptor type 1,IC50,=,3.2,nM,CHEMBL3366557,B,Antagonist activity at CCR1 receptor in human THP1 cells assessed as inhibition of HCC4-induced chemotaxis after 60 mins,CHEMBL3351798,P32246,C-C chemokine receptor type 1,IC50,CC(C)[C@@H](NC(=O)NCC(C)(C)O)C(=O)N1CC[C@](O)(c2ccc(Cl)cc2)C(C)(C)C1,8.494850021680094
CHEMBL3334824,CHEMBL2413,C-C chemokine receptor type 1,IC50,=,14.3,nM,CHEMBL3366558,B,Antagonist activity at CCR1 receptor in human THP1 cells assessed as inhibition of MPIF1-induced chemotaxis after 60 mins,CHEMBL3351798,P32246,C-C chemokine receptor type 1,IC50,CC(C)[C@@H](NC(=O)NCC(C)(C)O)C(=O)N1CC[C@](O)(c2ccc(Cl)cc2)C(C)(C)C1,7.844663962534938
CHEMBL3334824,CHEMBL2413,C-C chemokine receptor type 1,IC50,=,25.0,nM,CHEMBL3366559,B,Antagonist activity at CCR1 receptor in human whole blood assessed as blocked of MIP-1alpha-mediated CD11b upregulation preincubated for 1 hr,CHEMBL3351798,P32246,C-C chemokine receptor type 1,IC50,CC(C)[C@@H](NC(=O)NCC(C)(C)O)C(=O)N1CC[C@](O)(c2ccc(Cl)cc2)C(C)(C)C1,7.6020599913279625
CHEMBL3334824,CHEMBL2413,C-C chemokine receptor type 1,IC50,=,42.0,nM,CHEMBL3366560,B,Antagonist activity at CCR1 receptor in human whole blood assessed as blocked of LKN1-mediated CD11b upregulation preincubated for 1 hr,CHEMBL3351798,P32246,C-C chemokine receptor type 1,IC50,CC(C)[C@@H](NC(=O)NCC(C)(C)O)C(=O)N1CC[C@](O)(c2ccc(Cl)cc2)C(C)(C)C1,7.376750709602099
CHEMBL3679637,CHEMBL2413,C-C chemokine receptor type 1,IC50,=,2.1,nM,CHEMBL3705351,B,Scintillation Proximity Assay (SPA): CCR1 ligand binding using scintillation proximity assay (SPA).,CHEMBL3638620,P32246,C-C chemokine receptor type 1,IC50,CC1(C)CN(C(=O)[C@H]2CCCC[C@H]2NC(=O)c2ccccc2)CC[C@]1(O)c1ccc(Cl)cc1,8.67778070526608
CHEMBL3679638,CHEMBL2413,C-C chemokine receptor type 1,IC50,=,12.1,nM,CHEMBL3705351,B,Scintillation Proximity Assay (SPA): CCR1 ligand binding using scintillation proximity assay (SPA).,CHEMBL3638620,P32246,C-C chemokine receptor type 1,IC50,CC(C)(C)OC(=O)N[C@@H]1CCC[C@@H]1C(=O)N1CC[C@](O)(c2ccc(Cl)cc2)C(C)(C)C1,7.91721462968355
CHEMBL3679639,CHEMBL2413,C-C chemokine receptor type 1,IC50,=,11.5,nM,CHEMBL3705351,B,Scintillation Proximity Assay (SPA): CCR1 ligand binding using scintillation proximity assay (SPA).,CHEMBL3638620,P32246,C-C chemokine receptor type 1,IC50,CC1(C)CN(C(=O)[C@H]2CCC[C@H]2NC(=O)Nc2ccccc2)CC[C@]1(O)c1ccc(Cl)cc1,7.939302159646388
CHEMBL3679640,CHEMBL2413,C-C chemokine receptor type 1,IC50,=,1065.0,nM,CHEMBL3705351,B,Scintillation Proximity Assay (SPA): CCR1 ligand binding using scintillation proximity assay (SPA).,CHEMBL3638620,P32246,C-C chemokine receptor type 1,IC50,CC1(C)CN(C(=O)[C@H]2CC3(CC[C@H]2NC(=O)c2ccccc2)OCCO3)CC[C@]1(O)c1ccc(Cl)cc1,5.972650392225244
CHEMBL3679641,CHEMBL2413,C-C chemokine receptor type 1,IC50,=,17.2,nM,CHEMBL3705351,B,Scintillation Proximity Assay (SPA): CCR1 ligand binding using scintillation proximity assay (SPA).,CHEMBL3638620,P32246,C-C chemokine receptor type 1,IC50,CC1(C)CN(C(=O)[C@H]2CC(=O)CC[C@H]2NC(=O)c2ccccc2)CC[C@]1(O)c1ccc(Cl)cc1,7.764471553092451
CHEMBL3679642,CHEMBL2413,C-C chemokine receptor type 1,IC50,=,18.5,nM,CHEMBL3705351,B,Scintillation Proximity Assay (SPA): CCR1 ligand binding using scintillation proximity assay (SPA).,CHEMBL3638620,P32246,C-C chemokine receptor type 1,IC50,CC1(C)CN(C(=O)[C@H]2CCCC[C@H]2NC(=O)Nc2ccccc2)CC[C@]1(O)c1ccc(Cl)cc1,7.732828271596986
CHEMBL3679643,CHEMBL2413,C-C chemokine receptor type 1,IC50,=,996.7,nM,CHEMBL3705351,B,Scintillation Proximity Assay (SPA): CCR1 ligand binding using scintillation proximity assay (SPA).,CHEMBL3638620,P32246,C-C chemokine receptor type 1,IC50,COC(=O)N[C@@H]1CCCC[C@@H]1C(=O)N1CC[C@](O)(c2ccc(Cl)cc2)C(C)(C)C1,6.001435541739058
CHEMBL3679644,CHEMBL2413,C-C chemokine receptor type 1,IC50,=,18.7,nM,CHEMBL3705351,B,Scintillation Proximity Assay (SPA): CCR1 ligand binding using scintillation proximity assay (SPA).,CHEMBL3638620,P32246,C-C chemokine receptor type 1,IC50,CC1(C)CN(C(=O)[C@H]2CCCC[C@H]2NC(=O)c2cncnc2)CC[C@]1(O)c1ccc(Cl)cc1,7.7281583934635005
CHEMBL3679645,CHEMBL2413,C-C chemokine receptor type 1,IC50,=,931.8,nM,CHEMBL3705351,B,Scintillation Proximity Assay (SPA): CCR1 ligand binding using scintillation proximity assay (SPA).,CHEMBL3638620,P32246,C-C chemokine receptor type 1,IC50,CC1(C)CN(C(=O)[C@H]2CCCC[C@H]2NC(=O)CCN2CCCCC2)CC[C@]1(O)c1ccc(Cl)cc1,6.030677293887798
CHEMBL3679646,CHEMBL2413,C-C chemokine receptor type 1,IC50,=,15.7,nM,CHEMBL3705351,B,Scintillation Proximity Assay (SPA): CCR1 ligand binding using scintillation proximity assay (SPA).,CHEMBL3638620,P32246,C-C chemokine receptor type 1,IC50,CC1(C)CN(C(=O)[C@H]2CCCC[C@H]2NC(=O)CCc2ccccc2)CC[C@]1(O)c1ccc(Cl)cc1,7.804100347590766
CHEMBL3679647,CHEMBL2413,C-C chemokine receptor type 1,IC50,=,767.5,nM,CHEMBL3705351,B,Scintillation Proximity Assay (SPA): CCR1 ligand binding using scintillation proximity assay (SPA).,CHEMBL3638620,P32246,C-C chemokine receptor type 1,IC50,CC1(C)CN(C(=O)[C@H]2CCCC[C@H]2NC(=O)CO)CC[C@]1(O)c1ccc(Cl)cc1,6.1149216158507755
CHEMBL3679648,CHEMBL2413,C-C chemokine receptor type 1,IC50,=,857.8,nM,CHEMBL3705351,B,Scintillation Proximity Assay (SPA): CCR1 ligand binding using scintillation proximity assay (SPA).,CHEMBL3638620,P32246,C-C chemokine receptor type 1,IC50,CC1(C)CN(C(=O)[C@H]2CCCC[C@H]2NC(=O)[C@H](O)c2ccccc2)CC[C@]1(O)c1ccc(Cl)cc1,6.066613958096946
CHEMBL3679649,CHEMBL2413,C-C chemokine receptor type 1,IC50,=,580.6,nM,CHEMBL3705351,B,Scintillation Proximity Assay (SPA): CCR1 ligand binding using scintillation proximity assay (SPA).,CHEMBL3638620,P32246,C-C chemokine receptor type 1,IC50,CC1(C)CN(C(=O)[C@H]2CCCC[C@H]2NC(=O)[C@@H](O)c2ccccc2)CC[C@]1(O)c1ccc(Cl)cc1,6.236122968504345
CHEMBL3679650,CHEMBL2413,C-C chemokine receptor type 1,IC50,=,14.6,nM,CHEMBL3705351,B,Scintillation Proximity Assay (SPA): CCR1 ligand binding using scintillation proximity assay (SPA).,CHEMBL3638620,P32246,C-C chemokine receptor type 1,IC50,C[C@@H](O)CNC(=O)N[C@@H]1CCCC[C@@H]1C(=O)N1CC[C@](O)(c2ccc(Cl)cc2)C(C)(C)C1,7.835647144215563
CHEMBL3679651,CHEMBL2413,C-C chemokine receptor type 1,IC50,=,1.0,nM,CHEMBL3705351,B,Scintillation Proximity Assay (SPA): CCR1 ligand binding using scintillation proximity assay (SPA).,CHEMBL3638620,P32246,C-C chemokine receptor type 1,IC50,CC1(C)CN(C(=O)[C@H]2CCC[C@H]2NC(=O)c2cccc(S(N)(=O)=O)c2)CC[C@]1(O)c1ccc(Cl)cc1,9.0
CHEMBL3679652,CHEMBL2413,C-C chemokine receptor type 1,IC50,=,14.0,nM,CHEMBL3705351,B,Scintillation Proximity Assay (SPA): CCR1 ligand binding using scintillation proximity assay (SPA).,CHEMBL3638620,P32246,C-C chemokine receptor type 1,IC50,CC1(C)CN(C(=O)[C@H]2CCC[C@H]2NC(=O)[C@@H]2CC[C@H](O)C2)CC[C@]1(O)c1ccc(Cl)cc1,7.853871964321762
CHEMBL3679653,CHEMBL2413,C-C chemokine receptor type 1,IC50,=,1.5,nM,CHEMBL3705351,B,Scintillation Proximity Assay (SPA): CCR1 ligand binding using scintillation proximity assay (SPA).,CHEMBL3638620,P32246,C-C chemokine receptor type 1,IC50,CC1(C)CN(C(=O)[C@H]2CCC[C@H]2NC(=O)[C@H]2CC[C@@H](O)C2)CC[C@]1(O)c1ccc(Cl)cc1,8.823908740944319
CHEMBL3679654,CHEMBL2413,C-C chemokine receptor type 1,IC50,=,1.6,nM,CHEMBL3705351,B,Scintillation Proximity Assay (SPA): CCR1 ligand binding using scintillation proximity assay (SPA).,CHEMBL3638620,P32246,C-C chemokine receptor type 1,IC50,CC1(C)CN(C(=O)[C@H]2CCC[C@H]2NC(=O)c2cccc(C(=O)O)c2)CC[C@]1(O)c1ccc(Cl)cc1,8.795880017344075
CHEMBL3679655,CHEMBL2413,C-C chemokine receptor type 1,IC50,=,1.3,nM,CHEMBL3705351,B,Scintillation Proximity Assay (SPA): CCR1 ligand binding using scintillation proximity assay (SPA).,CHEMBL3638620,P32246,C-C chemokine receptor type 1,IC50,CC1(C)CN(C(=O)[C@H]2CCC[C@H]2NC(=O)C2CCCC2)CC[C@]1(O)c1ccc(Cl)cc1,8.886056647693163
CHEMBL3679656,CHEMBL2413,C-C chemokine receptor type 1,IC50,=,1.8,nM,CHEMBL3705351,B,Scintillation Proximity Assay (SPA): CCR1 ligand binding using scintillation proximity assay (SPA).,CHEMBL3638620,P32246,C-C chemokine receptor type 1,IC50,CC1(C)CN(C(=O)[C@H]2CCC[C@H]2NC(=O)c2cccc(C(N)=O)c2)CC[C@]1(O)c1ccc(Cl)cc1,8.744727494896694
CHEMBL3679657,CHEMBL2413,C-C chemokine receptor type 1,IC50,=,11.3,nM,CHEMBL3705351,B,Scintillation Proximity Assay (SPA): CCR1 ligand binding using scintillation proximity assay (SPA).,CHEMBL3638620,P32246,C-C chemokine receptor type 1,IC50,[C-]#[N+]c1ccc([C@@]2(O)CCN(C(=O)[C@H]3CCCC[C@H]3NC(=O)c3cccc(C(=O)O)c3)CC2(C)C)cc1,7.94692155651658
CHEMBL3679658,CHEMBL2413,C-C chemokine receptor type 1,IC50,=,818.0,nM,CHEMBL3705351,B,Scintillation Proximity Assay (SPA): CCR1 ligand binding using scintillation proximity assay (SPA).,CHEMBL3638620,P32246,C-C chemokine receptor type 1,IC50,CC1(C)CN(C(=O)[C@H]2CCCC[C@@]2(C)NC(=O)c2ccccc2)CC[C@]1(O)c1ccc(Cl)cc1,6.087246696328677
CHEMBL3679659,CHEMBL2413,C-C chemokine receptor type 1,IC50,=,0.7,nM,CHEMBL3705351,B,Scintillation Proximity Assay (SPA): CCR1 ligand binding using scintillation proximity assay (SPA).,CHEMBL3638620,P32246,C-C chemokine receptor type 1,IC50,C[C@H](NC(=O)N[C@@H]1CCCC[C@@H]1C(=O)N1CC[C@](O)(c2ccc(Cl)cc2)C(C)(C)C1)C(C)(C)O,9.154901959985743
CHEMBL4128926,CHEMBL2413,C-C chemokine receptor type 1,IC50,=,0.081,nM,CHEMBL4121481,B,Displacement of [125I]MIP-1alpha from human recombinant CCR1 receptor after 120 mins by scintillation counting analysis,CHEMBL4118122,P32246,C-C chemokine receptor type 1,IC50,CC(C)(C)NS(=O)(=O)c1ccc(-c2sc(C(=O)N[C@H]3C[C@H](C(=O)O)C3)nc2CC2CCCCC2)c2ccccc12,10.09151498112135
CHEMBL4441094,CHEMBL2413,C-C chemokine receptor type 1,IC50,=,28.0,nM,CHEMBL4332214,B,Antagonist activity at CCR1 in human THP1 cells assessed as inhibition of chemotaxis after 30 mins by Celltiter-glo reagent based luminescence assay,CHEMBL4330105,P32246,C-C chemokine receptor type 1,IC50,CS(=O)(=O)c1cc(CNC(=O)c2cncc3c2cnn3-c2ccc(F)cc2)ccn1,7.552841968657781
CHEMBL4456123,CHEMBL2413,C-C chemokine receptor type 1,IC50,=,2.0,nM,CHEMBL4332214,B,Antagonist activity at CCR1 in human THP1 cells assessed as inhibition of chemotaxis after 30 mins by Celltiter-glo reagent based luminescence assay,CHEMBL4330105,P32246,C-C chemokine receptor type 1,IC50,CS(=O)(=O)c1cc(C2(NC(=O)c3cncc4c3cnn4-c3ccc(F)cc3)CC2)ccn1,8.698970004336019
CHEMBL4464625,CHEMBL2413,C-C chemokine receptor type 1,IC50,=,0.3,nM,CHEMBL4332214,B,Antagonist activity at CCR1 in human THP1 cells assessed as inhibition of chemotaxis after 30 mins by Celltiter-glo reagent based luminescence assay,CHEMBL4330105,P32246,C-C chemokine receptor type 1,IC50,CC[C@H](NC(=O)c1cncc2c1cnn2-c1ccc(F)cc1)c1ccnc(S(C)(=O)=O)c1,9.522878745280337
CHEMBL4441094,CHEMBL2413,C-C chemokine receptor type 1,IC50,=,10.0,nM,CHEMBL4332221,B,Inhibition of MIP1alpha-stimulated CCR1 internalization in human whole blood preincubated for 30 mins followed by MIP1alpha-stimulation and measured after 40 mins by Alexa647 staining based FACS analysis,CHEMBL4330105,P32246,C-C chemokine receptor type 1,IC50,CS(=O)(=O)c1cc(CNC(=O)c2cncc3c2cnn3-c2ccc(F)cc2)ccn1,8.0
CHEMBL4464625,CHEMBL2413,C-C chemokine receptor type 1,IC50,=,1.0,nM,CHEMBL4332221,B,Inhibition of MIP1alpha-stimulated CCR1 internalization in human whole blood preincubated for 30 mins followed by MIP1alpha-stimulation and measured after 40 mins by Alexa647 staining based FACS analysis,CHEMBL4330105,P32246,C-C chemokine receptor type 1,IC50,CC[C@H](NC(=O)c1cncc2c1cnn2-c1ccc(F)cc1)c1ccnc(S(C)(=O)=O)c1,9.0
CHEMBL4539264,CHEMBL2413,C-C chemokine receptor type 1,IC50,=,1200.0,nM,CHEMBL4371835,B,Antagonist activity at CCR1 in human THP1 cells assessed as inhibition of chemotaxis after 30 mins by Celltiter-glo reagent based luminescence assay,CHEMBL4371017,P32246,C-C chemokine receptor type 1,IC50,Cc1c(C(=O)NCc2cccc(C(F)(F)F)c2)cnn1-c1ccc(Cl)c(Cl)c1,5.920818753952375
CHEMBL3334824,CHEMBL2413,C-C chemokine receptor type 1,IC50,=,1.5,nM,CHEMBL4371835,B,Antagonist activity at CCR1 in human THP1 cells assessed as inhibition of chemotaxis after 30 mins by Celltiter-glo reagent based luminescence assay,CHEMBL4371017,P32246,C-C chemokine receptor type 1,IC50,CC(C)[C@@H](NC(=O)NCC(C)(C)O)C(=O)N1CC[C@](O)(c2ccc(Cl)cc2)C(C)(C)C1,8.823908740944319
CHEMBL4444976,CHEMBL2413,C-C chemokine receptor type 1,IC50,=,4.0,nM,CHEMBL4371835,B,Antagonist activity at CCR1 in human THP1 cells assessed as inhibition of chemotaxis after 30 mins by Celltiter-glo reagent based luminescence assay,CHEMBL4371017,P32246,C-C chemokine receptor type 1,IC50,COc1cc(N2CCN(C(=O)Cn3nc(-c4ncc[nH]4)c4cccnc43)CC2)ccc1Cl,8.397940008672037
CHEMBL4571977,CHEMBL2413,C-C chemokine receptor type 1,IC50,=,1.8,nM,CHEMBL4371835,B,Antagonist activity at CCR1 in human THP1 cells assessed as inhibition of chemotaxis after 30 mins by Celltiter-glo reagent based luminescence assay,CHEMBL4371017,P32246,C-C chemokine receptor type 1,IC50,CC(C)(O)c1ccc2c(c1)/C(=C\CCN1CC[C@](O)(c3ccc(Cl)cc3)C(C)(C)C1)c1cccnc1CO2,8.744727494896694
CHEMBL1628706,CHEMBL2413,C-C chemokine receptor type 1,IC50,=,39.0,nM,CHEMBL4371835,B,Antagonist activity at CCR1 in human THP1 cells assessed as inhibition of chemotaxis after 30 mins by Celltiter-glo reagent based luminescence assay,CHEMBL4371017,P32246,C-C chemokine receptor type 1,IC50,CC(C)(O)CC[C@H](C[C@H](O)[C@H](Cc1cccc(F)c1)NC(=O)c1cnc2ccccc2n1)C(N)=O,7.4089353929735005
CHEMBL232656,CHEMBL2413,C-C chemokine receptor type 1,IC50,=,1.1,nM,CHEMBL4371835,B,Antagonist activity at CCR1 in human THP1 cells assessed as inhibition of chemotaxis after 30 mins by Celltiter-glo reagent based luminescence assay,CHEMBL4371017,P32246,C-C chemokine receptor type 1,IC50,C[C@@H]1CN(Cc2ccc(F)cc2)CCN1C(=O)COc1ccc(Cl)cc1NC(N)=O,8.958607314841775
CHEMBL4444092,CHEMBL2413,C-C chemokine receptor type 1,IC50,=,41.6,nM,CHEMBL4418422,B,Displacement of [125I]-MIP-1alpha from CCR1 in human THP-1 cells after 12 h by scintillation proximity assay,CHEMBL4418292,P32246,C-C chemokine receptor type 1,IC50,CC1(C)CN(C(=O)CCNC(=O)c2ccccc2)CC[C@]1(O)c1ccc(Cl)cc1,7.380906669373257
CHEMBL4592423,CHEMBL2413,C-C chemokine receptor type 1,IC50,=,46.7,nM,CHEMBL4418422,B,Displacement of [125I]-MIP-1alpha from CCR1 in human THP-1 cells after 12 h by scintillation proximity assay,CHEMBL4418292,P32246,C-C chemokine receptor type 1,IC50,C[C@H](CC(=O)N1CC[C@](O)(c2ccc(Cl)cc2)C(C)(C)C1)NC(=O)[C@@H]1CC[C@@H](NC(=O)OC(C)(C)C)C1,7.330683119433887
CHEMBL4574123,CHEMBL2413,C-C chemokine receptor type 1,IC50,=,1.7,nM,CHEMBL4418422,B,Displacement of [125I]-MIP-1alpha from CCR1 in human THP-1 cells after 12 h by scintillation proximity assay,CHEMBL4418292,P32246,C-C chemokine receptor type 1,IC50,CC(C)(CC(=O)N1CC[C@](O)(c2ccc(Cl)cc2)C(C)(C)C1)NC(=O)C1CCCC1,8.769551078621726
CHEMBL4436541,CHEMBL2413,C-C chemokine receptor type 1,IC50,=,1.5,nM,CHEMBL4418422,B,Displacement of [125I]-MIP-1alpha from CCR1 in human THP-1 cells after 12 h by scintillation proximity assay,CHEMBL4418292,P32246,C-C chemokine receptor type 1,IC50,Cc1cc(C)c(C(=O)NC(C)(C)CC(=O)N2CC[C@](O)(c3ccc(Cl)cc3)C(C)(C)C2)cn1.O=C(O)C(F)(F)F,8.823908740944319
CHEMBL4476397,CHEMBL2413,C-C chemokine receptor type 1,IC50,=,1.8,nM,CHEMBL4418422,B,Displacement of [125I]-MIP-1alpha from CCR1 in human THP-1 cells after 12 h by scintillation proximity assay,CHEMBL4418292,P32246,C-C chemokine receptor type 1,IC50,CC(C)(CC(=O)N1CC[C@](O)(c2ccc(Cl)cc2)C(C)(C)C1)NC(=O)c1cccc(C(N)=O)c1,8.744727494896694
CHEMBL4473668,CHEMBL2413,C-C chemokine receptor type 1,IC50,=,2.2,nM,CHEMBL4418422,B,Displacement of [125I]-MIP-1alpha from CCR1 in human THP-1 cells after 12 h by scintillation proximity assay,CHEMBL4418292,P32246,C-C chemokine receptor type 1,IC50,CC(C)(CC(=O)N1CC[C@](O)(c2ccc(Cl)cc2)C(C)(C)C1)NC(=O)c1cccc(-n2cnnn2)c1,8.657577319177793
CHEMBL4593102,CHEMBL2413,C-C chemokine receptor type 1,IC50,=,45.3,nM,CHEMBL4418422,B,Displacement of [125I]-MIP-1alpha from CCR1 in human THP-1 cells after 12 h by scintillation proximity assay,CHEMBL4418292,P32246,C-C chemokine receptor type 1,IC50,CC(C)(CC(=O)N1CCC(O)(c2ccc(C#N)cc2)C(C)(C)C1)NC(=O)c1ccccc1,7.343901797987169
CHEMBL4466344,CHEMBL2413,C-C chemokine receptor type 1,IC50,=,1.9,nM,CHEMBL4418422,B,Displacement of [125I]-MIP-1alpha from CCR1 in human THP-1 cells after 12 h by scintillation proximity assay,CHEMBL4418292,P32246,C-C chemokine receptor type 1,IC50,C[C@H](NC(=O)NC(C)(C)CC(=O)N1CC[C@](O)(c2ccc(Cl)cc2)C(C)(C)C1)C(C)(C)O,8.721246399047171
CHEMBL4573109,CHEMBL2413,C-C chemokine receptor type 1,IC50,=,1188.0,nM,CHEMBL4418422,B,Displacement of [125I]-MIP-1alpha from CCR1 in human THP-1 cells after 12 h by scintillation proximity assay,CHEMBL4418292,P32246,C-C chemokine receptor type 1,IC50,CC(NC(=O)c1ccccc1)C(C)C(=O)N1CC[C@](O)(c2ccc(Cl)cc2)C(C)(C)C1,5.925183559354825
CHEMBL4522473,CHEMBL2413,C-C chemokine receptor type 1,IC50,=,991.4,nM,CHEMBL4418422,B,Displacement of [125I]-MIP-1alpha from CCR1 in human THP-1 cells after 12 h by scintillation proximity assay,CHEMBL4418292,P32246,C-C chemokine receptor type 1,IC50,CCOC(=O)c1cc(C2(O)CCN(C(=O)CC(C)(C)NC(=O)c3ccccc3)CC2(C)C)ccc1Cl,6.003751085430868
CHEMBL4559773,CHEMBL2413,C-C chemokine receptor type 1,IC50,=,787.8,nM,CHEMBL4418422,B,Displacement of [125I]-MIP-1alpha from CCR1 in human THP-1 cells after 12 h by scintillation proximity assay,CHEMBL4418292,P32246,C-C chemokine receptor type 1,IC50,CC(C)(CC(=O)N1CCC(O)(c2ncc(Cl)cc2Cl)C(C)(C)C1)NC(=O)c1ccccc1,6.103584023526877
CHEMBL4468705,CHEMBL2413,C-C chemokine receptor type 1,IC50,=,808.9,nM,CHEMBL4418422,B,Displacement of [125I]-MIP-1alpha from CCR1 in human THP-1 cells after 12 h by scintillation proximity assay,CHEMBL4418292,P32246,C-C chemokine receptor type 1,IC50,CC(C)[C@@H](CNC(=O)Cc1ccccc1)C(=O)N1CC[C@](O)(c2ccc(Cl)cc2)C(C)(C)C1,6.092105164583717
CHEMBL4546558,CHEMBL2413,C-C chemokine receptor type 1,IC50,=,43.9,nM,CHEMBL4418422,B,Displacement of [125I]-MIP-1alpha from CCR1 in human THP-1 cells after 12 h by scintillation proximity assay,CHEMBL4418292,P32246,C-C chemokine receptor type 1,IC50,CC(=O)N[C@@H]1CC[C@@H](C(=O)N[C@H](C)CC(=O)N2CC[C@](O)(c3ccc(Cl)cc3)C(C)(C)C2)C1,7.357535479757878
CHEMBL4460796,CHEMBL2413,C-C chemokine receptor type 1,IC50,=,1181.0,nM,CHEMBL4418422,B,Displacement of [125I]-MIP-1alpha from CCR1 in human THP-1 cells after 12 h by scintillation proximity assay,CHEMBL4418292,P32246,C-C chemokine receptor type 1,IC50,CC1(C)CN(C(=O)CC2(NC(=O)c3ccccc3)CCOCC2)CC[C@]1(O)c1ccc(Cl)cc1,5.927750102386485
CHEMBL4443458,CHEMBL2413,C-C chemokine receptor type 1,IC50,=,42.0,nM,CHEMBL4418422,B,Displacement of [125I]-MIP-1alpha from CCR1 in human THP-1 cells after 12 h by scintillation proximity assay,CHEMBL4418292,P32246,C-C chemokine receptor type 1,IC50,CC(CNC(=O)C1CCCC1)C(=O)N1CC[C@](O)(c2ccc(Cl)cc2)C(C)(C)C1,7.376750709602099
CHEMBL3679659,CHEMBL2413,C-C chemokine receptor type 1,IC50,=,0.7,nM,CHEMBL4418423,B,Displacement of [125I]-MIP-1alpha from CCR1 in human THP1 cells after 12 hrs by scintillation proximity assay,CHEMBL4418293,P32246,C-C chemokine receptor type 1,IC50,C[C@H](NC(=O)N[C@@H]1CCCC[C@@H]1C(=O)N1CC[C@](O)(c2ccc(Cl)cc2)C(C)(C)C1)C(C)(C)O,9.154901959985743
CHEMBL3679658,CHEMBL2413,C-C chemokine receptor type 1,IC50,=,818.0,nM,CHEMBL4418423,B,Displacement of [125I]-MIP-1alpha from CCR1 in human THP1 cells after 12 hrs by scintillation proximity assay,CHEMBL4418293,P32246,C-C chemokine receptor type 1,IC50,CC1(C)CN(C(=O)[C@H]2CCCC[C@@]2(C)NC(=O)c2ccccc2)CC[C@]1(O)c1ccc(Cl)cc1,6.087246696328677
CHEMBL4443024,CHEMBL2413,C-C chemokine receptor type 1,IC50,=,11.3,nM,CHEMBL4418423,B,Displacement of [125I]-MIP-1alpha from CCR1 in human THP1 cells after 12 hrs by scintillation proximity assay,CHEMBL4418293,P32246,C-C chemokine receptor type 1,IC50,CC1(C)CN(C(=O)[C@H]2CCCC[C@H]2NC(=O)c2cccc(C(=O)O)c2)CC[C@]1(O)c1ccc(C#N)cc1,7.94692155651658
CHEMBL3679656,CHEMBL2413,C-C chemokine receptor type 1,IC50,=,1.8,nM,CHEMBL4418423,B,Displacement of [125I]-MIP-1alpha from CCR1 in human THP1 cells after 12 hrs by scintillation proximity assay,CHEMBL4418293,P32246,C-C chemokine receptor type 1,IC50,CC1(C)CN(C(=O)[C@H]2CCC[C@H]2NC(=O)c2cccc(C(N)=O)c2)CC[C@]1(O)c1ccc(Cl)cc1,8.744727494896694
CHEMBL3679655,CHEMBL2413,C-C chemokine receptor type 1,IC50,=,1.3,nM,CHEMBL4418423,B,Displacement of [125I]-MIP-1alpha from CCR1 in human THP1 cells after 12 hrs by scintillation proximity assay,CHEMBL4418293,P32246,C-C chemokine receptor type 1,IC50,CC1(C)CN(C(=O)[C@H]2CCC[C@H]2NC(=O)C2CCCC2)CC[C@]1(O)c1ccc(Cl)cc1,8.886056647693163
CHEMBL3679654,CHEMBL2413,C-C chemokine receptor type 1,IC50,=,1.6,nM,CHEMBL4418423,B,Displacement of [125I]-MIP-1alpha from CCR1 in human THP1 cells after 12 hrs by scintillation proximity assay,CHEMBL4418293,P32246,C-C chemokine receptor type 1,IC50,CC1(C)CN(C(=O)[C@H]2CCC[C@H]2NC(=O)c2cccc(C(=O)O)c2)CC[C@]1(O)c1ccc(Cl)cc1,8.795880017344075
CHEMBL3679653,CHEMBL2413,C-C chemokine receptor type 1,IC50,=,1.5,nM,CHEMBL4418423,B,Displacement of [125I]-MIP-1alpha from CCR1 in human THP1 cells after 12 hrs by scintillation proximity assay,CHEMBL4418293,P32246,C-C chemokine receptor type 1,IC50,CC1(C)CN(C(=O)[C@H]2CCC[C@H]2NC(=O)[C@H]2CC[C@@H](O)C2)CC[C@]1(O)c1ccc(Cl)cc1,8.823908740944319
CHEMBL3679652,CHEMBL2413,C-C chemokine receptor type 1,IC50,=,14.0,nM,CHEMBL4418423,B,Displacement of [125I]-MIP-1alpha from CCR1 in human THP1 cells after 12 hrs by scintillation proximity assay,CHEMBL4418293,P32246,C-C chemokine receptor type 1,IC50,CC1(C)CN(C(=O)[C@H]2CCC[C@H]2NC(=O)[C@@H]2CC[C@H](O)C2)CC[C@]1(O)c1ccc(Cl)cc1,7.853871964321762
CHEMBL3679651,CHEMBL2413,C-C chemokine receptor type 1,IC50,=,1.0,nM,CHEMBL4418423,B,Displacement of [125I]-MIP-1alpha from CCR1 in human THP1 cells after 12 hrs by scintillation proximity assay,CHEMBL4418293,P32246,C-C chemokine receptor type 1,IC50,CC1(C)CN(C(=O)[C@H]2CCC[C@H]2NC(=O)c2cccc(S(N)(=O)=O)c2)CC[C@]1(O)c1ccc(Cl)cc1,9.0
CHEMBL3679650,CHEMBL2413,C-C chemokine receptor type 1,IC50,=,14.6,nM,CHEMBL4418423,B,Displacement of [125I]-MIP-1alpha from CCR1 in human THP1 cells after 12 hrs by scintillation proximity assay,CHEMBL4418293,P32246,C-C chemokine receptor type 1,IC50,C[C@@H](O)CNC(=O)N[C@@H]1CCCC[C@@H]1C(=O)N1CC[C@](O)(c2ccc(Cl)cc2)C(C)(C)C1,7.835647144215563
CHEMBL3679649,CHEMBL2413,C-C chemokine receptor type 1,IC50,=,580.6,nM,CHEMBL4418423,B,Displacement of [125I]-MIP-1alpha from CCR1 in human THP1 cells after 12 hrs by scintillation proximity assay,CHEMBL4418293,P32246,C-C chemokine receptor type 1,IC50,CC1(C)CN(C(=O)[C@H]2CCCC[C@H]2NC(=O)[C@@H](O)c2ccccc2)CC[C@]1(O)c1ccc(Cl)cc1,6.236122968504345
CHEMBL3679648,CHEMBL2413,C-C chemokine receptor type 1,IC50,=,857.8,nM,CHEMBL4418423,B,Displacement of [125I]-MIP-1alpha from CCR1 in human THP1 cells after 12 hrs by scintillation proximity assay,CHEMBL4418293,P32246,C-C chemokine receptor type 1,IC50,CC1(C)CN(C(=O)[C@H]2CCCC[C@H]2NC(=O)[C@H](O)c2ccccc2)CC[C@]1(O)c1ccc(Cl)cc1,6.066613958096946
CHEMBL3679647,CHEMBL2413,C-C chemokine receptor type 1,IC50,=,767.5,nM,CHEMBL4418423,B,Displacement of [125I]-MIP-1alpha from CCR1 in human THP1 cells after 12 hrs by scintillation proximity assay,CHEMBL4418293,P32246,C-C chemokine receptor type 1,IC50,CC1(C)CN(C(=O)[C@H]2CCCC[C@H]2NC(=O)CO)CC[C@]1(O)c1ccc(Cl)cc1,6.1149216158507755
CHEMBL3679646,CHEMBL2413,C-C chemokine receptor type 1,IC50,=,15.7,nM,CHEMBL4418423,B,Displacement of [125I]-MIP-1alpha from CCR1 in human THP1 cells after 12 hrs by scintillation proximity assay,CHEMBL4418293,P32246,C-C chemokine receptor type 1,IC50,CC1(C)CN(C(=O)[C@H]2CCCC[C@H]2NC(=O)CCc2ccccc2)CC[C@]1(O)c1ccc(Cl)cc1,7.804100347590766
CHEMBL3679645,CHEMBL2413,C-C chemokine receptor type 1,IC50,=,931.8,nM,CHEMBL4418423,B,Displacement of [125I]-MIP-1alpha from CCR1 in human THP1 cells after 12 hrs by scintillation proximity assay,CHEMBL4418293,P32246,C-C chemokine receptor type 1,IC50,CC1(C)CN(C(=O)[C@H]2CCCC[C@H]2NC(=O)CCN2CCCCC2)CC[C@]1(O)c1ccc(Cl)cc1,6.030677293887798
CHEMBL3679644,CHEMBL2413,C-C chemokine receptor type 1,IC50,=,18.7,nM,CHEMBL4418423,B,Displacement of [125I]-MIP-1alpha from CCR1 in human THP1 cells after 12 hrs by scintillation proximity assay,CHEMBL4418293,P32246,C-C chemokine receptor type 1,IC50,CC1(C)CN(C(=O)[C@H]2CCCC[C@H]2NC(=O)c2cncnc2)CC[C@]1(O)c1ccc(Cl)cc1,7.7281583934635005
CHEMBL3679643,CHEMBL2413,C-C chemokine receptor type 1,IC50,=,996.7,nM,CHEMBL4418423,B,Displacement of [125I]-MIP-1alpha from CCR1 in human THP1 cells after 12 hrs by scintillation proximity assay,CHEMBL4418293,P32246,C-C chemokine receptor type 1,IC50,COC(=O)N[C@@H]1CCCC[C@@H]1C(=O)N1CC[C@](O)(c2ccc(Cl)cc2)C(C)(C)C1,6.001435541739058
CHEMBL3679642,CHEMBL2413,C-C chemokine receptor type 1,IC50,=,18.5,nM,CHEMBL4418423,B,Displacement of [125I]-MIP-1alpha from CCR1 in human THP1 cells after 12 hrs by scintillation proximity assay,CHEMBL4418293,P32246,C-C chemokine receptor type 1,IC50,CC1(C)CN(C(=O)[C@H]2CCCC[C@H]2NC(=O)Nc2ccccc2)CC[C@]1(O)c1ccc(Cl)cc1,7.732828271596986
CHEMBL3679641,CHEMBL2413,C-C chemokine receptor type 1,IC50,=,17.2,nM,CHEMBL4418423,B,Displacement of [125I]-MIP-1alpha from CCR1 in human THP1 cells after 12 hrs by scintillation proximity assay,CHEMBL4418293,P32246,C-C chemokine receptor type 1,IC50,CC1(C)CN(C(=O)[C@H]2CC(=O)CC[C@H]2NC(=O)c2ccccc2)CC[C@]1(O)c1ccc(Cl)cc1,7.764471553092451
CHEMBL3679640,CHEMBL2413,C-C chemokine receptor type 1,IC50,=,1065.0,nM,CHEMBL4418423,B,Displacement of [125I]-MIP-1alpha from CCR1 in human THP1 cells after 12 hrs by scintillation proximity assay,CHEMBL4418293,P32246,C-C chemokine receptor type 1,IC50,CC1(C)CN(C(=O)[C@H]2CC3(CC[C@H]2NC(=O)c2ccccc2)OCCO3)CC[C@]1(O)c1ccc(Cl)cc1,5.972650392225244
CHEMBL3679639,CHEMBL2413,C-C chemokine receptor type 1,IC50,=,11.5,nM,CHEMBL4418423,B,Displacement of [125I]-MIP-1alpha from CCR1 in human THP1 cells after 12 hrs by scintillation proximity assay,CHEMBL4418293,P32246,C-C chemokine receptor type 1,IC50,CC1(C)CN(C(=O)[C@H]2CCC[C@H]2NC(=O)Nc2ccccc2)CC[C@]1(O)c1ccc(Cl)cc1,7.939302159646388
CHEMBL3679638,CHEMBL2413,C-C chemokine receptor type 1,IC50,=,12.1,nM,CHEMBL4418423,B,Displacement of [125I]-MIP-1alpha from CCR1 in human THP1 cells after 12 hrs by scintillation proximity assay,CHEMBL4418293,P32246,C-C chemokine receptor type 1,IC50,CC(C)(C)OC(=O)N[C@@H]1CCC[C@@H]1C(=O)N1CC[C@](O)(c2ccc(Cl)cc2)C(C)(C)C1,7.91721462968355
CHEMBL3679637,CHEMBL2413,C-C chemokine receptor type 1,IC50,=,2.1,nM,CHEMBL4418423,B,Displacement of [125I]-MIP-1alpha from CCR1 in human THP1 cells after 12 hrs by scintillation proximity assay,CHEMBL4418293,P32246,C-C chemokine receptor type 1,IC50,CC1(C)CN(C(=O)[C@H]2CCCC[C@H]2NC(=O)c2ccccc2)CC[C@]1(O)c1ccc(Cl)cc1,8.67778070526608
CHEMBL4456123,CHEMBL2413,C-C chemokine receptor type 1,IC50,=,5.4,nM,CHEMBL4882232,B,Scintillation Proximity Assay binding,CHEMBL4507278,P32246,C-C chemokine receptor type 1,IC50,CS(=O)(=O)c1cc(C2(NC(=O)c3cncc4c3cnn4-c3ccc(F)cc3)CC2)ccn1,8.267606240177031
CHEMBL4456123,CHEMBL2413,C-C chemokine receptor type 1,IC50,=,24.0,nM,CHEMBL4882233,B,Ca flux,CHEMBL4507278,P32246,C-C chemokine receptor type 1,IC50,CS(=O)(=O)c1cc(C2(NC(=O)c3cncc4c3cnn4-c3ccc(F)cc3)CC2)ccn1,7.619788758288394
CHEMBL4456123,CHEMBL2413,C-C chemokine receptor type 1,IC50,=,2.4,nM,CHEMBL4882234,B,Chemotaxis,CHEMBL4507278,P32246,C-C chemokine receptor type 1,IC50,CS(=O)(=O)c1cc(C2(NC(=O)c3cncc4c3cnn4-c3ccc(F)cc3)CC2)ccn1,8.619788758288394
CHEMBL4456123,CHEMBL2413,C-C chemokine receptor type 1,IC50,=,9.0,nM,CHEMBL4882235,B,Receptor internalization,CHEMBL4507278,P32246,C-C chemokine receptor type 1,IC50,CS(=O)(=O)c1cc(C2(NC(=O)c3cncc4c3cnn4-c3ccc(F)cc3)CC2)ccn1,8.045757490560675
CHEMBL34226,CHEMBL2413,C-C chemokine receptor type 1,IC50,=,510.0,nM,CHEMBL5150254,B,Inhibition of human CCR1 transfected in CHO cells incubated for 1 hr in presence of 125I-chemokine by radioactivity based assay,CHEMBL5149963,P32246,C-C chemokine receptor type 1,IC50,CCCCCCN1CCC(NC(=O)C2c3ccccc3Oc3ccccc32)CC1,6.292429823902063
CHEMBL1178601,CHEMBL2413,C-C chemokine receptor type 1,IC50,=,14.0,nM,CHEMBL5150254,B,Inhibition of human CCR1 transfected in CHO cells incubated for 1 hr in presence of 125I-chemokine by radioactivity based assay,CHEMBL5149963,P32246,C-C chemokine receptor type 1,IC50,C[N+]1(CC2CCCCCCC2)CCC(NC(=O)C2c3ccccc3Oc3ccccc32)CC1,7.853871964321762
CHEMBL1178613,CHEMBL2413,C-C chemokine receptor type 1,IC50,=,2.0,nM,CHEMBL5150254,B,Inhibition of human CCR1 transfected in CHO cells incubated for 1 hr in presence of 125I-chemokine by radioactivity based assay,CHEMBL5149963,P32246,C-C chemokine receptor type 1,IC50,CC[N+]1(C/C2=C/CCCCCC2)CCC(NC(=O)C2c3ccccc3Oc3ccccc32)CC1,8.698970004336019
CHEMBL331897,CHEMBL2413,C-C chemokine receptor type 1,IC50,=,1.2,nM,CHEMBL5150254,B,Inhibition of human CCR1 transfected in CHO cells incubated for 1 hr in presence of 125I-chemokine by radioactivity based assay,CHEMBL5149963,P32246,C-C chemokine receptor type 1,IC50,CC[N+]1(C/C2=C/CCCCCC2)CCC(NC(=O)C2c3cc(Cl)ccc3Oc3ccc(Cl)cc32)CC1,8.920818753952375
CHEMBL33074,CHEMBL2413,C-C chemokine receptor type 1,IC50,=,140.0,nM,CHEMBL5150254,B,Inhibition of human CCR1 transfected in CHO cells incubated for 1 hr in presence of 125I-chemokine by radioactivity based assay,CHEMBL5149963,P32246,C-C chemokine receptor type 1,IC50,O=C(NC1CCN(CC2CCCCCCC2)CC1)C1c2ccccc2Oc2ccccc21,6.853871964321762
CHEMBL34053,CHEMBL2413,C-C chemokine receptor type 1,IC50,=,200.0,nM,CHEMBL5150254,B,Inhibition of human CCR1 transfected in CHO cells incubated for 1 hr in presence of 125I-chemokine by radioactivity based assay,CHEMBL5149963,P32246,C-C chemokine receptor type 1,IC50,O=C(NC1CCN(CC2CCCCC2)CC1)C1c2ccccc2Oc2ccccc21,6.698970004336019
CHEMBL285703,CHEMBL2413,C-C chemokine receptor type 1,IC50,=,800.0,nM,CHEMBL5150254,B,Inhibition of human CCR1 transfected in CHO cells incubated for 1 hr in presence of 125I-chemokine by radioactivity based assay,CHEMBL5149963,P32246,C-C chemokine receptor type 1,IC50,O=C(NC1CCN(CC2CCCCCCCCC2)CC1)C1c2ccccc2Oc2ccccc21,6.096910013008056
CHEMBL4456123,CHEMBL2413,C-C chemokine receptor type 1,IC50,=,2.4,nM,CHEMBL5210274,B,Affinity On-target Cellular interaction (Chemotaxis in THP-1 cells) EUB0000352a CCR1,CHEMBL5210121,P32246,C-C chemokine receptor type 1,IC50,CS(=O)(=O)c1cc(C2(NC(=O)c3cncc4c3cnn4-c3ccc(F)cc3)CC2)ccn1,8.619788758288394
CHEMBL4456123,CHEMBL2413,C-C chemokine receptor type 1,IC50,=,5.4,nM,CHEMBL5210568,B,Affinity Biochemical interaction (Scintillation Proximity Assay (SPA)) EUB0000352a CCR1,CHEMBL5210307,P32246,C-C chemokine receptor type 1,IC50,CS(=O)(=O)c1cc(C2(NC(=O)c3cncc4c3cnn4-c3ccc(F)cc3)CC2)ccn1,8.267606240177031
CHEMBL232656,CHEMBL2413,C-C chemokine receptor type 1,IC50,=,10.0,nM,CHEMBL5261126,B,Inhibition of human recombinant CCR1,CHEMBL5260798,P32246,C-C chemokine receptor type 1,IC50,C[C@@H]1CN(Cc2ccc(F)cc2)CCN1C(=O)COc1ccc(Cl)cc1NC(N)=O,8.0
CHEMBL232656,CHEMBL2413,C-C chemokine receptor type 1,IC50,=,10.0,nM,CHEMBL5261128,B,Inhibition of human wild type CCR1,CHEMBL5260798,P32246,C-C chemokine receptor type 1,IC50,C[C@@H]1CN(Cc2ccc(F)cc2)CCN1C(=O)COc1ccc(Cl)cc1NC(N)=O,8.0
