molecule_chembl_id,target_chembl_id,target_pref_name,standard_type,standard_relation,standard_value,standard_units,assay_chembl_id,assay_type,assay_description,document_chembl_id,uniprot_id,target_pref_name,readout,smiles,pActivity
CHEMBL540596,CHEMBL298,Cholecystokinin B receptor,IC50,=,26.75,nM,CHEMBL657472,B,Binding activity against Cholecystokinin type B receptor from guinea pig cortex using [125]BH CCK-8s as radioligand.,CHEMBL1127663,P32239,Cholecystokinin B receptor,IC50,Cc1cccc(NC(=O)N[C@H]2N=C(N3CC4CCC(CC4)C3)c3ccccc3N(C)C2=O)c1.Cl,7.572676213642753
CHEMBL536245,CHEMBL298,Cholecystokinin B receptor,IC50,=,144.0,nM,CHEMBL657472,B,Binding activity against Cholecystokinin type B receptor from guinea pig cortex using [125]BH CCK-8s as radioligand.,CHEMBL1127663,P32239,Cholecystokinin B receptor,IC50,Cc1cccc(NC(=O)N[C@H]2N=C(N3CCCCCC3)c3ccccc3N(C)C2=O)c1.Cl,6.84163750790475
CHEMBL349291,CHEMBL298,Cholecystokinin B receptor,IC50,=,0.53,nM,CHEMBL657472,B,Binding activity against Cholecystokinin type B receptor from guinea pig cortex using [125]BH CCK-8s as radioligand.,CHEMBL1127663,P32239,Cholecystokinin B receptor,IC50,Cc1cccc(NC(=O)NC2N=C(N3CC4CCC(CC4)C3)c3ccccc3N(C)C2=O)c1,9.275724130399212
CHEMBL315214,CHEMBL298,Cholecystokinin B receptor,IC50,=,137.0,nM,CHEMBL657472,B,Binding activity against Cholecystokinin type B receptor from guinea pig cortex using [125]BH CCK-8s as radioligand.,CHEMBL1127663,P32239,Cholecystokinin B receptor,IC50,Cc1cccc(NC(=O)NC2N=C(N3CCCC3)c3ccccc3N(C)C2=O)c1,6.863279432843593
CHEMBL9387,CHEMBL298,Cholecystokinin B receptor,IC50,=,8.5,nM,CHEMBL657472,B,Binding activity against Cholecystokinin type B receptor from guinea pig cortex using [125]BH CCK-8s as radioligand.,CHEMBL1127663,P32239,Cholecystokinin B receptor,IC50,Cc1cccc(NC(=O)N[C@@H]2N=C(c3ccccc3)c3ccccc3N(C)C2=O)c1,8.070581074285707
CHEMBL311061,CHEMBL298,Cholecystokinin B receptor,IC50,=,1.25,nM,CHEMBL657472,B,Binding activity against Cholecystokinin type B receptor from guinea pig cortex using [125]BH CCK-8s as radioligand.,CHEMBL1127663,P32239,Cholecystokinin B receptor,IC50,Cc1cccc(NC(=O)NC2N=C(N3CCCCCC3)c3ccccc3N(C)C2=O)c1,8.903089986991944
CHEMBL545122,CHEMBL298,Cholecystokinin B receptor,IC50,=,0.1,nM,CHEMBL657472,B,Binding activity against Cholecystokinin type B receptor from guinea pig cortex using [125]BH CCK-8s as radioligand.,CHEMBL1127663,P32239,Cholecystokinin B receptor,IC50,Cc1cccc(NC(=O)N[C@@H]2N=C(N3CC4CCC(CC4)C3)c3ccccc3N(C)C2=O)c1.Cl,10.0
CHEMBL350853,CHEMBL298,Cholecystokinin B receptor,IC50,=,5.7,nM,CHEMBL657472,B,Binding activity against Cholecystokinin type B receptor from guinea pig cortex using [125]BH CCK-8s as radioligand.,CHEMBL1127663,P32239,Cholecystokinin B receptor,IC50,Cc1cccc(NC(=O)NC2N=C(N3CCCCC3)c3ccccc3N(C)C2=O)c1,8.244125144327509
CHEMBL543712,CHEMBL298,Cholecystokinin B receptor,IC50,=,1.35,nM,CHEMBL657472,B,Binding activity against Cholecystokinin type B receptor from guinea pig cortex using [125]BH CCK-8s as radioligand.,CHEMBL1127663,P32239,Cholecystokinin B receptor,IC50,Cc1cccc(NC(=O)N[C@@H]2N=C(N3CCCCCC3)c3ccccc3N(C)C2=O)c1.Cl,8.869666231504993
CHEMBL58699,CHEMBL298,Cholecystokinin B receptor,IC50,=,0.28,nM,CHEMBL657472,B,Binding activity against Cholecystokinin type B receptor from guinea pig cortex using [125]BH CCK-8s as radioligand.,CHEMBL1127663,P32239,Cholecystokinin B receptor,IC50,Cc1cccc(NC(=O)N[C@@H]2N=C(C3CCCCC3)c3ccccc3N(C)C2=O)c1,9.55284196865778
CHEMBL557997,CHEMBL298,Cholecystokinin B receptor,IC50,=,103800.0,nM,CHEMBL657479,B,Displacement of [3H](N-methyl-N-leucine)-CCK-8 to Cholecystokinin type B receptor of guinea pig brain cortex,CHEMBL1126471,P32239,Cholecystokinin B receptor,IC50,CN1CCN(C(=O)CCC(NC(=O)c2cccc(Cl)c2)C(=O)NCCC(C)(C)C)CC1.Cl,3.983802646487561
CHEMBL539320,CHEMBL298,Cholecystokinin B receptor,IC50,=,16000.0,nM,CHEMBL657479,B,Displacement of [3H](N-methyl-N-leucine)-CCK-8 to Cholecystokinin type B receptor of guinea pig brain cortex,CHEMBL1126471,P32239,Cholecystokinin B receptor,IC50,CCCCCN(CCCCC)C(=O)C(CCC(=O)N1CCN(C)CC1)NC(=O)c1ccc2ccccc2c1.Cl,4.795880017344075
CHEMBL168855,CHEMBL298,Cholecystokinin B receptor,IC50,=,42200.0,nM,CHEMBL657479,B,Displacement of [3H](N-methyl-N-leucine)-CCK-8 to Cholecystokinin type B receptor of guinea pig brain cortex,CHEMBL1126471,P32239,Cholecystokinin B receptor,IC50,O=C(CCC(NC(=O)c1cccc(Cl)c1)C(=O)NCCC12CC3CC(CC(C3)C1)C2)NCCN1CCOCC1,4.374687549038326
CHEMBL368133,CHEMBL298,Cholecystokinin B receptor,IC50,=,12500.0,nM,CHEMBL657479,B,Displacement of [3H](N-methyl-N-leucine)-CCK-8 to Cholecystokinin type B receptor of guinea pig brain cortex,CHEMBL1126471,P32239,Cholecystokinin B receptor,IC50,CN(C)CCNC(=O)CCC(NC(=O)c1cc(Cl)cc(Cl)c1)C(=O)N1CCC2(CCCC2)CC1.O=C(O)C(=O)O,4.903089986991944
CHEMBL169466,CHEMBL298,Cholecystokinin B receptor,IC50,=,3800.0,nM,CHEMBL657479,B,Displacement of [3H](N-methyl-N-leucine)-CCK-8 to Cholecystokinin type B receptor of guinea pig brain cortex,CHEMBL1126471,P32239,Cholecystokinin B receptor,IC50,CCCCCN(CCCCC)C(=O)[C@@H](CCCC(=O)O)NC(=O)c1ccc2ccccc2c1,5.42021640338319
CHEMBL537834,CHEMBL298,Cholecystokinin B receptor,IC50,=,50000.0,nM,CHEMBL657479,B,Displacement of [3H](N-methyl-N-leucine)-CCK-8 to Cholecystokinin type B receptor of guinea pig brain cortex,CHEMBL1126471,P32239,Cholecystokinin B receptor,IC50,CCCCCN(CCCCC)C(=O)C(CCC(=O)N1CCN(C)CC1)NC(=O)c1ccc(Cl)c(Cl)c1.Cl,4.301029995663981
CHEMBL283820,CHEMBL298,Cholecystokinin B receptor,IC50,=,1400.0,nM,CHEMBL657479,B,Displacement of [3H](N-methyl-N-leucine)-CCK-8 to Cholecystokinin type B receptor of guinea pig brain cortex,CHEMBL1126471,P32239,Cholecystokinin B receptor,IC50,O=C(O)CC[C@@H](NC(=O)c1cc(Cl)cc(Cl)c1)C(=O)N1CCC2(CCCC2)CC1,5.853871964321762
CHEMBL558614,CHEMBL298,Cholecystokinin B receptor,IC50,=,700.0,nM,CHEMBL657478,B,The compound was tested for its activity to inhibit the specific binding of [3H](N-methyl-N-leucine)-CCK-8 to Cholecystokinin type B receptor,CHEMBL1126471,P32239,Cholecystokinin B receptor,IC50,CN1CCN(C(=O)CCC(NC(=O)c2cc(Cl)cc(Cl)c2)C(=O)N2CCC3(CCCC3)CC2)CC1.Cl,6.154901959985743
CHEMBL169453,CHEMBL298,Cholecystokinin B receptor,IC50,=,2800.0,nM,CHEMBL657479,B,Displacement of [3H](N-methyl-N-leucine)-CCK-8 to Cholecystokinin type B receptor of guinea pig brain cortex,CHEMBL1126471,P32239,Cholecystokinin B receptor,IC50,O=C(CCC(NC(=O)c1cc(Cl)cc(Cl)c1)C(=O)N1CCC2(CCCC2)CC1)NCCN1CCOCC1,5.552841968657781
CHEMBL558614,CHEMBL298,Cholecystokinin B receptor,IC50,=,120500.0,nM,CHEMBL657479,B,Displacement of [3H](N-methyl-N-leucine)-CCK-8 to Cholecystokinin type B receptor of guinea pig brain cortex,CHEMBL1126471,P32239,Cholecystokinin B receptor,IC50,CN1CCN(C(=O)CCC(NC(=O)c2cc(Cl)cc(Cl)c2)C(=O)N2CCC3(CCCC3)CC2)CC1.Cl,3.919012953089113
CHEMBL9485,CHEMBL298,Cholecystokinin B receptor,IC50,=,5600.0,nM,CHEMBL657479,B,Displacement of [3H](N-methyl-N-leucine)-CCK-8 to Cholecystokinin type B receptor of guinea pig brain cortex,CHEMBL1126471,P32239,Cholecystokinin B receptor,IC50,CCCCCN(CCCCC)C(=O)[C@@H](CCC(=O)O)NC(=O)c1ccc(Cl)c(Cl)c1,5.251811972993799
CHEMBL537171,CHEMBL298,Cholecystokinin B receptor,IC50,=,600.0,nM,CHEMBL657479,B,Displacement of [3H](N-methyl-N-leucine)-CCK-8 to Cholecystokinin type B receptor of guinea pig brain cortex,CHEMBL1126471,P32239,Cholecystokinin B receptor,IC50,CN1CCN(C(=O)CCC(NC(=O)c2cc(Cl)cc(Cl)c2)C(=O)N2CCC3(CCCCC3)CC2)CC1.Cl,6.221848749616356
CHEMBL536938,CHEMBL298,Cholecystokinin B receptor,IC50,=,2600.0,nM,CHEMBL657479,B,Displacement of [3H](N-methyl-N-leucine)-CCK-8 to Cholecystokinin type B receptor of guinea pig brain cortex,CHEMBL1126471,P32239,Cholecystokinin B receptor,IC50,CCN(CC)CCNC(=O)CCC(NC(=O)c1cc(Cl)cc(Cl)c1)C(=O)N1CCC2(CCCC2)CC1.Cl,5.585026652029182
CHEMBL169440,CHEMBL298,Cholecystokinin B receptor,IC50,=,3300.0,nM,CHEMBL657479,B,Displacement of [3H](N-methyl-N-leucine)-CCK-8 to Cholecystokinin type B receptor of guinea pig brain cortex,CHEMBL1126471,P32239,Cholecystokinin B receptor,IC50,CN1CCN(CCNC(=O)CCC(NC(=O)c2cc(Cl)cc(Cl)c2)C(=O)N2CCC3(CCCC3)CC2)CC1.O=C(O)/C=C\C(=O)O,5.481486060122112
CHEMBL169054,CHEMBL298,Cholecystokinin B receptor,IC50,=,65.0,nM,CHEMBL657471,B,Tested for the inhibition of specific [3H]propionyl-CCK-8 binding to guinea pig pancreatic Cholecystokinin type B receptor,CHEMBL1149944,P32239,Cholecystokinin B receptor,IC50,CCCC[C@H](NC(=O)[C@H](Cc1c[nH]c2ccccc12)NC(=O)OC(C)(C)C)C(=O)N[C@@H](CC(=O)O)C(=O)N[C@@H](Cc1ccccc1)C(N)=O,7.187086643357144
CHEMBL3142686,CHEMBL298,Cholecystokinin B receptor,IC50,=,1000.0,nM,CHEMBL660029,B,Binding affinity for Cholecystokinin type B receptor in guinea pig cortex by using [125I]BH-CCK-8 as radioligand,CHEMBL1125209,P32239,Cholecystokinin B receptor,IC50,CC(C)(C)OC(=O)N[C@@H](Cc1c[nH]c2ccccc12)C(=O)N[C@@H](CCCCNC(N)=O)C(=O)N[C@@H](CC(=O)O)C(=O)N[C@@H](Cc1ccccc1)C(N)=O,6.0
CHEMBL3142690,CHEMBL298,Cholecystokinin B receptor,IC50,=,2600.0,nM,CHEMBL662560,B,Binding affinity towards cholecystokinin type B receptor in guinea pig cortex by using [125I]BH-CCK-8 as radioligand,CHEMBL1125209,P32239,Cholecystokinin B receptor,IC50,CC(C)(C)OC(=O)N[C@@H](Cc1c[nH]c2ccccc12)C(=O)N[C@@H](CCCCNC(=O)Nc1ccc(Cl)cc1Cl)C(=O)N[C@@H](CC(=O)O)C(=O)N[C@@H](Cc1ccccc1)C(N)=O,5.585026652029182
CHEMBL3142705,CHEMBL298,Cholecystokinin B receptor,IC50,=,11000.0,nM,CHEMBL660029,B,Binding affinity for Cholecystokinin type B receptor in guinea pig cortex by using [125I]BH-CCK-8 as radioligand,CHEMBL1125209,P32239,Cholecystokinin B receptor,IC50,CC(C)(C)OC(=O)N[C@@H](Cc1c[nH]c2ccccc12)C(=O)N[C@@H](CCCCNC(=O)Nc1cccc2ccccc12)C(=O)N[C@@H](CC(=O)O)C(=O)N[C@@H](Cc1ccccc1)C(N)=O,4.958607314841775
CHEMBL319814,CHEMBL298,Cholecystokinin B receptor,IC50,=,1100.0,nM,CHEMBL662560,B,Binding affinity towards cholecystokinin type B receptor in guinea pig cortex by using [125I]BH-CCK-8 as radioligand,CHEMBL1125209,P32239,Cholecystokinin B receptor,IC50,CC(C)(C)OC(=O)N[C@@H](Cc1c[nH]c2ccccc12)C(=O)N[C@@H](CCCCNC(=O)Nc1ccccc1)C(=O)N[C@@H](CC(=O)O)C(=O)N[C@@H](Cc1ccccc1)C(N)=O,5.958607314841775
CHEMBL98468,CHEMBL298,Cholecystokinin B receptor,IC50,=,1900.0,nM,CHEMBL662560,B,Binding affinity towards cholecystokinin type B receptor in guinea pig cortex by using [125I]BH-CCK-8 as radioligand,CHEMBL1125209,P32239,Cholecystokinin B receptor,IC50,Cc1cccc(NC(=O)NCCCC[C@H](NC(=O)[C@H](Cc2c[nH]c3ccccc23)NC(=O)OC(C)(C)C)C(=O)N[C@@H](CC(=O)O)C(=O)N[C@@H](Cc2ccccc2)C(N)=O)c1,5.721246399047171
CHEMBL3142692,CHEMBL298,Cholecystokinin B receptor,IC50,=,2600.0,nM,CHEMBL660029,B,Binding affinity for Cholecystokinin type B receptor in guinea pig cortex by using [125I]BH-CCK-8 as radioligand,CHEMBL1125209,P32239,Cholecystokinin B receptor,IC50,CC(C)(C)OC(=O)N[C@@H](Cc1c[nH]c2ccccc12)C(=O)N[C@@H](CCCCNC(=O)Nc1cccc(Cl)c1)C(=O)N[C@@H](CC(=O)O)C(=O)N[C@@H](Cc1ccccc1)C(N)=O,5.585026652029182
CHEMBL3142681,CHEMBL298,Cholecystokinin B receptor,IC50,=,2000.0,nM,CHEMBL660029,B,Binding affinity for Cholecystokinin type B receptor in guinea pig cortex by using [125I]BH-CCK-8 as radioligand,CHEMBL1125209,P32239,Cholecystokinin B receptor,IC50,Cc1ccccc1NC(=O)NCCCCC[C@H](NC(=O)[C@H](Cc1c[nH]c2ccccc12)NC(=O)OC(C)(C)C)C(=O)N[C@@H](CC(=O)O)C(=O)N[C@@H](Cc1ccccc1)C(N)=O,5.698970004336019
CHEMBL3142704,CHEMBL298,Cholecystokinin B receptor,IC50,=,850.0,nM,CHEMBL660029,B,Binding affinity for Cholecystokinin type B receptor in guinea pig cortex by using [125I]BH-CCK-8 as radioligand,CHEMBL1125209,P32239,Cholecystokinin B receptor,IC50,CC(C)(C)OC(=O)N[C@@H](Cc1c[nH]c2ccccc12)C(=O)N[C@@H](CCCCNC(=O)Nc1ccc(C(F)(F)F)cc1)C(=O)N[C@@H](CC(=O)O)C(=O)N[C@@H](Cc1ccccc1)C(N)=O,6.070581074285707
CHEMBL3142697,CHEMBL298,Cholecystokinin B receptor,IC50,=,770.0,nM,CHEMBL660029,B,Binding affinity for Cholecystokinin type B receptor in guinea pig cortex by using [125I]BH-CCK-8 as radioligand,CHEMBL1125209,P32239,Cholecystokinin B receptor,IC50,CC(C)(C)OC(=O)N[C@@H](Cc1c[nH]c2ccccc12)C(=O)N[C@@H](CCCCNC(=O)Nc1ccc(Cl)cc1)C(=O)N[C@@H](CC(=O)O)C(=O)N[C@@H](Cc1ccccc1)C(N)=O,6.113509274827518
CHEMBL3142703,CHEMBL298,Cholecystokinin B receptor,IC50,=,7000.0,nM,CHEMBL660029,B,Binding affinity for Cholecystokinin type B receptor in guinea pig cortex by using [125I]BH-CCK-8 as radioligand,CHEMBL1125209,P32239,Cholecystokinin B receptor,IC50,CC(C)(C)OC(=O)N[C@@H](Cc1c[nH]c2ccccc12)C(=O)N[C@@H](CCCCNC(=O)Nc1c(Cl)cccc1Cl)C(=O)N[C@@H](CC(=O)O)C(=O)N[C@@H](Cc1ccccc1)C(N)=O,5.154901959985743
CHEMBL3142694,CHEMBL298,Cholecystokinin B receptor,IC50,=,5700.0,nM,CHEMBL660029,B,Binding affinity for Cholecystokinin type B receptor in guinea pig cortex by using [125I]BH-CCK-8 as radioligand,CHEMBL1125209,P32239,Cholecystokinin B receptor,IC50,CC(C)c1ccccc1NC(=O)NCCCC[C@H](NC(=O)[C@H](Cc1c[nH]c2ccccc12)NC(=O)OC(C)(C)C)C(=O)N[C@@H](CC(=O)O)C(=O)N[C@@H](Cc1ccccc1)C(N)=O,5.2441251443275085
CHEMBL3142683,CHEMBL298,Cholecystokinin B receptor,IC50,=,3200.0,nM,CHEMBL660029,B,Binding affinity for Cholecystokinin type B receptor in guinea pig cortex by using [125I]BH-CCK-8 as radioligand,CHEMBL1125209,P32239,Cholecystokinin B receptor,IC50,CC(C)(C)OC(=O)N[C@@H](Cc1c[nH]c2ccccc12)C(=O)N[C@@H](CCCCNC(=O)Nc1ccc2ccccc2c1)C(=O)N[C@@H](CC(=O)O)C(=O)N[C@@H](Cc1ccccc1)C(N)=O,5.494850021680094
CHEMBL3142682,CHEMBL298,Cholecystokinin B receptor,IC50,=,2100.0,nM,CHEMBL660029,B,Binding affinity for Cholecystokinin type B receptor in guinea pig cortex by using [125I]BH-CCK-8 as radioligand,CHEMBL1125209,P32239,Cholecystokinin B receptor,IC50,CC(C)(C)OC(=O)N[C@@H](Cc1c[nH]c2ccccc12)C(=O)N[C@@H](CCCCNC(=O)NC1CCCCC1)C(=O)N[C@@H](CC(=O)O)C(=O)N[C@@H](Cc1ccccc1)C(N)=O,5.6777807052660805
CHEMBL64605,CHEMBL298,Cholecystokinin B receptor,IC50,=,25.0,nM,CHEMBL657471,B,Tested for the inhibition of specific [3H]propionyl-CCK-8 binding to guinea pig pancreatic Cholecystokinin type B receptor,CHEMBL1149944,P32239,Cholecystokinin B receptor,IC50,CSCC[C@H](NC(=O)[C@H](Cc1c[nH]c2ccccc12)NC(=O)OC(C)(C)C)C(=O)N[C@@H](CC(=O)O)C(=O)N[C@@H](Cc1ccccc1)C(N)=O,7.6020599913279625
CHEMBL328422,CHEMBL298,Cholecystokinin B receptor,IC50,=,25000.0,nM,CHEMBL660029,B,Binding affinity for Cholecystokinin type B receptor in guinea pig cortex by using [125I]BH-CCK-8 as radioligand,CHEMBL1125209,P32239,Cholecystokinin B receptor,IC50,Cc1cccc(C)c1NC(=O)NCCCC[C@H](NC(=O)[C@H](Cc1c[nH]c2ccccc12)NC(=O)OC(C)(C)C)C(=O)N[C@@H](CC(=O)O)C(=O)N[C@@H](Cc1ccccc1)C(N)=O,4.6020599913279625
CHEMBL3142695,CHEMBL298,Cholecystokinin B receptor,IC50,=,1400.0,nM,CHEMBL660029,B,Binding affinity for Cholecystokinin type B receptor in guinea pig cortex by using [125I]BH-CCK-8 as radioligand,CHEMBL1125209,P32239,Cholecystokinin B receptor,IC50,CC(C)(C)OC(=O)N[C@@H](Cc1c[nH]c2ccccc12)C(=O)N[C@@H](CCCCNC(=O)Nc1ccccc1Br)C(=O)N[C@@H](CC(=O)O)C(=O)N[C@@H](Cc1ccccc1)C(N)=O,5.853871964321762
CHEMBL319340,CHEMBL298,Cholecystokinin B receptor,IC50,=,1900.0,nM,CHEMBL660029,B,Binding affinity for Cholecystokinin type B receptor in guinea pig cortex by using [125I]BH-CCK-8 as radioligand,CHEMBL1125209,P32239,Cholecystokinin B receptor,IC50,CC(C)(C)OC(=O)N[C@@H](Cc1c[nH]c2ccccc12)C(=O)N[C@@H](CCCCNC(=O)Nc1ccccc1Cl)C(=O)N[C@@H](CC(=O)O)C(=O)N[C@@H](Cc1ccccc1)C(N)=O,5.721246399047171
CHEMBL3142687,CHEMBL298,Cholecystokinin B receptor,IC50,=,3300.0,nM,CHEMBL660029,B,Binding affinity for Cholecystokinin type B receptor in guinea pig cortex by using [125I]BH-CCK-8 as radioligand,CHEMBL1125209,P32239,Cholecystokinin B receptor,IC50,CC(C)(C)OC(=O)N[C@@H](Cc1c[nH]c2ccccc12)C(=O)N[C@@H](CCCCNC(=O)NCc1ccccc1)C(=O)N[C@@H](CC(=O)O)C(=O)N[C@@H](Cc1ccccc1)C(N)=O,5.481486060122112
CHEMBL3142685,CHEMBL298,Cholecystokinin B receptor,IC50,=,15000.0,nM,CHEMBL660029,B,Binding affinity for Cholecystokinin type B receptor in guinea pig cortex by using [125I]BH-CCK-8 as radioligand,CHEMBL1125209,P32239,Cholecystokinin B receptor,IC50,Cc1ccccc1NC(=O)NCCC[C@H](NC(=O)[C@H](Cc1c[nH]c2ccccc12)NC(=O)OC(C)(C)C)C(=O)N[C@@H](CC(=O)O)C(=O)N[C@@H](Cc1ccccc1)C(N)=O,4.823908740944319
CHEMBL3142696,CHEMBL298,Cholecystokinin B receptor,IC50,=,3000.0,nM,CHEMBL660029,B,Binding affinity for Cholecystokinin type B receptor in guinea pig cortex by using [125I]BH-CCK-8 as radioligand,CHEMBL1125209,P32239,Cholecystokinin B receptor,IC50,CC(C)(C)OC(=O)N[C@@H](Cc1c[nH]c2ccccc12)C(=O)N[C@@H](CCCCNC(=O)Nc1cccc(C(F)(F)F)c1)C(=O)N[C@@H](CC(=O)O)C(=O)N[C@@H](Cc1ccccc1)C(N)=O,5.522878745280337
CHEMBL3142906,CHEMBL298,Cholecystokinin B receptor,IC50,=,3100.0,nM,CHEMBL660029,B,Binding affinity for Cholecystokinin type B receptor in guinea pig cortex by using [125I]BH-CCK-8 as radioligand,CHEMBL1125209,P32239,Cholecystokinin B receptor,IC50,COC(=O)c1ccccc1NC(=O)NCCCC[C@H](NC(=O)[C@H](Cc1c[nH]c2ccccc12)NC(=O)OC(C)(C)C)C(=O)N[C@@H](CC(=O)O)C(=O)N[C@@H](Cc1ccccc1)C(N)=O,5.508638306165727
CHEMBL3142899,CHEMBL298,Cholecystokinin B receptor,IC50,=,1300.0,nM,CHEMBL662560,B,Binding affinity towards cholecystokinin type B receptor in guinea pig cortex by using [125I]BH-CCK-8 as radioligand,CHEMBL1125209,P32239,Cholecystokinin B receptor,IC50,CC(=O)c1cccc(NC(=O)NCCCC[C@H](NC(=O)[C@H](Cc2c[nH]c3ccccc23)NC(=O)OC(C)(C)C)C(=O)N[C@@H](CC(=O)O)C(=O)N[C@@H](Cc2ccccc2)C(N)=O)c1,5.886056647693163
CHEMBL3142903,CHEMBL298,Cholecystokinin B receptor,IC50,=,990.0,nM,CHEMBL660029,B,Binding affinity for Cholecystokinin type B receptor in guinea pig cortex by using [125I]BH-CCK-8 as radioligand,CHEMBL1125209,P32239,Cholecystokinin B receptor,IC50,CC(C)(C)OC(=O)N[C@@H](Cc1c[nH]c2ccccc12)C(=O)N[C@@H](CCCCNC(=O)Nc1ccccc1[N+](=O)[O-])C(=O)N[C@@H](CC(=O)O)C(=O)N[C@@H](Cc1ccccc1)C(N)=O,6.00436480540245
CHEMBL3142693,CHEMBL298,Cholecystokinin B receptor,IC50,=,1600.0,nM,CHEMBL660029,B,Binding affinity for Cholecystokinin type B receptor in guinea pig cortex by using [125I]BH-CCK-8 as radioligand,CHEMBL1125209,P32239,Cholecystokinin B receptor,IC50,CC(C)(C)OC(=O)N[C@@H](Cc1c[nH]c2ccccc12)C(=O)N[C@@H](CCCCNC(=O)Nc1ccccc1C(F)(F)F)C(=O)N[C@@H](CC(=O)O)C(=O)N[C@@H](Cc1ccccc1)C(N)=O,5.795880017344075
CHEMBL320868,CHEMBL298,Cholecystokinin B receptor,IC50,=,1400.0,nM,CHEMBL660029,B,Binding affinity for Cholecystokinin type B receptor in guinea pig cortex by using [125I]BH-CCK-8 as radioligand,CHEMBL1125209,P32239,Cholecystokinin B receptor,IC50,Cc1ccccc1NC(=O)NCCCC[C@H](NC(=O)[C@H](Cc1c[nH]c2ccccc12)NC(=O)OC(C)(C)C)C(=O)N[C@@H](CC(=O)O)C(=O)N[C@@H](Cc1ccccc1)C(N)=O,5.853871964321762
CHEMBL100609,CHEMBL298,Cholecystokinin B receptor,IC50,=,3400.0,nM,CHEMBL660029,B,Binding affinity for Cholecystokinin type B receptor in guinea pig cortex by using [125I]BH-CCK-8 as radioligand,CHEMBL1125209,P32239,Cholecystokinin B receptor,IC50,COc1ccccc1NC(=O)NCCCC[C@H](NC(=O)[C@H](Cc1c[nH]c2ccccc12)NC(=O)OC(C)(C)C)C(=O)N[C@@H](CC(=O)O)C(=O)N[C@@H](Cc1ccccc1)C(N)=O,5.468521082957745
CHEMBL3142701,CHEMBL298,Cholecystokinin B receptor,IC50,=,3700.0,nM,CHEMBL660029,B,Binding affinity for Cholecystokinin type B receptor in guinea pig cortex by using [125I]BH-CCK-8 as radioligand,CHEMBL1125209,P32239,Cholecystokinin B receptor,IC50,CC(C)(C)OC(=O)N[C@@H](Cc1c[nH]c2ccccc12)C(=O)N[C@@H](CCCC/N=C(\S)Nc1ccc(Cl)cc1)C(=O)N[C@@H](CC(=O)O)C(=O)N[C@@H](Cc1ccccc1)C(N)=O,5.431798275933005
CHEMBL3142691,CHEMBL298,Cholecystokinin B receptor,IC50,=,3000.0,nM,CHEMBL662560,B,Binding affinity towards cholecystokinin type B receptor in guinea pig cortex by using [125I]BH-CCK-8 as radioligand,CHEMBL1125209,P32239,Cholecystokinin B receptor,IC50,CC(C)(C)OC(=O)N[C@@H](Cc1c[nH]c2ccccc12)C(=O)N[C@@H](CCCCNC(=O)Nc1cccc(Cl)c1Cl)C(=O)N[C@@H](CC(=O)O)C(=O)N[C@@H](Cc1ccccc1)C(N)=O,5.522878745280337
CHEMBL3142689,CHEMBL298,Cholecystokinin B receptor,IC50,=,5600.0,nM,CHEMBL660029,B,Binding affinity for Cholecystokinin type B receptor in guinea pig cortex by using [125I]BH-CCK-8 as radioligand,CHEMBL1125209,P32239,Cholecystokinin B receptor,IC50,CC(C)(C)NC(=O)NCCCC[C@H](NC(=O)[C@H](Cc1c[nH]c2ccccc12)NC(=O)OC(C)(C)C)C(=O)N[C@@H](CC(=O)O)C(=O)N[C@@H](Cc1ccccc1)C(N)=O,5.251811972993799
CHEMBL3142698,CHEMBL298,Cholecystokinin B receptor,IC50,=,2000.0,nM,CHEMBL662560,B,Binding affinity towards cholecystokinin type B receptor in guinea pig cortex by using [125I]BH-CCK-8 as radioligand,CHEMBL1125209,P32239,Cholecystokinin B receptor,IC50,Cc1ccccc1/N=C(/S)NCCCC[C@H](NC(=O)[C@H](Cc1c[nH]c2ccccc12)NC(=O)OC(C)(C)C)C(=O)N[C@@H](CC(=O)O)C(=O)N[C@@H](Cc1ccccc1)C(N)=O,5.698970004336019
CHEMBL3142702,CHEMBL298,Cholecystokinin B receptor,IC50,=,2900.0,nM,CHEMBL660029,B,Binding affinity for Cholecystokinin type B receptor in guinea pig cortex by using [125I]BH-CCK-8 as radioligand,CHEMBL1125209,P32239,Cholecystokinin B receptor,IC50,CC(C)(C)OC(=O)N[C@@H](Cc1c[nH]c2ccccc12)C(=O)N[C@@H](CCCC/N=C(\S)Nc1ccccc1Cl)C(=O)N[C@@H](CC(=O)O)C(=O)N[C@@H](Cc1ccccc1)C(N)=O,5.537602002101044
CHEMBL3142905,CHEMBL298,Cholecystokinin B receptor,IC50,=,1400.0,nM,CHEMBL662560,B,Binding affinity towards cholecystokinin type B receptor in guinea pig cortex by using [125I]BH-CCK-8 as radioligand,CHEMBL1125209,P32239,Cholecystokinin B receptor,IC50,COC(=O)c1cccc(NC(=O)NCCCC[C@H](NC(=O)[C@H](Cc2c[nH]c3ccccc23)NC(=O)OC(C)(C)C)C(=O)N[C@@H](CC(=O)O)C(=O)N[C@@H](Cc2ccccc2)C(N)=O)c1,5.853871964321762
CHEMBL262767,CHEMBL298,Cholecystokinin B receptor,IC50,=,1200.0,nM,CHEMBL662560,B,Binding affinity towards cholecystokinin type B receptor in guinea pig cortex by using [125I]BH-CCK-8 as radioligand,CHEMBL1125209,P32239,Cholecystokinin B receptor,IC50,Cc1ccc(NC(=O)NCCCC[C@H](NC(=O)[C@H](Cc2c[nH]c3ccccc23)NC(=O)OC(C)(C)C)C(=O)N[C@@H](CC(=O)O)C(=O)N[C@@H](Cc2ccccc2)C(N)=O)cc1,5.920818753952375
CHEMBL327849,CHEMBL298,Cholecystokinin B receptor,IC50,=,776.25,nM,CHEMBL660311,B,In vitro for binding affinity against human cholecystokinin type B receptor.,CHEMBL1130123,P32239,Cholecystokinin B receptor,IC50,COc1ccc(N(C(=O)CN2C(=O)C(Cc3n[nH]c4ccccc34)C(=O)N(c3ccccc3)c3ccccc32)C2CCCC2)cc1,6.109998386815363
CHEMBL102633,CHEMBL298,Cholecystokinin B receptor,IC50,=,4.9,nM,CHEMBL662569,B,Displacement of [125I]-BH CCK-8S from Cholecystokinin type B receptor in guinea pig cortex,CHEMBL1152099,P32239,Cholecystokinin B receptor,IC50,CCCN1C(=O)C(NC(=O)Nc2cccc(CC)c2)N=C(N2CCN(C)CC2)c2ccccc21,8.309803919971486
CHEMBL318570,CHEMBL298,Cholecystokinin B receptor,IC50,=,3500.0,nM,CHEMBL662575,B,Concentration required to inhibit 50% of specific binding to Cholecystokinin type B receptor in guinea pig cortex using [125I]Bolton-Hunter CCK-8,CHEMBL1127339,P32239,Cholecystokinin B receptor,IC50,Cc1ccccc1NC(=O)NCCCC[C@H](NC(=O)[C@H](Cc1c[nH]c2ccccc12)NC(=O)NC(C)(C)C)C(=O)N[C@@H](CC(=O)O)C(=O)N(C)[C@@H](Cc1ccccc1)C(N)=O,5.455931955649724
CHEMBL431065,CHEMBL298,Cholecystokinin B receptor,IC50,=,3000.0,nM,CHEMBL662575,B,Concentration required to inhibit 50% of specific binding to Cholecystokinin type B receptor in guinea pig cortex using [125I]Bolton-Hunter CCK-8,CHEMBL1127339,P32239,Cholecystokinin B receptor,IC50,Cc1ccccc1NC(=O)NCCCC[C@H](NC(=O)[C@H](Cc1c[nH]c2ccccc12)NC(=O)Nc1ccccc1)C(=O)N[C@@H](CC(=O)O)C(=O)N(C)[C@@H](Cc1ccccc1)C(N)=O,5.522878745280337
CHEMBL90697,CHEMBL298,Cholecystokinin B receptor,IC50,=,588.84,nM,CHEMBL660311,B,In vitro for binding affinity against human cholecystokinin type B receptor.,CHEMBL1130123,P32239,Cholecystokinin B receptor,IC50,COc1ccc(N(C(=O)CN2C(=O)C(Cc3n[nH]c4cc(F)ccc34)C(=O)N(c3ccccc3)c3ccccc32)C(C)C)cc1,6.23000269597146
CHEMBL101528,CHEMBL298,Cholecystokinin B receptor,IC50,=,9.8,nM,CHEMBL662569,B,Displacement of [125I]-BH CCK-8S from Cholecystokinin type B receptor in guinea pig cortex,CHEMBL1152099,P32239,Cholecystokinin B receptor,IC50,CCCN1C(=O)C(NC(=O)Nc2cccc(C)c2)N=C(N2CCN(C)CC2)c2ccccc21,8.008773924307505
CHEMBL344154,CHEMBL298,Cholecystokinin B receptor,IC50,=,30000.0,nM,CHEMBL661927,B,Inhibition of binding of [125I]CCK-8 to Cholecystokinin type B receptor in guinea pig brain tissues,CHEMBL1124966,P32239,Cholecystokinin B receptor,IC50,O=C(NCC1N=C(c2ccccc2F)c2ccccc2NC1=O)c1cc2ccccc2[nH]1,4.522878745280337
CHEMBL91986,CHEMBL298,Cholecystokinin B receptor,IC50,=,173780.08,nM,CHEMBL660311,B,In vitro for binding affinity against human cholecystokinin type B receptor.,CHEMBL1130123,P32239,Cholecystokinin B receptor,IC50,COc1ccc(N(C(=O)CN2C(=O)C(Cc3noc4ccccc34)C(=O)N(c3ccccc3)c3ccccc32)C(C)C)cc1,3.760000007184768
CHEMBL102537,CHEMBL298,Cholecystokinin B receptor,IC50,=,880.0,nM,CHEMBL662569,B,Displacement of [125I]-BH CCK-8S from Cholecystokinin type B receptor in guinea pig cortex,CHEMBL1152099,P32239,Cholecystokinin B receptor,IC50,Cc1cccc(NC(=O)NC2N=C(N3CCNCC3)c3ccccc3N(C)C2=O)c1,6.055517327849831
CHEMBL429932,CHEMBL298,Cholecystokinin B receptor,IC50,=,7400.0,nM,CHEMBL662575,B,Concentration required to inhibit 50% of specific binding to Cholecystokinin type B receptor in guinea pig cortex using [125I]Bolton-Hunter CCK-8,CHEMBL1127339,P32239,Cholecystokinin B receptor,IC50,Cc1ccccc1NC(=O)NCCCC[C@H](NC(=O)[C@H](Cc1c[nH]c2ccccc12)NC(=O)OC1C2CC3CC(C2)CC1C3)C(=O)N[C@@H](CC(=O)O)C(=O)N(C)[C@@H](Cc1ccccc1)C(N)=O,5.130768280269024
CHEMBL319439,CHEMBL298,Cholecystokinin B receptor,IC50,=,4800.0,nM,CHEMBL662575,B,Concentration required to inhibit 50% of specific binding to Cholecystokinin type B receptor in guinea pig cortex using [125I]Bolton-Hunter CCK-8,CHEMBL1127339,P32239,Cholecystokinin B receptor,IC50,CNC(=O)N[C@@H](Cc1c[nH]c2ccccc12)C(=O)N[C@@H](CCCCNC(=O)Nc1ccccc1C)C(=O)N[C@@H](CC(=O)O)C(=O)N(C)[C@@H](Cc1ccccc1)C(N)=O,5.318758762624412
CHEMBL140365,CHEMBL298,Cholecystokinin B receptor,IC50,=,37400.0,nM,CHEMBL661927,B,Inhibition of binding of [125I]CCK-8 to Cholecystokinin type B receptor in guinea pig brain tissues,CHEMBL1124966,P32239,Cholecystokinin B receptor,IC50,CN1c2ccccc2C(c2ccccc2F)=NCC1CNC(=O)c1ccc(Cl)cc1,4.42712839779952
CHEMBL328285,CHEMBL298,Cholecystokinin B receptor,IC50,=,29512.09,nM,CHEMBL660311,B,In vitro for binding affinity against human cholecystokinin type B receptor.,CHEMBL1130123,P32239,Cholecystokinin B receptor,IC50,COc1ccc(N(C(=O)CN2C(=O)C(Cc3c[nH]c4ccccc34)(OC)C(=O)N(c3ccccc3)c3ccccc32)C(C)C)cc1,4.530000033355806
CHEMBL406790,CHEMBL298,Cholecystokinin B receptor,IC50,=,1047.13,nM,CHEMBL660311,B,In vitro for binding affinity against human cholecystokinin type B receptor.,CHEMBL1130123,P32239,Cholecystokinin B receptor,IC50,COc1ccc(N(C(=O)CN2C(=O)C(Cc3n[nH]c4c(F)cccc34)C(=O)N(c3ccccc3)c3ccccc32)C(C)C)cc1,5.979999397807417
CHEMBL88545,CHEMBL298,Cholecystokinin B receptor,IC50,=,177.83,nM,CHEMBL660311,B,In vitro for binding affinity against human cholecystokinin type B receptor.,CHEMBL1130123,P32239,Cholecystokinin B receptor,IC50,CC(C)N(C(=O)CN1C(=O)C(Cc2n[nH]c3ccccc23)C(=O)N(c2ccccc2)c2ccccc21)c1ccccc1,6.749994971513104
CHEMBL9387,CHEMBL298,Cholecystokinin B receptor,IC50,=,8.5,nM,CHEMBL662569,B,Displacement of [125I]-BH CCK-8S from Cholecystokinin type B receptor in guinea pig cortex,CHEMBL1152099,P32239,Cholecystokinin B receptor,IC50,Cc1cccc(NC(=O)N[C@@H]2N=C(c3ccccc3)c3ccccc3N(C)C2=O)c1,8.070581074285707
CHEMBL107694,CHEMBL298,Cholecystokinin B receptor,IC50,=,4500.0,nM,CHEMBL662575,B,Concentration required to inhibit 50% of specific binding to Cholecystokinin type B receptor in guinea pig cortex using [125I]Bolton-Hunter CCK-8,CHEMBL1127339,P32239,Cholecystokinin B receptor,IC50,Cc1ccccc1NC(=O)NCCCC[C@H](NC(=O)[C@H](Cc1c[nH]c2ccccc12)NC(=O)OC(C)C)C(=O)N[C@@H](CC(=O)O)C(=O)N(C)[C@@H](Cc1ccccc1)C(N)=O,5.346787486224656
CHEMBL319438,CHEMBL298,Cholecystokinin B receptor,IC50,=,6400.0,nM,CHEMBL662575,B,Concentration required to inhibit 50% of specific binding to Cholecystokinin type B receptor in guinea pig cortex using [125I]Bolton-Hunter CCK-8,CHEMBL1127339,P32239,Cholecystokinin B receptor,IC50,CC(=O)N[C@@H](Cc1c[nH]c2ccccc12)C(=O)N[C@@H](CCCCNC(=O)Nc1ccccc1C)C(=O)N[C@@H](CC(=O)O)C(=O)N(C)[C@@H](Cc1ccccc1)C(N)=O,5.1938200260161125
CHEMBL141365,CHEMBL298,Cholecystokinin B receptor,IC50,=,34000.0,nM,CHEMBL661927,B,Inhibition of binding of [125I]CCK-8 to Cholecystokinin type B receptor in guinea pig brain tissues,CHEMBL1124966,P32239,Cholecystokinin B receptor,IC50,O=C(NCC1CNc2ccccc2C(c2ccccc2F)=N1)c1cc2ccccc2[nH]1,4.468521082957745
CHEMBL328586,CHEMBL298,Cholecystokinin B receptor,IC50,=,1698.24,nM,CHEMBL660311,B,In vitro for binding affinity against human cholecystokinin type B receptor.,CHEMBL1130123,P32239,Cholecystokinin B receptor,IC50,COc1ccc(N(C(=O)CN2C(=O)C(Cc3n[nH]c4cccc(F)c34)C(=O)N(c3ccccc3)c3ccccc32)C(C)C)cc1,5.770000934050708
CHEMBL327552,CHEMBL298,Cholecystokinin B receptor,IC50,=,1659.59,nM,CHEMBL660311,B,In vitro for binding affinity against human cholecystokinin type B receptor.,CHEMBL1130123,P32239,Cholecystokinin B receptor,IC50,CC(C)N(C(=O)CN1C(=O)C(Cc2n[nH]c3ccccc23)C(=O)N(c2ccccc2)c2ccccc21)c1ccc(C(F)(F)F)cc1,5.779999190713337
CHEMBL324219,CHEMBL298,Cholecystokinin B receptor,IC50,=,6400.0,nM,CHEMBL662575,B,Concentration required to inhibit 50% of specific binding to Cholecystokinin type B receptor in guinea pig cortex using [125I]Bolton-Hunter CCK-8,CHEMBL1127339,P32239,Cholecystokinin B receptor,IC50,Cc1ccccc1NC(=O)NCCCC[C@H](NC(=O)[C@H](Cc1c[nH]c2ccccc12)NC(=O)CCC(=O)O)C(=O)N[C@@H](CC(=O)O)C(=O)N(C)[C@@H](Cc1ccccc1)C(N)=O,5.1938200260161125
CHEMBL343158,CHEMBL298,Cholecystokinin B receptor,IC50,=,74000.0,nM,CHEMBL661927,B,Inhibition of binding of [125I]CCK-8 to Cholecystokinin type B receptor in guinea pig brain tissues,CHEMBL1124966,P32239,Cholecystokinin B receptor,IC50,O=C(NCC1CNc2ccccc2C(c2ccccc2F)=N1)c1ccsc1,4.130768280269024
CHEMBL310466,CHEMBL298,Cholecystokinin B receptor,IC50,=,2398.83,nM,CHEMBL660311,B,In vitro for binding affinity against human cholecystokinin type B receptor.,CHEMBL1130123,P32239,Cholecystokinin B receptor,IC50,COc1ccc(N(C(=O)CN2C(=O)C(Cc3nn(C)c4ccccc34)C(=O)N(c3ccccc3)c3ccccc32)C(C)C)cc1,5.620000528471499
CHEMBL420783,CHEMBL298,Cholecystokinin B receptor,IC50,=,0.1,nM,CHEMBL662569,B,Displacement of [125I]-BH CCK-8S from Cholecystokinin type B receptor in guinea pig cortex,CHEMBL1152099,P32239,Cholecystokinin B receptor,IC50,Cc1cccc(NC(=O)N[C@@H]2N=C(N3CC4CCC(CC4)C3)c3ccccc3N(C)C2=O)c1,10.0
CHEMBL317477,CHEMBL298,Cholecystokinin B receptor,IC50,=,5200.0,nM,CHEMBL662575,B,Concentration required to inhibit 50% of specific binding to Cholecystokinin type B receptor in guinea pig cortex using [125I]Bolton-Hunter CCK-8,CHEMBL1127339,P32239,Cholecystokinin B receptor,IC50,COC(=O)N[C@@H](Cc1c[nH]c2ccccc12)C(=O)N[C@@H](CCCCNC(=O)Nc1ccccc1C)C(=O)N[C@@H](CC(=O)O)C(=O)N(C)[C@@H](Cc1ccccc1)C(N)=O,5.2839966563652006
CHEMBL319180,CHEMBL298,Cholecystokinin B receptor,IC50,=,270.0,nM,CHEMBL662569,B,Displacement of [125I]-BH CCK-8S from Cholecystokinin type B receptor in guinea pig cortex,CHEMBL1152099,P32239,Cholecystokinin B receptor,IC50,CCCN1C(=O)[C@@H](NC(=O)Nc2cccc(C)c2)N=C(N2CCN(C)CC2)c2ccccc21,6.568636235841012
CHEMBL343969,CHEMBL298,Cholecystokinin B receptor,IC50,=,55000.0,nM,CHEMBL661927,B,Inhibition of binding of [125I]CCK-8 to Cholecystokinin type B receptor in guinea pig brain tissues,CHEMBL1124966,P32239,Cholecystokinin B receptor,IC50,CN1c2ccccc2C(c2ccccc2F)=NCC1CNC(=O)CCC(=O)OCc1ccccc1,4.259637310505756
CHEMBL140984,CHEMBL298,Cholecystokinin B receptor,IC50,=,100000.0,nM,CHEMBL661927,B,Inhibition of binding of [125I]CCK-8 to Cholecystokinin type B receptor in guinea pig brain tissues,CHEMBL1124966,P32239,Cholecystokinin B receptor,IC50,O=C(NCC1N=C(c2ccccc2F)c2ccccc2NC1=O)c1ccsc1,4.0
CHEMBL342256,CHEMBL298,Cholecystokinin B receptor,IC50,=,38600.0,nM,CHEMBL661927,B,Inhibition of binding of [125I]CCK-8 to Cholecystokinin type B receptor in guinea pig brain tissues,CHEMBL1124966,P32239,Cholecystokinin B receptor,IC50,CN1c2ccccc2C(c2ccccc2F)=NCC1CNC(=O)C(Cc1c[nH]c2ccccc12)NC(=O)OC(C)(C)C,4.413412695328245
CHEMBL141051,CHEMBL298,Cholecystokinin B receptor,IC50,=,100000.0,nM,CHEMBL661927,B,Inhibition of binding of [125I]CCK-8 to Cholecystokinin type B receptor in guinea pig brain tissues,CHEMBL1124966,P32239,Cholecystokinin B receptor,IC50,CN1c2ccccc2C(c2ccccc2F)=NCC1CNc1cccc(C(F)(F)F)c1,4.0
CHEMBL330521,CHEMBL298,Cholecystokinin B receptor,IC50,=,478.63,nM,CHEMBL660311,B,In vitro for binding affinity against human cholecystokinin type B receptor.,CHEMBL1130123,P32239,Cholecystokinin B receptor,IC50,CC(C)N(C(=O)CN1C(=O)C(Cc2n[nH]c3ccccc23)C(=O)N(c2ccccc2)c2ccccc21)c1ccc(F)cc1,6.32000008377078
CHEMBL322635,CHEMBL298,Cholecystokinin B receptor,IC50,=,6500.0,nM,CHEMBL662575,B,Concentration required to inhibit 50% of specific binding to Cholecystokinin type B receptor in guinea pig cortex using [125I]Bolton-Hunter CCK-8,CHEMBL1127339,P32239,Cholecystokinin B receptor,IC50,Cc1ccccc1NC(=O)NCCCC[C@H](NC(=O)[C@H](Cc1c[nH]c2ccccc12)NC(=O)Oc1ccccc1)C(=O)N[C@@H](CC(=O)O)C(=O)N(C)[C@@H](Cc1ccccc1)C(N)=O,5.187086643357144
CHEMBL106722,CHEMBL298,Cholecystokinin B receptor,IC50,=,6100.0,nM,CHEMBL662575,B,Concentration required to inhibit 50% of specific binding to Cholecystokinin type B receptor in guinea pig cortex using [125I]Bolton-Hunter CCK-8,CHEMBL1127339,P32239,Cholecystokinin B receptor,IC50,Cc1ccccc1NC(=O)NCCCC[C@H](NC(=O)[C@H](Cc1c[nH]c2ccccc12)NC(=O)OCC(C)C)C(=O)N[C@@H](CC(=O)O)C(=O)N(C)[C@@H](Cc1ccccc1)C(N)=O,5.214670164989233
CHEMBL140495,CHEMBL298,Cholecystokinin B receptor,IC50,=,100000.0,nM,CHEMBL661927,B,Inhibition of binding of [125I]CCK-8 to Cholecystokinin type B receptor in guinea pig brain tissues,CHEMBL1124966,P32239,Cholecystokinin B receptor,IC50,O=C(NCC1CNc2ccccc2C(c2ccccc2F)=N1)OCc1ccccc1,4.0
CHEMBL9506,CHEMBL298,Cholecystokinin B receptor,IC50,=,245.0,nM,CHEMBL661927,B,Inhibition of binding of [125I]CCK-8 to Cholecystokinin type B receptor in guinea pig brain tissues,CHEMBL1124966,P32239,Cholecystokinin B receptor,IC50,CN1C(=O)[C@@H](NC(=O)c2cc3ccccc3[nH]2)N=C(c2ccccc2)c2ccccc21,6.610833915635467
CHEMBL334933,CHEMBL298,Cholecystokinin B receptor,IC50,=,100000.0,nM,CHEMBL661927,B,Inhibition of binding of [125I]CCK-8 to Cholecystokinin type B receptor in guinea pig brain tissues,CHEMBL1124966,P32239,Cholecystokinin B receptor,IC50,O=C(NCC1N=C(c2ccccc2F)c2ccccc2NC1=O)OCc1ccccc1,4.0
CHEMBL423918,CHEMBL298,Cholecystokinin B receptor,IC50,=,100000.0,nM,CHEMBL661927,B,Inhibition of binding of [125I]CCK-8 to Cholecystokinin type B receptor in guinea pig brain tissues,CHEMBL1124966,P32239,Cholecystokinin B receptor,IC50,O=C1Nc2ccccc2C(c2ccccc2F)=NC1CNc1cnc(Cl)cn1,4.0
CHEMBL330566,CHEMBL298,Cholecystokinin B receptor,IC50,=,25.12,nM,CHEMBL660311,B,In vitro for binding affinity against human cholecystokinin type B receptor.,CHEMBL1130123,P32239,Cholecystokinin B receptor,IC50,O=C1C(Cc2n[nH]c3ccccc23)C(=O)N(c2ccccc2)c2ccccc2N1CC(=O)N(c1ccccc1)C1CC1,7.599980364934842
CHEMBL92586,CHEMBL298,Cholecystokinin B receptor,IC50,=,190.55,nM,CHEMBL660311,B,In vitro for binding affinity against human cholecystokinin type B receptor.,CHEMBL1130123,P32239,Cholecystokinin B receptor,IC50,COc1cccc(N(C(=O)CN2C(=O)C(Cc3n[nH]c4ccccc34)C(=O)N(c3ccccc3)c3ccccc32)C(C)C)c1,6.719991046891813
CHEMBL103791,CHEMBL298,Cholecystokinin B receptor,IC50,=,31.0,nM,CHEMBL662569,B,Displacement of [125I]-BH CCK-8S from Cholecystokinin type B receptor in guinea pig cortex,CHEMBL1152099,P32239,Cholecystokinin B receptor,IC50,CCCN1C(=O)C(NC(=O)Nc2cccc(OC)c2)N=C(N2CCN(C)CC2)c2ccccc21,7.508638306165727
CHEMBL320405,CHEMBL298,Cholecystokinin B receptor,IC50,=,4700.0,nM,CHEMBL662575,B,Concentration required to inhibit 50% of specific binding to Cholecystokinin type B receptor in guinea pig cortex using [125I]Bolton-Hunter CCK-8,CHEMBL1127339,P32239,Cholecystokinin B receptor,IC50,Cc1ccccc1NC(=O)NCCCC[C@H](NC(=O)[C@H](Cc1c[nH]c2ccccc12)NC(=O)C(C)(C)C)C(=O)N[C@@H](CC(=O)O)C(=O)N(C)[C@@H](Cc1ccccc1)C(N)=O,5.327902142064282
CHEMBL88602,CHEMBL298,Cholecystokinin B receptor,IC50,=,5248.07,nM,CHEMBL660311,B,In vitro for binding affinity against human cholecystokinin type B receptor.,CHEMBL1130123,P32239,Cholecystokinin B receptor,IC50,COc1ccc(N(C(=O)CN2C(=O)C(Cc3c[nH]c4ccccc34)C(=O)N(c3ccccc3)c3ccccc32)C(C)C)cc1,5.280000380871156
CHEMBL420667,CHEMBL298,Cholecystokinin B receptor,IC50,=,5700.0,nM,CHEMBL662575,B,Concentration required to inhibit 50% of specific binding to Cholecystokinin type B receptor in guinea pig cortex using [125I]Bolton-Hunter CCK-8,CHEMBL1127339,P32239,Cholecystokinin B receptor,IC50,CCC(=O)N[C@@H](Cc1c[nH]c2ccccc12)C(=O)N[C@@H](CCCCNC(=O)Nc1ccccc1C)C(=O)N[C@@H](CC(=O)O)C(=O)N(C)[C@@H](Cc1ccccc1)C(N)=O,5.2441251443275085
CHEMBL322955,CHEMBL298,Cholecystokinin B receptor,IC50,=,2500.0,nM,CHEMBL662575,B,Concentration required to inhibit 50% of specific binding to Cholecystokinin type B receptor in guinea pig cortex using [125I]Bolton-Hunter CCK-8,CHEMBL1127339,P32239,Cholecystokinin B receptor,IC50,Cc1ccccc1NC(=O)NCCCC[C@H](NC(=O)[C@H](Cc1c[nH]c2ccccc12)NC(=O)c1ccccc1C(=O)O)C(=O)N[C@@H](CC(=O)O)C(=O)N(C)[C@@H](Cc1ccccc1)C(N)=O,5.6020599913279625
CHEMBL316164,CHEMBL298,Cholecystokinin B receptor,IC50,=,17378.01,nM,CHEMBL660311,B,In vitro for binding affinity against human cholecystokinin type B receptor.,CHEMBL1130123,P32239,Cholecystokinin B receptor,IC50,COc1ccc(N(C(=O)CN2C(=O)C(C)(Cc3c[nH]c4ccccc34)C(=O)N(c3ccccc3)c3ccccc32)C(C)C)cc1,4.759999957202692
CHEMBL100502,CHEMBL298,Cholecystokinin B receptor,IC50,=,18.3,nM,CHEMBL662569,B,Displacement of [125I]-BH CCK-8S from Cholecystokinin type B receptor in guinea pig cortex,CHEMBL1152099,P32239,Cholecystokinin B receptor,IC50,CCCc1cccc(NC(=O)NC2N=C(N3CCN(C)CC3)c3ccccc3N(CCC)C2=O)c1,7.73754891026957
CHEMBL320858,CHEMBL298,Cholecystokinin B receptor,IC50,=,4800.0,nM,CHEMBL662575,B,Concentration required to inhibit 50% of specific binding to Cholecystokinin type B receptor in guinea pig cortex using [125I]Bolton-Hunter CCK-8,CHEMBL1127339,P32239,Cholecystokinin B receptor,IC50,Cc1ccccc1NC(=O)NCCCC[C@H](NC(=O)[C@H](Cc1c[nH]c2ccccc12)NC(=O)OCc1ccccc1)C(=O)N[C@@H](CC(=O)O)C(=O)N(C)[C@@H](Cc1ccccc1)C(N)=O,5.318758762624412
CHEMBL103229,CHEMBL298,Cholecystokinin B receptor,IC50,=,121.0,nM,CHEMBL662569,B,Displacement of [125I]-BH CCK-8S from Cholecystokinin type B receptor in guinea pig cortex,CHEMBL1152099,P32239,Cholecystokinin B receptor,IC50,Cc1cccc(NC(=O)NC2N=C(N3CCN(C)CC3)c3ccccc3N(C)C2=O)c1,6.91721462968355
CHEMBL343066,CHEMBL298,Cholecystokinin B receptor,IC50,=,15500.0,nM,CHEMBL661927,B,Inhibition of binding of [125I]CCK-8 to Cholecystokinin type B receptor in guinea pig brain tissues,CHEMBL1124966,P32239,Cholecystokinin B receptor,IC50,CN1c2ccccc2C(c2ccccc2F)=NCC1CNC(=O)c1cc2ccccc2[nH]1,4.809668301829708
CHEMBL318360,CHEMBL298,Cholecystokinin B receptor,IC50,=,7.6,nM,CHEMBL663098,B,Compound was tested for its binding affinity by measuring the displacement of [125I]-BH CCK-8S from Cholecystokinin type B receptor in guinea pig cortex,CHEMBL1152099,P32239,Cholecystokinin B receptor,IC50,CCCN1C(=O)[C@H](NC(=O)Nc2cccc(C)c2)N=C(N2CCN(C)CC2)c2ccccc21,8.119186407719209
CHEMBL318360,CHEMBL298,Cholecystokinin B receptor,IC50,=,2.7,nM,CHEMBL682561,B,Compound was tested for its binding affinity against gastrin receptor in guinea pig gastric glands,CHEMBL1152099,P32239,Cholecystokinin B receptor,IC50,CCCN1C(=O)[C@H](NC(=O)Nc2cccc(C)c2)N=C(N2CCN(C)CC2)c2ccccc21,8.568636235841012
CHEMBL141354,CHEMBL298,Cholecystokinin B receptor,IC50,=,23000.0,nM,CHEMBL661927,B,Inhibition of binding of [125I]CCK-8 to Cholecystokinin type B receptor in guinea pig brain tissues,CHEMBL1124966,P32239,Cholecystokinin B receptor,IC50,CN1c2ccccc2C(c2ccccc2F)=NCC1CNC(=O)Cc1cccc2sccc12,4.638272163982407
CHEMBL105273,CHEMBL298,Cholecystokinin B receptor,IC50,=,11.8,nM,CHEMBL662569,B,Displacement of [125I]-BH CCK-8S from Cholecystokinin type B receptor in guinea pig cortex,CHEMBL1152099,P32239,Cholecystokinin B receptor,IC50,CCCN1C(=O)C(NC(=O)Nc2cccc(C(F)(F)F)c2)N=C(N2CCN(C)CC2)c2ccccc21,7.928117992693874
CHEMBL293226,CHEMBL298,Cholecystokinin B receptor,IC50,=,1000.0,nM,CHEMBL660311,B,In vitro for binding affinity against human cholecystokinin type B receptor.,CHEMBL1130123,P32239,Cholecystokinin B receptor,IC50,COc1ccc(N(C(=O)CN2C(=O)C(Cc3n[nH]c4ccccc34)C(=O)N(c3ccccc3)c3ccccc32)C(C)C)cc1,6.0
CHEMBL327656,CHEMBL298,Cholecystokinin B receptor,IC50,=,11220.18,nM,CHEMBL660311,B,In vitro for binding affinity against human cholecystokinin type B receptor.,CHEMBL1130123,P32239,Cholecystokinin B receptor,IC50,COc1ccc(N(C(=O)CN2C(=O)C(Cc3n[nH]c4ncccc34)C(=O)N(c3ccccc3)c3ccccc32)C(C)C)cc1,4.950000175844591
CHEMBL103119,CHEMBL298,Cholecystokinin B receptor,IC50,=,1.81,nM,CHEMBL662569,B,Displacement of [125I]-BH CCK-8S from Cholecystokinin type B receptor in guinea pig cortex,CHEMBL1152099,P32239,Cholecystokinin B receptor,IC50,Cc1cccc(NC(=O)N[C@@H]2N=C(c3ccccc3)c3ccccc3N3C[C@H](C)N=C23)c1,8.742321425130816
CHEMBL322391,CHEMBL298,Cholecystokinin B receptor,IC50,=,7600.0,nM,CHEMBL662575,B,Concentration required to inhibit 50% of specific binding to Cholecystokinin type B receptor in guinea pig cortex using [125I]Bolton-Hunter CCK-8,CHEMBL1127339,P32239,Cholecystokinin B receptor,IC50,Cc1ccccc1NC(=O)NCCCC[C@H](NC(=O)[C@H](Cc1c[nH]c2ccccc12)NC(=O)Cc1ccccc1)C(=O)N[C@@H](CC(=O)O)C(=O)N(C)[C@@H](Cc1ccccc1)C(N)=O,5.119186407719209
CHEMBL316077,CHEMBL298,Cholecystokinin B receptor,IC50,=,2951.21,nM,CHEMBL660311,B,In vitro for binding affinity against human cholecystokinin type B receptor.,CHEMBL1130123,P32239,Cholecystokinin B receptor,IC50,COc1ccc(N(C(=O)CN2C(=O)C(Cc3[nH]nc4c3CCCC4)C(=O)N(c3ccccc3)c3ccccc32)C(C)C)cc1,5.529999886197674
CHEMBL319913,CHEMBL298,Cholecystokinin B receptor,IC50,=,5200.0,nM,CHEMBL662575,B,Concentration required to inhibit 50% of specific binding to Cholecystokinin type B receptor in guinea pig cortex using [125I]Bolton-Hunter CCK-8,CHEMBL1127339,P32239,Cholecystokinin B receptor,IC50,Cc1ccccc1NC(=O)NCCCC[C@H](NC(=O)[C@H](Cc1c[nH]c2ccccc12)NC(=O)CC(C)(C)C)C(=O)N[C@@H](CC(=O)O)C(=O)N(C)[C@@H](Cc1ccccc1)C(N)=O,5.2839966563652006
CHEMBL141048,CHEMBL298,Cholecystokinin B receptor,IC50,=,100000.0,nM,CHEMBL661927,B,Inhibition of binding of [125I]CCK-8 to Cholecystokinin type B receptor in guinea pig brain tissues,CHEMBL1124966,P32239,Cholecystokinin B receptor,IC50,CC(=O)NCSCC(=O)NCC1CN=C(c2ccccc2F)c2ccccc2N1C,4.0
CHEMBL89953,CHEMBL298,Cholecystokinin B receptor,IC50,=,100000.0,nM,CHEMBL660311,B,In vitro for binding affinity against human cholecystokinin type B receptor.,CHEMBL1130123,P32239,Cholecystokinin B receptor,IC50,COc1ccc(N(C(=O)CN2C(=O)C(Cc3nn(Cc4ccccc4)c4ccccc34)C(=O)N(c3ccccc3)c3ccccc32)C(C)C)cc1,4.0
CHEMBL140620,CHEMBL298,Cholecystokinin B receptor,IC50,=,100000.0,nM,CHEMBL661927,B,Inhibition of binding of [125I]CCK-8 to Cholecystokinin type B receptor in guinea pig brain tissues,CHEMBL1124966,P32239,Cholecystokinin B receptor,IC50,CN1c2ccccc2C(c2ccccc2F)=NCC1CNC(=O)c1cccnc1,4.0
CHEMBL329407,CHEMBL298,Cholecystokinin B receptor,IC50,=,128.82,nM,CHEMBL660311,B,In vitro for binding affinity against human cholecystokinin type B receptor.,CHEMBL1130123,P32239,Cholecystokinin B receptor,IC50,COc1ccccc1N(C(=O)CN1C(=O)C(Cc2n[nH]c3ccccc23)C(=O)N(c2ccccc2)c2ccccc21)C(C)C,6.890016705180107
CHEMBL1121,CHEMBL298,Cholecystokinin B receptor,IC50,=,0.3467,nM,CHEMBL660311,B,In vitro for binding affinity against human cholecystokinin type B receptor.,CHEMBL1130123,P32239,Cholecystokinin B receptor,IC50,CSCC[C@H](NC(=O)[C@H](Cc1ccc(OS(=O)(=O)O)cc1)NC(=O)[C@@H](N)CC(=O)O)C(=O)NCC(=O)N[C@@H](Cc1c[nH]c2ccccc12)C(=O)N[C@@H](CCSC)C(=O)N[C@@H](CC(=O)O)C(=O)N[C@@H](Cc1ccccc1)C(N)=O,9.460046158343603
CHEMBL327815,CHEMBL298,Cholecystokinin B receptor,IC50,=,3630.78,nM,CHEMBL660311,B,In vitro for binding affinity against human cholecystokinin type B receptor.,CHEMBL1130123,P32239,Cholecystokinin B receptor,IC50,COc1ccc(N(C(=O)CN2C(=O)C(Cc3n[nH]c4ccccc34)(OC)C(=O)N(c3ccccc3)c3ccccc32)C(C)C)cc1,5.440000065513061
CHEMBL156559,CHEMBL298,Cholecystokinin B receptor,IC50,=,4700.0,nM,CHEMBL662575,B,Concentration required to inhibit 50% of specific binding to Cholecystokinin type B receptor in guinea pig cortex using [125I]Bolton-Hunter CCK-8,CHEMBL1127339,P32239,Cholecystokinin B receptor,IC50,Cc1ccccc1NC(=O)NCCCC[C@H](NC(=O)[C@H](Cc1c[nH]c2ccccc12)NC(=O)OC(C)(C)C)C(=O)N(C)[C@@H](CC(=O)O)C(=O)N[C@@H](Cc1ccccc1)C(N)=O,5.327902142064282
CHEMBL104598,CHEMBL298,Cholecystokinin B receptor,IC50,=,42.0,nM,CHEMBL662575,B,Concentration required to inhibit 50% of specific binding to Cholecystokinin type B receptor in guinea pig cortex using [125I]Bolton-Hunter CCK-8,CHEMBL1127339,P32239,Cholecystokinin B receptor,IC50,Cc1ccccc1NC(=O)NCCCC[C@H](NC(=O)[C@H](Cc1c[nH]c2ccccc12)NC(=O)C(F)(F)F)C(=O)N[C@@H](CC(=O)O)C(=O)N(C)[C@@H](Cc1ccccc1)C(N)=O,7.376750709602099
CHEMBL316106,CHEMBL298,Cholecystokinin B receptor,IC50,=,724.44,nM,CHEMBL660311,B,In vitro for binding affinity against human cholecystokinin type B receptor.,CHEMBL1130123,P32239,Cholecystokinin B receptor,IC50,CC(C)N(C(=O)CN1C(=O)C(Cc2n[nH]c3ccccc23)C(=O)N(c2ccccc2)c2ccccc21)c1ccc2c(c1)OCO2,6.139997578098902
CHEMBL428103,CHEMBL298,Cholecystokinin B receptor,IC50,=,4600.0,nM,CHEMBL662575,B,Concentration required to inhibit 50% of specific binding to Cholecystokinin type B receptor in guinea pig cortex using [125I]Bolton-Hunter CCK-8,CHEMBL1127339,P32239,Cholecystokinin B receptor,IC50,Cc1ccccc1NC(=O)NCCCC[C@H](NC(=O)[C@H](Cc1c[nH]c2ccccc12)NC(=O)c1ccccc1)C(=O)N[C@@H](CC(=O)O)C(=O)N(C)[C@@H](Cc1ccccc1)C(N)=O,5.337242168318426
CHEMBL412544,CHEMBL298,Cholecystokinin B receptor,IC50,=,6100.0,nM,CHEMBL662575,B,Concentration required to inhibit 50% of specific binding to Cholecystokinin type B receptor in guinea pig cortex using [125I]Bolton-Hunter CCK-8,CHEMBL1127339,P32239,Cholecystokinin B receptor,IC50,Cc1ccccc1NC(=O)NCCCC[C@H](NC(=O)[C@H](Cc1c[nH]c2ccccc12)NC(=O)CC(c1ccccc1)c1ccccc1)C(=O)N[C@@H](CC(=O)O)C(=O)N(C)[C@@H](Cc1ccccc1)C(N)=O,5.214670164989233
CHEMBL88629,CHEMBL298,Cholecystokinin B receptor,IC50,=,69183.1,nM,CHEMBL660311,B,In vitro for binding affinity against human cholecystokinin type B receptor.,CHEMBL1130123,P32239,Cholecystokinin B receptor,IC50,COc1ccc(N(C(=O)CN2C(=O)C(C)(Cc3n[nH]c4ccccc34)C(=O)N(c3ccccc3)c3ccccc32)C(C)C)cc1,4.159999981744464
CHEMBL94005,CHEMBL298,Cholecystokinin B receptor,IC50,=,2511.89,nM,CHEMBL660311,B,In vitro for binding affinity against human cholecystokinin type B receptor.,CHEMBL1130123,P32239,Cholecystokinin B receptor,IC50,COc1ccc(N(C(=O)CN2C(=O)C(Cc3n[nH]c4ccc(F)cc34)C(=O)N(c3ccccc3)c3ccccc32)C(C)C)cc1,5.59999938302362
CHEMBL30844,CHEMBL298,Cholecystokinin B receptor,IC50,=,1195.0,nM,CHEMBL662573,B,Inhibition of binding of [3H]N-Me-N-Leu-CCK-8 to cholecystokinin type B receptor in guinea pig brain cortex,CHEMBL1129279,P32239,Cholecystokinin B receptor,IC50,O=C(O)CCCNC(=O)CCC(NC(=O)c1cc(Cl)cc(Cl)c1)C(=O)N1CCC2(CCCC2)CC1,5.922632094715843
CHEMBL281559,CHEMBL298,Cholecystokinin B receptor,IC50,=,40.0,nM,CHEMBL662573,B,Inhibition of binding of [3H]N-Me-N-Leu-CCK-8 to cholecystokinin type B receptor in guinea pig brain cortex,CHEMBL1129279,P32239,Cholecystokinin B receptor,IC50,O=C(CCC(NC(=O)c1cc(Cl)cc(Cl)c1)C(=O)N1CCC2(CCCC2)CC1)N[C@H](Cc1c[nH]c2ccccc12)C(=O)O,7.3979400086720375
CHEMBL283460,CHEMBL298,Cholecystokinin B receptor,IC50,=,45.0,nM,CHEMBL662573,B,Inhibition of binding of [3H]N-Me-N-Leu-CCK-8 to cholecystokinin type B receptor in guinea pig brain cortex,CHEMBL1129279,P32239,Cholecystokinin B receptor,IC50,O=C(O)CC(Cc1c[nH]c2ccccc12)NC(=O)CCC(NC(=O)c1cc(Cl)cc(Cl)c1)C(=O)N1CCC2(CCCC2)CC1,7.346787486224656
CHEMBL282639,CHEMBL298,Cholecystokinin B receptor,IC50,=,1106.0,nM,CHEMBL662573,B,Inhibition of binding of [3H]N-Me-N-Leu-CCK-8 to cholecystokinin type B receptor in guinea pig brain cortex,CHEMBL1129279,P32239,Cholecystokinin B receptor,IC50,O=C(O)CC[C@@H](NC(=O)CCC(NC(=O)c1cc(Cl)cc(Cl)c1)C(=O)N1CCC2(CCCC2)CC1)C(=O)NCCc1ccccc1,5.95624487303132
CHEMBL431116,CHEMBL298,Cholecystokinin B receptor,IC50,=,500.0,nM,CHEMBL660362,B,In vitro inhibition of binding of [125I]-(Nle)-HG-13 labeled Cholecystokinin type B receptor on isolated gastric mucosal cells of rabbit,CHEMBL1124407,P32239,Cholecystokinin B receptor,IC50,CC(C)C[C@H](NC(=O)[C@H](Cc1c[nH]c2ccccc12)NC(=O)OC(C)(C)C)C(=O)N[C@@H](CC(=O)O)C(=O)N[C@@H](Cc1ccccc1)C(N)=O,6.301029995663981
CHEMBL33200,CHEMBL298,Cholecystokinin B receptor,IC50,=,390.0,nM,CHEMBL662573,B,Inhibition of binding of [3H]N-Me-N-Leu-CCK-8 to cholecystokinin type B receptor in guinea pig brain cortex,CHEMBL1129279,P32239,Cholecystokinin B receptor,IC50,O=C(CCC(NC(=O)c1cc(Cl)cc(Cl)c1)C(=O)N1CCC2(CCCC2)CC1)NC(C(=O)O)c1ccccc1,6.4089353929735005
CHEMBL443781,CHEMBL298,Cholecystokinin B receptor,IC50,=,44.0,nM,CHEMBL662573,B,Inhibition of binding of [3H]N-Me-N-Leu-CCK-8 to cholecystokinin type B receptor in guinea pig brain cortex,CHEMBL1129279,P32239,Cholecystokinin B receptor,IC50,O=C(CC[C@H](NC(=O)CCC(NC(=O)c1cc(Cl)cc(Cl)c1)C(=O)N1CCC2(CCCC2)CC1)C(=O)O)Nc1cccc2ccccc12,7.356547323513812
CHEMBL30875,CHEMBL298,Cholecystokinin B receptor,IC50,=,144.0,nM,CHEMBL662573,B,Inhibition of binding of [3H]N-Me-N-Leu-CCK-8 to cholecystokinin type B receptor in guinea pig brain cortex,CHEMBL1129279,P32239,Cholecystokinin B receptor,IC50,O=C(CCC(NC(=O)c1cc(Cl)cc(Cl)c1)C(=O)N1CCC2(CCCC2)CC1)N[C@H](Cc1ccccc1)C(=O)O,6.84163750790475
CHEMBL281903,CHEMBL298,Cholecystokinin B receptor,IC50,=,216.0,nM,CHEMBL662573,B,Inhibition of binding of [3H]N-Me-N-Leu-CCK-8 to cholecystokinin type B receptor in guinea pig brain cortex,CHEMBL1129279,P32239,Cholecystokinin B receptor,IC50,O=C(CCC(NC(=O)c1cc(Cl)cc(Cl)c1)C(=O)N1CCC2(CCCC2)CC1)N[C@@H](Cc1c[nH]c2ccccc12)C(=O)O,6.665546248849069
CHEMBL281490,CHEMBL298,Cholecystokinin B receptor,IC50,=,253.0,nM,CHEMBL662573,B,Inhibition of binding of [3H]N-Me-N-Leu-CCK-8 to cholecystokinin type B receptor in guinea pig brain cortex,CHEMBL1129279,P32239,Cholecystokinin B receptor,IC50,CN(Cc1ccccc1)C(=O)[C@@H](CCC(=O)O)NC(=O)CCC(NC(=O)c1cc(Cl)cc(Cl)c1)C(=O)N1CCC2(CCCC2)CC1,6.596879478824182
CHEMBL280832,CHEMBL298,Cholecystokinin B receptor,IC50,=,1763.0,nM,CHEMBL662573,B,Inhibition of binding of [3H]N-Me-N-Leu-CCK-8 to cholecystokinin type B receptor in guinea pig brain cortex,CHEMBL1129279,P32239,Cholecystokinin B receptor,IC50,O=C(CCC(NC(=O)c1cc(Cl)cc(Cl)c1)C(=O)N1CCC2(CCCC2)CC1)Nc1ccc(C(=O)O)cc1,5.7537476877006775
CHEMBL30639,CHEMBL298,Cholecystokinin B receptor,IC50,=,659.0,nM,CHEMBL662573,B,Inhibition of binding of [3H]N-Me-N-Leu-CCK-8 to cholecystokinin type B receptor in guinea pig brain cortex,CHEMBL1129279,P32239,Cholecystokinin B receptor,IC50,O=C(CCC(NC(=O)c1cc(Cl)cc(Cl)c1)C(=O)N1CCC2(CCCC2)CC1)NC(Cc1ccc(Cl)cc1)C(=O)O,6.18111458540599
CHEMBL281671,CHEMBL298,Cholecystokinin B receptor,IC50,=,268.0,nM,CHEMBL662573,B,Inhibition of binding of [3H]N-Me-N-Leu-CCK-8 to cholecystokinin type B receptor in guinea pig brain cortex,CHEMBL1129279,P32239,Cholecystokinin B receptor,IC50,CC(C)(C)CCNC(=O)[C@H](CCC(=O)O)NC(=O)CCC(NC(=O)c1cc(Cl)cc(Cl)c1)C(=O)N1CCC2(CCCC2)CC1,6.571865205971211
CHEMBL349730,CHEMBL298,Cholecystokinin B receptor,IC50,=,0.142,nM,CHEMBL657473,B,The compound was tested for binding activity against Cholecystokinin type B receptor from rat pancreatic tissue using [125]BH CCK-8 as radioligand,CHEMBL1127664,P32239,Cholecystokinin B receptor,IC50,CC(C)CN1C(=O)[C@@H](NC(=O)Nc2ccc(-c3nn[nH]n3)cc2)N=C(c2ccccc2)c2ccccc21,9.847711655616944
CHEMBL282099,CHEMBL298,Cholecystokinin B receptor,IC50,=,157.0,nM,CHEMBL662573,B,Inhibition of binding of [3H]N-Me-N-Leu-CCK-8 to cholecystokinin type B receptor in guinea pig brain cortex,CHEMBL1129279,P32239,Cholecystokinin B receptor,IC50,O=C(O)CCC(Cc1ccccc1)NC(=O)CCC(NC(=O)c1cc(Cl)cc(Cl)c1)C(=O)N1CCC2(CCCC2)CC1,6.804100347590767
CHEMBL321761,CHEMBL298,Cholecystokinin B receptor,IC50,=,25.12,nM,CHEMBL661440,B,Compound was tested in vitro for its ability to displace [125I]Bolton-Hunter CCK-8 from membrane preparation isolated from CHO-KI cells stably transfected with cDNA of human Cholecystokinin type B receptor,CHEMBL1129463,P32239,Cholecystokinin B receptor,IC50,CC(C)N(C(=O)CN1C(=O)C(NC(=O)Nc2ccccc2)C(=O)N(c2ccccc2)c2ccccc21)c1ccccc1,7.599980364934842
CHEMBL30764,CHEMBL298,Cholecystokinin B receptor,IC50,=,1252.0,nM,CHEMBL662573,B,Inhibition of binding of [3H]N-Me-N-Leu-CCK-8 to cholecystokinin type B receptor in guinea pig brain cortex,CHEMBL1129279,P32239,Cholecystokinin B receptor,IC50,CC(NC(=O)CCC(NC(=O)c1cc(Cl)cc(Cl)c1)C(=O)N1CCC2(CCCC2)CC1)C(=O)O,5.902395671125589
CHEMBL282732,CHEMBL298,Cholecystokinin B receptor,IC50,=,155.0,nM,CHEMBL662573,B,Inhibition of binding of [3H]N-Me-N-Leu-CCK-8 to cholecystokinin type B receptor in guinea pig brain cortex,CHEMBL1129279,P32239,Cholecystokinin B receptor,IC50,O=C(CCC(NC(=O)c1cc(Cl)cc(Cl)c1)C(=O)N1CCC2(CCCC2)CC1)N[C@H](Cc1ccccn1)C(=O)O,6.809668301829708
CHEMBL283924,CHEMBL298,Cholecystokinin B receptor,IC50,=,333.0,nM,CHEMBL662573,B,Inhibition of binding of [3H]N-Me-N-Leu-CCK-8 to cholecystokinin type B receptor in guinea pig brain cortex,CHEMBL1129279,P32239,Cholecystokinin B receptor,IC50,O=C(O)CC[C@H](NC(=O)CCC(NC(=O)c1cc(Cl)cc(Cl)c1)C(=O)N1CCC2(CCCC2)CC1)C(=O)N1CCCc2ccccc21,6.47755576649368
CHEMBL264606,CHEMBL298,Cholecystokinin B receptor,IC50,=,61.0,nM,CHEMBL662573,B,Inhibition of binding of [3H]N-Me-N-Leu-CCK-8 to cholecystokinin type B receptor in guinea pig brain cortex,CHEMBL1129279,P32239,Cholecystokinin B receptor,IC50,O=C(C[C@H](NC(=O)CCC(NC(=O)c1cc(Cl)cc(Cl)c1)C(=O)N1CCC2(CCCC2)CC1)C(=O)O)Nc1cccc2ccccc12,7.214670164989233
CHEMBL34797,CHEMBL298,Cholecystokinin B receptor,IC50,=,443.0,nM,CHEMBL662573,B,Inhibition of binding of [3H]N-Me-N-Leu-CCK-8 to cholecystokinin type B receptor in guinea pig brain cortex,CHEMBL1129279,P32239,Cholecystokinin B receptor,IC50,O=C(CCC(NC(=O)c1cc(Cl)cc(Cl)c1)C(=O)N1CCC2(CCCC2)CC1)Nc1ccccc1C(=O)O,6.3535962737769305
CHEMBL30481,CHEMBL298,Cholecystokinin B receptor,IC50,=,219.0,nM,CHEMBL662573,B,Inhibition of binding of [3H]N-Me-N-Leu-CCK-8 to cholecystokinin type B receptor in guinea pig brain cortex,CHEMBL1129279,P32239,Cholecystokinin B receptor,IC50,O=C(CCC(NC(=O)c1cc(Cl)cc(Cl)c1)C(=O)N1CCC2(CCCC2)CC1)NC(Cc1ccccc1)C(=O)O,6.6595558851598815
CHEMBL283204,CHEMBL298,Cholecystokinin B receptor,IC50,=,343.0,nM,CHEMBL662573,B,Inhibition of binding of [3H]N-Me-N-Leu-CCK-8 to cholecystokinin type B receptor in guinea pig brain cortex,CHEMBL1129279,P32239,Cholecystokinin B receptor,IC50,O=C(O)C[C@H](Cc1ccccc1)NC(=O)CCC(NC(=O)c1cc(Cl)cc(Cl)c1)C(=O)N1CCC2(CCCC2)CC1,6.464705879957229
CHEMBL285857,CHEMBL298,Cholecystokinin B receptor,IC50,=,434.0,nM,CHEMBL662573,B,Inhibition of binding of [3H]N-Me-N-Leu-CCK-8 to cholecystokinin type B receptor in guinea pig brain cortex,CHEMBL1129279,P32239,Cholecystokinin B receptor,IC50,O=C(O)CC[C@H](NC(=O)CCC(NC(=O)c1cc(Cl)cc(Cl)c1)C(=O)N1CCC2(CCCC2)CC1)C(=O)NC1CCC2CCCCC2C1,6.362510270487489
CHEMBL30262,CHEMBL298,Cholecystokinin B receptor,IC50,=,657.0,nM,CHEMBL662573,B,Inhibition of binding of [3H]N-Me-N-Leu-CCK-8 to cholecystokinin type B receptor in guinea pig brain cortex,CHEMBL1129279,P32239,Cholecystokinin B receptor,IC50,O=C(O)CC[C@@H](NC(=O)CCC(NC(=O)c1cc(Cl)cc(Cl)c1)C(=O)N1CCC2(CCCC2)CC1)C(=O)Nc1ccc2ccccc2c1,6.18243463044022
CHEMBL3143387,CHEMBL298,Cholecystokinin B receptor,IC50,=,750.0,nM,CHEMBL660362,B,In vitro inhibition of binding of [125I]-(Nle)-HG-13 labeled Cholecystokinin type B receptor on isolated gastric mucosal cells of rabbit,CHEMBL1124407,P32239,Cholecystokinin B receptor,IC50,CC(C)C[C@H](NC(=O)[C@H](Cc1c[nH]c2ccccc12)NC(=O)OC(C)(C)C)C(=O)N[C@H](CC(=O)O)CC(=O)NCCc1ccccc1,6.1249387366083
CHEMBL265740,CHEMBL298,Cholecystokinin B receptor,IC50,=,1421.0,nM,CHEMBL662573,B,Inhibition of binding of [3H]N-Me-N-Leu-CCK-8 to cholecystokinin type B receptor in guinea pig brain cortex,CHEMBL1129279,P32239,Cholecystokinin B receptor,IC50,CN(C(=O)CCC(NC(=O)c1cc(Cl)cc(Cl)c1)C(=O)N1CCC2(CCCC2)CC1)c1ccc(C(=O)O)cc1,5.8474059220725305
CHEMBL2112932,CHEMBL298,Cholecystokinin B receptor,IC50,=,6.69,nM,CHEMBL657473,B,The compound was tested for binding activity against Cholecystokinin type B receptor from rat pancreatic tissue using [125]BH CCK-8 as radioligand,CHEMBL1127664,P32239,Cholecystokinin B receptor,IC50,CN1C(=O)[C@H](NC(=O)Nc2ccc(C(=O)O)cc2)N=C(c2ccccc2)c2ccccc21,8.174573882232178
CHEMBL286941,CHEMBL298,Cholecystokinin B receptor,IC50,=,62.0,nM,CHEMBL662573,B,Inhibition of binding of [3H]N-Me-N-Leu-CCK-8 to cholecystokinin type B receptor in guinea pig brain cortex,CHEMBL1129279,P32239,Cholecystokinin B receptor,IC50,CN(C(=O)[C@H](CCC(=O)O)NC(=O)CCC(NC(=O)c1cc(Cl)cc(Cl)c1)C(=O)N1CCC2(CCCC2)CC1)c1cccc2ccccc12,7.207608310501746
CHEMBL283914,CHEMBL298,Cholecystokinin B receptor,IC50,=,215.0,nM,CHEMBL662573,B,Inhibition of binding of [3H]N-Me-N-Leu-CCK-8 to cholecystokinin type B receptor in guinea pig brain cortex,CHEMBL1129279,P32239,Cholecystokinin B receptor,IC50,O=C(O)C[C@H](NC(=O)CCC(NC(=O)c1cc(Cl)cc(Cl)c1)C(=O)N1CCC2(CCCC2)CC1)C(=O)Nc1cccc2ccccc12,6.667561540084394
CHEMBL1121,CHEMBL298,Cholecystokinin B receptor,IC50,=,0.3162,nM,CHEMBL661440,B,Compound was tested in vitro for its ability to displace [125I]Bolton-Hunter CCK-8 from membrane preparation isolated from CHO-KI cells stably transfected with cDNA of human Cholecystokinin type B receptor,CHEMBL1129463,P32239,Cholecystokinin B receptor,IC50,CSCC[C@H](NC(=O)[C@H](Cc1ccc(OS(=O)(=O)O)cc1)NC(=O)[C@@H](N)CC(=O)O)C(=O)NCC(=O)N[C@@H](Cc1c[nH]c2ccccc12)C(=O)N[C@@H](CCSC)C(=O)N[C@@H](CC(=O)O)C(=O)N[C@@H](Cc1ccccc1)C(N)=O,9.500038134403809
CHEMBL344125,CHEMBL298,Cholecystokinin B receptor,IC50,=,10000.0,nM,CHEMBL660362,B,In vitro inhibition of binding of [125I]-(Nle)-HG-13 labeled Cholecystokinin type B receptor on isolated gastric mucosal cells of rabbit,CHEMBL1124407,P32239,Cholecystokinin B receptor,IC50,CC(C)C[C@@H](CC(=O)NC(CC(=O)O)C(=O)NCCc1ccccc1)NC(=O)[C@@H](Cc1c[nH]c2ccccc12)NC(=O)OC(C)(C)C,5.0
CHEMBL30756,CHEMBL298,Cholecystokinin B receptor,IC50,=,320.0,nM,CHEMBL662573,B,Inhibition of binding of [3H]N-Me-N-Leu-CCK-8 to cholecystokinin type B receptor in guinea pig brain cortex,CHEMBL1129279,P32239,Cholecystokinin B receptor,IC50,O=C(CCC(NC(=O)c1cc(Cl)cc(Cl)c1)C(=O)N1CCC2(CCCC2)CC1)NC(Cc1ccc(O)cc1)C(=O)O,6.494850021680094
CHEMBL416944,CHEMBL298,Cholecystokinin B receptor,IC50,=,129.0,nM,CHEMBL662573,B,Inhibition of binding of [3H]N-Me-N-Leu-CCK-8 to cholecystokinin type B receptor in guinea pig brain cortex,CHEMBL1129279,P32239,Cholecystokinin B receptor,IC50,O=C(CCC(NC(=O)c1cc(Cl)cc(Cl)c1)C(=O)N1CCC2(CCCC2)CC1)N[C@H](Cc1ccc2ccccc2c1)C(=O)O,6.889410289700751
CHEMBL30335,CHEMBL298,Cholecystokinin B receptor,IC50,=,427.0,nM,CHEMBL662573,B,Inhibition of binding of [3H]N-Me-N-Leu-CCK-8 to cholecystokinin type B receptor in guinea pig brain cortex,CHEMBL1129279,P32239,Cholecystokinin B receptor,IC50,O=C(O)CC[C@@H](NC(=O)CCC(NC(=O)c1cc(Cl)cc(Cl)c1)C(=O)N1CCC2(CCCC2)CC1)C(=O)NCc1ccccc1,6.369572124974976
CHEMBL283920,CHEMBL298,Cholecystokinin B receptor,IC50,=,212.0,nM,CHEMBL662573,B,Inhibition of binding of [3H]N-Me-N-Leu-CCK-8 to cholecystokinin type B receptor in guinea pig brain cortex,CHEMBL1129279,P32239,Cholecystokinin B receptor,IC50,O=C(O)Cc1cccc(NC(=O)CCC(NC(=O)c2cc(Cl)cc(Cl)c2)C(=O)N2CCC3(CCCC3)CC2)c1,6.673664139071248
CHEMBL3143394,CHEMBL298,Cholecystokinin B receptor,IC50,=,100000.0,nM,CHEMBL660362,B,In vitro inhibition of binding of [125I]-(Nle)-HG-13 labeled Cholecystokinin type B receptor on isolated gastric mucosal cells of rabbit,CHEMBL1124407,P32239,Cholecystokinin B receptor,IC50,CC(C)C[C@H](CC(=O)N[C@@H](CC(=O)O)C(=O)N[C@@H](Cc1ccccc1)C(N)=O)NC(=O)[C@@H](Cc1c[nH]c2ccccc12)NC(=O)OC(C)(C)C,4.0
CHEMBL30592,CHEMBL298,Cholecystokinin B receptor,IC50,=,707.0,nM,CHEMBL662573,B,Inhibition of binding of [3H]N-Me-N-Leu-CCK-8 to cholecystokinin type B receptor in guinea pig brain cortex,CHEMBL1129279,P32239,Cholecystokinin B receptor,IC50,O=C(CCC(NC(=O)c1cc(Cl)cc(Cl)c1)C(=O)N1CCC2(CCCC2)CC1)N[C@@H](Cc1ccccc1)C(=O)O,6.1505805862031
CHEMBL30926,CHEMBL298,Cholecystokinin B receptor,IC50,=,696.0,nM,CHEMBL662573,B,Inhibition of binding of [3H]N-Me-N-Leu-CCK-8 to cholecystokinin type B receptor in guinea pig brain cortex,CHEMBL1129279,P32239,Cholecystokinin B receptor,IC50,O=C(O)C[C@H](NC(=O)CCC(NC(=O)c1cc(Cl)cc(Cl)c1)C(=O)N1CCC2(CCCC2)CC1)C(=O)NCCc1ccccc1,6.157390760389438
CHEMBL542330,CHEMBL298,Cholecystokinin B receptor,IC50,=,108.0,nM,CHEMBL662573,B,Inhibition of binding of [3H]N-Me-N-Leu-CCK-8 to cholecystokinin type B receptor in guinea pig brain cortex,CHEMBL1129279,P32239,Cholecystokinin B receptor,IC50,Cl.O=C(O)CC[C@H](NC(=O)CCC(NC(=O)c1cc(Cl)cc(Cl)c1)C(=O)N1CCC2(CCCC2)CC1)C(=O)Nc1cccc2cccnc12,6.96657624451305
CHEMBL431692,CHEMBL298,Cholecystokinin B receptor,IC50,=,146.0,nM,CHEMBL662573,B,Inhibition of binding of [3H]N-Me-N-Leu-CCK-8 to cholecystokinin type B receptor in guinea pig brain cortex,CHEMBL1129279,P32239,Cholecystokinin B receptor,IC50,CN(C(=O)CCC(NC(=O)c1cc(Cl)cc(Cl)c1)C(=O)N1CCC2(CCCC2)CC1)c1ccccc1C(=O)O,6.835647144215563
CHEMBL287564,CHEMBL298,Cholecystokinin B receptor,IC50,=,1219.0,nM,CHEMBL662573,B,Inhibition of binding of [3H]N-Me-N-Leu-CCK-8 to cholecystokinin type B receptor in guinea pig brain cortex,CHEMBL1129279,P32239,Cholecystokinin B receptor,IC50,CC1(C)CCC(NC(=O)[C@@H](CCC(=O)O)NC(=O)CCC(NC(=O)c2cc(Cl)cc(Cl)c2)C(=O)N2CCC3(CCCC3)CC2)CC1,5.913996294381619
CHEMBL351854,CHEMBL298,Cholecystokinin B receptor,IC50,=,1.02,nM,CHEMBL657473,B,The compound was tested for binding activity against Cholecystokinin type B receptor from rat pancreatic tissue using [125]BH CCK-8 as radioligand,CHEMBL1127664,P32239,Cholecystokinin B receptor,IC50,CN1C(=O)[C@@H](NC(=O)Nc2ccc(-c3nn[nH]n3)cc2)N=C(c2ccccc2)c2ccccc21,8.991399828238082
CHEMBL31093,CHEMBL298,Cholecystokinin B receptor,IC50,=,612.0,nM,CHEMBL662573,B,Inhibition of binding of [3H]N-Me-N-Leu-CCK-8 to cholecystokinin type B receptor in guinea pig brain cortex,CHEMBL1129279,P32239,Cholecystokinin B receptor,IC50,O=C(CCC(NC(=O)c1cc(Cl)cc(Cl)c1)C(=O)N1CCC2(CCCC2)CC1)N[C@H](CC1CCCCC1)C(=O)O,6.213248577854438
CHEMBL30924,CHEMBL298,Cholecystokinin B receptor,IC50,=,1856.0,nM,CHEMBL662573,B,Inhibition of binding of [3H]N-Me-N-Leu-CCK-8 to cholecystokinin type B receptor in guinea pig brain cortex,CHEMBL1129279,P32239,Cholecystokinin B receptor,IC50,O=C(O)CC[C@@H](NC(=O)CCC(NC(=O)c1cc(Cl)cc(Cl)c1)C(=O)N1CCC2(CCCC2)CC1)C(=O)NCCCc1ccccc1,5.731422028117157
CHEMBL540261,CHEMBL298,Cholecystokinin B receptor,IC50,=,136.0,nM,CHEMBL662573,B,Inhibition of binding of [3H]N-Me-N-Leu-CCK-8 to cholecystokinin type B receptor in guinea pig brain cortex,CHEMBL1129279,P32239,Cholecystokinin B receptor,IC50,Cl.O=C(O)CC[C@H](NC(=O)CCC(NC(=O)c1cc(Cl)cc(Cl)c1)C(=O)N1CCC2(CCCC2)CC1)C(=O)Nc1cccc2ncccc12,6.866461091629782
CHEMBL151276,CHEMBL298,Cholecystokinin B receptor,IC50,=,15000.0,nM,CHEMBL660362,B,In vitro inhibition of binding of [125I]-(Nle)-HG-13 labeled Cholecystokinin type B receptor on isolated gastric mucosal cells of rabbit,CHEMBL1124407,P32239,Cholecystokinin B receptor,IC50,CC(C)C[C@H](NC(=O)[C@@H](Cc1c[nH]c2ccccc12)NC(=O)OC(C)(C)C)C(=O)N[C@H](CC(=O)O)CC(=O)NCc1ccccc1,4.823908740944319
CHEMBL281206,CHEMBL298,Cholecystokinin B receptor,IC50,=,20.0,nM,CHEMBL662573,B,Inhibition of binding of [3H]N-Me-N-Leu-CCK-8 to cholecystokinin type B receptor in guinea pig brain cortex,CHEMBL1129279,P32239,Cholecystokinin B receptor,IC50,O=C(O)CC[C@H](NC(=O)CCC(NC(=O)c1cc(Cl)cc(Cl)c1)C(=O)N1CCC2(CCCC2)CC1)C(=O)Nc1cccc2ccccc12,7.698970004336019
CHEMBL412108,CHEMBL298,Cholecystokinin B receptor,IC50,=,211.0,nM,CHEMBL662573,B,Inhibition of binding of [3H]N-Me-N-Leu-CCK-8 to cholecystokinin type B receptor in guinea pig brain cortex,CHEMBL1129279,P32239,Cholecystokinin B receptor,IC50,O=C(O)CC[C@H](NC(=O)CCC(NC(=O)c1cc(Cl)cc(Cl)c1)C(=O)N1CCC2(CCCC2)CC1)C(=O)N1CCc2ccccc21,6.675717544702307
CHEMBL285657,CHEMBL298,Cholecystokinin B receptor,IC50,=,1056.0,nM,CHEMBL662573,B,Inhibition of binding of [3H]N-Me-N-Leu-CCK-8 to cholecystokinin type B receptor in guinea pig brain cortex,CHEMBL1129279,P32239,Cholecystokinin B receptor,IC50,CCCCC(NC(=O)CCC(NC(=O)c1cc(Cl)cc(Cl)c1)C(=O)N1CCC2(CCCC2)CC1)C(=O)O,5.976336081802207
CHEMBL30422,CHEMBL298,Cholecystokinin B receptor,IC50,=,214.0,nM,CHEMBL662573,B,Inhibition of binding of [3H]N-Me-N-Leu-CCK-8 to cholecystokinin type B receptor in guinea pig brain cortex,CHEMBL1129279,P32239,Cholecystokinin B receptor,IC50,O=C(O)C[C@@H](Cc1ccccc1)NC(=O)CCC(NC(=O)c1cc(Cl)cc(Cl)c1)C(=O)N1CCC2(CCCC2)CC1,6.669586226650809
CHEMBL31018,CHEMBL298,Cholecystokinin B receptor,IC50,=,39.0,nM,CHEMBL662573,B,Inhibition of binding of [3H]N-Me-N-Leu-CCK-8 to cholecystokinin type B receptor in guinea pig brain cortex,CHEMBL1129279,P32239,Cholecystokinin B receptor,IC50,CN(Cc1ccccc1)C(=O)[C@H](CC(=O)O)NC(=O)CCC(NC(=O)c1cc(Cl)cc(Cl)c1)C(=O)N1CCC2(CCCC2)CC1,7.4089353929735005
CHEMBL282149,CHEMBL298,Cholecystokinin B receptor,IC50,=,67.0,nM,CHEMBL662573,B,Inhibition of binding of [3H]N-Me-N-Leu-CCK-8 to cholecystokinin type B receptor in guinea pig brain cortex,CHEMBL1129279,P32239,Cholecystokinin B receptor,IC50,O=C(CCC(NC(=O)c1cc(Cl)cc(Cl)c1)C(=O)N1CCC2(CCCC2)CC1)N[C@H](Cc1cccc2ccccc12)C(=O)O,7.173925197299173
CHEMBL34332,CHEMBL298,Cholecystokinin B receptor,IC50,=,57.0,nM,CHEMBL662573,B,Inhibition of binding of [3H]N-Me-N-Leu-CCK-8 to cholecystokinin type B receptor in guinea pig brain cortex,CHEMBL1129279,P32239,Cholecystokinin B receptor,IC50,O=C(O)CC[C@H](NC(=O)CCC(NC(=O)c1cc(Cl)cc(Cl)c1)C(=O)N1CCC2(CCCC2)CC1)C(=O)Nc1cccc2c1CCCC2,7.2441251443275085
CHEMBL3143388,CHEMBL298,Cholecystokinin B receptor,IC50,=,1000.0,nM,CHEMBL660362,B,In vitro inhibition of binding of [125I]-(Nle)-HG-13 labeled Cholecystokinin type B receptor on isolated gastric mucosal cells of rabbit,CHEMBL1124407,P32239,Cholecystokinin B receptor,IC50,CC(C)C[C@H](NC(=O)[C@H](Cc1c[nH]c2ccccc12)NC(=O)OC(C)(C)C)C(=O)N[C@H](CC(=O)O)CC(=O)NCc1ccccc1,6.0
CHEMBL352264,CHEMBL298,Cholecystokinin B receptor,IC50,=,23.8,nM,CHEMBL657473,B,The compound was tested for binding activity against Cholecystokinin type B receptor from rat pancreatic tissue using [125]BH CCK-8 as radioligand,CHEMBL1127664,P32239,Cholecystokinin B receptor,IC50,CC(C)CN1C(=O)[C@H](NC(=O)Nc2ccc(-c3nn[nH]n3)cc2)N=C(c2ccccc2)c2ccccc21,7.623423042943488
CHEMBL281507,CHEMBL298,Cholecystokinin B receptor,IC50,=,355.0,nM,CHEMBL662573,B,Inhibition of binding of [3H]N-Me-N-Leu-CCK-8 to cholecystokinin type B receptor in guinea pig brain cortex,CHEMBL1129279,P32239,Cholecystokinin B receptor,IC50,CC(C)CC(NC(=O)CCC(NC(=O)c1cc(Cl)cc(Cl)c1)C(=O)N1CCC2(CCCC2)CC1)C(=O)O,6.449771646944906
CHEMBL433621,CHEMBL298,Cholecystokinin B receptor,IC50,=,385.0,nM,CHEMBL662573,B,Inhibition of binding of [3H]N-Me-N-Leu-CCK-8 to cholecystokinin type B receptor in guinea pig brain cortex,CHEMBL1129279,P32239,Cholecystokinin B receptor,IC50,O=C(CC(NC(=O)CCC(NC(=O)c1cc(Cl)cc(Cl)c1)C(=O)N1CCC2(CCCC2)CC1)C(=O)O)NCc1ccccc1,6.414539270491499
CHEMBL30575,CHEMBL298,Cholecystokinin B receptor,IC50,=,1300.0,nM,CHEMBL662573,B,Inhibition of binding of [3H]N-Me-N-Leu-CCK-8 to cholecystokinin type B receptor in guinea pig brain cortex,CHEMBL1129279,P32239,Cholecystokinin B receptor,IC50,O=C(CCC(NC(=O)c1cc(Cl)cc(Cl)c1)C(=O)N1CCC2(CCCC2)CC1)Nc1cccc(C(=O)O)c1,5.886056647693163
CHEMBL358826,CHEMBL298,Cholecystokinin B receptor,IC50,=,2000.0,nM,CHEMBL660362,B,In vitro inhibition of binding of [125I]-(Nle)-HG-13 labeled Cholecystokinin type B receptor on isolated gastric mucosal cells of rabbit,CHEMBL1124407,P32239,Cholecystokinin B receptor,IC50,CC(C)CC(CC(=O)N[C@H](CC(=O)O)C(=O)NCCc1ccccc1)NC(=O)C(Cc1c[nH]c2ccccc12)NC(=O)OC(C)(C)C,5.698970004336019
CHEMBL30369,CHEMBL298,Cholecystokinin B receptor,IC50,=,1566.0,nM,CHEMBL662573,B,Inhibition of binding of [3H]N-Me-N-Leu-CCK-8 to cholecystokinin type B receptor in guinea pig brain cortex,CHEMBL1129279,P32239,Cholecystokinin B receptor,IC50,CN(CC(=O)O)C(=O)CCC(NC(=O)c1cc(Cl)cc(Cl)c1)C(=O)N1CCC2(CCCC2)CC1,5.805208242278075
CHEMBL30634,CHEMBL298,Cholecystokinin B receptor,IC50,=,713.0,nM,CHEMBL662573,B,Inhibition of binding of [3H]N-Me-N-Leu-CCK-8 to cholecystokinin type B receptor in guinea pig brain cortex,CHEMBL1129279,P32239,Cholecystokinin B receptor,IC50,O=C(O)CCNC(=O)CCC(NC(=O)c1cc(Cl)cc(Cl)c1)C(=O)N1CCC2(CCCC2)CC1,6.146910470148134
CHEMBL29891,CHEMBL298,Cholecystokinin B receptor,IC50,=,78.0,nM,CHEMBL662573,B,Inhibition of binding of [3H]N-Me-N-Leu-CCK-8 to cholecystokinin type B receptor in guinea pig brain cortex,CHEMBL1129279,P32239,Cholecystokinin B receptor,IC50,CN(Cc1ccccc1)C(=O)CC[C@H](NC(=O)CCC(NC(=O)c1cc(Cl)cc(Cl)c1)C(=O)N1CCC2(CCCC2)CC1)C(=O)O,7.107905397309519
CHEMBL151619,CHEMBL298,Cholecystokinin B receptor,IC50,=,20000.0,nM,CHEMBL660362,B,In vitro inhibition of binding of [125I]-(Nle)-HG-13 labeled Cholecystokinin type B receptor on isolated gastric mucosal cells of rabbit,CHEMBL1124407,P32239,Cholecystokinin B receptor,IC50,CC(C)C[C@@H](CC(=O)NC(CC(=O)O)C(=O)NCc1ccccc1)NC(=O)[C@@H](Cc1c[nH]c2ccccc12)NC(=O)OC(C)(C)C,4.698970004336019
CHEMBL286847,CHEMBL298,Cholecystokinin B receptor,IC50,=,46.0,nM,CHEMBL662573,B,Inhibition of binding of [3H]N-Me-N-Leu-CCK-8 to cholecystokinin type B receptor in guinea pig brain cortex,CHEMBL1129279,P32239,Cholecystokinin B receptor,IC50,O=C(O)CC[C@H](NC(=O)CCC(NC(=O)c1cc(Cl)cc(Cl)c1)C(=O)N1CCC2(CCCC2)CC1)C(=O)NC1CCCc2ccccc21,7.337242168318426
CHEMBL358778,CHEMBL298,Cholecystokinin B receptor,IC50,=,199.53,nM,CHEMBL661440,B,Compound was tested in vitro for its ability to displace [125I]Bolton-Hunter CCK-8 from membrane preparation isolated from CHO-KI cells stably transfected with cDNA of human Cholecystokinin type B receptor,CHEMBL1129463,P32239,Cholecystokinin B receptor,IC50,COC(=O)n1c(C(=O)NC2C(=O)N(CC(=O)N(c3ccccc3)C(C)C)c3ccccc3N(c3ccccc3)C2=O)cc2ccccc21,6.699991797446187
CHEMBL423472,CHEMBL298,Cholecystokinin B receptor,IC50,=,250.0,nM,CHEMBL657473,B,The compound was tested for binding activity against Cholecystokinin type B receptor from rat pancreatic tissue using [125]BH CCK-8 as radioligand,CHEMBL1127664,P32239,Cholecystokinin B receptor,IC50,CN1C(=O)[C@H](NC(=O)Nc2ccc(-c3nn[nH]n3)cc2)N=C(c2ccccc2)c2ccccc21,6.6020599913279625
CHEMBL356408,CHEMBL298,Cholecystokinin B receptor,IC50,=,316.23,nM,CHEMBL661440,B,Compound was tested in vitro for its ability to displace [125I]Bolton-Hunter CCK-8 from membrane preparation isolated from CHO-KI cells stably transfected with cDNA of human Cholecystokinin type B receptor,CHEMBL1129463,P32239,Cholecystokinin B receptor,IC50,CC(C)N(C(=O)CN1C(=O)C(NC(=O)c2cc3ccccc3[nH]2)C(=O)N(c2ccccc2)c2ccccc21)c1ccccc1,6.499996931948306
CHEMBL3143400,CHEMBL298,Cholecystokinin B receptor,IC50,=,50000.0,nM,CHEMBL660362,B,In vitro inhibition of binding of [125I]-(Nle)-HG-13 labeled Cholecystokinin type B receptor on isolated gastric mucosal cells of rabbit,CHEMBL1124407,P32239,Cholecystokinin B receptor,IC50,CC(C)C[C@H](NC(=O)[C@H](Cc1c[nH]c2ccccc12)NC(=O)OC(C)(C)C)C(=O)N[C@@H](CC(=O)O)C(=O)N[C@H](CC(N)=O)Cc1ccccc1,4.301029995663981
CHEMBL283276,CHEMBL298,Cholecystokinin B receptor,IC50,=,57.0,nM,CHEMBL662573,B,Inhibition of binding of [3H]N-Me-N-Leu-CCK-8 to cholecystokinin type B receptor in guinea pig brain cortex,CHEMBL1129279,P32239,Cholecystokinin B receptor,IC50,CN(C(=O)CCC(NC(=O)c1cc(Cl)cc(Cl)c1)C(=O)N1CCC2(CCCC2)CC1)[C@H](Cc1c[nH]c2ccccc12)C(=O)O,7.2441251443275085
CHEMBL33209,CHEMBL298,Cholecystokinin B receptor,IC50,=,135.0,nM,CHEMBL662573,B,Inhibition of binding of [3H]N-Me-N-Leu-CCK-8 to cholecystokinin type B receptor in guinea pig brain cortex,CHEMBL1129279,P32239,Cholecystokinin B receptor,IC50,CCCCCN(CCCCC)C(=O)[C@H](CCC(=O)O)NC(=O)CCC(NC(=O)c1cc(Cl)cc(Cl)c1)C(=O)N1CCC2(CCCC2)CC1,6.8696662315049934
CHEMBL285739,CHEMBL298,Cholecystokinin B receptor,IC50,=,158.0,nM,CHEMBL662573,B,Inhibition of binding of [3H]N-Me-N-Leu-CCK-8 to cholecystokinin type B receptor in guinea pig brain cortex,CHEMBL1129279,P32239,Cholecystokinin B receptor,IC50,CN(Cc1ccccc1)C(=O)C[C@H](NC(=O)CCC(NC(=O)c1cc(Cl)cc(Cl)c1)C(=O)N1CCC2(CCCC2)CC1)C(=O)O,6.801342913045577
CHEMBL283820,CHEMBL298,Cholecystokinin B receptor,IC50,=,1400.0,nM,CHEMBL662573,B,Inhibition of binding of [3H]N-Me-N-Leu-CCK-8 to cholecystokinin type B receptor in guinea pig brain cortex,CHEMBL1129279,P32239,Cholecystokinin B receptor,IC50,O=C(O)CC[C@@H](NC(=O)c1cc(Cl)cc(Cl)c1)C(=O)N1CCC2(CCCC2)CC1,5.853871964321762
CHEMBL147186,CHEMBL298,Cholecystokinin B receptor,IC50,=,10.0,nM,CHEMBL661440,B,Compound was tested in vitro for its ability to displace [125I]Bolton-Hunter CCK-8 from membrane preparation isolated from CHO-KI cells stably transfected with cDNA of human Cholecystokinin type B receptor,CHEMBL1129463,P32239,Cholecystokinin B receptor,IC50,CC(C)N(C(=O)CN1C(=O)C(NC(=O)Nc2cccc(C(=O)O)c2)C(=O)N(c2ccccc2)c2ccccc21)c1ccccc1,8.0
CHEMBL3143386,CHEMBL298,Cholecystokinin B receptor,IC50,=,1500.0,nM,CHEMBL660362,B,In vitro inhibition of binding of [125I]-(Nle)-HG-13 labeled Cholecystokinin type B receptor on isolated gastric mucosal cells of rabbit,CHEMBL1124407,P32239,Cholecystokinin B receptor,IC50,CC(C)C[C@H](NC(=O)[C@H](Cc1c[nH]c2ccccc12)NC(=O)OC(C)(C)C)C(=O)N[C@H](CC(=O)O)CC(=O)N[C@@H](Cc1ccccc1)C(N)=O,5.823908740944319
CHEMBL281560,CHEMBL298,Cholecystokinin B receptor,IC50,=,101.0,nM,CHEMBL662573,B,Inhibition of binding of [3H]N-Me-N-Leu-CCK-8 to cholecystokinin type B receptor in guinea pig brain cortex,CHEMBL1129279,P32239,Cholecystokinin B receptor,IC50,CN(C(=O)CCC(NC(=O)c1cc(Cl)cc(Cl)c1)C(=O)N1CCC2(CCCC2)CC1)[C@H](Cc1ccccc1)C(=O)O,6.995678626217357
CHEMBL30696,CHEMBL298,Cholecystokinin B receptor,IC50,=,295.0,nM,CHEMBL662573,B,Inhibition of binding of [3H]N-Me-N-Leu-CCK-8 to cholecystokinin type B receptor in guinea pig brain cortex,CHEMBL1129279,P32239,Cholecystokinin B receptor,IC50,O=C(CCC(NC(=O)c1cc(Cl)cc(Cl)c1)C(=O)N1CCC2(CCCC2)CC1)NC(CCc1ccccc1)C(=O)O,6.530177984021837
CHEMBL31101,CHEMBL298,Cholecystokinin B receptor,IC50,=,141.0,nM,CHEMBL662573,B,Inhibition of binding of [3H]N-Me-N-Leu-CCK-8 to cholecystokinin type B receptor in guinea pig brain cortex,CHEMBL1129279,P32239,Cholecystokinin B receptor,IC50,O=C(O)CC[C@H](NC(=O)CCC(NC(=O)c1cc(Cl)cc(Cl)c1)C(=O)N1CCC2(CCCC2)CC1)C(=O)N1CCC2(CCCC2)CC1,6.85078088734462
CHEMBL291001,CHEMBL298,Cholecystokinin B receptor,IC50,=,85.0,nM,CHEMBL662573,B,Inhibition of binding of [3H]N-Me-N-Leu-CCK-8 to cholecystokinin type B receptor in guinea pig brain cortex,CHEMBL1129279,P32239,Cholecystokinin B receptor,IC50,O=C(O)CC[C@@H](NC(=O)CCC(NC(=O)c1cc(Cl)cc(Cl)c1)C(=O)N1CCC2(CCCC2)CC1)C(=O)Nc1cccc2ccccc12,7.070581074285707
CHEMBL149034,CHEMBL298,Cholecystokinin B receptor,IC50,=,5000.0,nM,CHEMBL660362,B,In vitro inhibition of binding of [125I]-(Nle)-HG-13 labeled Cholecystokinin type B receptor on isolated gastric mucosal cells of rabbit,CHEMBL1124407,P32239,Cholecystokinin B receptor,IC50,CC(C)CC(CC(=O)NC(CC(=O)O)C(=O)NCCc1ccccc1)NC(=O)C(Cc1c[nH]c2ccccc12)NC(=O)OC(C)(C)C,5.301029995663981
CHEMBL282476,CHEMBL298,Cholecystokinin B receptor,IC50,=,1692.0,nM,CHEMBL662573,B,Inhibition of binding of [3H]N-Me-N-Leu-CCK-8 to cholecystokinin type B receptor in guinea pig brain cortex,CHEMBL1129279,P32239,Cholecystokinin B receptor,IC50,O=C(O)CC[C@@H](NC(=O)CCC(NC(=O)c1cc(Cl)cc(Cl)c1)C(=O)N1CCC2(CCCC2)CC1)C(=O)N1CCC2(CCCC2)CC1,5.771599641296995
CHEMBL286763,CHEMBL298,Cholecystokinin B receptor,IC50,=,185.0,nM,CHEMBL662573,B,Inhibition of binding of [3H]N-Me-N-Leu-CCK-8 to cholecystokinin type B receptor in guinea pig brain cortex,CHEMBL1129279,P32239,Cholecystokinin B receptor,IC50,O=C(O)CC[C@H](NC(=O)CCC(NC(=O)c1cc(Cl)cc(Cl)c1)C(=O)N1CCC2(CCCC2)CC1)C(=O)N1CCC2CCCCC2C1,6.732828271596986
CHEMBL446693,CHEMBL298,Cholecystokinin B receptor,IC50,=,25000.0,nM,CHEMBL660363,B,In vitro inhibition of binding of [125I](Nle)-HG-13 labeled gCholecystokinin type B receptor on isolated gastric mucosal cells of rabbit,CHEMBL1124407,P32239,Cholecystokinin B receptor,IC50,CC(C)C[C@H](NC(=O)[C@@H](Cc1c[nH]c2ccccc12)NC(=O)OC(C)(C)C)C(=O)N[C@H](CC(=O)O)CC(=O)NCCc1ccccc1,4.6020599913279625
CHEMBL33043,CHEMBL298,Cholecystokinin B receptor,IC50,=,1017.0,nM,CHEMBL662573,B,Inhibition of binding of [3H]N-Me-N-Leu-CCK-8 to cholecystokinin type B receptor in guinea pig brain cortex,CHEMBL1129279,P32239,Cholecystokinin B receptor,IC50,O=C(O)CNC(=O)CCC(NC(=O)c1cc(Cl)cc(Cl)c1)C(=O)N1CCC2(CCCC2)CC1,5.992679047077255
CHEMBL289018,CHEMBL298,Cholecystokinin B receptor,IC50,=,539.0,nM,CHEMBL662573,B,Inhibition of binding of [3H]N-Me-N-Leu-CCK-8 to cholecystokinin type B receptor in guinea pig brain cortex,CHEMBL1129279,P32239,Cholecystokinin B receptor,IC50,CSCCC(NC(=O)CCC(NC(=O)c1cc(Cl)cc(Cl)c1)C(=O)N1CCC2(CCCC2)CC1)C(=O)O,6.268411234813261
CHEMBL289008,CHEMBL298,Cholecystokinin B receptor,IC50,=,1351.0,nM,CHEMBL662573,B,Inhibition of binding of [3H]N-Me-N-Leu-CCK-8 to cholecystokinin type B receptor in guinea pig brain cortex,CHEMBL1129279,P32239,Cholecystokinin B receptor,IC50,O=C(O)C[C@@H](NC(=O)CCC(NC(=O)c1cc(Cl)cc(Cl)c1)C(=O)N1CCC2(CCCC2)CC1)C(=O)N1CCC2(CCCC2)CC1,5.869344650977969
CHEMBL34569,CHEMBL298,Cholecystokinin B receptor,IC50,=,673.0,nM,CHEMBL662573,B,Inhibition of binding of [3H]N-Me-N-Leu-CCK-8 to cholecystokinin type B receptor in guinea pig brain cortex,CHEMBL1129279,P32239,Cholecystokinin B receptor,IC50,CN(C(=O)[C@@H](CCC(=O)O)NC(=O)CCC(NC(=O)c1cc(Cl)cc(Cl)c1)C(=O)N1CCC2(CCCC2)CC1)c1ccccc1,6.171984935776023
CHEMBL423405,CHEMBL298,Cholecystokinin B receptor,IC50,=,50000.0,nM,CHEMBL660362,B,In vitro inhibition of binding of [125I]-(Nle)-HG-13 labeled Cholecystokinin type B receptor on isolated gastric mucosal cells of rabbit,CHEMBL1124407,P32239,Cholecystokinin B receptor,IC50,CC(C)CC(CC(=O)N[C@H](CC(=O)O)C(=O)N[C@H](Cc1ccccc1)C(N)=O)NC(=O)C(Cc1c[nH]c2ccccc12)NC(=O)OC(C)(C)C,4.301029995663981
CHEMBL285559,CHEMBL298,Cholecystokinin B receptor,IC50,=,799.0,nM,CHEMBL662573,B,Inhibition of binding of [3H]N-Me-N-Leu-CCK-8 to cholecystokinin type B receptor in guinea pig brain cortex,CHEMBL1129279,P32239,Cholecystokinin B receptor,IC50,CC(Cc1ccccc1)(NC(=O)CCC(NC(=O)c1cc(Cl)cc(Cl)c1)C(=O)N1CCC2(CCCC2)CC1)C(=O)O,6.097453220686009
CHEMBL286228,CHEMBL298,Cholecystokinin B receptor,IC50,=,49.0,nM,CHEMBL662573,B,Inhibition of binding of [3H]N-Me-N-Leu-CCK-8 to cholecystokinin type B receptor in guinea pig brain cortex,CHEMBL1129279,P32239,Cholecystokinin B receptor,IC50,O=C(CCC(NC(=O)c1cc(Cl)cc(Cl)c1)C(=O)N1CCC2(CCCC2)CC1)NC(Cc1c[nH]c2ccccc12)C(=O)O,7.309803919971486
CHEMBL34101,CHEMBL298,Cholecystokinin B receptor,IC50,=,691.0,nM,CHEMBL662573,B,Inhibition of binding of [3H]N-Me-N-Leu-CCK-8 to cholecystokinin type B receptor in guinea pig brain cortex,CHEMBL1129279,P32239,Cholecystokinin B receptor,IC50,CC1(C)CCC(NC(=O)[C@H](CCC(=O)O)NC(=O)CCC(NC(=O)c2cc(Cl)cc(Cl)c2)C(=O)N2CCC3(CCCC3)CC2)CC1,6.1605219526258015
CHEMBL30784,CHEMBL298,Cholecystokinin B receptor,IC50,=,101.0,nM,CHEMBL662573,B,Inhibition of binding of [3H]N-Me-N-Leu-CCK-8 to cholecystokinin type B receptor in guinea pig brain cortex,CHEMBL1129279,P32239,Cholecystokinin B receptor,IC50,CN(Cc1ccccc1)C(=O)[C@H](CCC(=O)O)NC(=O)CCC(NC(=O)c1cc(Cl)cc(Cl)c1)C(=O)N1CCC2(CCCC2)CC1,6.995678626217357
CHEMBL433623,CHEMBL298,Cholecystokinin B receptor,IC50,=,727.0,nM,CHEMBL662573,B,Inhibition of binding of [3H]N-Me-N-Leu-CCK-8 to cholecystokinin type B receptor in guinea pig brain cortex,CHEMBL1129279,P32239,Cholecystokinin B receptor,IC50,O=C(O)CC[C@H](NC(=O)CCC(NC(=O)c1cc(Cl)cc(Cl)c1)C(=O)N1CCC2(CCCC2)CC1)C(=O)Nc1ccc2c(c1)CCC2,6.138465589140962
CHEMBL359141,CHEMBL298,Cholecystokinin B receptor,IC50,=,30000.0,nM,CHEMBL660362,B,In vitro inhibition of binding of [125I]-(Nle)-HG-13 labeled Cholecystokinin type B receptor on isolated gastric mucosal cells of rabbit,CHEMBL1124407,P32239,Cholecystokinin B receptor,IC50,CC(C)C[C@H](NC(=O)[C@@H](Cc1c[nH]c2ccccc12)NC(=O)OC(C)(C)C)C(=O)N[C@H](CC(=O)O)CC(=O)NC(Cc1ccccc1)C(N)=O,4.522878745280337
CHEMBL351891,CHEMBL298,Cholecystokinin B receptor,IC50,=,0.266,nM,CHEMBL657473,B,The compound was tested for binding activity against Cholecystokinin type B receptor from rat pancreatic tissue using [125]BH CCK-8 as radioligand,CHEMBL1127664,P32239,Cholecystokinin B receptor,IC50,CN1C(=O)[C@@H](NC(=O)Nc2ccc(-c3noc(O)n3)cc2)N=C(c2ccccc2)c2ccccc21,9.575118363368933
CHEMBL281728,CHEMBL298,Cholecystokinin B receptor,IC50,=,212.0,nM,CHEMBL662573,B,Inhibition of binding of [3H]N-Me-N-Leu-CCK-8 to cholecystokinin type B receptor in guinea pig brain cortex,CHEMBL1129279,P32239,Cholecystokinin B receptor,IC50,CN(C(=O)CCC(NC(=O)c1cc(Cl)cc(Cl)c1)C(=O)N1CCC2(CCCC2)CC1)C(Cc1ccccc1)C(=O)O,6.673664139071248
CHEMBL286510,CHEMBL298,Cholecystokinin B receptor,IC50,=,140.0,nM,CHEMBL662573,B,Inhibition of binding of [3H]N-Me-N-Leu-CCK-8 to cholecystokinin type B receptor in guinea pig brain cortex,CHEMBL1129279,P32239,Cholecystokinin B receptor,IC50,O=C(O)CC[C@H](NC(=O)CCC(NC(=O)c1cc(Cl)cc(Cl)c1)C(=O)N1CCC2(CCCC2)CC1)C(=O)N1CCc2ccccc2C1,6.853871964321762
CHEMBL3143393,CHEMBL298,Cholecystokinin B receptor,IC50,=,10000.0,nM,CHEMBL660362,B,In vitro inhibition of binding of [125I]-(Nle)-HG-13 labeled Cholecystokinin type B receptor on isolated gastric mucosal cells of rabbit,CHEMBL1124407,P32239,Cholecystokinin B receptor,IC50,CC(C)C[C@@H](CC(=O)N[C@@H](CC(=O)O)C(=O)N[C@@H](Cc1ccccc1)C(N)=O)NC(=O)[C@H](Cc1c[nH]c2ccccc12)NC(=O)OC(C)(C)C,5.0
CHEMBL163049,CHEMBL298,Cholecystokinin B receptor,IC50,=,8.5,nM,CHEMBL657473,B,The compound was tested for binding activity against Cholecystokinin type B receptor from rat pancreatic tissue using [125]BH CCK-8 as radioligand,CHEMBL1127664,P32239,Cholecystokinin B receptor,IC50,Cc1ccc(NC(=O)N[C@H]2N=C(c3ccccc3)c3ccccc3N(C)C2=O)cc1,8.070581074285707
CHEMBL163610,CHEMBL298,Cholecystokinin B receptor,IC50,=,56.4,nM,CHEMBL657473,B,The compound was tested for binding activity against Cholecystokinin type B receptor from rat pancreatic tissue using [125]BH CCK-8 as radioligand,CHEMBL1127664,P32239,Cholecystokinin B receptor,IC50,CN1C(=O)[C@H](NC(=O)Nc2ccc(-c3noc(O)n3)cc2)N=C(c2ccccc2)c2ccccc21,7.248720896016658
CHEMBL434967,CHEMBL298,Cholecystokinin B receptor,IC50,=,352.0,nM,CHEMBL662573,B,Inhibition of binding of [3H]N-Me-N-Leu-CCK-8 to cholecystokinin type B receptor in guinea pig brain cortex,CHEMBL1129279,P32239,Cholecystokinin B receptor,IC50,CN(C(=O)CCC(NC(=O)c1cc(Cl)cc(Cl)c1)C(=O)N1CCC2(CCCC2)CC1)[C@@H](Cc1c[nH]c2ccccc12)C(=O)O,6.453457336521868
CHEMBL432679,CHEMBL298,Cholecystokinin B receptor,IC50,=,299.0,nM,CHEMBL662573,B,Inhibition of binding of [3H]N-Me-N-Leu-CCK-8 to cholecystokinin type B receptor in guinea pig brain cortex,CHEMBL1129279,P32239,Cholecystokinin B receptor,IC50,CCCN(CCC)C(=O)[C@H](CCC(=O)O)NC(=O)CCC(NC(=O)c1cc(Cl)cc(Cl)c1)C(=O)N1CCC2(CCCC2)CC1,6.52432881167557
CHEMBL30061,CHEMBL298,Cholecystokinin B receptor,IC50,=,63.0,nM,CHEMBL662573,B,Inhibition of binding of [3H]N-Me-N-Leu-CCK-8 to cholecystokinin type B receptor in guinea pig brain cortex,CHEMBL1129279,P32239,Cholecystokinin B receptor,IC50,O=C(O)CC[C@H](NC(=O)CCC(NC(=O)c1cc(Cl)cc(Cl)c1)C(=O)N1CCC2(CCCC2)CC1)C(=O)NCc1cccc2ccccc12,7.200659450546418
CHEMBL34743,CHEMBL298,Cholecystokinin B receptor,IC50,=,49.0,nM,CHEMBL662573,B,Inhibition of binding of [3H]N-Me-N-Leu-CCK-8 to cholecystokinin type B receptor in guinea pig brain cortex,CHEMBL1129279,P32239,Cholecystokinin B receptor,IC50,CN(Cc1ccccc1)C(=O)[C@@H](CC(=O)O)NC(=O)CCC(NC(=O)c1cc(Cl)cc(Cl)c1)C(=O)N1CCC2(CCCC2)CC1,7.309803919971486
CHEMBL3143385,CHEMBL298,Cholecystokinin B receptor,IC50,=,2000.0,nM,CHEMBL660362,B,In vitro inhibition of binding of [125I]-(Nle)-HG-13 labeled Cholecystokinin type B receptor on isolated gastric mucosal cells of rabbit,CHEMBL1124407,P32239,Cholecystokinin B receptor,IC50,CC(C)C[C@H](NC(=O)[C@H](Cc1c[nH]c2ccccc12)NC(=O)OC(C)(C)C)C(=O)N[C@H](CC(=O)O)CC(=O)N[C@H](Cc1ccccc1)C(N)=O,5.698970004336019
CHEMBL278217,CHEMBL298,Cholecystokinin B receptor,IC50,=,790.0,nM,CHEMBL682554,B,Inhibitory activity against gastrin receptor,CHEMBL1153688,P32239,Cholecystokinin B receptor,IC50,Cc1cccc(NC(=O)NC2N=C(c3ccccc3)c3ccccc3N(CC(=O)NCC(=O)NCCCOc3cccc(CN4CCCCC4)c3)C2=O)c1,6.102372908709558
CHEMBL286475,CHEMBL298,Cholecystokinin B receptor,IC50,=,185.0,nM,CHEMBL682554,B,Inhibitory activity against gastrin receptor,CHEMBL1153688,P32239,Cholecystokinin B receptor,IC50,Cc1cccc(NC(=O)NC2N=C(c3ccccc3)c3ccccc3N(CC(=O)NCCC(=O)NCCCOc3cccc(CN4CCCCC4)c3)C2=O)c1,6.732828271596986
CHEMBL30656,CHEMBL298,Cholecystokinin B receptor,IC50,=,12.0,nM,CHEMBL682554,B,Inhibitory activity against gastrin receptor,CHEMBL1153688,P32239,Cholecystokinin B receptor,IC50,Cc1cccc(NC(=O)NC2N=C(c3cccc(OCC(=O)NCC(=O)NCCSCc4csc(N=C(N)N)n4)c3)c3ccccc3N(C)C2=O)c1,7.920818753952375
CHEMBL169438,CHEMBL298,Cholecystokinin B receptor,IC50,=,11000.0,nM,CHEMBL657476,B,The compound was tested for its activity to inhibit the binding of [125I]CCK-8 to Cholecystokinin type B receptor in guinea pig brain at a pH of 6.5,CHEMBL1153257,P32239,Cholecystokinin B receptor,IC50,CN1C(=O)[C@H](NC(=O)c2ccc(Cl)cc2)N=C(c2ccccc2)c2ccccc21,4.958607314841775
CHEMBL384035,CHEMBL298,Cholecystokinin B receptor,IC50,=,0.29,nM,CHEMBL657482,B,In vitro binding affinity against Cholecystokinin type B receptor in guinea pig brain membranes,CHEMBL1126469,P32239,Cholecystokinin B receptor,IC50,CCCC[C@H](NC(=O)[C@H](Cc1ccc(OS(=O)(=O)O)cc1)NC(=O)OC(C)(C)C)C(=O)NCC(=O)N[C@@H](Cc1c[nH]c2ccccc12)C(=O)N[C@@H](CCCC)C(=O)N[C@@H](CC(=O)O)C(=O)N[C@@H](Cc1ccccc1)C(N)=O,9.537602002101044
CHEMBL414523,CHEMBL298,Cholecystokinin B receptor,IC50,=,700.0,nM,CHEMBL657482,B,In vitro binding affinity against Cholecystokinin type B receptor in guinea pig brain membranes,CHEMBL1126469,P32239,Cholecystokinin B receptor,IC50,CCCC[C@H](NC(=O)[C@H](Cc1ccc(OS(=O)(=O)O)cc1)NC(=O)OC(C)(C)C)C(=O)NCC(=O)N[C@H](Cc1c[nH]c2ccccc12)C(=O)N[C@@H](CCCC)C(=O)N[C@@H](CC(=O)O)C(=O)NC(Cc1ccccc1)Cc1ccccc1,6.154901959985743
CHEMBL30821,CHEMBL298,Cholecystokinin B receptor,IC50,=,80.0,nM,CHEMBL682554,B,Inhibitory activity against gastrin receptor,CHEMBL1153688,P32239,Cholecystokinin B receptor,IC50,CN1C(=O)[C@H](NC(=O)Nc2cccc(CC(=O)NCCC(=O)NCCSCc3csc(N=C(N)N)n3)c2)N=C(c2ccccc2)c2ccccc21,7.096910013008056
CHEMBL286907,CHEMBL298,Cholecystokinin B receptor,IC50,=,190.0,nM,CHEMBL682554,B,Inhibitory activity against gastrin receptor,CHEMBL1153688,P32239,Cholecystokinin B receptor,IC50,Cc1cccc(NC(=O)NC2N=C(c3ccccc3)c3ccccc3N(CC(=O)NCCCC(=O)NCCSCc3csc(N=C(N)N)n3)C2=O)c1,6.721246399047171
CHEMBL2111881,CHEMBL298,Cholecystokinin B receptor,IC50,=,6500.0,nM,CHEMBL660030,B,Binding affinity towards Cholecystokinin type B receptor was determined in guinea pig cortex using [3H]SNF8702 as radioligand,CHEMBL1129440,P32239,Cholecystokinin B receptor,IC50,CCCC[C@@H](C(=O)N[C@@H](CC(=O)O)C(=O)N[C@@H](Cc1ccccc1)C(N)=O)N(C)C(=O)[C@H](NC(=O)CNC(=O)[C@@H](Cc1ccccc1)NC(=O)[C@H](Cc1ccc(O)cc1)NC(=O)[C@@H](N)CC(=O)O)[C@H](C)c1c[nH]c2ccccc12,5.187086643357144
CHEMBL22417,CHEMBL298,Cholecystokinin B receptor,IC50,=,7350.0,nM,CHEMBL661926,B,Displacement of [125I]CCK-OP radioligand from Cholecystokinin type B receptor of guinea pig cortical membranes,CHEMBL1126348,P32239,Cholecystokinin B receptor,IC50,O=C(N[C@@H]1C(=O)N(Cc2ccccc2)C[C@@H]1C(=O)O)c1ccc2ccccc2c1,5.133712660915805
CHEMBL280980,CHEMBL298,Cholecystokinin B receptor,IC50,=,380.0,nM,CHEMBL682554,B,Inhibitory activity against gastrin receptor,CHEMBL1153688,P32239,Cholecystokinin B receptor,IC50,CN1C(=O)[C@H](NC(=O)Nc2cccc(C(=O)NCCSCc3csc(N=C(N)N)n3)c2)N=C(c2ccccc2)c2ccccc21,6.42021640338319
CHEMBL30701,CHEMBL298,Cholecystokinin B receptor,IC50,=,32.0,nM,CHEMBL682554,B,Inhibitory activity against gastrin receptor,CHEMBL1153688,P32239,Cholecystokinin B receptor,IC50,Cc1cccc(NC(=O)NC2N=C(c3cccc(OCC(=O)NCCCCCC(=O)NCCCOc4cccc(CN5CCCCC5)c4)c3)c3ccccc3N(C)C2=O)c1,7.494850021680094
CHEMBL281017,CHEMBL298,Cholecystokinin B receptor,IC50,=,570.0,nM,CHEMBL682554,B,Inhibitory activity against gastrin receptor,CHEMBL1153688,P32239,Cholecystokinin B receptor,IC50,Cc1cccc(NC(=O)NC2N=C(c3cccc(OCC(=O)NCCCOc4cccc(CN5CCCCC5)c4)c3)c3ccccc3N(C)C2=O)c1,6.2441251443275085
CHEMBL9524,CHEMBL298,Cholecystokinin B receptor,IC50,=,33.0,nM,CHEMBL662561,B,Compound was evaluated for functional activity on Cholecystokinin type B receptor (CCK-B) receptor carried out on guinea pig stomach cells.,CHEMBL1131373,P32239,Cholecystokinin B receptor,IC50,CCOC(=O)c1cccc(NC(=O)NNc2nc3ccccc3c(=O)n2-c2ccc(Cl)cc2)c1,7.481486060122112
CHEMBL70380,CHEMBL298,Cholecystokinin B receptor,IC50,=,150.0,nM,CHEMBL657476,B,The compound was tested for its activity to inhibit the binding of [125I]CCK-8 to Cholecystokinin type B receptor in guinea pig brain at a pH of 6.5,CHEMBL1153257,P32239,Cholecystokinin B receptor,IC50,Cc1cccc(NC(=O)N[C@H]2N=C(c3ccccc3)c3ccccc3N(C)C2=O)c1,6.823908740944319
CHEMBL9506,CHEMBL298,Cholecystokinin B receptor,IC50,=,270.0,nM,CHEMBL657476,B,The compound was tested for its activity to inhibit the binding of [125I]CCK-8 to Cholecystokinin type B receptor in guinea pig brain at a pH of 6.5,CHEMBL1153257,P32239,Cholecystokinin B receptor,IC50,CN1C(=O)[C@@H](NC(=O)c2cc3ccccc3[nH]2)N=C(c2ccccc2)c2ccccc21,6.568636235841012
CHEMBL216527,CHEMBL298,Cholecystokinin B receptor,IC50,=,1000.0,nM,CHEMBL657482,B,In vitro binding affinity against Cholecystokinin type B receptor in guinea pig brain membranes,CHEMBL1126469,P32239,Cholecystokinin B receptor,IC50,CCCC[C@H](NC(=O)[C@H](Cc1ccc(OS(=O)(=O)O)cc1)NC(=O)OC(C)(C)C)C(=O)NCC(=O)N[C@H](Cc1c[nH]c2ccccc12)C(=O)N[C@@H](CCCC)C(=O)N[C@@H](CC(=O)O)C(=O)NCCc1ccccc1,6.0
CHEMBL413186,CHEMBL298,Cholecystokinin B receptor,IC50,=,1800.0,nM,CHEMBL657482,B,In vitro binding affinity against Cholecystokinin type B receptor in guinea pig brain membranes,CHEMBL1126469,P32239,Cholecystokinin B receptor,IC50,CCCC[C@H](NC(=O)[C@H](Cc1ccc(OS(=O)(=O)O)cc1)NC(=O)OC(C)(C)C)C(=O)NCC(=O)N[C@H](Cc1c[nH]c2ccccc12)C(=O)N[C@@H](CCCC)C(=O)N[C@@H](CC(=O)O)C(=O)N(C)CCc1ccccc1,5.7447274948966935
CHEMBL31726,CHEMBL298,Cholecystokinin B receptor,IC50,=,14.0,nM,CHEMBL682554,B,Inhibitory activity against gastrin receptor,CHEMBL1153688,P32239,Cholecystokinin B receptor,IC50,Cc1cccc(NC(=O)NC2N=C(c3cccc(OCC(=O)NCCCC(=O)NCCSCc4csc(N=C(N)N)n4)c3)c3ccccc3N(C)C2=O)c1,7.853871964321762
CHEMBL279730,CHEMBL298,Cholecystokinin B receptor,IC50,=,2000.0,nM,CHEMBL661926,B,Displacement of [125I]CCK-OP radioligand from Cholecystokinin type B receptor of guinea pig cortical membranes,CHEMBL1126348,P32239,Cholecystokinin B receptor,IC50,O=C(N[C@@H]1C(=O)N(Cc2ccccc2)C[C@@H]1C(=O)O)c1cc2ccccc2[nH]1,5.698970004336019
CHEMBL265147,CHEMBL298,Cholecystokinin B receptor,IC50,=,53.0,nM,CHEMBL657482,B,In vitro binding affinity against Cholecystokinin type B receptor in guinea pig brain membranes,CHEMBL1126469,P32239,Cholecystokinin B receptor,IC50,CCCC[C@H](NC(=O)[C@H](Cc1ccc(OS(=O)(=O)O)cc1)NC(=O)OC(C)(C)C)C(=O)NCC(=O)N[C@@H](Cc1c[nH]c2ccccc12)C(=O)N[C@@H](CCCC)C(=O)N[C@@H](CC(=O)O)C(=O)NCC(c1ccccc1)c1ccccc1,7.275724130399211
CHEMBL2111882,CHEMBL298,Cholecystokinin B receptor,IC50,=,6500.0,nM,CHEMBL660030,B,Binding affinity towards Cholecystokinin type B receptor was determined in guinea pig cortex using [3H]SNF8702 as radioligand,CHEMBL1129440,P32239,Cholecystokinin B receptor,IC50,CCCC[C@@H](C(=O)N[C@@H](CC(=O)O)C(=O)N[C@@H](Cc1ccccc1)C(N)=O)N(C)C(=O)[C@H](NC(=O)CNC(=O)[C@@H](Cc1ccccc1)NC(=O)[C@H](Cc1ccc(O)cc1)NC(=O)[C@@H](N)CC(=O)O)[C@@H](C)c1c[nH]c2ccccc12,5.187086643357144
CHEMBL265987,CHEMBL298,Cholecystokinin B receptor,IC50,=,136.0,nM,CHEMBL682554,B,Inhibitory activity against gastrin receptor,CHEMBL1153688,P32239,Cholecystokinin B receptor,IC50,CN1C(=O)[C@H](NC(=O)Nc2cccc(CC(=O)NCCC(=O)NCCCOc3cccc(CN4CCCCC4)c3)c2)N=C(c2ccccc2)c2ccccc21,6.866461091629782
CHEMBL9188,CHEMBL298,Cholecystokinin B receptor,IC50,=,22.0,nM,CHEMBL662561,B,Compound was evaluated for functional activity on Cholecystokinin type B receptor (CCK-B) receptor carried out on guinea pig stomach cells.,CHEMBL1131373,P32239,Cholecystokinin B receptor,IC50,CCOC(=O)c1cccc(NC(=O)NNc2nc3ccccc3c(=O)n2-c2cccc(OC(C)C)c2)c1,7.657577319177793
CHEMBL262125,CHEMBL298,Cholecystokinin B receptor,IC50,=,240.0,nM,CHEMBL682554,B,Inhibitory activity against gastrin receptor,CHEMBL1153688,P32239,Cholecystokinin B receptor,IC50,CN1C(=O)[C@H](NC(=O)Nc2cccc(CC(=O)NCCCC(=O)NCCSCc3csc(N=C(N)N)n3)c2)N=C(c2ccccc2)c2ccccc21,6.619788758288394
CHEMBL407057,CHEMBL298,Cholecystokinin B receptor,IC50,=,0.79,nM,CHEMBL660030,B,Binding affinity towards Cholecystokinin type B receptor was determined in guinea pig cortex using [3H]SNF8702 as radioligand,CHEMBL1129440,P32239,Cholecystokinin B receptor,IC50,CCCC[C@@H](C(=O)N[C@@H](CC(=O)O)C(=O)N[C@@H](Cc1ccccc1)C(N)=O)N(C)C(=O)[C@H](Cc1c[nH]c2ccccc12)NC(=O)CNC(=O)[C@@H](Cc1ccccc1)NC(=O)[C@H](Cc1ccc(O)cc1)NC(=O)[C@@H](N)CC(=O)O,9.102372908709558
CHEMBL281318,CHEMBL298,Cholecystokinin B receptor,IC50,=,45.0,nM,CHEMBL682554,B,Inhibitory activity against gastrin receptor,CHEMBL1153688,P32239,Cholecystokinin B receptor,IC50,CN1C(=O)[C@H](NC(=O)Nc2cccc(CC(=O)NCCCCCC(=O)NCCSCc3csc(N=C(N)N)n3)c2)N=C(c2ccccc2)c2ccccc21,7.346787486224656
CHEMBL31671,CHEMBL298,Cholecystokinin B receptor,IC50,=,550.0,nM,CHEMBL682554,B,Inhibitory activity against gastrin receptor,CHEMBL1153688,P32239,Cholecystokinin B receptor,IC50,CN1C(=O)[C@H](NC(=O)Nc2cccc(C(=O)NCCCOc3cccc(CN4CCCCC4)c3)c2)N=C(c2ccccc2)c2ccccc21,6.259637310505756
CHEMBL285746,CHEMBL298,Cholecystokinin B receptor,IC50,=,3.0,nM,CHEMBL682554,B,Inhibitory activity against gastrin receptor,CHEMBL1153688,P32239,Cholecystokinin B receptor,IC50,Cc1cccc(NC(=O)NC2N=C(c3ccccc3)c3ccccc3N(CC(=O)NCCSCc3csc(N=C(N)N)n3)C2=O)c1,8.522878745280337
CHEMBL282645,CHEMBL298,Cholecystokinin B receptor,IC50,=,60.0,nM,CHEMBL682554,B,Inhibitory activity against gastrin receptor,CHEMBL1153688,P32239,Cholecystokinin B receptor,IC50,Cc1cccc(NC(=O)NC2N=C(c3cccc(OCC(=O)NCCCC(=O)NCCCOc4cccc(CN5CCCCC5)c4)c3)c3ccccc3N(C)C2=O)c1,7.221848749616356
CHEMBL9387,CHEMBL298,Cholecystokinin B receptor,IC50,=,4.0,nM,CHEMBL682554,B,Inhibitory activity against gastrin receptor,CHEMBL1153688,P32239,Cholecystokinin B receptor,IC50,Cc1cccc(NC(=O)N[C@@H]2N=C(c3ccccc3)c3ccccc3N(C)C2=O)c1,8.397940008672037
CHEMBL280733,CHEMBL298,Cholecystokinin B receptor,IC50,=,4800.0,nM,CHEMBL661926,B,Displacement of [125I]CCK-OP radioligand from Cholecystokinin type B receptor of guinea pig cortical membranes,CHEMBL1126348,P32239,Cholecystokinin B receptor,IC50,O=C(N[C@@H]1C(=O)N(c2ccccc2)C[C@@H]1C(=O)O)c1cc2ccccc2[nH]1,5.318758762624412
CHEMBL31090,CHEMBL298,Cholecystokinin B receptor,IC50,=,210.0,nM,CHEMBL682554,B,Inhibitory activity against gastrin receptor,CHEMBL1153688,P32239,Cholecystokinin B receptor,IC50,Cc1cccc(NC(=O)NC2N=C(c3ccccc3)c3ccccc3N(CC(=O)NCCCC(=O)NCCCOc3cccc(CN4CCCCC4)c3)C2=O)c1,6.6777807052660805
CHEMBL384505,CHEMBL298,Cholecystokinin B receptor,IC50,=,10.0,nM,CHEMBL657482,B,In vitro binding affinity against Cholecystokinin type B receptor in guinea pig brain membranes,CHEMBL1126469,P32239,Cholecystokinin B receptor,IC50,CCCC[C@H](NC(=O)[C@H](Cc1ccc(OS(=O)(=O)O)cc1)NC(=O)OC(C)(C)C)C(=O)NCC(=O)N[C@@H](Cc1c[nH]c2ccccc12)C(=O)N[C@@H](CCCC)C(=O)N[C@@H](CC(=O)O)C(=O)NCCc1ccccc1,8.0
CHEMBL419764,CHEMBL298,Cholecystokinin B receptor,IC50,=,3700.0,nM,CHEMBL657476,B,The compound was tested for its activity to inhibit the binding of [125I]CCK-8 to Cholecystokinin type B receptor in guinea pig brain at a pH of 6.5,CHEMBL1153257,P32239,Cholecystokinin B receptor,IC50,CN1C(=O)[C@H](NC(=O)c2cc3ccccc3[nH]2)N=C(c2ccccc2)c2ccccc21,5.431798275933005
CHEMBL436690,CHEMBL298,Cholecystokinin B receptor,IC50,=,72.0,nM,CHEMBL657482,B,In vitro binding affinity against Cholecystokinin type B receptor in guinea pig brain membranes,CHEMBL1126469,P32239,Cholecystokinin B receptor,IC50,CCCC[C@H](NC(=O)[C@H](Cc1ccc(OS(=O)(=O)O)cc1)NC(=O)OC(C)(C)C)C(=O)NCC(=O)N[C@@H](Cc1c[nH]c2ccccc12)C(=O)N[C@@H](CCCC)C(=O)N[C@@H](CC(=O)O)C(=O)NC(Cc1ccccc1)Cc1ccccc1,7.142667503568731
CHEMBL384505,CHEMBL298,Cholecystokinin B receptor,IC50,=,80.0,nM,CHEMBL657482,B,In vitro binding affinity against Cholecystokinin type B receptor in guinea pig brain membranes,CHEMBL1126469,P32239,Cholecystokinin B receptor,IC50,CCCC[C@H](NC(=O)[C@H](Cc1ccc(OS(=O)(=O)O)cc1)NC(=O)OC(C)(C)C)C(=O)NCC(=O)N[C@@H](Cc1c[nH]c2ccccc12)C(=O)N[C@@H](CCCC)C(=O)N[C@@H](CC(=O)O)C(=O)NCCc1ccccc1,7.096910013008056
CHEMBL2112688,CHEMBL298,Cholecystokinin B receptor,IC50,=,1900.0,nM,CHEMBL660030,B,Binding affinity towards Cholecystokinin type B receptor was determined in guinea pig cortex using [3H]SNF8702 as radioligand,CHEMBL1129440,P32239,Cholecystokinin B receptor,IC50,CCCC[C@@H](C(=O)N[C@@H](CC(=O)O)C(=O)N[C@@H](Cc1ccccc1)C(N)=O)N(C)C(=O)[C@@H](NC(=O)CNC(=O)[C@@H](Cc1ccccc1)NC(=O)[C@H](Cc1ccc(O)cc1)NC(=O)[C@@H](N)CC(=O)O)[C@H](C)c1c[nH]c2ccccc12,5.721246399047171
CHEMBL2112689,CHEMBL298,Cholecystokinin B receptor,IC50,=,88.0,nM,CHEMBL660030,B,Binding affinity towards Cholecystokinin type B receptor was determined in guinea pig cortex using [3H]SNF8702 as radioligand,CHEMBL1129440,P32239,Cholecystokinin B receptor,IC50,CCCC[C@@H](C(=O)N[C@@H](CC(=O)O)C(=O)N[C@@H](Cc1ccccc1)C(N)=O)N(C)C(=O)[C@@H](NC(=O)CNC(=O)[C@@H](Cc1ccccc1)NC(=O)[C@H](Cc1ccc(O)cc1)NC(=O)[C@@H](N)CC(=O)O)[C@@H](C)c1c[nH]c2ccccc12,7.055517327849831
CHEMBL30195,CHEMBL298,Cholecystokinin B receptor,IC50,=,155.0,nM,CHEMBL682554,B,Inhibitory activity against gastrin receptor,CHEMBL1153688,P32239,Cholecystokinin B receptor,IC50,Cc1cccc(NC(=O)NC2N=C(c3ccccc3)c3ccccc3N(CC(=O)NCCCOc3cccc(CN4CCCCC4)c3)C2=O)c1,6.809668301829708
CHEMBL30430,CHEMBL298,Cholecystokinin B receptor,IC50,=,168.0,nM,CHEMBL682554,B,Inhibitory activity against gastrin receptor,CHEMBL1153688,P32239,Cholecystokinin B receptor,IC50,CN1C(=O)[C@H](NC(=O)Nc2cccc(CC(=O)NCCSCc3csc(N=C(N)N)n3)c2)N=C(c2ccccc2)c2ccccc21,6.774690718274137
CHEMBL284183,CHEMBL298,Cholecystokinin B receptor,IC50,=,230.0,nM,CHEMBL682554,B,Inhibitory activity against gastrin receptor,CHEMBL1153688,P32239,Cholecystokinin B receptor,IC50,CN1C(=O)[C@H](NC(=O)Nc2cccc(CC(=O)NCCCOc3cccc(CN4CCCCC4)c3)c2)N=C(c2ccccc2)c2ccccc21,6.638272163982407
CHEMBL30917,CHEMBL298,Cholecystokinin B receptor,IC50,=,115.0,nM,CHEMBL682554,B,Inhibitory activity against gastrin receptor,CHEMBL1153688,P32239,Cholecystokinin B receptor,IC50,CN1C(=O)[C@H](NC(=O)Nc2cccc(CC(=O)NCCCC(=O)NCCCOc3cccc(CN4CCCCC4)c3)c2)N=C(c2ccccc2)c2ccccc21,6.939302159646388
CHEMBL282646,CHEMBL298,Cholecystokinin B receptor,IC50,=,200.0,nM,CHEMBL682554,B,Inhibitory activity against gastrin receptor,CHEMBL1153688,P32239,Cholecystokinin B receptor,IC50,Cc1cccc(NC(=O)NC2N=C(c3cccc(OCC(=O)NCCC(=O)NCCCOc4cccc(CN5CCCCC5)c4)c3)c3ccccc3N(C)C2=O)c1,6.698970004336019
CHEMBL279778,CHEMBL298,Cholecystokinin B receptor,IC50,=,110.0,nM,CHEMBL682554,B,Inhibitory activity against gastrin receptor,CHEMBL1153688,P32239,Cholecystokinin B receptor,IC50,CN1C(=O)[C@H](NC(=O)Nc2cccc(CC(=O)NCCCCCC(=O)NCCCOc3cccc(CN4CCCCC4)c3)c2)N=C(c2ccccc2)c2ccccc21,6.958607314841775
CHEMBL9387,CHEMBL298,Cholecystokinin B receptor,IC50,=,2.0,nM,CHEMBL657476,B,The compound was tested for its activity to inhibit the binding of [125I]CCK-8 to Cholecystokinin type B receptor in guinea pig brain at a pH of 6.5,CHEMBL1153257,P32239,Cholecystokinin B receptor,IC50,Cc1cccc(NC(=O)N[C@@H]2N=C(c3ccccc3)c3ccccc3N(C)C2=O)c1,8.698970004336019
CHEMBL168852,CHEMBL298,Cholecystokinin B receptor,IC50,=,2900.0,nM,CHEMBL657476,B,The compound was tested for its activity to inhibit the binding of [125I]CCK-8 to Cholecystokinin type B receptor in guinea pig brain at a pH of 6.5,CHEMBL1153257,P32239,Cholecystokinin B receptor,IC50,CN1C(=O)[C@@H](NC(=O)c2ccc(Cl)cc2)N=C(c2ccccc2)c2ccccc21,5.537602002101044
CHEMBL29331,CHEMBL298,Cholecystokinin B receptor,IC50,=,16.0,nM,CHEMBL682554,B,Inhibitory activity against gastrin receptor,CHEMBL1153688,P32239,Cholecystokinin B receptor,IC50,Cc1cccc(NC(=O)NC2N=C(c3ccccc3)c3ccccc3N(CC(=O)NCCCCCC(=O)NCCCOc3cccc(CN4CCCCC4)c3)C2=O)c1,7.795880017344075
CHEMBL285586,CHEMBL298,Cholecystokinin B receptor,IC50,=,25.0,nM,CHEMBL682554,B,Inhibitory activity against gastrin receptor,CHEMBL1153688,P32239,Cholecystokinin B receptor,IC50,Cc1cccc(NC(=O)NC2N=C(c3cccc(OCC(=O)NCCC(=O)NCCSCc4csc(N=C(N)N)n4)c3)c3ccccc3N(C)C2=O)c1,7.6020599913279625
CHEMBL9422,CHEMBL298,Cholecystokinin B receptor,IC50,=,54.0,nM,CHEMBL662561,B,Compound was evaluated for functional activity on Cholecystokinin type B receptor (CCK-B) receptor carried out on guinea pig stomach cells.,CHEMBL1131373,P32239,Cholecystokinin B receptor,IC50,CC(C)Oc1cccc(-n2c(NNC(=O)Nc3ccc(Br)cc3)nc3ccccc3c2=O)c1,7.267606240177031
CHEMBL29888,CHEMBL298,Cholecystokinin B receptor,IC50,=,135.0,nM,CHEMBL682554,B,Inhibitory activity against gastrin receptor,CHEMBL1153688,P32239,Cholecystokinin B receptor,IC50,Cc1cccc(NC(=O)NC2N=C(c3cccc(OCC(=O)NCCSCc4csc(N=C(N)N)n4)c3)c3ccccc3N(C)C2=O)c1,6.8696662315049934
CHEMBL281082,CHEMBL298,Cholecystokinin B receptor,IC50,=,370.0,nM,CHEMBL682554,B,Inhibitory activity against gastrin receptor,CHEMBL1153688,P32239,Cholecystokinin B receptor,IC50,Cc1cccc(NC(=O)NC2N=C(c3ccccc3)c3ccccc3N(CC(=O)NCC(=O)NCCSCc3csc(N=C(N)N)n3)C2=O)c1,6.431798275933005
CHEMBL268337,CHEMBL298,Cholecystokinin B receptor,IC50,=,600.0,nM,CHEMBL657482,B,In vitro binding affinity against Cholecystokinin type B receptor in guinea pig brain membranes,CHEMBL1126469,P32239,Cholecystokinin B receptor,IC50,CCCC[C@H](NC(=O)[C@H](Cc1ccc(OS(=O)(=O)O)cc1)NC(=O)OC(C)(C)C)C(=O)NCC(=O)N[C@H](Cc1c[nH]c2ccccc12)C(=O)N[C@@H](CCCC)C(=O)N[C@@H](CC(=O)O)C(=O)NCC(c1ccccc1)c1ccccc1,6.221848749616356
CHEMBL286908,CHEMBL298,Cholecystokinin B receptor,IC50,=,75.0,nM,CHEMBL682554,B,Inhibitory activity against gastrin receptor,CHEMBL1153688,P32239,Cholecystokinin B receptor,IC50,Cc1cccc(NC(=O)NC2N=C(c3ccccc3)c3ccccc3N(CC(=O)NCCC(=O)NCCSCc3csc(N=C(N)N)n3)C2=O)c1,7.1249387366083
CHEMBL33819,CHEMBL298,Cholecystokinin B receptor,IC50,=,63.0,nM,CHEMBL682554,B,Inhibitory activity against gastrin receptor,CHEMBL1153688,P32239,Cholecystokinin B receptor,IC50,Cc1cccc(NC(=O)NC2N=C(c3cccc(OCC(=O)NCC(=O)NCCCOc4cccc(CN5CCCCC5)c4)c3)c3ccccc3N(C)C2=O)c1,7.200659450546418
CHEMBL291458,CHEMBL298,Cholecystokinin B receptor,IC50,=,0.48,nM,CHEMBL652234,B,Binding activity towards cholecystokinin-B (CCK-B) receptor in guinea pig cortex,CHEMBL1128613,P32239,Cholecystokinin B receptor,IC50,Cc1ccc2c(c1)N(CC(=O)NC(C)(C)C)C(=O)[C@H](NC(=O)Nc1cccc(Cl)c1)C[C@@H]2c1ccccc1,9.318758762624412
CHEMBL292856,CHEMBL298,Cholecystokinin B receptor,IC50,=,0.98,nM,CHEMBL652234,B,Binding activity towards cholecystokinin-B (CCK-B) receptor in guinea pig cortex,CHEMBL1128613,P32239,Cholecystokinin B receptor,IC50,Cc1ccc2c(c1)N(CC(=O)NC(C)(C)C)C(=O)[C@H](NC(=O)Nc1cccc(-c3nn[nH]n3)c1)C[C@@H]2C(C)C,9.008773924307505
CHEMBL60754,CHEMBL298,Cholecystokinin B receptor,IC50,=,4.8,nM,CHEMBL652234,B,Binding activity towards cholecystokinin-B (CCK-B) receptor in guinea pig cortex,CHEMBL1128613,P32239,Cholecystokinin B receptor,IC50,Cc1ccc2c(c1)N(CC(=O)NC(C)(C)C)C(=O)[C@H](NC(=O)Nc1cccc(C(=O)NS(=O)(=O)c3ccccc3)c1)C[C@@H]2c1ccccc1,8.318758762624412
CHEMBL57642,CHEMBL298,Cholecystokinin B receptor,IC50,=,0.88,nM,CHEMBL652234,B,Binding activity towards cholecystokinin-B (CCK-B) receptor in guinea pig cortex,CHEMBL1128613,P32239,Cholecystokinin B receptor,IC50,Cc1ccc2c(c1)N(CC(=O)NC(C)(C)C)C(=O)[C@H](NC(=O)Nc1cccc(C(=O)NS(C)(=O)=O)c1)C[C@@H]2c1ccccc1,9.05551732784983
CHEMBL293490,CHEMBL298,Cholecystokinin B receptor,IC50,=,1.0,nM,CHEMBL652234,B,Binding activity towards cholecystokinin-B (CCK-B) receptor in guinea pig cortex,CHEMBL1128613,P32239,Cholecystokinin B receptor,IC50,CCS(=O)(=O)NC(=O)c1cccc(NC(=O)N[C@@H]2C[C@H](c3ccccc3)c3ccc(C)cc3N(CC(=O)NC(C)(C)C)C2=O)c1,9.0
CHEMBL301418,CHEMBL298,Cholecystokinin B receptor,IC50,=,0.81,nM,CHEMBL652234,B,Binding activity towards cholecystokinin-B (CCK-B) receptor in guinea pig cortex,CHEMBL1128613,P32239,Cholecystokinin B receptor,IC50,Cc1ccc2c(c1)N(CC(=O)NC(C)(C)C)C(=O)[C@H](NC(=O)Nc1cccc(-c3nn[nH]n3)c1)C[C@@H]2c1ccccc1,9.09151498112135
CHEMBL293107,CHEMBL298,Cholecystokinin B receptor,IC50,=,9.0,nM,CHEMBL652234,B,Binding activity towards cholecystokinin-B (CCK-B) receptor in guinea pig cortex,CHEMBL1128613,P32239,Cholecystokinin B receptor,IC50,Cc1ccc([C@H]2C[C@@H](NC(=O)Nc3cccc(-c4nn[nH]n4)c3)C(=O)N(CC(=O)NC(C)(C)C)c3cc(C)ccc32)cc1,8.045757490560675
CHEMBL431919,CHEMBL298,Cholecystokinin B receptor,IC50,=,0.1,nM,CHEMBL652234,B,Binding activity towards cholecystokinin-B (CCK-B) receptor in guinea pig cortex,CHEMBL1128613,P32239,Cholecystokinin B receptor,IC50,Cc1ccc2c(c1)N(CC(=O)NC(C)(C)C)C(=O)[C@H](NC(=O)Nc1cccc(C(=O)O)c1)C[C@@H]2C1CCCCC1,10.0
CHEMBL57643,CHEMBL298,Cholecystokinin B receptor,IC50,=,0.6,nM,CHEMBL652234,B,Binding activity towards cholecystokinin-B (CCK-B) receptor in guinea pig cortex,CHEMBL1128613,P32239,Cholecystokinin B receptor,IC50,COC(=O)c1cccc(NC(=O)N[C@@H]2C[C@H](C3CCCCC3)c3ccc(C)cc3N(CC(=O)NC(C)(C)C)C2=O)c1,9.221848749616356
CHEMBL431919,CHEMBL298,Cholecystokinin B receptor,IC50,=,0.2,nM,CHEMBL652234,B,Binding activity towards cholecystokinin-B (CCK-B) receptor in guinea pig cortex,CHEMBL1128613,P32239,Cholecystokinin B receptor,IC50,Cc1ccc2c(c1)N(CC(=O)NC(C)(C)C)C(=O)[C@H](NC(=O)Nc1cccc(C(=O)O)c1)C[C@@H]2C1CCCCC1,9.698970004336019
CHEMBL298627,CHEMBL298,Cholecystokinin B receptor,IC50,=,1.4,nM,CHEMBL652234,B,Binding activity towards cholecystokinin-B (CCK-B) receptor in guinea pig cortex,CHEMBL1128613,P32239,Cholecystokinin B receptor,IC50,COC(=O)c1cccc(NC(=O)N[C@@H]2C[C@H](c3ccccc3)c3ccc(C)cc3N(CC(=O)NC(C)(C)C)C2=O)c1,8.853871964321762
CHEMBL294252,CHEMBL298,Cholecystokinin B receptor,IC50,=,0.26,nM,CHEMBL652234,B,Binding activity towards cholecystokinin-B (CCK-B) receptor in guinea pig cortex,CHEMBL1128613,P32239,Cholecystokinin B receptor,IC50,Cc1ccc2c(c1)N(CC(=O)NC(C)(C)C)C(=O)[C@H](NC(=O)Nc1cccc(C(=O)NS(C)(=O)=O)c1)C[C@@H]2C1CCCCC1,9.585026652029182
CHEMBL301261,CHEMBL298,Cholecystokinin B receptor,IC50,=,2.7,nM,CHEMBL652234,B,Binding activity towards cholecystokinin-B (CCK-B) receptor in guinea pig cortex,CHEMBL1128613,P32239,Cholecystokinin B receptor,IC50,Cc1ccc2c(c1)N(CC(=O)NC(C)(C)C)C(=O)[C@H](NC(=O)Nc1cccc(C(=O)O)c1)C[C@@H]2c1ccccc1,8.568636235841012
CHEMBL58154,CHEMBL298,Cholecystokinin B receptor,IC50,=,7.9,nM,CHEMBL652234,B,Binding activity towards cholecystokinin-B (CCK-B) receptor in guinea pig cortex,CHEMBL1128613,P32239,Cholecystokinin B receptor,IC50,Cc1ccc2c(c1)N(CC(=O)NC(C)(C)C)C(=O)[C@H](NC(=O)Nc1cccc(C(=O)NS(=O)(=O)c3ccccc3C)c1)C[C@@H]2c1ccccc1,8.102372908709558
CHEMBL294161,CHEMBL298,Cholecystokinin B receptor,IC50,=,0.22,nM,CHEMBL652234,B,Binding activity towards cholecystokinin-B (CCK-B) receptor in guinea pig cortex,CHEMBL1128613,P32239,Cholecystokinin B receptor,IC50,Cc1ccc2c(c1)N(CC(=O)NC(C)(C)C)C(=O)[C@H](NC(=O)Nc1cccc(-c3nn[nH]n3)c1)C[C@@H]2C1CCCCC1,9.657577319177793
CHEMBL300776,CHEMBL298,Cholecystokinin B receptor,IC50,=,1.7,nM,CHEMBL652234,B,Binding activity towards cholecystokinin-B (CCK-B) receptor in guinea pig cortex,CHEMBL1128613,P32239,Cholecystokinin B receptor,IC50,Cc1ccc2c(c1)N(CC(=O)NC(C)(C)C)C(=O)[C@H](NC(=O)Nc1cccc(-c3nn[nH]n3)c1)C[C@@H]2Cc1ccccc1,8.769551078621726
CHEMBL59234,CHEMBL298,Cholecystokinin B receptor,IC50,=,0.88,nM,CHEMBL652234,B,Binding activity towards cholecystokinin-B (CCK-B) receptor in guinea pig cortex,CHEMBL1128613,P32239,Cholecystokinin B receptor,IC50,Cc1ccc2c(c1)N(CC(=O)NC(C)(C)C)C(=O)[C@H](NC(=O)Nc1cccc(-c3nn[nH]n3)c1)C[C@@H]2CC1CCCCC1,9.05551732784983
CHEMBL408490,CHEMBL298,Cholecystokinin B receptor,IC50,=,5.1,nM,CHEMBL652234,B,Binding activity towards cholecystokinin-B (CCK-B) receptor in guinea pig cortex,CHEMBL1128613,P32239,Cholecystokinin B receptor,IC50,Cc1ccc2c(c1)N(CC(=O)NC(C)(C)C)C(=O)[C@H](NC(=O)Nc1cccc(C(=O)NS(=O)(=O)C(F)(F)F)c1)C[C@@H]2c1ccccc1,8.292429823902063
CHEMBL58658,CHEMBL298,Cholecystokinin B receptor,IC50,=,0.7,nM,CHEMBL652234,B,Binding activity towards cholecystokinin-B (CCK-B) receptor in guinea pig cortex,CHEMBL1128613,P32239,Cholecystokinin B receptor,IC50,Cc1ccc2c(c1)N(CC(=O)NC(C)(C)C)C(=O)[C@H](NC(=O)Nc1cccc(C(=O)Nc3nn[nH]n3)c1)C[C@@H]2c1ccccc1,9.154901959985743
CHEMBL9387,CHEMBL298,Cholecystokinin B receptor,IC50,=,8.1,nM,CHEMBL652234,B,Binding activity towards cholecystokinin-B (CCK-B) receptor in guinea pig cortex,CHEMBL1128613,P32239,Cholecystokinin B receptor,IC50,Cc1cccc(NC(=O)N[C@@H]2N=C(c3ccccc3)c3ccccc3N(C)C2=O)c1,8.09151498112135
CHEMBL408392,CHEMBL298,Cholecystokinin B receptor,IC50,=,4.2,nM,CHEMBL652234,B,Binding activity towards cholecystokinin-B (CCK-B) receptor in guinea pig cortex,CHEMBL1128613,P32239,Cholecystokinin B receptor,IC50,Cc1ccc2c(c1)N(CC(=O)NC(C)(C)C)C(=O)[C@H](NC(=O)Nc1cccc(C(=O)NS(=O)(=O)Cc3ccccc3)c1)C[C@@H]2c1ccccc1,8.3767507096021
CHEMBL346179,CHEMBL298,Cholecystokinin B receptor,IC50,=,39.81,nM,CHEMBL661441,B,Concentration required to displace [125I]Bolton-Hunter CCK-8 from human Cholecystokinin type B receptor expressed in CHO-K1 cells,CHEMBL1129669,P32239,Cholecystokinin B receptor,IC50,CC(C)N(C(=O)CN1C(=O)C(NC(=O)Nc2ccccc2)C(=O)N(c2ccccc2)c2ccccc21)c1ccc(C(=O)O)cc1,7.400007822415902
CHEMBL154615,CHEMBL298,Cholecystokinin B receptor,IC50,=,158.49,nM,CHEMBL661441,B,Concentration required to displace [125I]Bolton-Hunter CCK-8 from human Cholecystokinin type B receptor expressed in CHO-K1 cells,CHEMBL1129669,P32239,Cholecystokinin B receptor,IC50,CC(C)N(C(=O)CN1C(=O)C(NC(=O)Nc2ccccc2)C(=O)N(c2ccccc2)c2ccccc21)c1ccc(N2CCOCC2)cc1,6.799998134593398
CHEMBL40668,CHEMBL298,Cholecystokinin B receptor,IC50,=,690.0,nM,CHEMBL680912,B,Displacement of 125 I-gastrin from gastrin receptor of guinea pig gastric glands,CHEMBL1124313,P32239,Cholecystokinin B receptor,IC50,CCOC(=O)CN1C(=O)C(NC(=O)c2ccc(Cl)cc2)N=C(c2ccccc2F)c2ccccc21,6.161150909262744
CHEMBL40668,CHEMBL298,Cholecystokinin B receptor,IC50,=,1900.0,nM,CHEMBL656251,B,Displacement of [125 I] CCK-8 from Cholecystokinin type B receptor of guinea pig cerebral cortex,CHEMBL1124313,P32239,Cholecystokinin B receptor,IC50,CCOC(=O)CN1C(=O)C(NC(=O)c2ccc(Cl)cc2)N=C(c2ccccc2F)c2ccccc21,5.721246399047171
CHEMBL445095,CHEMBL298,Cholecystokinin B receptor,IC50,=,0.5,nM,CHEMBL680912,B,Displacement of 125 I-gastrin from gastrin receptor of guinea pig gastric glands,CHEMBL1124313,P32239,Cholecystokinin B receptor,IC50,O=C(Nc1ccc(Cl)cc1)NC1N=C(c2ccccc2)c2ccccc2N(CC(=O)N2CCCC2)C1=O,9.301029995663981
CHEMBL445095,CHEMBL298,Cholecystokinin B receptor,IC50,=,0.28,nM,CHEMBL656251,B,Displacement of [125 I] CCK-8 from Cholecystokinin type B receptor of guinea pig cerebral cortex,CHEMBL1124313,P32239,Cholecystokinin B receptor,IC50,O=C(Nc1ccc(Cl)cc1)NC1N=C(c2ccccc2)c2ccccc2N(CC(=O)N2CCCC2)C1=O,9.55284196865778
CHEMBL443825,CHEMBL298,Cholecystokinin B receptor,IC50,=,15.85,nM,CHEMBL661441,B,Concentration required to displace [125I]Bolton-Hunter CCK-8 from human Cholecystokinin type B receptor expressed in CHO-K1 cells,CHEMBL1129669,P32239,Cholecystokinin B receptor,IC50,CC(C)N(C(=O)CN1C(=O)C(NC(=O)Nc2ccccc2)C(=O)N(c2ccccc2)c2ccccc21)c1ccc(O)cc1,7.79997073344623
CHEMBL9387,CHEMBL298,Cholecystokinin B receptor,IC50,=,1.1,nM,CHEMBL680912,B,Displacement of 125 I-gastrin from gastrin receptor of guinea pig gastric glands,CHEMBL1124313,P32239,Cholecystokinin B receptor,IC50,Cc1cccc(NC(=O)N[C@@H]2N=C(c3ccccc3)c3ccccc3N(C)C2=O)c1,8.958607314841775
CHEMBL9387,CHEMBL298,Cholecystokinin B receptor,IC50,=,2.0,nM,CHEMBL656251,B,Displacement of [125 I] CCK-8 from Cholecystokinin type B receptor of guinea pig cerebral cortex,CHEMBL1124313,P32239,Cholecystokinin B receptor,IC50,Cc1cccc(NC(=O)N[C@@H]2N=C(c3ccccc3)c3ccccc3N(C)C2=O)c1,8.698970004336019
CHEMBL289533,CHEMBL298,Cholecystokinin B receptor,IC50,=,640.0,nM,CHEMBL680912,B,Displacement of 125 I-gastrin from gastrin receptor of guinea pig gastric glands,CHEMBL1124313,P32239,Cholecystokinin B receptor,IC50,O=C(Nc1ccc(Cl)cc1)NC1N=C(c2ccccc2F)c2ccccc2NC1=O,6.1938200260161125
CHEMBL289533,CHEMBL298,Cholecystokinin B receptor,IC50,=,300.0,nM,CHEMBL656251,B,Displacement of [125 I] CCK-8 from Cholecystokinin type B receptor of guinea pig cerebral cortex,CHEMBL1124313,P32239,Cholecystokinin B receptor,IC50,O=C(Nc1ccc(Cl)cc1)NC1N=C(c2ccccc2F)c2ccccc2NC1=O,6.522878745280337
CHEMBL41361,CHEMBL298,Cholecystokinin B receptor,IC50,=,22.0,nM,CHEMBL680912,B,Displacement of 125 I-gastrin from gastrin receptor of guinea pig gastric glands,CHEMBL1124313,P32239,Cholecystokinin B receptor,IC50,CN1C(=O)C(NC(=O)Nc2ccc(Cl)cc2)N=C(c2ccccc2)c2ccccc21,7.657577319177793
CHEMBL41361,CHEMBL298,Cholecystokinin B receptor,IC50,=,23.0,nM,CHEMBL656251,B,Displacement of [125 I] CCK-8 from Cholecystokinin type B receptor of guinea pig cerebral cortex,CHEMBL1124313,P32239,Cholecystokinin B receptor,IC50,CN1C(=O)C(NC(=O)Nc2ccc(Cl)cc2)N=C(c2ccccc2)c2ccccc21,7.638272163982407
CHEMBL289498,CHEMBL298,Cholecystokinin B receptor,IC50,=,3.1,nM,CHEMBL680912,B,Displacement of 125 I-gastrin from gastrin receptor of guinea pig gastric glands,CHEMBL1124313,P32239,Cholecystokinin B receptor,IC50,Cc1cccc(NC(=O)NC2N=C(c3ccccc3)c3ccccc3N(C)C2=O)c1,8.508638306165727
CHEMBL289498,CHEMBL298,Cholecystokinin B receptor,IC50,=,7.1,nM,CHEMBL656251,B,Displacement of [125 I] CCK-8 from Cholecystokinin type B receptor of guinea pig cerebral cortex,CHEMBL1124313,P32239,Cholecystokinin B receptor,IC50,Cc1cccc(NC(=O)NC2N=C(c3ccccc3)c3ccccc3N(C)C2=O)c1,8.148741651280925
CHEMBL9506,CHEMBL298,Cholecystokinin B receptor,IC50,=,300.0,nM,CHEMBL680912,B,Displacement of 125 I-gastrin from gastrin receptor of guinea pig gastric glands,CHEMBL1124313,P32239,Cholecystokinin B receptor,IC50,CN1C(=O)[C@@H](NC(=O)c2cc3ccccc3[nH]2)N=C(c2ccccc2)c2ccccc21,6.522878745280337
CHEMBL9506,CHEMBL298,Cholecystokinin B receptor,IC50,=,245.0,nM,CHEMBL656251,B,Displacement of [125 I] CCK-8 from Cholecystokinin type B receptor of guinea pig cerebral cortex,CHEMBL1124313,P32239,Cholecystokinin B receptor,IC50,CN1C(=O)[C@@H](NC(=O)c2cc3ccccc3[nH]2)N=C(c2ccccc2)c2ccccc21,6.610833915635467
CHEMBL38404,CHEMBL298,Cholecystokinin B receptor,IC50,=,3.3,nM,CHEMBL680912,B,Displacement of 125 I-gastrin from gastrin receptor of guinea pig gastric glands,CHEMBL1124313,P32239,Cholecystokinin B receptor,IC50,CCOC(=O)CN1C(=O)C(NC(=O)Nc2ccc(Cl)cc2)N=C(c2ccccc2)c2ccccc21,8.481486060122112
CHEMBL38404,CHEMBL298,Cholecystokinin B receptor,IC50,=,1.0,nM,CHEMBL656251,B,Displacement of [125 I] CCK-8 from Cholecystokinin type B receptor of guinea pig cerebral cortex,CHEMBL1124313,P32239,Cholecystokinin B receptor,IC50,CCOC(=O)CN1C(=O)C(NC(=O)Nc2ccc(Cl)cc2)N=C(c2ccccc2)c2ccccc21,9.0
CHEMBL169661,CHEMBL298,Cholecystokinin B receptor,IC50,=,12.0,nM,CHEMBL680912,B,Displacement of 125 I-gastrin from gastrin receptor of guinea pig gastric glands,CHEMBL1124313,P32239,Cholecystokinin B receptor,IC50,CN1C(=O)[C@H](NC(=O)Nc2ccc(Cl)cc2)N=C(c2ccccc2)c2ccccc21,7.920818753952375
CHEMBL169661,CHEMBL298,Cholecystokinin B receptor,IC50,=,5.5,nM,CHEMBL656251,B,Displacement of [125 I] CCK-8 from Cholecystokinin type B receptor of guinea pig cerebral cortex,CHEMBL1124313,P32239,Cholecystokinin B receptor,IC50,CN1C(=O)[C@H](NC(=O)Nc2ccc(Cl)cc2)N=C(c2ccccc2)c2ccccc21,8.259637310505756
CHEMBL1907852,CHEMBL298,Cholecystokinin B receptor,IC50,=,2500.0,nM,CHEMBL680912,B,Displacement of 125 I-gastrin from gastrin receptor of guinea pig gastric glands,CHEMBL1124313,P32239,Cholecystokinin B receptor,IC50,CN1C(=O)[C@@H](NC(=O)c2ccc(Cl)cc2)N=C(c2ccccc2F)c2ccccc21,5.6020599913279625
CHEMBL1907852,CHEMBL298,Cholecystokinin B receptor,IC50,=,2900.0,nM,CHEMBL656251,B,Displacement of [125 I] CCK-8 from Cholecystokinin type B receptor of guinea pig cerebral cortex,CHEMBL1124313,P32239,Cholecystokinin B receptor,IC50,CN1C(=O)[C@@H](NC(=O)c2ccc(Cl)cc2)N=C(c2ccccc2F)c2ccccc21,5.537602002101044
CHEMBL417521,CHEMBL298,Cholecystokinin B receptor,IC50,=,4.1,nM,CHEMBL680912,B,Displacement of 125 I-gastrin from gastrin receptor of guinea pig gastric glands,CHEMBL1124313,P32239,Cholecystokinin B receptor,IC50,CCOC(=O)CN1C(=O)C(NC(=O)Nc2ccc(Cl)cc2)N=C(c2ccccc2F)c2ccccc21,8.387216143280265
CHEMBL417521,CHEMBL298,Cholecystokinin B receptor,IC50,=,1.2,nM,CHEMBL656251,B,Displacement of [125 I] CCK-8 from Cholecystokinin type B receptor of guinea pig cerebral cortex,CHEMBL1124313,P32239,Cholecystokinin B receptor,IC50,CCOC(=O)CN1C(=O)C(NC(=O)Nc2ccc(Cl)cc2)N=C(c2ccccc2F)c2ccccc21,8.920818753952375
CHEMBL345786,CHEMBL298,Cholecystokinin B receptor,IC50,=,31.62,nM,CHEMBL661441,B,Concentration required to displace [125I]Bolton-Hunter CCK-8 from human Cholecystokinin type B receptor expressed in CHO-K1 cells,CHEMBL1129669,P32239,Cholecystokinin B receptor,IC50,CC(C)N(C(=O)CN1C(=O)C(NC(=O)Nc2ccccc2)C(=O)N(c2ccccc2)c2ccccc21)c1ccc(F)cc1,7.50003813440381
CHEMBL70380,CHEMBL298,Cholecystokinin B receptor,IC50,=,130.0,nM,CHEMBL680912,B,Displacement of 125 I-gastrin from gastrin receptor of guinea pig gastric glands,CHEMBL1124313,P32239,Cholecystokinin B receptor,IC50,Cc1cccc(NC(=O)N[C@H]2N=C(c3ccccc3)c3ccccc3N(C)C2=O)c1,6.886056647693163
CHEMBL70380,CHEMBL298,Cholecystokinin B receptor,IC50,=,151.0,nM,CHEMBL656251,B,Displacement of [125 I] CCK-8 from Cholecystokinin type B receptor of guinea pig cerebral cortex,CHEMBL1124313,P32239,Cholecystokinin B receptor,IC50,Cc1cccc(NC(=O)N[C@H]2N=C(c3ccccc3)c3ccccc3N(C)C2=O)c1,6.821023052706831
CHEMBL2092868,CHEMBL298,Cholecystokinin B receptor,IC50,=,7600.0,nM,CHEMBL680912,B,Displacement of 125 I-gastrin from gastrin receptor of guinea pig gastric glands,CHEMBL1124313,P32239,Cholecystokinin B receptor,IC50,CN1C(=O)[C@H](NC(=O)c2ccc(Cl)cc2)N=C(c2ccccc2F)c2ccccc21,5.119186407719209
CHEMBL2092868,CHEMBL298,Cholecystokinin B receptor,IC50,=,11000.0,nM,CHEMBL656251,B,Displacement of [125 I] CCK-8 from Cholecystokinin type B receptor of guinea pig cerebral cortex,CHEMBL1124313,P32239,Cholecystokinin B receptor,IC50,CN1C(=O)[C@H](NC(=O)c2ccc(Cl)cc2)N=C(c2ccccc2F)c2ccccc21,4.958607314841775
CHEMBL345869,CHEMBL298,Cholecystokinin B receptor,IC50,=,251.19,nM,CHEMBL661441,B,Concentration required to displace [125I]Bolton-Hunter CCK-8 from human Cholecystokinin type B receptor expressed in CHO-K1 cells,CHEMBL1129669,P32239,Cholecystokinin B receptor,IC50,CC(C)N(C(=O)CN1C(=O)C(NC(=O)Nc2ccccc2)C(=O)N(c2ccccc2)c2ccccc21)c1ccc(N(C)C)cc1.O=C(O)C(F)(F)F,6.599997654072045
CHEMBL108130,CHEMBL298,Cholecystokinin B receptor,IC50,=,50.12,nM,CHEMBL661441,B,Concentration required to displace [125I]Bolton-Hunter CCK-8 from human Cholecystokinin type B receptor expressed in CHO-K1 cells,CHEMBL1129669,P32239,Cholecystokinin B receptor,IC50,COc1ccc(N(C(=O)CN2C(=O)C(NC(=O)Nc3ccccc3)C(=O)N(c3ccccc3)c3ccccc32)C(C)C)cc1,7.299988937677888
CHEMBL321761,CHEMBL298,Cholecystokinin B receptor,IC50,=,25.12,nM,CHEMBL661441,B,Concentration required to displace [125I]Bolton-Hunter CCK-8 from human Cholecystokinin type B receptor expressed in CHO-K1 cells,CHEMBL1129669,P32239,Cholecystokinin B receptor,IC50,CC(C)N(C(=O)CN1C(=O)C(NC(=O)Nc2ccccc2)C(=O)N(c2ccccc2)c2ccccc21)c1ccccc1,7.599980364934842
CHEMBL1121,CHEMBL298,Cholecystokinin B receptor,IC50,=,0.3162,nM,CHEMBL875377,B,Concentration required to displace [125I]Bolton-Hunter CCK-8 from human Cholecystokinin type B receptor stably expressed in CHO-K1 cells,CHEMBL1129669,P32239,Cholecystokinin B receptor,IC50,CSCC[C@H](NC(=O)[C@H](Cc1ccc(OS(=O)(=O)O)cc1)NC(=O)[C@@H](N)CC(=O)O)C(=O)NCC(=O)N[C@@H](Cc1c[nH]c2ccccc12)C(=O)N[C@@H](CCSC)C(=O)N[C@@H](CC(=O)O)C(=O)N[C@@H](Cc1ccccc1)C(N)=O,9.500038134403809
CHEMBL355092,CHEMBL298,Cholecystokinin B receptor,IC50,=,540.0,nM,CHEMBL680912,B,Displacement of 125 I-gastrin from gastrin receptor of guinea pig gastric glands,CHEMBL1124313,P32239,Cholecystokinin B receptor,IC50,CN1C(=O)[C@@H](NC(=O)Nc2ccc(Cl)cc2)N=C(c2ccccc2)c2ccccc21,6.267606240177031
CHEMBL355092,CHEMBL298,Cholecystokinin B receptor,IC50,=,410.0,nM,CHEMBL656251,B,Displacement of [125 I] CCK-8 from Cholecystokinin type B receptor of guinea pig cerebral cortex,CHEMBL1124313,P32239,Cholecystokinin B receptor,IC50,CN1C(=O)[C@@H](NC(=O)Nc2ccc(Cl)cc2)N=C(c2ccccc2)c2ccccc21,6.3872161432802645
CHEMBL285850,CHEMBL298,Cholecystokinin B receptor,IC50,=,0.81,nM,CHEMBL662564,B,Compound was evaluated for the inhibition of 124 I-CCK-8 binding at Cholecystokinin type B receptor on guinea pig cerebral cortical membranes,CHEMBL1130831,P32239,Cholecystokinin B receptor,IC50,CCc1cccc2c1N(CC(=O)N1CC3CCC(CC3)C1)C(=O)C(NC(=O)Nc1cccc(-c3nn[nH]n3)c1)N=C2c1ccccc1F,9.09151498112135
CHEMBL432266,CHEMBL298,Cholecystokinin B receptor,IC50,=,0.087,nM,CHEMBL662564,B,Compound was evaluated for the inhibition of 124 I-CCK-8 binding at Cholecystokinin type B receptor on guinea pig cerebral cortical membranes,CHEMBL1130831,P32239,Cholecystokinin B receptor,IC50,O=C(Nc1cccc(-c2nn[nH]n2)c1)NC1N=C(c2ccccc2F)c2ccccc2N(CC(=O)N2CC3CCC(CC3)C2)C1=O,10.060480747381382
CHEMBL285921,CHEMBL298,Cholecystokinin B receptor,IC50,=,0.68,nM,CHEMBL662564,B,Compound was evaluated for the inhibition of 124 I-CCK-8 binding at Cholecystokinin type B receptor on guinea pig cerebral cortical membranes,CHEMBL1130831,P32239,Cholecystokinin B receptor,IC50,Cc1cccc2c1N(CC(=O)N1CC3CCC(CC3)C1)C(=O)C(NC(=O)Nc1cccc(-c3nn[nH]n3)c1)N=C2c1ccccc1F,9.167491087293763
CHEMBL32492,CHEMBL298,Cholecystokinin B receptor,IC50,=,0.66,nM,CHEMBL662563,B,Compound was evaluated for the inhibition of 124 I-CCK-8 binding at CCK-B receptor Cholecystokinin type B receptor cerebral cortical membranes,CHEMBL1130831,P32239,Cholecystokinin B receptor,IC50,O=C(Nc1cccc(-c2nn[nH]n2)c1)NC1N=C(c2ccccc2F)c2cccc(Cl)c2N(CC(=O)N2CC3CCC(CC3)C2)C1=O,9.18045606445813
CHEMBL53234,CHEMBL298,Cholecystokinin B receptor,IC50,=,380.0,nM,CHEMBL684568,B,Displacement of [125I]gastrin from guinea pig gastric glands,CHEMBL1123946,P32239,Cholecystokinin B receptor,IC50,O=C(Nc1ccc(Cl)cc1)NC1N=C(c2ccccc2)c2ccccc2-n2cnnc21,6.42021640338319
CHEMBL51569,CHEMBL298,Cholecystokinin B receptor,IC50,=,12000.0,nM,CHEMBL684568,B,Displacement of [125I]gastrin from guinea pig gastric glands,CHEMBL1123946,P32239,Cholecystokinin B receptor,IC50,Cc1nnc2n1-c1ccccc1C(c1ccccc1F)=N[C@@H]2Cc1c[nH]c2ccccc12,4.920818753952375
CHEMBL298705,CHEMBL298,Cholecystokinin B receptor,IC50,=,380.0,nM,CHEMBL684568,B,Displacement of [125I]gastrin from guinea pig gastric glands,CHEMBL1123946,P32239,Cholecystokinin B receptor,IC50,Cc1nnc2n1-c1ccccc1C(c1ccccc1)=NC2NC(=O)Nc1ccc(Cl)cc1,6.42021640338319
CHEMBL300926,CHEMBL298,Cholecystokinin B receptor,IC50,=,60000.0,nM,CHEMBL684568,B,Displacement of [125I]gastrin from guinea pig gastric glands,CHEMBL1123946,P32239,Cholecystokinin B receptor,IC50,CN(C)Cc1nnc2n1-c1ccccc1C(c1ccccc1F)=N[C@@H]2Cc1c[nH]c2ccccc12,4.221848749616356
CHEMBL50986,CHEMBL298,Cholecystokinin B receptor,IC50,=,65.0,nM,CHEMBL684568,B,Displacement of [125I]gastrin from guinea pig gastric glands,CHEMBL1123946,P32239,Cholecystokinin B receptor,IC50,O=C(NC1N=C(c2ccccc2F)c2ccccc2-n2cnnc21)c1cc2ccccc2[nH]1,7.187086643357144
CHEMBL53907,CHEMBL298,Cholecystokinin B receptor,IC50,=,7.0,nM,CHEMBL684568,B,Displacement of [125I]gastrin from guinea pig gastric glands,CHEMBL1123946,P32239,Cholecystokinin B receptor,IC50,Cc1nnc2n1-c1ccccc1C(c1ccccc1F)=NC2NC(=O)c1cc2ccccc2[nH]1,8.154901959985743
CHEMBL416483,CHEMBL298,Cholecystokinin B receptor,IC50,=,4800.0,nM,CHEMBL684568,B,Displacement of [125I]gastrin from guinea pig gastric glands,CHEMBL1123946,P32239,Cholecystokinin B receptor,IC50,O=C(NC1N=C(c2ccccc2)c2ccccc2-n2cnnc21)OCc1ccccc1,5.318758762624412
CHEMBL299538,CHEMBL298,Cholecystokinin B receptor,IC50,=,25000.0,nM,CHEMBL684568,B,Displacement of [125I]gastrin from guinea pig gastric glands,CHEMBL1123946,P32239,Cholecystokinin B receptor,IC50,Fc1ccccc1C1=N[C@H](Cc2c[nH]c3ccccc23)c2nncn2-c2ccccc21,4.6020599913279625
CHEMBL298948,CHEMBL298,Cholecystokinin B receptor,IC50,=,2400.0,nM,CHEMBL684568,B,Displacement of [125I]gastrin from guinea pig gastric glands,CHEMBL1123946,P32239,Cholecystokinin B receptor,IC50,O=C(NC1N=C(c2ccccc2F)c2ccccc2-n2cnnc21)c1ccc(Cl)cc1,5.619788758288394
CHEMBL301172,CHEMBL298,Cholecystokinin B receptor,IC50,=,3000.0,nM,CHEMBL684568,B,Displacement of [125I]gastrin from guinea pig gastric glands,CHEMBL1123946,P32239,Cholecystokinin B receptor,IC50,O=C(NC1N=C(c2ccccc2F)c2ccccc2-n2cnnc21)OCc1ccccc1,5.522878745280337
CHEMBL293226,CHEMBL298,Cholecystokinin B receptor,IC50,=,1000.0,nM,CHEMBL661439,B,Binding affinity against human Cholecystokinin type B receptor by displacement of [125I]CCK-8,CHEMBL1129362,P32239,Cholecystokinin B receptor,IC50,COc1ccc(N(C(=O)CN2C(=O)C(Cc3n[nH]c4ccccc34)C(=O)N(c3ccccc3)c3ccccc32)C(C)C)cc1,6.0
CHEMBL88629,CHEMBL298,Cholecystokinin B receptor,IC50,=,69183.1,nM,CHEMBL661439,B,Binding affinity against human Cholecystokinin type B receptor by displacement of [125I]CCK-8,CHEMBL1129362,P32239,Cholecystokinin B receptor,IC50,COc1ccc(N(C(=O)CN2C(=O)C(C)(Cc3n[nH]c4ccccc34)C(=O)N(c3ccccc3)c3ccccc32)C(C)C)cc1,4.159999981744464
CHEMBL37699,CHEMBL298,Cholecystokinin B receptor,IC50,=,360.0,nM,CHEMBL656246,B,Inhibition of [125I]-labeled CCK-8 sulfate binding to Cholecystokinin type B receptor in guinea pig brain membranes,CHEMBL1125680,P32239,Cholecystokinin B receptor,IC50,COc1cccc(-n2c(CCc3c[nH]c4ccc(Br)cc34)nc3ccccc3c2=O)c1,6.443697499232712
CHEMBL37699,CHEMBL298,Cholecystokinin B receptor,IC50,=,1300.0,nM,CHEMBL857378,B,Inhibition of [125I]-labeled gastrin binding to gastrin/cholecystokinin type B receptor,CHEMBL1125680,P32239,Cholecystokinin B receptor,IC50,COc1cccc(-n2c(CCc3c[nH]c4ccc(Br)cc34)nc3ccccc3c2=O)c1,5.886056647693163
CHEMBL88545,CHEMBL298,Cholecystokinin B receptor,IC50,=,177.83,nM,CHEMBL661439,B,Binding affinity against human Cholecystokinin type B receptor by displacement of [125I]CCK-8,CHEMBL1129362,P32239,Cholecystokinin B receptor,IC50,CC(C)N(C(=O)CN1C(=O)C(Cc2n[nH]c3ccccc23)C(=O)N(c2ccccc2)c2ccccc21)c1ccccc1,6.749994971513104
CHEMBL36436,CHEMBL298,Cholecystokinin B receptor,IC50,=,330.0,nM,CHEMBL656246,B,Inhibition of [125I]-labeled CCK-8 sulfate binding to Cholecystokinin type B receptor in guinea pig brain membranes,CHEMBL1125680,P32239,Cholecystokinin B receptor,IC50,CCc1cccc(-n2c(CCc3c[nH]c4ccc(Br)cc34)nc3ccccc3c2=O)c1,6.481486060122112
CHEMBL36436,CHEMBL298,Cholecystokinin B receptor,IC50,=,1100.0,nM,CHEMBL857378,B,Inhibition of [125I]-labeled gastrin binding to gastrin/cholecystokinin type B receptor,CHEMBL1125680,P32239,Cholecystokinin B receptor,IC50,CCc1cccc(-n2c(CCc3c[nH]c4ccc(Br)cc34)nc3ccccc3c2=O)c1,5.958607314841775
CHEMBL1121,CHEMBL298,Cholecystokinin B receptor,IC50,=,0.2291,nM,CHEMBL661439,B,Binding affinity against human Cholecystokinin type B receptor by displacement of [125I]CCK-8,CHEMBL1129362,P32239,Cholecystokinin B receptor,IC50,CSCC[C@H](NC(=O)[C@H](Cc1ccc(OS(=O)(=O)O)cc1)NC(=O)[C@@H](N)CC(=O)O)C(=O)NCC(=O)N[C@@H](Cc1c[nH]c2ccccc12)C(=O)N[C@@H](CCSC)C(=O)N[C@@H](CC(=O)O)C(=O)N[C@@H](Cc1ccccc1)C(N)=O,9.639974910810603
CHEMBL430451,CHEMBL298,Cholecystokinin B receptor,IC50,=,2630.27,nM,CHEMBL661439,B,Binding affinity against human Cholecystokinin type B receptor by displacement of [125I]CCK-8,CHEMBL1129362,P32239,Cholecystokinin B receptor,IC50,CC(C)N(C(=O)CN1C(=O)C(C)(Cc2n[nH]c3ccccc23)C(=O)N(c2ccccc2)c2ccccc21)c1ccccc1,5.579999668433626
CHEMBL310466,CHEMBL298,Cholecystokinin B receptor,IC50,=,2398.83,nM,CHEMBL661439,B,Binding affinity against human Cholecystokinin type B receptor by displacement of [125I]CCK-8,CHEMBL1129362,P32239,Cholecystokinin B receptor,IC50,COc1ccc(N(C(=O)CN2C(=O)C(Cc3nn(C)c4ccccc34)C(=O)N(c3ccccc3)c3ccccc32)C(C)C)cc1,5.620000528471499
CHEMBL37439,CHEMBL298,Cholecystokinin B receptor,IC50,=,8200.0,nM,CHEMBL857378,B,Inhibition of [125I]-labeled gastrin binding to gastrin/cholecystokinin type B receptor,CHEMBL1125680,P32239,Cholecystokinin B receptor,IC50,O=c1c2ccccc2nc(CCc2c[nH]c3ccccc23)n1-c1cccc(C(F)(F)F)c1,5.086186147616283
CHEMBL316164,CHEMBL298,Cholecystokinin B receptor,IC50,=,17378.01,nM,CHEMBL661439,B,Binding affinity against human Cholecystokinin type B receptor by displacement of [125I]CCK-8,CHEMBL1129362,P32239,Cholecystokinin B receptor,IC50,COc1ccc(N(C(=O)CN2C(=O)C(C)(Cc3c[nH]c4ccccc34)C(=O)N(c3ccccc3)c3ccccc32)C(C)C)cc1,4.759999957202692
CHEMBL88602,CHEMBL298,Cholecystokinin B receptor,IC50,=,5248.07,nM,CHEMBL661439,B,Binding affinity against human Cholecystokinin type B receptor by displacement of [125I]CCK-8,CHEMBL1129362,P32239,Cholecystokinin B receptor,IC50,COc1ccc(N(C(=O)CN2C(=O)C(Cc3c[nH]c4ccccc34)C(=O)N(c3ccccc3)c3ccccc32)C(C)C)cc1,5.280000380871156
CHEMBL88239,CHEMBL298,Cholecystokinin B receptor,IC50,=,8317.64,nM,CHEMBL857084,B,Binding affinity against human Cholecystokinin type B receptor,CHEMBL1129362,P32239,Cholecystokinin B receptor,IC50,CC(C)N(C(=O)CN1C(=O)C(C)(CC(=O)Nc2ccccc2)C(=O)N(c2ccccc2)c2ccccc21)c1ccccc1,5.079999880484295
CHEMBL36634,CHEMBL298,Cholecystokinin B receptor,IC50,=,1600.0,nM,CHEMBL857378,B,Inhibition of [125I]-labeled gastrin binding to gastrin/cholecystokinin type B receptor,CHEMBL1125680,P32239,Cholecystokinin B receptor,IC50,CCc1cccc(-n2c(CC(C)c3c[nH]c4ccc(Br)cc34)nc3ccccc3c2=O)c1,5.795880017344075
CHEMBL89953,CHEMBL298,Cholecystokinin B receptor,IC50,=,100000.0,nM,CHEMBL661439,B,Binding affinity against human Cholecystokinin type B receptor by displacement of [125I]CCK-8,CHEMBL1129362,P32239,Cholecystokinin B receptor,IC50,COc1ccc(N(C(=O)CN2C(=O)C(Cc3nn(Cc4ccccc4)c4ccccc34)C(=O)N(c3ccccc3)c3ccccc32)C(C)C)cc1,4.0
CHEMBL37312,CHEMBL298,Cholecystokinin B receptor,IC50,=,81.0,nM,CHEMBL656246,B,Inhibition of [125I]-labeled CCK-8 sulfate binding to Cholecystokinin type B receptor in guinea pig brain membranes,CHEMBL1125680,P32239,Cholecystokinin B receptor,IC50,CC(C)Oc1cccc(-n2c(CCc3c[nH]c4ccc(Br)cc34)nc3ccccc3c2=O)c1,7.0915149811213505
CHEMBL37312,CHEMBL298,Cholecystokinin B receptor,IC50,=,160.0,nM,CHEMBL857378,B,Inhibition of [125I]-labeled gastrin binding to gastrin/cholecystokinin type B receptor,CHEMBL1125680,P32239,Cholecystokinin B receptor,IC50,CC(C)Oc1cccc(-n2c(CCc3c[nH]c4ccc(Br)cc34)nc3ccccc3c2=O)c1,6.795880017344075
CHEMBL9387,CHEMBL298,Cholecystokinin B receptor,IC50,=,5.3,nM,CHEMBL656245,B,Inhibition of [125I]-labeled CCK-8 sulfate binding to CCK-B receptor in guinea pig brain membranes,CHEMBL1125680,P32239,Cholecystokinin B receptor,IC50,Cc1cccc(NC(=O)N[C@@H]2N=C(c3ccccc3)c3ccccc3N(C)C2=O)c1,8.275724130399212
CHEMBL9387,CHEMBL298,Cholecystokinin B receptor,IC50,=,2.9,nM,CHEMBL682556,B,Inhibition of [125I]-labeled gastrin binding to gastrin receptor in guinea pig brain membranes,CHEMBL1125680,P32239,Cholecystokinin B receptor,IC50,Cc1cccc(NC(=O)N[C@@H]2N=C(c3ccccc3)c3ccccc3N(C)C2=O)c1,8.537602002101044
CHEMBL354126,CHEMBL298,Cholecystokinin B receptor,IC50,=,11000.0,nM,CHEMBL657475,B,Tested for its activity to inhibit the binding of [125I]CCK-33 to Cholecystokinin type B receptor in guinea pig brain,CHEMBL1126472,P32239,Cholecystokinin B receptor,IC50,CN1C(=O)C(NC(=O)Cc2c[nH]c3ccccc23)N=C(c2ccccc2)c2ccccc21,4.958607314841775
CHEMBL354126,CHEMBL298,Cholecystokinin B receptor,IC50,=,32000.0,nM,CHEMBL682557,B,Tested for its activity to inhibit the binding of [125I]gastrin to gastric glands (gastrin) in guinea pig,CHEMBL1126472,P32239,Cholecystokinin B receptor,IC50,CN1C(=O)C(NC(=O)Cc2c[nH]c3ccccc23)N=C(c2ccccc2)c2ccccc21,4.494850021680094
CHEMBL352573,CHEMBL298,Cholecystokinin B receptor,IC50,=,5900.0,nM,CHEMBL657475,B,Tested for its activity to inhibit the binding of [125I]CCK-33 to Cholecystokinin type B receptor in guinea pig brain,CHEMBL1126472,P32239,Cholecystokinin B receptor,IC50,CN1C(=O)[C@@H](NC(=O)Nc2cc3c4ccccc4nc-3c[nH]2)N=C(c2ccccc2)c2ccccc21,5.229147988357855
CHEMBL72073,CHEMBL298,Cholecystokinin B receptor,IC50,=,40000.0,nM,CHEMBL657475,B,Tested for its activity to inhibit the binding of [125I]CCK-33 to Cholecystokinin type B receptor in guinea pig brain,CHEMBL1126472,P32239,Cholecystokinin B receptor,IC50,CN1C(=O)C(NC(=O)c2ccc(Cl)cc2)N=C(c2ccccc2)c2ccccc21,4.3979400086720375
CHEMBL72073,CHEMBL298,Cholecystokinin B receptor,IC50,=,6700.0,nM,CHEMBL682557,B,Tested for its activity to inhibit the binding of [125I]gastrin to gastric glands (gastrin) in guinea pig,CHEMBL1126472,P32239,Cholecystokinin B receptor,IC50,CN1C(=O)C(NC(=O)c2ccc(Cl)cc2)N=C(c2ccccc2)c2ccccc21,5.173925197299173
CHEMBL384035,CHEMBL298,Cholecystokinin B receptor,IC50,=,0.29,nM,CHEMBL653980,B,Inhibition of [125I]BH-CCK- binding to cholecystokinin type B receptor from guinea pig brain membranes,CHEMBL1126956,P32239,Cholecystokinin B receptor,IC50,CCCC[C@H](NC(=O)[C@H](Cc1ccc(OS(=O)(=O)O)cc1)NC(=O)OC(C)(C)C)C(=O)NCC(=O)N[C@@H](Cc1c[nH]c2ccccc12)C(=O)N[C@@H](CCCC)C(=O)N[C@@H](CC(=O)O)C(=O)N[C@@H](Cc1ccccc1)C(N)=O,9.537602002101044
CHEMBL384035,CHEMBL298,Cholecystokinin B receptor,IC50,=,0.2,nM,CHEMBL663102,B,Inhibition of [125I]BH-CCK- binding to cholecystokinin type B receptor from jurkat Tcells,CHEMBL1126956,P32239,Cholecystokinin B receptor,IC50,CCCC[C@H](NC(=O)[C@H](Cc1ccc(OS(=O)(=O)O)cc1)NC(=O)OC(C)(C)C)C(=O)NCC(=O)N[C@@H](Cc1c[nH]c2ccccc12)C(=O)N[C@@H](CCCC)C(=O)N[C@@H](CC(=O)O)C(=O)N[C@@H](Cc1ccccc1)C(N)=O,9.698970004336019
CHEMBL169675,CHEMBL298,Cholecystokinin B receptor,IC50,=,68000.0,nM,CHEMBL657475,B,Tested for its activity to inhibit the binding of [125I]CCK-33 to Cholecystokinin type B receptor in guinea pig brain,CHEMBL1126472,P32239,Cholecystokinin B receptor,IC50,O=C(CCc1ccccc1)Nc1cc2c3ccccc3nc-2c[nH]1,4.167491087293763
CHEMBL169675,CHEMBL298,Cholecystokinin B receptor,IC50,=,35000.0,nM,CHEMBL682557,B,Tested for its activity to inhibit the binding of [125I]gastrin to gastric glands (gastrin) in guinea pig,CHEMBL1126472,P32239,Cholecystokinin B receptor,IC50,O=C(CCc1ccccc1)Nc1cc2c3ccccc3nc-2c[nH]1,4.455931955649724
CHEMBL441165,CHEMBL298,Cholecystokinin B receptor,IC50,=,10.0,nM,CHEMBL653980,B,Inhibition of [125I]BH-CCK- binding to cholecystokinin type B receptor from guinea pig brain membranes,CHEMBL1126956,P32239,Cholecystokinin B receptor,IC50,CCCC[C@H](NC(=O)[C@H](Cc1ccc(S(=O)(=O)O)cc1)NC(=O)OC(C)(C)C)C(=O)NCC(=O)N[C@@H](Cc1c[nH]c2ccccc12)C(=O)N[C@@H](CCCC)C(=O)N[C@@H](CC(=O)O)C(=O)NCCc1ccccc1,8.0
CHEMBL441165,CHEMBL298,Cholecystokinin B receptor,IC50,=,13.0,nM,CHEMBL663102,B,Inhibition of [125I]BH-CCK- binding to cholecystokinin type B receptor from jurkat Tcells,CHEMBL1126956,P32239,Cholecystokinin B receptor,IC50,CCCC[C@H](NC(=O)[C@H](Cc1ccc(S(=O)(=O)O)cc1)NC(=O)OC(C)(C)C)C(=O)NCC(=O)N[C@@H](Cc1c[nH]c2ccccc12)C(=O)N[C@@H](CCCC)C(=O)N[C@@H](CC(=O)O)C(=O)NCCc1ccccc1,7.886056647693163
CHEMBL385918,CHEMBL298,Cholecystokinin B receptor,IC50,=,1650.0,nM,CHEMBL653980,B,Inhibition of [125I]BH-CCK- binding to cholecystokinin type B receptor from guinea pig brain membranes,CHEMBL1126956,P32239,Cholecystokinin B receptor,IC50,CCCC[C@H](NC(=O)[C@H](Cc1ccc(S(=O)(=O)O)cc1)NC(=O)OC(C)(C)C)C(=O)NCC(=O)N[C@H](Cc1c[nH]c2ccccc12)C(=O)N[C@@H](CCCC)C(=O)N[C@@H](CCCOc1ccccc1)CC(=O)O,5.782516055786093
CHEMBL385918,CHEMBL298,Cholecystokinin B receptor,IC50,=,1400.0,nM,CHEMBL663102,B,Inhibition of [125I]BH-CCK- binding to cholecystokinin type B receptor from jurkat Tcells,CHEMBL1126956,P32239,Cholecystokinin B receptor,IC50,CCCC[C@H](NC(=O)[C@H](Cc1ccc(S(=O)(=O)O)cc1)NC(=O)OC(C)(C)C)C(=O)NCC(=O)N[C@H](Cc1c[nH]c2ccccc12)C(=O)N[C@@H](CCCC)C(=O)N[C@@H](CCCOc1ccccc1)CC(=O)O,5.853871964321762
CHEMBL353088,CHEMBL298,Cholecystokinin B receptor,IC50,=,72000.0,nM,CHEMBL657475,B,Tested for its activity to inhibit the binding of [125I]CCK-33 to Cholecystokinin type B receptor in guinea pig brain,CHEMBL1126472,P32239,Cholecystokinin B receptor,IC50,O=C(Nc1cc2c3ccccc3nc-2c[nH]1)c1ccc(Cl)cc1,4.142667503568732
CHEMBL353304,CHEMBL298,Cholecystokinin B receptor,IC50,=,67000.0,nM,CHEMBL657475,B,Tested for its activity to inhibit the binding of [125I]CCK-33 to Cholecystokinin type B receptor in guinea pig brain,CHEMBL1126472,P32239,Cholecystokinin B receptor,IC50,O=C(Cc1c[nH]c2ccccc12)Nc1cc2c3ccccc3nc-2c[nH]1,4.173925197299174
CHEMBL386811,CHEMBL298,Cholecystokinin B receptor,IC50,=,7.0,nM,CHEMBL657470,B,Tested for inhibition of [125I]BH-CCK- binding to peripheral cholecystokinin type B receptor from rat pancreatic acini,CHEMBL1126956,P32239,Cholecystokinin B receptor,IC50,CCCC[C@H](NC(=O)[C@@H](Cc1c[nH]c2ccccc12)NC(=O)CNC(=O)[C@H](CCSC)NC(=O)[C@H](Cc1ccc(S(=O)(=O)O)cc1)NC(=O)OC(C)(C)C)C(=O)N[C@@H](CC(=O)O)C(=O)OCCc1ccccc1,8.154901959985743
CHEMBL386811,CHEMBL298,Cholecystokinin B receptor,IC50,=,500.0,nM,CHEMBL653980,B,Inhibition of [125I]BH-CCK- binding to cholecystokinin type B receptor from guinea pig brain membranes,CHEMBL1126956,P32239,Cholecystokinin B receptor,IC50,CCCC[C@H](NC(=O)[C@@H](Cc1c[nH]c2ccccc12)NC(=O)CNC(=O)[C@H](CCSC)NC(=O)[C@H](Cc1ccc(S(=O)(=O)O)cc1)NC(=O)OC(C)(C)C)C(=O)N[C@@H](CC(=O)O)C(=O)OCCc1ccccc1,6.301029995663981
CHEMBL386811,CHEMBL298,Cholecystokinin B receptor,IC50,=,210.0,nM,CHEMBL663102,B,Inhibition of [125I]BH-CCK- binding to cholecystokinin type B receptor from jurkat Tcells,CHEMBL1126956,P32239,Cholecystokinin B receptor,IC50,CCCC[C@H](NC(=O)[C@@H](Cc1c[nH]c2ccccc12)NC(=O)CNC(=O)[C@H](CCSC)NC(=O)[C@H](Cc1ccc(S(=O)(=O)O)cc1)NC(=O)OC(C)(C)C)C(=O)N[C@@H](CC(=O)O)C(=O)OCCc1ccccc1,6.6777807052660805
CHEMBL354802,CHEMBL298,Cholecystokinin B receptor,IC50,=,270.0,nM,CHEMBL657475,B,Tested for its activity to inhibit the binding of [125I]CCK-33 to Cholecystokinin type B receptor in guinea pig brain,CHEMBL1126472,P32239,Cholecystokinin B receptor,IC50,CN1C(=O)[C@H](NC(=O)Nc2cc3c4ccccc4nc-3c[nH]2)N=C(c2ccccc2)c2ccccc21,6.568636235841012
CHEMBL354802,CHEMBL298,Cholecystokinin B receptor,IC50,=,400.0,nM,CHEMBL682557,B,Tested for its activity to inhibit the binding of [125I]gastrin to gastric glands (gastrin) in guinea pig,CHEMBL1126472,P32239,Cholecystokinin B receptor,IC50,CN1C(=O)[C@H](NC(=O)Nc2cc3c4ccccc4nc-3c[nH]2)N=C(c2ccccc2)c2ccccc21,6.3979400086720375
CHEMBL216079,CHEMBL298,Cholecystokinin B receptor,IC50,=,32.0,nM,CHEMBL653980,B,Inhibition of [125I]BH-CCK- binding to cholecystokinin type B receptor from guinea pig brain membranes,CHEMBL1126956,P32239,Cholecystokinin B receptor,IC50,CCCC[C@H](NC(=O)[C@H](Cc1ccc(S(=O)(=O)O)cc1)NC(=O)OC(C)(C)C)C(=O)NCC(=O)N[C@@H](Cc1c[nH]c2ccccc12)C(=O)N[C@@H](CCCC)C(=O)N[C@H](CCCCc1ccccc1)CC(=O)O,7.494850021680094
CHEMBL216079,CHEMBL298,Cholecystokinin B receptor,IC50,=,75.0,nM,CHEMBL663102,B,Inhibition of [125I]BH-CCK- binding to cholecystokinin type B receptor from jurkat Tcells,CHEMBL1126956,P32239,Cholecystokinin B receptor,IC50,CCCC[C@H](NC(=O)[C@H](Cc1ccc(S(=O)(=O)O)cc1)NC(=O)OC(C)(C)C)C(=O)NCC(=O)N[C@@H](Cc1c[nH]c2ccccc12)C(=O)N[C@@H](CCCC)C(=O)N[C@H](CCCCc1ccccc1)CC(=O)O,7.1249387366083
CHEMBL263876,CHEMBL298,Cholecystokinin B receptor,IC50,=,1150.0,nM,CHEMBL653980,B,Inhibition of [125I]BH-CCK- binding to cholecystokinin type B receptor from guinea pig brain membranes,CHEMBL1126956,P32239,Cholecystokinin B receptor,IC50,CCCC[C@H](NC(=O)[C@H](Cc1ccc(S(=O)(=O)O)cc1)NC(=O)OC(C)(C)C)C(=O)NCC(=O)N[C@H](Cc1c[nH]c2ccccc12)C(=O)N[C@@H](CCCC)C(=O)N[C@H](CCCCc1ccccc1)CC(=O)O,5.939302159646388
CHEMBL263876,CHEMBL298,Cholecystokinin B receptor,IC50,=,1100.0,nM,CHEMBL663102,B,Inhibition of [125I]BH-CCK- binding to cholecystokinin type B receptor from jurkat Tcells,CHEMBL1126956,P32239,Cholecystokinin B receptor,IC50,CCCC[C@H](NC(=O)[C@H](Cc1ccc(S(=O)(=O)O)cc1)NC(=O)OC(C)(C)C)C(=O)NCC(=O)N[C@H](Cc1c[nH]c2ccccc12)C(=O)N[C@@H](CCCC)C(=O)N[C@H](CCCCc1ccccc1)CC(=O)O,5.958607314841775
CHEMBL9387,CHEMBL298,Cholecystokinin B receptor,IC50,=,2.0,nM,CHEMBL662571,B,Half maximal inhibition of binding of [125I]CCK-8 to Cholecystokinin type B receptor in guinea pig cerebral cortex.,CHEMBL1130298,P32239,Cholecystokinin B receptor,IC50,Cc1cccc(NC(=O)N[C@@H]2N=C(c3ccccc3)c3ccccc3N(C)C2=O)c1,8.698970004336019
CHEMBL414180,CHEMBL298,Cholecystokinin B receptor,IC50,=,1750.0,nM,CHEMBL653980,B,Inhibition of [125I]BH-CCK- binding to cholecystokinin type B receptor from guinea pig brain membranes,CHEMBL1126956,P32239,Cholecystokinin B receptor,IC50,CCCC[C@H](NC(=O)[C@H](Cc1ccc(S(=O)(=O)O)cc1)NC(=O)OC(C)(C)C)C(=O)NCC(=O)N[C@H](Cc1c[nH]c2ccccc12)C(=O)N[C@@H](CCCC)C(=O)N[C@H](CCCOc1ccccc1)CC(=O)O,5.756961951313706
CHEMBL414180,CHEMBL298,Cholecystokinin B receptor,IC50,=,1800.0,nM,CHEMBL663102,B,Inhibition of [125I]BH-CCK- binding to cholecystokinin type B receptor from jurkat Tcells,CHEMBL1126956,P32239,Cholecystokinin B receptor,IC50,CCCC[C@H](NC(=O)[C@H](Cc1ccc(S(=O)(=O)O)cc1)NC(=O)OC(C)(C)C)C(=O)NCC(=O)N[C@H](Cc1c[nH]c2ccccc12)C(=O)N[C@@H](CCCC)C(=O)N[C@H](CCCOc1ccccc1)CC(=O)O,5.7447274948966935
CHEMBL71079,CHEMBL298,Cholecystokinin B receptor,IC50,=,15000.0,nM,CHEMBL657475,B,Tested for its activity to inhibit the binding of [125I]CCK-33 to Cholecystokinin type B receptor in guinea pig brain,CHEMBL1126472,P32239,Cholecystokinin B receptor,IC50,CN1C(=O)C(NC(=O)c2cc3ccccc3n2C)N=C(c2ccccc2)c2ccccc21,4.823908740944319
CHEMBL71079,CHEMBL298,Cholecystokinin B receptor,IC50,=,2000.0,nM,CHEMBL682557,B,Tested for its activity to inhibit the binding of [125I]gastrin to gastric glands (gastrin) in guinea pig,CHEMBL1126472,P32239,Cholecystokinin B receptor,IC50,CN1C(=O)C(NC(=O)c2cc3ccccc3n2C)N=C(c2ccccc2)c2ccccc21,5.698970004336019
CHEMBL355092,CHEMBL298,Cholecystokinin B receptor,IC50,=,410.0,nM,CHEMBL657475,B,Tested for its activity to inhibit the binding of [125I]CCK-33 to Cholecystokinin type B receptor in guinea pig brain,CHEMBL1126472,P32239,Cholecystokinin B receptor,IC50,CN1C(=O)[C@@H](NC(=O)Nc2ccc(Cl)cc2)N=C(c2ccccc2)c2ccccc21,6.3872161432802645
CHEMBL355092,CHEMBL298,Cholecystokinin B receptor,IC50,=,540.0,nM,CHEMBL682557,B,Tested for its activity to inhibit the binding of [125I]gastrin to gastric glands (gastrin) in guinea pig,CHEMBL1126472,P32239,Cholecystokinin B receptor,IC50,CN1C(=O)[C@@H](NC(=O)Nc2ccc(Cl)cc2)N=C(c2ccccc2)c2ccccc21,6.267606240177031
CHEMBL217234,CHEMBL298,Cholecystokinin B receptor,IC50,=,205.0,nM,CHEMBL653980,B,Inhibition of [125I]BH-CCK- binding to cholecystokinin type B receptor from guinea pig brain membranes,CHEMBL1126956,P32239,Cholecystokinin B receptor,IC50,CCCC[C@H](NC(=O)[C@H](Cc1ccc(S(=O)(=O)O)cc1)NC(=O)OC(C)(C)C)C(=O)NCC(=O)N[C@@H](Cc1c[nH]c2ccccc12)C(=O)N[C@@H](CCCC)C(=O)N[C@@H](CCCCc1ccccc1)CC(=O)O,6.688246138944246
CHEMBL217234,CHEMBL298,Cholecystokinin B receptor,IC50,=,190.0,nM,CHEMBL663102,B,Inhibition of [125I]BH-CCK- binding to cholecystokinin type B receptor from jurkat Tcells,CHEMBL1126956,P32239,Cholecystokinin B receptor,IC50,CCCC[C@H](NC(=O)[C@H](Cc1ccc(S(=O)(=O)O)cc1)NC(=O)OC(C)(C)C)C(=O)NCC(=O)N[C@@H](Cc1c[nH]c2ccccc12)C(=O)N[C@@H](CCCC)C(=O)N[C@@H](CCCCc1ccccc1)CC(=O)O,6.721246399047171
CHEMBL169661,CHEMBL298,Cholecystokinin B receptor,IC50,=,5.5,nM,CHEMBL657475,B,Tested for its activity to inhibit the binding of [125I]CCK-33 to Cholecystokinin type B receptor in guinea pig brain,CHEMBL1126472,P32239,Cholecystokinin B receptor,IC50,CN1C(=O)[C@H](NC(=O)Nc2ccc(Cl)cc2)N=C(c2ccccc2)c2ccccc21,8.259637310505756
CHEMBL169661,CHEMBL298,Cholecystokinin B receptor,IC50,=,12.0,nM,CHEMBL682557,B,Tested for its activity to inhibit the binding of [125I]gastrin to gastric glands (gastrin) in guinea pig,CHEMBL1126472,P32239,Cholecystokinin B receptor,IC50,CN1C(=O)[C@H](NC(=O)Nc2ccc(Cl)cc2)N=C(c2ccccc2)c2ccccc21,7.920818753952375
CHEMBL444113,CHEMBL298,Cholecystokinin B receptor,IC50,=,1200.0,nM,CHEMBL653980,B,Inhibition of [125I]BH-CCK- binding to cholecystokinin type B receptor from guinea pig brain membranes,CHEMBL1126956,P32239,Cholecystokinin B receptor,IC50,CCCC[C@H](NC(=O)[C@H](Cc1ccc(S(=O)(=O)O)cc1)NC(=O)OC(C)(C)C)C(=O)NCC(=O)N[C@H](Cc1c[nH]c2ccccc12)C(=O)N[C@@H](CCCC)C(=O)N[C@@H](CCCCc1ccccc1)CC(=O)O,5.920818753952375
CHEMBL444113,CHEMBL298,Cholecystokinin B receptor,IC50,=,1500.0,nM,CHEMBL663102,B,Inhibition of [125I]BH-CCK- binding to cholecystokinin type B receptor from jurkat Tcells,CHEMBL1126956,P32239,Cholecystokinin B receptor,IC50,CCCC[C@H](NC(=O)[C@H](Cc1ccc(S(=O)(=O)O)cc1)NC(=O)OC(C)(C)C)C(=O)NCC(=O)N[C@H](Cc1c[nH]c2ccccc12)C(=O)N[C@@H](CCCC)C(=O)N[C@@H](CCCCc1ccccc1)CC(=O)O,5.823908740944319
CHEMBL70380,CHEMBL298,Cholecystokinin B receptor,IC50,=,151.0,nM,CHEMBL662571,B,Half maximal inhibition of binding of [125I]CCK-8 to Cholecystokinin type B receptor in guinea pig cerebral cortex.,CHEMBL1130298,P32239,Cholecystokinin B receptor,IC50,Cc1cccc(NC(=O)N[C@H]2N=C(c3ccccc3)c3ccccc3N(C)C2=O)c1,6.821023052706831
CHEMBL262155,CHEMBL298,Cholecystokinin B receptor,IC50,=,57.0,nM,CHEMBL653980,B,Inhibition of [125I]BH-CCK- binding to cholecystokinin type B receptor from guinea pig brain membranes,CHEMBL1126956,P32239,Cholecystokinin B receptor,IC50,CCCC[C@H](NC(=O)[C@H](Cc1ccc(S(=O)(=O)O)cc1)NC(=O)OC(C)(C)C)C(=O)NCC(=O)N[C@@H](Cc1c[nH]c2ccccc12)C(=O)N[C@@H](CCCC)C(=O)N[C@H](CCCOc1ccccc1)CC(=O)O,7.2441251443275085
CHEMBL262155,CHEMBL298,Cholecystokinin B receptor,IC50,=,65.0,nM,CHEMBL663102,B,Inhibition of [125I]BH-CCK- binding to cholecystokinin type B receptor from jurkat Tcells,CHEMBL1126956,P32239,Cholecystokinin B receptor,IC50,CCCC[C@H](NC(=O)[C@H](Cc1ccc(S(=O)(=O)O)cc1)NC(=O)OC(C)(C)C)C(=O)NCC(=O)N[C@@H](Cc1c[nH]c2ccccc12)C(=O)N[C@@H](CCCC)C(=O)N[C@H](CCCOc1ccccc1)CC(=O)O,7.187086643357144
CHEMBL274661,CHEMBL298,Cholecystokinin B receptor,IC50,=,2.0,nM,CHEMBL653980,B,Inhibition of [125I]BH-CCK- binding to cholecystokinin type B receptor from guinea pig brain membranes,CHEMBL1126956,P32239,Cholecystokinin B receptor,IC50,CCCC[C@H](NC(=O)[C@H](Cc1ccc(S(=O)(=O)O)cc1)NC(=O)OC(C)(C)C)C(=O)NCC(=O)N[C@@H](Cc1c[nH]c2ccccc12)C(=O)N[C@@H](CCCC)C(=O)N[C@@H](CC(=O)O)C(=O)OCCc1ccccc1,8.698970004336019
CHEMBL274661,CHEMBL298,Cholecystokinin B receptor,IC50,=,2.0,nM,CHEMBL663102,B,Inhibition of [125I]BH-CCK- binding to cholecystokinin type B receptor from jurkat Tcells,CHEMBL1126956,P32239,Cholecystokinin B receptor,IC50,CCCC[C@H](NC(=O)[C@H](Cc1ccc(S(=O)(=O)O)cc1)NC(=O)OC(C)(C)C)C(=O)NCC(=O)N[C@@H](Cc1c[nH]c2ccccc12)C(=O)N[C@@H](CCCC)C(=O)N[C@@H](CC(=O)O)C(=O)OCCc1ccccc1,8.698970004336019
CHEMBL171108,CHEMBL298,Cholecystokinin B receptor,IC50,=,34000.0,nM,CHEMBL657475,B,Tested for its activity to inhibit the binding of [125I]CCK-33 to Cholecystokinin type B receptor in guinea pig brain,CHEMBL1126472,P32239,Cholecystokinin B receptor,IC50,O=C(Cc1ccccc1)Nc1cc2c3ccccc3nc-2c[nH]1,4.468521082957745
CHEMBL171108,CHEMBL298,Cholecystokinin B receptor,IC50,=,14000.0,nM,CHEMBL682557,B,Tested for its activity to inhibit the binding of [125I]gastrin to gastric glands (gastrin) in guinea pig,CHEMBL1126472,P32239,Cholecystokinin B receptor,IC50,O=C(Cc1ccccc1)Nc1cc2c3ccccc3nc-2c[nH]1,4.853871964321762
CHEMBL217424,CHEMBL298,Cholecystokinin B receptor,IC50,=,200.0,nM,CHEMBL653980,B,Inhibition of [125I]BH-CCK- binding to cholecystokinin type B receptor from guinea pig brain membranes,CHEMBL1126956,P32239,Cholecystokinin B receptor,IC50,CCCC[C@H](NC(=O)[C@H](Cc1ccc(S(=O)(=O)O)cc1)NC(=O)OC(C)(C)C)C(=O)NCC(=O)N[C@@H](Cc1c[nH]c2ccccc12)C(=O)N[C@@H](CCCC)C(=O)N[C@@H](CCCOc1ccccc1)CC(=O)O,6.698970004336019
CHEMBL217424,CHEMBL298,Cholecystokinin B receptor,IC50,=,250.0,nM,CHEMBL663102,B,Inhibition of [125I]BH-CCK- binding to cholecystokinin type B receptor from jurkat Tcells,CHEMBL1126956,P32239,Cholecystokinin B receptor,IC50,CCCC[C@H](NC(=O)[C@H](Cc1ccc(S(=O)(=O)O)cc1)NC(=O)OC(C)(C)C)C(=O)NCC(=O)N[C@@H](Cc1c[nH]c2ccccc12)C(=O)N[C@@H](CCCC)C(=O)N[C@@H](CCCOc1ccccc1)CC(=O)O,6.6020599913279625
CHEMBL171940,CHEMBL298,Cholecystokinin B receptor,IC50,=,223000.0,nM,CHEMBL657475,B,Tested for its activity to inhibit the binding of [125I]CCK-33 to Cholecystokinin type B receptor in guinea pig brain,CHEMBL1126472,P32239,Cholecystokinin B receptor,IC50,O=C(Nc1cc2c3ccccc3nc-2c[nH]1)c1ccccc1,3.6516951369518393
CHEMBL453066,CHEMBL298,Cholecystokinin B receptor,IC50,=,150000.0,nM,CHEMBL682557,B,Tested for its activity to inhibit the binding of [125I]gastrin to gastric glands (gastrin) in guinea pig,CHEMBL1126472,P32239,Cholecystokinin B receptor,IC50,COC(=O)c1cc2c(cn1)[nH]c1ccccc12,3.8239087409443187
CHEMBL319340,CHEMBL298,Cholecystokinin B receptor,IC50,=,1900.0,nM,CHEMBL661925,B,Displacement of [125I]BH-CCK-8 from Cholecystokinin type B receptor of guinea pig cortex,CHEMBL1125089,P32239,Cholecystokinin B receptor,IC50,CC(C)(C)OC(=O)N[C@@H](Cc1c[nH]c2ccccc12)C(=O)N[C@@H](CCCCNC(=O)Nc1ccccc1Cl)C(=O)N[C@@H](CC(=O)O)C(=O)N[C@@H](Cc1ccccc1)C(N)=O,5.721246399047171
CHEMBL1121,CHEMBL298,Cholecystokinin B receptor,IC50,=,8.2,nM,CHEMBL661925,B,Displacement of [125I]BH-CCK-8 from Cholecystokinin type B receptor of guinea pig cortex,CHEMBL1125089,P32239,Cholecystokinin B receptor,IC50,CSCC[C@H](NC(=O)[C@H](Cc1ccc(OS(=O)(=O)O)cc1)NC(=O)[C@@H](N)CC(=O)O)C(=O)NCC(=O)N[C@@H](Cc1c[nH]c2ccccc12)C(=O)N[C@@H](CCSC)C(=O)N[C@@H](CC(=O)O)C(=O)N[C@@H](Cc1ccccc1)C(N)=O,8.086186147616283
CHEMBL103485,CHEMBL298,Cholecystokinin B receptor,IC50,=,1900.0,nM,CHEMBL661925,B,Displacement of [125I]BH-CCK-8 from Cholecystokinin type B receptor of guinea pig cortex,CHEMBL1125089,P32239,Cholecystokinin B receptor,IC50,CC(=O)NCCCC[C@H](NC(=O)[C@H](Cc1c[nH]c2ccccc12)NC(=O)OC(C)(C)C)C(=O)N[C@@H](CC(=O)O)C(=O)N[C@@H](Cc1ccccc1)C(N)=O,5.721246399047171
CHEMBL328422,CHEMBL298,Cholecystokinin B receptor,IC50,=,27000.0,nM,CHEMBL661925,B,Displacement of [125I]BH-CCK-8 from Cholecystokinin type B receptor of guinea pig cortex,CHEMBL1125089,P32239,Cholecystokinin B receptor,IC50,Cc1cccc(C)c1NC(=O)NCCCC[C@H](NC(=O)[C@H](Cc1c[nH]c2ccccc12)NC(=O)OC(C)(C)C)C(=O)N[C@@H](CC(=O)O)C(=O)N[C@@H](Cc1ccccc1)C(N)=O,4.568636235841013
CHEMBL100609,CHEMBL298,Cholecystokinin B receptor,IC50,=,3800.0,nM,CHEMBL661925,B,Displacement of [125I]BH-CCK-8 from Cholecystokinin type B receptor of guinea pig cortex,CHEMBL1125089,P32239,Cholecystokinin B receptor,IC50,COc1ccccc1NC(=O)NCCCC[C@H](NC(=O)[C@H](Cc1c[nH]c2ccccc12)NC(=O)OC(C)(C)C)C(=O)N[C@@H](CC(=O)O)C(=O)N[C@@H](Cc1ccccc1)C(N)=O,5.42021640338319
CHEMBL320868,CHEMBL298,Cholecystokinin B receptor,IC50,=,1500.0,nM,CHEMBL661925,B,Displacement of [125I]BH-CCK-8 from Cholecystokinin type B receptor of guinea pig cortex,CHEMBL1125089,P32239,Cholecystokinin B receptor,IC50,Cc1ccccc1NC(=O)NCCCC[C@H](NC(=O)[C@H](Cc1c[nH]c2ccccc12)NC(=O)OC(C)(C)C)C(=O)N[C@@H](CC(=O)O)C(=O)N[C@@H](Cc1ccccc1)C(N)=O,5.823908740944319
CHEMBL98468,CHEMBL298,Cholecystokinin B receptor,IC50,=,1900.0,nM,CHEMBL661925,B,Displacement of [125I]BH-CCK-8 from Cholecystokinin type B receptor of guinea pig cortex,CHEMBL1125089,P32239,Cholecystokinin B receptor,IC50,Cc1cccc(NC(=O)NCCCC[C@H](NC(=O)[C@H](Cc2c[nH]c3ccccc23)NC(=O)OC(C)(C)C)C(=O)N[C@@H](CC(=O)O)C(=O)N[C@@H](Cc2ccccc2)C(N)=O)c1,5.721246399047171
CHEMBL156559,CHEMBL298,Cholecystokinin B receptor,IC50,=,4500.0,nM,CHEMBL661925,B,Displacement of [125I]BH-CCK-8 from Cholecystokinin type B receptor of guinea pig cortex,CHEMBL1125089,P32239,Cholecystokinin B receptor,IC50,Cc1ccccc1NC(=O)NCCCC[C@H](NC(=O)[C@H](Cc1c[nH]c2ccccc12)NC(=O)OC(C)(C)C)C(=O)N(C)[C@@H](CC(=O)O)C(=O)N[C@@H](Cc1ccccc1)C(N)=O,5.346787486224656
CHEMBL99786,CHEMBL298,Cholecystokinin B receptor,IC50,=,4900.0,nM,CHEMBL661925,B,Displacement of [125I]BH-CCK-8 from Cholecystokinin type B receptor of guinea pig cortex,CHEMBL1125089,P32239,Cholecystokinin B receptor,IC50,CC(C)(C)OC(=O)N[C@@H](Cc1c[nH]c2ccccc12)C(=O)N[C@@H](CCCCNC(=O)OCc1ccccc1)C(=O)N[C@@H](CC(=O)O)C(=O)N[C@@H](Cc1ccccc1)C(N)=O,5.309803919971486
CHEMBL64605,CHEMBL298,Cholecystokinin B receptor,IC50,=,25.0,nM,CHEMBL661925,B,Displacement of [125I]BH-CCK-8 from Cholecystokinin type B receptor of guinea pig cortex,CHEMBL1125089,P32239,Cholecystokinin B receptor,IC50,CSCC[C@H](NC(=O)[C@H](Cc1c[nH]c2ccccc12)NC(=O)OC(C)(C)C)C(=O)N[C@@H](CC(=O)O)C(=O)N[C@@H](Cc1ccccc1)C(N)=O,7.6020599913279625
CHEMBL216166,CHEMBL298,Cholecystokinin B receptor,IC50,=,170.0,nM,CHEMBL661925,B,Displacement of [125I]BH-CCK-8 from Cholecystokinin type B receptor of guinea pig cortex,CHEMBL1125089,P32239,Cholecystokinin B receptor,IC50,CSCC[C@H](NC(=O)[C@H](Cc1ccc(O)cc1)NC(=O)[C@@H](N)CC(=O)O)C(=O)NCC(=O)N[C@@H](Cc1c[nH]c2ccccc12)C(=O)N[C@@H](CCSC)C(=O)N[C@@H](CC(=O)O)C(=O)N[C@@H](Cc1ccccc1)C(N)=O,6.769551078621726
CHEMBL262767,CHEMBL298,Cholecystokinin B receptor,IC50,=,1200.0,nM,CHEMBL661925,B,Displacement of [125I]BH-CCK-8 from Cholecystokinin type B receptor of guinea pig cortex,CHEMBL1125089,P32239,Cholecystokinin B receptor,IC50,Cc1ccc(NC(=O)NCCCC[C@H](NC(=O)[C@H](Cc2c[nH]c3ccccc23)NC(=O)OC(C)(C)C)C(=O)N[C@@H](CC(=O)O)C(=O)N[C@@H](Cc2ccccc2)C(N)=O)cc1,5.920818753952375
CHEMBL319814,CHEMBL298,Cholecystokinin B receptor,IC50,=,1100.0,nM,CHEMBL661925,B,Displacement of [125I]BH-CCK-8 from Cholecystokinin type B receptor of guinea pig cortex,CHEMBL1125089,P32239,Cholecystokinin B receptor,IC50,CC(C)(C)OC(=O)N[C@@H](Cc1c[nH]c2ccccc12)C(=O)N[C@@H](CCCCNC(=O)Nc1ccccc1)C(=O)N[C@@H](CC(=O)O)C(=O)N[C@@H](Cc1ccccc1)C(N)=O,5.958607314841775
CHEMBL315214,CHEMBL298,Cholecystokinin B receptor,IC50,=,137.0,nM,CHEMBL657484,B,Inhibition of ligand binding to Cholecystokinin type B receptor from guinea pig cortical membrane.,CHEMBL1130105,P32239,Cholecystokinin B receptor,IC50,Cc1cccc(NC(=O)NC2N=C(N3CCCC3)c3ccccc3N(C)C2=O)c1,6.863279432843593
CHEMBL84433,CHEMBL298,Cholecystokinin B receptor,IC50,=,15.0,nM,CHEMBL657484,B,Inhibition of ligand binding to Cholecystokinin type B receptor from guinea pig cortical membrane.,CHEMBL1130105,P32239,Cholecystokinin B receptor,IC50,CCCN1C(=O)[C@H](NC(=O)Nc2cccc(C)c2)N=C([C@H]2CCC(C)(C)CCN2)c2ccccc21,7.823908740944319
CHEMBL311061,CHEMBL298,Cholecystokinin B receptor,IC50,=,1.3,nM,CHEMBL657484,B,Inhibition of ligand binding to Cholecystokinin type B receptor from guinea pig cortical membrane.,CHEMBL1130105,P32239,Cholecystokinin B receptor,IC50,Cc1cccc(NC(=O)NC2N=C(N3CCCCCC3)c3ccccc3N(C)C2=O)c1,8.886056647693163
CHEMBL58699,CHEMBL298,Cholecystokinin B receptor,IC50,=,0.28,nM,CHEMBL657484,B,Inhibition of ligand binding to Cholecystokinin type B receptor from guinea pig cortical membrane.,CHEMBL1130105,P32239,Cholecystokinin B receptor,IC50,Cc1cccc(NC(=O)N[C@@H]2N=C(C3CCCCC3)c3ccccc3N(C)C2=O)c1,9.55284196865778
CHEMBL419663,CHEMBL298,Cholecystokinin B receptor,IC50,=,12.0,nM,CHEMBL657484,B,Inhibition of ligand binding to Cholecystokinin type B receptor from guinea pig cortical membrane.,CHEMBL1130105,P32239,Cholecystokinin B receptor,IC50,Cc1cccc(NC(=O)N[C@@H]2N=C([C@H]3CCC(C)(C)CCN3)c3ccccc3N(C)C2=O)c1,7.920818753952375
CHEMBL56944,CHEMBL298,Cholecystokinin B receptor,IC50,=,16.0,nM,CHEMBL656244,B,In vitro test for inhibition of [125I]CCK binding to Cholecystokinin type B receptor from guinea pig cortical membranes was determined,CHEMBL1127104,P32239,Cholecystokinin B receptor,IC50,Cc1cccc(NC(=O)NC2N=C(C3CCCC3)c3ccccc3N(C)C2=O)c1,7.795880017344075
CHEMBL420783,CHEMBL298,Cholecystokinin B receptor,IC50,=,0.1,nM,CHEMBL657484,B,Inhibition of ligand binding to Cholecystokinin type B receptor from guinea pig cortical membrane.,CHEMBL1130105,P32239,Cholecystokinin B receptor,IC50,Cc1cccc(NC(=O)N[C@@H]2N=C(N3CC4CCC(CC4)C3)c3ccccc3N(C)C2=O)c1,10.0
CHEMBL79565,CHEMBL298,Cholecystokinin B receptor,IC50,=,1.2,nM,CHEMBL657484,B,Inhibition of ligand binding to Cholecystokinin type B receptor from guinea pig cortical membrane.,CHEMBL1130105,P32239,Cholecystokinin B receptor,IC50,CCCN1C(=O)[C@H](NC(=O)Nc2ccc3c(c2)CCC3)N=C([C@H]2CC(C)(C)CCN2)c2ccccc21,8.920818753952375
CHEMBL83591,CHEMBL298,Cholecystokinin B receptor,IC50,=,26.0,nM,CHEMBL657484,B,Inhibition of ligand binding to Cholecystokinin type B receptor from guinea pig cortical membrane.,CHEMBL1130105,P32239,Cholecystokinin B receptor,IC50,CCCN1C(=O)[C@H](NC(=O)Nc2cccc(C)c2)N=C([C@H]2CCC(C)(C)CCN2C)c2ccccc21,7.585026652029182
CHEMBL410035,CHEMBL298,Cholecystokinin B receptor,IC50,=,169.0,nM,CHEMBL656244,B,In vitro test for inhibition of [125I]CCK binding to Cholecystokinin type B receptor from guinea pig cortical membranes was determined,CHEMBL1127104,P32239,Cholecystokinin B receptor,IC50,Cc1cccc(NC(=O)N[C@H]2N=C(C3CCCCC3)c3ccccc3N(C)C2=O)c1,6.772113295386326
CHEMBL313653,CHEMBL298,Cholecystokinin B receptor,IC50,=,41.0,nM,CHEMBL657484,B,Inhibition of ligand binding to Cholecystokinin type B receptor from guinea pig cortical membrane.,CHEMBL1130105,P32239,Cholecystokinin B receptor,IC50,CCCN1C(=O)[C@H](NC(=O)Nc2cccc(C)c2)N=C([C@@H]2CCCCN2)c2ccccc21,7.3872161432802645
CHEMBL309299,CHEMBL298,Cholecystokinin B receptor,IC50,=,36.0,nM,CHEMBL657484,B,Inhibition of ligand binding to Cholecystokinin type B receptor from guinea pig cortical membrane.,CHEMBL1130105,P32239,Cholecystokinin B receptor,IC50,CCCN1C(=O)[C@H](NC(=O)Nc2cccc(C)c2)N=C([C@H]2CCCCN2)c2ccccc21,7.443697499232712
CHEMBL58699,CHEMBL298,Cholecystokinin B receptor,IC50,=,0.28,nM,CHEMBL656244,B,In vitro test for inhibition of [125I]CCK binding to Cholecystokinin type B receptor from guinea pig cortical membranes was determined,CHEMBL1127104,P32239,Cholecystokinin B receptor,IC50,Cc1cccc(NC(=O)N[C@@H]2N=C(C3CCCCC3)c3ccccc3N(C)C2=O)c1,9.55284196865778
CHEMBL314846,CHEMBL298,Cholecystokinin B receptor,IC50,=,18.0,nM,CHEMBL657484,B,Inhibition of ligand binding to Cholecystokinin type B receptor from guinea pig cortical membrane.,CHEMBL1130105,P32239,Cholecystokinin B receptor,IC50,CCN(CC)C(=O)CN1C(=O)[C@H](NC(=O)Nc2cccc(C)c2)N=C(c2cccc[n+]2C)c2ccccc21.[I-],7.7447274948966935
CHEMBL311638,CHEMBL298,Cholecystokinin B receptor,IC50,=,54.0,nM,CHEMBL657484,B,Inhibition of ligand binding to Cholecystokinin type B receptor from guinea pig cortical membrane.,CHEMBL1130105,P32239,Cholecystokinin B receptor,IC50,CCCN1C(=O)[C@H](NC(=O)Nc2cccc(C)c2)N=C([C@H]2CCCCN2C)c2ccccc21,7.267606240177031
CHEMBL313983,CHEMBL298,Cholecystokinin B receptor,IC50,=,1.5,nM,CHEMBL657484,B,Inhibition of ligand binding to Cholecystokinin type B receptor from guinea pig cortical membrane.,CHEMBL1130105,P32239,Cholecystokinin B receptor,IC50,CCCN1C(=O)[C@H](NC(=O)Nc2cccc(C)c2)N=C([C@H]2CC(C)(C)CCN2)c2ccccc21,8.823908740944319
CHEMBL293786,CHEMBL298,Cholecystokinin B receptor,IC50,=,29.9,nM,CHEMBL656244,B,In vitro test for inhibition of [125I]CCK binding to Cholecystokinin type B receptor from guinea pig cortical membranes was determined,CHEMBL1127104,P32239,Cholecystokinin B receptor,IC50,Cc1cccc(NC(=O)NC2N=C(C3CCC3)c3ccccc3N(C)C2=O)c1,7.52432881167557
CHEMBL82685,CHEMBL298,Cholecystokinin B receptor,IC50,=,66.0,nM,CHEMBL657484,B,Inhibition of ligand binding to Cholecystokinin type B receptor from guinea pig cortical membrane.,CHEMBL1130105,P32239,Cholecystokinin B receptor,IC50,Cc1cccc(NC(=O)NC2N=C(c3ccccn3)c3ccccc3N(C)C2=O)c1,7.180456064458131
CHEMBL313813,CHEMBL298,Cholecystokinin B receptor,IC50,=,0.56,nM,CHEMBL657484,B,Inhibition of ligand binding to Cholecystokinin type B receptor from guinea pig cortical membrane.,CHEMBL1130105,P32239,Cholecystokinin B receptor,IC50,CCN(CC)C(=O)CN1C(=O)C(NC(=O)Nc2cccc(C)c2)N=C(c2ccccn2)c2ccccc21,9.2518119729938
CHEMBL9387,CHEMBL298,Cholecystokinin B receptor,IC50,=,8.5,nM,CHEMBL656244,B,In vitro test for inhibition of [125I]CCK binding to Cholecystokinin type B receptor from guinea pig cortical membranes was determined,CHEMBL1127104,P32239,Cholecystokinin B receptor,IC50,Cc1cccc(NC(=O)N[C@@H]2N=C(c3ccccc3)c3ccccc3N(C)C2=O)c1,8.070581074285707
CHEMBL83130,CHEMBL298,Cholecystokinin B receptor,IC50,=,2.4,nM,CHEMBL657484,B,Inhibition of ligand binding to Cholecystokinin type B receptor from guinea pig cortical membrane.,CHEMBL1130105,P32239,Cholecystokinin B receptor,IC50,CN1C(=O)[C@H](NC(=O)Nc2ccc3c(c2)CCC3)N=C([C@H]2CC(C)(C)CCN2)c2ccccc21,8.619788758288394
CHEMBL9387,CHEMBL298,Cholecystokinin B receptor,IC50,=,8.5,nM,CHEMBL657483,B,The concentration required for half maximal inhibition of the binding to Cholecystokinin type B receptor (CCK-B) from guinea pig cortical membrane,CHEMBL1130105,P32239,Cholecystokinin B receptor,IC50,Cc1cccc(NC(=O)N[C@@H]2N=C(c3ccccc3)c3ccccc3N(C)C2=O)c1,8.070581074285707
CHEMBL354171,CHEMBL298,Cholecystokinin B receptor,IC50,=,5000.0,nM,CHEMBL662562,B,Displacement of [125I]Bolton-Hunter-CCK-8 from guinea pig cortex Cholecystokinin type B receptor,CHEMBL1126470,P32239,Cholecystokinin B receptor,IC50,CN(C(=O)[C@H](CC(=O)O)NNC[C@H](CCCCNC(=O)/C=C\c1ccc(O)cc1)NC(=O)[C@H](Cc1c[nH]c2ccccc12)NC(=O)OC(C)(C)C)[C@@H](Cc1ccccc1)C(N)=O,5.301029995663981
CHEMBL1121,CHEMBL298,Cholecystokinin B receptor,IC50,=,1.6,nM,CHEMBL662562,B,Displacement of [125I]Bolton-Hunter-CCK-8 from guinea pig cortex Cholecystokinin type B receptor,CHEMBL1126470,P32239,Cholecystokinin B receptor,IC50,CSCC[C@H](NC(=O)[C@H](Cc1ccc(OS(=O)(=O)O)cc1)NC(=O)[C@@H](N)CC(=O)O)C(=O)NCC(=O)N[C@@H](Cc1c[nH]c2ccccc12)C(=O)N[C@@H](CCSC)C(=O)N[C@@H](CC(=O)O)C(=O)N[C@@H](Cc1ccccc1)C(N)=O,8.795880017344075
CHEMBL166089,CHEMBL298,Cholecystokinin B receptor,IC50,=,75000.0,nM,CHEMBL682562,B,In vitro inhibitory activity for binding of [125I](Nle11)-HG-13 to gastrin receptor on isolated rabbit gastric mucosal cells.,CHEMBL1123729,P32239,Cholecystokinin B receptor,IC50,CCCCOC(=O)CCNC(=O)[C@H](Cc1c[nH]c2ccccc12)NC(=O)[C@@H](CCCC)NC(=O)[C@H](CC(=O)O)NC(=O)OCc1ccccc1,4.1249387366083
CHEMBL263525,CHEMBL298,Cholecystokinin B receptor,IC50,=,7000.0,nM,CHEMBL662562,B,Displacement of [125I]Bolton-Hunter-CCK-8 from guinea pig cortex Cholecystokinin type B receptor,CHEMBL1126470,P32239,Cholecystokinin B receptor,IC50,CC(C)(C)OC(=O)N[C@@H](Cc1c[nH]c2ccccc12)C(=O)N[C@@H](CCCCNC(=O)/C=C\c1ccc(O)cc1)C(=O)N[C@H](CNN[C@@H](Cc1ccccc1)C(N)=O)CC(=O)O,5.154901959985743
CHEMBL436053,CHEMBL298,Cholecystokinin B receptor,IC50,=,2500.0,nM,CHEMBL662562,B,Displacement of [125I]Bolton-Hunter-CCK-8 from guinea pig cortex Cholecystokinin type B receptor,CHEMBL1126470,P32239,Cholecystokinin B receptor,IC50,Cc1ccccc1NC(=O)NCCCC[C@H](NNC[C@H](Cc1c[nH]c2ccccc12)NC(=O)OC(C)(C)C)C(=O)N[C@@H](CC(=O)O)C(=O)N[C@@H](Cc1ccccc1)C(N)=O,5.6020599913279625
CHEMBL317181,CHEMBL298,Cholecystokinin B receptor,IC50,=,831.76,nM,CHEMBL661438,B,Binding affinity against human Cholecystokinin type B receptor in CHO-K1 cells using [125I]-Bolton-Hunter CCK-8 as radioligand,CHEMBL1129254,P32239,Cholecystokinin B receptor,IC50,CC(C)N(C(=O)CN1C(=O)C(CC(=O)Nc2ccccc2)C(=O)N(c2ccccc2)c2ccccc21)c1ccccc1,6.0800019690359814
CHEMBL351506,CHEMBL298,Cholecystokinin B receptor,IC50,=,6000.0,nM,CHEMBL682562,B,In vitro inhibitory activity for binding of [125I](Nle11)-HG-13 to gastrin receptor on isolated rabbit gastric mucosal cells.,CHEMBL1123729,P32239,Cholecystokinin B receptor,IC50,CC(C)C[C@H](NC(=O)[C@@H](Cc1c[nH]c2ccccc12)NC(=O)OC(C)(C)C)C(=O)N[C@H](CC(=O)O)NC(=O)CCc1ccccc1,5.221848749616356
CHEMBL163253,CHEMBL298,Cholecystokinin B receptor,IC50,=,110000.0,nM,CHEMBL682562,B,In vitro inhibitory activity for binding of [125I](Nle11)-HG-13 to gastrin receptor on isolated rabbit gastric mucosal cells.,CHEMBL1123729,P32239,Cholecystokinin B receptor,IC50,CCCC[C@@H](NC(=O)[C@H](CC(=O)O)NC(=O)CCc1ccccc1)NC(=O)[C@@H](Cc1c[nH]c2ccccc12)NC(=O)OC(C)(C)C,3.9586073148417746
CHEMBL351531,CHEMBL298,Cholecystokinin B receptor,IC50,=,81000.0,nM,CHEMBL682562,B,In vitro inhibitory activity for binding of [125I](Nle11)-HG-13 to gastrin receptor on isolated rabbit gastric mucosal cells.,CHEMBL1123729,P32239,Cholecystokinin B receptor,IC50,CCCCOC(=O)CCNC(=O)[C@H](Cc1c[nH]c2ccccc12)NC(=O)[C@@H](CCCC)NC(=O)[C@H](CC(=O)O)NC(=O)CCc1ccccc1,4.0915149811213505
CHEMBL349888,CHEMBL298,Cholecystokinin B receptor,IC50,=,1200.0,nM,CHEMBL682562,B,In vitro inhibitory activity for binding of [125I](Nle11)-HG-13 to gastrin receptor on isolated rabbit gastric mucosal cells.,CHEMBL1123729,P32239,Cholecystokinin B receptor,IC50,CC(C)C[C@@H](NC(=O)[C@H](CC(=O)O)NC(=O)C(Cc1ccccc1)C(N)=O)NC(=O)[C@@H](Cc1c[nH]c2ccccc12)NC(=O)OC(C)(C)C,5.920818753952375
CHEMBL433901,CHEMBL298,Cholecystokinin B receptor,IC50,=,90.0,nM,CHEMBL682562,B,In vitro inhibitory activity for binding of [125I](Nle11)-HG-13 to gastrin receptor on isolated rabbit gastric mucosal cells.,CHEMBL1123729,P32239,Cholecystokinin B receptor,IC50,CC(C)C[C@H](NC(=O)[C@@H](Cc1c[nH]c2ccccc12)NC(=O)OC(C)(C)C)C(=O)N[C@H](CC(=O)O)NC(=O)C(Cc1ccccc1)C(N)=O,7.045757490560675
CHEMBL422919,CHEMBL298,Cholecystokinin B receptor,IC50,=,2400.0,nM,CHEMBL662562,B,Displacement of [125I]Bolton-Hunter-CCK-8 from guinea pig cortex Cholecystokinin type B receptor,CHEMBL1126470,P32239,Cholecystokinin B receptor,IC50,Cc1ccccc1NC(=O)NCCCC[C@@H](CNN[C@@H](CC(=O)O)C(=O)N[C@@H](Cc1ccccc1)C(N)=O)NNC(=O)[C@H](Cc1c[nH]c2ccccc12)NC(=O)OC(C)(C)C,5.619788758288394
CHEMBL355836,CHEMBL298,Cholecystokinin B receptor,IC50,=,1400.0,nM,CHEMBL662562,B,Displacement of [125I]Bolton-Hunter-CCK-8 from guinea pig cortex Cholecystokinin type B receptor,CHEMBL1126470,P32239,Cholecystokinin B receptor,IC50,Cc1ccccc1NC(=O)NCCCC[C@@H](C(=O)N[C@@H](CC(=O)O)C(=O)N[C@@H](Cc1ccccc1)C(N)=O)C(=O)[C@H](Cc1c[nH]c2ccccc12)NC(=O)OC(C)(C)C,5.853871964321762
CHEMBL171227,CHEMBL298,Cholecystokinin B receptor,IC50,=,4500.0,nM,CHEMBL662562,B,Displacement of [125I]Bolton-Hunter-CCK-8 from guinea pig cortex Cholecystokinin type B receptor,CHEMBL1126470,P32239,Cholecystokinin B receptor,IC50,Cc1ccccc1NC(=O)NCCCC[C@@H](C(=O)N[C@@H](CC(=O)O)C(=O)N(C)[C@@H](Cc1ccccc1)C(N)=O)C(=O)[C@H](Cc1c[nH]c2ccccc12)NC(=O)OC(C)(C)C,5.346787486224656
CHEMBL2373213,CHEMBL298,Cholecystokinin B receptor,IC50,=,25000.0,nM,CHEMBL682562,B,In vitro inhibitory activity for binding of [125I](Nle11)-HG-13 to gastrin receptor on isolated rabbit gastric mucosal cells.,CHEMBL1123729,P32239,Cholecystokinin B receptor,IC50,CC(C)C[C@H](NC(=O)[C@H](Cc1c[nH]c2ccccc12)NC(=O)OC(C)(C)C)C(=O)N[C@H](CC(=O)O)NC(=O)NCc1ccccc1,4.6020599913279625
CHEMBL171593,CHEMBL298,Cholecystokinin B receptor,IC50,=,730.0,nM,CHEMBL662562,B,Displacement of [125I]Bolton-Hunter-CCK-8 from guinea pig cortex Cholecystokinin type B receptor,CHEMBL1126470,P32239,Cholecystokinin B receptor,IC50,CC(C)(C)OC(=O)N[C@@H](Cc1c[nH]c2ccccc12)C(=O)[C@@H](CCCCNC(=O)/C=C\c1ccc(O)cc1)C(=O)N[C@@H](CC(=O)O)C(=O)N[C@@H](Cc1ccccc1)C(N)=O,6.136677139879544
CHEMBL321761,CHEMBL298,Cholecystokinin B receptor,IC50,=,23.99,nM,CHEMBL661438,B,Binding affinity against human Cholecystokinin type B receptor in CHO-K1 cells using [125I]-Bolton-Hunter CCK-8 as radioligand,CHEMBL1129254,P32239,Cholecystokinin B receptor,IC50,CC(C)N(C(=O)CN1C(=O)C(NC(=O)Nc2ccccc2)C(=O)N(c2ccccc2)c2ccccc21)c1ccccc1,7.619969752032169
CHEMBL431116,CHEMBL298,Cholecystokinin B receptor,IC50,=,300.0,nM,CHEMBL682562,B,In vitro inhibitory activity for binding of [125I](Nle11)-HG-13 to gastrin receptor on isolated rabbit gastric mucosal cells.,CHEMBL1123729,P32239,Cholecystokinin B receptor,IC50,CC(C)C[C@H](NC(=O)[C@H](Cc1c[nH]c2ccccc12)NC(=O)OC(C)(C)C)C(=O)N[C@@H](CC(=O)O)C(=O)N[C@@H](Cc1ccccc1)C(N)=O,6.522878745280337
CHEMBL316561,CHEMBL298,Cholecystokinin B receptor,IC50,=,2500000.0,nM,CHEMBL682562,B,In vitro inhibitory activity for binding of [125I](Nle11)-HG-13 to gastrin receptor on isolated rabbit gastric mucosal cells.,CHEMBL1123729,P32239,Cholecystokinin B receptor,IC50,CCCN(CCC)C(=O)C(CCC(=O)O)NC(=O)c1ccccc1,2.6020599913279625
CHEMBL432015,CHEMBL298,Cholecystokinin B receptor,IC50,=,281.84,nM,CHEMBL661438,B,Binding affinity against human Cholecystokinin type B receptor in CHO-K1 cells using [125I]-Bolton-Hunter CCK-8 as radioligand,CHEMBL1129254,P32239,Cholecystokinin B receptor,IC50,CC(C)N(C(=O)CN1C(=O)C(C)(NC(=O)Nc2ccccc2)C(=O)N(c2ccccc2)c2ccccc21)c1ccccc1,6.549997369826814
CHEMBL423260,CHEMBL298,Cholecystokinin B receptor,IC50,=,78000.0,nM,CHEMBL682562,B,In vitro inhibitory activity for binding of [125I](Nle11)-HG-13 to gastrin receptor on isolated rabbit gastric mucosal cells.,CHEMBL1123729,P32239,Cholecystokinin B receptor,IC50,CCCCOC(=O)CCNC(=O)[C@H](Cc1c[nH]c2ccccc12)NC(=O)[C@@H](CCCC)NC(=O)[C@H](CC(=O)O)NC(=O)NCc1ccccc1,4.107905397309519
CHEMBL105619,CHEMBL298,Cholecystokinin B receptor,IC50,=,8912.51,nM,CHEMBL661438,B,Binding affinity against human Cholecystokinin type B receptor in CHO-K1 cells using [125I]-Bolton-Hunter CCK-8 as radioligand,CHEMBL1129254,P32239,Cholecystokinin B receptor,IC50,CC(C)N(C(=O)CN1C(=O)C(CC(=O)Nc2ccccc2)(Cc2ccccc2)C(=O)N(c2ccccc2)c2ccccc21)c1ccccc1,5.049999969853415
CHEMBL354512,CHEMBL298,Cholecystokinin B receptor,IC50,=,3800.0,nM,CHEMBL662562,B,Displacement of [125I]Bolton-Hunter-CCK-8 from guinea pig cortex Cholecystokinin type B receptor,CHEMBL1126470,P32239,Cholecystokinin B receptor,IC50,CC(C)(C)OC(=O)N[C@@H](Cc1c[nH]c2ccccc12)C(=O)N[C@@H](CCCCNC(=O)/C=C\c1ccc(O)cc1)CNN[C@@H](CC(=O)O)C(=O)N[C@@H](Cc1ccccc1)C(N)=O,5.42021640338319
CHEMBL262444,CHEMBL298,Cholecystokinin B receptor,IC50,=,794.33,nM,CHEMBL661438,B,Binding affinity against human Cholecystokinin type B receptor in CHO-K1 cells using [125I]-Bolton-Hunter CCK-8 as radioligand,CHEMBL1129254,P32239,Cholecystokinin B receptor,IC50,CCC1(CC(=O)Nc2ccccc2)C(=O)N(CC(=O)N(c2ccccc2)C(C)C)c2ccccc2N(c2ccccc2)C1=O,6.0999990348465305
CHEMBL64605,CHEMBL298,Cholecystokinin B receptor,IC50,=,25.0,nM,CHEMBL662562,B,Displacement of [125I]Bolton-Hunter-CCK-8 from guinea pig cortex Cholecystokinin type B receptor,CHEMBL1126470,P32239,Cholecystokinin B receptor,IC50,CSCC[C@H](NC(=O)[C@H](Cc1c[nH]c2ccccc12)NC(=O)OC(C)(C)C)C(=O)N[C@@H](CC(=O)O)C(=O)N[C@@H](Cc1ccccc1)C(N)=O,7.6020599913279625
CHEMBL169126,CHEMBL298,Cholecystokinin B receptor,IC50,=,710.0,nM,CHEMBL662562,B,Displacement of [125I]Bolton-Hunter-CCK-8 from guinea pig cortex Cholecystokinin type B receptor,CHEMBL1126470,P32239,Cholecystokinin B receptor,IC50,CN(C(=O)[C@H](CC(=O)O)NC(=O)[C@H](CCCCNC(=O)/C=C\c1ccc(O)cc1)C(=O)[C@H](Cc1c[nH]c2ccccc12)NC(=O)OC(C)(C)C)[C@@H](Cc1ccccc1)C(N)=O,6.1487416512809245
CHEMBL435465,CHEMBL298,Cholecystokinin B receptor,IC50,=,3600.0,nM,CHEMBL662562,B,Displacement of [125I]Bolton-Hunter-CCK-8 from guinea pig cortex Cholecystokinin type B receptor,CHEMBL1126470,P32239,Cholecystokinin B receptor,IC50,CC(C)(C)OC(=O)N[C@H](CNN[C@@H](CCCCNC(=O)/C=C/c1ccc(O)cc1)C(=O)N[C@@H](CC(=O)O)C(=O)N[C@@H](Cc1ccccc1)C(N)=O)Cc1c[nH]c2ccccc12,5.443697499232712
CHEMBL88239,CHEMBL298,Cholecystokinin B receptor,IC50,=,8317.64,nM,CHEMBL661438,B,Binding affinity against human Cholecystokinin type B receptor in CHO-K1 cells using [125I]-Bolton-Hunter CCK-8 as radioligand,CHEMBL1129254,P32239,Cholecystokinin B receptor,IC50,CC(C)N(C(=O)CN1C(=O)C(C)(CC(=O)Nc2ccccc2)C(=O)N(c2ccccc2)c2ccccc21)c1ccccc1,5.079999880484295
CHEMBL351313,CHEMBL298,Cholecystokinin B receptor,IC50,=,15000.0,nM,CHEMBL682562,B,In vitro inhibitory activity for binding of [125I](Nle11)-HG-13 to gastrin receptor on isolated rabbit gastric mucosal cells.,CHEMBL1123729,P32239,Cholecystokinin B receptor,IC50,CCCC[C@@H](NC(=O)[C@H](CC(=O)O)NC(=O)NCc1ccccc1)NC(=O)[C@@H](Cc1c[nH]c2ccccc12)NC(=O)OC(C)(C)C,4.823908740944319
CHEMBL1121,CHEMBL298,Cholecystokinin B receptor,IC50,=,0.3467,nM,CHEMBL661438,B,Binding affinity against human Cholecystokinin type B receptor in CHO-K1 cells using [125I]-Bolton-Hunter CCK-8 as radioligand,CHEMBL1129254,P32239,Cholecystokinin B receptor,IC50,CSCC[C@H](NC(=O)[C@H](Cc1ccc(OS(=O)(=O)O)cc1)NC(=O)[C@@H](N)CC(=O)O)C(=O)NCC(=O)N[C@@H](Cc1c[nH]c2ccccc12)C(=O)N[C@@H](CCSC)C(=O)N[C@@H](CC(=O)O)C(=O)N[C@@H](Cc1ccccc1)C(N)=O,9.460046158343603
CHEMBL124396,CHEMBL298,Cholecystokinin B receptor,IC50,=,8100.0,nM,CHEMBL660359,B,Concentration required to inhibit by 50% the specific binding of [3H]pentagastrin to Cholecystokinin type B receptor in rabbit gastric gland,CHEMBL1126022,P32239,Cholecystokinin B receptor,IC50,O=C(O)CCC(NC(=O)c1cc(Cl)cc(Cl)c1)C(=O)NCCC12CC3CC(CC(C3)C1)C2,5.0915149811213505
CHEMBL24938,CHEMBL298,Cholecystokinin B receptor,IC50,=,25000.0,nM,CHEMBL660360,B,Concentration required to inhibit by 50% the specific binding of [3H]pentagastrin to cholecystokinin type B receptor in rabbit gastric gland,CHEMBL1126022,P32239,Cholecystokinin B receptor,IC50,CCCCCN(CCCCC)C(=O)C(CCC(=O)O)NC(=O)c1ccc(Cl)c(Cl)c1,4.6020599913279625
CHEMBL340413,CHEMBL298,Cholecystokinin B receptor,IC50,=,200.0,nM,CHEMBL660358,B,Concentration required to inhibit by 50% the specific binding of [3H]pentagastrin to CCK-B in rabbit gastric gland,CHEMBL1126022,P32239,Cholecystokinin B receptor,IC50,O=C(O)CCC(NC(=O)c1cc(Cl)cc(Cl)c1)C(=O)NN1CCC2(CCCC2)CC1,6.698970004336019
CHEMBL125874,CHEMBL298,Cholecystokinin B receptor,IC50,=,8300.0,nM,CHEMBL660359,B,Concentration required to inhibit by 50% the specific binding of [3H]pentagastrin to Cholecystokinin type B receptor in rabbit gastric gland,CHEMBL1126022,P32239,Cholecystokinin B receptor,IC50,O=C(O)CCC(NC(=O)c1cccc(Cl)c1)C(=O)NCCC12CC3CC(CC(C3)C1)C2,5.080921907623926
CHEMBL123852,CHEMBL298,Cholecystokinin B receptor,IC50,=,2000.0,nM,CHEMBL660359,B,Concentration required to inhibit by 50% the specific binding of [3H]pentagastrin to Cholecystokinin type B receptor in rabbit gastric gland,CHEMBL1126022,P32239,Cholecystokinin B receptor,IC50,CC(C)(C)CCNC(=O)C(CCC(=O)O)NC(=O)c1cc(Cl)cc(Cl)c1,5.698970004336019
CHEMBL125925,CHEMBL298,Cholecystokinin B receptor,IC50,=,23000.0,nM,CHEMBL660358,B,Concentration required to inhibit by 50% the specific binding of [3H]pentagastrin to CCK-B in rabbit gastric gland,CHEMBL1126022,P32239,Cholecystokinin B receptor,IC50,O=C(O)CCC(NC(=O)c1ccc2ccccc2c1)C(=O)NN1CCC2(CCCCC2)CC1,4.638272163982407
CHEMBL124822,CHEMBL298,Cholecystokinin B receptor,IC50,=,2200.0,nM,CHEMBL660359,B,Concentration required to inhibit by 50% the specific binding of [3H]pentagastrin to Cholecystokinin type B receptor in rabbit gastric gland,CHEMBL1126022,P32239,Cholecystokinin B receptor,IC50,CC(C)(C)CCNC(=O)C(CCC(=O)O)NC(=O)c1cccc(Cl)c1,5.657577319177793
CHEMBL1328,CHEMBL298,Cholecystokinin B receptor,IC50,=,6000.0,nM,CHEMBL660360,B,Concentration required to inhibit by 50% the specific binding of [3H]pentagastrin to cholecystokinin type B receptor in rabbit gastric gland,CHEMBL1126022,P32239,Cholecystokinin B receptor,IC50,CSCC[C@H](NC(=O)[C@H](Cc1c[nH]c2ccccc12)NC(=O)CCNC(=O)OC(C)(C)C)C(=O)N[C@@H](CC(=O)O)C(=O)N[C@@H](Cc1ccccc1)C(N)=O,5.221848749616356
CHEMBL421438,CHEMBL298,Cholecystokinin B receptor,IC50,=,800.0,nM,CHEMBL660359,B,Concentration required to inhibit by 50% the specific binding of [3H]pentagastrin to Cholecystokinin type B receptor in rabbit gastric gland,CHEMBL1126022,P32239,Cholecystokinin B receptor,IC50,O=C(O)CCC(NC(=O)c1cccc(Cl)c1)C(=O)NN1CCC2(CCCC2)CC1,6.096910013008056
CHEMBL3142902,CHEMBL298,Cholecystokinin B receptor,IC50,=,25.0,nM,CHEMBL660023,B,Inhibitory activity against Cholecystokinin type B receptor using [125I]- BH-CCK-8 as radioligand in cortex tissue of guinea pig,CHEMBL1129989,P32239,Cholecystokinin B receptor,IC50,CSCC[C@H](NC(=O)N[C@@H](CC(=O)O)C(=O)N[C@@H](Cc1ccccc1)C(N)=O)C(=O)NC(=O)[C@H](Cc1c[nH]c2ccccc12)NC(=O)OC(C)(C)C,7.6020599913279625
CHEMBL3143025,CHEMBL298,Cholecystokinin B receptor,IC50,=,31.0,nM,CHEMBL656249,B,Displacement of [125I]- BH-CCK-8 from Cholecystokinin type B receptor of guinea pig cortex,CHEMBL1129989,P32239,Cholecystokinin B receptor,IC50,CC(C)(C)OC(=O)N[C@@H](Cc1c[nH]c2ccccc12)C(=O)N[C@@H](CCCCNC(=O)Nc1ccc([N+](=O)[O-])cc1)C(=O)N[C@@H](CC(=O)O)C(=O)N[C@@H](Cc1ccccc1)C(N)=O,7.508638306165727
CHEMBL3142906,CHEMBL298,Cholecystokinin B receptor,IC50,=,3100.0,nM,CHEMBL656249,B,Displacement of [125I]- BH-CCK-8 from Cholecystokinin type B receptor of guinea pig cortex,CHEMBL1129989,P32239,Cholecystokinin B receptor,IC50,COC(=O)c1ccccc1NC(=O)NCCCC[C@H](NC(=O)[C@H](Cc1c[nH]c2ccccc12)NC(=O)OC(C)(C)C)C(=O)N[C@@H](CC(=O)O)C(=O)N[C@@H](Cc1ccccc1)C(N)=O,5.508638306165727
CHEMBL3142912,CHEMBL298,Cholecystokinin B receptor,IC50,=,1200.0,nM,CHEMBL656249,B,Displacement of [125I]- BH-CCK-8 from Cholecystokinin type B receptor of guinea pig cortex,CHEMBL1129989,P32239,Cholecystokinin B receptor,IC50,CC(C)(C)OC(=O)N[C@@H](Cc1c[nH]c2ccccc12)C(=O)N[C@@H](CCCCNC(=O)Nc1cccc([N+](=O)[O-])c1)C(=O)N[C@@H](CC(=O)O)C(=O)N[C@@H](Cc1ccccc1)C(N)=O,5.920818753952375
CHEMBL320868,CHEMBL298,Cholecystokinin B receptor,IC50,=,1400.0,nM,CHEMBL656249,B,Displacement of [125I]- BH-CCK-8 from Cholecystokinin type B receptor of guinea pig cortex,CHEMBL1129989,P32239,Cholecystokinin B receptor,IC50,Cc1ccccc1NC(=O)NCCCC[C@H](NC(=O)[C@H](Cc1c[nH]c2ccccc12)NC(=O)OC(C)(C)C)C(=O)N[C@@H](CC(=O)O)C(=O)N[C@@H](Cc1ccccc1)C(N)=O,5.853871964321762
CHEMBL262767,CHEMBL298,Cholecystokinin B receptor,IC50,=,1200.0,nM,CHEMBL656249,B,Displacement of [125I]- BH-CCK-8 from Cholecystokinin type B receptor of guinea pig cortex,CHEMBL1129989,P32239,Cholecystokinin B receptor,IC50,Cc1ccc(NC(=O)NCCCC[C@H](NC(=O)[C@H](Cc2c[nH]c3ccccc23)NC(=O)OC(C)(C)C)C(=O)N[C@@H](CC(=O)O)C(=O)N[C@@H](Cc2ccccc2)C(N)=O)cc1,5.920818753952375
CHEMBL3142899,CHEMBL298,Cholecystokinin B receptor,IC50,=,1100.0,nM,CHEMBL656249,B,Displacement of [125I]- BH-CCK-8 from Cholecystokinin type B receptor of guinea pig cortex,CHEMBL1129989,P32239,Cholecystokinin B receptor,IC50,CC(=O)c1cccc(NC(=O)NCCCC[C@H](NC(=O)[C@H](Cc2c[nH]c3ccccc23)NC(=O)OC(C)(C)C)C(=O)N[C@@H](CC(=O)O)C(=O)N[C@@H](Cc2ccccc2)C(N)=O)c1,5.958607314841775
CHEMBL98468,CHEMBL298,Cholecystokinin B receptor,IC50,=,1900.0,nM,CHEMBL656249,B,Displacement of [125I]- BH-CCK-8 from Cholecystokinin type B receptor of guinea pig cortex,CHEMBL1129989,P32239,Cholecystokinin B receptor,IC50,Cc1cccc(NC(=O)NCCCC[C@H](NC(=O)[C@H](Cc2c[nH]c3ccccc23)NC(=O)OC(C)(C)C)C(=O)N[C@@H](CC(=O)O)C(=O)N[C@@H](Cc2ccccc2)C(N)=O)c1,5.721246399047171
CHEMBL3142924,CHEMBL298,Cholecystokinin B receptor,IC50,=,750.0,nM,CHEMBL656249,B,Displacement of [125I]- BH-CCK-8 from Cholecystokinin type B receptor of guinea pig cortex,CHEMBL1129989,P32239,Cholecystokinin B receptor,IC50,COc1ccc(NC(=O)NCCCC[C@H](NC(=O)[C@H](Cc2c[nH]c3ccccc23)NC(=O)OC(C)(C)C)C(=O)N[C@@H](CC(=O)O)C(=O)N[C@@H](Cc2ccccc2)C(N)=O)cc1,6.1249387366083
CHEMBL3142923,CHEMBL298,Cholecystokinin B receptor,IC50,=,1400.0,nM,CHEMBL656249,B,Displacement of [125I]- BH-CCK-8 from Cholecystokinin type B receptor of guinea pig cortex,CHEMBL1129989,P32239,Cholecystokinin B receptor,IC50,COc1cccc(NC(=O)NCCCC[C@H](NC(=O)[C@H](Cc2c[nH]c3ccccc23)NC(=O)OC(C)(C)C)C(=O)N[C@@H](CC(=O)O)C(=O)N[C@@H](Cc2ccccc2)C(N)=O)c1,5.853871964321762
CHEMBL100609,CHEMBL298,Cholecystokinin B receptor,IC50,=,3400.0,nM,CHEMBL656249,B,Displacement of [125I]- BH-CCK-8 from Cholecystokinin type B receptor of guinea pig cortex,CHEMBL1129989,P32239,Cholecystokinin B receptor,IC50,COc1ccccc1NC(=O)NCCCC[C@H](NC(=O)[C@H](Cc1c[nH]c2ccccc12)NC(=O)OC(C)(C)C)C(=O)N[C@@H](CC(=O)O)C(=O)N[C@@H](Cc1ccccc1)C(N)=O,5.468521082957745
CHEMBL3142898,CHEMBL298,Cholecystokinin B receptor,IC50,=,12.0,nM,CHEMBL656249,B,Displacement of [125I]- BH-CCK-8 from Cholecystokinin type B receptor of guinea pig cortex,CHEMBL1129989,P32239,Cholecystokinin B receptor,IC50,CC(=O)c1ccc(NC(=O)NCCCC[C@H](NC(=O)[C@H](Cc2c[nH]c3ccccc23)NC(=O)OC(C)(C)C)C(=O)N[C@@H](CC(=O)O)C(=O)N[C@@H](Cc2ccccc2)C(N)=O)cc1,7.920818753952375
CHEMBL3142905,CHEMBL298,Cholecystokinin B receptor,IC50,=,1000.0,nM,CHEMBL656249,B,Displacement of [125I]- BH-CCK-8 from Cholecystokinin type B receptor of guinea pig cortex,CHEMBL1129989,P32239,Cholecystokinin B receptor,IC50,COC(=O)c1cccc(NC(=O)NCCCC[C@H](NC(=O)[C@H](Cc2c[nH]c3ccccc23)NC(=O)OC(C)(C)C)C(=O)N[C@@H](CC(=O)O)C(=O)N[C@@H](Cc2ccccc2)C(N)=O)c1,6.0
CHEMBL3142903,CHEMBL298,Cholecystokinin B receptor,IC50,=,820.0,nM,CHEMBL656249,B,Displacement of [125I]- BH-CCK-8 from Cholecystokinin type B receptor of guinea pig cortex,CHEMBL1129989,P32239,Cholecystokinin B receptor,IC50,CC(C)(C)OC(=O)N[C@@H](Cc1c[nH]c2ccccc12)C(=O)N[C@@H](CCCCNC(=O)Nc1ccccc1[N+](=O)[O-])C(=O)N[C@@H](CC(=O)O)C(=O)N[C@@H](Cc1ccccc1)C(N)=O,6.086186147616283
CHEMBL3142904,CHEMBL298,Cholecystokinin B receptor,IC50,=,150.0,nM,CHEMBL656249,B,Displacement of [125I]- BH-CCK-8 from Cholecystokinin type B receptor of guinea pig cortex,CHEMBL1129989,P32239,Cholecystokinin B receptor,IC50,COC(=O)c1ccc(NC(=O)NCCCC[C@H](NC(=O)[C@H](Cc2c[nH]c3ccccc23)NC(=O)OC(C)(C)C)C(=O)N[C@@H](CC(=O)O)C(=O)N[C@@H](Cc2ccccc2)C(N)=O)cc1,6.823908740944319
CHEMBL168263,CHEMBL298,Cholecystokinin B receptor,IC50,=,0.2,nM,CHEMBL662572,B,Inhibition of [125 I]BH CCK-8S binding to Cholecystokinin type B receptor in guinea pig cortical membranes,CHEMBL1129488,P32239,Cholecystokinin B receptor,IC50,CN1C(=O)[C@H](NC(=O)Nc2cccc(Nc3nn[nH]n3)c2)N=C(C2CCCCC2)c2ccccc21,9.698970004336019
CHEMBL284976,CHEMBL298,Cholecystokinin B receptor,IC50,=,11.0,nM,CHEMBL682555,B,Inhibitory activity against gastrin receptor.,CHEMBL1129101,P32239,Cholecystokinin B receptor,IC50,CN1C(=O)[C@H](NC(=O)Nc2cccc(COC(=O)NCC(=O)NCCCOc3cccc(CN4CCCCC4)c3)c2)N=C(c2ccccc2)c2ccccc21,7.958607314841775
CHEMBL285719,CHEMBL298,Cholecystokinin B receptor,IC50,=,9.0,nM,CHEMBL682555,B,Inhibitory activity against gastrin receptor.,CHEMBL1129101,P32239,Cholecystokinin B receptor,IC50,CN1C(=O)[C@H](NC(=O)Nc2cccc(COC(=O)NCCCN3CCN(C(=O)CNCCCOc4cccc(CN5CCCCC5)c4)CC3)c2)N=C(c2ccccc2)c2ccccc21,8.045757490560675
CHEMBL170275,CHEMBL298,Cholecystokinin B receptor,IC50,=,1.1,nM,CHEMBL662572,B,Inhibition of [125 I]BH CCK-8S binding to Cholecystokinin type B receptor in guinea pig cortical membranes,CHEMBL1129488,P32239,Cholecystokinin B receptor,IC50,Cc1ccc(NC(=O)N[C@@H]2N=C(c3ccccc3)c3ccccc3N(C)C2=O)cc1Nc1nn[nH]n1,8.958607314841775
CHEMBL285995,CHEMBL298,Cholecystokinin B receptor,IC50,=,37.0,nM,CHEMBL682555,B,Inhibitory activity against gastrin receptor.,CHEMBL1129101,P32239,Cholecystokinin B receptor,IC50,CN1C(=O)[C@H](NC(=O)Nc2cccc(CCOC(=O)NCCCNCCSCc3csc(C=C(N)N)n3)c2)N=C(c2ccccc2)c2ccccc21,7.431798275933005
CHEMBL9387,CHEMBL298,Cholecystokinin B receptor,IC50,=,8.5,nM,CHEMBL662572,B,Inhibition of [125 I]BH CCK-8S binding to Cholecystokinin type B receptor in guinea pig cortical membranes,CHEMBL1129488,P32239,Cholecystokinin B receptor,IC50,Cc1cccc(NC(=O)N[C@@H]2N=C(c3ccccc3)c3ccccc3N(C)C2=O)c1,8.070581074285707
CHEMBL169362,CHEMBL298,Cholecystokinin B receptor,IC50,=,5.7,nM,CHEMBL662572,B,Inhibition of [125 I]BH CCK-8S binding to Cholecystokinin type B receptor in guinea pig cortical membranes,CHEMBL1129488,P32239,Cholecystokinin B receptor,IC50,CN1C(=O)[C@H](NC(=O)Nc2cccc(Nc3nn[nH]n3)c2)N=C(c2ccccc2)c2ccccc21,8.244125144327509
CHEMBL33398,CHEMBL298,Cholecystokinin B receptor,IC50,=,19.0,nM,CHEMBL682555,B,Inhibitory activity against gastrin receptor.,CHEMBL1129101,P32239,Cholecystokinin B receptor,IC50,CN1C(=O)[C@H](NC(=O)Nc2cccc(COC(=O)NCCNC(=O)CC(=O)NCCCOc3cccc(CN4CCCCC4)c3)c2)N=C(c2ccccc2)c2ccccc21,7.721246399047171
CHEMBL284975,CHEMBL298,Cholecystokinin B receptor,IC50,=,27.0,nM,CHEMBL682555,B,Inhibitory activity against gastrin receptor.,CHEMBL1129101,P32239,Cholecystokinin B receptor,IC50,CN1C(=O)[C@H](NC(=O)Nc2cccc(CCOC(=O)NCCC(=O)NCCCOc3cccc(CN4CCCCC4)c3)c2)N=C(c2ccccc2)c2ccccc21,7.568636235841012
CHEMBL2110201,CHEMBL298,Cholecystokinin B receptor,IC50,=,0.074,nM,CHEMBL662572,B,Inhibition of [125 I]BH CCK-8S binding to Cholecystokinin type B receptor in guinea pig cortical membranes,CHEMBL1129488,P32239,Cholecystokinin B receptor,IC50,Cc1ccc(NC(=O)N[C@@H]2N=C(C3CCCCC3)c3ccccc3N(C)C2=O)cc1Nc1nn[nH]n1,10.130768280269024
CHEMBL432671,CHEMBL298,Cholecystokinin B receptor,IC50,=,4.0,nM,CHEMBL682555,B,Inhibitory activity against gastrin receptor.,CHEMBL1129101,P32239,Cholecystokinin B receptor,IC50,CN1C(=O)[C@H](NC(=O)Nc2cccc(COC(=O)NCNC(=O)CC(=O)NCCSCc3csc(C=C(N)N)n3)c2)N=C(c2ccccc2)c2ccccc21,8.397940008672037
CHEMBL168903,CHEMBL298,Cholecystokinin B receptor,IC50,=,7.5,nM,CHEMBL662572,B,Inhibition of [125 I]BH CCK-8S binding to Cholecystokinin type B receptor in guinea pig cortical membranes,CHEMBL1129488,P32239,Cholecystokinin B receptor,IC50,CN1C(=O)[C@H](NC(=O)Nc2cccc(CNc3nn[nH]n3)c2)N=C(c2ccccc2)c2ccccc21,8.1249387366083
CHEMBL2093059,CHEMBL298,Cholecystokinin B receptor,IC50,=,0.054,nM,CHEMBL662572,B,Inhibition of [125 I]BH CCK-8S binding to Cholecystokinin type B receptor in guinea pig cortical membranes,CHEMBL1129488,P32239,Cholecystokinin B receptor,IC50,CN1C(=O)[C@H](NC(=O)Nc2cccc(N(C)c3nn[nH]n3)c2)N=C(C2CCCCC2)c2ccccc21,10.267606240177031
CHEMBL9387,CHEMBL298,Cholecystokinin B receptor,IC50,=,4.0,nM,CHEMBL682555,B,Inhibitory activity against gastrin receptor.,CHEMBL1129101,P32239,Cholecystokinin B receptor,IC50,Cc1cccc(NC(=O)N[C@@H]2N=C(c3ccccc3)c3ccccc3N(C)C2=O)c1,8.397940008672037
CHEMBL166941,CHEMBL298,Cholecystokinin B receptor,IC50,=,0.11,nM,CHEMBL662572,B,Inhibition of [125 I]BH CCK-8S binding to Cholecystokinin type B receptor in guinea pig cortical membranes,CHEMBL1129488,P32239,Cholecystokinin B receptor,IC50,CN1C(=O)[C@H](NC(=O)Nc2ccc3c(c2)N(c2nn[nH]n2)CC3)N=C(c2ccccc2)c2ccccc21,9.958607314841775
CHEMBL290122,CHEMBL298,Cholecystokinin B receptor,IC50,=,23.0,nM,CHEMBL682555,B,Inhibitory activity against gastrin receptor.,CHEMBL1129101,P32239,Cholecystokinin B receptor,IC50,CN1C(=O)[C@H](NC(=O)Nc2cccc(CCOC(=O)NCCCC(=O)NCCCOc3cccc(CN4CCCCC4)c3)c2)N=C(c2ccccc2)c2ccccc21,7.638272163982407
CHEMBL168253,CHEMBL298,Cholecystokinin B receptor,IC50,=,0.3,nM,CHEMBL662572,B,Inhibition of [125 I]BH CCK-8S binding to Cholecystokinin type B receptor in guinea pig cortical membranes,CHEMBL1129488,P32239,Cholecystokinin B receptor,IC50,Cc1ccc(NC(=O)N[C@@H]2N=C(C3CCCCC3)c3ccccc3N(C)C2=O)cc1N(C)c1nn[nH]n1,9.522878745280337
CHEMBL287295,CHEMBL298,Cholecystokinin B receptor,IC50,=,220.0,nM,CHEMBL682555,B,Inhibitory activity against gastrin receptor.,CHEMBL1129101,P32239,Cholecystokinin B receptor,IC50,Cc1cccc(NC(=O)N[C@@H]2N=C(c3cccc(OC(=O)NCCCC(=O)NCCCOc4cccc(CN5CCCCC5)c4)c3)c3ccccc3N(C)C2=O)c1,6.657577319177793
CHEMBL353509,CHEMBL298,Cholecystokinin B receptor,IC50,=,20.0,nM,CHEMBL662572,B,Inhibition of [125 I]BH CCK-8S binding to Cholecystokinin type B receptor in guinea pig cortical membranes,CHEMBL1129488,P32239,Cholecystokinin B receptor,IC50,Cc1ccc(NC(=O)N[C@@H]2N=C(c3ccccc3)c3ccccc3N(C)C2=O)cc1N(C)c1nn[nH]n1,7.698970004336019
CHEMBL33743,CHEMBL298,Cholecystokinin B receptor,IC50,=,135.0,nM,CHEMBL682555,B,Inhibitory activity against gastrin receptor.,CHEMBL1129101,P32239,Cholecystokinin B receptor,IC50,Cc1cccc(NC(=O)N[C@@H]2N=C(c3ccccc3)c3ccccc3N(CCOC(=O)NCCCC(=O)NCCCOc3cccc(CN4CCCCC4)c3)C2=O)c1,6.8696662315049934
CHEMBL282175,CHEMBL298,Cholecystokinin B receptor,IC50,=,17.0,nM,CHEMBL682555,B,Inhibitory activity against gastrin receptor.,CHEMBL1129101,P32239,Cholecystokinin B receptor,IC50,Cc1cccc(NC(=O)N[C@@H]2N=C(c3ccccc3)c3ccccc3N(CCOC(=O)NCCCC(=O)NCCSCc3csc(C=C(N)N)n3)C2=O)c1,7.769551078621726
CHEMBL2110202,CHEMBL298,Cholecystokinin B receptor,IC50,=,0.28,nM,CHEMBL662572,B,Inhibition of [125 I]BH CCK-8S binding to Cholecystokinin type B receptor in guinea pig cortical membranes,CHEMBL1129488,P32239,Cholecystokinin B receptor,IC50,CN1C(=O)[C@H](NC(=O)Nc2cccc(CNc3nn[nH]n3)c2)N=C(C2CCCCC2)c2ccccc21,9.55284196865778
CHEMBL33698,CHEMBL298,Cholecystokinin B receptor,IC50,=,26.0,nM,CHEMBL682555,B,Inhibitory activity against gastrin receptor.,CHEMBL1129101,P32239,Cholecystokinin B receptor,IC50,CN1C(=O)[C@H](NC(=O)Nc2cccc(COC(=O)NCCCC(=O)NCCCOc3cccc(CN4CCCCC4)c3)c2)N=C(c2ccccc2)c2ccccc21,7.585026652029182
CHEMBL33412,CHEMBL298,Cholecystokinin B receptor,IC50,=,7.0,nM,CHEMBL682555,B,Inhibitory activity against gastrin receptor.,CHEMBL1129101,P32239,Cholecystokinin B receptor,IC50,CN1C(=O)[C@H](NC(=O)Nc2cccc(COC(=O)NCCN3CCN(C(=O)CNCCCOc4cccc(CN5CCCCC5)c4)CC3)c2)N=C(c2ccccc2)c2ccccc21,8.154901959985743
CHEMBL22003,CHEMBL298,Cholecystokinin B receptor,IC50,=,0.58,nM,CHEMBL662572,B,Inhibition of [125 I]BH CCK-8S binding to Cholecystokinin type B receptor in guinea pig cortical membranes,CHEMBL1129488,P32239,Cholecystokinin B receptor,IC50,CN1C(=O)[C@H](NC(=O)Nc2cccc(N(C)c3nn[nH]n3)c2)N=C(c2ccccc2)c2ccccc21,9.236572006437063
CHEMBL406844,CHEMBL298,Cholecystokinin B receptor,IC50,=,36.0,nM,CHEMBL682555,B,Inhibitory activity against gastrin receptor.,CHEMBL1129101,P32239,Cholecystokinin B receptor,IC50,CN1C(=O)[C@H](NC(=O)Nc2cccc(COC(=O)NCCC(=O)NCCCOc3cccc(CN4CCCCC4)c3)c2)N=C(c2ccccc2)c2ccccc21,7.443697499232712
CHEMBL2370879,CHEMBL298,Cholecystokinin B receptor,IC50,=,750.0,nM,CHEMBL662570,B,Compound was tested for its inhibitory activity in cortical cholecystokinin type B receptor in guinea pig,CHEMBL1125749,P32239,Cholecystokinin B receptor,IC50,CC(C)(C)OC(=O)N[C@@H](Cc1c[nH]c2ccccc12)C(=O)N1CCC[C@H]1C(=O)N[C@@H](CC(=O)O)C(=O)N[C@@H](Cc1ccccc1)C(N)=O,6.1249387366083
CHEMBL289284,CHEMBL298,Cholecystokinin B receptor,IC50,=,22700.0,nM,CHEMBL656243,B,In vitro binding for half maximal inhibition of [125I]- cholecystokinin type B receptor in guinea pig cortex,CHEMBL1127521,P32239,Cholecystokinin B receptor,IC50,CN(C(=O)[C@H](CCCCNC(=O)/C=C/c1cccnc1)NC(=O)C(Cc1c[nH]c2ccccc12)NC(=O)OC(C)(C)C)[C@@H](CC(=O)O)C(=O)N(C)[C@@H](Cc1ccccc1)C(N)=O,4.6439741428068775
CHEMBL3143186,CHEMBL298,Cholecystokinin B receptor,IC50,=,1.9,nM,CHEMBL662570,B,Compound was tested for its inhibitory activity in cortical cholecystokinin type B receptor in guinea pig,CHEMBL1125749,P32239,Cholecystokinin B receptor,IC50,CCC[C@@H]1CCN(C(=O)[C@H](Cc2c[nH]c3ccccc23)NC(=O)OC(C)(C)C)[C@@H]1C(=O)N[C@@H](CC(=O)O)C(=O)N[C@@H](Cc1ccccc1)C(N)=O,8.721246399047171
CHEMBL64605,CHEMBL298,Cholecystokinin B receptor,IC50,=,25.0,nM,CHEMBL662570,B,Compound was tested for its inhibitory activity in cortical cholecystokinin type B receptor in guinea pig,CHEMBL1125749,P32239,Cholecystokinin B receptor,IC50,CSCC[C@H](NC(=O)[C@H](Cc1c[nH]c2ccccc12)NC(=O)OC(C)(C)C)C(=O)N[C@@H](CC(=O)O)C(=O)N[C@@H](Cc1ccccc1)C(N)=O,7.6020599913279625
CHEMBL169054,CHEMBL298,Cholecystokinin B receptor,IC50,=,65.0,nM,CHEMBL662570,B,Compound was tested for its inhibitory activity in cortical cholecystokinin type B receptor in guinea pig,CHEMBL1125749,P32239,Cholecystokinin B receptor,IC50,CCCC[C@H](NC(=O)[C@H](Cc1c[nH]c2ccccc12)NC(=O)OC(C)(C)C)C(=O)N[C@@H](CC(=O)O)C(=O)N[C@@H](Cc1ccccc1)C(N)=O,7.187086643357144
CHEMBL333299,CHEMBL298,Cholecystokinin B receptor,IC50,=,3840.0,nM,CHEMBL662570,B,Compound was tested for its inhibitory activity in cortical cholecystokinin type B receptor in guinea pig,CHEMBL1125749,P32239,Cholecystokinin B receptor,IC50,C[C@H](NC(=O)[C@H](Cc1c[nH]c2ccccc12)NC(=O)OC(C)(C)C)C(=O)N[C@@H](CC(=O)O)C(=O)N[C@@H](Cc1ccccc1)C(N)=O,5.415668775632469
CHEMBL322381,CHEMBL298,Cholecystokinin B receptor,IC50,=,38.0,nM,CHEMBL652235,B,Inhibitory activity against cholecystokinin-B (CCK-B) receptor in cortex of male hartley guinea pig.,CHEMBL1151044,P32239,Cholecystokinin B receptor,IC50,CCc1cccc(NC(=O)N[C@@H]2C[C@H](c3ccccc3C)C[C@H](c3ccccc3)N(CC(=O)NC3(C)CCCCC3)C2=O)c1,7.42021640338319
CHEMBL320821,CHEMBL298,Cholecystokinin B receptor,IC50,=,28.0,nM,CHEMBL652235,B,Inhibitory activity against cholecystokinin-B (CCK-B) receptor in cortex of male hartley guinea pig.,CHEMBL1151044,P32239,Cholecystokinin B receptor,IC50,Cc1cccc(NC(=O)N[C@@H]2C[C@H](c3ccccc3C)C[C@H](c3ccccc3)N(CC(=O)Nc3ccccc3Cl)C2=O)c1,7.552841968657781
CHEMBL9387,CHEMBL298,Cholecystokinin B receptor,IC50,=,8.1,nM,CHEMBL652235,B,Inhibitory activity against cholecystokinin-B (CCK-B) receptor in cortex of male hartley guinea pig.,CHEMBL1151044,P32239,Cholecystokinin B receptor,IC50,Cc1cccc(NC(=O)N[C@@H]2N=C(c3ccccc3)c3ccccc3N(C)C2=O)c1,8.09151498112135
CHEMBL327526,CHEMBL298,Cholecystokinin B receptor,IC50,=,16.0,nM,CHEMBL652235,B,Inhibitory activity against cholecystokinin-B (CCK-B) receptor in cortex of male hartley guinea pig.,CHEMBL1151044,P32239,Cholecystokinin B receptor,IC50,Cc1cccc(NC(=O)N[C@@H]2C[C@H](c3ccccc3)C[C@H](c3ccccc3)N(CC(=O)NC(C)(C)C)C2=O)c1,7.795880017344075
CHEMBL321752,CHEMBL298,Cholecystokinin B receptor,IC50,=,453.0,nM,CHEMBL652235,B,Inhibitory activity against cholecystokinin-B (CCK-B) receptor in cortex of male hartley guinea pig.,CHEMBL1151044,P32239,Cholecystokinin B receptor,IC50,Cc1cccc(NC(=O)N[C@@H]2C[C@H](c3ccccc3C)C[C@H](c3ccccc3)N(CC(=O)NC(C(C)(C)C)C(C)(C)C)C2=O)c1,6.343901797987169
CHEMBL330197,CHEMBL298,Cholecystokinin B receptor,IC50,=,203.0,nM,CHEMBL652235,B,Inhibitory activity against cholecystokinin-B (CCK-B) receptor in cortex of male hartley guinea pig.,CHEMBL1151044,P32239,Cholecystokinin B receptor,IC50,Cc1cccc(NC(=O)N[C@@H]2C[C@H](c3ccccc3)C[C@H](c3ccc(F)cc3)N(CC(=O)NC(C)(C)C)C2=O)c1,6.692503962086787
CHEMBL9506,CHEMBL298,Cholecystokinin B receptor,IC50,=,245.0,nM,CHEMBL656247,B,Inhibition of Cholecystokinin type B receptor induced guinea pig gall bladder contractions when given intravenously,CHEMBL1135683,P32239,Cholecystokinin B receptor,IC50,CN1C(=O)[C@@H](NC(=O)c2cc3ccccc3[nH]2)N=C(c2ccccc2)c2ccccc21,6.610833915635467
CHEMBL329735,CHEMBL298,Cholecystokinin B receptor,IC50,=,134.0,nM,CHEMBL652235,B,Inhibitory activity against cholecystokinin-B (CCK-B) receptor in cortex of male hartley guinea pig.,CHEMBL1151044,P32239,Cholecystokinin B receptor,IC50,Cc1cccc(NC(=O)N[C@@H]2C[C@H](c3ccccc3C)C[C@H](c3ccccc3)N(CC(=O)NC3(C)CCCCC3)C2=O)c1,6.872895201635192
CHEMBL99311,CHEMBL298,Cholecystokinin B receptor,IC50,=,117.0,nM,CHEMBL652235,B,Inhibitory activity against cholecystokinin-B (CCK-B) receptor in cortex of male hartley guinea pig.,CHEMBL1151044,P32239,Cholecystokinin B receptor,IC50,Cc1ccccc1[C@@H]1C[C@H](c2ccccc2)N(CC(=O)NC(C)(C)C)C(=O)[C@H](NC(=O)Nc2ccc(Cl)cc2)C1,6.931814138253838
CHEMBL318024,CHEMBL298,Cholecystokinin B receptor,IC50,=,40.0,nM,CHEMBL652235,B,Inhibitory activity against cholecystokinin-B (CCK-B) receptor in cortex of male hartley guinea pig.,CHEMBL1151044,P32239,Cholecystokinin B receptor,IC50,Cc1ccc(NC(=O)CN2C(=O)[C@H](NC(=O)Nc3cccc(C)c3)C[C@H](c3ccccc3C)C[C@@H]2c2ccccc2)cc1,7.3979400086720375
CHEMBL319748,CHEMBL298,Cholecystokinin B receptor,IC50,=,28.0,nM,CHEMBL652235,B,Inhibitory activity against cholecystokinin-B (CCK-B) receptor in cortex of male hartley guinea pig.,CHEMBL1151044,P32239,Cholecystokinin B receptor,IC50,Cc1ccccc1[C@@H]1C[C@H](c2ccccc2)N(CC(=O)NC(C)(C)C)C(=O)[C@H](NC(=O)Nc2cccc(C(F)(F)F)c2)C1,7.552841968657781
CHEMBL317366,CHEMBL298,Cholecystokinin B receptor,IC50,=,278.0,nM,CHEMBL652235,B,Inhibitory activity against cholecystokinin-B (CCK-B) receptor in cortex of male hartley guinea pig.,CHEMBL1151044,P32239,Cholecystokinin B receptor,IC50,Cc1cccc(NC(=O)N[C@@H]2C[C@H](c3ccccc3C)C[C@H](c3ccccc3)N(CC(=O)Nc3ccc(Cl)cc3)C2=O)c1,6.555955204081924
CHEMBL319986,CHEMBL298,Cholecystokinin B receptor,IC50,=,31.0,nM,CHEMBL652235,B,Inhibitory activity against cholecystokinin-B (CCK-B) receptor in cortex of male hartley guinea pig.,CHEMBL1151044,P32239,Cholecystokinin B receptor,IC50,Cc1cccc(NC(=O)N[C@@H]2C[C@H](c3ccccc3)C[C@H](c3cccc(F)c3)N(CC(=O)NC(C)(C)C)C2=O)c1,7.508638306165727
CHEMBL95209,CHEMBL298,Cholecystokinin B receptor,IC50,=,65.0,nM,CHEMBL652235,B,Inhibitory activity against cholecystokinin-B (CCK-B) receptor in cortex of male hartley guinea pig.,CHEMBL1151044,P32239,Cholecystokinin B receptor,IC50,Cc1cccc(NC(=O)N[C@@H]2C[C@H](c3ccc(F)cc3)C[C@H](c3ccccc3)N(CC(=O)NC(C)(C)C)C2=O)c1,7.187086643357144
CHEMBL96970,CHEMBL298,Cholecystokinin B receptor,IC50,=,527.0,nM,CHEMBL652235,B,Inhibitory activity against cholecystokinin-B (CCK-B) receptor in cortex of male hartley guinea pig.,CHEMBL1151044,P32239,Cholecystokinin B receptor,IC50,Cc1cccc(NC(=O)N[C@@H]2C[C@H](c3ccccc3C)C[C@H](c3ccccc3)N(CC(=O)NC(C)(C)C)C2=O)c1,6.278189384787453
CHEMBL319882,CHEMBL298,Cholecystokinin B receptor,IC50,=,10.0,nM,CHEMBL652235,B,Inhibitory activity against cholecystokinin-B (CCK-B) receptor in cortex of male hartley guinea pig.,CHEMBL1151044,P32239,Cholecystokinin B receptor,IC50,Cc1ccccc1[C@@H]1C[C@H](c2ccccc2)N(CC(=O)NC(C)(C)C)C(=O)[C@H](NC(=O)Nc2cccc([N+](=O)[O-])c2)C1,8.0
CHEMBL96970,CHEMBL298,Cholecystokinin B receptor,IC50,=,7.8,nM,CHEMBL652235,B,Inhibitory activity against cholecystokinin-B (CCK-B) receptor in cortex of male hartley guinea pig.,CHEMBL1151044,P32239,Cholecystokinin B receptor,IC50,Cc1cccc(NC(=O)N[C@@H]2C[C@H](c3ccccc3C)C[C@H](c3ccccc3)N(CC(=O)NC(C)(C)C)C2=O)c1,8.10790539730952
CHEMBL327496,CHEMBL298,Cholecystokinin B receptor,IC50,=,36.0,nM,CHEMBL652235,B,Inhibitory activity against cholecystokinin-B (CCK-B) receptor in cortex of male hartley guinea pig.,CHEMBL1151044,P32239,Cholecystokinin B receptor,IC50,Cc1ccccc1[C@@H]1C[C@H](c2ccccc2)N(CC(=O)NC(C)(C)C)C(=O)[C@H](NC(=O)Nc2cccc(F)c2)C1,7.443697499232712
CHEMBL316504,CHEMBL298,Cholecystokinin B receptor,IC50,=,141.0,nM,CHEMBL652235,B,Inhibitory activity against cholecystokinin-B (CCK-B) receptor in cortex of male hartley guinea pig.,CHEMBL1151044,P32239,Cholecystokinin B receptor,IC50,Cc1cccc(NC(=O)N[C@@H]2C[C@H](c3ccccc3)C[C@H](c3cccc(C)c3)N(CC(=O)NC(C)(C)C)C2=O)c1,6.85078088734462
CHEMBL319504,CHEMBL298,Cholecystokinin B receptor,IC50,=,190.0,nM,CHEMBL652235,B,Inhibitory activity against cholecystokinin-B (CCK-B) receptor in cortex of male hartley guinea pig.,CHEMBL1151044,P32239,Cholecystokinin B receptor,IC50,Cc1ccc([C@@H]2C[C@H](c3ccccc3)N(CC(=O)NC(C)(C)C)C(=O)[C@H](NC(=O)Nc3cccc(C)c3)C2)cc1,6.721246399047171
CHEMBL319569,CHEMBL298,Cholecystokinin B receptor,IC50,=,80.0,nM,CHEMBL652235,B,Inhibitory activity against cholecystokinin-B (CCK-B) receptor in cortex of male hartley guinea pig.,CHEMBL1151044,P32239,Cholecystokinin B receptor,IC50,Cc1cccc(NC(=O)N[C@@H]2C[C@H](c3ccccc3C)C[C@H](c3ccccc3)N(CC(=O)NC(C)C)C2=O)c1,7.096910013008056
CHEMBL96970,CHEMBL298,Cholecystokinin B receptor,IC50,=,6.8,nM,CHEMBL652235,B,Inhibitory activity against cholecystokinin-B (CCK-B) receptor in cortex of male hartley guinea pig.,CHEMBL1151044,P32239,Cholecystokinin B receptor,IC50,Cc1cccc(NC(=O)N[C@@H]2C[C@H](c3ccccc3C)C[C@H](c3ccccc3)N(CC(=O)NC(C)(C)C)C2=O)c1,8.167491087293763
CHEMBL317615,CHEMBL298,Cholecystokinin B receptor,IC50,=,71.0,nM,CHEMBL652235,B,Inhibitory activity against cholecystokinin-B (CCK-B) receptor in cortex of male hartley guinea pig.,CHEMBL1151044,P32239,Cholecystokinin B receptor,IC50,Cc1cccc(NC(=O)N[C@@H]2C[C@H](c3ccccc3C)C[C@H](c3ccccc3)N(CC(=O)Nc3ccccc3C)C2=O)c1,7.1487416512809245
CHEMBL414223,CHEMBL298,Cholecystokinin B receptor,IC50,=,79.0,nM,CHEMBL652235,B,Inhibitory activity against cholecystokinin-B (CCK-B) receptor in cortex of male hartley guinea pig.,CHEMBL1151044,P32239,Cholecystokinin B receptor,IC50,Cc1cccc(NC(=O)N[C@@H]2C[C@H](c3ccccc3C)C[C@H](c3ccccc3)N(CC(=O)Nc3cccc(Cl)c3)C2=O)c1,7.102372908709558
CHEMBL316619,CHEMBL298,Cholecystokinin B receptor,IC50,=,66.0,nM,CHEMBL652235,B,Inhibitory activity against cholecystokinin-B (CCK-B) receptor in cortex of male hartley guinea pig.,CHEMBL1151044,P32239,Cholecystokinin B receptor,IC50,Cc1cccc(NC(=O)N[C@@H]2C[C@H](c3cccc(C)c3)C[C@H](c3ccccc3)N(CC(=O)NC(C)(C)C)C2=O)c1,7.180456064458131
CHEMBL9387,CHEMBL298,Cholecystokinin B receptor,IC50,=,2.0,nM,CHEMBL656247,B,Inhibition of Cholecystokinin type B receptor induced guinea pig gall bladder contractions when given intravenously,CHEMBL1135683,P32239,Cholecystokinin B receptor,IC50,Cc1cccc(NC(=O)N[C@@H]2N=C(c3ccccc3)c3ccccc3N(C)C2=O)c1,8.698970004336019
CHEMBL97133,CHEMBL298,Cholecystokinin B receptor,IC50,=,25.0,nM,CHEMBL652235,B,Inhibitory activity against cholecystokinin-B (CCK-B) receptor in cortex of male hartley guinea pig.,CHEMBL1151044,P32239,Cholecystokinin B receptor,IC50,CCc1ccccc1[C@@H]1C[C@H](c2ccccc2)N(CC(=O)NC(C)(C)C)C(=O)[C@H](NC(=O)Nc2cccc(C)c2)C1,7.6020599913279625
CHEMBL99289,CHEMBL298,Cholecystokinin B receptor,IC50,=,28.0,nM,CHEMBL652235,B,Inhibitory activity against cholecystokinin-B (CCK-B) receptor in cortex of male hartley guinea pig.,CHEMBL1151044,P32239,Cholecystokinin B receptor,IC50,COc1ccccc1[C@@H]1C[C@H](c2ccccc2)N(CC(=O)NC(C)(C)C)C(=O)[C@H](NC(=O)Nc2cccc(C)c2)C1,7.552841968657781
CHEMBL95369,CHEMBL298,Cholecystokinin B receptor,IC50,=,560.0,nM,CHEMBL652235,B,Inhibitory activity against cholecystokinin-B (CCK-B) receptor in cortex of male hartley guinea pig.,CHEMBL1151044,P32239,Cholecystokinin B receptor,IC50,Cc1ccc([C@H]2C[C@@H](c3ccccc3)C[C@@H](NC(=O)Nc3cccc(C)c3)C(=O)N2CC(=O)NC(C)(C)C)cc1,6.251811972993799
CHEMBL329286,CHEMBL298,Cholecystokinin B receptor,IC50,=,87.0,nM,CHEMBL652235,B,Inhibitory activity against cholecystokinin-B (CCK-B) receptor in cortex of male hartley guinea pig.,CHEMBL1151044,P32239,Cholecystokinin B receptor,IC50,COc1ccc(NC(=O)N[C@@H]2C[C@H](c3ccccc3C)C[C@H](c3ccccc3)N(CC(=O)NC(C)(C)C)C2=O)cc1,7.060480747381382
CHEMBL319749,CHEMBL298,Cholecystokinin B receptor,IC50,=,450.0,nM,CHEMBL652235,B,Inhibitory activity against cholecystokinin-B (CCK-B) receptor in cortex of male hartley guinea pig.,CHEMBL1151044,P32239,Cholecystokinin B receptor,IC50,Cc1cccc(NC(=O)N[C@H]2C[C@H](c3ccccc3)C[C@H](c3ccccc3)N(CC(=O)NC(C)(C)C)C2=O)c1,6.346787486224656
CHEMBL321811,CHEMBL298,Cholecystokinin B receptor,IC50,=,3300.0,nM,CHEMBL657480,B,Inhibition of [125I]Bolton-Hunter CCK-8 binding to cholecystokinin type B receptor in guinea pig cerebral cortical.,CHEMBL1125805,P32239,Cholecystokinin B receptor,IC50,CCCCCN(CCCCC)C(=O)[C@@H](Cc1c[nH]c2ccccc12)NC(=O)c1cc(O)c2ccccc2n1,5.481486060122112
CHEMBL321265,CHEMBL298,Cholecystokinin B receptor,IC50,=,5600.0,nM,CHEMBL657480,B,Inhibition of [125I]Bolton-Hunter CCK-8 binding to cholecystokinin type B receptor in guinea pig cerebral cortical.,CHEMBL1125805,P32239,Cholecystokinin B receptor,IC50,CCCCCN(CCCCC)C(=O)[C@@H](Cc1c[nH]c2ccccc12)NC(=O)Nc1ccc(Cl)cc1,5.251811972993799
CHEMBL114926,CHEMBL298,Cholecystokinin B receptor,IC50,=,9200.0,nM,CHEMBL657480,B,Inhibition of [125I]Bolton-Hunter CCK-8 binding to cholecystokinin type B receptor in guinea pig cerebral cortical.,CHEMBL1125805,P32239,Cholecystokinin B receptor,IC50,CCOC(=O)CN(Cc1ccccc1)C(=O)[C@@H](Cc1c[nH]c2ccccc12)NC(=O)c1cnc2ccccc2c1,5.036212172654444
CHEMBL112622,CHEMBL298,Cholecystokinin B receptor,IC50,=,7600.0,nM,CHEMBL657480,B,Inhibition of [125I]Bolton-Hunter CCK-8 binding to cholecystokinin type B receptor in guinea pig cerebral cortical.,CHEMBL1125805,P32239,Cholecystokinin B receptor,IC50,CCCCCN(CCCCC)C(=O)[C@H](Cc1c[nH]c2ccc(F)cc12)NC(=O)c1cnc2ccccc2c1,5.119186407719209
CHEMBL324652,CHEMBL298,Cholecystokinin B receptor,IC50,=,100000.0,nM,CHEMBL657480,B,Inhibition of [125I]Bolton-Hunter CCK-8 binding to cholecystokinin type B receptor in guinea pig cerebral cortical.,CHEMBL1125805,P32239,Cholecystokinin B receptor,IC50,CCCCCN(CCCCC)C(=O)[C@@H](Cc1c[nH]c2ccccc12)NC(=O)c1ccc2ccccc2n1,4.0
CHEMBL320868,CHEMBL298,Cholecystokinin B receptor,IC50,=,1400.0,nM,CHEMBL656242,B,In vitro ability to inhibit [125I]Bolton-Hunter-CCK-8 binding to Cholecystokinin type B receptor in guinea pig cortex,CHEMBL1127624,P32239,Cholecystokinin B receptor,IC50,Cc1ccccc1NC(=O)NCCCC[C@H](NC(=O)[C@H](Cc1c[nH]c2ccccc12)NC(=O)OC(C)(C)C)C(=O)N[C@@H](CC(=O)O)C(=O)N[C@@H](Cc1ccccc1)C(N)=O,5.853871964321762
CHEMBL111837,CHEMBL298,Cholecystokinin B receptor,IC50,=,11000.0,nM,CHEMBL657480,B,Inhibition of [125I]Bolton-Hunter CCK-8 binding to cholecystokinin type B receptor in guinea pig cerebral cortical.,CHEMBL1125805,P32239,Cholecystokinin B receptor,IC50,CCCCCN(CCCCC)C(=O)[C@@H](Cc1c[nH]c2ccccc12)NC(=O)c1ccc2ccccc2c1,4.958607314841775
CHEMBL112612,CHEMBL298,Cholecystokinin B receptor,IC50,=,6300.0,nM,CHEMBL657480,B,Inhibition of [125I]Bolton-Hunter CCK-8 binding to cholecystokinin type B receptor in guinea pig cerebral cortical.,CHEMBL1125805,P32239,Cholecystokinin B receptor,IC50,CCCCCN(CCCCC)C(=O)C(Cc1c[nH]c2ccc(OCc3ccccc3)cc12)NC(=O)c1cnc2ccccc2c1,5.200659450546418
CHEMBL348346,CHEMBL298,Cholecystokinin B receptor,IC50,=,4250.0,nM,CHEMBL656242,B,In vitro ability to inhibit [125I]Bolton-Hunter-CCK-8 binding to Cholecystokinin type B receptor in guinea pig cortex,CHEMBL1127624,P32239,Cholecystokinin B receptor,IC50,CNC(=O)[C@H](Cc1ccccc1)NC(=O)[C@H](CC(=O)O)NC(=O)[C@H](CCCCNC(=O)Nc1ccccc1C)NC(=O)[C@H](Cc1c[nH]c2ccccc12)NC(=O)OC(C)(C)C,5.371611069949688
CHEMBL419585,CHEMBL298,Cholecystokinin B receptor,IC50,=,9700.0,nM,CHEMBL657480,B,Inhibition of [125I]Bolton-Hunter CCK-8 binding to cholecystokinin type B receptor in guinea pig cerebral cortical.,CHEMBL1125805,P32239,Cholecystokinin B receptor,IC50,CCCCCN(CCCCC)C(=O)[C@@H](Cc1c[nH]c2ccccc12)NC(=O)c1cccc2ccccc12,5.013228265733755
CHEMBL321761,CHEMBL298,Cholecystokinin B receptor,IC50,=,25.12,nM,CHEMBL661833,B,Tested for 50% displacement of [125I]CCK-8 from membrane preparation isolated from CHO-K1 cells stably transfected with the cDNA of human Cholecystokinin type B receptor,CHEMBL1150449,P32239,Cholecystokinin B receptor,IC50,CC(C)N(C(=O)CN1C(=O)C(NC(=O)Nc2ccccc2)C(=O)N(c2ccccc2)c2ccccc21)c1ccccc1,7.599980364934842
CHEMBL421778,CHEMBL298,Cholecystokinin B receptor,IC50,=,1584.89,nM,CHEMBL661833,B,Tested for 50% displacement of [125I]CCK-8 from membrane preparation isolated from CHO-K1 cells stably transfected with the cDNA of human Cholecystokinin type B receptor,CHEMBL1150449,P32239,Cholecystokinin B receptor,IC50,CC(C)N(C(=O)CN(C(=O)CNC(=O)Nc1ccccc1)c1ccccc1)c1ccccc1,5.800000874803203
CHEMBL146206,CHEMBL298,Cholecystokinin B receptor,IC50,=,10000.0,nM,CHEMBL661833,B,Tested for 50% displacement of [125I]CCK-8 from membrane preparation isolated from CHO-K1 cells stably transfected with the cDNA of human Cholecystokinin type B receptor,CHEMBL1150449,P32239,Cholecystokinin B receptor,IC50,CC(C)N(C(=O)CN(C(=O)[C@@H](CCC(=O)O)NC(=O)Nc1ccccc1)c1ccccc1)c1ccccc1,5.0
CHEMBL350222,CHEMBL298,Cholecystokinin B receptor,IC50,=,775.0,nM,CHEMBL656242,B,In vitro ability to inhibit [125I]Bolton-Hunter-CCK-8 binding to Cholecystokinin type B receptor in guinea pig cortex,CHEMBL1127624,P32239,Cholecystokinin B receptor,IC50,Cc1ccccc1NC(=O)N(C)CCCC[C@H](NC(=O)[C@H](Cc1c[nH]c2ccccc12)NC(=O)OC(C)(C)C)C(=O)N[C@@H](CC(=O)O)C(=O)N[C@@H](Cc1ccccc1)C(N)=O,6.110698297493689
CHEMBL160753,CHEMBL298,Cholecystokinin B receptor,IC50,=,3720.0,nM,CHEMBL656242,B,In vitro ability to inhibit [125I]Bolton-Hunter-CCK-8 binding to Cholecystokinin type B receptor in guinea pig cortex,CHEMBL1127624,P32239,Cholecystokinin B receptor,IC50,CN[C@@H](Cc1c[nH]c2ccccc12)C(=O)N[C@@H](CCCCNC(=O)Nc1ccccc1C)C(=O)N[C@@H](CC(=O)O)C(=O)N[C@@H](Cc1ccccc1)C(N)=O,5.429457060118103
CHEMBL111808,CHEMBL298,Cholecystokinin B receptor,IC50,=,3100.0,nM,CHEMBL657480,B,Inhibition of [125I]Bolton-Hunter CCK-8 binding to cholecystokinin type B receptor in guinea pig cerebral cortical.,CHEMBL1125805,P32239,Cholecystokinin B receptor,IC50,CCCCCN(CCCCC)C(=O)[C@H](Cc1c[nH]c2ccccc12)NC(=O)c1cc2ccccc2[nH]1,5.508638306165727
CHEMBL324760,CHEMBL298,Cholecystokinin B receptor,IC50,=,10000.0,nM,CHEMBL657480,B,Inhibition of [125I]Bolton-Hunter CCK-8 binding to cholecystokinin type B receptor in guinea pig cerebral cortical.,CHEMBL1125805,P32239,Cholecystokinin B receptor,IC50,CN(Cc1ccccc1)C(=O)[C@@H](Cc1c[nH]c2ccccc12)NC(=O)c1cnc2ccccc2c1,5.0
CHEMBL444847,CHEMBL298,Cholecystokinin B receptor,IC50,=,8000.0,nM,CHEMBL657480,B,Inhibition of [125I]Bolton-Hunter CCK-8 binding to cholecystokinin type B receptor in guinea pig cerebral cortical.,CHEMBL1125805,P32239,Cholecystokinin B receptor,IC50,CCCCCN(CCCCC)C(=O)[C@@H](Cc1c[nH]c2ccccc12)NC(=O)c1cc2ccccc2[nH]1,5.096910013008056
CHEMBL419031,CHEMBL298,Cholecystokinin B receptor,IC50,=,10000.0,nM,CHEMBL657480,B,Inhibition of [125I]Bolton-Hunter CCK-8 binding to cholecystokinin type B receptor in guinea pig cerebral cortical.,CHEMBL1125805,P32239,Cholecystokinin B receptor,IC50,CCCCCN(CCCCC)C(=O)[C@@H](Cc1c[nH]c2ccccc12)NC(=O)c1cc2cc(F)ccc2[nH]1,5.0
CHEMBL326975,CHEMBL298,Cholecystokinin B receptor,IC50,=,9250.0,nM,CHEMBL657480,B,Inhibition of [125I]Bolton-Hunter CCK-8 binding to cholecystokinin type B receptor in guinea pig cerebral cortical.,CHEMBL1125805,P32239,Cholecystokinin B receptor,IC50,CCCCCN(CCCCC)C(=O)[C@H](Cc1c[nH]c2ccccc12)NC(=O)Nc1ccc(C)cc1,5.0338582672609675
CHEMBL114913,CHEMBL298,Cholecystokinin B receptor,IC50,=,4100.0,nM,CHEMBL657480,B,Inhibition of [125I]Bolton-Hunter CCK-8 binding to cholecystokinin type B receptor in guinea pig cerebral cortical.,CHEMBL1125805,P32239,Cholecystokinin B receptor,IC50,CCCCCN(CCCCC)C(=O)[C@@H](CC1C(=O)Nc2ccccc21)NC(=O)c1cnc2ccccc2c1,5.3872161432802645
CHEMBL1121,CHEMBL298,Cholecystokinin B receptor,IC50,=,0.3162,nM,CHEMBL661833,B,Tested for 50% displacement of [125I]CCK-8 from membrane preparation isolated from CHO-K1 cells stably transfected with the cDNA of human Cholecystokinin type B receptor,CHEMBL1150449,P32239,Cholecystokinin B receptor,IC50,CSCC[C@H](NC(=O)[C@H](Cc1ccc(OS(=O)(=O)O)cc1)NC(=O)[C@@H](N)CC(=O)O)C(=O)NCC(=O)N[C@@H](Cc1c[nH]c2ccccc12)C(=O)N[C@@H](CCSC)C(=O)N[C@@H](CC(=O)O)C(=O)N[C@@H](Cc1ccccc1)C(N)=O,9.500038134403809
CHEMBL156559,CHEMBL298,Cholecystokinin B receptor,IC50,=,4500.0,nM,CHEMBL656242,B,In vitro ability to inhibit [125I]Bolton-Hunter-CCK-8 binding to Cholecystokinin type B receptor in guinea pig cortex,CHEMBL1127624,P32239,Cholecystokinin B receptor,IC50,Cc1ccccc1NC(=O)NCCCC[C@H](NC(=O)[C@H](Cc1c[nH]c2ccccc12)NC(=O)OC(C)(C)C)C(=O)N(C)[C@@H](CC(=O)O)C(=O)N[C@@H](Cc1ccccc1)C(N)=O,5.346787486224656
CHEMBL351364,CHEMBL298,Cholecystokinin B receptor,IC50,=,427.0,nM,CHEMBL656242,B,In vitro ability to inhibit [125I]Bolton-Hunter-CCK-8 binding to Cholecystokinin type B receptor in guinea pig cortex,CHEMBL1127624,P32239,Cholecystokinin B receptor,IC50,Cc1ccccc1NC(=O)NCCCC[C@H](NC(=O)[C@H](Cc1c[nH]c2ccccc12)NC(=O)OC(C)(C)C)C(=O)N(C)[C@@H](CC(=O)O)C(=O)N(C)[C@@H](Cc1ccccc1)C(N)=O,6.369572124974976
CHEMBL112682,CHEMBL298,Cholecystokinin B receptor,IC50,=,4200.0,nM,CHEMBL657480,B,Inhibition of [125I]Bolton-Hunter CCK-8 binding to cholecystokinin type B receptor in guinea pig cerebral cortical.,CHEMBL1125805,P32239,Cholecystokinin B receptor,IC50,CCCCCN(CCCCC)C(=O)[C@@H](Cc1c[nH]c2ccccc12)NC(=O)c1cc(O)c2cccc(O)c2n1,5.376750709602099
CHEMBL323854,CHEMBL298,Cholecystokinin B receptor,IC50,=,20000.0,nM,CHEMBL657480,B,Inhibition of [125I]Bolton-Hunter CCK-8 binding to cholecystokinin type B receptor in guinea pig cerebral cortical.,CHEMBL1125805,P32239,Cholecystokinin B receptor,IC50,CCCCCN(CCCCC)C(=O)[C@@H](Cc1c[nH]c2ccccc12)NC(=O)c1c[nH]c2ccccc12,4.698970004336019
CHEMBL115656,CHEMBL298,Cholecystokinin B receptor,IC50,=,12000.0,nM,CHEMBL657480,B,Inhibition of [125I]Bolton-Hunter CCK-8 binding to cholecystokinin type B receptor in guinea pig cerebral cortical.,CHEMBL1125805,P32239,Cholecystokinin B receptor,IC50,CCCCCN(CCCCC)C(=O)[C@@H](Cc1c[nH]c2ccccc12)NC(=O)c1cnc2ccccc2c1,4.920818753952375
CHEMBL357983,CHEMBL298,Cholecystokinin B receptor,IC50,=,31622.78,nM,CHEMBL661833,B,Tested for 50% displacement of [125I]CCK-8 from membrane preparation isolated from CHO-K1 cells stably transfected with the cDNA of human Cholecystokinin type B receptor,CHEMBL1150449,P32239,Cholecystokinin B receptor,IC50,COc1ccc(N(C(=O)CN(C(=O)[C@@H](CCC(=O)O)NC(=O)Nc2ccccc2)c2ccccc2)C(C)C)cc1,4.499999953328896
CHEMBL326979,CHEMBL298,Cholecystokinin B receptor,IC50,=,1900.0,nM,CHEMBL657480,B,Inhibition of [125I]Bolton-Hunter CCK-8 binding to cholecystokinin type B receptor in guinea pig cerebral cortical.,CHEMBL1125805,P32239,Cholecystokinin B receptor,IC50,CCCCCN(CCCCC)C(=O)[C@@H](Cc1c[nH]c2ccccc12)NC(=O)Nc1ccc(C)cc1,5.721246399047171
CHEMBL115456,CHEMBL298,Cholecystokinin B receptor,IC50,=,7400.0,nM,CHEMBL657480,B,Inhibition of [125I]Bolton-Hunter CCK-8 binding to cholecystokinin type B receptor in guinea pig cerebral cortical.,CHEMBL1125805,P32239,Cholecystokinin B receptor,IC50,CCCCCN(CCCCC)C(=O)[C@H](Cc1c[nH]c2ccccc12)NC(=O)c1cnc2ccccc2c1,5.130768280269024
CHEMBL434674,CHEMBL298,Cholecystokinin B receptor,IC50,=,69200.0,nM,CHEMBL656242,B,In vitro ability to inhibit [125I]Bolton-Hunter-CCK-8 binding to Cholecystokinin type B receptor in guinea pig cortex,CHEMBL1127624,P32239,Cholecystokinin B receptor,IC50,CN[C@@H](Cc1c[nH]c2ccccc12)C(=O)N[C@@H](CCCCNC(=O)Nc1ccccc1C)C(=O)N(C)[C@@H](CC(=O)O)C(=O)N[C@@H](Cc1ccccc1)C(N)=O,4.1598939055432425
CHEMBL323245,CHEMBL298,Cholecystokinin B receptor,IC50,=,27000.0,nM,CHEMBL657480,B,Inhibition of [125I]Bolton-Hunter CCK-8 binding to cholecystokinin type B receptor in guinea pig cerebral cortical.,CHEMBL1125805,P32239,Cholecystokinin B receptor,IC50,CCCCCN(CCCCC)C(=O)[C@H](Cc1c[nH]c2ccccc12)NC(=O)c1ccc(Cl)cc1,4.568636235841013
CHEMBL1907663,CHEMBL298,Cholecystokinin B receptor,IC50,=,130000.0,nM,CHEMBL687330,B,Half-maximal inhibition of [125I]gastrin binding to guinea pig gastric glands,CHEMBL1124015,P32239,Cholecystokinin B receptor,IC50,CC(C)CCC(=O)N[C@H]1N=C(c2ccccc2)c2ccccc2N(C)C1=O,3.886056647693163
CHEMBL72599,CHEMBL298,Cholecystokinin B receptor,IC50,=,5400.0,nM,CHEMBL687330,B,Half-maximal inhibition of [125I]gastrin binding to guinea pig gastric glands,CHEMBL1124015,P32239,Cholecystokinin B receptor,IC50,COc1ccc(C(=O)NC2N=C(c3ccccc3F)c3ccccc3NC2=O)cc1,5.267606240177031
CHEMBL1907851,CHEMBL298,Cholecystokinin B receptor,IC50,=,750.0,nM,CHEMBL687330,B,Half-maximal inhibition of [125I]gastrin binding to guinea pig gastric glands,CHEMBL1124015,P32239,Cholecystokinin B receptor,IC50,CN1C(=O)[C@@H](NC(=O)c2cccc(Br)c2)N=C(c2ccccc2F)c2ccccc21,6.1249387366083
CHEMBL408395,CHEMBL298,Cholecystokinin B receptor,IC50,=,100000.0,nM,CHEMBL660309,B,Displacement of CCK-8 from human Cholecystokinin type B receptor expressing CHO cell membranes ,CHEMBL1128735,P32239,Cholecystokinin B receptor,IC50,CC(=O)N[C@@H](Cc1c[nH]c2ccccc12)C(=O)NC(Cc1ccc(NC(=O)Nc2ccccc2C)cc1)C(=O)N[C@@H](CC(=O)O)C(=O)N[C@H](Cc1ccc(C)cc1)C(N)=O,4.0
CHEMBL302150,CHEMBL298,Cholecystokinin B receptor,IC50,=,63095.73,nM,CHEMBL660309,B,Displacement of CCK-8 from human Cholecystokinin type B receptor expressing CHO cell membranes ,CHEMBL1128735,P32239,Cholecystokinin B receptor,IC50,CC(=O)N[C@@H](Cc1c[nH]c2ccccc12)C(=O)NC(Cc1ccc(NC(=O)Nc2ccccc2Cl)cc1)C(=O)N[C@@H](CC(=O)O)C(=O)N[C@H](Cc1ccc(C)cc1)C(N)=O,4.200000030616179
CHEMBL1907854,CHEMBL298,Cholecystokinin B receptor,IC50,=,130000.0,nM,CHEMBL687330,B,Half-maximal inhibition of [125I]gastrin binding to guinea pig gastric glands,CHEMBL1124015,P32239,Cholecystokinin B receptor,IC50,CN1C(=O)[C@@H](NC(=O)c2ccccc2Cl)N=C(c2ccccc2)c2ccccc21,3.886056647693163
CHEMBL2092870,CHEMBL298,Cholecystokinin B receptor,IC50,=,7500.0,nM,CHEMBL687330,B,Half-maximal inhibition of [125I]gastrin binding to guinea pig gastric glands,CHEMBL1124015,P32239,Cholecystokinin B receptor,IC50,CN1C(=O)[C@H](NC(=O)c2ccccc2Cl)N=C(c2ccccc2)c2ccccc21,5.1249387366083
CHEMBL157722,CHEMBL298,Cholecystokinin B receptor,IC50,=,13000.0,nM,CHEMBL663097,B,Inhibition of binding of [125I]gastrin to Cholecystokinin type B receptor from guinea pig gastric glands,CHEMBL1125047,P32239,Cholecystokinin B receptor,IC50,CCCCCN(CCCCC)C(=O)[C@@H](CCC(=O)O)NC(=O)Nc1cccc(OC)c1,4.886056647693163
CHEMBL2114102,CHEMBL298,Cholecystokinin B receptor,IC50,=,2900.0,nM,CHEMBL687330,B,Half-maximal inhibition of [125I]gastrin binding to guinea pig gastric glands,CHEMBL1124015,P32239,Cholecystokinin B receptor,IC50,CN1C(=O)C(NC(=O)C(Cc2ccccc2)NC(=O)OC(C)(C)C)N=C(c2ccccc2F)c2ccccc21,5.537602002101044
CHEMBL2092869,CHEMBL298,Cholecystokinin B receptor,IC50,=,800.0,nM,CHEMBL687330,B,Half-maximal inhibition of [125I]gastrin binding to guinea pig gastric glands,CHEMBL1124015,P32239,Cholecystokinin B receptor,IC50,CN1C(=O)[C@@H](NC(=O)c2ccc(Br)cc2)N=C(c2ccccc2)c2ccccc21,6.096910013008056
CHEMBL302825,CHEMBL298,Cholecystokinin B receptor,IC50,=,2400.0,nM,CHEMBL687330,B,Half-maximal inhibition of [125I]gastrin binding to guinea pig gastric glands,CHEMBL1124015,P32239,Cholecystokinin B receptor,IC50,CN1C(=O)C(NC(=O)c2ccc(Cl)cc2)[N+]([O-])=C(c2ccccc2F)c2ccccc21,5.619788758288394
CHEMBL1907842,CHEMBL298,Cholecystokinin B receptor,IC50,=,4200.0,nM,CHEMBL687330,B,Half-maximal inhibition of [125I]gastrin binding to guinea pig gastric glands,CHEMBL1124015,P32239,Cholecystokinin B receptor,IC50,CN1C(=O)[C@H](NC(=O)c2ccc(C(F)(F)F)cc2)N=C(c2ccccc2)c2ccccc21,5.376750709602099
CHEMBL1121,CHEMBL298,Cholecystokinin B receptor,IC50,=,0.3162,nM,CHEMBL660309,B,Displacement of CCK-8 from human Cholecystokinin type B receptor expressing CHO cell membranes ,CHEMBL1128735,P32239,Cholecystokinin B receptor,IC50,CSCC[C@H](NC(=O)[C@H](Cc1ccc(OS(=O)(=O)O)cc1)NC(=O)[C@@H](N)CC(=O)O)C(=O)NCC(=O)N[C@@H](Cc1c[nH]c2ccccc12)C(=O)N[C@@H](CCSC)C(=O)N[C@@H](CC(=O)O)C(=O)N[C@@H](Cc1ccccc1)C(N)=O,9.500038134403809
CHEMBL319438,CHEMBL298,Cholecystokinin B receptor,IC50,=,5011.87,nM,CHEMBL660310,B,In vitro displacement of [125I]BH-CCK-8 from cDNA of human Cholecystokinin type B receptor expressed in CHO-K1 cells,CHEMBL1128527,P32239,Cholecystokinin B receptor,IC50,CC(=O)N[C@@H](Cc1c[nH]c2ccccc12)C(=O)N[C@@H](CCCCNC(=O)Nc1ccccc1C)C(=O)N[C@@H](CC(=O)O)C(=O)N(C)[C@@H](Cc1ccccc1)C(N)=O,5.300000202445418
CHEMBL73522,CHEMBL298,Cholecystokinin B receptor,IC50,=,190.0,nM,CHEMBL687330,B,Half-maximal inhibition of [125I]gastrin binding to guinea pig gastric glands,CHEMBL1124015,P32239,Cholecystokinin B receptor,IC50,CN1C(=O)C(NC(=O)c2cc3ccccc3[nH]2)N=C(c2ccccc2F)c2ccccc21,6.721246399047171
CHEMBL302359,CHEMBL298,Cholecystokinin B receptor,IC50,=,36000.0,nM,CHEMBL687330,B,Half-maximal inhibition of [125I]gastrin binding to guinea pig gastric glands,CHEMBL1124015,P32239,Cholecystokinin B receptor,IC50,O=C(NC1N=C(c2ccccc2)c2ccccc2NC1=O)c1ccc(C(F)(F)F)cc1,4.443697499232713
CHEMBL1907847,CHEMBL298,Cholecystokinin B receptor,IC50,=,9000.0,nM,CHEMBL687330,B,Half-maximal inhibition of [125I]gastrin binding to guinea pig gastric glands,CHEMBL1124015,P32239,Cholecystokinin B receptor,IC50,CN1C(=O)[C@@H](NC(=O)c2ccc(C#N)cc2)N=C(c2ccccc2F)c2ccccc21,5.045757490560675
CHEMBL72616,CHEMBL298,Cholecystokinin B receptor,IC50,=,180000.0,nM,CHEMBL687330,B,Half-maximal inhibition of [125I]gastrin binding to guinea pig gastric glands,CHEMBL1124015,P32239,Cholecystokinin B receptor,IC50,O=C(NC1N=C(c2ccccc2)c2ccccc2NC1=O)c1cc(Cl)cc(Cl)c1,3.7447274948966935
CHEMBL292097,CHEMBL298,Cholecystokinin B receptor,IC50,=,169.0,nM,CHEMBL666787,B,Compound was tested for its binding affinity towards Cholecystokinin type B receptor in cortical membranes (CNS),CHEMBL1150440,P32239,Cholecystokinin B receptor,IC50,CCCC[C@H](NC(=O)[C@H](Cc1c[nH]c2ccccc12)NC(=O)CN)C(=O)N[C@@H](CC(=O)O)C(=O)N[C@@H](Cc1ccccc1)C(N)=O,6.772113295386326
CHEMBL114774,CHEMBL298,Cholecystokinin B receptor,IC50,=,7079.46,nM,CHEMBL660310,B,In vitro displacement of [125I]BH-CCK-8 from cDNA of human Cholecystokinin type B receptor expressed in CHO-K1 cells,CHEMBL1128527,P32239,Cholecystokinin B receptor,IC50,Cc1ccccc1NC(=O)NCCCC[C@@H](CNC(=O)CCC(=O)O)NC(=O)[C@](C)(Cc1c[nH]c2ccccc12)NC(=O)OC1C2CC3CC(C2)CC1C3,5.149999867728904
CHEMBL35471,CHEMBL298,Cholecystokinin B receptor,IC50,=,1.8,nM,CHEMBL663101,B,Binding affinity towards Cholecystokinin type B receptor by displacement of [125I]BH-CCK-8 from human jurkat cells,CHEMBL1128332,P32239,Cholecystokinin B receptor,IC50,CCS[C@@H]1CCN(C(=O)[C@H](Cc2c[nH]c3ccccc23)NC(C)=O)[C@H]1C(=O)N[C@@H](CC(=O)O)C(=O)N[C@@H](Cc1ccccc1)C(N)=O,8.744727494896694
CHEMBL9387,CHEMBL298,Cholecystokinin B receptor,IC50,=,1.1,nM,CHEMBL663097,B,Inhibition of binding of [125I]gastrin to Cholecystokinin type B receptor from guinea pig gastric glands,CHEMBL1125047,P32239,Cholecystokinin B receptor,IC50,Cc1cccc(NC(=O)N[C@@H]2N=C(c3ccccc3)c3ccccc3N(C)C2=O)c1,8.958607314841775
CHEMBL306760,CHEMBL298,Cholecystokinin B receptor,IC50,=,4000.0,nM,CHEMBL687330,B,Half-maximal inhibition of [125I]gastrin binding to guinea pig gastric glands,CHEMBL1124015,P32239,Cholecystokinin B receptor,IC50,O=C(NC1N=C(c2ccccc2)c2ccccc2NC1=O)c1cc2ccccc2[nH]1,5.3979400086720375
CHEMBL1907850,CHEMBL298,Cholecystokinin B receptor,IC50,=,680.0,nM,CHEMBL687330,B,Half-maximal inhibition of [125I]gastrin binding to guinea pig gastric glands,CHEMBL1124015,P32239,Cholecystokinin B receptor,IC50,CN1C(=O)[C@@H](NC(=O)c2ccc(Br)cc2)N=C(c2ccccc2F)c2ccccc21,6.167491087293763
CHEMBL1907841,CHEMBL298,Cholecystokinin B receptor,IC50,=,440.0,nM,CHEMBL687330,B,Half-maximal inhibition of [125I]gastrin binding to guinea pig gastric glands,CHEMBL1124015,P32239,Cholecystokinin B receptor,IC50,CN1C(=O)[C@@H](NC(=O)c2ccc(C(F)(F)F)cc2)N=C(c2ccccc2F)c2ccccc21,6.356547323513812
CHEMBL9387,CHEMBL298,Cholecystokinin B receptor,IC50,=,6.31,nM,CHEMBL660309,B,Displacement of CCK-8 from human Cholecystokinin type B receptor expressing CHO cell membranes ,CHEMBL1128735,P32239,Cholecystokinin B receptor,IC50,Cc1cccc(NC(=O)N[C@@H]2N=C(c3ccccc3)c3ccccc3N(C)C2=O)c1,8.199970640755865
CHEMBL34853,CHEMBL298,Cholecystokinin B receptor,IC50,=,30.0,nM,CHEMBL663101,B,Binding affinity towards Cholecystokinin type B receptor by displacement of [125I]BH-CCK-8 from human jurkat cells,CHEMBL1128332,P32239,Cholecystokinin B receptor,IC50,CCS[C@H]1CCN(C(=O)[C@H](Cc2c[nH]c3ccccc23)NC(C)=O)[C@H]1C(=O)N[C@@H](CC(=O)O)C(=O)N[C@@H](Cc1ccccc1)C(N)=O,7.522878745280337
CHEMBL285051,CHEMBL298,Cholecystokinin B receptor,IC50,=,10000.0,nM,CHEMBL663101,B,Binding affinity towards Cholecystokinin type B receptor by displacement of [125I]BH-CCK-8 from human jurkat cells,CHEMBL1128332,P32239,Cholecystokinin B receptor,IC50,CS[C@@H]1CCN(C(=O)[C@H](Cc2c[nH]c3ccccc23)NC(C)=O)[C@@H]1C(=O)N[C@@H](CC(=O)O)C(=O)N[C@@H](Cc1ccccc1)C(N)=O,5.0
CHEMBL348168,CHEMBL298,Cholecystokinin B receptor,IC50,=,700.0,nM,CHEMBL663097,B,Inhibition of binding of [125I]gastrin to Cholecystokinin type B receptor from guinea pig gastric glands,CHEMBL1125047,P32239,Cholecystokinin B receptor,IC50,CCCCCN(CCCCC)C(=O)C(CCC(=O)O)NC(=O)Nc1ccc(Cl)cc1,6.154901959985743
CHEMBL9506,CHEMBL298,Cholecystokinin B receptor,IC50,=,170.0,nM,CHEMBL687330,B,Half-maximal inhibition of [125I]gastrin binding to guinea pig gastric glands,CHEMBL1124015,P32239,Cholecystokinin B receptor,IC50,CN1C(=O)[C@@H](NC(=O)c2cc3ccccc3[nH]2)N=C(c2ccccc2)c2ccccc21,6.769551078621726
CHEMBL304768,CHEMBL298,Cholecystokinin B receptor,IC50,=,11000.0,nM,CHEMBL687330,B,Half-maximal inhibition of [125I]gastrin binding to guinea pig gastric glands,CHEMBL1124015,P32239,Cholecystokinin B receptor,IC50,CN1C(=O)C(NC(=O)c2ccsc2)N=C(c2ccccc2F)c2ccccc21,4.958607314841775
CHEMBL1907665,CHEMBL298,Cholecystokinin B receptor,IC50,=,73000.0,nM,CHEMBL687330,B,Half-maximal inhibition of [125I]gastrin binding to guinea pig gastric glands,CHEMBL1124015,P32239,Cholecystokinin B receptor,IC50,CC(C)C(=O)N[C@H]1N=C(c2ccccc2)c2ccccc2N(C)C1=O,4.136677139879544
CHEMBL70883,CHEMBL298,Cholecystokinin B receptor,IC50,=,120.0,nM,CHEMBL687330,B,Half-maximal inhibition of [125I]gastrin binding to guinea pig gastric glands,CHEMBL1124015,P32239,Cholecystokinin B receptor,IC50,CCOC(=O)CN1C(=O)C(NC(=O)c2cc3ccccc3[nH]2)N=C(c2ccccc2F)c2ccccc21,6.920818753952375
CHEMBL73561,CHEMBL298,Cholecystokinin B receptor,IC50,=,9500.0,nM,CHEMBL687330,B,Half-maximal inhibition of [125I]gastrin binding to guinea pig gastric glands,CHEMBL1124015,P32239,Cholecystokinin B receptor,IC50,O=C(NC1N=C(c2ccccc2F)c2ccccc2NC1=O)c1ccc(C(F)(F)F)cc1,5.022276394711152
CHEMBL1907849,CHEMBL298,Cholecystokinin B receptor,IC50,=,2400.0,nM,CHEMBL687330,B,Half-maximal inhibition of [125I]gastrin binding to guinea pig gastric glands,CHEMBL1124015,P32239,Cholecystokinin B receptor,IC50,CN1C(=O)[C@@H](NC(=O)c2ccc(C(C)(C)C)cc2)N=C(c2ccccc2F)c2ccccc21,5.619788758288394
CHEMBL410511,CHEMBL298,Cholecystokinin B receptor,IC50,=,1881.0,nM,CHEMBL666787,B,Compound was tested for its binding affinity towards Cholecystokinin type B receptor in cortical membranes (CNS),CHEMBL1150440,P32239,Cholecystokinin B receptor,IC50,CCCC[C@@H](C(=O)N[C@@H](CC(=O)OCc1ccccc1)[C@@H](Cc1ccccc1)C(N)=O)n1nnnc1[C@H](Cc1c[nH]c2ccccc12)NC(=O)OC(C)(C)C,5.725611204449621
CHEMBL2369373,CHEMBL298,Cholecystokinin B receptor,IC50,=,3981.07,nM,CHEMBL660309,B,Displacement of CCK-8 from human Cholecystokinin type B receptor expressing CHO cell membranes ,CHEMBL1128735,P32239,Cholecystokinin B receptor,IC50,CC(=O)N[C@@H](Cc1c[nH]c2ccccc12)C(=O)N[C@@H](Cc1ccccc1)C(=O)N[C@@H](CC(=O)O)C(=O)N[C@H](Cc1ccc(C)cc1)C(N)=O,5.40000018605658
CHEMBL37984,CHEMBL298,Cholecystokinin B receptor,IC50,=,70.0,nM,CHEMBL663101,B,Binding affinity towards Cholecystokinin type B receptor by displacement of [125I]BH-CCK-8 from human jurkat cells,CHEMBL1128332,P32239,Cholecystokinin B receptor,IC50,CCCS[C@@H]1CCN(C(=O)[C@H](Cc2c[nH]c3ccccc23)NC(C)=O)[C@@H]1C(=O)N[C@@H](CC(=O)O)C(=O)N[C@@H](Cc1ccccc1)C(N)=O,7.154901959985743
CHEMBL346361,CHEMBL298,Cholecystokinin B receptor,IC50,=,4500.0,nM,CHEMBL663097,B,Inhibition of binding of [125I]gastrin to Cholecystokinin type B receptor from guinea pig gastric glands,CHEMBL1125047,P32239,Cholecystokinin B receptor,IC50,CCCCCN(CCCCC)C(=O)C(CCC(=O)OCC)NC(=O)Nc1ccc(Cl)cc1,5.346787486224656
CHEMBL1907846,CHEMBL298,Cholecystokinin B receptor,IC50,=,2000.0,nM,CHEMBL687330,B,Half-maximal inhibition of [125I]gastrin binding to guinea pig gastric glands,CHEMBL1124015,P32239,Cholecystokinin B receptor,IC50,CN1C(=O)[C@H](NC(=O)c2cccc(I)c2)N=C(c2ccccc2F)c2ccccc21,5.698970004336019
CHEMBL72428,CHEMBL298,Cholecystokinin B receptor,IC50,=,1900.0,nM,CHEMBL687330,B,Half-maximal inhibition of [125I]gastrin binding to guinea pig gastric glands,CHEMBL1124015,P32239,Cholecystokinin B receptor,IC50,CN1C(=O)C(NC(=O)c2ccc(Cl)cc2N)N=C(c2ccccc2)c2ccccc21,5.721246399047171
CHEMBL1907660,CHEMBL298,Cholecystokinin B receptor,IC50,=,13000.0,nM,CHEMBL687330,B,Half-maximal inhibition of [125I]gastrin binding to guinea pig gastric glands,CHEMBL1124015,P32239,Cholecystokinin B receptor,IC50,CN1C(=O)[C@@H](NC(=O)C(C)(C)C)N=C(c2ccccc2)c2ccccc21,4.886056647693163
CHEMBL1907852,CHEMBL298,Cholecystokinin B receptor,IC50,=,800.0,nM,CHEMBL687330,B,Half-maximal inhibition of [125I]gastrin binding to guinea pig gastric glands,CHEMBL1124015,P32239,Cholecystokinin B receptor,IC50,CN1C(=O)[C@@H](NC(=O)c2ccc(Cl)cc2)N=C(c2ccccc2F)c2ccccc21,6.096910013008056
CHEMBL72546,CHEMBL298,Cholecystokinin B receptor,IC50,=,1300.0,nM,CHEMBL687330,B,Half-maximal inhibition of [125I]gastrin binding to guinea pig gastric glands,CHEMBL1124015,P32239,Cholecystokinin B receptor,IC50,CCOC(=O)CN1C(=O)C(NC(=O)c2ccccc2Cl)N=C(c2ccccc2F)c2ccccc21,5.886056647693163
CHEMBL306369,CHEMBL298,Cholecystokinin B receptor,IC50,=,110000.0,nM,CHEMBL687330,B,Half-maximal inhibition of [125I]gastrin binding to guinea pig gastric glands,CHEMBL1124015,P32239,Cholecystokinin B receptor,IC50,O=C(NC1N=C(c2ccccc2)c2ccccc2NC1=O)C1Cc2ccccc2N1,3.9586073148417746
CHEMBL72738,CHEMBL298,Cholecystokinin B receptor,IC50,=,25000.0,nM,CHEMBL687330,B,Half-maximal inhibition of [125I]gastrin binding to guinea pig gastric glands,CHEMBL1124015,P32239,Cholecystokinin B receptor,IC50,CCOC(=O)CN1C(=O)C(NC=O)N=C(c2ccccc2)c2ccccc21,4.6020599913279625
CHEMBL1907666,CHEMBL298,Cholecystokinin B receptor,IC50,=,420.0,nM,CHEMBL687330,B,Half-maximal inhibition of [125I]gastrin binding to guinea pig gastric glands,CHEMBL1124015,P32239,Cholecystokinin B receptor,IC50,COc1cccc(CC(=O)N[C@H]2N=C(c3ccccc3F)c3ccccc3N(C)C2=O)c1,6.376750709602099
CHEMBL2092866,CHEMBL298,Cholecystokinin B receptor,IC50,=,5800.0,nM,CHEMBL687330,B,Half-maximal inhibition of [125I]gastrin binding to guinea pig gastric glands,CHEMBL1124015,P32239,Cholecystokinin B receptor,IC50,CN1C(=O)[C@H](NC(=O)c2ccccc2Br)N=C(c2ccccc2F)c2ccccc21,5.236572006437063
CHEMBL73096,CHEMBL298,Cholecystokinin B receptor,IC50,=,94000.0,nM,CHEMBL687330,B,Half-maximal inhibition of [125I]gastrin binding to guinea pig gastric glands,CHEMBL1124015,P32239,Cholecystokinin B receptor,IC50,CN1C(=O)CN=C(c2ccccc2)c2ccccc21,4.026872146400302
CHEMBL292493,CHEMBL298,Cholecystokinin B receptor,IC50,=,1.9,nM,CHEMBL666787,B,Compound was tested for its binding affinity towards Cholecystokinin type B receptor in cortical membranes (CNS),CHEMBL1150440,P32239,Cholecystokinin B receptor,IC50,CCCC1C[C@@H](C(=O)N[C@@H](CC(=O)O)C(=O)N[C@@H](Cc2ccccc2)C(N)=O)N(C(=O)[C@H](Cc2c[nH]c3ccccc23)NC(=O)CN)C1,8.721246399047171
CHEMBL37786,CHEMBL298,Cholecystokinin B receptor,IC50,=,10000.0,nM,CHEMBL663101,B,Binding affinity towards Cholecystokinin type B receptor by displacement of [125I]BH-CCK-8 from human jurkat cells,CHEMBL1128332,P32239,Cholecystokinin B receptor,IC50,CS[C@H]1CCN(C(=O)[C@H](Cc2c[nH]c3ccccc23)NC(C)=O)[C@@H]1C(=O)N[C@@H](CC(=O)O)C(=O)N[C@@H](Cc1ccccc1)C(N)=O,5.0
CHEMBL307659,CHEMBL298,Cholecystokinin B receptor,IC50,=,28000.0,nM,CHEMBL687330,B,Half-maximal inhibition of [125I]gastrin binding to guinea pig gastric glands,CHEMBL1124015,P32239,Cholecystokinin B receptor,IC50,O=C(NC1N=C(c2ccccc2F)c2ccccc2NC1=O)c1ccccc1,4.552841968657781
CHEMBL74515,CHEMBL298,Cholecystokinin B receptor,IC50,=,25000.0,nM,CHEMBL687330,B,Half-maximal inhibition of [125I]gastrin binding to guinea pig gastric glands,CHEMBL1124015,P32239,Cholecystokinin B receptor,IC50,O=C(NC1N=C(c2ccccc2)c2ccccc2NC1=O)c1ccc(Cl)c(Cl)c1,4.6020599913279625
CHEMBL310250,CHEMBL298,Cholecystokinin B receptor,IC50,=,31000.0,nM,CHEMBL687330,B,Half-maximal inhibition of [125I]gastrin binding to guinea pig gastric glands,CHEMBL1124015,P32239,Cholecystokinin B receptor,IC50,O=C(NC1N=C(c2ccccc2)c2ccccc2NC1=O)c1ccc(O)cc1,4.508638306165727
CHEMBL63707,CHEMBL298,Cholecystokinin B receptor,IC50,=,1000.0,nM,CHEMBL660309,B,Displacement of CCK-8 from human Cholecystokinin type B receptor expressing CHO cell membranes ,CHEMBL1128735,P32239,Cholecystokinin B receptor,IC50,CC(=O)N[C@@H](Cc1c[nH]c2ccccc12)C(=O)NC(CCCCNC(=O)Nc1ccccc1Cl)C(=O)N[C@@H](CC(=O)O)C(=O)N[C@H](Cc1ccc(C)cc1)C(N)=O,6.0
CHEMBL332263,CHEMBL298,Cholecystokinin B receptor,IC50,=,223.87,nM,CHEMBL660310,B,In vitro displacement of [125I]BH-CCK-8 from cDNA of human Cholecystokinin type B receptor expressed in CHO-K1 cells,CHEMBL1128527,P32239,Cholecystokinin B receptor,IC50,Cc1ccccc1NC(=O)NCCCC[C@@H](CNC(=O)CCC(=O)O)NC(=O)[C@@](C)(Cc1c[nH]c2ccccc12)NC(=O)OC1C2CC3CC(C2)CC1C3,6.650004100737144
CHEMBL432258,CHEMBL298,Cholecystokinin B receptor,IC50,=,177.83,nM,CHEMBL660310,B,In vitro displacement of [125I]BH-CCK-8 from cDNA of human Cholecystokinin type B receptor expressed in CHO-K1 cells,CHEMBL1128527,P32239,Cholecystokinin B receptor,IC50,Cc1ccccc1NC(=O)NCCCC[C@H](CNC(=O)[C@](C)(Cc1c[nH]c2ccccc12)NC(=O)OC1C2CC3CC(C2)CC1C3)NC(=O)CCC(=O)O,6.749994971513104
CHEMBL287753,CHEMBL298,Cholecystokinin B receptor,IC50,=,50.0,nM,CHEMBL663101,B,Binding affinity towards Cholecystokinin type B receptor by displacement of [125I]BH-CCK-8 from human jurkat cells,CHEMBL1128332,P32239,Cholecystokinin B receptor,IC50,CS[C@@H]1CCN(C(=O)[C@H](Cc2c[nH]c3ccccc23)NC(C)=O)[C@H]1C(=O)N[C@@H](CC(=O)O)C(=O)N[C@@H](Cc1ccccc1)C(N)=O,7.301029995663981
CHEMBL306394,CHEMBL298,Cholecystokinin B receptor,IC50,=,9400.0,nM,CHEMBL687330,B,Half-maximal inhibition of [125I]gastrin binding to guinea pig gastric glands,CHEMBL1124015,P32239,Cholecystokinin B receptor,IC50,O=C(NC1N=C(c2ccccc2)c2ccccc2NC1=O)c1ccc(F)cc1,5.026872146400301
CHEMBL1907848,CHEMBL298,Cholecystokinin B receptor,IC50,=,530.0,nM,CHEMBL687330,B,Half-maximal inhibition of [125I]gastrin binding to guinea pig gastric glands,CHEMBL1124015,P32239,Cholecystokinin B receptor,IC50,CN1C(=O)[C@@H](NC(=O)c2ccc(I)cc2)N=C(c2ccccc2F)c2ccccc21,6.275724130399211
CHEMBL71950,CHEMBL298,Cholecystokinin B receptor,IC50,=,1700.0,nM,CHEMBL687330,B,Half-maximal inhibition of [125I]gastrin binding to guinea pig gastric glands,CHEMBL1124015,P32239,Cholecystokinin B receptor,IC50,CN1C(=O)C(NC(=O)c2ccc(Br)cc2)N=C(c2ccccc2)c2ccccc21,5.769551078621726
CHEMBL316561,CHEMBL298,Cholecystokinin B receptor,IC50,=,900000.0,nM,CHEMBL663097,B,Inhibition of binding of [125I]gastrin to Cholecystokinin type B receptor from guinea pig gastric glands,CHEMBL1125047,P32239,Cholecystokinin B receptor,IC50,CCCN(CCC)C(=O)C(CCC(=O)O)NC(=O)c1ccccc1,3.045757490560675
CHEMBL72073,CHEMBL298,Cholecystokinin B receptor,IC50,=,6700.0,nM,CHEMBL687330,B,Half-maximal inhibition of [125I]gastrin binding to guinea pig gastric glands,CHEMBL1124015,P32239,Cholecystokinin B receptor,IC50,CN1C(=O)C(NC(=O)c2ccc(Cl)cc2)N=C(c2ccccc2)c2ccccc21,5.173925197299173
CHEMBL2092867,CHEMBL298,Cholecystokinin B receptor,IC50,=,11000.0,nM,CHEMBL687330,B,Half-maximal inhibition of [125I]gastrin binding to guinea pig gastric glands,CHEMBL1124015,P32239,Cholecystokinin B receptor,IC50,CN1C(=O)[C@@H](NC(=O)c2ccccc2I)N=C(c2ccccc2F)c2ccccc21,4.958607314841775
CHEMBL2062154,CHEMBL298,Cholecystokinin B receptor,IC50,=,0.138,nM,CHEMBL660310,B,In vitro displacement of [125I]BH-CCK-8 from cDNA of human Cholecystokinin type B receptor expressed in CHO-K1 cells,CHEMBL1128527,P32239,Cholecystokinin B receptor,IC50,C[C@](Cc1c[nH]c2ccccc12)(NC(=O)OC1[C@H]2C[C@@H]3C[C@@H](C[C@H]1C3)C2)C(=O)NC[C@H](NC(=O)CCC(=O)O)c1ccccc1,9.860120913598763
CHEMBL158078,CHEMBL298,Cholecystokinin B receptor,IC50,=,100000.0,nM,CHEMBL663097,B,Inhibition of binding of [125I]gastrin to Cholecystokinin type B receptor from guinea pig gastric glands,CHEMBL1125047,P32239,Cholecystokinin B receptor,IC50,O=C(CC[C@H](NC(=O)c1cc2ccccc2[nH]1)C(=O)N(C1CCCCC1)C1CCCCC1)OCc1ccccc1,4.0
CHEMBL73563,CHEMBL298,Cholecystokinin B receptor,IC50,=,3900.0,nM,CHEMBL687330,B,Half-maximal inhibition of [125I]gastrin binding to guinea pig gastric glands,CHEMBL1124015,P32239,Cholecystokinin B receptor,IC50,O=C(Cc1cccc2sccc12)NC1N=C(c2ccccc2F)c2ccccc2NC1=O,5.4089353929735005
CHEMBL74066,CHEMBL298,Cholecystokinin B receptor,IC50,=,29000.0,nM,CHEMBL687330,B,Half-maximal inhibition of [125I]gastrin binding to guinea pig gastric glands,CHEMBL1124015,P32239,Cholecystokinin B receptor,IC50,O=C(NC1N=C(c2ccccc2F)c2ccccc2NC1=O)c1cc2cc(O)ccc2[nH]1,4.537602002101044
CHEMBL73621,CHEMBL298,Cholecystokinin B receptor,IC50,=,8200.0,nM,CHEMBL687330,B,Half-maximal inhibition of [125I]gastrin binding to guinea pig gastric glands,CHEMBL1124015,P32239,Cholecystokinin B receptor,IC50,O=C(O)CN1C(=O)C(NC(=O)c2ccc(Cl)cc2)N=C(c2ccccc2F)c2ccccc21,5.086186147616283
CHEMBL290818,CHEMBL298,Cholecystokinin B receptor,IC50,=,4000.0,nM,CHEMBL663101,B,Binding affinity towards Cholecystokinin type B receptor by displacement of [125I]BH-CCK-8 from human jurkat cells,CHEMBL1128332,P32239,Cholecystokinin B receptor,IC50,CC(=O)N[C@@H](Cc1c[nH]c2ccccc12)C(=O)N(C)[C@@H](CC(C)C)C(=O)N[C@@H](CC(=O)O)C(=O)N[C@@H](Cc1ccccc1)C(N)=O,5.3979400086720375
CHEMBL1121,CHEMBL298,Cholecystokinin B receptor,IC50,=,0.3162,nM,CHEMBL660310,B,In vitro displacement of [125I]BH-CCK-8 from cDNA of human Cholecystokinin type B receptor expressed in CHO-K1 cells,CHEMBL1128527,P32239,Cholecystokinin B receptor,IC50,CSCC[C@H](NC(=O)[C@H](Cc1ccc(OS(=O)(=O)O)cc1)NC(=O)[C@@H](N)CC(=O)O)C(=O)NCC(=O)N[C@@H](Cc1c[nH]c2ccccc12)C(=O)N[C@@H](CCSC)C(=O)N[C@@H](CC(=O)O)C(=O)N[C@@H](Cc1ccccc1)C(N)=O,9.500038134403809
CHEMBL2372294,CHEMBL298,Cholecystokinin B receptor,IC50,=,30.0,nM,CHEMBL663101,B,Binding affinity towards Cholecystokinin type B receptor by displacement of [125I]BH-CCK-8 from human jurkat cells,CHEMBL1128332,P32239,Cholecystokinin B receptor,IC50,CS[C@H]1C[C@@H](C(=O)N[C@@H](CC(=O)O)C(=O)N[C@@H](Cc2ccccc2)C(N)=O)N(C(=O)[C@H](Cc2c[nH]c3ccccc23)NC(C)=O)C1,7.522878745280337
CHEMBL37900,CHEMBL298,Cholecystokinin B receptor,IC50,=,600.0,nM,CHEMBL663101,B,Binding affinity towards Cholecystokinin type B receptor by displacement of [125I]BH-CCK-8 from human jurkat cells,CHEMBL1128332,P32239,Cholecystokinin B receptor,IC50,CCCS[C@H]1CCN(C(=O)[C@H](Cc2c[nH]c3ccccc23)NC(C)=O)[C@@H]1C(=O)N[C@@H](CC(=O)O)C(=O)N[C@@H](Cc1ccccc1)C(N)=O,6.221848749616356
CHEMBL306806,CHEMBL298,Cholecystokinin B receptor,IC50,=,4600.0,nM,CHEMBL687330,B,Half-maximal inhibition of [125I]gastrin binding to guinea pig gastric glands,CHEMBL1124015,P32239,Cholecystokinin B receptor,IC50,O=C(NC1N=C(c2ccccc2F)c2ccccc2NC1=O)c1cc2ccccc2[nH]1,5.337242168318426
CHEMBL40211,CHEMBL298,Cholecystokinin B receptor,IC50,=,2900.0,nM,CHEMBL687330,B,Half-maximal inhibition of [125I]gastrin binding to guinea pig gastric glands,CHEMBL1124015,P32239,Cholecystokinin B receptor,IC50,CN1C(=O)C(NC(=O)c2ccc(Cl)cc2)N=C(c2ccccc2F)c2ccccc21,5.537602002101044
CHEMBL40668,CHEMBL298,Cholecystokinin B receptor,IC50,=,690.0,nM,CHEMBL687330,B,Half-maximal inhibition of [125I]gastrin binding to guinea pig gastric glands,CHEMBL1124015,P32239,Cholecystokinin B receptor,IC50,CCOC(=O)CN1C(=O)C(NC(=O)c2ccc(Cl)cc2)N=C(c2ccccc2F)c2ccccc21,6.161150909262744
CHEMBL73892,CHEMBL298,Cholecystokinin B receptor,IC50,=,18000.0,nM,CHEMBL687330,B,Half-maximal inhibition of [125I]gastrin binding to guinea pig gastric glands,CHEMBL1124015,P32239,Cholecystokinin B receptor,IC50,O=C(NC1N=C(c2ccccc2F)c2ccccc2NC1=O)c1ccccc1Cl,4.7447274948966935
CHEMBL73510,CHEMBL298,Cholecystokinin B receptor,IC50,=,5000.0,nM,CHEMBL687330,B,Half-maximal inhibition of [125I]gastrin binding to guinea pig gastric glands,CHEMBL1124015,P32239,Cholecystokinin B receptor,IC50,Cc1ccc(C(=O)NC2N=C(c3ccccc3F)c3ccccc3NC2=O)cc1,5.301029995663981
CHEMBL1907839,CHEMBL298,Cholecystokinin B receptor,IC50,=,38000.0,nM,CHEMBL687330,B,Half-maximal inhibition of [125I]gastrin binding to guinea pig gastric glands,CHEMBL1124015,P32239,Cholecystokinin B receptor,IC50,CN1C(=O)[C@@H](NC(=O)c2ccccc2I)N=C(c2ccccc2)c2ccccc21,4.42021640338319
CHEMBL155017,CHEMBL298,Cholecystokinin B receptor,IC50,=,190.0,nM,CHEMBL663097,B,Inhibition of binding of [125I]gastrin to Cholecystokinin type B receptor from guinea pig gastric glands,CHEMBL1125047,P32239,Cholecystokinin B receptor,IC50,CCCCCN(CCCCC)C(=O)[C@H](CCC(=O)N1CCCC1)NC(=O)Nc1cccc(OC)c1,6.721246399047171
CHEMBL73272,CHEMBL298,Cholecystokinin B receptor,IC50,=,25000.0,nM,CHEMBL687330,B,Half-maximal inhibition of [125I]gastrin binding to guinea pig gastric glands,CHEMBL1124015,P32239,Cholecystokinin B receptor,IC50,O=C(NC1N=C(c2ccccc2F)c2ccccc2NC1=O)c1ccc[nH]1,4.6020599913279625
CHEMBL422873,CHEMBL298,Cholecystokinin B receptor,IC50,=,4100.0,nM,CHEMBL663097,B,Inhibition of binding of [125I]gastrin to Cholecystokinin type B receptor from guinea pig gastric glands,CHEMBL1125047,P32239,Cholecystokinin B receptor,IC50,O=C(O)CC[C@H](NC(=O)c1cc2ccccc2[nH]1)C(=O)N(C1CCCCC1)C1CCCCC1,5.3872161432802645
CHEMBL303635,CHEMBL298,Cholecystokinin B receptor,IC50,=,10000.0,nM,CHEMBL660309,B,Displacement of CCK-8 from human Cholecystokinin type B receptor expressing CHO cell membranes ,CHEMBL1128735,P32239,Cholecystokinin B receptor,IC50,CC(=O)N[C@@H](Cc1c[nH]c2ccccc12)C(=O)NC(Cc1cccc(NC(=O)Nc2ccccc2C)c1)C(=O)N[C@@H](CC(=O)O)C(=O)N[C@H](Cc1ccc(C)cc1)C(N)=O,5.0
CHEMBL37983,CHEMBL298,Cholecystokinin B receptor,IC50,=,300.0,nM,CHEMBL663101,B,Binding affinity towards Cholecystokinin type B receptor by displacement of [125I]BH-CCK-8 from human jurkat cells,CHEMBL1128332,P32239,Cholecystokinin B receptor,IC50,CS[C@H]1CCN(C(=O)[C@H](Cc2c[nH]c3ccccc23)NC(C)=O)[C@H]1C(=O)N[C@@H](CC(=O)O)C(=O)N[C@@H](Cc1ccccc1)C(N)=O,6.522878745280337
CHEMBL422701,CHEMBL298,Cholecystokinin B receptor,IC50,=,39000.0,nM,CHEMBL663097,B,Inhibition of binding of [125I]gastrin to Cholecystokinin type B receptor from guinea pig gastric glands,CHEMBL1125047,P32239,Cholecystokinin B receptor,IC50,CCCN(CCC)C(=O)[C@H](CCC(=O)O)NC(=O)c1cc2ccccc2[nH]1,4.4089353929735005
CHEMBL9506,CHEMBL298,Cholecystokinin B receptor,IC50,=,170.0,nM,CHEMBL663097,B,Inhibition of binding of [125I]gastrin to Cholecystokinin type B receptor from guinea pig gastric glands,CHEMBL1125047,P32239,Cholecystokinin B receptor,IC50,CN1C(=O)[C@@H](NC(=O)c2cc3ccccc3[nH]2)N=C(c2ccccc2)c2ccccc21,6.769551078621726
CHEMBL303386,CHEMBL298,Cholecystokinin B receptor,IC50,=,26000.0,nM,CHEMBL687330,B,Half-maximal inhibition of [125I]gastrin binding to guinea pig gastric glands,CHEMBL1124015,P32239,Cholecystokinin B receptor,IC50,CN1C(=O)C(NC(=O)[C@@H](Cc2ccccc2)NC(=O)OC(C)(C)C)N=C(c2ccccc2)c2ccccc21,4.585026652029182
CHEMBL1907856,CHEMBL298,Cholecystokinin B receptor,IC50,=,450.0,nM,CHEMBL687330,B,Half-maximal inhibition of [125I]gastrin binding to guinea pig gastric glands,CHEMBL1124015,P32239,Cholecystokinin B receptor,IC50,COc1cccc(CC(=O)N[C@@H]2N=C(c3ccccc3F)c3ccccc3N(C)C2=O)c1,6.346787486224656
CHEMBL72841,CHEMBL298,Cholecystokinin B receptor,IC50,=,52000.0,nM,CHEMBL687330,B,Half-maximal inhibition of [125I]gastrin binding to guinea pig gastric glands,CHEMBL1124015,P32239,Cholecystokinin B receptor,IC50,O=C(NC1N=C(c2ccccc2)c2ccccc2NC1=O)c1ccccc1Cl,4.2839966563652006
CHEMBL1907853,CHEMBL298,Cholecystokinin B receptor,IC50,=,2400.0,nM,CHEMBL687330,B,Half-maximal inhibition of [125I]gastrin binding to guinea pig gastric glands,CHEMBL1124015,P32239,Cholecystokinin B receptor,IC50,CN1C(=O)[C@H](NC(=O)c2ccc(Br)cc2)N=C(c2ccccc2)c2ccccc21,5.619788758288394
CHEMBL293456,CHEMBL298,Cholecystokinin B receptor,IC50,=,4251.0,nM,CHEMBL666787,B,Compound was tested for its binding affinity towards Cholecystokinin type B receptor in cortical membranes (CNS),CHEMBL1150440,P32239,Cholecystokinin B receptor,IC50,CCCC[C@@H](C(=O)N[C@@H](CC(=O)OCc1ccccc1)[C@@H](Cc1ccccc1)C(N)=O)n1nnnc1[C@H](Cc1c[nH]c2ccccc12)NC(=O)CNC(=O)OC(C)(C)C,5.371508895032877
CHEMBL34916,CHEMBL298,Cholecystokinin B receptor,IC50,=,800.0,nM,CHEMBL663101,B,Binding affinity towards Cholecystokinin type B receptor by displacement of [125I]BH-CCK-8 from human jurkat cells,CHEMBL1128332,P32239,Cholecystokinin B receptor,IC50,CCS[C@@H]1CCN(C(=O)[C@H](Cc2c[nH]c3ccccc23)NC(C)=O)[C@@H]1C(=O)N[C@@H](CC(=O)O)C(=O)N[C@@H](Cc1ccccc1)C(N)=O,6.096910013008056
CHEMBL422951,CHEMBL298,Cholecystokinin B receptor,IC50,=,14000.0,nM,CHEMBL687330,B,Half-maximal inhibition of [125I]gastrin binding to guinea pig gastric glands,CHEMBL1124015,P32239,Cholecystokinin B receptor,IC50,O=C(NC1N=C(c2ccccc2)c2ccccc2NC1=O)c1ccc2ccccc2c1,4.853871964321762
CHEMBL70456,CHEMBL298,Cholecystokinin B receptor,IC50,=,650.0,nM,CHEMBL687330,B,Half-maximal inhibition of [125I]gastrin binding to guinea pig gastric glands,CHEMBL1124015,P32239,Cholecystokinin B receptor,IC50,O=C(O)CN1C(=O)C(NC(=O)c2cc3ccccc3[nH]2)N=C(c2ccccc2)c2ccccc21,6.187086643357144
CHEMBL59865,CHEMBL298,Cholecystokinin B receptor,IC50,=,3.34,nM,CHEMBL666787,B,Compound was tested for its binding affinity towards Cholecystokinin type B receptor in cortical membranes (CNS),CHEMBL1150440,P32239,Cholecystokinin B receptor,IC50,CCCC[C@@H](C(=O)N[C@@H](CC(=O)O)C(=O)N[C@@H](Cc1ccccc1)C(N)=O)N(C)C(=O)[C@H](Cc1c[nH]c2ccccc12)NC(=O)CN,8.476253533188435
CHEMBL156415,CHEMBL298,Cholecystokinin B receptor,IC50,=,17000.0,nM,CHEMBL663097,B,Inhibition of binding of [125I]gastrin to Cholecystokinin type B receptor from guinea pig gastric glands,CHEMBL1125047,P32239,Cholecystokinin B receptor,IC50,CCCN(CCC)C(=O)[C@@H](CCC(=O)O)NC(=O)c1cc2ccccc2[nH]1,4.769551078621726
CHEMBL346070,CHEMBL298,Cholecystokinin B receptor,IC50,=,860.0,nM,CHEMBL663097,B,Inhibition of binding of [125I]gastrin to Cholecystokinin type B receptor from guinea pig gastric glands,CHEMBL1125047,P32239,Cholecystokinin B receptor,IC50,CCCCCN(CCCCC)C(=O)[C@@H](CCC(=O)N1CCCC1)NC(=O)Nc1cccc(OC)c1,6.065501548756432
CHEMBL1907855,CHEMBL298,Cholecystokinin B receptor,IC50,=,28.0,nM,CHEMBL687330,B,Half-maximal inhibition of [125I]gastrin binding to guinea pig gastric glands,CHEMBL1124015,P32239,Cholecystokinin B receptor,IC50,CN1C(=O)[C@@H](NC(=O)c2cc3ccccc3[nH]2)N=C(c2ccccc2F)c2ccccc21,7.552841968657781
CHEMBL74125,CHEMBL298,Cholecystokinin B receptor,IC50,=,19000.0,nM,CHEMBL687330,B,Half-maximal inhibition of [125I]gastrin binding to guinea pig gastric glands,CHEMBL1124015,P32239,Cholecystokinin B receptor,IC50,O=C(NC1N=C(c2ccccc2)c2ccccc2NC1=O)c1cccc(Cl)c1,4.721246399047171
CHEMBL2092868,CHEMBL298,Cholecystokinin B receptor,IC50,=,5200.0,nM,CHEMBL687330,B,Half-maximal inhibition of [125I]gastrin binding to guinea pig gastric glands,CHEMBL1124015,P32239,Cholecystokinin B receptor,IC50,CN1C(=O)[C@H](NC(=O)c2ccc(Cl)cc2)N=C(c2ccccc2F)c2ccccc21,5.2839966563652006
CHEMBL1907840,CHEMBL298,Cholecystokinin B receptor,IC50,=,60000.0,nM,CHEMBL687330,B,Half-maximal inhibition of [125I]gastrin binding to guinea pig gastric glands,CHEMBL1124015,P32239,Cholecystokinin B receptor,IC50,CCCCCc1ccc(C(=O)N[C@H]2N=C(c3ccccc3F)c3ccccc3N(C)C2=O)cc1,4.221848749616356
CHEMBL3350334,CHEMBL298,Cholecystokinin B receptor,IC50,=,70.0,nM,CHEMBL663101,B,Binding affinity towards Cholecystokinin type B receptor by displacement of [125I]BH-CCK-8 from human jurkat cells,CHEMBL1128332,P32239,Cholecystokinin B receptor,IC50,CS[C@H]1C[C@H](C(=O)N[C@@H](CC(=O)O)C(=O)N[C@@H](Cc2ccccc2)C(N)=O)N(C(=O)[C@H](Cc2c[nH]c3ccccc23)NC(C)=O)C1,7.154901959985743
CHEMBL290444,CHEMBL298,Cholecystokinin B receptor,IC50,=,2500.0,nM,CHEMBL663101,B,Binding affinity towards Cholecystokinin type B receptor by displacement of [125I]BH-CCK-8 from human jurkat cells,CHEMBL1128332,P32239,Cholecystokinin B receptor,IC50,CCS[C@H]1CCN(C(=O)[C@H](Cc2c[nH]c3ccccc23)NC(C)=O)[C@@H]1C(=O)N[C@@H](CC(=O)O)C(=O)N[C@@H](Cc1ccccc1)C(N)=O,5.6020599913279625
CHEMBL70728,CHEMBL298,Cholecystokinin B receptor,IC50,=,30000.0,nM,CHEMBL687330,B,Half-maximal inhibition of [125I]gastrin binding to guinea pig gastric glands,CHEMBL1124015,P32239,Cholecystokinin B receptor,IC50,O=C1Nc2ccc(Cl)cc2C(c2ccccc2)=N[C@@H]1Cc1c[nH]c2ccccc12,4.522878745280337
CHEMBL1907661,CHEMBL298,Cholecystokinin B receptor,IC50,=,180.0,nM,CHEMBL687330,B,Half-maximal inhibition of [125I]gastrin binding to guinea pig gastric glands,CHEMBL1124015,P32239,Cholecystokinin B receptor,IC50,CN1C(=O)[C@@H](NC(=O)/C=C/c2ccccc2)N=C(c2ccccc2)c2ccccc21,6.7447274948966935
CHEMBL294329,CHEMBL298,Cholecystokinin B receptor,IC50,=,4528.0,nM,CHEMBL666787,B,Compound was tested for its binding affinity towards Cholecystokinin type B receptor in cortical membranes (CNS),CHEMBL1150440,P32239,Cholecystokinin B receptor,IC50,CCCC[C@@H](C(=O)N[C@@H](CC(=O)O)[C@@H](Cc1ccccc1)C(N)=O)n1nnnc1[C@H](Cc1c[nH]c2ccccc12)NC(=O)CN.O=C(O)C(F)(F)F,5.344093581819784
CHEMBL431899,CHEMBL298,Cholecystokinin B receptor,IC50,=,7000.0,nM,CHEMBL663101,B,Binding affinity towards Cholecystokinin type B receptor by displacement of [125I]BH-CCK-8 from human jurkat cells,CHEMBL1128332,P32239,Cholecystokinin B receptor,IC50,CC(=O)N[C@@H](Cc1c[nH]c2ccccc12)C(=O)N(C)[C@@H](C)C(=O)N[C@@H](CC(=O)O)C(=O)N[C@@H](Cc1ccccc1)C(N)=O,5.154901959985743
CHEMBL303227,CHEMBL298,Cholecystokinin B receptor,IC50,=,1600.0,nM,CHEMBL687330,B,Half-maximal inhibition of [125I]gastrin binding to guinea pig gastric glands,CHEMBL1124015,P32239,Cholecystokinin B receptor,IC50,CN1C(=O)C(NC(=O)c2cc3ccccc3n2C)N=C(c2ccccc2F)c2ccccc21,5.795880017344075
CHEMBL2092865,CHEMBL298,Cholecystokinin B receptor,IC50,=,6200.0,nM,CHEMBL687330,B,Half-maximal inhibition of [125I]gastrin binding to guinea pig gastric glands,CHEMBL1124015,P32239,Cholecystokinin B receptor,IC50,CN1C(=O)[C@@H](NC(=O)c2ccc(C(F)(F)F)cc2)N=C(c2ccccc2)c2ccccc21,5.207608310501746
CHEMBL441445,CHEMBL298,Cholecystokinin B receptor,IC50,=,6400.0,nM,CHEMBL687330,B,Half-maximal inhibition of [125I]gastrin binding to guinea pig gastric glands,CHEMBL1124015,P32239,Cholecystokinin B receptor,IC50,CN1C(=O)C(NC(=O)c2ccc(C(C)(C)C)cc2)N=C(c2ccccc2F)c2ccccc21,5.1938200260161125
CHEMBL346784,CHEMBL298,Cholecystokinin B receptor,IC50,=,430.0,nM,CHEMBL663097,B,Inhibition of binding of [125I]gastrin to Cholecystokinin type B receptor from guinea pig gastric glands,CHEMBL1125047,P32239,Cholecystokinin B receptor,IC50,CCCCCN(CCCCC)C(=O)C(CCC(=O)N1CCCC1)NC(=O)Nc1ccc(Cl)cc1,6.366531544420413
CHEMBL307661,CHEMBL298,Cholecystokinin B receptor,IC50,=,390.0,nM,CHEMBL687330,B,Half-maximal inhibition of [125I]gastrin binding to guinea pig gastric glands,CHEMBL1124015,P32239,Cholecystokinin B receptor,IC50,O=C(O)CN1C(=O)C(NC(=O)c2cc3ccccc3[nH]2)N=C(c2ccccc2F)c2ccccc21,6.4089353929735005
CHEMBL309575,CHEMBL298,Cholecystokinin B receptor,IC50,=,8000.0,nM,CHEMBL687330,B,Half-maximal inhibition of [125I]gastrin binding to guinea pig gastric glands,CHEMBL1124015,P32239,Cholecystokinin B receptor,IC50,CSc1ccc(C(=O)NC2N=C(c3ccccc3)c3ccccc3NC2=O)cc1,5.096910013008056
CHEMBL432256,CHEMBL298,Cholecystokinin B receptor,IC50,=,19.95,nM,CHEMBL660310,B,In vitro displacement of [125I]BH-CCK-8 from cDNA of human Cholecystokinin type B receptor expressed in CHO-K1 cells,CHEMBL1128527,P32239,Cholecystokinin B receptor,IC50,Cc1ccccc1NC(=O)NCCCC[C@H](CNC(=O)[C@@](C)(Cc1c[nH]c2ccccc12)NC(=O)OC1C2CC3CC(C2)CC1C3)NC(=O)CCC(=O)O,7.700057099977233
CHEMBL74580,CHEMBL298,Cholecystokinin B receptor,IC50,=,8200.0,nM,CHEMBL687330,B,Half-maximal inhibition of [125I]gastrin binding to guinea pig gastric glands,CHEMBL1124015,P32239,Cholecystokinin B receptor,IC50,O=C(NC1N=C(c2ccccc2)c2ccccc2NC1=O)c1ccc(Cl)cc1,5.086186147616283
CHEMBL73946,CHEMBL298,Cholecystokinin B receptor,IC50,=,390.0,nM,CHEMBL687330,B,Half-maximal inhibition of [125I]gastrin binding to guinea pig gastric glands,CHEMBL1124015,P32239,Cholecystokinin B receptor,IC50,CN1C(=O)C(NC(=O)c2cccc(I)c2)N=C(c2ccccc2F)c2ccccc21,6.4089353929735005
CHEMBL155406,CHEMBL298,Cholecystokinin B receptor,IC50,=,7000.0,nM,CHEMBL663097,B,Inhibition of binding of [125I]gastrin to Cholecystokinin type B receptor from guinea pig gastric glands,CHEMBL1125047,P32239,Cholecystokinin B receptor,IC50,CCCN(CCC)C(=O)[C@H](CCC(=O)OCc1ccccc1)NC(=O)c1cc2ccccc2[nH]1,5.154901959985743
CHEMBL156814,CHEMBL298,Cholecystokinin B receptor,IC50,=,44000.0,nM,CHEMBL663097,B,Inhibition of binding of [125I]gastrin to Cholecystokinin type B receptor from guinea pig gastric glands,CHEMBL1125047,P32239,Cholecystokinin B receptor,IC50,CCCCCN(CCCCC)C(=O)C(CCC(=O)OCc1ccccc1)NC(=O)Nc1ccc(Cl)cc1,4.356547323513812
CHEMBL72300,CHEMBL298,Cholecystokinin B receptor,IC50,=,14000.0,nM,CHEMBL687330,B,Half-maximal inhibition of [125I]gastrin binding to guinea pig gastric glands,CHEMBL1124015,P32239,Cholecystokinin B receptor,IC50,O=C(NC1N=C(c2ccccc2F)c2ccccc2NC1=O)c1ccc(Cl)cc1,4.853871964321762
CHEMBL308414,CHEMBL298,Cholecystokinin B receptor,IC50,=,20000.0,nM,CHEMBL687330,B,Half-maximal inhibition of [125I]gastrin binding to guinea pig gastric glands,CHEMBL1124015,P32239,Cholecystokinin B receptor,IC50,O=C(NC1N=C(c2ccccc2F)c2ccccc2NC1=O)c1cc2cc(Cl)ccc2[nH]1,4.698970004336019
CHEMBL2092871,CHEMBL298,Cholecystokinin B receptor,IC50,=,240.0,nM,CHEMBL687330,B,Half-maximal inhibition of [125I]gastrin binding to guinea pig gastric glands,CHEMBL1124015,P32239,Cholecystokinin B receptor,IC50,CN1C(=O)[C@H](NC(=O)c2cc3ccccc3[nH]2)N=C(c2ccccc2F)c2ccccc21,6.619788758288394
CHEMBL72710,CHEMBL298,Cholecystokinin B receptor,IC50,=,22000.0,nM,CHEMBL687330,B,Half-maximal inhibition of [125I]gastrin binding to guinea pig gastric glands,CHEMBL1124015,P32239,Cholecystokinin B receptor,IC50,N#Cc1ccc(C(=O)NC2N=C(c3ccccc3)c3ccccc3NC2=O)cc1,4.657577319177793
CHEMBL24938,CHEMBL298,Cholecystokinin B receptor,IC50,=,1900.0,nM,CHEMBL663097,B,Inhibition of binding of [125I]gastrin to Cholecystokinin type B receptor from guinea pig gastric glands,CHEMBL1125047,P32239,Cholecystokinin B receptor,IC50,CCCCCN(CCCCC)C(=O)C(CCC(=O)O)NC(=O)c1ccc(Cl)c(Cl)c1,5.721246399047171
CHEMBL422411,CHEMBL298,Cholecystokinin B receptor,IC50,=,32000.0,nM,CHEMBL687330,B,Half-maximal inhibition of [125I]gastrin binding to guinea pig gastric glands,CHEMBL1124015,P32239,Cholecystokinin B receptor,IC50,O=C(Cc1c[nH]c2ccccc12)NC1N=C(c2ccccc2)c2ccccc2NC1=O,4.494850021680094
CHEMBL70856,CHEMBL298,Cholecystokinin B receptor,IC50,=,11000.0,nM,CHEMBL687330,B,Half-maximal inhibition of [125I]gastrin binding to guinea pig gastric glands,CHEMBL1124015,P32239,Cholecystokinin B receptor,IC50,O=C(NC1N=C(c2ccccc2F)c2ccccc2NC1=O)c1cc2ccccc2o1,4.958607314841775
CHEMBL72570,CHEMBL298,Cholecystokinin B receptor,IC50,=,7000.0,nM,CHEMBL687330,B,Half-maximal inhibition of [125I]gastrin binding to guinea pig gastric glands,CHEMBL1124015,P32239,Cholecystokinin B receptor,IC50,O=C(Cc1ccc(Cl)cc1)NC1N=C(c2ccccc2F)c2ccccc2NC1=O,5.154901959985743
CHEMBL304524,CHEMBL298,Cholecystokinin B receptor,IC50,=,5011.87,nM,CHEMBL660309,B,Displacement of CCK-8 from human Cholecystokinin type B receptor expressing CHO cell membranes ,CHEMBL1128735,P32239,Cholecystokinin B receptor,IC50,CC(=O)N[C@@H](Cc1c[nH]c2ccccc12)C(=O)NC(CCCCNC(=O)Nc1ccccc1C)C(=O)N[C@@H](CC(=O)O)C(=O)N[C@H](Cc1ccc(C)cc1)C(N)=O,5.300000202445418
CHEMBL158362,CHEMBL298,Cholecystokinin B receptor,IC50,=,170.0,nM,CHEMBL663097,B,Inhibition of binding of [125I]gastrin to Cholecystokinin type B receptor from guinea pig gastric glands,CHEMBL1125047,P32239,Cholecystokinin B receptor,IC50,CCCCCN(CCCCC)C(=O)[C@H](CCC(=O)O)NC(=O)c1cc2ccccc2[nH]1,6.769551078621726
CHEMBL443009,CHEMBL298,Cholecystokinin B receptor,IC50,=,3800.0,nM,CHEMBL687330,B,Half-maximal inhibition of [125I]gastrin binding to guinea pig gastric glands,CHEMBL1124015,P32239,Cholecystokinin B receptor,IC50,O=C(/C=C/c1ccccc1)NC1N=C(c2ccccc2F)c2ccccc2NC1=O,5.42021640338319
CHEMBL73885,CHEMBL298,Cholecystokinin B receptor,IC50,=,6300.0,nM,CHEMBL687330,B,Half-maximal inhibition of [125I]gastrin binding to guinea pig gastric glands,CHEMBL1124015,P32239,Cholecystokinin B receptor,IC50,Cn1c(C(=O)NC2N=C(c3ccccc3F)c3ccccc3NC2=O)cc2ccccc21,5.200659450546418
CHEMBL305951,CHEMBL298,Cholecystokinin B receptor,IC50,=,1800.0,nM,CHEMBL687330,B,Half-maximal inhibition of [125I]gastrin binding to guinea pig gastric glands,CHEMBL1124015,P32239,Cholecystokinin B receptor,IC50,CN1C(=O)C(NC(=O)c2ccc(C(F)(F)F)cc2)N=C(c2ccccc2F)c2ccccc21,5.7447274948966935
CHEMBL307370,CHEMBL298,Cholecystokinin B receptor,IC50,=,18000.0,nM,CHEMBL687330,B,Half-maximal inhibition of [125I]gastrin binding to guinea pig gastric glands,CHEMBL1124015,P32239,Cholecystokinin B receptor,IC50,O=C(NC1N=C(c2ccccc2)c2ccccc2NC1=O)c1c[nH]c2ccccc12,4.7447274948966935
CHEMBL307034,CHEMBL298,Cholecystokinin B receptor,IC50,=,55000.0,nM,CHEMBL687330,B,Half-maximal inhibition of [125I]gastrin binding to guinea pig gastric glands,CHEMBL1124015,P32239,Cholecystokinin B receptor,IC50,CN1C(=O)[C@H](NC(=O)[C@H](N)Cc2ccccc2)N=C(c2ccccc2)c2ccccc21,4.259637310505756
CHEMBL39263,CHEMBL298,Cholecystokinin B receptor,IC50,=,720.0,nM,CHEMBL687330,B,Half-maximal inhibition of [125I]gastrin binding to guinea pig gastric glands,CHEMBL1124015,P32239,Cholecystokinin B receptor,IC50,CN1C(=O)C(NC(=O)c2cc3ccccc3[nH]2)N=C(c2ccccc2)c2ccccc21,6.142667503568731
CHEMBL302027,CHEMBL298,Cholecystokinin B receptor,IC50,=,50118.72,nM,CHEMBL660309,B,Displacement of CCK-8 from human Cholecystokinin type B receptor expressing CHO cell membranes ,CHEMBL1128735,P32239,Cholecystokinin B receptor,IC50,CC(=O)N[C@H](Cc1c[nH]c2ccccc12)C(=O)NC(Cc1cccc(NC(=O)Nc2ccccc2C)c1)C(=O)N[C@H](CC(=O)O)C(=O)N[C@@H](Cc1ccc(C)cc1)C(N)=O,4.300000029139088
CHEMBL157658,CHEMBL298,Cholecystokinin B receptor,IC50,=,310.0,nM,CHEMBL663097,B,Inhibition of binding of [125I]gastrin to Cholecystokinin type B receptor from guinea pig gastric glands,CHEMBL1125047,P32239,Cholecystokinin B receptor,IC50,CCCCCN(CCCCC)C(=O)[C@H](CCC(=O)O)NC(=O)Nc1cccc(OC)c1,6.508638306165727
CHEMBL309017,CHEMBL298,Cholecystokinin B receptor,IC50,=,29000.0,nM,CHEMBL687330,B,Half-maximal inhibition of [125I]gastrin binding to guinea pig gastric glands,CHEMBL1124015,P32239,Cholecystokinin B receptor,IC50,O=C(NC1N=C(c2ccccc2)c2ccccc2NC1=O)c1cccc2ccccc12,4.537602002101044
CHEMBL1907838,CHEMBL298,Cholecystokinin B receptor,IC50,=,1500.0,nM,CHEMBL687330,B,Half-maximal inhibition of [125I]gastrin binding to guinea pig gastric glands,CHEMBL1124015,P32239,Cholecystokinin B receptor,IC50,CN1C(=O)[C@H](NC(=O)C2CCCCC2)N=C(c2ccccc2)c2ccccc21,5.823908740944319
CHEMBL419764,CHEMBL298,Cholecystokinin B receptor,IC50,=,1400.0,nM,CHEMBL687330,B,Half-maximal inhibition of [125I]gastrin binding to guinea pig gastric glands,CHEMBL1124015,P32239,Cholecystokinin B receptor,IC50,CN1C(=O)[C@H](NC(=O)c2cc3ccccc3[nH]2)N=C(c2ccccc2)c2ccccc21,5.853871964321762
CHEMBL308756,CHEMBL298,Cholecystokinin B receptor,IC50,=,80000.0,nM,CHEMBL687330,B,Half-maximal inhibition of [125I]gastrin binding to guinea pig gastric glands,CHEMBL1124015,P32239,Cholecystokinin B receptor,IC50,CCCc1ccc(C(=O)NC2N=C(c3ccccc3)c3ccccc3NC2=O)cc1,4.096910013008056
CHEMBL74181,CHEMBL298,Cholecystokinin B receptor,IC50,=,17000.0,nM,CHEMBL687330,B,Half-maximal inhibition of [125I]gastrin binding to guinea pig gastric glands,CHEMBL1124015,P32239,Cholecystokinin B receptor,IC50,O=C(CCc1c[nH]c2ccccc12)NC1N=C(c2ccccc2)c2ccccc2NC1=O,4.769551078621726
CHEMBL70593,CHEMBL298,Cholecystokinin B receptor,IC50,=,550.0,nM,CHEMBL687330,B,Half-maximal inhibition of [125I]gastrin binding to guinea pig gastric glands,CHEMBL1124015,P32239,Cholecystokinin B receptor,IC50,O=C(NC1N=C(c2ccccc2F)c2ccccc2N(C(=O)c2ccc(Cl)cc2)C1=O)c1ccc(Cl)cc1,6.259637310505756
CHEMBL34554,CHEMBL298,Cholecystokinin B receptor,IC50,=,3.3,nM,CHEMBL663101,B,Binding affinity towards Cholecystokinin type B receptor by displacement of [125I]BH-CCK-8 from human jurkat cells,CHEMBL1128332,P32239,Cholecystokinin B receptor,IC50,CCCS[C@H]1CCN(C(=O)[C@H](Cc2c[nH]c3ccccc23)NC(C)=O)[C@H]1C(=O)N[C@@H](CC(=O)O)C(=O)N[C@@H](Cc1ccccc1)C(N)=O,8.481486060122112
CHEMBL37830,CHEMBL298,Cholecystokinin B receptor,IC50,=,0.45,nM,CHEMBL663101,B,Binding affinity towards Cholecystokinin type B receptor by displacement of [125I]BH-CCK-8 from human jurkat cells,CHEMBL1128332,P32239,Cholecystokinin B receptor,IC50,CCCS[C@@H]1CCN(C(=O)[C@H](Cc2c[nH]c3ccccc23)NC(C)=O)[C@H]1C(=O)N[C@@H](CC(=O)O)C(=O)N[C@@H](Cc1ccccc1)C(N)=O,9.346787486224656
CHEMBL432334,CHEMBL298,Cholecystokinin B receptor,IC50,=,30000.0,nM,CHEMBL687330,B,Half-maximal inhibition of [125I]gastrin binding to guinea pig gastric glands,CHEMBL1124015,P32239,Cholecystokinin B receptor,IC50,CN1C(=O)C(NC(=O)c2ccccc2Cl)N=C(c2ccccc2)c2ccccc21,4.522878745280337
CHEMBL72526,CHEMBL298,Cholecystokinin B receptor,IC50,=,1200.0,nM,CHEMBL687330,B,Half-maximal inhibition of [125I]gastrin binding to guinea pig gastric glands,CHEMBL1124015,P32239,Cholecystokinin B receptor,IC50,CN1C(=O)C(NC(=O)[C@H](Cc2ccccc2)NC(=O)OC(C)(C)C)N=C(c2ccccc2F)c2ccccc21,5.920818753952375
CHEMBL71079,CHEMBL298,Cholecystokinin B receptor,IC50,=,2000.0,nM,CHEMBL687330,B,Half-maximal inhibition of [125I]gastrin binding to guinea pig gastric glands,CHEMBL1124015,P32239,Cholecystokinin B receptor,IC50,CN1C(=O)C(NC(=O)c2cc3ccccc3n2C)N=C(c2ccccc2)c2ccccc21,5.698970004336019
CHEMBL1907844,CHEMBL298,Cholecystokinin B receptor,IC50,=,19000.0,nM,CHEMBL687330,B,Half-maximal inhibition of [125I]gastrin binding to guinea pig gastric glands,CHEMBL1124015,P32239,Cholecystokinin B receptor,IC50,CN1C(=O)[C@@H](NC(=O)c2ccccc2Br)N=C(c2ccccc2F)c2ccccc21,4.721246399047171
CHEMBL302282,CHEMBL298,Cholecystokinin B receptor,IC50,=,40000.0,nM,CHEMBL687330,B,Half-maximal inhibition of [125I]gastrin binding to guinea pig gastric glands,CHEMBL1124015,P32239,Cholecystokinin B receptor,IC50,CC(C)(C)c1ccc(C(=O)NC2N=C(c3ccccc3)c3ccccc3NC2=O)cc1,4.3979400086720375
CHEMBL1907845,CHEMBL298,Cholecystokinin B receptor,IC50,=,4400.0,nM,CHEMBL687330,B,Half-maximal inhibition of [125I]gastrin binding to guinea pig gastric glands,CHEMBL1124015,P32239,Cholecystokinin B receptor,IC50,CN1C(=O)[C@H](NC(=O)c2ccccc2I)N=C(c2ccccc2F)c2ccccc21,5.356547323513812
CHEMBL1907667,CHEMBL298,Cholecystokinin B receptor,IC50,=,3700.0,nM,CHEMBL687330,B,Half-maximal inhibition of [125I]gastrin binding to guinea pig gastric glands,CHEMBL1124015,P32239,Cholecystokinin B receptor,IC50,CN1C(=O)[C@H](NC(=O)c2ccccc2Cl)N=C(c2ccccc2F)c2ccccc21,5.431798275933005
CHEMBL287751,CHEMBL298,Cholecystokinin B receptor,IC50,=,600.0,nM,CHEMBL663101,B,Binding affinity towards Cholecystokinin type B receptor by displacement of [125I]BH-CCK-8 from human jurkat cells,CHEMBL1128332,P32239,Cholecystokinin B receptor,IC50,CC(=O)N[C@@H](Cc1c[nH]c2ccccc12)C(=O)N1CCC[C@H]1C(=O)N[C@@H](CC(=O)O)C(=O)N[C@@H](Cc1ccccc1)C(N)=O,6.221848749616356
CHEMBL2310858,CHEMBL298,Cholecystokinin B receptor,IC50,=,0.9,nM,CHEMBL662568,B,Evaluated in vitro for its binding affinity towards cholecystokinin type B receptor of guinea pig cortex,CHEMBL1125509,P32239,Cholecystokinin B receptor,IC50,CCCC1CCN([C@@H](C)C(=O)N[C@@H](CC(=O)O)C(=O)N(C)[C@@H](Cc2ccccc2)C(N)=O)[C@H]1C(=O)[C@H](Cc1c[nH]c2ccccc12)NC(=O)CNC(=O)[C@@H]1CCCN1C(=O)CCc1ccc(OS(=O)(=O)O)cc1,9.045757490560675
CHEMBL9387,CHEMBL298,Cholecystokinin B receptor,IC50,=,8.5,nM,CHEMBL656250,B,Inhibitory activity against Cholecystokinin type B receptor in guinea pig cerebral cortex using [125 I ]- CCK-8 as radioligand.,CHEMBL1128760,P32239,Cholecystokinin B receptor,IC50,Cc1cccc(NC(=O)N[C@@H]2N=C(c3ccccc3)c3ccccc3N(C)C2=O)c1,8.070581074285707
CHEMBL98720,CHEMBL298,Cholecystokinin B receptor,IC50,=,15.0,nM,CHEMBL662568,B,Evaluated in vitro for its binding affinity towards cholecystokinin type B receptor of guinea pig cortex,CHEMBL1125509,P32239,Cholecystokinin B receptor,IC50,CCCC[C@H](NC(=O)[C@H](Cc1c[nH]c2ccccc12)NC(=O)CN1CC[C@H](NC(=O)CCc2ccc(OS(=O)(=O)O)cc2)C1=O)C(=O)N[C@@H](CC(=O)O)C(=O)N[C@@H](Cc1ccccc1)C(N)=O,7.823908740944319
CHEMBL34335,CHEMBL298,Cholecystokinin B receptor,IC50,=,110.0,nM,CHEMBL656250,B,Inhibitory activity against Cholecystokinin type B receptor in guinea pig cerebral cortex using [125 I ]- CCK-8 as radioligand.,CHEMBL1128760,P32239,Cholecystokinin B receptor,IC50,Cc1cccc(NC(=O)NC2CCc3ccccc3N(CC(=O)OC(C)(C)C)C2=O)c1,6.958607314841775
CHEMBL99499,CHEMBL298,Cholecystokinin B receptor,IC50,=,8.7,nM,CHEMBL660022,B,Evaluated in vitro for its binding affinity towards cholecystokinin type B receptor of guinea pig cortex,CHEMBL1125509,P32239,Cholecystokinin B receptor,IC50,CCCC[C@H](NC(=O)CCc1ccc(OS(=O)(=O)O)cc1)C(=O)NCC(=O)N[C@@H](Cc1c[nH]c2ccccc12)C(=O)N[C@@H](CCCC)C(=O)N[C@@H](CC(=O)O)C(=O)N/C(=C\c1ccccc1)C(N)=O,8.060480747381382
CHEMBL269016,CHEMBL298,Cholecystokinin B receptor,IC50,=,570.0,nM,CHEMBL660022,B,Evaluated in vitro for its binding affinity towards cholecystokinin type B receptor of guinea pig cortex,CHEMBL1125509,P32239,Cholecystokinin B receptor,IC50,CCCC[C@H](NC(=O)CCc1ccc(OS(=O)(=O)O)cc1)C(=O)NCC(=O)N[C@@H](Cc1c[nH]c2ccccc12)C(=O)N[C@@H](CCCC)C(=O)N(C)[C@@H](CC(=O)O)C(=O)N[C@@H](Cc1ccccc1)C(N)=O,6.2441251443275085
CHEMBL98446,CHEMBL298,Cholecystokinin B receptor,IC50,=,7.9,nM,CHEMBL662567,B,In vitro binding affinity towards Cholecystokinin type B receptor of guinea pig cortex,CHEMBL1125509,P32239,Cholecystokinin B receptor,IC50,CCCC[C@H](NC(=O)[C@H](Cc1c[nH]c2ccccc12)NC(=O)CNC(=O)[C@@H](CCCC)NC(=O)CCc1ccc(OS(=O)(=O)O)cc1)C(=O)N[C@@H](CC(=O)O)C(=O)N[C@@H](Cc1ccccc1)C(N)=O,8.102372908709558
CHEMBL2310857,CHEMBL298,Cholecystokinin B receptor,IC50,=,140.0,nM,CHEMBL660022,B,Evaluated in vitro for its binding affinity towards cholecystokinin type B receptor of guinea pig cortex,CHEMBL1125509,P32239,Cholecystokinin B receptor,IC50,CCCC[C@H](NC(=O)CCc1ccc(OS(=O)(=O)O)cc1)C(=O)NCC(=O)N[C@@H](Cc1c[nH]c2ccccc12)C(=O)N[C@@H](CCCC)C(=O)N1CC(OS(=O)(=O)O)C[C@H]1C(=O)N[C@@H](Cc1ccccc1)C(N)=O,6.853871964321762
CHEMBL318010,CHEMBL298,Cholecystokinin B receptor,IC50,=,3.4,nM,CHEMBL662568,B,Evaluated in vitro for its binding affinity towards cholecystokinin type B receptor of guinea pig cortex,CHEMBL1125509,P32239,Cholecystokinin B receptor,IC50,CCCC[C@H](NC(=O)[C@H](Cc1c[nH]c2ccccc12)NC(=O)CNC(=O)CNC(=O)CCc1ccc(OS(=O)(=O)O)cc1)C(=O)N[C@@H](CC(=O)O)C(=O)N[C@@H](Cc1ccccc1)C(N)=O,8.468521082957745
CHEMBL316709,CHEMBL298,Cholecystokinin B receptor,IC50,=,16.0,nM,CHEMBL662568,B,Evaluated in vitro for its binding affinity towards cholecystokinin type B receptor of guinea pig cortex,CHEMBL1125509,P32239,Cholecystokinin B receptor,IC50,CCCC[C@H](NC(=O)CCc1ccc(OS(=O)(=O)O)cc1)C(=O)NCC(=O)N[C@@H](Cc1c[nH]c2ccccc12)C(=O)N1CCC[C@H]1C(=O)N[C@@H](CC(=O)O)C(=O)N(C)[C@@H](Cc1ccccc1)C(N)=O,7.795880017344075
CHEMBL316944,CHEMBL298,Cholecystokinin B receptor,IC50,=,0.59,nM,CHEMBL662568,B,Evaluated in vitro for its binding affinity towards cholecystokinin type B receptor of guinea pig cortex,CHEMBL1125509,P32239,Cholecystokinin B receptor,IC50,CCCC[C@H](NC(=O)[C@H](Cc1c[nH]c2ccccc12)NC(=O)CNC(=O)[C@H](CC(C)C)NC(=O)CCc1ccc(OS(=O)(=O)O)cc1)C(=O)N[C@@H](CC(=O)O)C(=O)N[C@@H](Cc1ccccc1)C(N)=O,9.229147988357855
CHEMBL414793,CHEMBL298,Cholecystokinin B receptor,IC50,=,24.0,nM,CHEMBL662568,B,Evaluated in vitro for its binding affinity towards cholecystokinin type B receptor of guinea pig cortex,CHEMBL1125509,P32239,Cholecystokinin B receptor,IC50,CCCC[C@H](NC(=O)CCc1ccc(OS(=O)(=O)O)cc1)C(=O)N[C@H](C)C(=O)N[C@@H](Cc1c[nH]c2ccccc12)C(=O)N[C@@H](CCCC)C(=O)N[C@@H](CC(=O)O)C(=O)N[C@@H](Cc1ccccc1)C(N)=O,7.619788758288394
CHEMBL263742,CHEMBL298,Cholecystokinin B receptor,IC50,=,10.0,nM,CHEMBL660022,B,Evaluated in vitro for its binding affinity towards cholecystokinin type B receptor of guinea pig cortex,CHEMBL1125509,P32239,Cholecystokinin B receptor,IC50,CCCC[C@H](NC(=O)CCc1ccc(OS(=O)(=O)O)cc1)C(=O)NCC(=O)N[C@@H](Cc1c[nH]c2ccccc12)C(=O)N[C@@H](CCCC)C(=O)N[C@@H](CC(=O)O)C(=O)N(C)[C@@H](Cc1ccccc1)C(N)=O,8.0
CHEMBL98631,CHEMBL298,Cholecystokinin B receptor,IC50,=,1.1,nM,CHEMBL662568,B,Evaluated in vitro for its binding affinity towards cholecystokinin type B receptor of guinea pig cortex,CHEMBL1125509,P32239,Cholecystokinin B receptor,IC50,CC(C)C[C@H](NC(=O)[C@H](Cc1c[nH]c2ccccc12)NC(=O)CCCCNC(=O)CCc1ccc(OS(=O)(=O)O)cc1)C(=O)N[C@@H](CC(=O)O)C(=O)N[C@@H](Cc1ccccc1)C(N)=O,8.958607314841775
CHEMBL269355,CHEMBL298,Cholecystokinin B receptor,IC50,=,0.3,nM,CHEMBL660022,B,Evaluated in vitro for its binding affinity towards cholecystokinin type B receptor of guinea pig cortex,CHEMBL1125509,P32239,Cholecystokinin B receptor,IC50,CCCC[C@H](NC(=O)CCc1ccc(OS(=O)(=O)O)cc1)C(=O)NCC(=O)N[C@@H](Cc1c[nH]c2ccccc12)C(=O)N1CCC(CCC)[C@H]1C(=O)N[C@@H](CC(=O)O)C(=O)N(C)[C@@H](Cc1ccccc1)C(N)=O,9.522878745280337
CHEMBL282294,CHEMBL298,Cholecystokinin B receptor,IC50,=,15.7,nM,CHEMBL653978,B,Inhibitory activity against Cholecystokinin type B receptor in guinea pig cerebral cortex using [125 I ]- CCK-8 as radioligand.,CHEMBL1128760,P32239,Cholecystokinin B receptor,IC50,Cc1cccc(NC(=O)N[C@@H]2C[C@H](N3CCCCCC3)c3ccccc3N(C)C2=O)c1,7.804100347590766
CHEMBL98332,CHEMBL298,Cholecystokinin B receptor,IC50,=,7.7,nM,CHEMBL662568,B,Evaluated in vitro for its binding affinity towards cholecystokinin type B receptor of guinea pig cortex,CHEMBL1125509,P32239,Cholecystokinin B receptor,IC50,CCCC[C@H](NC(=O)/C=C/c1ccc(OS(=O)(=O)O)cc1)C(=O)NCC(=O)N[C@@H](Cc1c[nH]c2ccccc12)C(=O)N[C@@H](CCCC)C(=O)N[C@@H](CC(=O)O)C(=O)N[C@@H](Cc1ccccc1)C(N)=O,8.113509274827518
CHEMBL408286,CHEMBL298,Cholecystokinin B receptor,IC50,=,32.0,nM,CHEMBL662568,B,Evaluated in vitro for its binding affinity towards cholecystokinin type B receptor of guinea pig cortex,CHEMBL1125509,P32239,Cholecystokinin B receptor,IC50,CCCC[C@H](NC(=O)c1ccc2cc(OS(=O)(=O)O)ccc2c1)C(=O)NCC(=O)N[C@@H](Cc1c[nH]c2ccccc12)C(=O)N[C@@H](CCCC)C(=O)N[C@@H](CC(=O)O)C(=O)N[C@@H](Cc1ccccc1)C(N)=O,7.494850021680094
CHEMBL316949,CHEMBL298,Cholecystokinin B receptor,IC50,=,0.5,nM,CHEMBL662568,B,Evaluated in vitro for its binding affinity towards cholecystokinin type B receptor of guinea pig cortex,CHEMBL1125509,P32239,Cholecystokinin B receptor,IC50,CCCC[C@H](NC(=O)CCc1ccc(OS(=O)(=O)O)cc1)C(=O)NCC(=O)N[C@@H](Cc1c[nH]c2ccccc12)C(=O)N[C@@H](CCCC)C(=O)N[C@@H](CC(=O)O)C(=O)N[C@@H](Cc1ccccc1)C(N)=O,9.301029995663981
CHEMBL412238,CHEMBL298,Cholecystokinin B receptor,IC50,=,0.24,nM,CHEMBL662568,B,Evaluated in vitro for its binding affinity towards cholecystokinin type B receptor of guinea pig cortex,CHEMBL1125509,P32239,Cholecystokinin B receptor,IC50,CCCC[C@H](NC(=O)CCc1ccc(OS(=O)(=O)O)cc1)C(=O)NCC(=O)N[C@@H](Cc1c[nH]c2ccccc12)C(=O)N(C)[C@@H](CC(C)C)C(=O)N[C@@H](CC(=O)O)C(=O)N[C@@H](Cc1ccccc1)C(N)=O,9.619788758288394
CHEMBL30919,CHEMBL298,Cholecystokinin B receptor,IC50,=,6.9,nM,CHEMBL656250,B,Inhibitory activity against Cholecystokinin type B receptor in guinea pig cerebral cortex using [125 I ]- CCK-8 as radioligand.,CHEMBL1128760,P32239,Cholecystokinin B receptor,IC50,Cc1cccc(NC(=O)N[C@@H]2C[C@@H](N3CCCCCC3)c3ccccc3N(C)C2=O)c1,8.161150909262744
CHEMBL439591,CHEMBL298,Cholecystokinin B receptor,IC50,=,1.4,nM,CHEMBL662568,B,Evaluated in vitro for its binding affinity towards cholecystokinin type B receptor of guinea pig cortex,CHEMBL1125509,P32239,Cholecystokinin B receptor,IC50,CCCC[C@H](NC(=O)CCc1ccc(OS(=O)(=O)O)cc1)C(=O)NCC(=O)N[C@@H](Cc1c[nH]c2ccccc12)C(=O)N[C@@H](CC(C)C)C(=O)N[C@@H](CC(=O)O)C(=O)N[C@@H](Cc1ccccc1)C(N)=O,8.853871964321762
CHEMBL2310856,CHEMBL298,Cholecystokinin B receptor,IC50,=,3.1,nM,CHEMBL662568,B,Evaluated in vitro for its binding affinity towards cholecystokinin type B receptor of guinea pig cortex,CHEMBL1125509,P32239,Cholecystokinin B receptor,IC50,CCCC[C@H](NC(=O)[C@H](Cc1c[nH]c2ccccc12)NC(=O)CNC(=O)[C@@H]1CCCN1C(=O)CCc1ccc(OS(=O)(=O)O)cc1)C(=O)N[C@@H](CC(=O)O)C(=O)N[C@@H](Cc1ccccc1)C(N)=O,8.508638306165727
CHEMBL9506,CHEMBL298,Cholecystokinin B receptor,IC50,=,245.0,nM,CHEMBL657477,B,Ability to inhibit the binding of [125I]CCK-8 to Cholecystokinin type B receptor in guinea pig cortex.,CHEMBL1126473,P32239,Cholecystokinin B receptor,IC50,CN1C(=O)[C@@H](NC(=O)c2cc3ccccc3[nH]2)N=C(c2ccccc2)c2ccccc21,6.610833915635467
CHEMBL9506,CHEMBL298,Cholecystokinin B receptor,IC50,=,300.0,nM,CHEMBL682558,B,Ability to inhibit the binding of [125I]-gastrin to gastric glands in guinea pig.,CHEMBL1126473,P32239,Cholecystokinin B receptor,IC50,CN1C(=O)[C@@H](NC(=O)c2cc3ccccc3[nH]2)N=C(c2ccccc2)c2ccccc21,6.522878745280337
CHEMBL127397,CHEMBL298,Cholecystokinin B receptor,IC50,=,10.1,nM,CHEMBL653979,B,In vitro affinity to the cholecystokinin type B receptor in guinea pig cortex assayed using [125I]BH-CCK-8 as radioligand,CHEMBL1127392,P32239,Cholecystokinin B receptor,IC50,Cc1cccc(NC(=O)N[C@@H]2C[C@H](c3ccccc3)c3ccccc3N(CC(=O)NC(C)(C)C)C2=O)c1,7.995678626217357
CHEMBL339515,CHEMBL298,Cholecystokinin B receptor,IC50,=,24.0,nM,CHEMBL653979,B,In vitro affinity to the cholecystokinin type B receptor in guinea pig cortex assayed using [125I]BH-CCK-8 as radioligand,CHEMBL1127392,P32239,Cholecystokinin B receptor,IC50,CC(C)(C)NC(=O)CN1C(=O)[C@H](NC(=O)Nc2cccc(Cl)c2)C[C@H](c2ccccc2)c2cc(Cl)ccc21,7.619788758288394
CHEMBL137240,CHEMBL298,Cholecystokinin B receptor,IC50,=,46.0,nM,CHEMBL656248,B,Inhibition of binding of [125I]-CCK-8 to the cholecystokinin type B receptor,CHEMBL1126970,P32239,Cholecystokinin B receptor,IC50,CN1C(=O)C(NC(=O)Nc2ccc([N+](=O)[O-])cc2)N=C(c2ccccc2)c2ccccc21,7.337242168318426
CHEMBL335241,CHEMBL298,Cholecystokinin B receptor,IC50,=,92.0,nM,CHEMBL656248,B,Inhibition of binding of [125I]-CCK-8 to the cholecystokinin type B receptor,CHEMBL1126970,P32239,Cholecystokinin B receptor,IC50,Cc1cccc(NC(=O)NC2N=C(c3cccnc3)c3ccccc3N(C)C2=O)c1,7.036212172654444
CHEMBL354040,CHEMBL298,Cholecystokinin B receptor,IC50,=,109.0,nM,CHEMBL657477,B,Ability to inhibit the binding of [125I]CCK-8 to Cholecystokinin type B receptor in guinea pig cortex.,CHEMBL1126473,P32239,Cholecystokinin B receptor,IC50,Cc1cccc(NC(=O)N[C@@H]2CCc3ccccc3N(CC(=O)N3CCCC3)C2=O)c1,6.962573502059376
CHEMBL105404,CHEMBL298,Cholecystokinin B receptor,IC50,=,410.0,nM,CHEMBL658773,B,Inhibitory activity towards binding of [125I]Bolton-Hunter-CCK-8 to CCKB receptor in guinea pig cortical tissue,CHEMBL1128107,P32239,Cholecystokinin B receptor,IC50,Cc1cccc(NC(=O)N[C@H](CC(=O)OCc2ccccc2)C(=O)N2CCC(C(=O)c3ccccc3)CC2)c1,6.3872161432802645
CHEMBL2112751,CHEMBL298,Cholecystokinin B receptor,IC50,=,19.0,nM,CHEMBL656248,B,Inhibition of binding of [125I]-CCK-8 to the cholecystokinin type B receptor,CHEMBL1126970,P32239,Cholecystokinin B receptor,IC50,CN1C(=O)[C@H](NC(=O)NCc2cccc(O)c2)N=C(c2ccccc2)c2ccccc21,7.721246399047171
CHEMBL337722,CHEMBL298,Cholecystokinin B receptor,IC50,=,170.0,nM,CHEMBL656248,B,Inhibition of binding of [125I]-CCK-8 to the cholecystokinin type B receptor,CHEMBL1126970,P32239,Cholecystokinin B receptor,IC50,CN1C(=O)C(NC(=O)Nc2cccc(CNC(=O)OC(C)(C)C)c2)N=C(c2ccccc2)c2ccccc21,6.769551078621726
CHEMBL424211,CHEMBL298,Cholecystokinin B receptor,IC50,=,180.0,nM,CHEMBL657477,B,Ability to inhibit the binding of [125I]CCK-8 to Cholecystokinin type B receptor in guinea pig cortex.,CHEMBL1126473,P32239,Cholecystokinin B receptor,IC50,CC(C)(C)OC(=O)CN1C(=O)C(NC(=O)Nc2ccc(Cl)cc2)CCc2ccccc21,6.7447274948966935
CHEMBL424211,CHEMBL298,Cholecystokinin B receptor,IC50,=,120.0,nM,CHEMBL682558,B,Ability to inhibit the binding of [125I]-gastrin to gastric glands in guinea pig.,CHEMBL1126473,P32239,Cholecystokinin B receptor,IC50,CC(C)(C)OC(=O)CN1C(=O)C(NC(=O)Nc2ccc(Cl)cc2)CCc2ccccc21,6.920818753952375
CHEMBL103276,CHEMBL298,Cholecystokinin B receptor,IC50,=,900.0,nM,CHEMBL658773,B,Inhibitory activity towards binding of [125I]Bolton-Hunter-CCK-8 to CCKB receptor in guinea pig cortical tissue,CHEMBL1128107,P32239,Cholecystokinin B receptor,IC50,Cc1cccc(NC(=O)N[C@H](CCC(=O)OCc2ccccc2)C(=O)N2CCC(C(=O)c3ccccc3)CC2)c1,6.045757490560675
CHEMBL123951,CHEMBL298,Cholecystokinin B receptor,IC50,=,7.6,nM,CHEMBL653979,B,In vitro affinity to the cholecystokinin type B receptor in guinea pig cortex assayed using [125I]BH-CCK-8 as radioligand,CHEMBL1127392,P32239,Cholecystokinin B receptor,IC50,CCC(C)(C)NC(=O)CN1C(=O)[C@H](NC(=O)Nc2cccc(Cl)c2)C[C@H](c2ccccc2)c2ccccc21,8.119186407719209
CHEMBL337937,CHEMBL298,Cholecystokinin B receptor,IC50,=,35.7,nM,CHEMBL653979,B,In vitro affinity to the cholecystokinin type B receptor in guinea pig cortex assayed using [125I]BH-CCK-8 as radioligand,CHEMBL1127392,P32239,Cholecystokinin B receptor,IC50,Cc1ccc2c(c1)N(CC(=O)NC(C)(C)C)C(=O)[C@@H](NC(=O)Nc1cccc(Cl)c1)C[C@H]2c1ccccc1,7.447331783887806
CHEMBL137208,CHEMBL298,Cholecystokinin B receptor,IC50,=,11000.0,nM,CHEMBL656248,B,Inhibition of binding of [125I]-CCK-8 to the cholecystokinin type B receptor,CHEMBL1126970,P32239,Cholecystokinin B receptor,IC50,C[C@H](NC(=O)NC1N=C(c2ccccc2)c2ccccc2N(C)C1=O)c1ccccc1,4.958607314841775
CHEMBL136038,CHEMBL298,Cholecystokinin B receptor,IC50,=,2.7,nM,CHEMBL656248,B,Inhibition of binding of [125I]-CCK-8 to the cholecystokinin type B receptor,CHEMBL1126970,P32239,Cholecystokinin B receptor,IC50,CN1C(=O)C(NC(=O)Nc2ccc3c(c2)CCC3)N=C(c2ccccc2)c2ccccc21,8.568636235841012
CHEMBL136412,CHEMBL298,Cholecystokinin B receptor,IC50,=,9.7,nM,CHEMBL656248,B,Inhibition of binding of [125I]-CCK-8 to the cholecystokinin type B receptor,CHEMBL1126970,P32239,Cholecystokinin B receptor,IC50,CN1C(=O)C(NC(=O)Nc2cccc(C(=O)O)c2)N=C(c2ccccc2)c2ccccc21,8.013228265733755
CHEMBL101803,CHEMBL298,Cholecystokinin B receptor,IC50,=,4800.0,nM,CHEMBL658773,B,Inhibitory activity towards binding of [125I]Bolton-Hunter-CCK-8 to CCKB receptor in guinea pig cortical tissue,CHEMBL1128107,P32239,Cholecystokinin B receptor,IC50,CCCC[C@@H](NC(=O)Nc1cccc(C)c1)C(=O)N1CCC(C(=O)c2ccccc2)CC1,5.318758762624412
CHEMBL105132,CHEMBL298,Cholecystokinin B receptor,IC50,=,170.0,nM,CHEMBL658773,B,Inhibitory activity towards binding of [125I]Bolton-Hunter-CCK-8 to CCKB receptor in guinea pig cortical tissue,CHEMBL1128107,P32239,Cholecystokinin B receptor,IC50,Cc1cccc(NC(=O)N[C@H](C[S+]([O-])Cc2ccccc2)C(=O)N2CCC(C(=O)c3ccccc3)CC2)c1,6.769551078621726
CHEMBL124340,CHEMBL298,Cholecystokinin B receptor,IC50,=,2.2,nM,CHEMBL653979,B,In vitro affinity to the cholecystokinin type B receptor in guinea pig cortex assayed using [125I]BH-CCK-8 as radioligand,CHEMBL1127392,P32239,Cholecystokinin B receptor,IC50,Cc1cccc2c1N(CC(=O)NC(C)(C)C)C(=O)[C@H](NC(=O)Nc1cccc(Cl)c1)C[C@@H]2c1ccccc1,8.657577319177793
CHEMBL136608,CHEMBL298,Cholecystokinin B receptor,IC50,=,3.8,nM,CHEMBL656248,B,Inhibition of binding of [125I]-CCK-8 to the cholecystokinin type B receptor,CHEMBL1126970,P32239,Cholecystokinin B receptor,IC50,CCN(CC)C(=O)CN1C(=O)C(NC(=O)Nc2ccccc2Cl)N=C(c2ccccc2)c2ccccc21,8.42021640338319
CHEMBL343949,CHEMBL298,Cholecystokinin B receptor,IC50,=,58.0,nM,CHEMBL656248,B,Inhibition of binding of [125I]-CCK-8 to the cholecystokinin type B receptor,CHEMBL1126970,P32239,Cholecystokinin B receptor,IC50,Cc1cccc(NC(=O)NC2N=C(c3ccccc3)c3ccccc3N(CC(=O)N3CC[N+](C)(C)CC3)C2=O)c1.[I-],7.236572006437063
CHEMBL104958,CHEMBL298,Cholecystokinin B receptor,IC50,=,180.0,nM,CHEMBL658773,B,Inhibitory activity towards binding of [125I]Bolton-Hunter-CCK-8 to CCKB receptor in guinea pig cortical tissue,CHEMBL1128107,P32239,Cholecystokinin B receptor,IC50,Cc1cccc(NC(=O)N[C@H](COC(=O)N2CCOCC2)C(=O)N2CCC(C(=O)c3ccccc3)CC2)c1,6.7447274948966935
CHEMBL333541,CHEMBL298,Cholecystokinin B receptor,IC50,=,4.0,nM,CHEMBL653979,B,In vitro affinity to the cholecystokinin type B receptor in guinea pig cortex assayed using [125I]BH-CCK-8 as radioligand,CHEMBL1127392,P32239,Cholecystokinin B receptor,IC50,CC(C)(C)NC(=O)CN1C(=O)[C@H](NC(=O)Nc2cccc(Cl)c2)C[C@H](c2cccc(Cl)c2)c2ccccc21,8.397940008672037
CHEMBL135901,CHEMBL298,Cholecystokinin B receptor,IC50,=,490.0,nM,CHEMBL656248,B,Inhibition of binding of [125I]-CCK-8 to the cholecystokinin type B receptor,CHEMBL1126970,P32239,Cholecystokinin B receptor,IC50,O=C(Nc1ccc(Cl)cc1)NC1N=C(c2ccccc2)c2ccccc2N(Cc2nn[nH]n2)C1=O,6.309803919971486
CHEMBL135988,CHEMBL298,Cholecystokinin B receptor,IC50,=,38000.0,nM,CHEMBL656248,B,Inhibition of binding of [125I]-CCK-8 to the cholecystokinin type B receptor,CHEMBL1126970,P32239,Cholecystokinin B receptor,IC50,CN1C(=O)C(NC(=O)NC(C)(C)C)N=C(c2ccccc2)c2ccccc21,4.42021640338319
CHEMBL136408,CHEMBL298,Cholecystokinin B receptor,IC50,=,32.0,nM,CHEMBL656248,B,Inhibition of binding of [125I]-CCK-8 to the cholecystokinin type B receptor,CHEMBL1126970,P32239,Cholecystokinin B receptor,IC50,CN1C(=O)C(NC(=O)Nc2ccccc2)N=C(c2ccccc2)c2ccccc21,7.494850021680094
CHEMBL137066,CHEMBL298,Cholecystokinin B receptor,IC50,=,9.8,nM,CHEMBL656248,B,Inhibition of binding of [125I]-CCK-8 to the cholecystokinin type B receptor,CHEMBL1126970,P32239,Cholecystokinin B receptor,IC50,CN1C(=O)C(NC(=O)Nc2cccc(Cl)c2)N=C(c2ccccc2)c2ccccc21,8.008773924307505
CHEMBL135702,CHEMBL298,Cholecystokinin B receptor,IC50,=,67.0,nM,CHEMBL656248,B,Inhibition of binding of [125I]-CCK-8 to the cholecystokinin type B receptor,CHEMBL1126970,P32239,Cholecystokinin B receptor,IC50,CN1C(=O)C(NC(=O)Nc2ccc(Cl)c(Cl)c2)N=C(c2ccccc2)c2ccccc21,7.173925197299173
CHEMBL422102,CHEMBL298,Cholecystokinin B receptor,IC50,=,5.9,nM,CHEMBL656248,B,Inhibition of binding of [125I]-CCK-8 to the cholecystokinin type B receptor,CHEMBL1126970,P32239,Cholecystokinin B receptor,IC50,CN1C(=O)C(NC(=O)NCc2cccc(C(C)(C)O)c2)N=C(c2ccccc2)c2ccccc21,8.229147988357855
CHEMBL1907842,CHEMBL298,Cholecystokinin B receptor,IC50,=,3300.0,nM,CHEMBL656248,B,Inhibition of binding of [125I]-CCK-8 to the cholecystokinin type B receptor,CHEMBL1126970,P32239,Cholecystokinin B receptor,IC50,CN1C(=O)[C@H](NC(=O)c2ccc(C(F)(F)F)cc2)N=C(c2ccccc2)c2ccccc21,5.481486060122112
CHEMBL355092,CHEMBL298,Cholecystokinin B receptor,IC50,=,1100.0,nM,CHEMBL656248,B,Inhibition of binding of [125I]-CCK-8 to the cholecystokinin type B receptor,CHEMBL1126970,P32239,Cholecystokinin B receptor,IC50,CN1C(=O)[C@@H](NC(=O)Nc2ccc(Cl)cc2)N=C(c2ccccc2)c2ccccc21,5.958607314841775
CHEMBL168386,CHEMBL298,Cholecystokinin B receptor,IC50,=,650.0,nM,CHEMBL657477,B,Ability to inhibit the binding of [125I]CCK-8 to Cholecystokinin type B receptor in guinea pig cortex.,CHEMBL1126473,P32239,Cholecystokinin B receptor,IC50,O=C(Nc1cccc2ccccc12)NC1CCc2ccccc2N(CC(=O)N2CCCC2)C1=O,6.187086643357144
CHEMBL168386,CHEMBL298,Cholecystokinin B receptor,IC50,=,460.0,nM,CHEMBL682558,B,Ability to inhibit the binding of [125I]-gastrin to gastric glands in guinea pig.,CHEMBL1126473,P32239,Cholecystokinin B receptor,IC50,O=C(Nc1cccc2ccccc12)NC1CCc2ccccc2N(CC(=O)N2CCCC2)C1=O,6.337242168318426
CHEMBL101752,CHEMBL298,Cholecystokinin B receptor,IC50,=,2000.0,nM,CHEMBL658773,B,Inhibitory activity towards binding of [125I]Bolton-Hunter-CCK-8 to CCKB receptor in guinea pig cortical tissue,CHEMBL1128107,P32239,Cholecystokinin B receptor,IC50,Cc1cccc(NC(=O)N[C@H](CCC(=O)O)C(=O)N2CCC(C(=O)c3ccccc3)CC2)c1,5.698970004336019
CHEMBL339260,CHEMBL298,Cholecystokinin B receptor,IC50,=,35.0,nM,CHEMBL653979,B,In vitro affinity to the cholecystokinin type B receptor in guinea pig cortex assayed using [125I]BH-CCK-8 as radioligand,CHEMBL1127392,P32239,Cholecystokinin B receptor,IC50,Cc1ccc(NC(=O)N[C@@H]2C[C@H](c3ccccc3)c3ccccc3N(CC(=O)NC(C)(C)C)C2=O)cc1,7.455931955649724
CHEMBL124004,CHEMBL298,Cholecystokinin B receptor,IC50,=,2.0,nM,CHEMBL653979,B,In vitro affinity to the cholecystokinin type B receptor in guinea pig cortex assayed using [125I]BH-CCK-8 as radioligand,CHEMBL1127392,P32239,Cholecystokinin B receptor,IC50,CCc1ccc2c(c1)N(CC(=O)NC(C)(C)C)C(=O)[C@H](NC(=O)Nc1cccc(Cl)c1)C[C@@H]2c1ccccc1,8.698970004336019
CHEMBL333671,CHEMBL298,Cholecystokinin B receptor,IC50,=,6.7,nM,CHEMBL653979,B,In vitro affinity to the cholecystokinin type B receptor in guinea pig cortex assayed using [125I]BH-CCK-8 as radioligand,CHEMBL1127392,P32239,Cholecystokinin B receptor,IC50,CC(C)(C)NC(=O)CN1C(=O)[C@H](NC(=O)Nc2cccc(Cl)c2)C[C@H](c2ccccc2)c2ccc(Cl)cc21,8.173925197299173
CHEMBL136919,CHEMBL298,Cholecystokinin B receptor,IC50,=,380.0,nM,CHEMBL656248,B,Inhibition of binding of [125I]-CCK-8 to the cholecystokinin type B receptor,CHEMBL1126970,P32239,Cholecystokinin B receptor,IC50,Cc1cccc(NC(=O)NC2N=C(c3ccccc3)c3ccccc3N(CC(=O)O)C2=O)c1,6.42021640338319
CHEMBL135638,CHEMBL298,Cholecystokinin B receptor,IC50,=,102.0,nM,CHEMBL656248,B,Inhibition of binding of [125I]-CCK-8 to the cholecystokinin type B receptor,CHEMBL1126970,P32239,Cholecystokinin B receptor,IC50,O=C(CN1C(=O)C(NC(=O)Nc2ccc(Cl)cc2)N=C(c2ccccc2)c2ccccc21)NCc1ccccc1,6.991399828238082
CHEMBL337574,CHEMBL298,Cholecystokinin B receptor,IC50,=,0.6,nM,CHEMBL656248,B,Inhibition of binding of [125I]-CCK-8 to the cholecystokinin type B receptor,CHEMBL1126970,P32239,Cholecystokinin B receptor,IC50,CCN(CC)C(=O)CN1C(=O)C(NC(=O)Nc2ccc(Cl)cc2)N=C(c2ccccc2)c2ccccc21,9.221848749616356
CHEMBL105527,CHEMBL298,Cholecystokinin B receptor,IC50,=,3900.0,nM,CHEMBL658773,B,Inhibitory activity towards binding of [125I]Bolton-Hunter-CCK-8 to CCKB receptor in guinea pig cortical tissue,CHEMBL1128107,P32239,Cholecystokinin B receptor,IC50,Cc1cccc(NC(=O)N[C@H](CCc2ccccc2)C(=O)N2CCC(C(=O)c3ccccc3)CC2)c1,5.4089353929735005
CHEMBL134750,CHEMBL298,Cholecystokinin B receptor,IC50,=,48.0,nM,CHEMBL656248,B,Inhibition of binding of [125I]-CCK-8 to the cholecystokinin type B receptor,CHEMBL1126970,P32239,Cholecystokinin B receptor,IC50,CN1C(=O)C(NC(=O)Nc2ccc(Br)cc2)N=C(c2ccccc2)c2ccccc21,7.318758762624412
CHEMBL2112754,CHEMBL298,Cholecystokinin B receptor,IC50,=,719.0,nM,CHEMBL656248,B,Inhibition of binding of [125I]-CCK-8 to the cholecystokinin type B receptor,CHEMBL1126970,P32239,Cholecystokinin B receptor,IC50,CN1C(=O)[C@H](NC(=O)Nc2cccc(CN)c2)N=C(c2ccccc2)c2ccccc21,6.1432711096171175
CHEMBL137520,CHEMBL298,Cholecystokinin B receptor,IC50,=,27.0,nM,CHEMBL656248,B,Inhibition of binding of [125I]-CCK-8 to the cholecystokinin type B receptor,CHEMBL1126970,P32239,Cholecystokinin B receptor,IC50,CN1C(=O)C(NC(=O)Nc2cccc(C#N)c2)N=C(c2ccccc2)c2ccccc21,7.568636235841012
CHEMBL337733,CHEMBL298,Cholecystokinin B receptor,IC50,=,26.0,nM,CHEMBL656248,B,Inhibition of binding of [125I]-CCK-8 to the cholecystokinin type B receptor,CHEMBL1126970,P32239,Cholecystokinin B receptor,IC50,CN1C(=O)C(NC(=O)Nc2ccc3c(c2)OCO3)N=C(c2ccccc2)c2ccccc21,7.585026652029182
CHEMBL2111922,CHEMBL298,Cholecystokinin B receptor,IC50,=,300.0,nM,CHEMBL656248,B,Inhibition of binding of [125I]-CCK-8 to the cholecystokinin type B receptor,CHEMBL1126970,P32239,Cholecystokinin B receptor,IC50,COc1cccc(NC(=O)N[C@H]2N=C(c3ccccc3)c3ccccc3N(C)C2=O)c1,6.522878745280337
CHEMBL320901,CHEMBL298,Cholecystokinin B receptor,IC50,=,5700.0,nM,CHEMBL658773,B,Inhibitory activity towards binding of [125I]Bolton-Hunter-CCK-8 to CCKB receptor in guinea pig cortical tissue,CHEMBL1128107,P32239,Cholecystokinin B receptor,IC50,Cc1cccc(NC(=O)N[C@H](CC(C)C)C(=O)N2CCC(C(=O)c3ccccc3)CC2)c1,5.2441251443275085
CHEMBL105303,CHEMBL298,Cholecystokinin B receptor,IC50,=,1500.0,nM,CHEMBL658773,B,Inhibitory activity towards binding of [125I]Bolton-Hunter-CCK-8 to CCKB receptor in guinea pig cortical tissue,CHEMBL1128107,P32239,Cholecystokinin B receptor,IC50,Cc1cccc(NC(=O)N[C@H](COC(=O)N(C)C)C(=O)N2CCC(C(=O)c3ccccc3)CC2)c1,5.823908740944319
CHEMBL40668,CHEMBL298,Cholecystokinin B receptor,IC50,=,1900.0,nM,CHEMBL656248,B,Inhibition of binding of [125I]-CCK-8 to the cholecystokinin type B receptor,CHEMBL1126970,P32239,Cholecystokinin B receptor,IC50,CCOC(=O)CN1C(=O)C(NC(=O)c2ccc(Cl)cc2)N=C(c2ccccc2F)c2ccccc21,5.721246399047171
CHEMBL72546,CHEMBL298,Cholecystokinin B receptor,IC50,=,3200.0,nM,CHEMBL656248,B,Inhibition of binding of [125I]-CCK-8 to the cholecystokinin type B receptor,CHEMBL1126970,P32239,Cholecystokinin B receptor,IC50,CCOC(=O)CN1C(=O)C(NC(=O)c2ccccc2Cl)N=C(c2ccccc2F)c2ccccc21,5.494850021680094
CHEMBL335666,CHEMBL298,Cholecystokinin B receptor,IC50,=,54.0,nM,CHEMBL656248,B,Inhibition of binding of [125I]-CCK-8 to the cholecystokinin type B receptor,CHEMBL1126970,P32239,Cholecystokinin B receptor,IC50,CN1C(=O)C(NC(=O)Nc2cccc(F)c2)N=C(c2ccccc2)c2ccccc21,7.267606240177031
CHEMBL135290,CHEMBL298,Cholecystokinin B receptor,IC50,=,46.0,nM,CHEMBL656248,B,Inhibition of binding of [125I]-CCK-8 to the cholecystokinin type B receptor,CHEMBL1126970,P32239,Cholecystokinin B receptor,IC50,CN1C(=O)C(NC(=O)Nc2ccc(Cl)nc2)N=C(c2ccccc2)c2ccccc21,7.337242168318426
CHEMBL33554,CHEMBL298,Cholecystokinin B receptor,IC50,=,6.5,nM,CHEMBL656248,B,Inhibition of binding of [125I]-CCK-8 to the cholecystokinin type B receptor,CHEMBL1126970,P32239,Cholecystokinin B receptor,IC50,Cc1ccc(NC(=O)N[C@@H]2N=C(c3ccccc3)c3ccccc3N(C)C2=O)cc1,8.187086643357144
CHEMBL320886,CHEMBL298,Cholecystokinin B receptor,IC50,=,912.0,nM,CHEMBL658773,B,Inhibitory activity towards binding of [125I]Bolton-Hunter-CCK-8 to CCKB receptor in guinea pig cortical tissue,CHEMBL1128107,P32239,Cholecystokinin B receptor,IC50,CC(C)C[C@H](NC(=O)[C@H](Cc1c[nH]c2ccccc12)NC(=O)OC(C)(C)C)C(=O)N1CCC(C(=O)c2ccccc2)CC1,6.0400051616715835
CHEMBL102862,CHEMBL298,Cholecystokinin B receptor,IC50,=,300.0,nM,CHEMBL658773,B,Inhibitory activity towards binding of [125I]Bolton-Hunter-CCK-8 to CCKB receptor in guinea pig cortical tissue,CHEMBL1128107,P32239,Cholecystokinin B receptor,IC50,Cc1cccc(NC(=O)N[C@H](COCc2ccccc2)C(=O)N2CCC(C(=O)c3ccccc3)CC2)c1,6.522878745280337
CHEMBL321107,CHEMBL298,Cholecystokinin B receptor,IC50,=,810.0,nM,CHEMBL658773,B,Inhibitory activity towards binding of [125I]Bolton-Hunter-CCK-8 to CCKB receptor in guinea pig cortical tissue,CHEMBL1128107,P32239,Cholecystokinin B receptor,IC50,Cc1cccc(NC(=O)N[C@H](CS(=O)(=O)Cc2ccccc2)C(=O)N2CCC(C(=O)c3ccccc3)CC2)c1,6.0915149811213505
CHEMBL334305,CHEMBL298,Cholecystokinin B receptor,IC50,=,2.2,nM,CHEMBL653979,B,In vitro affinity to the cholecystokinin type B receptor in guinea pig cortex assayed using [125I]BH-CCK-8 as radioligand,CHEMBL1127392,P32239,Cholecystokinin B receptor,IC50,Cc1ccc2c(c1)N(CC(=O)OC(C)(C)C)C(=O)[C@H](NC(=O)Nc1cccc(Cl)c1)C[C@@H]2c1ccccc1,8.657577319177793
CHEMBL137516,CHEMBL298,Cholecystokinin B receptor,IC50,=,0.22,nM,CHEMBL656248,B,Inhibition of binding of [125I]-CCK-8 to the cholecystokinin type B receptor,CHEMBL1126970,P32239,Cholecystokinin B receptor,IC50,CCN(CC)C(=O)CN1C(=O)C(NC(=O)Nc2cccc(OC)c2)N=C(c2ccccc2)c2ccccc21,9.657577319177793
CHEMBL337286,CHEMBL298,Cholecystokinin B receptor,IC50,=,6.0,nM,CHEMBL656248,B,Inhibition of binding of [125I]-CCK-8 to the cholecystokinin type B receptor,CHEMBL1126970,P32239,Cholecystokinin B receptor,IC50,O=C(Nc1ccc(Cl)cc1)NC1N=C(c2ccccc2)c2ccccc2N(C[C@@H](O)CCl)C1=O,8.221848749616356
CHEMBL134340,CHEMBL298,Cholecystokinin B receptor,IC50,=,5.0,nM,CHEMBL656248,B,Inhibition of binding of [125I]-CCK-8 to the cholecystokinin type B receptor,CHEMBL1126970,P32239,Cholecystokinin B receptor,IC50,CN1C(=O)C(NC(=O)Nc2cccc(Br)c2)N=C(c2ccccc2)c2ccccc21,8.301029995663981
CHEMBL34335,CHEMBL298,Cholecystokinin B receptor,IC50,=,110.0,nM,CHEMBL657477,B,Ability to inhibit the binding of [125I]CCK-8 to Cholecystokinin type B receptor in guinea pig cortex.,CHEMBL1126473,P32239,Cholecystokinin B receptor,IC50,Cc1cccc(NC(=O)NC2CCc3ccccc3N(CC(=O)OC(C)(C)C)C2=O)c1,6.958607314841775
CHEMBL34335,CHEMBL298,Cholecystokinin B receptor,IC50,=,18.0,nM,CHEMBL682558,B,Ability to inhibit the binding of [125I]-gastrin to gastric glands in guinea pig.,CHEMBL1126473,P32239,Cholecystokinin B receptor,IC50,Cc1cccc(NC(=O)NC2CCc3ccccc3N(CC(=O)OC(C)(C)C)C2=O)c1,7.7447274948966935
CHEMBL170293,CHEMBL298,Cholecystokinin B receptor,IC50,=,160.0,nM,CHEMBL657477,B,Ability to inhibit the binding of [125I]CCK-8 to Cholecystokinin type B receptor in guinea pig cortex.,CHEMBL1126473,P32239,Cholecystokinin B receptor,IC50,Cc1cccc(NC(=O)NC2CCc3ccccc3N(CC(=O)N3CCCC3)C2=O)c1,6.795880017344075
CHEMBL170293,CHEMBL298,Cholecystokinin B receptor,IC50,=,37.0,nM,CHEMBL682558,B,Ability to inhibit the binding of [125I]-gastrin to gastric glands in guinea pig.,CHEMBL1126473,P32239,Cholecystokinin B receptor,IC50,Cc1cccc(NC(=O)NC2CCc3ccccc3N(CC(=O)N3CCCC3)C2=O)c1,7.431798275933005
CHEMBL342614,CHEMBL298,Cholecystokinin B receptor,IC50,=,72.0,nM,CHEMBL656248,B,Inhibition of binding of [125I]-CCK-8 to the cholecystokinin type B receptor,CHEMBL1126970,P32239,Cholecystokinin B receptor,IC50,O=C(O)CN1C(=O)C(NC(=O)Nc2ccc(Cl)cc2)N=C(c2ccccc2)c2ccccc21,7.142667503568731
CHEMBL340975,CHEMBL298,Cholecystokinin B receptor,IC50,=,1100.0,nM,CHEMBL656248,B,Inhibition of binding of [125I]-CCK-8 to the cholecystokinin type B receptor,CHEMBL1126970,P32239,Cholecystokinin B receptor,IC50,COc1cccc(NC(=O)NC2N=C(c3ccccc3)c3ccccc3N(CC[N+](C)(C)C)C2=O)c1.[I-],5.958607314841775
CHEMBL337055,CHEMBL298,Cholecystokinin B receptor,IC50,=,3.8,nM,CHEMBL656248,B,Inhibition of binding of [125I]-CCK-8 to the cholecystokinin type B receptor,CHEMBL1126970,P32239,Cholecystokinin B receptor,IC50,CN1C(=O)C(NC(=O)Nc2cccc(C(F)(F)F)c2)N=C(c2ccccc2)c2ccccc21,8.42021640338319
CHEMBL135289,CHEMBL298,Cholecystokinin B receptor,IC50,=,26.0,nM,CHEMBL656248,B,Inhibition of binding of [125I]-CCK-8 to the cholecystokinin type B receptor,CHEMBL1126970,P32239,Cholecystokinin B receptor,IC50,CN1C(=O)C(NC(=O)Nc2ccc3ccccc3n2)N=C(c2ccccc2)c2ccccc21,7.585026652029182
CHEMBL137714,CHEMBL298,Cholecystokinin B receptor,IC50,=,192.0,nM,CHEMBL656248,B,Inhibition of binding of [125I]-CCK-8 to the cholecystokinin type B receptor,CHEMBL1126970,P32239,Cholecystokinin B receptor,IC50,COc1cccc(NC(=O)NC2N=C(c3ccccc3)c3ccccc3N(CCN(C)C)C2=O)c1,6.71669877129645
CHEMBL135166,CHEMBL298,Cholecystokinin B receptor,IC50,=,32.6,nM,CHEMBL656248,B,Inhibition of binding of [125I]-CCK-8 to the cholecystokinin type B receptor,CHEMBL1126970,P32239,Cholecystokinin B receptor,IC50,COC(=O)Cc1cccc(NC(=O)NC2N=C(c3ccccc3)c3ccccc3N(C)C2=O)c1,7.486782399932061
CHEMBL337285,CHEMBL298,Cholecystokinin B receptor,IC50,=,337.0,nM,CHEMBL656248,B,Inhibition of binding of [125I]-CCK-8 to the cholecystokinin type B receptor,CHEMBL1126970,P32239,Cholecystokinin B receptor,IC50,CN1C(=O)C(NC(=O)Nc2ccccn2)N=C(c2ccccc2)c2ccccc21,6.4723700991286615
CHEMBL445095,CHEMBL298,Cholecystokinin B receptor,IC50,=,0.28,nM,CHEMBL657477,B,Ability to inhibit the binding of [125I]CCK-8 to Cholecystokinin type B receptor in guinea pig cortex.,CHEMBL1126473,P32239,Cholecystokinin B receptor,IC50,O=C(Nc1ccc(Cl)cc1)NC1N=C(c2ccccc2)c2ccccc2N(CC(=O)N2CCCC2)C1=O,9.55284196865778
CHEMBL445095,CHEMBL298,Cholecystokinin B receptor,IC50,=,0.5,nM,CHEMBL682558,B,Ability to inhibit the binding of [125I]-gastrin to gastric glands in guinea pig.,CHEMBL1126473,P32239,Cholecystokinin B receptor,IC50,O=C(Nc1ccc(Cl)cc1)NC1N=C(c2ccccc2)c2ccccc2N(CC(=O)N2CCCC2)C1=O,9.301029995663981
CHEMBL137779,CHEMBL298,Cholecystokinin B receptor,IC50,=,9.7,nM,CHEMBL656248,B,Inhibition of binding of [125I]-CCK-8 to the cholecystokinin type B receptor,CHEMBL1126970,P32239,Cholecystokinin B receptor,IC50,COC(=O)[C@H]1CCCN1OC(=O)CN1C(=O)C(NC(=O)Nc2cccc(OC)c2)N=C(c2ccccc2)c2ccccc21,8.013228265733755
CHEMBL136990,CHEMBL298,Cholecystokinin B receptor,IC50,=,130.0,nM,CHEMBL656248,B,Inhibition of binding of [125I]-CCK-8 to the cholecystokinin type B receptor,CHEMBL1126970,P32239,Cholecystokinin B receptor,IC50,Cc1cccc(NC(=O)NC2N=C(c3ccccc3)c3ccccc3N(CC(=O)ON3CCC[C@@H]3C(=O)O)C2=O)c1,6.886056647693163
CHEMBL343513,CHEMBL298,Cholecystokinin B receptor,IC50,=,300.0,nM,CHEMBL656248,B,Inhibition of binding of [125I]-CCK-8 to the cholecystokinin type B receptor,CHEMBL1126970,P32239,Cholecystokinin B receptor,IC50,O=C(Nc1ccc(Cl)cc1)NC1N=C(c2ccccc2)c2ccccc2N(C[C@@H](O)CN2CCCC2)C1=O,6.522878745280337
CHEMBL336221,CHEMBL298,Cholecystokinin B receptor,IC50,=,59.0,nM,CHEMBL656248,B,Inhibition of binding of [125I]-CCK-8 to the cholecystokinin type B receptor,CHEMBL1126970,P32239,Cholecystokinin B receptor,IC50,Cc1cccc(NC(=O)NC2N=C(c3ccccc3)c3ccccc3N(Cc3ncc[nH]3)C2=O)c1,7.229147988357855
CHEMBL132875,CHEMBL298,Cholecystokinin B receptor,IC50,=,7.2,nM,CHEMBL656248,B,Inhibition of binding of [125I]-CCK-8 to the cholecystokinin type B receptor,CHEMBL1126970,P32239,Cholecystokinin B receptor,IC50,Cc1cccc(NC(=O)NC2N=C(c3ccccc3)c3ccccc3N(CCOC(=O)CCC(=O)O)C2=O)c1,8.142667503568731
CHEMBL321800,CHEMBL298,Cholecystokinin B receptor,IC50,=,440.0,nM,CHEMBL658773,B,Inhibitory activity towards binding of [125I]Bolton-Hunter-CCK-8 to CCKB receptor in guinea pig cortical tissue,CHEMBL1128107,P32239,Cholecystokinin B receptor,IC50,Cc1cccc(NC(=O)N[C@@H](C(=O)N2CCC(C(=O)c3ccccc3)CC2)[C@@H](C)OCc2ccccc2)c1,6.356547323513812
CHEMBL136975,CHEMBL298,Cholecystokinin B receptor,IC50,=,9.7,nM,CHEMBL656248,B,Inhibition of binding of [125I]-CCK-8 to the cholecystokinin type B receptor,CHEMBL1126970,P32239,Cholecystokinin B receptor,IC50,Cc1cccc(NC(=O)NC2N=C(c3ccccc3)c3ccccc3N(Cc3n[nH]c(C)n3)C2=O)c1,8.013228265733755
CHEMBL434255,CHEMBL298,Cholecystokinin B receptor,IC50,=,1200.0,nM,CHEMBL656248,B,Inhibition of binding of [125I]-CCK-8 to the cholecystokinin type B receptor,CHEMBL1126970,P32239,Cholecystokinin B receptor,IC50,CN1C(=O)C(NC(=O)Nc2ccccc2[N+](=O)[O-])N=C(c2ccccc2)c2ccccc21,5.920818753952375
CHEMBL335865,CHEMBL298,Cholecystokinin B receptor,IC50,=,310.0,nM,CHEMBL656248,B,Inhibition of binding of [125I]-CCK-8 to the cholecystokinin type B receptor,CHEMBL1126970,P32239,Cholecystokinin B receptor,IC50,CN1C(=O)C(NC(=O)Nc2cccnc2)N=C(c2ccccc2)c2ccccc21,6.508638306165727
CHEMBL343767,CHEMBL298,Cholecystokinin B receptor,IC50,=,6.0,nM,CHEMBL656248,B,Inhibition of binding of [125I]-CCK-8 to the cholecystokinin type B receptor,CHEMBL1126970,P32239,Cholecystokinin B receptor,IC50,Cc1ccc(NC(=O)NC2N=C(c3ccccc3)c3ccccc3N(C)C2=O)cc1,8.221848749616356
CHEMBL38404,CHEMBL298,Cholecystokinin B receptor,IC50,=,1.0,nM,CHEMBL657477,B,Ability to inhibit the binding of [125I]CCK-8 to Cholecystokinin type B receptor in guinea pig cortex.,CHEMBL1126473,P32239,Cholecystokinin B receptor,IC50,CCOC(=O)CN1C(=O)C(NC(=O)Nc2ccc(Cl)cc2)N=C(c2ccccc2)c2ccccc21,9.0
CHEMBL38404,CHEMBL298,Cholecystokinin B receptor,IC50,=,3.3,nM,CHEMBL682558,B,Ability to inhibit the binding of [125I]-gastrin to gastric glands in guinea pig.,CHEMBL1126473,P32239,Cholecystokinin B receptor,IC50,CCOC(=O)CN1C(=O)C(NC(=O)Nc2ccc(Cl)cc2)N=C(c2ccccc2)c2ccccc21,8.481486060122112
CHEMBL126865,CHEMBL298,Cholecystokinin B receptor,IC50,=,1.5,nM,CHEMBL653979,B,In vitro affinity to the cholecystokinin type B receptor in guinea pig cortex assayed using [125I]BH-CCK-8 as radioligand,CHEMBL1127392,P32239,Cholecystokinin B receptor,IC50,CN(C(=O)CN1C(=O)[C@H](NC(=O)Nc2cccc(Cl)c2)C[C@H](c2ccccc2)c2ccccc21)C(C)(C)C,8.823908740944319
CHEMBL333813,CHEMBL298,Cholecystokinin B receptor,IC50,=,43.0,nM,CHEMBL653979,B,In vitro affinity to the cholecystokinin type B receptor in guinea pig cortex assayed using [125I]BH-CCK-8 as radioligand,CHEMBL1127392,P32239,Cholecystokinin B receptor,IC50,CC(C)(C)NC(=O)CN1C(=O)[C@H](NC(=O)Nc2ccc(Cl)cc2)C[C@H](c2ccccc2)c2ccccc21,7.366531544420413
CHEMBL136966,CHEMBL298,Cholecystokinin B receptor,IC50,=,1.0,nM,CHEMBL656248,B,Inhibition of binding of [125I]-CCK-8 to the cholecystokinin type B receptor,CHEMBL1126970,P32239,Cholecystokinin B receptor,IC50,CCOC(=O)CCN1C(=O)C(NC(=O)Nc2cccc(OC)c2)N=C(c2ccccc2)c2ccccc21,9.0
CHEMBL137726,CHEMBL298,Cholecystokinin B receptor,IC50,=,0.24,nM,CHEMBL656248,B,Inhibition of binding of [125I]-CCK-8 to the cholecystokinin type B receptor,CHEMBL1126970,P32239,Cholecystokinin B receptor,IC50,COc1cccc(NC(=O)NC2N=C(c3ccccc3)c3ccccc3N(CC(=O)N3CCCC3)C2=O)c1,9.619788758288394
CHEMBL445095,CHEMBL298,Cholecystokinin B receptor,IC50,=,1.6,nM,CHEMBL656248,B,Inhibition of binding of [125I]-CCK-8 to the cholecystokinin type B receptor,CHEMBL1126970,P32239,Cholecystokinin B receptor,IC50,O=C(Nc1ccc(Cl)cc1)NC1N=C(c2ccccc2)c2ccccc2N(CC(=O)N2CCCC2)C1=O,8.795880017344075
CHEMBL82685,CHEMBL298,Cholecystokinin B receptor,IC50,=,66.0,nM,CHEMBL656248,B,Inhibition of binding of [125I]-CCK-8 to the cholecystokinin type B receptor,CHEMBL1126970,P32239,Cholecystokinin B receptor,IC50,Cc1cccc(NC(=O)NC2N=C(c3ccccn3)c3ccccc3N(C)C2=O)c1,7.180456064458131
CHEMBL70380,CHEMBL298,Cholecystokinin B receptor,IC50,=,280.0,nM,CHEMBL656248,B,Inhibition of binding of [125I]-CCK-8 to the cholecystokinin type B receptor,CHEMBL1126970,P32239,Cholecystokinin B receptor,IC50,Cc1cccc(NC(=O)N[C@H]2N=C(c3ccccc3)c3ccccc3N(C)C2=O)c1,6.552841968657781
CHEMBL1907927,CHEMBL298,Cholecystokinin B receptor,IC50,=,13.0,nM,CHEMBL656248,B,Inhibition of binding of [125I]-CCK-8 to the cholecystokinin type B receptor,CHEMBL1126970,P32239,Cholecystokinin B receptor,IC50,O=C(Nc1ccc(Cl)cc1)N[C@H]1N=C(c2ccccc2)c2ccccc2N(CC(=O)N2CCCC2)C1=O,7.886056647693163
CHEMBL2448131,CHEMBL298,Cholecystokinin B receptor,IC50,=,2.2,nM,CHEMBL656248,B,Inhibition of binding of [125I]-CCK-8 to the cholecystokinin type B receptor,CHEMBL1126970,P32239,Cholecystokinin B receptor,IC50,COc1cccc(NC(=O)N[C@@H]2N=C(c3ccccc3)c3ccccc3N(C)C2=O)c1,8.657577319177793
CHEMBL103457,CHEMBL298,Cholecystokinin B receptor,IC50,=,390.0,nM,CHEMBL658773,B,Inhibitory activity towards binding of [125I]Bolton-Hunter-CCK-8 to CCKB receptor in guinea pig cortical tissue,CHEMBL1128107,P32239,Cholecystokinin B receptor,IC50,Cc1cccc(NC(=O)N[C@H](CSCc2ccccc2)C(=O)N2CCC(C(=O)c3ccccc3)CC2)c1,6.4089353929735005
CHEMBL320154,CHEMBL298,Cholecystokinin B receptor,IC50,=,34.0,nM,CHEMBL658773,B,Inhibitory activity towards binding of [125I]Bolton-Hunter-CCK-8 to CCKB receptor in guinea pig cortical tissue,CHEMBL1128107,P32239,Cholecystokinin B receptor,IC50,Cc1cccc(NC(=O)N[C@H](COC(=O)N2CCCC2)C(=O)N2CCC(C(=O)Nc3ccccc3)CC2)c1,7.468521082957745
CHEMBL339547,CHEMBL298,Cholecystokinin B receptor,IC50,=,3.4,nM,CHEMBL653979,B,In vitro affinity to the cholecystokinin type B receptor in guinea pig cortex assayed using [125I]BH-CCK-8 as radioligand,CHEMBL1127392,P32239,Cholecystokinin B receptor,IC50,Cc1ccc2c(c1)N(CC(=O)NC(C)(C)C)C(=O)[C@H](NC(=O)Nc1cccc(Cl)c1)C[C@@H]2C(C)C,8.468521082957745
CHEMBL273919,CHEMBL298,Cholecystokinin B receptor,IC50,=,5.9,nM,CHEMBL656248,B,Inhibition of binding of [125I]-CCK-8 to the cholecystokinin type B receptor,CHEMBL1126970,P32239,Cholecystokinin B receptor,IC50,CCOC(=O)CCN1C(=O)C(NC(=O)Nc2ccc(Cl)cc2)N=C(c2ccccc2)c2ccccc21,8.229147988357855
CHEMBL138122,CHEMBL298,Cholecystokinin B receptor,IC50,=,44.0,nM,CHEMBL656248,B,Inhibition of binding of [125I]-CCK-8 to the cholecystokinin type B receptor,CHEMBL1126970,P32239,Cholecystokinin B receptor,IC50,O=C(Nc1ccc(Cl)cc1)NC1N=C(c2ccccc2)c2ccccc2N(CC(=O)OCc2ccccc2)C1=O,7.356547323513812
CHEMBL9449,CHEMBL298,Cholecystokinin B receptor,IC50,=,8.0,nM,CHEMBL656248,B,Inhibition of binding of [125I]-CCK-8 to the cholecystokinin type B receptor,CHEMBL1126970,P32239,Cholecystokinin B receptor,IC50,COC(=O)c1cccc(NC(=O)N[C@@H]2N=C(c3ccccc3)c3ccccc3N(C)C2=O)c1,8.096910013008056
CHEMBL38404,CHEMBL298,Cholecystokinin B receptor,IC50,=,1.0,nM,CHEMBL656248,B,Inhibition of binding of [125I]-CCK-8 to the cholecystokinin type B receptor,CHEMBL1126970,P32239,Cholecystokinin B receptor,IC50,CCOC(=O)CN1C(=O)C(NC(=O)Nc2ccc(Cl)cc2)N=C(c2ccccc2)c2ccccc21,9.0
CHEMBL342640,CHEMBL298,Cholecystokinin B receptor,IC50,=,8.0,nM,CHEMBL657477,B,Ability to inhibit the binding of [125I]CCK-8 to Cholecystokinin type B receptor in guinea pig cortex.,CHEMBL1126473,P32239,Cholecystokinin B receptor,IC50,CN1CCN(C(=O)CN2C(=O)C(NC(=O)Nc3ccc(Cl)cc3)N=C(c3ccccc3)c3ccccc32)CC1,8.096910013008056
CHEMBL342640,CHEMBL298,Cholecystokinin B receptor,IC50,=,2.6,nM,CHEMBL682558,B,Ability to inhibit the binding of [125I]-gastrin to gastric glands in guinea pig.,CHEMBL1126473,P32239,Cholecystokinin B receptor,IC50,CN1CCN(C(=O)CN2C(=O)C(NC(=O)Nc3ccc(Cl)cc3)N=C(c3ccccc3)c3ccccc32)CC1,8.585026652029182
CHEMBL322913,CHEMBL298,Cholecystokinin B receptor,IC50,=,160.0,nM,CHEMBL658773,B,Inhibitory activity towards binding of [125I]Bolton-Hunter-CCK-8 to CCKB receptor in guinea pig cortical tissue,CHEMBL1128107,P32239,Cholecystokinin B receptor,IC50,Cc1cccc(NC(=O)N[C@H](COCc2ccccc2)C(=O)N2CCC(C(=O)Nc3ccccc3)CC2)c1,6.795880017344075
CHEMBL137213,CHEMBL298,Cholecystokinin B receptor,IC50,=,860.0,nM,CHEMBL656248,B,Inhibition of binding of [125I]-CCK-8 to the cholecystokinin type B receptor,CHEMBL1126970,P32239,Cholecystokinin B receptor,IC50,CN1C(=O)C(NC(=O)NCc2ccccc2)N=C(c2ccccc2)c2ccccc21,6.065501548756432
CHEMBL135167,CHEMBL298,Cholecystokinin B receptor,IC50,=,2300.0,nM,CHEMBL656248,B,Inhibition of binding of [125I]-CCK-8 to the cholecystokinin type B receptor,CHEMBL1126970,P32239,Cholecystokinin B receptor,IC50,COc1cc(NC(=O)NC2N=C(c3ccccc3)c3ccccc3N(C)C2=O)cc(OC)c1,5.638272163982407
CHEMBL336972,CHEMBL298,Cholecystokinin B receptor,IC50,=,632.0,nM,CHEMBL656248,B,Inhibition of binding of [125I]-CCK-8 to the cholecystokinin type B receptor,CHEMBL1126970,P32239,Cholecystokinin B receptor,IC50,Cc1cccc(NC(=O)NC2N=C(c3ccccc3)c3cnccc3N(C)C2=O)c1,6.199282921717614
CHEMBL132699,CHEMBL298,Cholecystokinin B receptor,IC50,=,1070.0,nM,CHEMBL656248,B,Inhibition of binding of [125I]-CCK-8 to the cholecystokinin type B receptor,CHEMBL1126970,P32239,Cholecystokinin B receptor,IC50,CN1C(=O)C(NC(=O)Nc2ccncc2)N=C(c2ccccc2)c2ccccc21,5.97061622231479
CHEMBL354442,CHEMBL298,Cholecystokinin B receptor,IC50,=,103.0,nM,CHEMBL657477,B,Ability to inhibit the binding of [125I]CCK-8 to Cholecystokinin type B receptor in guinea pig cortex.,CHEMBL1126473,P32239,Cholecystokinin B receptor,IC50,COc1cccc(NC(=O)N[C@@H]2CCc3ccccc3N(CC(=O)N3CCCC3)C2=O)c1,6.987162775294828
CHEMBL334100,CHEMBL298,Cholecystokinin B receptor,IC50,=,0.6,nM,CHEMBL653979,B,In vitro affinity to the cholecystokinin type B receptor in guinea pig cortex assayed using [125I]BH-CCK-8 as radioligand,CHEMBL1127392,P32239,Cholecystokinin B receptor,IC50,Cc1ccc2c(c1)N(CC(=O)NC(C)(C)C)C(=O)[C@H](NC(=O)Nc1cccc(Cl)c1)C[C@@H]2C1CCCCC1,9.221848749616356
CHEMBL2111920,CHEMBL298,Cholecystokinin B receptor,IC50,=,280.0,nM,CHEMBL656248,B,Inhibition of binding of [125I]-CCK-8 to the cholecystokinin type B receptor,CHEMBL1126970,P32239,Cholecystokinin B receptor,IC50,CN1C(=O)[C@@H](NC(=O)Nc2ccccc2Cl)N=C(c2ccccc2)c2ccccc21,6.552841968657781
CHEMBL102879,CHEMBL298,Cholecystokinin B receptor,IC50,=,230.0,nM,CHEMBL658773,B,Inhibitory activity towards binding of [125I]Bolton-Hunter-CCK-8 to CCKB receptor in guinea pig cortical tissue,CHEMBL1128107,P32239,Cholecystokinin B receptor,IC50,Cc1cccc(NC(=O)N[C@H](COCc2ccccc2)C(=O)N2CCC(C(=O)c3ccc(F)cc3)CC2)c1,6.638272163982407
CHEMBL337065,CHEMBL298,Cholecystokinin B receptor,IC50,=,11.0,nM,CHEMBL656248,B,Inhibition of binding of [125I]-CCK-8 to the cholecystokinin type B receptor,CHEMBL1126970,P32239,Cholecystokinin B receptor,IC50,CCNC(=O)CN1C(=O)C(NC(=O)Nc2ccc(Cl)cc2)N=C(c2ccccc2)c2ccccc21,7.958607314841775
CHEMBL335239,CHEMBL298,Cholecystokinin B receptor,IC50,=,48.0,nM,CHEMBL656248,B,Inhibition of binding of [125I]-CCK-8 to the cholecystokinin type B receptor,CHEMBL1126970,P32239,Cholecystokinin B receptor,IC50,Cc1cccc(NC(=O)NC2N=C(c3ccccc3)c3ccccc3N(CC(=O)Nc3ccncc3)C2=O)c1,7.318758762624412
CHEMBL334735,CHEMBL298,Cholecystokinin B receptor,IC50,=,104.0,nM,CHEMBL656248,B,Inhibition of binding of [125I]-CCK-8 to the cholecystokinin type B receptor,CHEMBL1126970,P32239,Cholecystokinin B receptor,IC50,O=C(Nc1ccc(Cl)cc1)NC1N=C(c2ccccc2)c2ccccc2N(C[C@@H](O)CO)C1=O,6.982966660701219
CHEMBL135060,CHEMBL298,Cholecystokinin B receptor,IC50,=,112.0,nM,CHEMBL656248,B,Inhibition of binding of [125I]-CCK-8 to the cholecystokinin type B receptor,CHEMBL1126970,P32239,Cholecystokinin B receptor,IC50,CN1C(=O)C(NC(=O)Nc2cccc(-c3ccccc3)c2)N=C(c2ccccc2)c2ccccc21,6.950781977329818
CHEMBL355319,CHEMBL298,Cholecystokinin B receptor,IC50,=,150.0,nM,CHEMBL657477,B,Ability to inhibit the binding of [125I]CCK-8 to Cholecystokinin type B receptor in guinea pig cortex.,CHEMBL1126473,P32239,Cholecystokinin B receptor,IC50,CC(C)(C)OC(=O)CN1C(=O)C(NC(=O)Nc2cccc3ccccc23)CCc2ccccc21,6.823908740944319
CHEMBL355319,CHEMBL298,Cholecystokinin B receptor,IC50,=,480.0,nM,CHEMBL682558,B,Ability to inhibit the binding of [125I]-gastrin to gastric glands in guinea pig.,CHEMBL1126473,P32239,Cholecystokinin B receptor,IC50,CC(C)(C)OC(=O)CN1C(=O)C(NC(=O)Nc2cccc3ccccc23)CCc2ccccc21,6.318758762624412
CHEMBL170068,CHEMBL298,Cholecystokinin B receptor,IC50,=,17000.0,nM,CHEMBL657477,B,Ability to inhibit the binding of [125I]CCK-8 to Cholecystokinin type B receptor in guinea pig cortex.,CHEMBL1126473,P32239,Cholecystokinin B receptor,IC50,O=C(O)CN1C(=O)C(NC(=O)Nc2cccc3ccccc23)CCc2ccccc21,4.769551078621726
CHEMBL170068,CHEMBL298,Cholecystokinin B receptor,IC50,=,5500.0,nM,CHEMBL682558,B,Ability to inhibit the binding of [125I]-gastrin to gastric glands in guinea pig.,CHEMBL1126473,P32239,Cholecystokinin B receptor,IC50,O=C(O)CN1C(=O)C(NC(=O)Nc2cccc3ccccc23)CCc2ccccc21,5.259637310505756
CHEMBL169807,CHEMBL298,Cholecystokinin B receptor,IC50,=,5000.0,nM,CHEMBL657477,B,Ability to inhibit the binding of [125I]CCK-8 to Cholecystokinin type B receptor in guinea pig cortex.,CHEMBL1126473,P32239,Cholecystokinin B receptor,IC50,Cc1cccc(NC(=O)NC2CCc3ccccc3N(CC(=O)N3CCN(C)CC3)C2=O)c1,5.301029995663981
CHEMBL169807,CHEMBL298,Cholecystokinin B receptor,IC50,=,610.0,nM,CHEMBL682558,B,Ability to inhibit the binding of [125I]-gastrin to gastric glands in guinea pig.,CHEMBL1126473,P32239,Cholecystokinin B receptor,IC50,Cc1cccc(NC(=O)NC2CCc3ccccc3N(CC(=O)N3CCN(C)CC3)C2=O)c1,6.214670164989233
CHEMBL125253,CHEMBL298,Cholecystokinin B receptor,IC50,=,1.07,nM,CHEMBL653979,B,In vitro affinity to the cholecystokinin type B receptor in guinea pig cortex assayed using [125I]BH-CCK-8 as radioligand,CHEMBL1127392,P32239,Cholecystokinin B receptor,IC50,CC(C)(C)NC(=O)CN1C(=O)[C@H](NC(=O)Nc2cccc(Cl)c2)C[C@H](C2CCCCC2)c2ccccc21,8.97061622231479
CHEMBL334592,CHEMBL298,Cholecystokinin B receptor,IC50,=,11.0,nM,CHEMBL656248,B,Inhibition of binding of [125I]-CCK-8 to the cholecystokinin type B receptor,CHEMBL1126970,P32239,Cholecystokinin B receptor,IC50,CN1C(=O)C(NC(=O)Nc2cccc([N+](=O)[O-])c2)N=C(c2ccccc2)c2ccccc21,7.958607314841775
CHEMBL333718,CHEMBL298,Cholecystokinin B receptor,IC50,=,2.5,nM,CHEMBL653979,B,In vitro affinity to the cholecystokinin type B receptor in guinea pig cortex assayed using [125I]BH-CCK-8 as radioligand,CHEMBL1127392,P32239,Cholecystokinin B receptor,IC50,Cc1cccc(NC(=O)N[C@@H]2C[C@H](c3ccccc3)c3ccccc3N(CC(=O)OC(C)(C)C)C2=O)c1,8.602059991327963
CHEMBL124611,CHEMBL298,Cholecystokinin B receptor,IC50,=,3.8,nM,CHEMBL653979,B,In vitro affinity to the cholecystokinin type B receptor in guinea pig cortex assayed using [125I]BH-CCK-8 as radioligand,CHEMBL1127392,P32239,Cholecystokinin B receptor,IC50,CC1(NC(=O)CN2C(=O)[C@H](NC(=O)Nc3cccc(Cl)c3)C[C@H](c3ccccc3)c3ccccc32)CCCCC1,8.42021640338319
CHEMBL339678,CHEMBL298,Cholecystokinin B receptor,IC50,=,7.7,nM,CHEMBL653979,B,In vitro affinity to the cholecystokinin type B receptor in guinea pig cortex assayed using [125I]BH-CCK-8 as radioligand,CHEMBL1127392,P32239,Cholecystokinin B receptor,IC50,Cc1ccc([C@H]2C[C@@H](NC(=O)Nc3cccc(Cl)c3)C(=O)N(CC(=O)NC(C)(C)C)c3cc(C)ccc32)cc1,8.113509274827518
CHEMBL135371,CHEMBL298,Cholecystokinin B receptor,IC50,=,4.4,nM,CHEMBL656248,B,Inhibition of binding of [125I]-CCK-8 to the cholecystokinin type B receptor,CHEMBL1126970,P32239,Cholecystokinin B receptor,IC50,COc1cccc(NC(=O)NC2N=C(c3ccccc3)c3ccccc3N(CC(=O)N3CCN(C)CC3)C2=O)c1,8.356547323513812
CHEMBL135218,CHEMBL298,Cholecystokinin B receptor,IC50,=,5.6,nM,CHEMBL656248,B,Inhibition of binding of [125I]-CCK-8 to the cholecystokinin type B receptor,CHEMBL1126970,P32239,Cholecystokinin B receptor,IC50,CCN(CC)CC(=O)OCCN1C(=O)C(NC(=O)Nc2cccc(C)c2)N=C(c2ccccc2)c2ccccc21,8.2518119729938
CHEMBL2111924,CHEMBL298,Cholecystokinin B receptor,IC50,=,7.5,nM,CHEMBL656248,B,Inhibition of binding of [125I]-CCK-8 to the cholecystokinin type B receptor,CHEMBL1126970,P32239,Cholecystokinin B receptor,IC50,CN1C(=O)[C@H](NC(=O)Nc2cccc(Cl)c2)N=C(c2ccccc2)c2ccccc21,8.1249387366083
CHEMBL420658,CHEMBL298,Cholecystokinin B receptor,IC50,=,53.0,nM,CHEMBL658773,B,Inhibitory activity towards binding of [125I]Bolton-Hunter-CCK-8 to CCKB receptor in guinea pig cortical tissue,CHEMBL1128107,P32239,Cholecystokinin B receptor,IC50,Cc1cccc(NC(=O)N[C@H](CCC(=O)N2CCCC2)C(=O)N2CCC(C(=O)c3ccccc3)CC2)c1,7.275724130399211
CHEMBL137043,CHEMBL298,Cholecystokinin B receptor,IC50,=,7.9,nM,CHEMBL656248,B,Inhibition of binding of [125I]-CCK-8 to the cholecystokinin type B receptor,CHEMBL1126970,P32239,Cholecystokinin B receptor,IC50,Cc1cccc(NC(=O)NC2N=C(c3ccccc3)c3ccccc3N(Cc3c[nH]cn3)C2=O)c1,8.102372908709558
CHEMBL137684,CHEMBL298,Cholecystokinin B receptor,IC50,=,26.0,nM,CHEMBL656248,B,Inhibition of binding of [125I]-CCK-8 to the cholecystokinin type B receptor,CHEMBL1126970,P32239,Cholecystokinin B receptor,IC50,COc1ccc(NC(=O)NC2N=C(c3ccccc3)c3ccccc3N(C)C2=O)cc1,7.585026652029182
CHEMBL336765,CHEMBL298,Cholecystokinin B receptor,IC50,=,4.8,nM,CHEMBL656248,B,Inhibition of binding of [125I]-CCK-8 to the cholecystokinin type B receptor,CHEMBL1126970,P32239,Cholecystokinin B receptor,IC50,CC(=O)c1cccc(NC(=O)NC2N=C(c3ccccc3)c3ccccc3N(C)C2=O)c1,8.318758762624412
CHEMBL137238,CHEMBL298,Cholecystokinin B receptor,IC50,=,52.0,nM,CHEMBL656248,B,Inhibition of binding of [125I]-CCK-8 to the cholecystokinin type B receptor,CHEMBL1126970,P32239,Cholecystokinin B receptor,IC50,CN1C(=O)C(NC(=O)Nc2ccc3ncccc3c2)N=C(c2ccccc2)c2ccccc21,7.2839966563652006
CHEMBL2111921,CHEMBL298,Cholecystokinin B receptor,IC50,=,40.0,nM,CHEMBL656248,B,Inhibition of binding of [125I]-CCK-8 to the cholecystokinin type B receptor,CHEMBL1126970,P32239,Cholecystokinin B receptor,IC50,Cc1cccc(NC(=O)N[C@@H]2N=C(c3ccccc3)c3ccccc3NC2=O)c1,7.3979400086720375
CHEMBL170777,CHEMBL298,Cholecystokinin B receptor,IC50,=,1190.0,nM,CHEMBL657477,B,Ability to inhibit the binding of [125I]CCK-8 to Cholecystokinin type B receptor in guinea pig cortex.,CHEMBL1126473,P32239,Cholecystokinin B receptor,IC50,COc1cccc(NC(=O)N[C@H]2CCc3ccccc3N(CC(=O)N3CCCC3)C2=O)c1,5.924453038607469
CHEMBL291458,CHEMBL298,Cholecystokinin B receptor,IC50,=,1.0,nM,CHEMBL653979,B,In vitro affinity to the cholecystokinin type B receptor in guinea pig cortex assayed using [125I]BH-CCK-8 as radioligand,CHEMBL1127392,P32239,Cholecystokinin B receptor,IC50,Cc1ccc2c(c1)N(CC(=O)NC(C)(C)C)C(=O)[C@H](NC(=O)Nc1cccc(Cl)c1)C[C@@H]2c1ccccc1,9.0
CHEMBL137535,CHEMBL298,Cholecystokinin B receptor,IC50,=,410.0,nM,CHEMBL656248,B,Inhibition of binding of [125I]-CCK-8 to the cholecystokinin type B receptor,CHEMBL1126970,P32239,Cholecystokinin B receptor,IC50,CCN(CC)C[C@H](O)CN1C(=O)C(NC(=O)Nc2ccc(Cl)cc2)N=C(c2ccccc2)c2ccccc21,6.3872161432802645
CHEMBL335951,CHEMBL298,Cholecystokinin B receptor,IC50,=,220.0,nM,CHEMBL656248,B,Inhibition of binding of [125I]-CCK-8 to the cholecystokinin type B receptor,CHEMBL1126970,P32239,Cholecystokinin B receptor,IC50,CN1C(=O)C(NC(=O)Nc2ccc(Cl)cc2Cl)N=C(c2ccccc2)c2ccccc21,6.657577319177793
CHEMBL133087,CHEMBL298,Cholecystokinin B receptor,IC50,=,267.0,nM,CHEMBL656248,B,Inhibition of binding of [125I]-CCK-8 to the cholecystokinin type B receptor,CHEMBL1126970,P32239,Cholecystokinin B receptor,IC50,Cc1cc(C)cc(NC(=O)NC2N=C(c3ccccc3)c3ccccc3N(C)C2=O)c1,6.573488738635424
CHEMBL134657,CHEMBL298,Cholecystokinin B receptor,IC50,=,52.0,nM,CHEMBL656248,B,Inhibition of binding of [125I]-CCK-8 to the cholecystokinin type B receptor,CHEMBL1126970,P32239,Cholecystokinin B receptor,IC50,Cc1cccc(NC(=O)NC2N=C(c3ccncc3)c3ccccc3N(C)C2=O)c1,7.2839966563652006
CHEMBL9387,CHEMBL298,Cholecystokinin B receptor,IC50,=,8.1,nM,CHEMBL653979,B,In vitro affinity to the cholecystokinin type B receptor in guinea pig cortex assayed using [125I]BH-CCK-8 as radioligand,CHEMBL1127392,P32239,Cholecystokinin B receptor,IC50,Cc1cccc(NC(=O)N[C@@H]2N=C(c3ccccc3)c3ccccc3N(C)C2=O)c1,8.09151498112135
CHEMBL313813,CHEMBL298,Cholecystokinin B receptor,IC50,=,0.56,nM,CHEMBL656248,B,Inhibition of binding of [125I]-CCK-8 to the cholecystokinin type B receptor,CHEMBL1126970,P32239,Cholecystokinin B receptor,IC50,CCN(CC)C(=O)CN1C(=O)C(NC(=O)Nc2cccc(C)c2)N=C(c2ccccn2)c2ccccc21,9.2518119729938
CHEMBL9387,CHEMBL298,Cholecystokinin B receptor,IC50,=,8.5,nM,CHEMBL656248,B,Inhibition of binding of [125I]-CCK-8 to the cholecystokinin type B receptor,CHEMBL1126970,P32239,Cholecystokinin B receptor,IC50,Cc1cccc(NC(=O)N[C@@H]2N=C(c3ccccc3)c3ccccc3N(C)C2=O)c1,8.070581074285707
CHEMBL125863,CHEMBL298,Cholecystokinin B receptor,IC50,=,30.4,nM,CHEMBL653979,B,In vitro affinity to the cholecystokinin type B receptor in guinea pig cortex assayed using [125I]BH-CCK-8 as radioligand,CHEMBL1127392,P32239,Cholecystokinin B receptor,IC50,COc1cccc(NC(=O)N[C@@H]2C[C@H](c3ccccc3)c3ccccc3N(CC(=O)NC(C)(C)C)C2=O)c1,7.517126416391246
CHEMBL342640,CHEMBL298,Cholecystokinin B receptor,IC50,=,0.8,nM,CHEMBL656248,B,Inhibition of binding of [125I]-CCK-8 to the cholecystokinin type B receptor,CHEMBL1126970,P32239,Cholecystokinin B receptor,IC50,CN1CCN(C(=O)CN2C(=O)C(NC(=O)Nc3ccc(Cl)cc3)N=C(c3ccccc3)c3ccccc32)CC1,9.096910013008056
CHEMBL134618,CHEMBL298,Cholecystokinin B receptor,IC50,=,190.0,nM,CHEMBL656248,B,Inhibition of binding of [125I]-CCK-8 to the cholecystokinin type B receptor,CHEMBL1126970,P32239,Cholecystokinin B receptor,IC50,Cc1ccc(NC(=O)NC2N=C(c3ccccc3)c3ccccc3N(CC(=O)Nc3ccncc3)C2=O)cc1,6.721246399047171
CHEMBL515268,CHEMBL298,Cholecystokinin B receptor,IC50,=,6.9,nM,CHEMBL656248,B,Inhibition of binding of [125I]-CCK-8 to the cholecystokinin type B receptor,CHEMBL1126970,P32239,Cholecystokinin B receptor,IC50,CN1C(=O)[C@H](NC(=O)Nc2cccc(I)c2)N=C(c2ccccc2)c2ccccc21,8.161150909262744
CHEMBL424076,CHEMBL298,Cholecystokinin B receptor,IC50,=,22.0,nM,CHEMBL656248,B,Inhibition of binding of [125I]-CCK-8 to the cholecystokinin type B receptor,CHEMBL1126970,P32239,Cholecystokinin B receptor,IC50,C#Cc1cccc(NC(=O)NC2N=C(c3ccccc3)c3ccccc3N(C)C2=O)c1,7.657577319177793
CHEMBL2112753,CHEMBL298,Cholecystokinin B receptor,IC50,=,14.7,nM,CHEMBL656248,B,Inhibition of binding of [125I]-CCK-8 to the cholecystokinin type B receptor,CHEMBL1126970,P32239,Cholecystokinin B receptor,IC50,CN1C(=O)[C@H](NC(=O)Nc2cccc(O)c2)N=C(c2ccccc2)c2ccccc21,7.8326826652518236
CHEMBL2112749,CHEMBL298,Cholecystokinin B receptor,IC50,=,33.0,nM,CHEMBL656248,B,Inhibition of binding of [125I]-CCK-8 to the cholecystokinin type B receptor,CHEMBL1126970,P32239,Cholecystokinin B receptor,IC50,CN1C(=O)[C@H](NC(=O)Nc2cccc(N)c2)N=C(c2ccccc2)c2ccccc21,7.481486060122112
CHEMBL169794,CHEMBL298,Cholecystokinin B receptor,IC50,=,13000.0,nM,CHEMBL657477,B,Ability to inhibit the binding of [125I]CCK-8 to Cholecystokinin type B receptor in guinea pig cortex.,CHEMBL1126473,P32239,Cholecystokinin B receptor,IC50,CN1CCN(C(=O)CN2C(=O)C(NC(=O)Nc3cccc4ccccc34)CCc3ccccc32)CC1,4.886056647693163
CHEMBL169794,CHEMBL298,Cholecystokinin B receptor,IC50,=,5400.0,nM,CHEMBL682558,B,Ability to inhibit the binding of [125I]-gastrin to gastric glands in guinea pig.,CHEMBL1126473,P32239,Cholecystokinin B receptor,IC50,CN1CCN(C(=O)CN2C(=O)C(NC(=O)Nc3cccc4ccccc34)CCc3ccccc32)CC1,5.267606240177031
CHEMBL418987,CHEMBL298,Cholecystokinin B receptor,IC50,=,100.0,nM,CHEMBL658773,B,Inhibitory activity towards binding of [125I]Bolton-Hunter-CCK-8 to CCKB receptor in guinea pig cortical tissue,CHEMBL1128107,P32239,Cholecystokinin B receptor,IC50,Cc1cccc(NC(=O)N[C@H](COC(=O)N2CCCC2)C(=O)N2CCC(C(=O)c3ccccc3)CC2)c1,7.0
CHEMBL123981,CHEMBL298,Cholecystokinin B receptor,IC50,=,130.0,nM,CHEMBL653979,B,In vitro affinity to the cholecystokinin type B receptor in guinea pig cortex assayed using [125I]BH-CCK-8 as radioligand,CHEMBL1127392,P32239,Cholecystokinin B receptor,IC50,CC(C)(C)NC(=O)CN1C(=O)[C@@H](NC(=O)Nc2cccc(Cl)c2)C[C@H](C2CCCCC2)c2ccccc21,6.886056647693163
CHEMBL169931,CHEMBL298,Cholecystokinin B receptor,IC50,=,8600.0,nM,CHEMBL657477,B,Ability to inhibit the binding of [125I]CCK-8 to Cholecystokinin type B receptor in guinea pig cortex.,CHEMBL1126473,P32239,Cholecystokinin B receptor,IC50,COc1cccc(NC(=O)NC2CCc3ccccc3N(CC(=O)O)C2=O)c1,5.065501548756432
CHEMBL169931,CHEMBL298,Cholecystokinin B receptor,IC50,=,3100.0,nM,CHEMBL682558,B,Ability to inhibit the binding of [125I]-gastrin to gastric glands in guinea pig.,CHEMBL1126473,P32239,Cholecystokinin B receptor,IC50,COc1cccc(NC(=O)NC2CCc3ccccc3N(CC(=O)O)C2=O)c1,5.508638306165727
CHEMBL103312,CHEMBL298,Cholecystokinin B receptor,IC50,=,120.0,nM,CHEMBL658773,B,Inhibitory activity towards binding of [125I]Bolton-Hunter-CCK-8 to CCKB receptor in guinea pig cortical tissue,CHEMBL1128107,P32239,Cholecystokinin B receptor,IC50,Cc1cccc(NC(=O)N[C@H](COC(=O)Nc2ccccc2)C(=O)N2CCC(C(=O)c3ccccc3)CC2)c1,6.920818753952375
CHEMBL446682,CHEMBL298,Cholecystokinin B receptor,IC50,=,10.6,nM,CHEMBL653979,B,In vitro affinity to the cholecystokinin type B receptor in guinea pig cortex assayed using [125I]BH-CCK-8 as radioligand,CHEMBL1127392,P32239,Cholecystokinin B receptor,IC50,CC(C)(NC(=O)CN1C(=O)[C@H](NC(=O)Nc2cccc(Cl)c2)C[C@H](c2ccccc2)c2ccccc21)c1ccccc1,7.97469413473523
CHEMBL542967,CHEMBL298,Cholecystokinin B receptor,IC50,=,3.5,nM,CHEMBL656248,B,Inhibition of binding of [125I]-CCK-8 to the cholecystokinin type B receptor,CHEMBL1126970,P32239,Cholecystokinin B receptor,IC50,Cc1cccc(NC(=O)NC2N=C(c3ccccc3)c3ccccc3N(CC(=O)N3CCN(C)CC3)C2=O)c1.Cl,8.455931955649724
CHEMBL2112752,CHEMBL298,Cholecystokinin B receptor,IC50,=,35.0,nM,CHEMBL656248,B,Inhibition of binding of [125I]-CCK-8 to the cholecystokinin type B receptor,CHEMBL1126970,P32239,Cholecystokinin B receptor,IC50,C=Cc1cccc(NC(=O)N[C@@H]2N=C(c3ccccc3)c3ccccc3N(C)C2=O)c1,7.455931955649724
CHEMBL2111923,CHEMBL298,Cholecystokinin B receptor,IC50,=,3.8,nM,CHEMBL656248,B,Inhibition of binding of [125I]-CCK-8 to the cholecystokinin type B receptor,CHEMBL1126970,P32239,Cholecystokinin B receptor,IC50,CN1C(=O)[C@H](NC(=O)Nc2cccc(Br)c2)N=C(c2ccccc2)c2ccccc21,8.42021640338319
CHEMBL126002,CHEMBL298,Cholecystokinin B receptor,IC50,=,32.0,nM,CHEMBL653979,B,In vitro affinity to the cholecystokinin type B receptor in guinea pig cortex assayed using [125I]BH-CCK-8 as radioligand,CHEMBL1127392,P32239,Cholecystokinin B receptor,IC50,Cc1ccc2c(c1)[C@@H](c1ccccc1)C[C@@H](NC(=O)Nc1cccc(Cl)c1)C(=O)N2CC(=O)NC(C)(C)C,7.494850021680094
CHEMBL127521,CHEMBL298,Cholecystokinin B receptor,IC50,=,1.4,nM,CHEMBL653979,B,In vitro affinity to the cholecystokinin type B receptor in guinea pig cortex assayed using [125I]BH-CCK-8 as radioligand,CHEMBL1127392,P32239,Cholecystokinin B receptor,IC50,Cc1ccc2c(c1)N(CC(=O)NC(C)(C)C)C(=O)[C@H](NC(=O)Nc1cccc(Cl)c1)C[C@@H]2Cc1ccccc1,8.853871964321762
CHEMBL342142,CHEMBL298,Cholecystokinin B receptor,IC50,=,460.0,nM,CHEMBL656248,B,Inhibition of binding of [125I]-CCK-8 to the cholecystokinin type B receptor,CHEMBL1126970,P32239,Cholecystokinin B receptor,IC50,COc1ccc(NC(=O)NC2N=C(c3ccccc3)c3ccccc3N(C)C2=O)cn1,6.337242168318426
CHEMBL169661,CHEMBL298,Cholecystokinin B receptor,IC50,=,19.6,nM,CHEMBL656248,B,Inhibition of binding of [125I]-CCK-8 to the cholecystokinin type B receptor,CHEMBL1126970,P32239,Cholecystokinin B receptor,IC50,CN1C(=O)[C@H](NC(=O)Nc2ccc(Cl)cc2)N=C(c2ccccc2)c2ccccc21,7.707743928643524
CHEMBL352939,CHEMBL298,Cholecystokinin B receptor,IC50,=,878.0,nM,CHEMBL657477,B,Ability to inhibit the binding of [125I]CCK-8 to Cholecystokinin type B receptor in guinea pig cortex.,CHEMBL1126473,P32239,Cholecystokinin B receptor,IC50,Cc1cccc(NC(=O)N[C@H]2CCc3ccccc3N(CC(=O)N3CCCC3)C2=O)c1,6.056505484093897
CHEMBL132603,CHEMBL298,Cholecystokinin B receptor,IC50,=,250.0,nM,CHEMBL656248,B,Inhibition of binding of [125I]-CCK-8 to the cholecystokinin type B receptor,CHEMBL1126970,P32239,Cholecystokinin B receptor,IC50,COc1cccc(NC(=O)NC2N=C(c3ccccc3)c3ccccc3N(CCC(=O)O)C2=O)c1,6.6020599913279625
CHEMBL342201,CHEMBL298,Cholecystokinin B receptor,IC50,=,44.0,nM,CHEMBL656248,B,Inhibition of binding of [125I]-CCK-8 to the cholecystokinin type B receptor,CHEMBL1126970,P32239,Cholecystokinin B receptor,IC50,Cc1cccc(NC(=O)NC2N=C(c3ccccc3)c3ccccc3N(CCO)C2=O)c1,7.356547323513812
CHEMBL2112750,CHEMBL298,Cholecystokinin B receptor,IC50,=,500.0,nM,CHEMBL656248,B,Inhibition of binding of [125I]-CCK-8 to the cholecystokinin type B receptor,CHEMBL1126970,P32239,Cholecystokinin B receptor,IC50,CC(=O)Oc1cccc(NC(=O)N[C@@H]2N=C(c3ccccc3)c3ccccc3N(C)C2=O)c1,6.301029995663981
CHEMBL137567,CHEMBL298,Cholecystokinin B receptor,IC50,=,4.9,nM,CHEMBL656248,B,Inhibition of binding of [125I]-CCK-8 to the cholecystokinin type B receptor,CHEMBL1126970,P32239,Cholecystokinin B receptor,IC50,CN1C(=O)C(NC(=O)Nc2cccc(CC(=O)O)c2)N=C(c2ccccc2)c2ccccc21,8.309803919971486
CHEMBL2092976,CHEMBL298,Cholecystokinin B receptor,IC50,=,1.4,nM,CHEMBL656248,B,Inhibition of binding of [125I]-CCK-8 to the cholecystokinin type B receptor,CHEMBL1126970,P32239,Cholecystokinin B receptor,IC50,O=C(Nc1ccc(Cl)cc1)N[C@@H]1N=C(c2ccccc2)c2ccccc2N(CC(=O)N2CCCC2)C1=O,8.853871964321762
CHEMBL2112748,CHEMBL298,Cholecystokinin B receptor,IC50,=,61.0,nM,CHEMBL656248,B,Inhibition of binding of [125I]-CCK-8 to the cholecystokinin type B receptor,CHEMBL1126970,P32239,Cholecystokinin B receptor,IC50,CN1C(=O)[C@H](NC(=O)Nc2ccccc2Cl)N=C(c2ccccc2)c2ccccc21,7.214670164989233
CHEMBL135447,CHEMBL298,Cholecystokinin B receptor,IC50,=,26.0,nM,CHEMBL656248,B,Inhibition of binding of [125I]-CCK-8 to the cholecystokinin type B receptor,CHEMBL1126970,P32239,Cholecystokinin B receptor,IC50,Cc1cccc(NC(=O)NC2N=C(c3ccccc3)c3ccccc3N(CCN(C)C)C2=O)c1,7.585026652029182
CHEMBL135538,CHEMBL298,Cholecystokinin B receptor,IC50,=,5.7,nM,CHEMBL656248,B,Inhibition of binding of [125I]-CCK-8 to the cholecystokinin type B receptor,CHEMBL1126970,P32239,Cholecystokinin B receptor,IC50,CN1C(=O)C(NC(=O)Nc2ccc(C(F)(F)F)cc2)N=C(c2ccccc2)c2ccccc21,8.244125144327509
CHEMBL423278,CHEMBL298,Cholecystokinin B receptor,IC50,=,270.0,nM,CHEMBL657477,B,Ability to inhibit the binding of [125I]CCK-8 to Cholecystokinin type B receptor in guinea pig cortex.,CHEMBL1126473,P32239,Cholecystokinin B receptor,IC50,COc1cccc(NC(=O)NC2CCc3ccccc3N(CC(=O)OC(C)(C)C)C2=O)c1,6.568636235841012
CHEMBL423278,CHEMBL298,Cholecystokinin B receptor,IC50,=,26.0,nM,CHEMBL682558,B,Ability to inhibit the binding of [125I]-gastrin to gastric glands in guinea pig.,CHEMBL1126473,P32239,Cholecystokinin B receptor,IC50,COc1cccc(NC(=O)NC2CCc3ccccc3N(CC(=O)OC(C)(C)C)C2=O)c1,7.585026652029182
CHEMBL171722,CHEMBL298,Cholecystokinin B receptor,IC50,=,2200.0,nM,CHEMBL657477,B,Ability to inhibit the binding of [125I]CCK-8 to Cholecystokinin type B receptor in guinea pig cortex.,CHEMBL1126473,P32239,Cholecystokinin B receptor,IC50,Cc1cccc(NC(=O)NC2CCc3ccccc3N(CC(=O)O)C2=O)c1,5.657577319177793
CHEMBL171722,CHEMBL298,Cholecystokinin B receptor,IC50,=,2500.0,nM,CHEMBL682558,B,Ability to inhibit the binding of [125I]-gastrin to gastric glands in guinea pig.,CHEMBL1126473,P32239,Cholecystokinin B receptor,IC50,Cc1cccc(NC(=O)NC2CCc3ccccc3N(CC(=O)O)C2=O)c1,5.6020599913279625
CHEMBL331315,CHEMBL298,Cholecystokinin B receptor,IC50,=,4.3,nM,CHEMBL653979,B,In vitro affinity to the cholecystokinin type B receptor in guinea pig cortex assayed using [125I]BH-CCK-8 as radioligand,CHEMBL1127392,P32239,Cholecystokinin B receptor,IC50,CC(C)(C)NC(=O)CN1C(=O)[C@H](NC(=O)Nc2cccc(Cl)c2)C[C@H](c2ccccc2)c2ccccc21,8.366531544420413
CHEMBL127687,CHEMBL298,Cholecystokinin B receptor,IC50,=,55.0,nM,CHEMBL653979,B,In vitro affinity to the cholecystokinin type B receptor in guinea pig cortex assayed using [125I]BH-CCK-8 as radioligand,CHEMBL1127392,P32239,Cholecystokinin B receptor,IC50,Cc1ccccc1NC(=O)N[C@@H]1C[C@H](c2ccccc2)c2ccccc2N(CC(=O)NC(C)(C)C)C1=O,7.259637310505756
CHEMBL135715,CHEMBL298,Cholecystokinin B receptor,IC50,=,270.0,nM,CHEMBL656248,B,Inhibition of binding of [125I]-CCK-8 to the cholecystokinin type B receptor,CHEMBL1126970,P32239,Cholecystokinin B receptor,IC50,O=C(Nc1ccc(Cl)cc1)NC1N=C(c2ccccc2)c2ccccc2NC1=O,6.568636235841012
CHEMBL417521,CHEMBL298,Cholecystokinin B receptor,IC50,=,1.2,nM,CHEMBL656248,B,Inhibition of binding of [125I]-CCK-8 to the cholecystokinin type B receptor,CHEMBL1126970,P32239,Cholecystokinin B receptor,IC50,CCOC(=O)CN1C(=O)C(NC(=O)Nc2ccc(Cl)cc2)N=C(c2ccccc2F)c2ccccc21,8.920818753952375
CHEMBL336749,CHEMBL298,Cholecystokinin B receptor,IC50,=,66.0,nM,CHEMBL656248,B,Inhibition of binding of [125I]-CCK-8 to the cholecystokinin type B receptor,CHEMBL1126970,P32239,Cholecystokinin B receptor,IC50,CN1C(=O)C(NC(=O)Nc2ccc(F)cc2)N=C(c2ccccc2)c2ccccc21,7.180456064458131
CHEMBL137398,CHEMBL298,Cholecystokinin B receptor,IC50,=,3.0,nM,CHEMBL656248,B,Inhibition of binding of [125I]-CCK-8 to the cholecystokinin type B receptor,CHEMBL1126970,P32239,Cholecystokinin B receptor,IC50,COc1cccc(NC(=O)NC2N=C(c3ccccc3)c3ccccc3N(C)C2=O)c1,8.522878745280337
CHEMBL137748,CHEMBL298,Cholecystokinin B receptor,IC50,=,500.0,nM,CHEMBL656248,B,Inhibition of binding of [125I]-CCK-8 to the cholecystokinin type B receptor,CHEMBL1126970,P32239,Cholecystokinin B receptor,IC50,CN1C(=O)C(NC(=O)Nc2ccc(N)nc2)N=C(c2ccccc2)c2ccccc21,6.301029995663981
CHEMBL2092865,CHEMBL298,Cholecystokinin B receptor,IC50,=,4600.0,nM,CHEMBL656248,B,Inhibition of binding of [125I]-CCK-8 to the cholecystokinin type B receptor,CHEMBL1126970,P32239,Cholecystokinin B receptor,IC50,CN1C(=O)[C@@H](NC(=O)c2ccc(C(F)(F)F)cc2)N=C(c2ccccc2)c2ccccc21,5.337242168318426
CHEMBL102461,CHEMBL298,Cholecystokinin B receptor,IC50,=,1100.0,nM,CHEMBL658773,B,Inhibitory activity towards binding of [125I]Bolton-Hunter-CCK-8 to CCKB receptor in guinea pig cortical tissue,CHEMBL1128107,P32239,Cholecystokinin B receptor,IC50,Cc1cccc(NC(=O)N[C@H](CCCc2ccccc2)C(=O)N2CCC(C(=O)c3ccccc3)CC2)c1,5.958607314841775
CHEMBL102526,CHEMBL298,Cholecystokinin B receptor,IC50,=,2000.0,nM,CHEMBL658773,B,Inhibitory activity towards binding of [125I]Bolton-Hunter-CCK-8 to CCKB receptor in guinea pig cortical tissue,CHEMBL1128107,P32239,Cholecystokinin B receptor,IC50,Cc1cccc(NC(=O)N[C@H](CCC(=O)OCc2ccccc2)C(=O)N2CCC(C(=O)Nc3ccccc3)CC2)c1,5.698970004336019
CHEMBL291458,CHEMBL298,Cholecystokinin B receptor,IC50,=,0.48,nM,CHEMBL653979,B,In vitro affinity to the cholecystokinin type B receptor in guinea pig cortex assayed using [125I]BH-CCK-8 as radioligand,CHEMBL1127392,P32239,Cholecystokinin B receptor,IC50,Cc1ccc2c(c1)N(CC(=O)NC(C)(C)C)C(=O)[C@H](NC(=O)Nc1cccc(Cl)c1)C[C@@H]2c1ccccc1,9.318758762624412
CHEMBL138592,CHEMBL298,Cholecystokinin B receptor,IC50,=,1200.0,nM,CHEMBL656248,B,Inhibition of binding of [125I]-CCK-8 to the cholecystokinin type B receptor,CHEMBL1126970,P32239,Cholecystokinin B receptor,IC50,COc1ccccc1NC(=O)NC1N=C(c2ccccc2)c2ccccc2N(C)C1=O,5.920818753952375
CHEMBL135433,CHEMBL298,Cholecystokinin B receptor,IC50,=,22.0,nM,CHEMBL656248,B,Inhibition of binding of [125I]-CCK-8 to the cholecystokinin type B receptor,CHEMBL1126970,P32239,Cholecystokinin B receptor,IC50,Cc1ccc(NC(=O)NC2N=C(c3ccccc3)c3ccccc3N(C)C2=O)cc1C,7.657577319177793
CHEMBL105618,CHEMBL298,Cholecystokinin B receptor,IC50,=,3400.0,nM,CHEMBL658773,B,Inhibitory activity towards binding of [125I]Bolton-Hunter-CCK-8 to CCKB receptor in guinea pig cortical tissue,CHEMBL1128107,P32239,Cholecystokinin B receptor,IC50,CC(Cc1c[nH]c2ccccc12)(NC(=O)OC1[C@H]2C[C@@H]3C[C@@H](C[C@H]1C3)C2)C(=O)N1CCC(C(=O)c2ccccc2)CC1,5.468521082957745
CHEMBL136436,CHEMBL298,Cholecystokinin B receptor,IC50,=,22.0,nM,CHEMBL656248,B,Inhibition of binding of [125I]-CCK-8 to the cholecystokinin type B receptor,CHEMBL1126970,P32239,Cholecystokinin B receptor,IC50,CCN(CC)C(=O)C(C)N1C(=O)C(NC(=O)Nc2ccc(Cl)cc2)N=C(c2ccccc2)c2ccccc21,7.657577319177793
CHEMBL135618,CHEMBL298,Cholecystokinin B receptor,IC50,=,3000.0,nM,CHEMBL656248,B,Inhibition of binding of [125I]-CCK-8 to the cholecystokinin type B receptor,CHEMBL1126970,P32239,Cholecystokinin B receptor,IC50,CN1C(=O)C(NC(=O)NC2CCCCC2)N=C(c2ccccc2)c2ccccc21,5.522878745280337
CHEMBL41361,CHEMBL298,Cholecystokinin B receptor,IC50,=,81.3,nM,CHEMBL656248,B,Inhibition of binding of [125I]-CCK-8 to the cholecystokinin type B receptor,CHEMBL1126970,P32239,Cholecystokinin B receptor,IC50,CN1C(=O)C(NC(=O)Nc2ccc(Cl)cc2)N=C(c2ccccc2)c2ccccc21,7.089909454405932
CHEMBL135364,CHEMBL298,Cholecystokinin B receptor,IC50,=,79.0,nM,CHEMBL656248,B,Inhibition of binding of [125I]-CCK-8 to the cholecystokinin type B receptor,CHEMBL1126970,P32239,Cholecystokinin B receptor,IC50,CN1C(=O)C(NC(=O)Nc2cccc3ccccc23)N=C(c2ccccc2)c2ccccc21,7.102372908709558
CHEMBL441989,CHEMBL298,Cholecystokinin B receptor,IC50,=,0.36,nM,CHEMBL662559,B,Binding affinity towards Cholecystokinin type B receptor was measured by displacement of [125I]CCK from guinea pig cortical membranes,CHEMBL1151002,P32239,Cholecystokinin B receptor,IC50,CC(=O)NS(=O)(=O)c1cccc(NC(=O)NC2N=C(C3CCCCC3)c3ccccc3N(C)C2=O)c1,9.443697499232712
CHEMBL292519,CHEMBL298,Cholecystokinin B receptor,IC50,=,2700.0,nM,CHEMBL657474,B,Inhibition of specific binding of [125I]BH-CCK-8 in guinea pig cortex,CHEMBL1126058,P32239,Cholecystokinin B receptor,IC50,CC(C)(C)OC(=O)N[C@@H](Cc1c[nH]c2ccccc12)C(=O)N[C@@H](CCCCNC(=O)c1ccc2ccccc2c1)C(=O)N[C@@H](CC(=O)O)C(=O)N[C@@H](Cc1ccccc1)C(N)=O,5.568636235841012
CHEMBL3144565,CHEMBL298,Cholecystokinin B receptor,IC50,=,238.0,nM,CHEMBL657474,B,Inhibition of specific binding of [125I]BH-CCK-8 in guinea pig cortex,CHEMBL1126058,P32239,Cholecystokinin B receptor,IC50,CC(C)(C)OC(=O)N[C@@H](Cc1c[nH]c2ccccc12)C(=O)N[C@@H](CCCCNC(=O)/C=C\c1cccc(OS(=O)(=O)O)c1)C(=O)N[C@@H](CC(=O)O)C(=O)N[C@@H](Cc1ccccc1)C(N)=O,6.623423042943488
CHEMBL418123,CHEMBL298,Cholecystokinin B receptor,IC50,=,200.0,nM,CHEMBL657474,B,Inhibition of specific binding of [125I]BH-CCK-8 in guinea pig cortex,CHEMBL1126058,P32239,Cholecystokinin B receptor,IC50,CC(C)(C)OC(=O)N[C@@H](Cc1c[nH]c2ccccc12)C(=O)N[C@@H](CCCCNC(=O)c1cnc2ccccc2c1)C(=O)N[C@@H](CC(=O)O)C(=O)N[C@@H](Cc1ccccc1)C(N)=O,6.698970004336019
CHEMBL294542,CHEMBL298,Cholecystokinin B receptor,IC50,=,570.0,nM,CHEMBL657474,B,Inhibition of specific binding of [125I]BH-CCK-8 in guinea pig cortex,CHEMBL1126058,P32239,Cholecystokinin B receptor,IC50,CC(=O)Oc1ccc2cc(C(=O)NCCCC[C@H](NC(=O)[C@H](Cc3c[nH]c4ccccc34)NC(=O)OC(C)(C)C)C(=O)N[C@@H](CC(=O)O)C(=O)N(C)[C@@H](Cc3ccccc3)C(N)=O)ccc2c1,6.2441251443275085
CHEMBL50926,CHEMBL298,Cholecystokinin B receptor,IC50,=,0.96,nM,CHEMBL662566,B,Inhibition of [125I]Cholecystokinin-8 binding to Cholecystokinin type B receptor of guinea pig cerebral cortical membranes,CHEMBL1130373,P32239,Cholecystokinin B receptor,IC50,Cc1cccc2c1N(CC(=O)N1CC3CCC(CC3)C1)C(=O)C(NC(=O)Nc1cccc(C(=O)O)c1)N=C2c1ccccc1F,9.017728766960431
CHEMBL418500,CHEMBL298,Cholecystokinin B receptor,IC50,=,5200.0,nM,CHEMBL657474,B,Inhibition of specific binding of [125I]BH-CCK-8 in guinea pig cortex,CHEMBL1126058,P32239,Cholecystokinin B receptor,IC50,CC(C)(C)OC(=O)N[C@@H](Cc1c[nH]c2ccccc12)C(=O)N[C@@H](CCCCNC(=O)c1cc2cc(Cl)ccc2[nH]1)C(=O)N[C@@H](CC(=O)O)C(=O)N[C@@H](Cc1ccccc1)C(N)=O,5.2839966563652006
CHEMBL75892,CHEMBL298,Cholecystokinin B receptor,IC50,=,0.58,nM,CHEMBL662559,B,Binding affinity towards Cholecystokinin type B receptor was measured by displacement of [125I]CCK from guinea pig cortical membranes,CHEMBL1151002,P32239,Cholecystokinin B receptor,IC50,CN1C(=O)C(NC(=O)Nc2cccc(C(=O)NS(C)(=O)=O)c2)N=C(C2CCCCC2)c2ccccc21,9.236572006437063
CHEMBL3144560,CHEMBL298,Cholecystokinin B receptor,IC50,=,4400.0,nM,CHEMBL657474,B,Inhibition of specific binding of [125I]BH-CCK-8 in guinea pig cortex,CHEMBL1126058,P32239,Cholecystokinin B receptor,IC50,CC(C)(C)OC(=O)N[C@@H](Cc1c[nH]c2ccccc12)C(=O)N[C@@H](CCCCNC(=O)/C=C\c1ccc([N+](=O)[O-])cc1)C(=O)N[C@@H](CC(=O)O)C(=O)N[C@@H](Cc1ccccc1)C(N)=O,5.356547323513812
CHEMBL49085,CHEMBL298,Cholecystokinin B receptor,IC50,=,0.087,nM,CHEMBL662566,B,Inhibition of [125I]Cholecystokinin-8 binding to Cholecystokinin type B receptor of guinea pig cerebral cortical membranes,CHEMBL1130373,P32239,Cholecystokinin B receptor,IC50,Cc1cccc(NC(=O)NC2N=C(c3ccccc3F)c3ccccc3N(CC(=O)N3CC4CCC(CC4)C3)C2=O)c1,10.060480747381382
CHEMBL64605,CHEMBL298,Cholecystokinin B receptor,IC50,=,25.0,nM,CHEMBL657474,B,Inhibition of specific binding of [125I]BH-CCK-8 in guinea pig cortex,CHEMBL1126058,P32239,Cholecystokinin B receptor,IC50,CSCC[C@H](NC(=O)[C@H](Cc1c[nH]c2ccccc12)NC(=O)OC(C)(C)C)C(=O)N[C@@H](CC(=O)O)C(=O)N[C@@H](Cc1ccccc1)C(N)=O,7.6020599913279625
CHEMBL3144552,CHEMBL298,Cholecystokinin B receptor,IC50,=,5300.0,nM,CHEMBL657474,B,Inhibition of specific binding of [125I]BH-CCK-8 in guinea pig cortex,CHEMBL1126058,P32239,Cholecystokinin B receptor,IC50,CC(C)(C)OC(=O)N[C@@H](Cc1c[nH]c2ccccc12)C(=O)N[C@@H](CCCCNC(=O)/C=C\c1ccc(C(F)(F)F)cc1)C(=O)N[C@@H](CC(=O)O)C(=O)N[C@@H](Cc1ccccc1)C(N)=O,5.275724130399211
CHEMBL3144550,CHEMBL298,Cholecystokinin B receptor,IC50,=,5000.0,nM,CHEMBL657474,B,Inhibition of specific binding of [125I]BH-CCK-8 in guinea pig cortex,CHEMBL1126058,P32239,Cholecystokinin B receptor,IC50,CC(C)(C)OC(=O)N[C@@H](Cc1c[nH]c2ccccc12)C(=O)N[C@@H](CCCCNC(=O)/C=C\c1ccc(Cl)c(Cl)c1)C(=O)N[C@@H](CC(=O)O)C(=O)N[C@@H](Cc1ccccc1)C(N)=O,5.301029995663981
CHEMBL62345,CHEMBL298,Cholecystokinin B receptor,IC50,=,300.0,nM,CHEMBL657474,B,Inhibition of specific binding of [125I]BH-CCK-8 in guinea pig cortex,CHEMBL1126058,P32239,Cholecystokinin B receptor,IC50,CC(C)(C)OC(=O)N[C@@H](Cc1c[nH]c2ccccc12)C(=O)N[C@@H](CCCCNC(=O)c1ccc2cc(OS(=O)(=O)O)ccc2c1)C(=O)N[C@@H](CC(=O)O)C(=O)N[C@@H](Cc1ccccc1)C(N)=O,6.522878745280337
CHEMBL413768,CHEMBL298,Cholecystokinin B receptor,IC50,=,730.0,nM,CHEMBL657474,B,Inhibition of specific binding of [125I]BH-CCK-8 in guinea pig cortex,CHEMBL1126058,P32239,Cholecystokinin B receptor,IC50,CN(C(=O)[C@H](CC(=O)O)NC(=O)[C@H](CCCCNC(=O)c1ccc2cc(O)ccc2c1)NC(=O)[C@H](Cc1c[nH]c2ccccc12)NC(=O)OC(C)(C)C)[C@@H](Cc1ccccc1)C(N)=O,6.136677139879544
CHEMBL58699,CHEMBL298,Cholecystokinin B receptor,IC50,=,0.28,nM,CHEMBL662559,B,Binding affinity towards Cholecystokinin type B receptor was measured by displacement of [125I]CCK from guinea pig cortical membranes,CHEMBL1151002,P32239,Cholecystokinin B receptor,IC50,Cc1cccc(NC(=O)N[C@@H]2N=C(C3CCCCC3)c3ccccc3N(C)C2=O)c1,9.55284196865778
CHEMBL3144544,CHEMBL298,Cholecystokinin B receptor,IC50,=,10000.0,nM,CHEMBL657474,B,Inhibition of specific binding of [125I]BH-CCK-8 in guinea pig cortex,CHEMBL1126058,P32239,Cholecystokinin B receptor,IC50,Cc1ccc(CCC(=O)NCCCC[C@H](NC(=O)[C@H](Cc2c[nH]c3ccccc23)NC(=O)OC(C)(C)C)C(=O)N[C@@H](CC(=O)O)C(=O)N[C@@H](Cc2ccccc2)C(N)=O)cc1,5.0
CHEMBL3144536,CHEMBL298,Cholecystokinin B receptor,IC50,=,730.0,nM,CHEMBL657474,B,Inhibition of specific binding of [125I]BH-CCK-8 in guinea pig cortex,CHEMBL1126058,P32239,Cholecystokinin B receptor,IC50,CC(C)(C)OC(=O)N[C@@H](Cc1c[nH]c2ccccc12)C(=O)N[C@@H](CCCCNC(=O)/C=C\c1ccc(O)cc1)C(=O)N[C@@H](CC(=O)O)C(=O)N[C@@H](Cc1ccccc1)C(N)=O,6.136677139879544
CHEMBL3144555,CHEMBL298,Cholecystokinin B receptor,IC50,=,2900.0,nM,CHEMBL657474,B,Inhibition of specific binding of [125I]BH-CCK-8 in guinea pig cortex,CHEMBL1126058,P32239,Cholecystokinin B receptor,IC50,CC(C)(C)OC(=O)N[C@@H](Cc1c[nH]c2ccccc12)C(=O)N[C@@H](CCCCNC(=O)/C=C\c1ccc(Cl)cc1)C(=O)N[C@@H](CC(=O)O)C(=O)N[C@@H](Cc1ccccc1)C(N)=O,5.537602002101044
CHEMBL48563,CHEMBL298,Cholecystokinin B receptor,IC50,=,2.0,nM,CHEMBL662566,B,Inhibition of [125I]Cholecystokinin-8 binding to Cholecystokinin type B receptor of guinea pig cerebral cortical membranes,CHEMBL1130373,P32239,Cholecystokinin B receptor,IC50,Cc1cccc2c1N(CC(=O)N1CC3CCC(CC3)C1)C(=O)C(NC(=O)Nc1cccc(Cl)c1)N=C2c1ccccc1F,8.698970004336019
CHEMBL3144533,CHEMBL298,Cholecystokinin B receptor,IC50,=,7000.0,nM,CHEMBL657474,B,Inhibition of specific binding of [125I]BH-CCK-8 in guinea pig cortex,CHEMBL1126058,P32239,Cholecystokinin B receptor,IC50,CC(C)(C)OC(=O)N[C@@H](Cc1c[nH]c2ccccc12)C(=O)N[C@@H](CCCCNC(=O)CCc1ccc(Cl)cc1)C(=O)N[C@@H](CC(=O)O)C(=O)N[C@@H](Cc1ccccc1)C(N)=O,5.154901959985743
CHEMBL3144564,CHEMBL298,Cholecystokinin B receptor,IC50,=,470.0,nM,CHEMBL657474,B,Inhibition of specific binding of [125I]BH-CCK-8 in guinea pig cortex,CHEMBL1126058,P32239,Cholecystokinin B receptor,IC50,CC(C)(C)OC(=O)N[C@@H](Cc1c[nH]c2ccccc12)C(=O)N[C@@H](CCCCNC(=O)/C=C\c1ccc(OS(=O)(=O)O)cc1)C(=O)N[C@@H](CC(=O)O)C(=O)N[C@@H](Cc1ccccc1)C(N)=O,6.327902142064282
CHEMBL3144554,CHEMBL298,Cholecystokinin B receptor,IC50,=,1700.0,nM,CHEMBL657474,B,Inhibition of specific binding of [125I]BH-CCK-8 in guinea pig cortex,CHEMBL1126058,P32239,Cholecystokinin B receptor,IC50,COc1ccc(/C=C\C(=O)NCCCC[C@H](NC(=O)[C@H](Cc2c[nH]c3ccccc23)NC(=O)OC(C)(C)C)C(=O)N[C@@H](CC(=O)O)C(=O)N[C@@H](Cc2ccccc2)C(N)=O)cc1,5.769551078621726
CHEMBL59404,CHEMBL298,Cholecystokinin B receptor,IC50,=,4300.0,nM,CHEMBL657474,B,Inhibition of specific binding of [125I]BH-CCK-8 in guinea pig cortex,CHEMBL1126058,P32239,Cholecystokinin B receptor,IC50,CC(C)(C)OC(=O)N[C@@H](Cc1c[nH]c2ccccc12)C(=O)N[C@@H](CCCCNC(=O)c1cccc2ccccc12)C(=O)N[C@@H](CC(=O)O)C(=O)N[C@@H](Cc1ccccc1)C(N)=O,5.366531544420413
CHEMBL3144567,CHEMBL298,Cholecystokinin B receptor,IC50,=,6100.0,nM,CHEMBL657474,B,Inhibition of specific binding of [125I]BH-CCK-8 in guinea pig cortex,CHEMBL1126058,P32239,Cholecystokinin B receptor,IC50,CC(C)(C)OC(=O)N[C@@H](Cc1c[nH]c2ccccc12)C(=O)N[C@@H](CCCCNC(=O)CCc1ccc(O)cc1)C(=O)N[C@@H](CC(=O)O)C(=O)N[C@@H](Cc1ccccc1)C(N)=O,5.214670164989233
CHEMBL433636,CHEMBL298,Cholecystokinin B receptor,IC50,=,10000.0,nM,CHEMBL657474,B,Inhibition of specific binding of [125I]BH-CCK-8 in guinea pig cortex,CHEMBL1126058,P32239,Cholecystokinin B receptor,IC50,CC(C)(C)OC(=O)N[C@@H](Cc1c[nH]c2ccccc12)C(=O)N[C@@H](CCCCNC(=O)CCC1CCCCC1)C(=O)N[C@@H](CC(=O)O)C(=O)N[C@@H](Cc1ccccc1)C(N)=O,5.0
CHEMBL293026,CHEMBL298,Cholecystokinin B receptor,IC50,=,830.0,nM,CHEMBL657474,B,Inhibition of specific binding of [125I]BH-CCK-8 in guinea pig cortex,CHEMBL1126058,P32239,Cholecystokinin B receptor,IC50,CC(C)(C)OC(=O)N[C@@H](Cc1c[nH]c2ccccc12)C(=O)N[C@@H](CCCCNC(=O)c1cc2cc(O)ccc2[nH]1)C(=O)N[C@@H](CC(=O)O)C(=O)N[C@@H](Cc1ccccc1)C(N)=O,6.080921907623926
CHEMBL306803,CHEMBL298,Cholecystokinin B receptor,IC50,=,1.4,nM,CHEMBL662559,B,Binding affinity towards Cholecystokinin type B receptor was measured by displacement of [125I]CCK from guinea pig cortical membranes,CHEMBL1151002,P32239,Cholecystokinin B receptor,IC50,CN1C(=O)C(NC(=O)Nc2cccc(C(=O)O)c2)N=C(C2CCCCC2)c2ccccc21,8.853871964321762
CHEMBL300072,CHEMBL298,Cholecystokinin B receptor,IC50,=,310.0,nM,CHEMBL662566,B,Inhibition of [125I]Cholecystokinin-8 binding to Cholecystokinin type B receptor of guinea pig cerebral cortical membranes,CHEMBL1130373,P32239,Cholecystokinin B receptor,IC50,O=C(N[C@H]1N=C(c2ccccc2F)c2cccc3c2N(CC3)C1=O)c1cc2ccccc2[nH]1,6.508638306165727
CHEMBL285921,CHEMBL298,Cholecystokinin B receptor,IC50,=,6.4,nM,CHEMBL662565,B,Inhibition of [125I]-Cholecystokinin-8 (125I-CCK-8) binding to Cholecystokinin type B receptor of guinea pig cerebral cortical membranes,CHEMBL1130373,P32239,Cholecystokinin B receptor,IC50,Cc1cccc2c1N(CC(=O)N1CC3CCC(CC3)C1)C(=O)C(NC(=O)Nc1cccc(-c3nn[nH]n3)c1)N=C2c1ccccc1F,8.193820026016112
CHEMBL305649,CHEMBL298,Cholecystokinin B receptor,IC50,=,0.27,nM,CHEMBL662559,B,Binding affinity towards Cholecystokinin type B receptor was measured by displacement of [125I]CCK from guinea pig cortical membranes,CHEMBL1151002,P32239,Cholecystokinin B receptor,IC50,Cc1ccccc1S(=O)(=O)NC(=O)c1cccc(NC(=O)N[C@@H]2N=C(C3CCCCC3)c3ccccc3N(C)C2=O)c1,9.568636235841012
CHEMBL62887,CHEMBL298,Cholecystokinin B receptor,IC50,=,1400.0,nM,CHEMBL657474,B,Inhibition of specific binding of [125I]BH-CCK-8 in guinea pig cortex,CHEMBL1126058,P32239,Cholecystokinin B receptor,IC50,CC(=O)Oc1ccc2cc(C(=O)NCCCC[C@H](NC(=O)[C@H](Cc3c[nH]c4ccccc34)NC(=O)OC(C)(C)C)C(=O)N[C@@H](CC(=O)O)C(=O)N[C@@H](Cc3ccccc3)C(N)=O)ccc2c1,5.853871964321762
CHEMBL292298,CHEMBL298,Cholecystokinin B receptor,IC50,=,670.0,nM,CHEMBL657474,B,Inhibition of specific binding of [125I]BH-CCK-8 in guinea pig cortex,CHEMBL1126058,P32239,Cholecystokinin B receptor,IC50,CC(C)(C)OC(=O)N[C@@H](Cc1c[nH]c2ccccc12)C(=O)N[C@@H](CCCCNC(=O)c1cnc2cccc(O)c2c1)C(=O)N[C@@H](CC(=O)O)C(=O)N[C@@H](Cc1ccccc1)C(N)=O,6.173925197299173
CHEMBL302911,CHEMBL298,Cholecystokinin B receptor,IC50,=,3000.0,nM,CHEMBL657474,B,Inhibition of specific binding of [125I]BH-CCK-8 in guinea pig cortex,CHEMBL1126058,P32239,Cholecystokinin B receptor,IC50,COc1ccc2[nH]c(C(=O)NCCCC[C@H](NC(=O)[C@H](Cc3c[nH]c4ccccc34)NC(=O)OC(C)(C)C)C(=O)N[C@@H](CC(=O)O)C(=O)N[C@@H](Cc3ccccc3)C(N)=O)cc2c1,5.522878745280337
CHEMBL156559,CHEMBL298,Cholecystokinin B receptor,IC50,=,4500.0,nM,CHEMBL657474,B,Inhibition of specific binding of [125I]BH-CCK-8 in guinea pig cortex,CHEMBL1126058,P32239,Cholecystokinin B receptor,IC50,Cc1ccccc1NC(=O)NCCCC[C@H](NC(=O)[C@H](Cc1c[nH]c2ccccc12)NC(=O)OC(C)(C)C)C(=O)N(C)[C@@H](CC(=O)O)C(=O)N[C@@H](Cc1ccccc1)C(N)=O,5.346787486224656
CHEMBL387073,CHEMBL298,Cholecystokinin B receptor,IC50,=,1000.0,nM,CHEMBL657474,B,Inhibition of specific binding of [125I]BH-CCK-8 in guinea pig cortex,CHEMBL1126058,P32239,Cholecystokinin B receptor,IC50,CN(C(=O)[C@H](CC(=O)O)NC(=O)[C@H](CCCCNC(=O)/C=C/c1ccc(OS(=O)(=O)O)cc1)NC(=O)[C@H](Cc1c[nH]c2ccccc12)NC(=O)OC(C)(C)C)[C@@H](Cc1ccccc1)C(N)=O,6.0
CHEMBL299523,CHEMBL298,Cholecystokinin B receptor,IC50,=,1.8,nM,CHEMBL662566,B,Inhibition of [125I]Cholecystokinin-8 binding to Cholecystokinin type B receptor of guinea pig cerebral cortical membranes,CHEMBL1130373,P32239,Cholecystokinin B receptor,IC50,Cc1cccc2c1N(CC(=O)N1CC3CCC(CC3)C1)C(=O)C(NC(=O)Nc1cccc(Br)c1)N=C2c1ccccc1F,8.744727494896694
CHEMBL75490,CHEMBL298,Cholecystokinin B receptor,IC50,=,0.24,nM,CHEMBL662559,B,Binding affinity towards Cholecystokinin type B receptor was measured by displacement of [125I]CCK from guinea pig cortical membranes,CHEMBL1151002,P32239,Cholecystokinin B receptor,IC50,CN1C(=O)C(NC(=O)Nc2cccc(S(=O)(=O)NC(=O)c3ccccc3)c2)N=C(C2CCCCC2)c2ccccc21,9.619788758288394
CHEMBL3144566,CHEMBL298,Cholecystokinin B receptor,IC50,=,4800.0,nM,CHEMBL657474,B,Inhibition of specific binding of [125I]BH-CCK-8 in guinea pig cortex,CHEMBL1126058,P32239,Cholecystokinin B receptor,IC50,CC(C)(C)OC(=O)N[C@@H](Cc1c[nH]c2ccccc12)C(=O)N[C@@H](CCCCNC(=O)CCc1ccc(OS(=O)(=O)O)cc1)C(=O)N[C@@H](CC(=O)O)C(=O)N[C@@H](Cc1ccccc1)C(N)=O,5.318758762624412
CHEMBL311154,CHEMBL298,Cholecystokinin B receptor,IC50,=,0.73,nM,CHEMBL662559,B,Binding affinity towards Cholecystokinin type B receptor was measured by displacement of [125I]CCK from guinea pig cortical membranes,CHEMBL1151002,P32239,Cholecystokinin B receptor,IC50,CN1C(=O)[C@H](NC(=O)Nc2cccc(C(=O)NS(=O)(=O)c3ccccc3)c2)N=C(C2CCCCC2)c2ccccc21,9.136677139879545
CHEMBL3144562,CHEMBL298,Cholecystokinin B receptor,IC50,=,5100.0,nM,CHEMBL657474,B,Inhibition of specific binding of [125I]BH-CCK-8 in guinea pig cortex,CHEMBL1126058,P32239,Cholecystokinin B receptor,IC50,CC(C)(C)OC(=O)N[C@@H](Cc1c[nH]c2ccccc12)C(=O)N[C@@H](CCCCNC(=O)/C=C\c1ccc(Br)cc1)C(=O)N[C@@H](CC(=O)O)C(=O)N[C@@H](Cc1ccccc1)C(N)=O,5.292429823902063
CHEMBL299800,CHEMBL298,Cholecystokinin B receptor,IC50,=,0.47,nM,CHEMBL662566,B,Inhibition of [125I]Cholecystokinin-8 binding to Cholecystokinin type B receptor of guinea pig cerebral cortical membranes,CHEMBL1130373,P32239,Cholecystokinin B receptor,IC50,Cc1cccc(NC(=O)NC2N=C(c3ccccc3F)c3cccc(C)c3N(CC(=O)N3CC4CCC(CC4)C3)C2=O)c1,9.327902142064282
CHEMBL278447,CHEMBL298,Cholecystokinin B receptor,IC50,=,1200.0,nM,CHEMBL657474,B,Inhibition of specific binding of [125I]BH-CCK-8 in guinea pig cortex,CHEMBL1126058,P32239,Cholecystokinin B receptor,IC50,CC(C)(C)OC(=O)N[C@@H](Cc1c[nH]c2ccccc12)C(=O)N[C@@H](CCCCNC(=O)c1ccc2cc(O)ccc2c1)C(=O)N[C@@H](CC(=O)O)C(=O)N[C@@H](Cc1ccccc1)C(N)=O,5.920818753952375
CHEMBL50216,CHEMBL298,Cholecystokinin B receptor,IC50,=,1.0,nM,CHEMBL662566,B,Inhibition of [125I]Cholecystokinin-8 binding to Cholecystokinin type B receptor of guinea pig cerebral cortical membranes,CHEMBL1130373,P32239,Cholecystokinin B receptor,IC50,COc1cccc(NC(=O)NC2N=C(c3ccccc3F)c3cccc(C)c3N(CC(=O)N3CC4CCC(CC4)C3)C2=O)c1,9.0
CHEMBL50215,CHEMBL298,Cholecystokinin B receptor,IC50,=,0.84,nM,CHEMBL662566,B,Inhibition of [125I]Cholecystokinin-8 binding to Cholecystokinin type B receptor of guinea pig cerebral cortical membranes,CHEMBL1130373,P32239,Cholecystokinin B receptor,IC50,CC(=O)c1cccc(NC(=O)NC2N=C(c3ccccc3F)c3cccc(C)c3N(CC(=O)N3CC4CCC(CC4)C3)C2=O)c1,9.075720713938118
CHEMBL3144534,CHEMBL298,Cholecystokinin B receptor,IC50,=,3000.0,nM,CHEMBL657474,B,Inhibition of specific binding of [125I]BH-CCK-8 in guinea pig cortex,CHEMBL1126058,P32239,Cholecystokinin B receptor,IC50,CC(C)(C)OC(=O)N[C@@H](Cc1c[nH]c2ccccc12)C(=O)N[C@@H](CCCCNC(=O)CCc1cccc(O)c1)C(=O)N[C@@H](CC(=O)O)C(=O)N[C@@H](Cc1ccccc1)C(N)=O,5.522878745280337
CHEMBL3144545,CHEMBL298,Cholecystokinin B receptor,IC50,=,19000.0,nM,CHEMBL657474,B,Inhibition of specific binding of [125I]BH-CCK-8 in guinea pig cortex,CHEMBL1126058,P32239,Cholecystokinin B receptor,IC50,CC(C)(C)OC(=O)N[C@@H](Cc1c[nH]c2ccccc12)C(=O)N[C@@H](CCCCNC(=O)CCc1ccc(C(F)(F)F)cc1)C(=O)N[C@@H](CC(=O)O)C(=O)N[C@@H](Cc1ccccc1)C(N)=O,4.721246399047171
CHEMBL3144546,CHEMBL298,Cholecystokinin B receptor,IC50,=,9900.0,nM,CHEMBL657474,B,Inhibition of specific binding of [125I]BH-CCK-8 in guinea pig cortex,CHEMBL1126058,P32239,Cholecystokinin B receptor,IC50,CC(C)(C)OC(=O)N[C@@H](Cc1c[nH]c2ccccc12)C(=O)N[C@@H](CCCCNC(=O)CCc1ccc(F)cc1)C(=O)N[C@@H](CC(=O)O)C(=O)N[C@@H](Cc1ccccc1)C(N)=O,5.00436480540245
CHEMBL3144551,CHEMBL298,Cholecystokinin B receptor,IC50,=,750.0,nM,CHEMBL657474,B,Inhibition of specific binding of [125I]BH-CCK-8 in guinea pig cortex,CHEMBL1126058,P32239,Cholecystokinin B receptor,IC50,CC(C)(C)OC(=O)N[C@@H](Cc1c[nH]c2ccccc12)C(=O)N[C@@H](CCCCNC(=O)/C=C\c1ccc(O)c(O)c1)C(=O)N[C@@H](CC(=O)O)C(=O)N[C@@H](Cc1ccccc1)C(N)=O,6.1249387366083
CHEMBL9387,CHEMBL298,Cholecystokinin B receptor,IC50,=,2.0,nM,CHEMBL662566,B,Inhibition of [125I]Cholecystokinin-8 binding to Cholecystokinin type B receptor of guinea pig cerebral cortical membranes,CHEMBL1130373,P32239,Cholecystokinin B receptor,IC50,Cc1cccc(NC(=O)N[C@@H]2N=C(c3ccccc3)c3ccccc3N(C)C2=O)c1,8.698970004336019
CHEMBL285921,CHEMBL298,Cholecystokinin B receptor,IC50,=,0.68,nM,CHEMBL662566,B,Inhibition of [125I]Cholecystokinin-8 binding to Cholecystokinin type B receptor of guinea pig cerebral cortical membranes,CHEMBL1130373,P32239,Cholecystokinin B receptor,IC50,Cc1cccc2c1N(CC(=O)N1CC3CCC(CC3)C1)C(=O)C(NC(=O)Nc1cccc(-c3nn[nH]n3)c1)N=C2c1ccccc1F,9.167491087293763
CHEMBL3144542,CHEMBL298,Cholecystokinin B receptor,IC50,=,3000.0,nM,CHEMBL657474,B,Inhibition of specific binding of [125I]BH-CCK-8 in guinea pig cortex,CHEMBL1126058,P32239,Cholecystokinin B receptor,IC50,COc1ccc(/C=C\C(=O)NCCCC[C@H](NC(=O)[C@H](Cc2c[nH]c3ccccc23)NC(=O)OC(C)(C)C)C(=O)N[C@@H](CC(=O)O)C(=O)N[C@@H](Cc2ccccc2)C(N)=O)c(OC)c1,5.522878745280337
CHEMBL292490,CHEMBL298,Cholecystokinin B receptor,IC50,=,840.0,nM,CHEMBL657474,B,Inhibition of specific binding of [125I]BH-CCK-8 in guinea pig cortex,CHEMBL1126058,P32239,Cholecystokinin B receptor,IC50,CC(C)(C)OC(=O)N[C@@H](Cc1c[nH]c2ccccc12)C(=O)N[C@@H](CCCCNC(=O)/C=C/c1cccs1)C(=O)N[C@@H](CC(=O)O)C(=O)N[C@@H](Cc1ccccc1)C(N)=O,6.075720713938118
CHEMBL292071,CHEMBL298,Cholecystokinin B receptor,IC50,=,120.0,nM,CHEMBL657474,B,Inhibition of specific binding of [125I]BH-CCK-8 in guinea pig cortex,CHEMBL1126058,P32239,Cholecystokinin B receptor,IC50,CN(C(=O)[C@H](CC(=O)O)NC(=O)[C@H](CCCCNC(=O)/C=C/c1cccnc1)NC(=O)[C@H](Cc1c[nH]c2ccccc12)NC(=O)OC(C)(C)C)[C@@H](Cc1ccccc1)C(N)=O,6.920818753952375
CHEMBL292471,CHEMBL298,Cholecystokinin B receptor,IC50,=,2100.0,nM,CHEMBL657474,B,Inhibition of specific binding of [125I]BH-CCK-8 in guinea pig cortex,CHEMBL1126058,P32239,Cholecystokinin B receptor,IC50,CC(C)(C)OC(=O)N[C@@H](Cc1c[nH]c2ccccc12)C(=O)N[C@@H](CCCCNC(=O)c1cc2ccccc2[nH]1)C(=O)N[C@@H](CC(=O)O)C(=O)N[C@@H](Cc1ccccc1)C(N)=O,5.6777807052660805
CHEMBL3144561,CHEMBL298,Cholecystokinin B receptor,IC50,=,2100.0,nM,CHEMBL657474,B,Inhibition of specific binding of [125I]BH-CCK-8 in guinea pig cortex,CHEMBL1126058,P32239,Cholecystokinin B receptor,IC50,CN(C)c1ccc(/C=C\C(=O)NCCCC[C@H](NC(=O)[C@H](Cc2c[nH]c3ccccc23)NC(=O)OC(C)(C)C)C(=O)N[C@@H](CC(=O)O)C(=O)N[C@@H](Cc2ccccc2)C(N)=O)cc1,5.6777807052660805
CHEMBL3144541,CHEMBL298,Cholecystokinin B receptor,IC50,=,480.0,nM,CHEMBL657474,B,Inhibition of specific binding of [125I]BH-CCK-8 in guinea pig cortex,CHEMBL1126058,P32239,Cholecystokinin B receptor,IC50,CC(C)(C)OC(=O)N[C@@H](Cc1c[nH]c2ccccc12)C(=O)N[C@@H](CCCCNC(=O)Cc1ccc(O)cc1)C(=O)N[C@@H](CC(=O)O)C(=O)N[C@@H](Cc1ccccc1)C(N)=O,6.318758762624412
CHEMBL60385,CHEMBL298,Cholecystokinin B receptor,IC50,=,3000.0,nM,CHEMBL657474,B,Inhibition of specific binding of [125I]BH-CCK-8 in guinea pig cortex,CHEMBL1126058,P32239,Cholecystokinin B receptor,IC50,CN(C(=O)[C@H](CC(=O)O)NC(=O)[C@H](CCCCNC(=O)/C=C/c1ccc(Cl)cc1)NC(=O)[C@H](Cc1c[nH]c2ccccc12)NC(=O)OC(C)(C)C)[C@@H](Cc1ccccc1)C(N)=O,5.522878745280337
CHEMBL3144539,CHEMBL298,Cholecystokinin B receptor,IC50,=,1800.0,nM,CHEMBL657474,B,Inhibition of specific binding of [125I]BH-CCK-8 in guinea pig cortex,CHEMBL1126058,P32239,Cholecystokinin B receptor,IC50,CC(C)(C)OC(=O)N[C@@H](Cc1c[nH]c2ccccc12)C(=O)N[C@@H](CCCCNC(=O)/C=C\c1ccccc1)C(=O)N[C@@H](CC(=O)O)C(=O)N[C@@H](Cc1ccccc1)C(N)=O,5.7447274948966935
CHEMBL413267,CHEMBL298,Cholecystokinin B receptor,IC50,=,0.37,nM,CHEMBL662566,B,Inhibition of [125I]Cholecystokinin-8 binding to Cholecystokinin type B receptor of guinea pig cerebral cortical membranes,CHEMBL1130373,P32239,Cholecystokinin B receptor,IC50,CSc1cccc(NC(=O)NC2N=C(c3ccccc3F)c3cccc(C)c3N(CC(=O)N3CC4CCC(CC4)C3)C2=O)c1,9.431798275933005
CHEMBL3144535,CHEMBL298,Cholecystokinin B receptor,IC50,=,10000.0,nM,CHEMBL657474,B,Inhibition of specific binding of [125I]BH-CCK-8 in guinea pig cortex,CHEMBL1126058,P32239,Cholecystokinin B receptor,IC50,CC(C)(C)OC(=O)N[C@@H](Cc1c[nH]c2ccccc12)C(=O)N[C@@H](CCCCNC(=O)CCc1cccc(OS(=O)(=O)O)c1)C(=O)N[C@@H](CC(=O)O)C(=O)N[C@@H](Cc1ccccc1)C(N)=O,5.0
CHEMBL3144543,CHEMBL298,Cholecystokinin B receptor,IC50,=,4400.0,nM,CHEMBL657474,B,Inhibition of specific binding of [125I]BH-CCK-8 in guinea pig cortex,CHEMBL1126058,P32239,Cholecystokinin B receptor,IC50,CC(C)(C)OC(=O)N[C@@H](Cc1c[nH]c2ccccc12)C(=O)N[C@@H](CCCCNC(=O)CCc1ccc(O)c(O)c1)C(=O)N[C@@H](CC(=O)O)C(=O)N[C@@H](Cc1ccccc1)C(N)=O,5.356547323513812
CHEMBL3144549,CHEMBL298,Cholecystokinin B receptor,IC50,=,5000.0,nM,CHEMBL657474,B,Inhibition of specific binding of [125I]BH-CCK-8 in guinea pig cortex,CHEMBL1126058,P32239,Cholecystokinin B receptor,IC50,CC(C)(C)OC(=O)N[C@@H](Cc1c[nH]c2ccccc12)C(=O)N[C@@H](CCCCNC(=O)/C=C\c1ccc(Cl)cc1Cl)C(=O)N[C@@H](CC(=O)O)C(=O)N[C@@H](Cc1ccccc1)C(N)=O,5.301029995663981
CHEMBL294304,CHEMBL298,Cholecystokinin B receptor,IC50,=,4700.0,nM,CHEMBL657474,B,Inhibition of specific binding of [125I]BH-CCK-8 in guinea pig cortex,CHEMBL1126058,P32239,Cholecystokinin B receptor,IC50,CC(C)(C)OC(=O)N[C@@H](Cc1c[nH]c2ccccc12)C(=O)N[C@@H](CCCCNC(=O)/C=C/c1c[nH]c2ccccc12)C(=O)N[C@@H](CC(=O)O)C(=O)N[C@@H](Cc1ccccc1)C(N)=O,5.327902142064282
CHEMBL433640,CHEMBL298,Cholecystokinin B receptor,IC50,=,710.0,nM,CHEMBL657474,B,Inhibition of specific binding of [125I]BH-CCK-8 in guinea pig cortex,CHEMBL1126058,P32239,Cholecystokinin B receptor,IC50,CN(C(=O)[C@H](CC(=O)O)NC(=O)[C@H](CCCCNC(=O)/C=C/c1ccc(O)cc1)NC(=O)[C@H](Cc1c[nH]c2ccccc12)NC(=O)OC(C)(C)C)[C@@H](Cc1ccccc1)C(N)=O,6.1487416512809245
CHEMBL306944,CHEMBL298,Cholecystokinin B receptor,IC50,=,0.59,nM,CHEMBL662559,B,Binding affinity towards Cholecystokinin type B receptor was measured by displacement of [125I]CCK from guinea pig cortical membranes,CHEMBL1151002,P32239,Cholecystokinin B receptor,IC50,CN1C(=O)C(NC(=O)Nc2cccc(C(=O)NS(=O)(=O)c3ccccc3)c2)N=C(C2CCCCC2)c2ccccc21,9.229147988357855
CHEMBL3144548,CHEMBL298,Cholecystokinin B receptor,IC50,=,4000.0,nM,CHEMBL657474,B,Inhibition of specific binding of [125I]BH-CCK-8 in guinea pig cortex,CHEMBL1126058,P32239,Cholecystokinin B receptor,IC50,COc1ccc(/C=C\C(=O)NCCCC[C@H](NC(=O)[C@H](Cc2c[nH]c3ccccc23)NC(=O)OC(C)(C)C)C(=O)N[C@@H](CC(=O)O)C(=O)N[C@@H](Cc2ccccc2)C(N)=O)cc1OC,5.3979400086720375
CHEMBL3144563,CHEMBL298,Cholecystokinin B receptor,IC50,=,1500.0,nM,CHEMBL657474,B,Inhibition of specific binding of [125I]BH-CCK-8 in guinea pig cortex,CHEMBL1126058,P32239,Cholecystokinin B receptor,IC50,Cc1ccc(/C=C\C(=O)NCCCC[C@H](NC(=O)[C@H](Cc2c[nH]c3ccccc23)NC(=O)OC(C)(C)C)C(=O)N[C@@H](CC(=O)O)C(=O)N[C@@H](Cc2ccccc2)C(N)=O)cc1,5.823908740944319
CHEMBL413548,CHEMBL298,Cholecystokinin B receptor,IC50,=,87.0,nM,CHEMBL657474,B,Inhibition of specific binding of [125I]BH-CCK-8 in guinea pig cortex,CHEMBL1126058,P32239,Cholecystokinin B receptor,IC50,CC(C)(C)OC(=O)N[C@@H](Cc1c[nH]c2ccccc12)C(=O)N[C@@H](CCCCNC(=O)/C=C/c1cccnc1)C(=O)N[C@@H](CC(=O)O)C(=O)N[C@@H](Cc1ccccc1)C(N)=O,7.060480747381382
CHEMBL303994,CHEMBL298,Cholecystokinin B receptor,IC50,=,3600.0,nM,CHEMBL657474,B,Inhibition of specific binding of [125I]BH-CCK-8 in guinea pig cortex,CHEMBL1126058,P32239,Cholecystokinin B receptor,IC50,CN(C(=O)[C@H](CC(=O)O)NC(=O)[C@H](CCCCNC(=O)CCc1ccc(O)cc1)NC(=O)[C@H](Cc1c[nH]c2ccccc12)NC(=O)OC(C)(C)C)[C@@H](Cc1ccccc1)C(N)=O,5.443697499232712
CHEMBL285921,CHEMBL298,Cholecystokinin B receptor,IC50,=,0.38,nM,CHEMBL662565,B,Inhibition of [125I]-Cholecystokinin-8 (125I-CCK-8) binding to Cholecystokinin type B receptor of guinea pig cerebral cortical membranes,CHEMBL1130373,P32239,Cholecystokinin B receptor,IC50,Cc1cccc2c1N(CC(=O)N1CC3CCC(CC3)C1)C(=O)C(NC(=O)Nc1cccc(-c3nn[nH]n3)c1)N=C2c1ccccc1F,9.42021640338319
CHEMBL75019,CHEMBL298,Cholecystokinin B receptor,IC50,=,0.78,nM,CHEMBL662559,B,Binding affinity towards Cholecystokinin type B receptor was measured by displacement of [125I]CCK from guinea pig cortical membranes,CHEMBL1151002,P32239,Cholecystokinin B receptor,IC50,CC(C)S(=O)(=O)NC(=O)c1cccc(NC(=O)N[C@@H]2N=C(C3CCCCC3)c3ccccc3N(C)C2=O)c1,9.10790539730952
CHEMBL3144553,CHEMBL298,Cholecystokinin B receptor,IC50,=,1700.0,nM,CHEMBL657474,B,Inhibition of specific binding of [125I]BH-CCK-8 in guinea pig cortex,CHEMBL1126058,P32239,Cholecystokinin B receptor,IC50,CC(C)(C)OC(=O)N[C@@H](Cc1c[nH]c2ccccc12)C(=O)N[C@@H](CCCCNC(=O)/C=C\c1ccc(F)cc1)C(=O)N[C@@H](CC(=O)O)C(=O)N[C@@H](Cc1ccccc1)C(N)=O,5.769551078621726
CHEMBL9506,CHEMBL298,Cholecystokinin B receptor,IC50,=,245.0,nM,CHEMBL662566,B,Inhibition of [125I]Cholecystokinin-8 binding to Cholecystokinin type B receptor of guinea pig cerebral cortical membranes,CHEMBL1130373,P32239,Cholecystokinin B receptor,IC50,CN1C(=O)[C@@H](NC(=O)c2cc3ccccc3[nH]2)N=C(c2ccccc2)c2ccccc21,6.610833915635467
CHEMBL75536,CHEMBL298,Cholecystokinin B receptor,IC50,=,0.3,nM,CHEMBL662559,B,Binding affinity towards Cholecystokinin type B receptor was measured by displacement of [125I]CCK from guinea pig cortical membranes,CHEMBL1151002,P32239,Cholecystokinin B receptor,IC50,CC(C)S(=O)(=O)NC(=O)c1cccc(NC(=O)NC2N=C(C3CCCCC3)c3ccccc3N(C)C2=O)c1,9.522878745280337
CHEMBL3144531,CHEMBL298,Cholecystokinin B receptor,IC50,=,5900.0,nM,CHEMBL657474,B,Inhibition of specific binding of [125I]BH-CCK-8 in guinea pig cortex,CHEMBL1126058,P32239,Cholecystokinin B receptor,IC50,CC(C)(C)OC(=O)N[C@@H](Cc1c[nH]c2ccccc12)C(=O)N[C@@H](CCCCNC(=O)CCc1ccccc1)C(=O)N[C@@H](CC(=O)O)C(=O)N[C@@H](Cc1ccccc1)C(N)=O,5.229147988357855
CHEMBL3144537,CHEMBL298,Cholecystokinin B receptor,IC50,=,970.0,nM,CHEMBL657474,B,Inhibition of specific binding of [125I]BH-CCK-8 in guinea pig cortex,CHEMBL1126058,P32239,Cholecystokinin B receptor,IC50,CC(C)(C)OC(=O)N[C@@H](Cc1c[nH]c2ccccc12)C(=O)N[C@@H](CCCCNC(=O)/C=C\c1cccc(O)c1)C(=O)N[C@@H](CC(=O)O)C(=O)N[C@@H](Cc1ccccc1)C(N)=O,6.013228265733755
CHEMBL3144538,CHEMBL298,Cholecystokinin B receptor,IC50,=,210.0,nM,CHEMBL657474,B,Inhibition of specific binding of [125I]BH-CCK-8 in guinea pig cortex,CHEMBL1126058,P32239,Cholecystokinin B receptor,IC50,CC(C)(C)OC(=O)N[C@@H](Cc1c[nH]c2ccccc12)C(=O)N[C@@H](CCCCNC(=O)/C=C\c1ccccc1O)C(=O)N[C@@H](CC(=O)O)C(=O)N[C@@H](Cc1ccccc1)C(N)=O,6.6777807052660805
CHEMBL359589,CHEMBL298,Cholecystokinin B receptor,IC50,=,0.96,nM,CHEMBL827706,B,"Inhibition of 125I]-BH-(Thr,Nle)-CCK-9 binding to human CCK2 receptor expressed in COS-7 cells",CHEMBL1138788,P32239,Cholecystokinin B receptor,IC50,C[C@H]1C(=O)N(Cc2ccccc2)C(=O)N2CCC[C@@H](N[C@@H](Cc3c[nH]c4ccccc34)C(=O)OC3C4CC5CC(C4)CC3C5)C12,9.017728766960431
CHEMBL364334,CHEMBL298,Cholecystokinin B receptor,IC50,=,723.0,nM,CHEMBL827706,B,"Inhibition of 125I]-BH-(Thr,Nle)-CCK-9 binding to human CCK2 receptor expressed in COS-7 cells",CHEMBL1138788,P32239,Cholecystokinin B receptor,IC50,CN(C)c1ccc(N2C(=O)CC3[C@H](N[C@@H](Cc4c[nH]c5ccccc45)C(=O)OC4C5CC6CC(C5)CC4C6)CCCN3C2=O)cc1,6.140861702705469
CHEMBL365620,CHEMBL298,Cholecystokinin B receptor,IC50,=,1610.0,nM,CHEMBL827706,B,"Inhibition of 125I]-BH-(Thr,Nle)-CCK-9 binding to human CCK2 receptor expressed in COS-7 cells",CHEMBL1138788,P32239,Cholecystokinin B receptor,IC50,C[C@H]1C(=O)N(c2ccc(N(C)C)cc2)C(=O)N2CCC[C@@H](N[C@@H](Cc3c[nH]c4ccccc34)C(=O)OC3C4CC5CC(C4)CC3C5)C12,5.79317412396815
CHEMBL414345,CHEMBL298,Cholecystokinin B receptor,IC50,=,3688.0,nM,CHEMBL827706,B,"Inhibition of 125I]-BH-(Thr,Nle)-CCK-9 binding to human CCK2 receptor expressed in COS-7 cells",CHEMBL1138788,P32239,Cholecystokinin B receptor,IC50,CSCC[C@H](NC(=O)[C@H](Cc1ccc(OS(=O)(=O)O)cc1)NC(=O)[C@H](CC(=O)O)NC(=O)[C@@H](N)CCCN=C(N)N)C(=O)NCC(=O)N[C@@H](Cc1c[nH]c2ccccc12)C(=O)N[C@@H](CCSC)C(=O)N[C@@H](CC(=O)O)C(=O)N[C@@H](Cc1ccccc1)C(N)=O,5.433209087618408
CHEMBL332261,CHEMBL298,Cholecystokinin B receptor,IC50,=,6025.0,nM,CHEMBL832344,B,Inhibition of CCK binding to Cos-7 cells expressing human cholecystokinin 2 receptor,CHEMBL1144401,P32239,Cholecystokinin B receptor,IC50,CC(C)(C)OC(=O)N[C@@H](Cc1c[nH]c2ccccc12)C(=O)N[C@H]1CCCN2C(=O)N(Cc3ccccc3)C(=O)C[C@@H]12,5.220042948753094
CHEMBL9387,CHEMBL298,Cholecystokinin B receptor,IC50,=,4.0,nM,CHEMBL880277,B,Inhibitory concentration against gastrin receptor,CHEMBL1140446,P32239,Cholecystokinin B receptor,IC50,Cc1cccc(NC(=O)N[C@@H]2N=C(c3ccccc3)c3ccccc3N(C)C2=O)c1,8.397940008672037
CHEMBL9387,CHEMBL298,Cholecystokinin B receptor,IC50,=,29.0,nM,CHEMBL880278,B,Inhibitory concentration against Cholecystokinin B receptor,CHEMBL1140446,P32239,Cholecystokinin B receptor,IC50,Cc1cccc(NC(=O)N[C@@H]2N=C(c3ccccc3)c3ccccc3N(C)C2=O)c1,7.537602002101044
CHEMBL196143,CHEMBL298,Cholecystokinin B receptor,IC50,=,136.0,nM,CHEMBL872201,B,Inhibitory concentration against gastrin receptor,CHEMBL1140446,P32239,Cholecystokinin B receptor,IC50,CN1C(=O)[C@H](NC(=O)Nc2ccc(CC(=O)NCCC(=O)NCCCOc3cccc(CN4CCCCC4)c3)cc2)N=C(c2ccccc2)c2ccccc21,6.866461091629782
CHEMBL196143,CHEMBL298,Cholecystokinin B receptor,IC50,=,290.0,nM,CHEMBL882934,B,Inhibitory concentration against Cholecystokinin B receptor,CHEMBL1140446,P32239,Cholecystokinin B receptor,IC50,CN1C(=O)[C@H](NC(=O)Nc2ccc(CC(=O)NCCC(=O)NCCCOc3cccc(CN4CCCCC4)c3)cc2)N=C(c2ccccc2)c2ccccc21,6.537602002101044
CHEMBL413644,CHEMBL298,Cholecystokinin B receptor,IC50,=,10000.0,nM,CHEMBL861289,B,Displacement of [125I]CCK8 from human CCK2 receptor expressed in HEK293 cells,CHEMBL1138152,P32239,Cholecystokinin B receptor,IC50,CCCC[C@H](NC(=O)[C@H](CC(=O)O)NC(=O)[C@H](Cc1ccccc1)NN[C@@H](Cc1ccccc1)C(=O)NCC(=O)N[C@H](C)C(=O)N[C@@H](Cc1ccc(O)cc1)C(=O)O)C(=O)N[C@H](Cc1cn(C(=O)OC(C)(C)C)c2ccccc12)C(=O)O,5.0
CHEMBL412331,CHEMBL298,Cholecystokinin B receptor,IC50,=,1737.8,nM,CHEMBL861289,B,Displacement of [125I]CCK8 from human CCK2 receptor expressed in HEK293 cells,CHEMBL1138152,P32239,Cholecystokinin B receptor,IC50,CCCC[C@@H](C(=O)N[C@@H](Cc1cn(C(C)=O)c2ccccc12)C(=O)O)N(C(=O)Nc1ccccc1Cl)C(=O)[C@H](CC(=O)O)NC(=O)[C@H](Cc1ccccc1)N(C)N[C@@H](Cc1ccccc1)C(=O)NCC(=O)N[C@H](C)C(=O)N[C@@H](Cc1ccc(O)cc1)C(=O)O,5.760000207113128
CHEMBL374325,CHEMBL298,Cholecystokinin B receptor,IC50,=,1548.82,nM,CHEMBL861289,B,Displacement of [125I]CCK8 from human CCK2 receptor expressed in HEK293 cells,CHEMBL1138152,P32239,Cholecystokinin B receptor,IC50,CCCC[C@@H](C(=O)N[C@H](Cc1cn(C(=O)OC(C)(C)C)c2ccccc12)C(=O)O)N(C)C(=O)[C@H](CC(=O)O)NC(=O)[C@H](Cc1ccccc1)NN[C@@H](Cc1ccccc1)C(=O)NCC(=O)N[C@H](C)C(=O)N[C@@H](Cc1ccc(O)cc1)C(=O)O,5.809999051930337
CHEMBL442483,CHEMBL298,Cholecystokinin B receptor,IC50,=,1318.26,nM,CHEMBL861289,B,Displacement of [125I]CCK8 from human CCK2 receptor expressed in HEK293 cells,CHEMBL1138152,P32239,Cholecystokinin B receptor,IC50,CCCC[C@H](NC(=O)[C@H](CC(=O)O)NC(=O)[C@H](Cc1ccccc1)NN[C@@H](Cc1ccccc1)C(=O)NCC(=O)N[C@H](C)C(=O)N[C@@H](Cc1ccc(O)cc1)C(=O)O)C(=O)N[C@@H](Cc1cn(C(C)=O)c2ccccc12)C(=O)O,5.879998925531604
CHEMBL405192,CHEMBL298,Cholecystokinin B receptor,IC50,=,3981.07,nM,CHEMBL861289,B,Displacement of [125I]CCK8 from human CCK2 receptor expressed in HEK293 cells,CHEMBL1138152,P32239,Cholecystokinin B receptor,IC50,CCCC[C@H](NC(=O)[C@H](CC(=O)O)NC(=O)[C@H](Cc1ccccc1)NN[C@@H](Cc1ccccc1)C(=O)NCC(=O)N[C@H](C)C(=O)N[C@@H](Cc1ccc(O)cc1)C(=O)O)C(=O)N[C@@H](Cc1cn(C(=O)OC(C)(C)C)c2ccccc12)C(=O)O,5.40000018605658
CHEMBL375412,CHEMBL298,Cholecystokinin B receptor,IC50,=,9332.54,nM,CHEMBL861289,B,Displacement of [125I]CCK8 from human CCK2 receptor expressed in HEK293 cells,CHEMBL1138152,P32239,Cholecystokinin B receptor,IC50,CCCC[C@H](NC(=O)[C@H](CC(=O)O)NC(=O)[C@H](Cc1ccccc1)NN[C@@H](Cc1ccccc1)C(=O)NCC(=O)N[C@H](C)C(=O)N[C@@H](Cc1ccc(O)cc1)C(=O)O)C(=O)N[C@H](Cc1c[nH]c2ccccc12)C(=O)O,5.030000139977383
CHEMBL438739,CHEMBL298,Cholecystokinin B receptor,IC50,=,933.25,nM,CHEMBL861289,B,Displacement of [125I]CCK8 from human CCK2 receptor expressed in HEK293 cells,CHEMBL1138152,P32239,Cholecystokinin B receptor,IC50,CCCC[C@H](NC(=O)[C@H](CC(=O)O)NC(=O)[C@H](Cc1ccccc1)NN[C@@H](Cc1ccccc1)C(=O)NCC(=O)N[C@H](C)C(=O)N[C@@H](Cc1ccc(O)cc1)C(=O)O)C(=O)N[C@H](Cc1cn(C(=O)OC2C3CC4CC(C3)CC2C4)c2ccccc12)C(=O)O,6.030002001401658
CHEMBL408832,CHEMBL298,Cholecystokinin B receptor,IC50,=,562.34,nM,CHEMBL861289,B,Displacement of [125I]CCK8 from human CCK2 receptor expressed in HEK293 cells,CHEMBL1138152,P32239,Cholecystokinin B receptor,IC50,CCCC[C@H](NC(=O)[C@H](CC(=O)O)NC(=O)[C@H](Cc1ccccc1)NN[C@@H](Cc1ccccc1)C(=O)NCC(=O)N[C@H](C)C(=O)N[C@@H](Cc1ccc(O)cc1)C(=O)O)C(=O)N[C@H](Cc1cn(C(=O)OC23CC4CC(CC(C4)C2)C3)c2ccccc12)C(=O)O,6.250001023441651
CHEMBL218763,CHEMBL298,Cholecystokinin B receptor,IC50,=,15.14,nM,CHEMBL863065,B,Displacement of [125I]CCK-8(SO3) from human CCK2 receptor expressed in HEK293 cells,CHEMBL1147663,P32239,Cholecystokinin B receptor,IC50,CCCC[C@@H](C(=O)N[C@@H](CC(=O)O)C(=O)N[C@@H](Cc1ccccc1)C(N)=O)N(C)C(=O)[C@H](Cc1c[nH]c2ccccc12)NC(=O)CNC(=O)[C@@H](Cc1ccccc1)NC(=O)[C@@H](N)Cc1ccc(O)cc1,7.8198741248359465
CHEMBL205306,CHEMBL298,Cholecystokinin B receptor,IC50,=,2187.76,nM,CHEMBL863065,B,Displacement of [125I]CCK-8(SO3) from human CCK2 receptor expressed in HEK293 cells,CHEMBL1147663,P32239,Cholecystokinin B receptor,IC50,CCCC[C@H](NC(=O)[C@@H](Cc1c[nH]c2ccccc12)NC(=O)CNC(=O)[C@@H](CCCC)NC(=O)[C@@H](N)Cc1ccc(O)cc1)C(=O)N[C@@H](CC(=O)O)C(=O)N[C@@H](Cc1ccccc1)C(N)=O,5.660000322371772
CHEMBL383458,CHEMBL298,Cholecystokinin B receptor,IC50,=,2691.53,nM,CHEMBL863065,B,Displacement of [125I]CCK-8(SO3) from human CCK2 receptor expressed in HEK293 cells,CHEMBL1147663,P32239,Cholecystokinin B receptor,IC50,CCCC[C@H](NC(=O)[C@@H](Cc1c[nH]c2ccccc12)NC(=O)CNC(=O)[C@@H](C)NC(=O)[C@@H](N)Cc1ccc(O)cc1)C(=O)N[C@@H](CC(=O)O)C(=O)N[C@@H](Cc1ccccc1)C(N)=O,5.570000775141681
CHEMBL379405,CHEMBL298,Cholecystokinin B receptor,IC50,=,1737.8,nM,CHEMBL863065,B,Displacement of [125I]CCK-8(SO3) from human CCK2 receptor expressed in HEK293 cells,CHEMBL1147663,P32239,Cholecystokinin B receptor,IC50,CCCC[C@H](NC(=O)[C@@H](Cc1c[nH]c2ccccc12)NC(=O)CNC(=O)[C@@H](Cc1ccccc1)NC(=O)[C@@H](N)Cc1ccc(O)cc1)C(=O)N[C@@H](CC(=O)O)C(=O)N[C@@H](Cc1ccccc1)C(N)=O,5.760000207113128
CHEMBL408083,CHEMBL298,Cholecystokinin B receptor,IC50,=,1096.48,nM,CHEMBL863065,B,Displacement of [125I]CCK-8(SO3) from human CCK2 receptor expressed in HEK293 cells,CHEMBL1147663,P32239,Cholecystokinin B receptor,IC50,CCCC[C@@H](NC(=O)[C@@H](N)Cc1ccc(O)cc1)C(=O)NCC(=O)N[C@H](Cc1c[nH]c2ccccc12)C(=O)N(C)[C@@H](CCCC)C(=O)N[C@@H](CC(=O)O)C(=O)N[C@@H](Cc1ccccc1)C(N)=O,5.95999928552668
CHEMBL206974,CHEMBL298,Cholecystokinin B receptor,IC50,=,1.549,nM,CHEMBL863065,B,Displacement of [125I]CCK-8(SO3) from human CCK2 receptor expressed in HEK293 cells,CHEMBL1147663,P32239,Cholecystokinin B receptor,IC50,CCCC[C@@H](C(=O)N[C@@H](CC(=O)O)C(=O)N[C@@H](Cc1ccccc1)C(N)=O)N(C)C(=O)[C@@H](Cc1c[nH]c2ccccc12)NC(=O)CNC(=O)[C@@H](C)NC(=O)[C@@H](N)Cc1ccc(O)cc1,8.809948582240795
CHEMBL218327,CHEMBL298,Cholecystokinin B receptor,IC50,=,1.096,nM,CHEMBL863065,B,Displacement of [125I]CCK-8(SO3) from human CCK2 receptor expressed in HEK293 cells,CHEMBL1147663,P32239,Cholecystokinin B receptor,IC50,CCCC[C@@H](C(=O)N[C@@H](CC(=O)O)C(=O)N[C@@H](Cc1ccccc1)C(N)=O)N(C)C(=O)[C@@H](Cc1c[nH]c2ccccc12)NC(=O)CNC(=O)[C@@H](Cc1ccccc1)NC(=O)[C@@H](N)Cc1ccc(O)cc1,8.96018944585165
CHEMBL208479,CHEMBL298,Cholecystokinin B receptor,IC50,=,15.14,nM,CHEMBL863065,B,Displacement of [125I]CCK-8(SO3) from human CCK2 receptor expressed in HEK293 cells,CHEMBL1147663,P32239,Cholecystokinin B receptor,IC50,CCCC[C@H](NC(=O)[C@H](Cc1c[nH]c2ccccc12)NC(=O)CNC(=O)[C@@H](CCCC)NC(=O)[C@@H](N)Cc1ccc(O)cc1)C(=O)N[C@@H](CC(=O)O)C(=O)N[C@@H](Cc1ccccc1)C(N)=O,7.8198741248359465
CHEMBL262172,CHEMBL298,Cholecystokinin B receptor,IC50,=,144.54,nM,CHEMBL863065,B,Displacement of [125I]CCK-8(SO3) from human CCK2 receptor expressed in HEK293 cells,CHEMBL1147663,P32239,Cholecystokinin B receptor,IC50,CCCC[C@H](NC(=O)[C@H](Cc1c[nH]c2ccccc12)NC(=O)CNC(=O)[C@@H](C)NC(=O)[C@@H](N)Cc1ccc(O)cc1)C(=O)N[C@@H](CC(=O)O)C(=O)N[C@@H](Cc1ccccc1)C(N)=O,6.840011949618013
CHEMBL382051,CHEMBL298,Cholecystokinin B receptor,IC50,=,25.7,nM,CHEMBL863065,B,Displacement of [125I]CCK-8(SO3) from human CCK2 receptor expressed in HEK293 cells,CHEMBL1147663,P32239,Cholecystokinin B receptor,IC50,CCCC[C@H](NC(=O)[C@H](Cc1c[nH]c2ccccc12)NC(=O)CNC(=O)[C@@H](Cc1ccccc1)NC(=O)[C@@H](N)Cc1ccc(O)cc1)C(=O)N[C@@H](CC(=O)O)C(=O)N[C@@H](Cc1ccccc1)C(N)=O,7.590066876668706
CHEMBL336381,CHEMBL298,Cholecystokinin B receptor,IC50,=,4.786,nM,CHEMBL863065,B,Displacement of [125I]CCK-8(SO3) from human CCK2 receptor expressed in HEK293 cells,CHEMBL1147663,P32239,Cholecystokinin B receptor,IC50,CCCC[C@@H](C(=O)N[C@@H](CC(=O)O)C(=O)N[C@@H](Cc1ccccc1)C(N)=O)N(C)C(=O)[C@H](Cc1c[nH]c2ccccc12)NC(=O)CNC(=O)CNC(=O)[C@@H](N)Cc1ccc(O)cc1,8.320027305722581
CHEMBL382409,CHEMBL298,Cholecystokinin B receptor,IC50,=,0.2188,nM,CHEMBL863065,B,Displacement of [125I]CCK-8(SO3) from human CCK2 receptor expressed in HEK293 cells,CHEMBL1147663,P32239,Cholecystokinin B receptor,IC50,CCCC[C@@H](C(=O)N[C@@H](CC(=O)O)C(=O)N[C@@H](Cc1ccccc1)C(N)=O)N(C)C(=O)[C@H](Cc1c[nH]c2ccccc12)NC(=O)CNC(=O)[C@@H]1CCCN1C(=O)[C@@H](N)Cc1ccc(O)cc1,9.659952682338607
CHEMBL205965,CHEMBL298,Cholecystokinin B receptor,IC50,=,2.692,nM,CHEMBL863065,B,Displacement of [125I]CCK-8(SO3) from human CCK2 receptor expressed in HEK293 cells,CHEMBL1147663,P32239,Cholecystokinin B receptor,IC50,CCCC[C@@H](C(=O)N[C@@H](CC(=O)O)C(=O)N[C@@H](Cc1ccccc1)C(N)=O)N(C)C(=O)[C@H](Cc1c[nH]c2ccccc12)NC(=O)CNC(=O)[C@H]1CCCN1C(=O)[C@@H](N)Cc1ccc(O)cc1,8.569924944448061
CHEMBL408330,CHEMBL298,Cholecystokinin B receptor,IC50,=,3.802,nM,CHEMBL863065,B,Displacement of [125I]CCK-8(SO3) from human CCK2 receptor expressed in HEK293 cells,CHEMBL1147663,P32239,Cholecystokinin B receptor,IC50,CCCC[C@@H](NC(=O)[C@@H](N)Cc1ccc(O)cc1)C(=O)NCC(=O)N[C@@H](Cc1c[nH]c2ccccc12)C(=O)N(C)[C@@H](CCCC)C(=O)N[C@@H](CC(=O)O)C(=O)N[C@@H](Cc1ccccc1)C(N)=O,8.419987887470576
CHEMBL382349,CHEMBL298,Cholecystokinin B receptor,IC50,=,1.622,nM,CHEMBL863065,B,Displacement of [125I]CCK-8(SO3) from human CCK2 receptor expressed in HEK293 cells,CHEMBL1147663,P32239,Cholecystokinin B receptor,IC50,CCCC[C@@H](C(=O)N[C@@H](CC(=O)O)C(=O)N[C@@H](Cc1ccccc1)C(N)=O)N(C)C(=O)[C@H](Cc1c[nH]c2ccccc12)NC(=O)CNC(=O)[C@@H](C)NC(=O)[C@@H](N)Cc1ccc(O)cc1,8.789949150124862
CHEMBL407057,CHEMBL298,Cholecystokinin B receptor,IC50,=,2.138,nM,CHEMBL863065,B,Displacement of [125I]CCK-8(SO3) from human CCK2 receptor expressed in HEK293 cells,CHEMBL1147663,P32239,Cholecystokinin B receptor,IC50,CCCC[C@@H](C(=O)N[C@@H](CC(=O)O)C(=O)N[C@@H](Cc1ccccc1)C(N)=O)N(C)C(=O)[C@H](Cc1c[nH]c2ccccc12)NC(=O)CNC(=O)[C@@H](Cc1ccccc1)NC(=O)[C@H](Cc1ccc(O)cc1)NC(=O)[C@@H](N)CC(=O)O,8.669992299127241
CHEMBL414087,CHEMBL298,Cholecystokinin B receptor,IC50,=,10000.0,nM,CHEMBL909387,B,Displacement of [125I]CCK8-SO3 from human CCK2 receptor expressed in HEK293 cells,CHEMBL1139226,P32239,Cholecystokinin B receptor,IC50,CCCC[C@H](NC(=O)[C@@H](Cc1cc2ccccc2[nH]1)NC(=O)OC(C)(C)C)C(=O)N[C@@H](CC(=O)O)C(=O)N[C@@H](Cc1ccccc1)C(=O)NNC(=O)[C@H](Cc1ccccc1)NC(=O)CNC(=O)[C@@H](C)NC(=O)[C@@H](N)Cc1ccc(O)cc1,5.0
CHEMBL386186,CHEMBL298,Cholecystokinin B receptor,IC50,=,66069344.8,nM,CHEMBL909387,B,Displacement of [125I]CCK8-SO3 from human CCK2 receptor expressed in HEK293 cells,CHEMBL1139226,P32239,Cholecystokinin B receptor,IC50,CCCC[C@@H](NC(=O)[C@H](Cc1cc2ccccc2[nH]1)NC(=O)OC(C)(C)C)C(=O)N[C@H](CC(=O)O)C(=O)N[C@H](Cc1ccccc1)C(=O)NNC(=O)[C@H](Cc1ccccc1)NC(=O)CNC(=O)[C@@H](C)NC(=O)[C@@H](N)Cc1ccc(O)cc1,1.180000000004993
CHEMBL386212,CHEMBL298,Cholecystokinin B receptor,IC50,=,7762.47,nM,CHEMBL909387,B,Displacement of [125I]CCK8-SO3 from human CCK2 receptor expressed in HEK293 cells,CHEMBL1139226,P32239,Cholecystokinin B receptor,IC50,CCCC[C@H](NC(=O)[C@H](CC(=O)O)NC(=O)[C@@H](N)Cc1ccccc1)C(=O)N[C@H](Cc1cc2ccccc2[nH]1)C(=O)NNC(=O)[C@H](Cc1ccccc1)NC(=O)CNC(=O)[C@@H](C)NC(=O)[C@@H](N)Cc1ccc(O)cc1,5.110000065251387
CHEMBL217957,CHEMBL298,Cholecystokinin B receptor,IC50,=,169.82,nM,CHEMBL909387,B,Displacement of [125I]CCK8-SO3 from human CCK2 receptor expressed in HEK293 cells,CHEMBL1139226,P32239,Cholecystokinin B receptor,IC50,CCCC[C@H](NC(=O)[C@H](CC(=O)O)NC(=O)[C@H](Cc1ccccc1)NC(=O)OC(C)(C)C)C(=O)N[C@H](Cc1cc2ccccc2[nH]1)C(=O)NNC(=O)[C@H](Cc1ccccc1)NC(=O)CNC(=O)[C@@H](C)NC(=O)[C@@H](N)Cc1ccc(O)cc1,6.770011163455189
CHEMBL218651,CHEMBL298,Cholecystokinin B receptor,IC50,=,13489.63,nM,CHEMBL909387,B,Displacement of [125I]CCK8-SO3 from human CCK2 receptor expressed in HEK293 cells,CHEMBL1139226,P32239,Cholecystokinin B receptor,IC50,CCCC[C@@H](NC(=O)[C@@H](CC(=O)O)NC(=O)[C@H](N)Cc1ccccc1)C(=O)N[C@@H](Cc1cc2ccccc2[nH]1)C(=O)NNC(=O)[C@H](Cc1ccccc1)NC(=O)CNC(=O)[C@@H](C)NC(=O)[C@@H](N)Cc1ccc(O)cc1,4.869999962200743
CHEMBL218600,CHEMBL298,Cholecystokinin B receptor,IC50,=,1096.48,nM,CHEMBL909387,B,Displacement of [125I]CCK8-SO3 from human CCK2 receptor expressed in HEK293 cells,CHEMBL1139226,P32239,Cholecystokinin B receptor,IC50,CCCC[C@@H](NC(=O)[C@@H](CC(=O)O)NC(=O)[C@@H](Cc1ccccc1)NC(=O)OC(C)(C)C)C(=O)N[C@@H](Cc1cc2ccccc2[nH]1)C(=O)NNC(=O)[C@H](Cc1ccccc1)NC(=O)CNC(=O)[C@@H](C)NC(=O)[C@@H](N)Cc1ccc(O)cc1,5.95999928552668
CHEMBL407198,CHEMBL298,Cholecystokinin B receptor,IC50,=,9332.54,nM,CHEMBL909387,B,Displacement of [125I]CCK8-SO3 from human CCK2 receptor expressed in HEK293 cells,CHEMBL1139226,P32239,Cholecystokinin B receptor,IC50,CCCC[C@H](NC(=O)[C@H](N)Cc1cc2ccccc2[nH]1)C(=O)N[C@@H](CC(=O)O)C(=O)N[C@@H](Cc1ccccc1)C(=O)NNC(=O)[C@H](Cc1ccccc1)NC(=O)CNC(=O)[C@@H](C)NC(=O)[C@@H](N)Cc1ccc(O)cc1,5.030000139977383
CHEMBL9387,CHEMBL298,Cholecystokinin B receptor,IC50,=,2.0,nM,CHEMBL1004239,B,Inhibition of cholecystokinin B receptor,CHEMBL1150938,P32239,Cholecystokinin B receptor,IC50,Cc1cccc(NC(=O)N[C@@H]2N=C(c3ccccc3)c3ccccc3N(C)C2=O)c1,8.698970004336019
CHEMBL1121,CHEMBL298,Cholecystokinin B receptor,IC50,=,0.92,nM,CHEMBL953135,B,Displacement of radiolabeled CCK-8s from human CCK2 receptor,CHEMBL1140203,P32239,Cholecystokinin B receptor,IC50,CSCC[C@H](NC(=O)[C@H](Cc1ccc(OS(=O)(=O)O)cc1)NC(=O)[C@@H](N)CC(=O)O)C(=O)NCC(=O)N[C@@H](Cc1c[nH]c2ccccc12)C(=O)N[C@@H](CCSC)C(=O)N[C@@H](CC(=O)O)C(=O)N[C@@H](Cc1ccccc1)C(N)=O,9.036212172654444
CHEMBL1172246,CHEMBL298,Cholecystokinin B receptor,IC50,=,1000.0,nM,CHEMBL1175734,B,Displacement of [125I]CCK-8(SO3) from human CCK2 receptor expressed in human HEK293 cells,CHEMBL1177813,P32239,Cholecystokinin B receptor,IC50,N=C(N)NCCC[C@@H]1NC(=O)[C@H](Cc2ccc(Cl)cc2)NC(=O)[C@H](Cc2cnc[nH]2)NC(=O)CNC(=O)[C@H](NC(=O)[C@@H](N)Cc2ccc(O)cc2)CC(=O)NCCCC[C@@H](C(=O)N[C@@H](CC(=O)O)C(=O)N[C@H](Cc2ccccc2)C(N)=O)NC(=O)[C@H](Cc2cc3ccccc3[nH]2)NC1=O,6.0
CHEMBL1172251,CHEMBL298,Cholecystokinin B receptor,IC50,=,31.62,nM,CHEMBL1175734,B,Displacement of [125I]CCK-8(SO3) from human CCK2 receptor expressed in human HEK293 cells,CHEMBL1177813,P32239,Cholecystokinin B receptor,IC50,CCCC[C@H](NC(=O)[C@H](Cc1c[nH]c2ccccc12)NC(=O)[C@H](CCCNC(=N)N)NC(=O)[C@@H](Cc1ccccc1)NC(=O)[C@H](Cc1cnc[nH]1)NC(=O)[C@H](Cc1ccccc1)NC(=O)CNC(=O)[C@@H](C)NC(=O)[C@@H](N)Cc1ccc(O)cc1)C(=O)N[C@@H](CC(=O)O)C(=O)N[C@@H](Cc1ccccc1)C(N)=O,7.50003813440381
CHEMBL1171596,CHEMBL298,Cholecystokinin B receptor,IC50,=,63.1,nM,CHEMBL1175734,B,Displacement of [125I]CCK-8(SO3) from human CCK2 receptor expressed in human HEK293 cells,CHEMBL1177813,P32239,Cholecystokinin B receptor,IC50,CCCC[C@H](NC(=O)[C@@H](N)Cc1ccc(O)cc1)C(=O)N[C@@H](CC(=O)O)C(=O)N[C@@H](Cc1ccccc1)C(N)=O,7.199970640755866
CHEMBL1172429,CHEMBL298,Cholecystokinin B receptor,IC50,=,199.53,nM,CHEMBL1175734,B,Displacement of [125I]CCK-8(SO3) from human CCK2 receptor expressed in human HEK293 cells,CHEMBL1177813,P32239,Cholecystokinin B receptor,IC50,CCCC[C@H](NC(=O)[C@H](Cc1c[nH]c2ccccc12)NC(=O)[C@H](CCCNC(=N)N)NC(=O)[C@@H](Cc1ccc2ccccc2c1)NC(=O)[C@H](Cc1cnc[nH]1)NC(=O)[C@H](Cc1ccccc1)NC(=O)[C@@H](C)NC(=O)[C@@H](N)Cc1ccc(O)cc1)C(=O)N[C@@H](CC(=O)O)C(=O)N[C@@H](Cc1ccccc1)C(N)=O,6.699991797446187
CHEMBL1172428,CHEMBL298,Cholecystokinin B receptor,IC50,=,199.53,nM,CHEMBL1175734,B,Displacement of [125I]CCK-8(SO3) from human CCK2 receptor expressed in human HEK293 cells,CHEMBL1177813,P32239,Cholecystokinin B receptor,IC50,CCCC[C@H](NC(=O)[C@H](Cc1c[nH]c2ccccc12)NC(=O)[C@H](CCCNC(=N)N)NC(=O)[C@@H](Cc1ccc2ccccc2c1)NC(=O)[C@H](Cc1cnc[nH]1)NC(=O)[C@H](Cc1ccccc1)NC(=O)[C@@H](C)NC(=O)[C@@H](N)Cc1c(C)cc(O)cc1C)C(=O)N[C@@H](CC(=O)O)C(=O)N[C@@H](Cc1ccccc1)C(N)=O,6.699991797446187
CHEMBL1172253,CHEMBL298,Cholecystokinin B receptor,IC50,=,125.89,nM,CHEMBL1175734,B,Displacement of [125I]CCK-8(SO3) from human CCK2 receptor expressed in human HEK293 cells,CHEMBL1177813,P32239,Cholecystokinin B receptor,IC50,CCCC[C@H](NC(=O)[C@H](Cc1c[nH]c2ccccc12)NC(=O)[C@H](CCCNC(=N)N)NC(=O)[C@@H](Cc1ccc2ccccc2c1)NC(=O)[C@H](Cc1cnc[nH]1)NC(=O)[C@H](Cc1ccccc1)NC(=O)CNC(=O)[C@@H](C)NC(=O)[C@@H](N)Cc1c(C)cc(O)cc1C)C(=O)N[C@@H](CC(=O)O)C(=O)N[C@@H](Cc1ccccc1)C(N)=O,6.900008766455316
CHEMBL1172252,CHEMBL298,Cholecystokinin B receptor,IC50,=,125.89,nM,CHEMBL1175734,B,Displacement of [125I]CCK-8(SO3) from human CCK2 receptor expressed in human HEK293 cells,CHEMBL1177813,P32239,Cholecystokinin B receptor,IC50,CCCC[C@H](NC(=O)[C@H](Cc1c[nH]c2ccccc12)NC(=O)[C@H](CCCNC(=N)N)NC(=O)[C@@H](Cc1ccc2ccccc2c1)NC(=O)[C@H](Cc1cnc[nH]1)NC(=O)[C@H](Cc1ccccc1)NC(=O)CNC(=O)[C@@H](C)NC(=O)[C@@H](N)Cc1ccc(O)cc1)C(=O)N[C@@H](CC(=O)O)C(=O)N[C@@H](Cc1ccccc1)C(N)=O,6.900008766455316
CHEMBL2372623,CHEMBL298,Cholecystokinin B receptor,IC50,=,199.53,nM,CHEMBL1175734,B,Displacement of [125I]CCK-8(SO3) from human CCK2 receptor expressed in human HEK293 cells,CHEMBL1177813,P32239,Cholecystokinin B receptor,IC50,CCCC[C@H](NC(=O)[C@H](Cc1c[nH]c2ccccc12)NC(=O)[C@H](CCCNC(=N)N)NC(=O)[C@@H](Cc1ccc2ccccc2c1)NC(=O)[C@H](Cc1cnc[nH]1)NC(=O)[C@@H]1Cc2ccccc2CN1C(=O)[C@@H](N)Cc1c(C)cc(O)cc1C)C(=O)N[C@@H](CC(=O)O)C(=O)N[C@@H](Cc1ccccc1)C(N)=O,6.699991797446187
CHEMBL1172244,CHEMBL298,Cholecystokinin B receptor,IC50,=,125.89,nM,CHEMBL1175734,B,Displacement of [125I]CCK-8(SO3) from human CCK2 receptor expressed in human HEK293 cells,CHEMBL1177813,P32239,Cholecystokinin B receptor,IC50,CCCC[C@H](NC(=O)[C@H](Cc1c[nH]c2ccccc12)NC(=O)[C@H](CCCNC(=N)N)NC(=O)[C@@H](Cc1ccccc1)NC(=O)[C@H](Cc1cnc[nH]1)NC(=O)CCC(=O)N(c1ccccc1)C1CCN(CCc2ccccc2)CC1)C(=O)N[C@@H](CC(=O)O)C(=O)N[C@@H](Cc1ccccc1)C(N)=O,6.900008766455316
CHEMBL1172249,CHEMBL298,Cholecystokinin B receptor,IC50,=,125.89,nM,CHEMBL1175734,B,Displacement of [125I]CCK-8(SO3) from human CCK2 receptor expressed in human HEK293 cells,CHEMBL1177813,P32239,Cholecystokinin B receptor,IC50,CCCC[C@H](NC(=O)[C@H](Cc1c[nH]c2ccccc12)NC(=O)[C@H](CCCNC(=N)N)NC(=O)[C@@H](Cc1ccc2ccccc2c1)NC(=O)[C@H](Cc1cnc[nH]1)NC(=O)[C@H]1Cc2ccccc2CN1C(=O)[C@@H](N)Cc1c(C)cc(O)cc1C)C(=O)N[C@@H](CC(=O)O)C(=O)N[C@@H](Cc1ccccc1)C(N)=O,6.900008766455316
CHEMBL1807149,CHEMBL298,Cholecystokinin B receptor,IC50,=,3.4,nM,CHEMBL1809359,B,Displacement of [125I]CCK from gastrin receptor isolated from human tumor tissues,CHEMBL1806401,P32239,Cholecystokinin B receptor,IC50,CSCC[C@H](NC(=O)[C@H](Cc1c[nH]c2ccccc12)NC(=O)CNC(=O)[C@H](Cc1ccc(O)cc1)NC(=O)[C@H](C)NCCOCCOCCOCCOC(=O)CN1CCN(CC(=O)O)CCN(CC(=O)O)CCN(CC(=O)O)CC1)C(=O)N[C@@H](CC(=O)O)C(=O)N[C@@H](Cc1ccccc1)C(N)=O,8.468521082957745
CHEMBL1807150,CHEMBL298,Cholecystokinin B receptor,IC50,=,2.5,nM,CHEMBL1809359,B,Displacement of [125I]CCK from gastrin receptor isolated from human tumor tissues,CHEMBL1806401,P32239,Cholecystokinin B receptor,IC50,CSCC[C@H](NC(=O)[C@H](Cc1c[nH]c2ccccc12)NC(=O)CNC(=O)[C@H](Cc1ccc(O)cc1)NC(=O)[C@H](C)NCCOCCOCCOCCOCCOCCOC(=O)CN1CCN(CC(=O)O)CCN(CC(=O)O)CCN(CC(=O)O)CC1)C(=O)N[C@@H](CC(=O)O)C(=O)N[C@@H](Cc1ccccc1)C(N)=O,8.602059991327963
CHEMBL1807151,CHEMBL298,Cholecystokinin B receptor,IC50,=,0.9,nM,CHEMBL1809359,B,Displacement of [125I]CCK from gastrin receptor isolated from human tumor tissues,CHEMBL1806401,P32239,Cholecystokinin B receptor,IC50,CSCC[C@H](NC(=O)[C@H](Cc1c[nH]c2ccccc12)NC(=O)CNC(=O)[C@H](Cc1ccc(O)cc1)NC(=O)[C@H](C)NC(=O)[C@@H](CO)NC(=O)[C@@H](CO)NC(=O)CN1CCN(CC(=O)O)CCN(CC(=O)O)CCN(CC(=O)O)CC1)C(=O)N[C@@H](CC(=O)O)C(=O)N[C@@H](Cc1ccccc1)C(N)=O,9.045757490560675
CHEMBL1806526,CHEMBL298,Cholecystokinin B receptor,IC50,=,0.6,nM,CHEMBL1809359,B,Displacement of [125I]CCK from gastrin receptor isolated from human tumor tissues,CHEMBL1806401,P32239,Cholecystokinin B receptor,IC50,CSCC[C@H](NC(=O)[C@H](Cc1c[nH]c2ccccc12)NC(=O)CNC(=O)[C@H](Cc1ccc(O)cc1)NC(=O)[C@H](C)NC(=O)[C@@H](CO)NC(=O)[C@@H](CO)NC(=O)[C@@H](CO)NC(=O)CN1CCN(CC(=O)O)CCN(CC(=O)O)CCN(CC(=O)O)CC1)C(=O)N[C@@H](CC(=O)O)C(=O)N[C@@H](Cc1ccccc1)C(N)=O,9.221848749616356
CHEMBL1806527,CHEMBL298,Cholecystokinin B receptor,IC50,=,0.8,nM,CHEMBL1809359,B,Displacement of [125I]CCK from gastrin receptor isolated from human tumor tissues,CHEMBL1806401,P32239,Cholecystokinin B receptor,IC50,CSCC[C@H](NC(=O)[C@H](Cc1c[nH]c2ccccc12)NC(=O)CNC(=O)[C@H](Cc1ccc(O)cc1)NC(=O)[C@H](C)NC(=O)[C@@H](CCC(N)=O)NC(=O)[C@@H](CCC(N)=O)NC(=O)CN1CCN(CC(=O)O)CCN(CC(=O)O)CCN(CC(=O)O)CC1)C(=O)N[C@@H](CC(=O)O)C(=O)N[C@@H](Cc1ccccc1)C(N)=O,9.096910013008056
CHEMBL1806528,CHEMBL298,Cholecystokinin B receptor,IC50,=,3.6,nM,CHEMBL1809359,B,Displacement of [125I]CCK from gastrin receptor isolated from human tumor tissues,CHEMBL1806401,P32239,Cholecystokinin B receptor,IC50,CSCC[C@H](NC(=O)[C@H](Cc1c[nH]c2ccccc12)NC(=O)CNC(=O)[C@H](Cc1ccc(O)cc1)NC(=O)[C@H](C)NC(=O)[C@@H](CCC(N)=O)NC(=O)[C@@H](CCC(N)=O)NC(=O)[C@@H](CCC(N)=O)NC(=O)CN1CCN(CC(=O)O)CCN(CC(=O)O)CCN(CC(=O)O)CC1)C(=O)N[C@@H](CC(=O)O)C(=O)N[C@@H](Cc1ccccc1)C(N)=O,8.443697499232712
CHEMBL1806529,CHEMBL298,Cholecystokinin B receptor,IC50,=,4.8,nM,CHEMBL1809359,B,Displacement of [125I]CCK from gastrin receptor isolated from human tumor tissues,CHEMBL1806401,P32239,Cholecystokinin B receptor,IC50,CSCC[C@H](NC(=O)[C@H](Cc1c[nH]c2ccccc12)NC(=O)CNC(=O)[C@H](Cc1ccc(O)cc1)NC(=O)[C@H](C)NCCOCCOCCOCCOCCOCCOCCOCCOCCOCCOCCOCCOC(=O)CN1CCN(CC(=O)O)CCN(CC(=O)O)CCN(CC(=O)O)CC1)C(=O)N[C@@H](CC(=O)O)C(=O)N[C@@H](Cc1ccccc1)C(N)=O,8.318758762624412
CHEMBL1806530,CHEMBL298,Cholecystokinin B receptor,IC50,=,1.6,nM,CHEMBL1809359,B,Displacement of [125I]CCK from gastrin receptor isolated from human tumor tissues,CHEMBL1806401,P32239,Cholecystokinin B receptor,IC50,CCCC[C@H](NC(=O)[C@H](Cc1c[nH]c2ccccc12)NC(=O)CNC(=O)[C@H](Cc1ccc(O)cc1)NC(=O)[C@H](C)NC(=O)[C@@H](CCC(N)=O)NC(=O)[C@@H](CCC(N)=O)NC(=O)[C@@H](CCC(N)=O)NC(=O)CN1CCN(CC(=O)O)CCN(CC(=O)O)CCN(CC(=O)O)CC1)C(=O)N[C@@H](CC(=O)O)C(=O)N[C@@H](Cc1ccccc1)C(N)=O,8.795880017344075
CHEMBL1806531,CHEMBL298,Cholecystokinin B receptor,IC50,=,2.4,nM,CHEMBL1809359,B,Displacement of [125I]CCK from gastrin receptor isolated from human tumor tissues,CHEMBL1806401,P32239,Cholecystokinin B receptor,IC50,CSCC[C@H](NC(=O)[C@H](Cc1c[nH]c2ccccc12)NC(=O)CNC(=O)[C@H](Cc1ccc(O)cc1)NC(=O)[C@H](C)NC(=O)[C@@H](CCC(N)=O)NC(=O)[C@@H](CCC(N)=O)NC(=O)[C@@H](CCC(N)=O)NC(=O)[C@@H](CCC(N)=O)NC(=O)CN1CCN(CC(=O)O)CCN(CC(=O)O)CCN(CC(=O)O)CC1)C(=O)N[C@@H](CC(=O)O)C(=O)N[C@@H](Cc1ccccc1)C(N)=O,8.619788758288394
CHEMBL1806532,CHEMBL298,Cholecystokinin B receptor,IC50,=,2.4,nM,CHEMBL1809359,B,Displacement of [125I]CCK from gastrin receptor isolated from human tumor tissues,CHEMBL1806401,P32239,Cholecystokinin B receptor,IC50,CSCC[C@H](NC(=O)[C@H](Cc1c[nH]c2ccccc12)NC(=O)CNC(=O)[C@H](Cc1ccc(O)cc1)NC(=O)[C@H](C)NC(=O)[C@@H](CCC(N)=O)NC(=O)[C@@H](CCC(N)=O)NC(=O)[C@@H](CCC(N)=O)NC(=O)[C@@H](CCC(N)=O)NC(=O)[C@@H](CCC(N)=O)NC(=O)[C@@H](CCC(N)=O)NC(=O)CN1CCN(CC(=O)O)CCN(CC(=O)O)CCN(CC(=O)O)CC1)C(=O)N[C@@H](CC(=O)O)C(=O)N[C@@H](Cc1ccccc1)C(N)=O,8.619788758288394
CHEMBL1806772,CHEMBL298,Cholecystokinin B receptor,IC50,=,0.7,nM,CHEMBL1809359,B,Displacement of [125I]CCK from gastrin receptor isolated from human tumor tissues,CHEMBL1806401,P32239,Cholecystokinin B receptor,IC50,CSCC[C@H](NC(=O)[C@H](Cc1c[nH]c2ccccc12)NC(=O)CNC(=O)[C@H](Cc1ccc(O)cc1)NC(=O)[C@H](C)NC(=O)[C@H](CCC(=O)O)NC(=O)[C@H](CCC(=O)O)NC(=O)[C@H](CCC(=O)O)NC(=O)[C@H](CCC(=O)O)NC(=O)[C@H](CCC(=O)O)NC(=O)[C@H](CCC(=O)O)NC(=O)CN1CCN(CC(=O)O)CCN(CC(=O)O)CCN(CC(=O)O)CC1)C(=O)N[C@@H](CC(=O)O)C(=O)N[C@@H](Cc1ccccc1)C(N)=O,9.154901959985743
CHEMBL2386883,CHEMBL298,Cholecystokinin B receptor,IC50,=,4600000.0,nM,CHEMBL2390687,B,Displacement of Eu-DTPA-CCK8 from CCK2 receptor in HEK293 cells after 2 hrs by TRF assay,CHEMBL2385073,P32239,Cholecystokinin B receptor,IC50,C#CCCC(=O)NCCCC[C@H](NC(C)=O)C(=O)N[C@@H](CO)C(=O)N[C@@H](CCCC)C(=O)N[C@@H](CCC(=O)O)C(=O)N[C@@H](Cc1cnc[nH]1)C(=O)N[C@H](Cc1ccccc1)C(=O)N[C@@H](CCCNC(=N)N)C(=O)N[C@@H](Cc1c[nH]c2ccccc12)C(N)=O,2.3372421683184257
CHEMBL2386884,CHEMBL298,Cholecystokinin B receptor,IC50,=,12.0,nM,CHEMBL2390687,B,Displacement of Eu-DTPA-CCK8 from CCK2 receptor in HEK293 cells after 2 hrs by TRF assay,CHEMBL2385073,P32239,Cholecystokinin B receptor,IC50,C#CCCC(=O)NCCCC[C@H](NC(C)=O)C(=O)N[C@@H](Cc1c[nH]c2ccccc12)C(=O)N(C)[C@@H](CCCC)C(=O)N[C@@H](CC(=O)O)C(=O)N[C@@H](Cc1ccccc1)C(=O)Nc1cn(CC(=O)NCCCC(CCCNC(=O)Cn2cc(NC(=O)[C@H](Cc3ccccc3)NC(=O)[C@H](CC(=O)O)NC(=O)[C@H](CCCC)N(C)C(=O)[C@H](Cc3c[nH]c4ccccc34)NC(=O)[C@H](CCCCNC(=O)CCC#C)NC(C)=O)nn2)(NC(=O)CNC(=O)Cn2cc(NC(=O)[C@H](Cc3ccccc3)NC(=O)[C@H](CC(=O)O)NC(=O)[C@H](CCCC)N(C)C(=O)[C@H](Cc3c[nH]c4ccccc34)NC(=O)[C@H](CCCCNC(=O)CCC#C)NC(C)=O)nn2)C(=O)NCCC(N)=O)nn1,7.920818753952375
CHEMBL2386885,CHEMBL298,Cholecystokinin B receptor,IC50,=,5.2,nM,CHEMBL2390687,B,Displacement of Eu-DTPA-CCK8 from CCK2 receptor in HEK293 cells after 2 hrs by TRF assay,CHEMBL2385073,P32239,Cholecystokinin B receptor,IC50,C#CCCC(=O)NCCCC[C@H](NC(C)=O)C(=O)N[C@@H](Cc1c[nH]c2ccccc12)C(=O)N(C)[C@@H](CCCC)C(=O)N[C@@H](CC(=O)O)C(=O)N[C@@H](Cc1ccccc1)C(=O)Nc1cn(CC(=O)NCCC(=O)NCCCC(CCCNC(=O)CCNC(=O)Cn2cc(NC(=O)[C@H](Cc3ccccc3)NC(=O)[C@H](CC(=O)O)NC(=O)[C@H](CCCC)N(C)C(=O)[C@H](Cc3c[nH]c4ccccc34)NC(=O)[C@H](CCCCNC(=O)CCC#C)NC(C)=O)nn2)(NC(=O)CNC(=O)CCNC(=O)Cn2cc(NC(=O)[C@H](Cc3ccccc3)NC(=O)[C@H](CC(=O)O)NC(=O)[C@H](CCCC)N(C)C(=O)[C@H](Cc3c[nH]c4ccccc34)NC(=O)[C@H](CCCCNC(=O)CCC#C)NC(C)=O)nn2)C(=O)NCCC(N)=O)nn1,8.2839966563652
CHEMBL2386886,CHEMBL298,Cholecystokinin B receptor,IC50,=,8.5,nM,CHEMBL2390687,B,Displacement of Eu-DTPA-CCK8 from CCK2 receptor in HEK293 cells after 2 hrs by TRF assay,CHEMBL2385073,P32239,Cholecystokinin B receptor,IC50,C#CCCC(=O)NCCCC[C@H](NC(C)=O)C(=O)N[C@@H](Cc1c[nH]c2ccccc12)C(=O)N(C)[C@@H](CCCC)C(=O)N[C@@H](CC(=O)O)C(=O)N[C@@H](Cc1ccccc1)C(=O)Nc1cn(CC(=O)NCCC(=O)NCCC(=O)NCCCC(CCCNC(=O)CCNC(=O)CCNC(=O)Cn2cc(NC(=O)[C@H](Cc3ccccc3)NC(=O)[C@H](CC(=O)O)NC(=O)[C@H](CCCC)N(C)C(=O)[C@H](Cc3c[nH]c4ccccc34)NC(=O)[C@H](CCCCNC(=O)CCC#C)NC(C)=O)nn2)(NC(=O)CNC(=O)CCNC(=O)CCNC(=O)Cn2cc(NC(=O)[C@H](Cc3ccccc3)NC(=O)[C@H](CC(=O)O)NC(=O)[C@H](CCCC)N(C)C(=O)[C@H](Cc3c[nH]c4ccccc34)NC(=O)[C@H](CCCCNC(=O)CCC#C)NC(C)=O)nn2)C(=O)NCCC(N)=O)nn1,8.070581074285707
CHEMBL2386887,CHEMBL298,Cholecystokinin B receptor,IC50,=,6.0,nM,CHEMBL2390687,B,Displacement of Eu-DTPA-CCK8 from CCK2 receptor in HEK293 cells after 2 hrs by TRF assay,CHEMBL2385073,P32239,Cholecystokinin B receptor,IC50,C#CCCC(=O)NCCCC[C@H](NC(C)=O)C(=O)N[C@@H](Cc1c[nH]c2ccccc12)C(=O)N(C)[C@@H](CCCC)C(=O)N[C@@H](CC(=O)O)C(=O)N[C@@H](Cc1ccccc1)C(=O)Nc1cn(CC(=O)NCC(=O)N2CCC[C@H]2C(=O)NCC(=O)NCCCC(CCCNC(=O)CNC(=O)[C@@H]2CCCN2C(=O)CNC(=O)Cn2cc(NC(=O)[C@H](Cc3ccccc3)NC(=O)[C@H](CC(=O)O)NC(=O)[C@H](CCCC)N(C)C(=O)[C@H](Cc3c[nH]c4ccccc34)NC(=O)[C@H](CCCCNC(=O)CCC#C)NC(C)=O)nn2)(NC(=O)CNC(=O)CNC(=O)[C@@H]2CCCN2C(=O)CNC(=O)Cn2cc(NC(=O)[C@H](Cc3ccccc3)NC(=O)[C@H](CC(=O)O)NC(=O)[C@H](CCCC)N(C)C(=O)[C@H](Cc3c[nH]c4ccccc34)NC(=O)[C@H](CCCCNC(=O)CCC#C)NC(C)=O)nn2)C(=O)NCCC(N)=O)nn1,8.221848749616356
CHEMBL2386888,CHEMBL298,Cholecystokinin B receptor,IC50,=,16.0,nM,CHEMBL2390687,B,Displacement of Eu-DTPA-CCK8 from CCK2 receptor in HEK293 cells after 2 hrs by TRF assay,CHEMBL2385073,P32239,Cholecystokinin B receptor,IC50,C#CCCC(=O)NCCCC[C@H](NC(C)=O)C(=O)N[C@@H](Cc1c[nH]c2ccccc12)C(=O)N(C)[C@@H](CCCC)C(=O)N[C@@H](CC(=O)O)C(=O)N[C@@H](Cc1ccccc1)C(N)=O,7.795880017344075
CHEMBL1269257,CHEMBL298,Cholecystokinin B receptor,IC50,=,2.7,nM,CHEMBL3412206,B,Displacement of [125I]BDZ2 from CCK2R (unknown origin) expressed in CHO cells,CHEMBL3407371,P32239,Cholecystokinin B receptor,IC50,CC(C)N(C(=O)CN1C(=O)[C@H](NC(=O)Nc2cccc(C(=O)O)c2)C(=O)N(c2ccccc2)c2ccccc21)c1ccccc1,8.568636235841012
CHEMBL105775,CHEMBL298,Cholecystokinin B receptor,IC50,=,20.3,nM,CHEMBL3412204,B,Displacement of [125I]BDZ1 from CCK2R (unknown origin) expressed in CHO cells,CHEMBL3407371,P32239,Cholecystokinin B receptor,IC50,COc1ccc(N(C)C(=O)CN2C(=O)C(NC(=O)Nc3ccccc3)C(=O)N(c3ccccc3)c3ccccc32)cc1,7.692503962086787
CHEMBL156605,CHEMBL298,Cholecystokinin B receptor,IC50,=,31.7,nM,CHEMBL3412204,B,Displacement of [125I]BDZ1 from CCK2R (unknown origin) expressed in CHO cells,CHEMBL3407371,P32239,Cholecystokinin B receptor,IC50,O=C(CN1C(=O)C(NC(=O)Nc2ccccc2)C(=O)N(c2ccccc2)c2ccccc21)Nc1ccccc1,7.498940737782249
CHEMBL105775,CHEMBL298,Cholecystokinin B receptor,IC50,=,48.6,nM,CHEMBL3412066,B,Displacement of [125I]CCK from CCK2R (unknown origin) expressed in CHO cells,CHEMBL3407371,P32239,Cholecystokinin B receptor,IC50,COc1ccc(N(C)C(=O)CN2C(=O)C(NC(=O)Nc3ccccc3)C(=O)N(c3ccccc3)c3ccccc32)cc1,7.313363730737707
CHEMBL156605,CHEMBL298,Cholecystokinin B receptor,IC50,=,450.0,nM,CHEMBL3412066,B,Displacement of [125I]CCK from CCK2R (unknown origin) expressed in CHO cells,CHEMBL3407371,P32239,Cholecystokinin B receptor,IC50,O=C(CN1C(=O)C(NC(=O)Nc2ccccc2)C(=O)N(c2ccccc2)c2ccccc21)Nc1ccccc1,6.346787486224656
CHEMBL1269257,CHEMBL298,Cholecystokinin B receptor,IC50,=,5.6,nM,CHEMBL3412066,B,Displacement of [125I]CCK from CCK2R (unknown origin) expressed in CHO cells,CHEMBL3407371,P32239,Cholecystokinin B receptor,IC50,CC(C)N(C(=O)CN1C(=O)[C@H](NC(=O)Nc2cccc(C(=O)O)c2)C(=O)N(c2ccccc2)c2ccccc21)c1ccccc1,8.2518119729938
CHEMBL1269258,CHEMBL298,Cholecystokinin B receptor,IC50,=,275.42,nM,CHEMBL3751025,B,Displacement of [125I-CCK] from wild-type human CCK2R expressed in CHO cells after 60 mins by scintillation counter,CHEMBL3745693,P32239,Cholecystokinin B receptor,IC50,CC(C)N(Cc1ccccc1)C(=O)CN1C(=O)[C@@H](Cc2c[nH]c3ccccc23)c2nnc(-c3ccccc3)n2-c2ccccc21,6.560004526046192
CHEMBL1269258,CHEMBL298,Cholecystokinin B receptor,IC50,=,141.25,nM,CHEMBL3751029,B,Displacement of [125I-BDZ-2] from wild-type human CCK2R expressed in CHO cells after 60 mins by scintillation counter,CHEMBL3745693,P32239,Cholecystokinin B receptor,IC50,CC(C)N(Cc1ccccc1)C(=O)CN1C(=O)[C@@H](Cc2c[nH]c3ccccc23)c2nnc(-c3ccccc3)n2-c2ccccc21,6.850011543508524
CHEMBL1269258,CHEMBL298,Cholecystokinin B receptor,IC50,=,1.995,nM,CHEMBL3750747,B,Displacement of [125I-BDZ-2] from human CCK2R H7.39L mutant expressed in CHO cells after 60 mins by scintillation counter,CHEMBL3745693,P32239,Cholecystokinin B receptor,IC50,CC(C)N(Cc1ccccc1)C(=O)CN1C(=O)[C@@H](Cc2c[nH]c3ccccc23)c2nnc(-c3ccccc3)n2-c2ccccc21,8.700057099977233
CHEMBL1269258,CHEMBL298,Cholecystokinin B receptor,IC50,=,208.93,nM,CHEMBL3750749,B,"Displacement of [125I-CCK] from human CCK2R V3.28T, S3.29T mutant expressed in CHO cells after 60 mins by scintillation counter",CHEMBL3745693,P32239,Cholecystokinin B receptor,IC50,CC(C)N(Cc1ccccc1)C(=O)CN1C(=O)[C@@H](Cc2c[nH]c3ccccc23)c2nnc(-c3ccccc3)n2-c2ccccc21,6.679999195735272
CHEMBL1269258,CHEMBL298,Cholecystokinin B receptor,IC50,=,1.698,nM,CHEMBL3750751,B,Displacement of [125I-CCK] from human CCK2R H7.39L mutant expressed in CHO cells after 60 mins by scintillation counter,CHEMBL3745693,P32239,Cholecystokinin B receptor,IC50,CC(C)N(Cc1ccccc1)C(=O)CN1C(=O)[C@@H](Cc2c[nH]c3ccccc23)c2nnc(-c3ccccc3)n2-c2ccccc21,8.770062314092065
CHEMBL2017835,CHEMBL298,Cholecystokinin B receptor,IC50,=,691.83,nM,CHEMBL3751025,B,Displacement of [125I-CCK] from wild-type human CCK2R expressed in CHO cells after 60 mins by scintillation counter,CHEMBL3745693,P32239,Cholecystokinin B receptor,IC50,Cc1cc(C)cc(C[C@H]2CCCCN2C(=O)CN2C(=O)[C@@H](Cc3n[nH]c4ccccc34)c3nnc(-c4ccccc4)n3-c3ccccc32)c1,6.160000609491408
CHEMBL2017835,CHEMBL298,Cholecystokinin B receptor,IC50,=,10.0,nM,CHEMBL3750747,B,Displacement of [125I-BDZ-2] from human CCK2R H7.39L mutant expressed in CHO cells after 60 mins by scintillation counter,CHEMBL3745693,P32239,Cholecystokinin B receptor,IC50,Cc1cc(C)cc(C[C@H]2CCCCN2C(=O)CN2C(=O)[C@@H](Cc3n[nH]c4ccccc34)c3nnc(-c4ccccc4)n3-c3ccccc32)c1,8.0
CHEMBL2017835,CHEMBL298,Cholecystokinin B receptor,IC50,=,302.0,nM,CHEMBL3750749,B,"Displacement of [125I-CCK] from human CCK2R V3.28T, S3.29T mutant expressed in CHO cells after 60 mins by scintillation counter",CHEMBL3745693,P32239,Cholecystokinin B receptor,IC50,Cc1cc(C)cc(C[C@H]2CCCCN2C(=O)CN2C(=O)[C@@H](Cc3n[nH]c4ccccc34)c3nnc(-c4ccccc4)n3-c3ccccc32)c1,6.51999305704285
CHEMBL2017835,CHEMBL298,Cholecystokinin B receptor,IC50,=,7.586,nM,CHEMBL3750751,B,Displacement of [125I-CCK] from human CCK2R H7.39L mutant expressed in CHO cells after 60 mins by scintillation counter,CHEMBL3745693,P32239,Cholecystokinin B receptor,IC50,Cc1cc(C)cc(C[C@H]2CCCCN2C(=O)CN2C(=O)[C@@H](Cc3n[nH]c4ccccc34)c3nnc(-c4ccccc4)n3-c3ccccc32)c1,8.119987161633228
CHEMBL1269258,CHEMBL298,Cholecystokinin B receptor,IC50,=,175.0,nM,CHEMBL3751029,B,Displacement of [125I-BDZ-2] from wild-type human CCK2R expressed in CHO cells after 60 mins by scintillation counter,CHEMBL3745693,P32239,Cholecystokinin B receptor,IC50,CC(C)N(Cc1ccccc1)C(=O)CN1C(=O)[C@@H](Cc2c[nH]c3ccccc23)c2nnc(-c3ccccc3)n2-c2ccccc21,6.756961951313706
CHEMBL1121,CHEMBL298,Cholecystokinin B receptor,IC50,=,0.12,nM,CHEMBL3779711,B,Displacement of [125I]CCK-8s from human recombinant CCK-B receptor expressed in CHO cells,CHEMBL3774372,P32239,Cholecystokinin B receptor,IC50,CSCC[C@H](NC(=O)[C@H](Cc1ccc(OS(=O)(=O)O)cc1)NC(=O)[C@@H](N)CC(=O)O)C(=O)NCC(=O)N[C@@H](Cc1c[nH]c2ccccc12)C(=O)N[C@@H](CCSC)C(=O)N[C@@H](CC(=O)O)C(=O)N[C@@H](Cc1ccccc1)C(N)=O,9.920818753952375
CHEMBL1121,CHEMBL298,Cholecystokinin B receptor,IC50,=,0.12,nM,CHEMBL3876352,B,Displacement of [125I]CCK-8s from human recombinant CCK2 receptor expressed in CHO cells measured after 60 mins by scintillation counting method,CHEMBL3875185,P32239,Cholecystokinin B receptor,IC50,CSCC[C@H](NC(=O)[C@H](Cc1ccc(OS(=O)(=O)O)cc1)NC(=O)[C@@H](N)CC(=O)O)C(=O)NCC(=O)N[C@@H](Cc1c[nH]c2ccccc12)C(=O)N[C@@H](CCSC)C(=O)N[C@@H](CC(=O)O)C(=O)N[C@@H](Cc1ccccc1)C(N)=O,9.920818753952375
CHEMBL4282712,CHEMBL298,Cholecystokinin B receptor,IC50,=,0.1,nM,CHEMBL4262739,B,Displacement of [125I]-gastrin17 from CCK-B receptor (unknown origin),CHEMBL4261533,P32239,Cholecystokinin B receptor,IC50,CNc1cccc(NC(=O)NC2N=C(c3ccccn3)c3ccccc3N(CC(=O)C(C)(C)C)C2=O)c1,10.0
CHEMBL289498,CHEMBL298,Cholecystokinin B receptor,IC50,=,5.2,nM,CHEMBL4262739,B,Displacement of [125I]-gastrin17 from CCK-B receptor (unknown origin),CHEMBL4261533,P32239,Cholecystokinin B receptor,IC50,Cc1cccc(NC(=O)NC2N=C(c3ccccc3)c3ccccc3N(C)C2=O)c1,8.2839966563652
CHEMBL4471171,CHEMBL298,Cholecystokinin B receptor,IC50,=,15.4,nM,CHEMBL4346038,B,Displacement of [177Lu] PP-F11N from CCK2R (unknown origin) transfected in A431 cells incubated for 1 hr at 4 degree C followed by compound washout with PBS buffer using Lu3+ labeled compound by Cobra-2 gamma counter method,CHEMBL4342519,P32239,Cholecystokinin B receptor,IC50,CCCC[C@H](NC(=O)[C@H](Cc1c[nH]c2ccccc12)NC(=O)CNC(=O)[C@H](Cc1ccc(O)cc1)NC(=O)[C@H](C)NC(=O)[C@@H](CCC(=O)O)NC(=O)CN1CCN(CC(=O)O)CCN(CC(=O)O)CCN(CC(=O)O)CC1)C(=O)N[C@@H](CC(=O)O)C(=O)N[C@@H](Cc1ccccc1)C(N)=O,7.8124792791635365
CHEMBL4453047,CHEMBL298,Cholecystokinin B receptor,IC50,=,200.5,nM,CHEMBL4346038,B,Displacement of [177Lu] PP-F11N from CCK2R (unknown origin) transfected in A431 cells incubated for 1 hr at 4 degree C followed by compound washout with PBS buffer using Lu3+ labeled compound by Cobra-2 gamma counter method,CHEMBL4342519,P32239,Cholecystokinin B receptor,IC50,CCCC[C@H](NC(=O)[C@H](Cc1c[nH]c2ccccc12)NC(=O)CNC(=O)[C@H](Cc1ccc(O)cc1)NC(=O)[C@H](C)NC(=O)[C@@H](CCC(=O)O)NC(=O)CN1CCN(CC(=O)O)CCN(CC(=O)O)CCN(CC(=O)O)CC1)C(=O)N[C@@H](CC(=O)O)C(=O)N[C@@H](Cc1ccccc1)c1c[nH]nn1,6.697885623043799
CHEMBL4448553,CHEMBL298,Cholecystokinin B receptor,IC50,=,25.4,nM,CHEMBL4346038,B,Displacement of [177Lu] PP-F11N from CCK2R (unknown origin) transfected in A431 cells incubated for 1 hr at 4 degree C followed by compound washout with PBS buffer using Lu3+ labeled compound by Cobra-2 gamma counter method,CHEMBL4342519,P32239,Cholecystokinin B receptor,IC50,CCCC[C@@H](C(=O)N[C@@H](CC(=O)O)C(=O)N[C@@H](Cc1ccccc1)C(N)=O)n1cc([C@H](Cc2c[nH]c3ccccc23)NC(=O)CNC(=O)[C@H](Cc2ccc(O)cc2)NC(=O)[C@H](C)NC(=O)[C@@H](CCC(=O)O)NC(=O)CN2CCN(CC(=O)O)CCN(CC(=O)O)CCN(CC(=O)O)CC2)nn1,7.5951662833800615
CHEMBL4534788,CHEMBL298,Cholecystokinin B receptor,IC50,=,15.6,nM,CHEMBL4346038,B,Displacement of [177Lu] PP-F11N from CCK2R (unknown origin) transfected in A431 cells incubated for 1 hr at 4 degree C followed by compound washout with PBS buffer using Lu3+ labeled compound by Cobra-2 gamma counter method,CHEMBL4342519,P32239,Cholecystokinin B receptor,IC50,CCCC[C@H](NC(=O)[C@H](Cc1c[nH]c2ccccc12)n1cc(CNC(=O)[C@H](Cc2ccc(O)cc2)NC(=O)[C@H](C)NC(=O)[C@@H](CCC(=O)O)NC(=O)CN2CCN(CC(=O)O)CCN(CC(=O)O)CCN(CC(=O)O)CC2)nn1)C(=O)N[C@@H](CC(=O)O)C(=O)N[C@@H](Cc1ccccc1)C(N)=O,7.806875401645538
CHEMBL4470833,CHEMBL298,Cholecystokinin B receptor,IC50,=,1.7,nM,CHEMBL4346038,B,Displacement of [177Lu] PP-F11N from CCK2R (unknown origin) transfected in A431 cells incubated for 1 hr at 4 degree C followed by compound washout with PBS buffer using Lu3+ labeled compound by Cobra-2 gamma counter method,CHEMBL4342519,P32239,Cholecystokinin B receptor,IC50,CCCC[C@H](NC(=O)[C@H](Cc1c[nH]c2ccccc12)NC(=O)Cn1cc([C@H](Cc2ccc(O)cc2)NC(=O)[C@H](C)NC(=O)[C@@H](CCC(=O)O)NC(=O)CN2CCN(CC(=O)O)CCN(CC(=O)O)CCN(CC(=O)O)CC2)nn1)C(=O)N[C@@H](CC(=O)O)C(=O)N[C@@H](Cc1ccccc1)C(N)=O,8.769551078621726
CHEMBL4473301,CHEMBL298,Cholecystokinin B receptor,IC50,=,20.9,nM,CHEMBL4346038,B,Displacement of [177Lu] PP-F11N from CCK2R (unknown origin) transfected in A431 cells incubated for 1 hr at 4 degree C followed by compound washout with PBS buffer using Lu3+ labeled compound by Cobra-2 gamma counter method,CHEMBL4342519,P32239,Cholecystokinin B receptor,IC50,CCCC[C@H](NC(=O)[C@H](Cc1c[nH]c2ccccc12)NC(=O)CNC(=O)[C@H](Cc1ccc(O)cc1)n1cc([C@H](C)NC(=O)[C@@H](CCC(=O)O)NC(=O)CN2CCN(CC(=O)O)CCN(CC(=O)O)CCN(CC(=O)O)CC2)nn1)C(=O)N[C@@H](CC(=O)O)C(=O)N[C@@H](Cc1ccccc1)C(N)=O,7.679853713888946
CHEMBL4554965,CHEMBL298,Cholecystokinin B receptor,IC50,=,8.0,nM,CHEMBL4346038,B,Displacement of [177Lu] PP-F11N from CCK2R (unknown origin) transfected in A431 cells incubated for 1 hr at 4 degree C followed by compound washout with PBS buffer using Lu3+ labeled compound by Cobra-2 gamma counter method,CHEMBL4342519,P32239,Cholecystokinin B receptor,IC50,CCCC[C@H](NC(=O)[C@H](Cc1c[nH]c2ccccc12)NC(=O)CNC(=O)[C@H](Cc1ccc(O)cc1)NC(=O)[C@H](C)n1cc([C@@H](CCC(=O)O)NC(=O)CN2CCN(CC(=O)O)CCN(CC(=O)O)CCN(CC(=O)O)CC2)nn1)C(=O)N[C@@H](CC(=O)O)C(=O)N[C@@H](Cc1ccccc1)C(N)=O,8.096910013008056
CHEMBL4540191,CHEMBL298,Cholecystokinin B receptor,IC50,=,18.8,nM,CHEMBL4346038,B,Displacement of [177Lu] PP-F11N from CCK2R (unknown origin) transfected in A431 cells incubated for 1 hr at 4 degree C followed by compound washout with PBS buffer using Lu3+ labeled compound by Cobra-2 gamma counter method,CHEMBL4342519,P32239,Cholecystokinin B receptor,IC50,CCCC[C@H](NC(=O)[C@H](Cc1c[nH]c2ccccc12)NC(=O)CCNC(=O)[C@H](Cc1ccc(O)cc1)NC(=O)[C@H](C)NC(=O)[C@@H](CCC(=O)O)NC(=O)CN1CCN(CC(=O)O)CCN(CC(=O)O)CCN(CC(=O)O)CC1)C(=O)N[C@@H](CC(=O)O)C(=O)N[C@@H](Cc1ccccc1)C(N)=O,7.72584215073632
CHEMBL4443016,CHEMBL298,Cholecystokinin B receptor,IC50,=,25.8,nM,CHEMBL4346038,B,Displacement of [177Lu] PP-F11N from CCK2R (unknown origin) transfected in A431 cells incubated for 1 hr at 4 degree C followed by compound washout with PBS buffer using Lu3+ labeled compound by Cobra-2 gamma counter method,CHEMBL4342519,P32239,Cholecystokinin B receptor,IC50,CCCC[C@H](NC(=O)[C@H](Cc1c[nH]c2ccccc12)NC(=O)CNC(=O)C[C@H](Cc1ccc(O)cc1)NC(=O)[C@H](C)NC(=O)[C@@H](CCC(=O)O)NC(=O)CN1CCN(CC(=O)O)CCN(CC(=O)O)CCN(CC(=O)O)CC1)C(=O)N[C@@H](CC(=O)O)C(=O)N[C@@H](Cc1ccccc1)C(N)=O,7.58838029403677
CHEMBL1121,CHEMBL298,Cholecystokinin B receptor,IC50,=,0.2884,nM,CHEMBL4370031,B,Displacement of [125I]-CCK-8 from human CCK2R expressed in human 1321N1 cell membranes after 2 hrs by SPA assay,CHEMBL4368907,P32239,Cholecystokinin B receptor,IC50,CSCC[C@H](NC(=O)[C@H](Cc1ccc(OS(=O)(=O)O)cc1)NC(=O)[C@@H](N)CC(=O)O)C(=O)NCC(=O)N[C@@H](Cc1c[nH]c2ccccc12)C(=O)N[C@@H](CCSC)C(=O)N[C@@H](CC(=O)O)C(=O)N[C@@H](Cc1ccccc1)C(N)=O,9.540004743952608
CHEMBL423907,CHEMBL298,Cholecystokinin B receptor,IC50,=,7413.1,nM,CHEMBL4370031,B,Displacement of [125I]-CCK-8 from human CCK2R expressed in human 1321N1 cell membranes after 2 hrs by SPA assay,CHEMBL4368907,P32239,Cholecystokinin B receptor,IC50,CCCC[C@H](NC(=O)Cc1ccc(OS(=O)(=O)O)cc1)C(=O)NCC(=O)N[C@@H](Cc1c[nH]c2ccccc12)C(=O)N[C@@H](CCCC)C(=O)N(C)[C@H](CC(=O)O)C(=O)N[C@@H](Cc1ccccc1)C(N)=O,5.130000141365475
CHEMBL4443415,CHEMBL298,Cholecystokinin B receptor,IC50,=,0.2089,nM,CHEMBL4370031,B,Displacement of [125I]-CCK-8 from human CCK2R expressed in human 1321N1 cell membranes after 2 hrs by SPA assay,CHEMBL4368907,P32239,Cholecystokinin B receptor,IC50,CCCC[C@H](NC(=O)[C@H](Cc1ccc(OS(=O)(=O)O)cc1)NC(=O)[C@H](CC(=O)O)NC(=O)COCCOCCNC(=O)COCCOCCNC(=O)CC[C@H](NC(=O)CCCCCCCCCCCCCCCCC(=O)O)C(=O)O)C(=O)NCC(=O)N[C@@H](Cc1c[nH]c2ccccc12)C(=O)N[C@@H](CCCC)C(=O)N[C@@H](CC(=O)O)C(=O)N[C@@H](Cc1ccccc1)C(N)=O,9.680061560019691
CHEMBL4451154,CHEMBL298,Cholecystokinin B receptor,IC50,=,4.074,nM,CHEMBL4370031,B,Displacement of [125I]-CCK-8 from human CCK2R expressed in human 1321N1 cell membranes after 2 hrs by SPA assay,CHEMBL4368907,P32239,Cholecystokinin B receptor,IC50,CSCC[C@H](NC(=O)[C@H](Cc1c[nH]c2ccccc12)NC(=O)CNC(=O)[C@H](Cc1ccc(O)cc1)NC(=O)[C@H](C)NC(=O)[C@H](CCC(=O)O)NC(=O)[C@H](CCC(=O)O)NC(=O)[C@H](CCC(=O)O)NC(=O)[C@H](CCC(=O)O)NC(=O)[C@H](CCC(=O)O)NC(=O)[C@H](CC(C)C)NC(=O)[C@H](Cc1c[nH]c2ccccc12)NC(=O)[C@@H]1CCCN1C(=O)CNC(=O)[C@@H]1CCC(=O)N1)C(=O)N[C@@H](CC(=O)O)C(=O)N[C@@H](Cc1ccccc1)C(N)=O,8.389978975335854
CHEMBL4565336,CHEMBL298,Cholecystokinin B receptor,IC50,=,0.166,nM,CHEMBL4370031,B,Displacement of [125I]-CCK-8 from human CCK2R expressed in human 1321N1 cell membranes after 2 hrs by SPA assay,CHEMBL4368907,P32239,Cholecystokinin B receptor,IC50,CCCC[C@H](NC(=O)[C@H](Cc1c[nH]c2ccccc12)NC(=O)CNC(=O)[C@H](CC(C)C)NC(=O)[C@H](Cc1ccc(OS(=O)(=O)O)cc1)NC(=O)[C@H](CC(=O)O)NC(=O)COCCOCCNC(=O)COCCOCCNC(=O)CC[C@H](NC(=O)CCCCCCCCCCCCCCCCC(=O)O)C(=O)O)C(=O)N[C@@H](CC(=O)O)C(=O)N[C@@H](Cc1ccccc1)C(N)=O,9.779891911959945
CHEMBL4471871,CHEMBL298,Cholecystokinin B receptor,IC50,=,245.47,nM,CHEMBL4370031,B,Displacement of [125I]-CCK-8 from human CCK2R expressed in human 1321N1 cell membranes after 2 hrs by SPA assay,CHEMBL4368907,P32239,Cholecystokinin B receptor,IC50,CCCC[C@H](NC(=O)[C@H](Cc1c[nH]c2ccccc12)NC(=O)CNC(=O)[C@H](CC(C)C)NC(=O)[C@H](Cc1ccc(OS(=O)(=O)O)cc1)NC(=O)[C@H](CC(=O)O)NC(=O)COCCOCCNC(=O)COCCOCCNC(=O)CC[C@H](NC(=O)CCCCCCCCCCCCCCCCC(=O)O)C(=O)O)C(=O)N(C)[C@@H](CC(=O)O)C(=O)N[C@@H](Cc1ccccc1)C(N)=O,6.610001577392667
CHEMBL4550876,CHEMBL298,Cholecystokinin B receptor,IC50,=,5623.41,nM,CHEMBL4370031,B,Displacement of [125I]-CCK-8 from human CCK2R expressed in human 1321N1 cell membranes after 2 hrs by SPA assay,CHEMBL4368907,P32239,Cholecystokinin B receptor,IC50,CCCC[C@H](NC(=O)[C@H](Cc1c[nH]c2ccccc12)NC(=O)CNC(=O)[C@H](CC(C)C)NC(=O)[C@H](Cc1ccc(OS(=O)(=O)O)cc1)NC(=O)[C@H](CC(=O)O)NC(=O)COCCOCCNC(=O)COCCOCCNC(=O)CC[C@H](NC(=O)CCCCCCCCCCCCCCCCC(=O)O)C(=O)O)C(=O)N(C)[C@H](CC(=O)O)C(=O)N[C@@H](Cc1ccccc1)C(N)=O,5.250000251143582
CHEMBL4475304,CHEMBL298,Cholecystokinin B receptor,IC50,=,8709.64,nM,CHEMBL4370031,B,Displacement of [125I]-CCK-8 from human CCK2R expressed in human 1321N1 cell membranes after 2 hrs by SPA assay,CHEMBL4368907,P32239,Cholecystokinin B receptor,IC50,CCCC[C@H](NC(=O)[C@H](Cc1ccc(CS(=O)(=O)O)cc1)NC(=O)[C@H](CC(=O)O)NC(=O)COCCOCCNC(=O)COCCOCCNC(=O)CC[C@H](NC(=O)CCCCCCCCCCCCCCCCC(=O)O)C(=O)O)C(=O)NCC(=O)N[C@@H](Cc1c[nH]c2ccccc12)C(=O)N[C@@H](CCCC)C(=O)N(C)[C@@H](CC(=O)O)C(=O)N(C)[C@@H](Cc1ccccc1)C(N)=O,5.059999795537068
CHEMBL4591101,CHEMBL298,Cholecystokinin B receptor,IC50,=,66.07,nM,CHEMBL4370031,B,Displacement of [125I]-CCK-8 from human CCK2R expressed in human 1321N1 cell membranes after 2 hrs by SPA assay,CHEMBL4368907,P32239,Cholecystokinin B receptor,IC50,CCCC[C@H](NC(=O)[C@H](Cc1ccc(OS(=O)(=O)O)cc1)NC(=O)[C@H](CC(=O)O)NC(=O)COCCOCCNC(=O)COCCOCCNC(=O)CC[C@H](NC(=O)CCCCCCCCCCCCCCCCC(=O)O)C(=O)O)C(=O)NCC(=O)N[C@@H](Cc1c[nH]c2ccccc12)C(=O)N[C@@H](CCCC)C(=O)N[C@H](CC(=O)O)C(=O)N(C)[C@@H](Cc1ccccc1)C(N)=O,7.179995693191682
CHEMBL4465747,CHEMBL298,Cholecystokinin B receptor,IC50,=,309.03,nM,CHEMBL4370031,B,Displacement of [125I]-CCK-8 from human CCK2R expressed in human 1321N1 cell membranes after 2 hrs by SPA assay,CHEMBL4368907,P32239,Cholecystokinin B receptor,IC50,CCCC[C@H](NC(=O)[C@H](Cc1ccc(OS(=O)(=O)O)cc1)NC(=O)[C@H](CC(=O)O)NC(=O)COCCOCCNC(=O)COCCOCCNC(=O)CC[C@H](NC(=O)CCCCCCCCCCCCCCCCC(=O)O)C(=O)O)C(=O)NCC(=O)N[C@@H](Cc1c[nH]c2ccccc12)C(=O)N[C@@H](CCCC)C(=O)N[C@@H](CC(N)=O)C(=O)N[C@@H](Cc1ccccc1)C(N)=O,6.509999358109048
CHEMBL4516794,CHEMBL298,Cholecystokinin B receptor,IC50,=,457.09,nM,CHEMBL4370031,B,Displacement of [125I]-CCK-8 from human CCK2R expressed in human 1321N1 cell membranes after 2 hrs by SPA assay,CHEMBL4368907,P32239,Cholecystokinin B receptor,IC50,CCCC[C@H](NC(=O)[C@H](Cc1ccc(OS(=O)(=O)O)cc1)NC(=O)[C@H](CC(=O)O)NC(=O)COCCOCCNC(=O)COCCOCCNC(=O)CC[C@H](NC(=O)CCCCCCCCCCCCCCCCC(=O)O)C(=O)O)C(=O)NCC(=O)N[C@@H](Cc1c[nH]c2ccccc12)C(=O)N[C@@H](CCCC)C(=O)N1C[C@H](O)C[C@H]1C(=O)N[C@@H](Cc1ccccc1)C(N)=O,6.339998279897117
CHEMBL4545970,CHEMBL298,Cholecystokinin B receptor,IC50,=,5370.32,nM,CHEMBL4370031,B,Displacement of [125I]-CCK-8 from human CCK2R expressed in human 1321N1 cell membranes after 2 hrs by SPA assay,CHEMBL4368907,P32239,Cholecystokinin B receptor,IC50,CCCC[C@H](NC(=O)[C@H](Cc1c[nH]c2ccccc12)NC(=O)CNC(=O)[C@H](CC(C)C)NC(=O)[C@H](Cc1ccc(OS(=O)(=O)O)cc1)NC(=O)[C@H](CC(=O)O)NC(=O)COCCOCCNC(=O)COCCOCCNC(=O)CC[C@H](NC(=O)CCCCCCCCCCCCCCCCC(=O)O)C(=O)O)C(=O)N1CCC[C@@H]1C(=O)N(C)[C@@H](Cc1ccccc1)C(N)=O,5.269999835325843
CHEMBL4514283,CHEMBL298,Cholecystokinin B receptor,IC50,=,1778.28,nM,CHEMBL4370031,B,Displacement of [125I]-CCK-8 from human CCK2R expressed in human 1321N1 cell membranes after 2 hrs by SPA assay,CHEMBL4368907,P32239,Cholecystokinin B receptor,IC50,CCCC[C@H](NC(=O)[C@H](Cc1ccc(OS(=O)(=O)O)cc1)NC(=O)[C@H](CC(=O)O)NC(=O)COCCOCCNC(=O)COCCOCCNC(=O)CC[C@H](NC(=O)CCCCCCCCCCCCCCCCC(=O)O)C(=O)O)C(=O)NCC(=O)N[C@@H](Cc1c[nH]c2ccccc12)C(=O)N[C@@H](CCCC)C(=O)N(C)[C@H](CC(=O)O)C(=O)N(C)[C@@H](Cc1ccccc1)C(N)=O,5.749999855918706
CHEMBL4440303,CHEMBL298,Cholecystokinin B receptor,IC50,=,128.82,nM,CHEMBL4370031,B,Displacement of [125I]-CCK-8 from human CCK2R expressed in human 1321N1 cell membranes after 2 hrs by SPA assay,CHEMBL4368907,P32239,Cholecystokinin B receptor,IC50,CCCC[C@H](NC(=O)[C@H](Cc1ccc(CS(=O)(=O)O)cc1)NC(=O)[C@H](CC(=O)O)NC(=O)COCCOCCNC(=O)[C@H](CCCCN)NC(=O)COCCOCCNC(=O)COCCOCCNC(=O)CC[C@H](NC(=O)CCCCCCCCCCCCCCCCC(=O)O)C(=O)O)C(=O)NCC(=O)N[C@@H](Cc1c[nH]c2ccccc12)C(=O)N[C@@H](CCCC)C(=O)N(C)[C@H](CC(=O)O)C(=O)N(C)[C@@H](Cc1ccccc1)C(N)=O,6.890016705180107
CHEMBL4467402,CHEMBL298,Cholecystokinin B receptor,IC50,=,7762.47,nM,CHEMBL4370031,B,Displacement of [125I]-CCK-8 from human CCK2R expressed in human 1321N1 cell membranes after 2 hrs by SPA assay,CHEMBL4368907,P32239,Cholecystokinin B receptor,IC50,CCCC[C@H](NC(=O)[C@H](Cc1c[nH]c2ccccc12)NC(=O)CNC(=O)[C@H](CC(C)C)NC(=O)[C@H](Cc1ccc(OS(=O)(=O)O)cc1)NC(=O)[C@H](CC(=O)O)NC(=O)CCCCCCCCCCCCCCCCC(=O)O)C(=O)N(C)[C@H](CC(=O)O)C(=O)N(C)[C@@H](Cc1ccccc1)C(N)=O,5.110000065251387
CHEMBL4453982,CHEMBL298,Cholecystokinin B receptor,IC50,=,0.8913,nM,CHEMBL4370031,B,Displacement of [125I]-CCK-8 from human CCK2R expressed in human 1321N1 cell membranes after 2 hrs by SPA assay,CHEMBL4368907,P32239,Cholecystokinin B receptor,IC50,CCCC[C@H](NC(=O)[C@H](Cc1c[nH]c2ccccc12)NC(=O)CNC(=O)[C@H](CC(C)C)NC(=O)[C@H](Cc1ccc(CS(=O)(=O)O)cc1)NC(=O)[C@H](CC(=O)O)NC(=O)COCCOCCNC(=O)COCCOCCNC(=O)CC[C@H](NC(=O)CCCCCCCCCCCCCCCCC(=O)O)C(=O)O)C(=O)N[C@@H](CC(=O)O)C(=O)N[C@@H](Cc1ccccc1)C(N)=O,9.049976093476673
CHEMBL4547294,CHEMBL298,Cholecystokinin B receptor,IC50,=,1.862,nM,CHEMBL4370031,B,Displacement of [125I]-CCK-8 from human CCK2R expressed in human 1321N1 cell membranes after 2 hrs by SPA assay,CHEMBL4368907,P32239,Cholecystokinin B receptor,IC50,CCCC[C@H](NC(=O)[C@H](Cc1ccc(OP(=O)(O)O)cc1)NC(=O)[C@H](CC(=O)O)NC(=O)COCCOCCNC(=O)COCCOCCNC(=O)CC[C@H](NC(=O)CCCCCCCCCCCCCCCCC(=O)O)C(=O)O)C(=O)NCC(=O)N[C@@H](Cc1c[nH]c2ccccc12)C(=O)N[C@@H](CCCC)C(=O)N[C@@H](CC(=O)O)C(=O)N[C@@H](Cc1ccccc1)C(N)=O,8.730020323354676
CHEMBL4555341,CHEMBL298,Cholecystokinin B receptor,IC50,=,5.754,nM,CHEMBL4370031,B,Displacement of [125I]-CCK-8 from human CCK2R expressed in human 1321N1 cell membranes after 2 hrs by SPA assay,CHEMBL4368907,P32239,Cholecystokinin B receptor,IC50,CCCC[C@H](NC(=O)[C@H](CNC(=O)CCCC(=O)O)NC(=O)[C@H](CC(=O)O)NC(=O)COCCOCCNC(=O)COCCOCCNC(=O)CC[C@H](NC(=O)CCCCCCCCCCCCCCCCC(=O)O)C(=O)O)C(=O)NCC(=O)N[C@@H](Cc1c[nH]c2ccccc12)C(=O)N[C@@H](CCCC)C(=O)N[C@@H](CC(=O)O)C(=O)N[C@@H](Cc1ccccc1)C(N)=O,8.240030142445693
CHEMBL4572516,CHEMBL298,Cholecystokinin B receptor,IC50,=,4897.79,nM,CHEMBL4370031,B,Displacement of [125I]-CCK-8 from human CCK2R expressed in human 1321N1 cell membranes after 2 hrs by SPA assay,CHEMBL4368907,P32239,Cholecystokinin B receptor,IC50,CCCC[C@H](NC(=O)[C@H](Cc1c[nH]c2ccccc12)NC(=O)CNC(=O)[C@H](CC(C)C)NC(=O)[C@H](Cc1ccc(O)cc1)NC(=O)[C@H](CC(=O)O)NC(=O)COCCOCCNC(=O)COCCOCCNC(=O)CC[C@H](NC(=O)CCCCCCCCCCCCCCCCC(=O)O)C(=O)O)C(=O)N(C)[C@H](CC(=O)O)C(=O)N(C)[C@@H](Cc1ccccc1)C(N)=O,5.309999839831226
CHEMBL4464703,CHEMBL298,Cholecystokinin B receptor,IC50,=,8317.64,nM,CHEMBL4370031,B,Displacement of [125I]-CCK-8 from human CCK2R expressed in human 1321N1 cell membranes after 2 hrs by SPA assay,CHEMBL4368907,P32239,Cholecystokinin B receptor,IC50,CCCC[C@H](NC(=O)[C@H](Cc1c[nH]c2ccccc12)NC(=O)CNC(=O)[C@@H](CCCNC(=O)COCCOCCNC(=O)COCCOCCNC(=O)CC[C@H](NC(=O)CCCCCCCCCCCCCCCCC(=O)O)C(=O)O)NC(=O)Cc1ccc(O)cc1)C(=O)N(C)[C@H](CC(=O)O)C(=O)N(C)[C@@H](Cc1ccccc1)C(N)=O,5.079999880484295
CHEMBL4455361,CHEMBL298,Cholecystokinin B receptor,IC50,=,3715.35,nM,CHEMBL4370031,B,Displacement of [125I]-CCK-8 from human CCK2R expressed in human 1321N1 cell membranes after 2 hrs by SPA assay,CHEMBL4368907,P32239,Cholecystokinin B receptor,IC50,CCCC[C@H](NC(=O)[C@H](Cc1c[nH]c2ccccc12)NC(=O)CNC(=O)[C@H](CCCCNC(=O)COCCOCCNC(=O)COCCOCCNC(=O)CC[C@H](NC(=O)CCCCCCCCCCCCCCCCC(=O)O)C(=O)O)NC(=O)Cc1ccc(O)cc1)C(=O)N(C)[C@H](CC(=O)O)C(=O)N(C)[C@@H](Cc1ccccc1)C(N)=O,5.430000267796055
CHEMBL4542927,CHEMBL298,Cholecystokinin B receptor,IC50,=,7413.1,nM,CHEMBL4370031,B,Displacement of [125I]-CCK-8 from human CCK2R expressed in human 1321N1 cell membranes after 2 hrs by SPA assay,CHEMBL4368907,P32239,Cholecystokinin B receptor,IC50,CCCC[C@H](NC(=O)[C@H](Cc1c[nH]c2ccccc12)NC(=O)CNC(=O)[C@H](CC(C)C)NC(=O)[C@H](Cc1c[nH]c2ccccc12)NC(=O)[C@H](CC(=O)O)NC(=O)COCCOCCNC(=O)COCCOCCNC(=O)CC[C@H](NC(=O)CCCCCCCCCCCCCCCCC(=O)O)C(=O)O)C(=O)N(C)[C@H](CC(=O)O)C(=O)N(C)[C@@H](Cc1ccccc1)C(N)=O,5.130000141365475
CHEMBL4583158,CHEMBL298,Cholecystokinin B receptor,IC50,=,4570.88,nM,CHEMBL4370031,B,Displacement of [125I]-CCK-8 from human CCK2R expressed in human 1321N1 cell membranes after 2 hrs by SPA assay,CHEMBL4368907,P32239,Cholecystokinin B receptor,IC50,CCCC[C@H](NC(=O)[C@H](Cc1c[nH]c2ccccc12)NC(=O)CNC(=O)[C@H](CC(C)C)NC(=O)[C@H](Cc1ccc(OS(=O)(=O)O)cc1)NC(=O)[C@H](CC(=O)O)NC(=O)COCCOCCNC(=O)COCCOCCNC(=O)CC[C@H](NC(=O)CCCCCCCCCCCCCCCCC(=O)O)C(=O)O)C(=O)N(C)[C@H](CC(=O)O)C(=O)N(C)[C@@H](Cc1ccccc1)C(N)=O,5.3400001801593495
CHEMBL4483457,CHEMBL298,Cholecystokinin B receptor,IC50,=,575.44,nM,CHEMBL4370031,B,Displacement of [125I]-CCK-8 from human CCK2R expressed in human 1321N1 cell membranes after 2 hrs by SPA assay,CHEMBL4368907,P32239,Cholecystokinin B receptor,IC50,CCCC[C@H](NC(=O)[C@H](Cc1cc2ccccc2[nH]1)NC(=O)CNC(=O)[C@H](CCCCNC(=O)COCCOCCNC(=O)COCCOCCNC(=O)CC[C@H](NC(=O)CCCCCCCCCCCCCCCCC(=O)O)C(=O)O)NC(=O)[C@H](Cc1ccc(OS(=O)(=O)O)cc1)NC(=O)[C@H](CC(=O)O)NC(C)=O)C(=O)N(C)[C@H](CC(=O)O)C(=O)N(C)[C@@H](Cc1ccccc1)C(N)=O,6.2399999527072705
CHEMBL4468861,CHEMBL298,Cholecystokinin B receptor,IC50,=,0.1585,nM,CHEMBL4370031,B,Displacement of [125I]-CCK-8 from human CCK2R expressed in human 1321N1 cell membranes after 2 hrs by SPA assay,CHEMBL4368907,P32239,Cholecystokinin B receptor,IC50,CCCC[C@H](NC(=O)[C@H](Cc1c[nH]c2ccccc12)NC(=O)CNC(=O)[C@H](CCC(=O)O)NC(=O)[C@H](Cc1ccc(OS(=O)(=O)O)cc1)NC(=O)[C@H](CC(=O)O)NC(=O)COCCOCCNC(=O)COCCOCCNC(=O)CC[C@H](NC(=O)CCCCCCCCCCCCCCCCC(=O)O)C(=O)O)C(=O)N[C@@H](CC(=O)O)C(=O)N[C@@H](Cc1ccccc1)C(N)=O,9.79997073344623
CHEMBL4561184,CHEMBL298,Cholecystokinin B receptor,IC50,=,0.1514,nM,CHEMBL4370031,B,Displacement of [125I]-CCK-8 from human CCK2R expressed in human 1321N1 cell membranes after 2 hrs by SPA assay,CHEMBL4368907,P32239,Cholecystokinin B receptor,IC50,CCCC[C@H](NC(=O)[C@H](Cc1c[nH]c2ccccc12)NC(=O)[C@H](CCC(=O)O)NC(=O)[C@H](CCCC)NC(=O)[C@H](Cc1ccc(OS(=O)(=O)O)cc1)NC(=O)[C@H](CC(=O)O)NC(=O)COCCOCCNC(=O)COCCOCCNC(=O)CC[C@H](NC(=O)CCCCCCCCCCCCCCCCC(=O)O)C(=O)O)C(=O)N[C@@H](CC(=O)O)C(=O)N[C@@H](Cc1ccccc1)C(N)=O,9.819874124835946
CHEMBL4445353,CHEMBL298,Cholecystokinin B receptor,IC50,=,13.49,nM,CHEMBL4370031,B,Displacement of [125I]-CCK-8 from human CCK2R expressed in human 1321N1 cell membranes after 2 hrs by SPA assay,CHEMBL4368907,P32239,Cholecystokinin B receptor,IC50,CCCC[C@H](NC(=O)[C@H](Cc1c[nH]c2ccccc12)NC(=O)[C@H](CCCCN)NC(=O)[C@H](CCCC)NC(=O)[C@H](Cc1ccc(OS(=O)(=O)O)cc1)NC(=O)[C@H](CC(=O)O)NC(=O)COCCOCCNC(=O)COCCOCCNC(=O)CC[C@H](NC(=O)CCCCCCCCCCCCCCCCC(=O)O)C(=O)O)C(=O)N[C@@H](CC(=O)O)C(=O)N[C@@H](Cc1ccccc1)C(N)=O,7.869988050328096
CHEMBL4516868,CHEMBL298,Cholecystokinin B receptor,IC50,=,0.5888,nM,CHEMBL4370031,B,Displacement of [125I]-CCK-8 from human CCK2R expressed in human 1321N1 cell membranes after 2 hrs by SPA assay,CHEMBL4368907,P32239,Cholecystokinin B receptor,IC50,CCCC[C@H](NC(=O)[C@H](Cc1c[nH]c2ccccc12)NC(=O)[C@@H]1CCCN1C(=O)[C@H](CCCC)NC(=O)[C@H](Cc1ccc(OS(=O)(=O)O)cc1)NC(=O)[C@H](CC(=O)O)NC(=O)COCCOCCNC(=O)COCCOCCNC(=O)CC[C@H](NC(=O)CCCCCCCCCCCCCCCCC(=O)O)C(=O)O)C(=O)N[C@@H](CC(=O)O)C(=O)N[C@@H](Cc1ccccc1)C(N)=O,9.230032198670557
CHEMBL4570130,CHEMBL298,Cholecystokinin B receptor,IC50,=,0.3981,nM,CHEMBL4370031,B,Displacement of [125I]-CCK-8 from human CCK2R expressed in human 1321N1 cell membranes after 2 hrs by SPA assay,CHEMBL4368907,P32239,Cholecystokinin B receptor,IC50,CCCC[C@H](NC(=O)[C@H](Cc1c[nH]c2ccccc12)NC(=O)CCNC(=O)[C@H](CC(C)C)NC(=O)[C@H](Cc1ccc(OS(=O)(=O)O)cc1)NC(=O)[C@H](CC(=O)O)NC(=O)COCCOCCNC(=O)COCCOCCNC(=O)CC[C@H](NC(=O)CCCCCCCCCCCCCCCCC(=O)O)C(=O)O)C(=O)N[C@@H](CC(=O)O)C(=O)N[C@@H](Cc1ccccc1)C(N)=O,9.400007822415901
CHEMBL4467338,CHEMBL298,Cholecystokinin B receptor,IC50,=,2.138,nM,CHEMBL4370031,B,Displacement of [125I]-CCK-8 from human CCK2R expressed in human 1321N1 cell membranes after 2 hrs by SPA assay,CHEMBL4368907,P32239,Cholecystokinin B receptor,IC50,CCCC[C@H](NC(=O)[C@H](Cc1ccc(OS(=O)(=O)O)cc1)NC(=O)[C@H](CC(=O)O)NC(=O)COCCOCCNC(=O)COCCOCCNC(=O)CC[C@H](NC(=O)CCCCCCCCCCCCCCCCC(=O)O)C(=O)O)C(=O)NCC(=O)N[C@@H](Cc1c[nH]c2ccccc12)C(=O)N[C@H](C(=O)N[C@@H](CC(=O)O)C(=O)N[C@@H](Cc1ccccc1)C(N)=O)[C@@H](C)CC,8.669992299127241
CHEMBL4459331,CHEMBL298,Cholecystokinin B receptor,IC50,=,2.042,nM,CHEMBL4370031,B,Displacement of [125I]-CCK-8 from human CCK2R expressed in human 1321N1 cell membranes after 2 hrs by SPA assay,CHEMBL4368907,P32239,Cholecystokinin B receptor,IC50,CCCC[C@H](NC(=O)[C@H](Cc1ccc(OS(=O)(=O)O)cc1)NC(=O)[C@H](CC(=O)O)NC(=O)COCCOCCNC(=O)COCCOCCNC(=O)CC[C@H](NC(=O)CCCCCCCCCCCCCCCCC(=O)O)C(=O)O)C(=O)NCC(=O)N[C@@H](Cc1c[nH]c2ccccc12)C(=O)N[C@@H](CCC(N)=O)C(=O)N[C@@H](CC(=O)O)C(=O)N[C@@H](Cc1ccccc1)C(N)=O,8.689944262249108
CHEMBL4525615,CHEMBL298,Cholecystokinin B receptor,IC50,=,6606.93,nM,CHEMBL4370031,B,Displacement of [125I]-CCK-8 from human CCK2R expressed in human 1321N1 cell membranes after 2 hrs by SPA assay,CHEMBL4368907,P32239,Cholecystokinin B receptor,IC50,CSCC[C@H](NC(=O)[C@H](Cc1ccc(OS(=O)(=O)O)cc1)NC(=O)[C@H](CC(=O)O)NC(=O)COCCOCCNC(=O)COCCOCCNC(=O)CC[C@H](NC(=O)CCCCCCCCCCCCCCCCC(=O)O)C(=O)O)C(=O)NCC(=O)N[C@@H](Cc1c[nH]c2ccccc12)C(=O)N[C@@H](CCSC)C(=O)N(C)[C@H](CC(=O)O)C(=O)N(C)[C@@H](Cc1ccccc1)C(N)=O,5.180000294489515
CHEMBL4471525,CHEMBL298,Cholecystokinin B receptor,IC50,=,758.58,nM,CHEMBL4370031,B,Displacement of [125I]-CCK-8 from human CCK2R expressed in human 1321N1 cell membranes after 2 hrs by SPA assay,CHEMBL4368907,P32239,Cholecystokinin B receptor,IC50,CCCC[C@H](NC(=O)[C@H](Cc1ccc(O)cc1)NC(=O)[C@H](CC(=O)O)NC(=O)COCCOCCNC(=O)COCCOCCNC(=O)CC[C@H](NC(=O)CCCCCCCCCCCCCCCCC(=O)O)C(=O)O)C(=O)NCC(=O)N[C@@H](Cc1c[nH]c2ccccc12)C(=O)N[C@@H](CCCCNC(=O)Nc1ccccc1C)C(=O)N[C@@H](CC(=O)O)C(=O)N(C)[C@@H](Cc1ccccc1)C(N)=O,6.119998611678231
CHEMBL4551834,CHEMBL298,Cholecystokinin B receptor,IC50,=,0.2884,nM,CHEMBL4370031,B,Displacement of [125I]-CCK-8 from human CCK2R expressed in human 1321N1 cell membranes after 2 hrs by SPA assay,CHEMBL4368907,P32239,Cholecystokinin B receptor,IC50,CCCC[C@H](NC(=O)[C@H](Cc1c[nH]c2ccccc12)NC(=O)CNC(=O)[C@H](CC(C)C)NC(=O)[C@H](Cc1ccc(OS(=O)(=O)O)cc1)NC(=O)[C@H](CC(=O)O)NC(=O)COCCOCCNC(=O)COCCOCCNC(=O)CC[C@H](NC(=O)CCCCCCCCCCCCCCCCC(=O)O)C(=O)O)C(=O)N[C@@H](CC(=O)O)C(=O)N(C)[C@@H](Cc1ccccc1)C(N)=O,9.540004743952608
CHEMBL4563364,CHEMBL298,Cholecystokinin B receptor,IC50,=,0.09333,nM,CHEMBL4370031,B,Displacement of [125I]-CCK-8 from human CCK2R expressed in human 1321N1 cell membranes after 2 hrs by SPA assay,CHEMBL4368907,P32239,Cholecystokinin B receptor,IC50,CCCC[C@H](NC(=O)[C@H](Cc1ccc(OS(=O)(=O)O)cc1)NC(=O)[C@H](CC(=O)O)NC(=O)COCCOCCNC(=O)COCCOCCNC(=O)CC[C@H](NC(=O)CCCCCCCCCCCCCCCCC(=O)O)C(=O)O)C(=O)NCC(=O)N[C@@H](Cc1c[nH]c2ccccc12)C(=O)N[C@@H](CCCC)C(=O)N[C@@H](CC(=O)O)C(=O)N[C@@H](Cc1cccc2ccccc12)C(N)=O,10.029978734171634
CHEMBL4568746,CHEMBL298,Cholecystokinin B receptor,IC50,=,114.82,nM,CHEMBL4370031,B,Displacement of [125I]-CCK-8 from human CCK2R expressed in human 1321N1 cell membranes after 2 hrs by SPA assay,CHEMBL4368907,P32239,Cholecystokinin B receptor,IC50,CCCC[C@H](NC(=O)[C@H](Cc1ccc(OS(=O)(=O)O)cc1)NC(=O)[C@H](CC(=O)O)NC(=O)COCCOCCNC(=O)COCCOCCNC(=O)CC[C@H](NC(=O)CCCCCCCCCCCCCCCCC(=O)O)C(=O)O)C(=O)NCC(=O)N[C@@H](Cc1c[nH]c2ccccc12)C(=O)N[C@@H](CCCC)C(=O)N(C)[C@@H](CC(=O)O)C(=O)N[C@@H](Cc1cccc2ccccc12)C(N)=O,6.9399824574684
CHEMBL4585323,CHEMBL298,Cholecystokinin B receptor,IC50,=,2041.74,nM,CHEMBL4370031,B,Displacement of [125I]-CCK-8 from human CCK2R expressed in human 1321N1 cell membranes after 2 hrs by SPA assay,CHEMBL4368907,P32239,Cholecystokinin B receptor,IC50,CCCC[C@H](NC(=O)[C@H](Cc1c[nH]c2ccccc12)NC(=O)CNC(=O)[C@H](CC(C)C)NC(=O)[C@H](Cc1ccc(OS(=O)(=O)O)cc1)NC(=O)[C@H](CC(=O)O)NC(=O)COCCOCCNC(=O)COCCOCCNC(=O)CC[C@H](NC(=O)CCCCCCCCCCCCCCCCC(=O)O)C(=O)O)C(=O)N(C)[C@H](CC(=O)O)C(=O)N(C)[C@@H](Cc1cccc2ccccc12)C(N)=O,5.689999562814496
CHEMBL4441596,CHEMBL298,Cholecystokinin B receptor,IC50,=,1000.0,nM,CHEMBL4370031,B,Displacement of [125I]-CCK-8 from human CCK2R expressed in human 1321N1 cell membranes after 2 hrs by SPA assay,CHEMBL4368907,P32239,Cholecystokinin B receptor,IC50,CCCC[C@H](NC(=O)[C@H](Cc1ccc(OS(=O)(=O)O)cc1)NC(=O)[C@H](CC(=O)O)NC(=O)COCCOCCNC(=O)COCCOCCNC(=O)CC[C@H](NC(=O)CCCCCCCCCCCCCCCCC(=O)O)C(=O)O)C(=O)NCC(=O)N[C@@H](Cc1c[nH]c2ccccc12)C(=O)N[C@@H](CCCC)C(=O)N(C)[C@H](CC(=O)O)C(=O)N[C@@H](Cc1cccc2ccccc12)C(N)=O,6.0
CHEMBL4445529,CHEMBL298,Cholecystokinin B receptor,IC50,=,602.56,nM,CHEMBL4370031,B,Displacement of [125I]-CCK-8 from human CCK2R expressed in human 1321N1 cell membranes after 2 hrs by SPA assay,CHEMBL4368907,P32239,Cholecystokinin B receptor,IC50,CCCC[C@H](NC(=O)[C@H](Cc1c[nH]c2ccccc12)NC(=O)CNC(=O)[C@H](CC(C)C)NC(=O)[C@H](Cc1ccc(OS(=O)(=O)O)cc1)NC(=O)[C@H](CC(=O)O)NC(=O)COCCOCCNC(=O)COCCOCCNC(=O)CC[C@H](NC(=O)CCCCCCCCCCCCCCCCC(=O)O)C(=O)O)C(=O)N(C)[C@@H](CC(=O)O)C(=O)N(C)[C@@H](Cc1cccc2ccccc12)C(N)=O,6.219999701663429
CHEMBL4534236,CHEMBL298,Cholecystokinin B receptor,IC50,=,0.1318,nM,CHEMBL4370031,B,Displacement of [125I]-CCK-8 from human CCK2R expressed in human 1321N1 cell membranes after 2 hrs by SPA assay,CHEMBL4368907,P32239,Cholecystokinin B receptor,IC50,CCCC[C@H](NC(=O)[C@H](Cc1ccc(OS(=O)(=O)O)cc1)NC(=O)[C@H](CC(=O)O)NC(=O)COCCOCCNC(=O)COCCOCCNC(=O)CC[C@H](NC(=O)CCCCCCCCCCCCCCCCC(=O)O)C(=O)O)C(=O)NCC(=O)N[C@@H](Cc1c[nH]c2ccccc12)C(=O)N[C@@H](CCCC)C(=O)N[C@@H](CC(=O)O)C(=O)N[C@@H](Cc1c[nH]c2ccccc12)C(N)=O,9.880084589742008
CHEMBL4522865,CHEMBL298,Cholecystokinin B receptor,IC50,=,0.1318,nM,CHEMBL4370031,B,Displacement of [125I]-CCK-8 from human CCK2R expressed in human 1321N1 cell membranes after 2 hrs by SPA assay,CHEMBL4368907,P32239,Cholecystokinin B receptor,IC50,CCCC[C@H](NC(=O)[C@H](Cc1ccc(OS(=O)(=O)O)cc1)NC(=O)[C@H](CC(=O)O)NC(=O)COCCOCCNC(=O)COCCOCCNC(=O)CC[C@H](NC(=O)CCCCCCCCCCCCCCCCC(=O)O)C(=O)O)C(=O)NCC(=O)N[C@@H](Cc1c[nH]c2ccccc12)C(=O)N[C@@H](CCCC)C(=O)N[C@@H](CC(=O)O)C(=O)N[C@@H](Cc1ccc(O)cc1)C(N)=O,9.880084589742008
CHEMBL2369816,CHEMBL298,Cholecystokinin B receptor,IC50,=,3019.95,nM,CHEMBL4370031,B,Displacement of [125I]-CCK-8 from human CCK2R expressed in human 1321N1 cell membranes after 2 hrs by SPA assay,CHEMBL4368907,P32239,Cholecystokinin B receptor,IC50,CCCC[C@H](NC(=O)Cc1ccc(O)cc1)C(=O)NCC(=O)N[C@@H](Cc1c[nH]c2ccccc12)C(=O)N[C@@H](CCCC)C(=O)N(C)[C@@H](CC(=O)O)C(=O)N[C@@H](Cc1ccccc1)C(N)=O,5.520000247408364
CHEMBL4795913,CHEMBL298,Cholecystokinin B receptor,IC50,=,1.4,nM,CHEMBL4677903,B,"Displacement of [125I][3-iodo Tyr12,Leu15]gastrin-I from human CCK2R expressed in human A431 cells measured after 1 hr by gamma counter analysis",CHEMBL4673314,P32239,Cholecystokinin B receptor,IC50,CCCC[C@@H](C(=O)N[C@@H](CC(=O)O)C(=O)N[C@@H](Cc1cccc2ccccc12)C(N)=O)N(C)C(=O)[C@H](Cc1c[nH]c2ccccc12)NC(=O)CNC(=O)[C@H](Cc1ccc(O)cc1)NC(=O)[C@@H]1CCCN1C(=O)[C@@H](CCC(=O)O)NC(=O)CN1CCN(CC(=O)O)CCN(CC(=O)O)CCN(CC(=O)O)CC1,8.853871964321762
CHEMBL4759105,CHEMBL298,Cholecystokinin B receptor,IC50,=,0.6,nM,CHEMBL4677903,B,"Displacement of [125I][3-iodo Tyr12,Leu15]gastrin-I from human CCK2R expressed in human A431 cells measured after 1 hr by gamma counter analysis",CHEMBL4673314,P32239,Cholecystokinin B receptor,IC50,CCCC[C@@H](C(=O)N[C@@H](CC(=O)O)C(=O)N[C@@H](Cc1cccc2ccccc12)C(N)=O)N(C)C(=O)[C@H](Cc1c[nH]c2ccccc12)NC(=O)CNC(=O)[C@@H]1CCCN1C(=O)[C@H](Cc1ccc(O)cc1)NC(=O)[C@@H](CCC(=O)O)NC(=O)CN1CCN(CC(=O)O)CCN(CC(=O)O)CCN(CC(=O)O)CC1,9.221848749616356
CHEMBL4758706,CHEMBL298,Cholecystokinin B receptor,IC50,=,1.3,nM,CHEMBL4677903,B,"Displacement of [125I][3-iodo Tyr12,Leu15]gastrin-I from human CCK2R expressed in human A431 cells measured after 1 hr by gamma counter analysis",CHEMBL4673314,P32239,Cholecystokinin B receptor,IC50,CCCC[C@@H](C(=O)N[C@@H](CC(=O)O)C(=O)N[C@@H](Cc1cccc2ccccc12)C(N)=O)N(C)C(=O)[C@H](Cc1c[nH]c2ccccc12)NC(=O)[C@@H]1CCCN1C(=O)[C@H](Cc1ccc(O)cc1)NC(=O)[C@H](C)NC(=O)[C@@H](CCC(=O)O)NC(=O)CN1CCN(CC(=O)O)CCN(CC(=O)O)CCN(CC(=O)O)CC1,8.886056647693163
CHEMBL1328,CHEMBL298,Cholecystokinin B receptor,IC50,=,1.0,nM,CHEMBL4677903,B,"Displacement of [125I][3-iodo Tyr12,Leu15]gastrin-I from human CCK2R expressed in human A431 cells measured after 1 hr by gamma counter analysis",CHEMBL4673314,P32239,Cholecystokinin B receptor,IC50,CSCC[C@H](NC(=O)[C@H](Cc1c[nH]c2ccccc12)NC(=O)CCNC(=O)OC(C)(C)C)C(=O)N[C@@H](CC(=O)O)C(=O)N[C@@H](Cc1ccccc1)C(N)=O,9.0
CHEMBL4761587,CHEMBL298,Cholecystokinin B receptor,IC50,=,0.4,nM,CHEMBL4677903,B,"Displacement of [125I][3-iodo Tyr12,Leu15]gastrin-I from human CCK2R expressed in human A431 cells measured after 1 hr by gamma counter analysis",CHEMBL4673314,P32239,Cholecystokinin B receptor,IC50,CCCC[C@@H](C(=O)N[C@@H](CC(=O)O)C(=O)N[C@@H](Cc1cccc2ccccc12)C(N)=O)N(C)C(=O)[C@H](Cc1c[nH]c2ccccc12)NC(=O)CNC(=O)[C@H](Cc1ccc(O)cc1)NC(=O)[C@H](C)NC(=O)[C@@H](CCC(=O)O)NC(=O)CN1CCN(CC(=O)O)CCN(CC(=O)O)CCN(CC(=O)O)CC1,9.397940008672037
CHEMBL4795198,CHEMBL298,Cholecystokinin B receptor,IC50,=,0.9,nM,CHEMBL4677903,B,"Displacement of [125I][3-iodo Tyr12,Leu15]gastrin-I from human CCK2R expressed in human A431 cells measured after 1 hr by gamma counter analysis",CHEMBL4673314,P32239,Cholecystokinin B receptor,IC50,CSCC[C@H](NC(=O)[C@H](Cc1c[nH]c2ccccc12)NC(=O)CNC(=O)[C@H](Cc1ccc(O)cc1)NC(=O)[C@H](C)NC(=O)[C@@H](CCC(=O)O)NC(=O)CN1CCN(CC(=O)O)CCN(CC(=O)O)CCN(CC(=O)O)CC1)C(=O)N[C@@H](CC(=O)O)C(=O)N[C@@H](Cc1ccccc1)C(N)=O,9.045757490560675
CHEMBL317181,CHEMBL298,Cholecystokinin B receptor,IC50,=,831.76,nM,CHEMBL4687750,B,Displacement of [125I]Bolton-Hunter CCK8 from human Cholecystokinin B receptor expressed in CHO-K1 cells by competitive radioligand binding assay,CHEMBL4680279,P32239,Cholecystokinin B receptor,IC50,CC(C)N(C(=O)CN1C(=O)C(CC(=O)Nc2ccccc2)C(=O)N(c2ccccc2)c2ccccc21)c1ccccc1,6.0800019690359814
CHEMBL88239,CHEMBL298,Cholecystokinin B receptor,IC50,=,8317.64,nM,CHEMBL4687750,B,Displacement of [125I]Bolton-Hunter CCK8 from human Cholecystokinin B receptor expressed in CHO-K1 cells by competitive radioligand binding assay,CHEMBL4680279,P32239,Cholecystokinin B receptor,IC50,CC(C)N(C(=O)CN1C(=O)C(C)(CC(=O)Nc2ccccc2)C(=O)N(c2ccccc2)c2ccccc21)c1ccccc1,5.079999880484295
CHEMBL432015,CHEMBL298,Cholecystokinin B receptor,IC50,=,281.84,nM,CHEMBL4687750,B,Displacement of [125I]Bolton-Hunter CCK8 from human Cholecystokinin B receptor expressed in CHO-K1 cells by competitive radioligand binding assay,CHEMBL4680279,P32239,Cholecystokinin B receptor,IC50,CC(C)N(C(=O)CN1C(=O)C(C)(NC(=O)Nc2ccccc2)C(=O)N(c2ccccc2)c2ccccc21)c1ccccc1,6.549997369826814
CHEMBL5273681,CHEMBL298,Cholecystokinin B receptor,IC50,=,2.54,nM,CHEMBL5241823,B,Binding affinity to human CCK2R expressed in human A-431 cells,CHEMBL5241078,P32239,Cholecystokinin B receptor,IC50,CSCCC[C@@H](NC(=O)[C@H](Cc1c[nH]c2ccccc12)NC(=O)[C@H]1CCCCNC(=O)[C@H](NC(=O)c2ccc(NN)nc2)CCC(=O)N[C@@H](C)C(=O)N[C@@H](Cc2ccc(O)cc2)C(=O)N1)C(=O)N[C@@H](CC(=O)O)C(=O)N[C@@H](Cc1ccccc1)C(N)=O,8.595166283380062
CHEMBL5288951,CHEMBL298,Cholecystokinin B receptor,IC50,=,3.23,nM,CHEMBL5241823,B,Binding affinity to human CCK2R expressed in human A-431 cells,CHEMBL5241078,P32239,Cholecystokinin B receptor,IC50,CCCCC[C@@H](NC(=O)[C@H](Cc1c[nH]c2ccccc12)NC(=O)[C@H]1CCCCNC(=O)[C@H](NC(=O)c2ccc(NN)nc2)CCC(=O)N[C@@H](C)C(=O)N[C@@H](Cc2ccc(O)cc2)C(=O)N1)C(=O)N[C@@H](CC(=O)O)C(=O)N[C@@H](Cc1ccccc1)C(N)=O,8.490797477668897
CHEMBL3143010,CHEMBL298,Cholecystokinin B receptor,EC50,=,130.0,nM,CHEMBL680905,B,Tested for the 50% inhibition level against [125I]- gastrin binding to guinea pig gastric glands,CHEMBL1127393,P32239,Cholecystokinin B receptor,EC50,CSCC[C@H](NC(=O)[C@H](Cc1c[nH]c2ccccc12)NC(=O)CCC(=O)N(Cc1ccccc1)N=NCCCl)C(=O)N[C@@H](CC(=O)O)C(=O)N[C@@H](Cc1ccccc1)C(N)=O,6.886056647693163
CHEMBL3143011,CHEMBL298,Cholecystokinin B receptor,EC50,=,80.0,nM,CHEMBL680905,B,Tested for the 50% inhibition level against [125I]- gastrin binding to guinea pig gastric glands,CHEMBL1127393,P32239,Cholecystokinin B receptor,EC50,CSCC[C@H](NC(=O)[C@H](Cc1c[nH]c2ccccc12)NC(=O)[C@H](C)NC(=O)CCC(=O)N(Cc1ccccc1)N=NCCCl)C(=O)N[C@@H](CC(=O)O)C(=O)N[C@@H](Cc1ccccc1)C(N)=O,7.096910013008056
CHEMBL319438,CHEMBL298,Cholecystokinin B receptor,EC50,=,501.19,nM,CHEMBL661436,B,Compound was evaluated for the [Ca2+] mobilization in stably transfected CHO-K1 cell lines expressing human Cholecystokinin type B receptor,CHEMBL1128527,P32239,Cholecystokinin B receptor,EC50,CC(=O)N[C@@H](Cc1c[nH]c2ccccc12)C(=O)N[C@@H](CCCCNC(=O)Nc1ccccc1C)C(=O)N[C@@H](CC(=O)O)C(=O)N(C)[C@@H](Cc1ccccc1)C(N)=O,6.299997602857746
CHEMBL1121,CHEMBL298,Cholecystokinin B receptor,EC50,=,0.05012,nM,CHEMBL661437,B,Compound was evaluated for the [Ca2+] mobilization innstably transfected CHO-K1 cell lines expressing human Cholecystokinin type B receptor,CHEMBL1128527,P32239,Cholecystokinin B receptor,EC50,CSCC[C@H](NC(=O)[C@H](Cc1ccc(OS(=O)(=O)O)cc1)NC(=O)[C@@H](N)CC(=O)O)C(=O)NCC(=O)N[C@@H](Cc1c[nH]c2ccccc12)C(=O)N[C@@H](CCSC)C(=O)N[C@@H](CC(=O)O)C(=O)N[C@@H](Cc1ccccc1)C(N)=O,10.299988937677888
CHEMBL432256,CHEMBL298,Cholecystokinin B receptor,EC50,=,2511.89,nM,CHEMBL661437,B,Compound was evaluated for the [Ca2+] mobilization innstably transfected CHO-K1 cell lines expressing human Cholecystokinin type B receptor,CHEMBL1128527,P32239,Cholecystokinin B receptor,EC50,Cc1ccccc1NC(=O)NCCCC[C@H](CNC(=O)[C@@](C)(Cc1c[nH]c2ccccc12)NC(=O)OC1C2CC3CC(C2)CC1C3)NC(=O)CCC(=O)O,5.59999938302362
CHEMBL1121,CHEMBL298,Cholecystokinin B receptor,EC50,=,0.093,nM,CHEMBL972065,B,Displacement of [125I]CCK-8 from CCK2 receptor in human FGS7 Jurkat cells,CHEMBL1157299,P32239,Cholecystokinin B receptor,EC50,CSCC[C@H](NC(=O)[C@H](Cc1ccc(OS(=O)(=O)O)cc1)NC(=O)[C@@H](N)CC(=O)O)C(=O)NCC(=O)N[C@@H](Cc1c[nH]c2ccccc12)C(=O)N[C@@H](CCSC)C(=O)N[C@@H](CC(=O)O)C(=O)N[C@@H](Cc1ccccc1)C(N)=O,10.031517051446064
CHEMBL4783736,CHEMBL298,Cholecystokinin B receptor,EC50,=,8.3,nM,CHEMBL4704640,B,Agonist activity at human CCK-2R expressed in HEK293 cells assessed as stimulation of ERK phosphorylation incubated for 5 mins,CHEMBL4699602,P32239,Cholecystokinin B receptor,EC50,CC[C@H](C)[C@H](NC(=O)[C@H](CC(C)C)NC(=O)[C@H](Cc1c[nH]c2ccccc12)NC(=O)[C@H](CCC(=O)O)NC(=O)[C@@H](NC(=O)[C@H](Cc1ccccc1)NC(=O)[C@H](CS)NC(=O)[C@H](CCCCN)NC(=O)[C@H](C)NC(=O)[C@H](C)NC(=O)[C@H](CCC(=O)O)NC(=O)[C@H](CCC(=O)O)NC(=O)[C@H](CCC(=O)O)NC(=O)[C@H](CS)NC(=O)[C@H](Cc1ccc(O)cc1)NC(=O)[C@H](CCC(=O)O)NC(=O)[C@@H](NC(=O)[C@@H](NC(=O)[C@H](CC(=O)O)NC(=O)[C@H](CC(N)=O)NC(=O)[C@@H](NC(=O)[C@H](Cc1ccc(O)cc1)NC(=O)[C@@H](NC(=O)CNC(=O)[C@H](CCC(=O)O)NC(=O)C(C)(C)NC(=O)[C@@H](N)Cc1c[nH]cn1)[C@@H](C)O)[C@@H](C)O)C(C)C)[C@@H](C)O)[C@@H](C)CC)C(=O)N[C@@H](CCCCN)C(=O)NCC(=O)N[C@@H](CCCCN)C(=O)N1CCC[C@H]1C(=O)N[C@@H](CO)C(=O)N[C@@H](CO)C(=O)NCC(=O)N[C@@H](C)C(=O)N1CCC[C@H]1C(=O)N1CCC[C@H]1C(=O)N1CCC[C@H]1C(=O)N[C@@H](CO)C(=O)NCCOCCOCC(=O)NCCOCCOCC(=O)N[C@@H](Cc1ccc(O)cc1)C(=O)NCC(=O)N[C@@H](Cc1c[nH]c2ccccc12)C(=O)N[C@@H](CC(C)C)C(=O)N[C@@H](CC(=O)O)C(=O)N[C@@H](Cc1ccccc1)C(N)=O,8.080921907623926
CHEMBL4799182,CHEMBL298,Cholecystokinin B receptor,EC50,=,9.4,nM,CHEMBL4704640,B,Agonist activity at human CCK-2R expressed in HEK293 cells assessed as stimulation of ERK phosphorylation incubated for 5 mins,CHEMBL4699602,P32239,Cholecystokinin B receptor,EC50,CC[C@H](C)[C@H](NC(=O)[C@H](CC(C)C)NC(=O)[C@H](Cc1c[nH]c2ccccc12)NC(=O)[C@H](CCC(=O)O)NC(=O)[C@@H](NC(=O)[C@H](Cc1ccccc1)NC(=O)[C@H](CS)NC(=O)[C@H](CCCCN)NC(=O)[C@H](C)NC(=O)[C@H](C)NC(=O)[C@H](CCC(=O)O)NC(=O)[C@H](CCC(=O)O)NC(=O)[C@H](CCC(=O)O)NC(=O)[C@H](CC(C)C)NC(=O)[C@H](Cc1ccc(O)cc1)NC(=O)[C@H](CCC(=O)O)NC(=O)[C@@H](NC(=O)[C@@H](NC(=O)[C@H](CC(=O)O)NC(=O)[C@H](CC(N)=O)NC(=O)[C@@H](NC(=O)[C@H](Cc1ccc(O)cc1)NC(=O)[C@@H](NC(=O)CNC(=O)[C@H](CCC(=O)O)NC(=O)C(C)(C)NC(=O)[C@@H](N)Cc1c[nH]cn1)[C@@H](C)O)[C@@H](C)O)C(C)C)[C@@H](C)O)[C@@H](C)CC)C(=O)N[C@@H](CS)C(=O)NCC(=O)N[C@@H](CCCCN)C(=O)N1CCC[C@H]1C(=O)N[C@@H](CO)C(=O)N[C@@H](CO)C(=O)NCC(=O)N[C@@H](C)C(=O)N1CCC[C@H]1C(=O)N1CCC[C@H]1C(=O)N1CCC[C@H]1C(=O)N[C@@H](CO)C(=O)NCCOCCOCC(=O)NCCOCCOCC(=O)N[C@@H](Cc1ccc(O)cc1)C(=O)NCC(=O)N[C@@H](Cc1c[nH]c2ccccc12)C(=O)N[C@@H](CC(C)C)C(=O)N[C@@H](CC(=O)O)C(=O)N[C@@H](Cc1ccccc1)C(N)=O,8.0268721464003
CHEMBL4780789,CHEMBL298,Cholecystokinin B receptor,EC50,=,7.6,nM,CHEMBL4704640,B,Agonist activity at human CCK-2R expressed in HEK293 cells assessed as stimulation of ERK phosphorylation incubated for 5 mins,CHEMBL4699602,P32239,Cholecystokinin B receptor,EC50,CC[C@H](C)[C@H](NC(=O)[C@H](CC(C)C)NC(=O)[C@H](Cc1c[nH]c2ccccc12)NC(=O)[C@H](CCC(=O)O)NC(=O)[C@@H](NC(=O)[C@H](Cc1ccccc1)NC(=O)[C@H](CS)NC(=O)[C@H](CCCCN)NC(=O)[C@H](C)NC(=O)[C@H](C)NC(=O)[C@H](CCC(=O)O)NC(=O)[C@H](CCC(=O)O)NC(=O)[C@H](CCC(=O)O)NC(=O)[C@H](CS)NC(=O)[C@H](Cc1ccc(O)cc1)NC(=O)[C@H](CCC(=O)O)NC(=O)[C@@H](NC(=O)[C@@H](NC(=O)[C@H](CC(=O)O)NC(=O)[C@H](CC(N)=O)NC(=O)[C@@H](NC(=O)[C@H](Cc1ccc(O)cc1)NC(=O)[C@@H](NC(=O)CNC(=O)[C@H](CCC(=O)O)NC(=O)C(C)(C)NC(=O)[C@@H](N)Cc1c[nH]cn1)[C@@H](C)O)[C@@H](C)O)C(C)C)[C@@H](C)O)[C@@H](C)CC)C(=O)N[C@@H](CCCCN)C(=O)NCC(=O)N[C@@H](CCCCN)C(=O)N1CCC[C@H]1C(=O)N[C@@H](CO)C(=O)N[C@@H](CO)C(=O)NCC(=O)N[C@@H](C)C(=O)N1CCC[C@H]1C(=O)N1CCC[C@H]1C(=O)N1CCC[C@H]1C(=O)N[C@@H](CO)C(=O)NCCOCCOCC(=O)NCCOCCOCC(=O)N[C@@H](Cc1ccc(OS(=O)(=O)O)cc1)C(=O)NCC(=O)N[C@@H](Cc1c[nH]c2ccccc12)C(=O)N[C@@H](CCSC)C(=O)N[C@@H](CC(=O)O)C(=O)N[C@@H](Cc1ccccc1)C(N)=O,8.119186407719209
CHEMBL4784851,CHEMBL298,Cholecystokinin B receptor,EC50,=,8.2,nM,CHEMBL4704640,B,Agonist activity at human CCK-2R expressed in HEK293 cells assessed as stimulation of ERK phosphorylation incubated for 5 mins,CHEMBL4699602,P32239,Cholecystokinin B receptor,EC50,CC[C@H](C)[C@H](NC(=O)[C@H](CC(C)C)NC(=O)[C@H](Cc1c[nH]c2ccccc12)NC(=O)[C@H](CCC(=O)O)NC(=O)[C@@H](NC(=O)[C@H](Cc1ccccc1)NC(=O)[C@H](CS)NC(=O)[C@H](CCCCN)NC(=O)[C@H](C)NC(=O)[C@H](C)NC(=O)[C@H](CCC(=O)O)NC(=O)[C@H](CCC(=O)O)NC(=O)[C@H](CCC(=O)O)NC(=O)[C@H](CC(C)C)NC(=O)[C@H](Cc1ccc(O)cc1)NC(=O)[C@H](CCC(=O)O)NC(=O)[C@@H](NC(=O)[C@@H](NC(=O)[C@H](CC(=O)O)NC(=O)[C@H](CC(N)=O)NC(=O)[C@@H](NC(=O)[C@H](Cc1ccc(O)cc1)NC(=O)[C@@H](NC(=O)CNC(=O)[C@H](CCC(=O)O)NC(=O)C(C)(C)NC(=O)[C@@H](N)Cc1c[nH]cn1)[C@@H](C)O)[C@@H](C)O)C(C)C)[C@@H](C)O)[C@@H](C)CC)C(=O)N[C@@H](CS)C(=O)NCC(=O)N[C@@H](CCCCN)C(=O)N1CCC[C@H]1C(=O)N[C@@H](CO)C(=O)N[C@@H](CO)C(=O)NCC(=O)N[C@@H](C)C(=O)N1CCC[C@H]1C(=O)N1CCC[C@H]1C(=O)N1CCC[C@H]1C(=O)N[C@@H](CO)C(=O)NCCOCCOCC(=O)NCCOCCOCC(=O)N[C@@H](Cc1ccc(OS(=O)(=O)O)cc1)C(=O)NCC(=O)N[C@@H](Cc1c[nH]c2ccccc12)C(=O)N[C@@H](CCSC)C(=O)N[C@@H](CC(=O)O)C(=O)N[C@@H](Cc1ccccc1)C(N)=O,8.086186147616283
CHEMBL4788440,CHEMBL298,Cholecystokinin B receptor,EC50,=,7.3,nM,CHEMBL4704640,B,Agonist activity at human CCK-2R expressed in HEK293 cells assessed as stimulation of ERK phosphorylation incubated for 5 mins,CHEMBL4699602,P32239,Cholecystokinin B receptor,EC50,CCCCCCCCCCCCCCCC(=O)NCCCCCCNC(=O)C1CCCCNC(=O)CCN2C(=O)CC(SC[C@H](NC(=O)[C@H](Cc3ccc(O)cc3)NC(=O)[C@H](CCC(=O)O)NC(=O)[C@@H](NC(=O)[C@@H](NC(=O)[C@H](CC(=O)O)NC(=O)[C@H](CC(N)=O)NC(=O)[C@@H](NC(=O)[C@H](Cc3ccc(O)cc3)NC(=O)[C@@H](NC(=O)CNC(=O)[C@H](CCC(=O)O)NC(=O)C(C)(C)NC(=O)[C@@H](N)Cc3c[nH]cn3)[C@@H](C)O)[C@@H](C)O)C(C)C)[C@@H](C)O)C(=O)N[C@@H](CCC(=O)O)C(=O)N[C@@H](CCC(=O)O)C(=O)N[C@@H](CCC(=O)O)C(=O)N[C@@H](C)C(=O)N[C@@H](C)C(=O)N[C@@H](CCCCN)C(=O)N[C@H](C(=O)N[C@@H](Cc3ccccc3)C(=O)N[C@H](C(=O)N[C@@H](CCC(=O)O)C(=O)N[C@@H](Cc3c[nH]c4ccccc34)C(=O)N[C@@H](CC(C)C)C(=O)N[C@H](C(=O)N[C@@H](CCCCN)C(=O)NCC(=O)N[C@@H](CCCCN)C(=O)N3CCC[C@H]3C(=O)N[C@@H](CO)C(=O)N[C@@H](CO)C(=O)NCC(=O)N[C@@H](C)C(=O)N3CCC[C@H]3C(=O)N3CCC[C@H]3C(=O)N3CCC[C@H]3C(=O)N[C@@H](CO)C(=O)NCCOCCOCC(=O)NCCOCCOCC(=O)N[C@@H](Cc3ccc(O)cc3)C(=O)NCC(=O)N[C@@H](Cc3c[nH]c4ccccc34)C(=O)N[C@@H](CC(C)C)C(=O)N[C@@H](CC(=O)O)C(=O)N[C@@H](Cc3ccccc3)C(N)=O)[C@@H](C)CC)[C@@H](C)CC)CSC3CC(=O)N(CCC(=O)N1)C3=O)C2=O,8.136677139879545
CHEMBL4795718,CHEMBL298,Cholecystokinin B receptor,EC50,=,8.8,nM,CHEMBL4704640,B,Agonist activity at human CCK-2R expressed in HEK293 cells assessed as stimulation of ERK phosphorylation incubated for 5 mins,CHEMBL4699602,P32239,Cholecystokinin B receptor,EC50,CCCCCCCCCCCCCCCC(=O)NCCCCCCNC(=O)C1CCCCNC(=O)CCN2C(=O)CC(SC[C@H](NC(=O)[C@H](CCCCN)NC(=O)[C@H](C)NC(=O)[C@H](C)NC(=O)[C@H](CCC(=O)O)NC(=O)[C@H](CCC(=O)O)NC(=O)[C@H](CCC(=O)O)NC(=O)[C@H](CC(C)C)NC(=O)[C@H](Cc3ccc(O)cc3)NC(=O)[C@H](CCC(=O)O)NC(=O)[C@@H](NC(=O)[C@@H](NC(=O)[C@H](CC(=O)O)NC(=O)[C@H](CC(N)=O)NC(=O)[C@@H](NC(=O)[C@H](Cc3ccc(O)cc3)NC(=O)[C@@H](NC(=O)CNC(=O)[C@H](CCC(=O)O)NC(=O)C(C)(C)NC(=O)[C@@H](N)Cc3c[nH]cn3)[C@@H](C)O)[C@@H](C)O)C(C)C)[C@@H](C)O)C(=O)N[C@@H](Cc3ccccc3)C(=O)N[C@@H]([C@@H](C)CC)C(=O)N[C@@H](CCC(=O)O)C(=O)N[C@@H](Cc3c[nH]c4ccccc34)C(=O)N[C@@H](CC(C)C)C(=O)N[C@@H]([C@@H](C)CC)C(=O)N[C@H](C(=O)NCC(=O)N[C@@H](CCCCN)C(=O)N3CCC[C@H]3C(=O)N[C@@H](CO)C(=O)N[C@@H](CO)C(=O)NCC(=O)N[C@@H](C)C(=O)N3CCC[C@H]3C(=O)N3CCC[C@H]3C(=O)N3CCC[C@H]3C(=O)N[C@@H](CO)C(=O)NCCOCCOCC(=O)NCCOCCOCC(=O)N[C@@H](Cc3ccc(O)cc3)C(=O)NCC(=O)N[C@@H](Cc3c[nH]c4ccccc34)C(=O)N[C@@H](CC(C)C)C(=O)N[C@@H](CC(=O)O)C(=O)N[C@@H](Cc3ccccc3)C(N)=O)CSC3CC(=O)N(CCC(=O)N1)C3=O)C2=O,8.05551732784983
CHEMBL4764500,CHEMBL298,Cholecystokinin B receptor,EC50,=,15.2,nM,CHEMBL4704640,B,Agonist activity at human CCK-2R expressed in HEK293 cells assessed as stimulation of ERK phosphorylation incubated for 5 mins,CHEMBL4699602,P32239,Cholecystokinin B receptor,EC50,CC[C@H](C)[C@H](NC(=O)[C@H](CC(C)C)NC(=O)[C@H](Cc1c[nH]c2ccccc12)NC(=O)[C@H](CCC(=O)O)NC(=O)[C@@H](NC(=O)[C@H](Cc1ccccc1)NC(=O)[C@@H]1CSC2CC(=O)N(CCC(=O)NC(C(=O)NCCCCCCNC(=O)COCCOCCNC(=O)CCC(NC(=O)CCCCCCCCCCCCCCCCC(=O)O)C(=O)O)CCCCNC(=O)CCN3C(=O)CC(SC[C@H](NC(=O)[C@H](Cc4ccc(O)cc4)NC(=O)[C@H](CCC(=O)O)NC(=O)[C@@H](NC(=O)[C@@H](NC(=O)[C@H](CC(=O)O)NC(=O)[C@H](CC(N)=O)NC(=O)[C@@H](NC(=O)[C@H](Cc4ccc(O)cc4)NC(=O)[C@@H](NC(=O)CNC(=O)[C@H](CCC(=O)O)NC(=O)C(C)(C)NC(=O)[C@@H](N)Cc4c[nH]cn4)[C@@H](C)O)[C@@H](C)O)C(C)C)[C@@H](C)O)C(=O)N[C@@H](CCC(=O)O)C(=O)N[C@@H](CCC(=O)O)C(=O)N[C@@H](CCC(=O)O)C(=O)N[C@@H](C)C(=O)N[C@@H](C)C(=O)N[C@@H](CCCCN)C(=O)N1)C3=O)C2=O)[C@@H](C)CC)C(=O)N[C@@H](CCCCN)C(=O)NCC(=O)N[C@@H](CCCCN)C(=O)NCCOCCOCC(=O)NCCOCCOCC(=O)N[C@@H](Cc1ccc(O)cc1)C(=O)NCC(=O)N[C@@H](Cc1c[nH]c2ccccc12)C(=O)N[C@@H](CC(C)C)C(=O)N[C@@H](CC(=O)O)C(=O)N[C@@H](Cc1ccccc1)C(N)=O,7.818156412055227
CHEMBL4765166,CHEMBL298,Cholecystokinin B receptor,EC50,=,17.5,nM,CHEMBL4704640,B,Agonist activity at human CCK-2R expressed in HEK293 cells assessed as stimulation of ERK phosphorylation incubated for 5 mins,CHEMBL4699602,P32239,Cholecystokinin B receptor,EC50,CC[C@H](C)[C@@H]1NC(=O)[C@H](CC(C)C)NC(=O)[C@H](Cc2c[nH]c3ccccc23)NC(=O)[C@H](CCC(=O)O)NC(=O)[C@H]([C@@H](C)CC)NC(=O)[C@H](Cc2ccccc2)NC(=O)[C@@H](NC(=O)[C@H](CCCCN)NC(=O)[C@H](C)NC(=O)[C@H](C)NC(=O)[C@H](CCC(=O)O)NC(=O)[C@H](CCC(=O)O)NC(=O)[C@H](CCC(=O)O)NC(=O)[C@H](CC(C)C)NC(=O)[C@H](Cc2ccc(O)cc2)NC(=O)[C@H](CCC(=O)O)NC(=O)[C@@H](NC(=O)[C@@H](NC(=O)[C@H](CC(=O)O)NC(=O)[C@H](CC(N)=O)NC(=O)[C@@H](NC(=O)[C@H](Cc2ccc(O)cc2)NC(=O)[C@@H](NC(=O)CNC(=O)[C@H](CCC(=O)O)NC(=O)C(C)(C)NC(=O)[C@@H](N)Cc2c[nH]cn2)[C@@H](C)O)[C@@H](C)O)C(C)C)[C@@H](C)O)CSC2CC(=O)N(CCC(=O)NCCCCC(C(=O)NCCCCCCNC(=O)COCCOCCNC(=O)CCC(NC(=O)CCCCCCCCCCCCCCCCC(=O)O)C(=O)O)NC(=O)CCN3C(=O)CC(SC[C@@H](C(=O)NCC(=O)N[C@@H](CCCCN)C(=O)NCCOCCOCC(=O)NCCOCCOCC(=O)N[C@@H](Cc4ccc(O)cc4)C(=O)NCC(=O)N[C@@H](Cc4c[nH]c5ccccc45)C(=O)N[C@@H](CC(C)C)C(=O)N[C@@H](CC(=O)O)C(=O)N[C@@H](Cc4ccccc4)C(N)=O)NC1=O)C3=O)C2=O,7.756961951313706
CHEMBL4741697,CHEMBL298,Cholecystokinin B receptor,EC50,=,9.9,nM,CHEMBL4704640,B,Agonist activity at human CCK-2R expressed in HEK293 cells assessed as stimulation of ERK phosphorylation incubated for 5 mins,CHEMBL4699602,P32239,Cholecystokinin B receptor,EC50,CC[C@H](C)[C@H](NC(=O)[C@H](Cc1ccccc1)NC(=O)[C@H](CC(C)C)NC(=O)[C@H](CCCNC(=N)N)NC(=O)[C@@H](NC(=O)[C@H](C)NC(=O)[C@H](CCC(=O)O)NC(=O)[C@H](CCC(=O)O)NC(=O)[C@H](CCC(=O)O)NC(=O)[C@H](CCSC)NC(=O)[C@H](CCC(N)=O)NC(=O)[C@H](CCCCN)NC(=O)[C@H](CO)NC(=O)[C@H](CC(C)C)NC(=O)[C@H](CC(=O)O)NC(=O)[C@H](CO)NC(=O)[C@@H](NC(=O)[C@H](Cc1ccccc1)NC(=O)[C@@H](NC(=O)CNC(=O)[C@H](CCC(=O)O)NC(=O)CNC(=O)[C@@H](N)Cc1cnc[nH]1)[C@@H](C)O)[C@@H](C)O)C(C)C)C(=O)N[C@@H](CCC(=O)O)C(=O)N[C@@H](Cc1c[nH]c2ccccc12)C(=O)N[C@@H](CC(C)C)C(=O)N[C@@H](CCCCN)C(=O)N[C@@H](CC(N)=O)C(=O)NCCOCCOCC(=O)NCCOCCOCC(=O)N[C@@H](Cc1ccc(O)cc1)C(=O)NCC(=O)N[C@@H](Cc1c[nH]c2ccccc12)C(=O)N[C@@H](CC(C)C)C(=O)N[C@@H](CC(=O)O)C(=O)N[C@@H](Cc1ccccc1)C(N)=O,8.00436480540245
