molecule_chembl_id,target_chembl_id,target_pref_name,standard_type,standard_relation,standard_value,standard_units,assay_chembl_id,assay_type,assay_description,document_chembl_id,uniprot_id,target_pref_name,readout,smiles,pActivity
CHEMBL339053,CHEMBL4608,Melanocortin receptor 5,IC50,=,326.0,nM,CHEMBL715686,B,Evaluated for binding affinity against human melanocortin 5 (hMC5R) receptor by displacing [125I]NDP-alpha-MSH radioligand expressed in CHO cells,CHEMBL1135618,P33032,Melanocortin receptor 5,IC50,O=C(N[C@H](Cc1ccc(Cl)cc1)C(=O)N1CCC(Cn2cncn2)(C2CCCCC2)CC1)[C@H]1Cc2ccccc2CN1,6.486782399932061
CHEMBL441738,CHEMBL4608,Melanocortin receptor 5,IC50,=,0.86,nM,CHEMBL715684,B,Displacement of [125I]NDP-MSH from Melanocortin 5 receptor at 10 uM,CHEMBL1130083,P33032,Melanocortin receptor 5,IC50,CCCC[C@H](NC(=O)[C@H](CO)NC(=O)[C@H](Cc1ccc(O)cc1)NC(=O)[C@H](CO)NC(C)=O)C(=O)N[C@@H](CCC(=O)O)C(=O)N[C@@H](Cc1c[nH]cn1)C(=O)N[C@H](Cc1ccccc1)C(=O)N[C@@H](CCCNC(=N)N)C(=O)N[C@@H](Cc1c[nH]c2ccccc12)C(=O)NCC(=O)N[C@@H](CCCCN)C(=O)N1CCC[C@H]1C(=O)N[C@H](C(N)=O)C(C)C,9.065501548756432
CHEMBL263948,CHEMBL4608,Melanocortin receptor 5,IC50,=,557.0,nM,CHEMBL715684,B,Displacement of [125I]NDP-MSH from Melanocortin 5 receptor at 10 uM,CHEMBL1130083,P33032,Melanocortin receptor 5,IC50,CSCC[C@H](NC(=O)[C@H](CO)NC(=O)[C@H](Cc1ccc(O)cc1)NC(=O)[C@H](CO)NC(C)=O)C(=O)N[C@@H](CCC(=O)O)C(=O)N[C@@H](Cc1c[nH]cn1)C(=O)N[C@H](Cc1ccccc1)C(=O)N[C@@H](CCCN=C(N)N)C(=O)N[C@@H](Cc1c[nH]c2ccccc12)C(=O)NCC(=O)N[C@@H](CCCCN)C(=O)N1CCC[C@H]1C(=O)N[C@H](C(N)=O)C(C)C,6.2541448048262716
CHEMBL430239,CHEMBL4608,Melanocortin receptor 5,IC50,=,43.6,nM,CHEMBL715688,B,Inhibitory concentration against human Melanocortin 5 receptor (hMC5R),CHEMBL1130048,P33032,Melanocortin receptor 5,IC50,CCCC[C@H](NC(C)=O)C(=O)N[C@H]1CC(=O)NCCCC[C@@H](C(N)=O)NC(=O)[C@H](Cc2c[nH]c3ccccc23)NC(=O)[C@H](CCCNC(=N)N)NC(=O)[C@@H](Cc2ccccc2)NC(=O)[C@H](Cc2cnc[nH]2)NC1=O,7.360513510731414
CHEMBL2115441,CHEMBL4608,Melanocortin receptor 5,IC50,=,24.8,nM,CHEMBL715688,B,Inhibitory concentration against human Melanocortin 5 receptor (hMC5R),CHEMBL1130048,P33032,Melanocortin receptor 5,IC50,CCCC[C@H](NC(C)=O)C(=O)N[C@H]1CC(=O)NCCCC[C@@H](C(N)=O)NC(=O)[C@H](C)NC(=O)[C@H](Cc2c[nH]c3ccccc23)NC(=O)[C@H](CCCN=C(N)N)NC(=O)[C@@H](Cc2ccccc2)NC(=O)[C@H](Cc2c[nH]cn2)NC1=O,7.605548319173783
CHEMBL214332,CHEMBL4608,Melanocortin receptor 5,IC50,=,557.0,nM,CHEMBL715688,B,Inhibitory concentration against human Melanocortin 5 receptor (hMC5R),CHEMBL1130048,P33032,Melanocortin receptor 5,IC50,CSCC[C@H](NC(=O)[C@H](CO)NC(=O)[C@H](Cc1ccc(O)cc1)NC(=O)[C@H](CO)NC(C)=O)C(=O)N[C@@H](CCC(=O)O)C(=O)N[C@@H](Cc1c[nH]cn1)C(=O)N[C@@H](Cc1ccccc1)C(=O)N[C@@H](CCCNC(=N)N)C(=O)N[C@@H](Cc1c[nH]c2ccccc12)C(=O)NCC(=O)N[C@@H](CCCCN)C(=O)N1CCC[C@H]1C(=O)N[C@H](C(N)=O)C(C)C,6.2541448048262716
CHEMBL3350396,CHEMBL4608,Melanocortin receptor 5,IC50,=,141.0,nM,CHEMBL715688,B,Inhibitory concentration against human Melanocortin 5 receptor (hMC5R),CHEMBL1130048,P33032,Melanocortin receptor 5,IC50,CCCC[C@H](NC(C)=O)C(=O)N[C@H]1CC(=O)NCCCC[C@@H](C(N)=O)NC(=O)[C@H](C)NC(=O)[C@@H](Cc2c[nH]c3ccccc23)NC(=O)[C@H](CCCN=C(N)N)NC(=O)[C@H](Cc2ccccc2)NC(=O)[C@H](Cc2c[nH]cn2)NC1=O,6.85078088734462
CHEMBL441738,CHEMBL4608,Melanocortin receptor 5,IC50,=,0.86,nM,CHEMBL715688,B,Inhibitory concentration against human Melanocortin 5 receptor (hMC5R),CHEMBL1130048,P33032,Melanocortin receptor 5,IC50,CCCC[C@H](NC(=O)[C@H](CO)NC(=O)[C@H](Cc1ccc(O)cc1)NC(=O)[C@H](CO)NC(C)=O)C(=O)N[C@@H](CCC(=O)O)C(=O)N[C@@H](Cc1c[nH]cn1)C(=O)N[C@H](Cc1ccccc1)C(=O)N[C@@H](CCCNC(=N)N)C(=O)N[C@@H](Cc1c[nH]c2ccccc12)C(=O)NCC(=O)N[C@@H](CCCCN)C(=O)N1CCC[C@H]1C(=O)N[C@H](C(N)=O)C(C)C,9.065501548756432
CHEMBL2111807,CHEMBL4608,Melanocortin receptor 5,IC50,=,180.0,nM,CHEMBL715687,B,Inhibition of human melanocortin 5 receptor,CHEMBL1145056,P33032,Melanocortin receptor 5,IC50,CC(=O)[C@@H]1CSSC[C@@H](C(=O)N2CCC[C@H]2C(=O)CN2CCC[C@H]2C(=O)CN[C@@H](CCCCN)C(=O)CN[C@@H](CC(=O)O)C(N)=O)NC(=O)[C@@H](Cc2c[nH]c3ccccc23)NC(=O)[C@H](CCCN=C(N)N)NC(=O)[C@H](Cc2ccc3ccccc3c2)NC(=O)[C@H](Cc2c[nH]cn2)NC(=O)[C@@H](CCC(=O)O)NC1=O,6.7447274948966935
CHEMBL2112603,CHEMBL4608,Melanocortin receptor 5,IC50,=,26000.0,nM,CHEMBL715687,B,Inhibition of human melanocortin 5 receptor,CHEMBL1145056,P33032,Melanocortin receptor 5,IC50,CC(=O)[C@H]1CSSC[C@H](C(=O)N2CCC[C@H]2C(=O)CN2CCC[C@H]2C(=O)CN[C@@H](CCCCN)C(=O)CN[C@@H](CC(=O)O)C(N)=O)NC(=O)[C@@H](Cc2c[nH]c3ccccc23)NC(=O)[C@H](CCCN=C(N)N)NC(=O)[C@H](Cc2ccc3ccccc3c2)NC(=O)[C@H](Cc2c[nH]cn2)NC(=O)[C@@H](CCC(=O)O)NC1=O,4.585026652029182
CHEMBL408336,CHEMBL4608,Melanocortin receptor 5,IC50,=,15000.0,nM,CHEMBL715687,B,Inhibition of human melanocortin 5 receptor,CHEMBL1145056,P33032,Melanocortin receptor 5,IC50,CC(=O)C1CSSCC(C(=O)N2CCC[C@H]2C(=O)CN2CCC[C@H]2C(=O)CN[C@@H](CCCCN)C(=O)CN[C@@H](CC(=O)O)C(N)=O)NC(=O)[C@@H](Cc2c[nH]c3ccccc23)NC(=O)[C@H](CCCN=C(N)N)NC(=O)[C@H](Cc2ccc3ccccc3c2)NC(=O)[C@H](Cc2c[nH]cn2)NC(=O)[C@@H](CCC(=O)O)NC1=O,4.823908740944319
CHEMBL441738,CHEMBL4608,Melanocortin receptor 5,IC50,=,2.2,nM,CHEMBL715687,B,Inhibition of human melanocortin 5 receptor,CHEMBL1145056,P33032,Melanocortin receptor 5,IC50,CCCC[C@H](NC(=O)[C@H](CO)NC(=O)[C@H](Cc1ccc(O)cc1)NC(=O)[C@H](CO)NC(C)=O)C(=O)N[C@@H](CCC(=O)O)C(=O)N[C@@H](Cc1c[nH]cn1)C(=O)N[C@H](Cc1ccccc1)C(=O)N[C@@H](CCCNC(=N)N)C(=O)N[C@@H](Cc1c[nH]c2ccccc12)C(=O)NCC(=O)N[C@@H](CCCCN)C(=O)N1CCC[C@H]1C(=O)N[C@H](C(N)=O)C(C)C,8.657577319177793
CHEMBL263585,CHEMBL4608,Melanocortin receptor 5,IC50,=,94.0,nM,CHEMBL715687,B,Inhibition of human melanocortin 5 receptor,CHEMBL1145056,P33032,Melanocortin receptor 5,IC50,CC(=O)C1C(=O)N[C@H](CCC(=O)O)C(=O)N[C@@H](Cc2c[nH]cn2)C(=O)N[C@@H](Cc2ccc3ccccc3c2)C(=O)N[C@@H](CCCN=C(N)N)C(=O)N[C@H](Cc2c[nH]c3ccccc23)C(=O)NC(C(=O)N2CCC[C@H]2C(=O)CN2CCC[C@H]2C(=O)CN[C@@H](CCCCN)C(=O)CN[C@@H](CC(=O)O)C(N)=O)CSSC1(C)C,7.026872146400302
CHEMBL410949,CHEMBL4608,Melanocortin receptor 5,IC50,=,27000.0,nM,CHEMBL715687,B,Inhibition of human melanocortin 5 receptor,CHEMBL1145056,P33032,Melanocortin receptor 5,IC50,CC(=O)C1C(=O)N[C@H](CCC(=O)O)C(=O)N[C@@H](Cc2c[nH]cn2)C(=O)N[C@@H](Cc2ccccc2)C(=O)N[C@@H](CCCN=C(N)N)C(=O)N[C@H](Cc2c[nH]c3ccccc23)C(=O)NC(C(=O)N2CCC[C@H]2C(=O)CN2CCC[C@H]2C(=O)CN[C@@H](CCCCN)C(=O)CN[C@@H](CC(=O)O)C(N)=O)CSSC1(C)C,4.568636235841013
CHEMBL268094,CHEMBL4608,Melanocortin receptor 5,IC50,=,97000.0,nM,CHEMBL715687,B,Inhibition of human melanocortin 5 receptor,CHEMBL1145056,P33032,Melanocortin receptor 5,IC50,CC(=O)[C@@H]1CSSC[C@H](C(=O)N2CCC[C@H]2C(=O)CN2CCC[C@H]2C(=O)CN[C@@H](CCCCN)C(=O)CN[C@@H](CC(=O)O)C(N)=O)NC(=O)[C@@H](Cc2c[nH]c3ccccc23)NC(=O)[C@H](CCCN=C(N)N)NC(=O)[C@H](Cc2ccc3ccccc3c2)NC(=O)[C@@H]2CCCN2C(=O)[C@@H](CCC(=O)O)NC1=O,4.013228265733755
CHEMBL2112604,CHEMBL4608,Melanocortin receptor 5,IC50,=,73.0,nM,CHEMBL715687,B,Inhibition of human melanocortin 5 receptor,CHEMBL1145056,P33032,Melanocortin receptor 5,IC50,CC(=O)[C@H]1CSSC[C@H](C(=O)N2CCC[C@H]2C(=O)CN2CCC[C@H]2C(=O)CN[C@@H](CCCCN)C(=O)CN[C@@H](CC(=O)O)C(N)=O)NC(=O)[C@@H](Cc2c[nH]c3ccccc23)NC(=O)[C@H](CCCN=C(N)N)NC(=O)[C@H](Cc2ccccc2)NC(=O)[C@H](Cc2c[nH]cn2)NC(=O)[C@@H](CCC(=O)O)NC1=O,7.136677139879544
CHEMBL2111808,CHEMBL4608,Melanocortin receptor 5,IC50,=,10.0,nM,CHEMBL715687,B,Inhibition of human melanocortin 5 receptor,CHEMBL1145056,P33032,Melanocortin receptor 5,IC50,CC(=O)[C@@H]1CSSC[C@@H](C(=O)N2CCC[C@H]2C(=O)CN2CCC[C@H]2C(=O)CN[C@@H](CCCCN)C(=O)CN[C@@H](CC(=O)O)C(N)=O)NC(=O)[C@@H](Cc2c[nH]c3ccccc23)NC(=O)[C@H](CCCN=C(N)N)NC(=O)[C@H](Cc2ccccc2)NC(=O)[C@H](Cc2c[nH]cn2)NC(=O)[C@@H](CCC(=O)O)NC1=O,8.0
CHEMBL407680,CHEMBL4608,Melanocortin receptor 5,IC50,=,200.0,nM,CHEMBL715687,B,Inhibition of human melanocortin 5 receptor,CHEMBL1145056,P33032,Melanocortin receptor 5,IC50,CC(=O)[C@@H]1CSSC[C@H](C(=O)N2CCC[C@H]2C(=O)CN2CCC[C@H]2C(=O)CN[C@@H](CCCCN)C(=O)CN[C@@H](CC(=O)O)C(N)=O)NC(=O)[C@@H](Cc2c[nH]c3ccccc23)NC(=O)[C@H](CCCN=C(N)N)NC(=O)[C@H](Cc2ccccc2)NC(=O)[C@@H]2CCCN2C(=O)[C@@H](CCC(=O)O)NC1=O,6.698970004336019
CHEMBL214332,CHEMBL4608,Melanocortin receptor 5,IC50,=,18.0,nM,CHEMBL715687,B,Inhibition of human melanocortin 5 receptor,CHEMBL1145056,P33032,Melanocortin receptor 5,IC50,CSCC[C@H](NC(=O)[C@H](CO)NC(=O)[C@H](Cc1ccc(O)cc1)NC(=O)[C@H](CO)NC(C)=O)C(=O)N[C@@H](CCC(=O)O)C(=O)N[C@@H](Cc1c[nH]cn1)C(=O)N[C@@H](Cc1ccccc1)C(=O)N[C@@H](CCCNC(=N)N)C(=O)N[C@@H](Cc1c[nH]c2ccccc12)C(=O)NCC(=O)N[C@@H](CCCCN)C(=O)N1CCC[C@H]1C(=O)N[C@H](C(N)=O)C(C)C,7.7447274948966935
CHEMBL539306,CHEMBL4608,Melanocortin receptor 5,IC50,=,1410.0,nM,CHEMBL715685,B,Concentration required to inhibit binding of [125I]NDP-alpha-MSH from membranes prepared from CHO cells expressing human melanocortin subtype-5-receptor (MC5R),CHEMBL1136492,P33032,Melanocortin receptor 5,IC50,COc1ccc(-n2nc(Sc3ccc(Cl)cc3)cc(CC[C@@H](C)NC(=O)[C@H]3CNCC[C@@H]3c3ccccc3)c2=O)cc1.Cl,5.85078088734462
CHEMBL405282,CHEMBL4608,Melanocortin receptor 5,IC50,=,340.0,nM,CHEMBL713029,B,Binding affinity for Human Melanocortin 5 receptor expressed in L-cells,CHEMBL1133566,P33032,Melanocortin receptor 5,IC50,CSCC[C@H](NC(=O)[C@@H](NC(=O)[C@@H](N)Cc1ccc(O)cc1)C(C)C)C(=O)NCC(=O)N[C@@H](Cc1c[nH]cn1)C(=O)N[C@@H](Cc1ccccc1)C(=O)N[C@@H](CCCN=C(N)N)C(=O)N[C@H](Cc1c[nH]c2ccccc12)C(=O)N[C@@H](CC(=O)O)C(=O)N[C@@H](CCCN=C(N)N)C(=O)N[C@@H](Cc1ccccc1)C(=O)NCC(=O)O,6.468521082957745
CHEMBL2112008,CHEMBL4608,Melanocortin receptor 5,IC50,=,7100.0,nM,CHEMBL713029,B,Binding affinity for Human Melanocortin 5 receptor expressed in L-cells,CHEMBL1133566,P33032,Melanocortin receptor 5,IC50,CSCC[C@H](NC(=O)[C@H](NC(=O)[C@@H](N)Cc1ccc(O)cc1)C(C)C)C(=O)NCC(=O)N[C@@H](Cc1c[nH]cn1)C(=O)N[C@@H](Cc1ccccc1)C(=O)N[C@@H](CCCN=C(N)N)C(=O)N[C@@H](Cc1c[nH]c2ccccc12)C(=O)N[C@@H](CC(=O)O)C(=O)N[C@@H](CCCN=C(N)N)C(=O)N[C@@H](Cc1ccccc1)C(=O)NCC(=O)O,5.1487416512809245
CHEMBL3349030,CHEMBL4608,Melanocortin receptor 5,IC50,=,8500.0,nM,CHEMBL713029,B,Binding affinity for Human Melanocortin 5 receptor expressed in L-cells,CHEMBL1133566,P33032,Melanocortin receptor 5,IC50,CSCC[C@@H](NC(=O)[C@@H](NC(=O)[C@@H](N)Cc1ccc(O)cc1)C(C)C)C(=O)NCC(=O)N[C@@H](Cc1c[nH]cn1)C(=O)N[C@@H](Cc1ccccc1)C(=O)N[C@@H](CCCN=C(N)N)C(=O)N[C@@H](Cc1c[nH]c2ccccc12)C(=O)N[C@@H](CC(=O)O)C(=O)N[C@@H](CCCN=C(N)N)C(=O)N[C@@H](Cc1ccccc1)C(=O)NCC(=O)O,5.070581074285707
CHEMBL3349030,CHEMBL4608,Melanocortin receptor 5,IC50,=,1900.0,nM,CHEMBL713029,B,Binding affinity for Human Melanocortin 5 receptor expressed in L-cells,CHEMBL1133566,P33032,Melanocortin receptor 5,IC50,CSCC[C@@H](NC(=O)[C@@H](NC(=O)[C@@H](N)Cc1ccc(O)cc1)C(C)C)C(=O)NCC(=O)N[C@@H](Cc1c[nH]cn1)C(=O)N[C@@H](Cc1ccccc1)C(=O)N[C@@H](CCCN=C(N)N)C(=O)N[C@@H](Cc1c[nH]c2ccccc12)C(=O)N[C@@H](CC(=O)O)C(=O)N[C@@H](CCCN=C(N)N)C(=O)N[C@@H](Cc1ccccc1)C(=O)NCC(=O)O,5.721246399047171
CHEMBL3349030,CHEMBL4608,Melanocortin receptor 5,IC50,=,77.0,nM,CHEMBL713029,B,Binding affinity for Human Melanocortin 5 receptor expressed in L-cells,CHEMBL1133566,P33032,Melanocortin receptor 5,IC50,CSCC[C@@H](NC(=O)[C@@H](NC(=O)[C@@H](N)Cc1ccc(O)cc1)C(C)C)C(=O)NCC(=O)N[C@@H](Cc1c[nH]cn1)C(=O)N[C@@H](Cc1ccccc1)C(=O)N[C@@H](CCCN=C(N)N)C(=O)N[C@@H](Cc1c[nH]c2ccccc12)C(=O)N[C@@H](CC(=O)O)C(=O)N[C@@H](CCCN=C(N)N)C(=O)N[C@@H](Cc1ccccc1)C(=O)NCC(=O)O,7.113509274827518
CHEMBL3349030,CHEMBL4608,Melanocortin receptor 5,IC50,=,350.0,nM,CHEMBL713029,B,Binding affinity for Human Melanocortin 5 receptor expressed in L-cells,CHEMBL1133566,P33032,Melanocortin receptor 5,IC50,CSCC[C@@H](NC(=O)[C@@H](NC(=O)[C@@H](N)Cc1ccc(O)cc1)C(C)C)C(=O)NCC(=O)N[C@@H](Cc1c[nH]cn1)C(=O)N[C@@H](Cc1ccccc1)C(=O)N[C@@H](CCCN=C(N)N)C(=O)N[C@@H](Cc1c[nH]c2ccccc12)C(=O)N[C@@H](CC(=O)O)C(=O)N[C@@H](CCCN=C(N)N)C(=O)N[C@@H](Cc1ccccc1)C(=O)NCC(=O)O,6.455931955649724
CHEMBL3349030,CHEMBL4608,Melanocortin receptor 5,IC50,=,1600.0,nM,CHEMBL713029,B,Binding affinity for Human Melanocortin 5 receptor expressed in L-cells,CHEMBL1133566,P33032,Melanocortin receptor 5,IC50,CSCC[C@@H](NC(=O)[C@@H](NC(=O)[C@@H](N)Cc1ccc(O)cc1)C(C)C)C(=O)NCC(=O)N[C@@H](Cc1c[nH]cn1)C(=O)N[C@@H](Cc1ccccc1)C(=O)N[C@@H](CCCN=C(N)N)C(=O)N[C@@H](Cc1c[nH]c2ccccc12)C(=O)N[C@@H](CC(=O)O)C(=O)N[C@@H](CCCN=C(N)N)C(=O)N[C@@H](Cc1ccccc1)C(=O)NCC(=O)O,5.795880017344075
CHEMBL410795,CHEMBL4608,Melanocortin receptor 5,IC50,=,540.0,nM,CHEMBL713029,B,Binding affinity for Human Melanocortin 5 receptor expressed in L-cells,CHEMBL1133566,P33032,Melanocortin receptor 5,IC50,CSCC[C@H](NC(=O)[C@@H](NC(=O)[C@@H](N)Cc1ccc(O)cc1)C(C)C)C(=O)NCC(=O)N[C@@H](Cc1c[nH]cn1)C(=O)N[C@@H](Cc1ccccc1)C(=O)N[C@@H](CCCN=C(N)N)C(=O)N[C@@H](Cc1c[nH]c2ccccc12)C(=O)N[C@H](CC(=O)O)C(=O)N[C@@H](CCCN=C(N)N)C(=O)N[C@@H](Cc1ccccc1)C(=O)NCC(=O)O,6.267606240177031
CHEMBL441738,CHEMBL4608,Melanocortin receptor 5,IC50,=,0.89,nM,CHEMBL713029,B,Binding affinity for Human Melanocortin 5 receptor expressed in L-cells,CHEMBL1133566,P33032,Melanocortin receptor 5,IC50,CCCC[C@H](NC(=O)[C@H](CO)NC(=O)[C@H](Cc1ccc(O)cc1)NC(=O)[C@H](CO)NC(C)=O)C(=O)N[C@@H](CCC(=O)O)C(=O)N[C@@H](Cc1c[nH]cn1)C(=O)N[C@H](Cc1ccccc1)C(=O)N[C@@H](CCCNC(=N)N)C(=O)N[C@@H](Cc1c[nH]c2ccccc12)C(=O)NCC(=O)N[C@@H](CCCCN)C(=O)N1CCC[C@H]1C(=O)N[C@H](C(N)=O)C(C)C,9.050609993355087
CHEMBL3349030,CHEMBL4608,Melanocortin receptor 5,IC50,=,5700.0,nM,CHEMBL713029,B,Binding affinity for Human Melanocortin 5 receptor expressed in L-cells,CHEMBL1133566,P33032,Melanocortin receptor 5,IC50,CSCC[C@@H](NC(=O)[C@@H](NC(=O)[C@@H](N)Cc1ccc(O)cc1)C(C)C)C(=O)NCC(=O)N[C@@H](Cc1c[nH]cn1)C(=O)N[C@@H](Cc1ccccc1)C(=O)N[C@@H](CCCN=C(N)N)C(=O)N[C@@H](Cc1c[nH]c2ccccc12)C(=O)N[C@@H](CC(=O)O)C(=O)N[C@@H](CCCN=C(N)N)C(=O)N[C@@H](Cc1ccccc1)C(=O)NCC(=O)O,5.2441251443275085
CHEMBL437050,CHEMBL4608,Melanocortin receptor 5,IC50,=,2500.0,nM,CHEMBL713029,B,Binding affinity for Human Melanocortin 5 receptor expressed in L-cells,CHEMBL1133566,P33032,Melanocortin receptor 5,IC50,CSCC[C@H](NC(=O)[C@@H](NC(=O)[C@@H](N)Cc1ccc(O)cc1)C(C)C)C(=O)NCC(=O)N[C@@H](Cc1c[nH]cn1)C(=O)N[C@@H](Cc1ccccc1)C(=O)N[C@@H](CCCN=C(N)N)C(=O)N[C@@H](Cc1c[nH]c2ccccc12)C(=O)N[C@@H](CC(=O)O)C(=O)N[C@@H](CCCN=C(N)N)C(=O)N[C@@H](Cc1ccccc1)C(=O)NCC(=O)O,5.6020599913279625
CHEMBL1161321,CHEMBL4608,Melanocortin receptor 5,IC50,=,12.0,nM,CHEMBL713030,B,Binding affinity against human Melanocortin 5 receptor,CHEMBL1135658,P33032,Melanocortin receptor 5,IC50,CCCC[C@@H](NC(C)=O)C(=O)N[C@@H]1CC(=O)NCCCC[C@@H](C(N)=O)NC(=O)[C@H](Cc2c[nH]c3ccccc23)NC(=O)[C@@H](CCCNC(=N)N)NC(=O)[C@H](Cc2ccc3ccccc3c2)NC(=O)C2(Cc3ccccc3C2)NC1=O,7.920818753952375
CHEMBL1161313,CHEMBL4608,Melanocortin receptor 5,IC50,=,0.027,nM,CHEMBL713030,B,Binding affinity against human Melanocortin 5 receptor,CHEMBL1135658,P33032,Melanocortin receptor 5,IC50,CCCC[C@@H](NC(C)=O)C(=O)N[C@@H]1CC(=O)NCCCC[C@@H](C(N)=O)NC(=O)[C@H](Cc2c[nH]c3ccccc23)NC(=O)[C@@H](CCCNC(=N)N)NC(=O)[C@H](Cc2ccc3ccccc3c2)NC(O)[C@H]2CCCN2C1=O,10.568636235841012
CHEMBL1161318,CHEMBL4608,Melanocortin receptor 5,IC50,=,4.6,nM,CHEMBL713030,B,Binding affinity against human Melanocortin 5 receptor,CHEMBL1135658,P33032,Melanocortin receptor 5,IC50,CCCC[C@@H](NC(C)=O)C(=O)N[C@@H]1CC(=O)NCCCC[C@@H](C(N)=O)NC(=O)[C@H](Cc2c[nH]c3ccccc23)NC(=O)[C@@H](CCCNC(=N)N)NC(=O)[C@H](Cc2ccc3ccccc3c2)NC(=O)C2(CCCCC2)NC1=O,8.337242168318426
CHEMBL415333,CHEMBL4608,Melanocortin receptor 5,IC50,=,16.0,nM,CHEMBL713030,B,Binding affinity against human Melanocortin 5 receptor,CHEMBL1135658,P33032,Melanocortin receptor 5,IC50,CC(=O)[C@@H]1CSSC[C@@H](C(=O)N2CCC[C@H]2C(=O)CN2CCC[C@H]2C(=O)CN[C@@H](CCCCN)C(=O)CN[C@@H](CC(=O)O)C(N)=O)NC(=O)CNC(=O)[C@@H](Cc2c[nH]c3ccccc23)NC(=O)[C@H](CCCN=C(N)N)NC(=O)[C@H](Cc2ccc3ccccc3c2)NC(=O)[C@H](Cc2c[nH]cn2)NC(=O)[C@@H](CCC(=O)O)NC1=O,7.795880017344075
CHEMBL1161322,CHEMBL4608,Melanocortin receptor 5,IC50,=,0.031,nM,CHEMBL872337,B,Binding affinity against human Melanocortin 5 receptor,CHEMBL1135658,P33032,Melanocortin receptor 5,IC50,CCCC[C@@H](NC(C)=O)C(=O)N[C@@H]1CC(=O)NCCCC[C@@H](C(N)=O)NC(=O)[C@H](Cc2c[nH]c3ccccc23)NC(=O)[C@@H](CCCNC(=N)N)NC(=O)[C@H](Cc2ccc3ccccc3c2)NC(=O)[C@H]2CCCN2C1=O,10.508638306165727
CHEMBL2372589,CHEMBL4608,Melanocortin receptor 5,IC50,=,1.24,nM,CHEMBL872337,B,Binding affinity against human Melanocortin 5 receptor,CHEMBL1135658,P33032,Melanocortin receptor 5,IC50,CCCC[C@@H](NC(C)=O)C(=O)N[C@@H]1CC(=O)NCCCC[C@@H](C(N)=O)NC(=O)[C@H](Cc2c[nH]c3ccccc23)NC(=O)[C@@H](CCCNC(=N)N)NC(=O)[C@H](Cc2ccc3ccccc3c2)NC(=O)[C@@H]2Cc3ccccc3CN2C1=O,8.906578314837764
CHEMBL1161323,CHEMBL4608,Melanocortin receptor 5,IC50,=,0.11,nM,CHEMBL713030,B,Binding affinity against human Melanocortin 5 receptor,CHEMBL1135658,P33032,Melanocortin receptor 5,IC50,CCCC[C@@H](NC(C)=O)C(=O)N[C@@H]1CC(=O)NCCCC[C@@H](C(N)=O)NC(=O)[C@H](Cc2c[nH]c3ccccc23)NC(=O)[C@@H](CCCNC(=N)N)NC(=O)[C@H](Cc2ccc3ccccc3c2)NC(=O)[C@H]2C[C@@]3(C)CCCC[C@@]3(C)N2C1=O,9.958607314841775
CHEMBL1161316,CHEMBL4608,Melanocortin receptor 5,IC50,=,16.0,nM,CHEMBL713030,B,Binding affinity against human Melanocortin 5 receptor,CHEMBL1135658,P33032,Melanocortin receptor 5,IC50,CCCC[C@@H](NC(C)=O)C(=O)N[C@@H]1CC(=O)NCCCC[C@@H](C(N)=O)NC(=O)[C@H](Cc2c[nH]c3ccccc23)NC(=O)[C@@H](CCCNC(=N)N)NC(=O)[C@H](Cc2ccc3ccccc3c2)NC(=O)C2(CCCC2)NC1=O,7.795880017344075
CHEMBL2096742,CHEMBL4608,Melanocortin receptor 5,IC50,=,0.09,nM,CHEMBL713030,B,Binding affinity against human Melanocortin 5 receptor,CHEMBL1135658,P33032,Melanocortin receptor 5,IC50,CCCC[C@@H](NC(C)=O)C(=O)N[C@@H]1CC(=O)NCCCC[C@@H](C(N)=O)NC(=O)[C@H](Cc2c[nH]c3ccccc23)NC(=O)[C@H](CCCNC(=N)N)NC(=O)[C@@H](Cc2ccc3ccccc3c2)NC(=O)[C@H](Cc2c[nH]cn2)NC1=O,10.045757490560675
CHEMBL2372588,CHEMBL4608,Melanocortin receptor 5,IC50,=,21.0,nM,CHEMBL713030,B,Binding affinity against human Melanocortin 5 receptor,CHEMBL1135658,P33032,Melanocortin receptor 5,IC50,CCCC[C@@H](NC(C)=O)C(=O)N[C@@H]1CC(=O)NCCCC[C@@H](C(N)=O)NC(=O)[C@H](Cc2c[nH]c3ccccc23)NC(=O)[C@@H](CCCNC(=N)N)NC(=O)[C@H](Cc2ccc3ccccc3c2)NC(=O)[C@@H]2Cc3ccccc3N2C1=O,7.6777807052660805
CHEMBL358015,CHEMBL4608,Melanocortin receptor 5,IC50,=,540.0,nM,CHEMBL872789,B,Binding affinity against human Melanocortin 5 receptor,CHEMBL1135658,P33032,Melanocortin receptor 5,IC50,N=C(N)NCCC[C@H]1NC(=O)[C@H](Cc2cccc3ccccc23)NC(=O)CCC(=O)NCCCC[C@@H](C(N)=O)NC(=O)[C@H](Cc2c[nH]c3ccccc23)NC1=O,6.267606240177031
CHEMBL1161320,CHEMBL4608,Melanocortin receptor 5,IC50,=,4.1,nM,CHEMBL713030,B,Binding affinity against human Melanocortin 5 receptor,CHEMBL1135658,P33032,Melanocortin receptor 5,IC50,CCCC[C@@H](NC(C)=O)C(=O)N[C@@H]1CC(=O)NCCCC[C@@H](C(N)=O)NC(=O)[C@H](Cc2c[nH]c3ccccc23)NC(=O)[C@@H](CCCNC(=N)N)NC(=O)[C@H](Cc2ccc3ccccc3c2)NC(=O)C2(CC2)NC1=O,8.387216143280265
CHEMBL29582,CHEMBL4608,Melanocortin receptor 5,IC50,=,13300.0,nM,CHEMBL717500,B,Binding affinity towards human melanocortin receptor hMC5R by using radioligand NDP-MSH,CHEMBL1136414,P33032,Melanocortin receptor 5,IC50,CCCC(=O)N[C@@H](Cc1c[nH]cn1)C(=O)N[C@H](Cc1ccccc1)C(=O)N[C@@H](CCCN=C(N)N)C(=O)N[C@@H](Cc1c[nH]c2ccccc12)C(=O)NCC(N)=O,4.876148359032914
CHEMBL413439,CHEMBL4608,Melanocortin receptor 5,IC50,=,3.5,nM,CHEMBL827861,B,Inhibition of [125I]NDP-MSH binding to Melanocortin 5 receptor expressed in HEK293 cells; N = 4,CHEMBL1144443,P33032,Melanocortin receptor 5,IC50,CCCC[C@H](NC(=O)[C@@H](NC(=O)[C@@H](N)Cc1ccc(O)cc1)C(C)C)C(=O)NCC(=O)N[C@@H](Cc1c[nH]cn1)C(=O)N[C@H](Cc1ccc2ccccc2c1)C(=O)N[C@@H](CCCN=C(N)N)C(=O)N[C@@H](Cc1c[nH]c2ccccc12)C(=O)N[C@@H](CC(=O)O)C(=O)N[C@@H](CCCN=C(N)N)C(=O)N[C@@H](Cc1ccccc1)C(=O)NCC(=O)O,8.455931955649724
CHEMBL414778,CHEMBL4608,Melanocortin receptor 5,IC50,=,3.3,nM,CHEMBL827861,B,Inhibition of [125I]NDP-MSH binding to Melanocortin 5 receptor expressed in HEK293 cells; N = 4,CHEMBL1144443,P33032,Melanocortin receptor 5,IC50,CCCC[C@H](NC(=O)[C@@H](NC(=O)[C@@H](N)Cc1ccc(O)cc1)C(C)C)C(=O)NCC(=O)N[C@@H](Cc1c[nH]cn1)C(=O)N[C@H](Cc1ccc2ccccc2c1)C(=O)N[C@@H](CCCN=C(N)N)C(=O)N[C@@H](Cc1ccccc1)C(=O)N[C@@H](CC(=O)O)C(=O)N[C@@H](CCCN=C(N)N)C(=O)N[C@@H](Cc1ccccc1)C(=O)NCC(=O)ON,8.481486060122112
CHEMBL408509,CHEMBL4608,Melanocortin receptor 5,IC50,=,1000.0,nM,CHEMBL827861,B,Inhibition of [125I]NDP-MSH binding to Melanocortin 5 receptor expressed in HEK293 cells; N = 4,CHEMBL1144443,P33032,Melanocortin receptor 5,IC50,CCCC[C@H](NC(=O)[C@@H](NC(=O)[C@@H](N)Cc1ccc(O)cc1)C(C)C)C(=O)NCC(=O)N[C@H](Cc1ccc2ccccc2c1)C(=O)N[C@@H](Cc1ccccc1)C(=O)N[C@@H](CCCN=C(N)N)C(=O)N[C@@H](Cc1c[nH]c2ccccc12)C(=O)N[C@@H](CC(=O)O)C(=O)N[C@@H](CCCN=C(N)N)C(=O)N[C@@H](Cc1ccccc1)C(=O)NCC(=O)ON,6.0
CHEMBL411359,CHEMBL4608,Melanocortin receptor 5,IC50,=,636.0,nM,CHEMBL827861,B,Inhibition of [125I]NDP-MSH binding to Melanocortin 5 receptor expressed in HEK293 cells; N = 4,CHEMBL1144443,P33032,Melanocortin receptor 5,IC50,CCCC[C@H](NC(=O)[C@@H](NC(=O)[C@@H](N)Cc1ccc(O)cc1)C(C)C)C(=O)NCC(=O)N[C@@H](Cc1c[nH]cn1)C(=O)N[C@@H](Cc1ccccc1)C(=O)N[C@@H](CCCN=C(N)N)C(=O)N[C@@H](Cc1c[nH]c2ccccc12)C(=O)N[C@@H](CC(=O)O)C(=O)N[C@@H](CCCN=C(N)N)C(=O)N[C@@H](Cc1ccccc1)C(=O)NCC(=O)O,6.196542884351587
CHEMBL437050,CHEMBL4608,Melanocortin receptor 5,IC50,=,330.0,nM,CHEMBL830963,B,Inhibition of [125I]NDP-MSH binding to Melanocortin 5 receptor expressed in HEK293 cells; N = 4,CHEMBL1144443,P33032,Melanocortin receptor 5,IC50,CSCC[C@H](NC(=O)[C@@H](NC(=O)[C@@H](N)Cc1ccc(O)cc1)C(C)C)C(=O)NCC(=O)N[C@@H](Cc1c[nH]cn1)C(=O)N[C@@H](Cc1ccccc1)C(=O)N[C@@H](CCCN=C(N)N)C(=O)N[C@@H](Cc1c[nH]c2ccccc12)C(=O)N[C@@H](CC(=O)O)C(=O)N[C@@H](CCCN=C(N)N)C(=O)N[C@@H](Cc1ccccc1)C(=O)NCC(=O)O,6.481486060122112
CHEMBL2310901,CHEMBL4608,Melanocortin receptor 5,IC50,=,650.0,nM,CHEMBL827861,B,Inhibition of [125I]NDP-MSH binding to Melanocortin 5 receptor expressed in HEK293 cells; N = 4,CHEMBL1144443,P33032,Melanocortin receptor 5,IC50,CCCC[C@H](NC(=O)[C@@H](NC(=O)[C@@H](N)Cc1ccc(O)cc1)C(C)C)C(=O)NCC(=O)N1CCC[C@H]1C(=O)N[C@@H](Cc1ccccc1)C(=O)N[C@@H](CCCN=C(N)N)C(=O)N[C@H](Cc1ccc2ccccc2c1)C(=O)N[C@@H](CC(=O)O)C(=O)N[C@@H](CCCN=C(N)N)C(=O)N[C@@H](Cc1ccccc1)C(=O)NCC(=O)O,6.187086643357144
CHEMBL2371712,CHEMBL4608,Melanocortin receptor 5,IC50,=,2.0,nM,CHEMBL827861,B,Inhibition of [125I]NDP-MSH binding to Melanocortin 5 receptor expressed in HEK293 cells; N = 4,CHEMBL1144443,P33032,Melanocortin receptor 5,IC50,CCCC[C@H](NC(=O)[C@@H](NC(=O)[C@@H](N)Cc1ccc(O)cc1)C(C)C)C(=O)NCC(=O)N1CCC[C@H]1C(=O)N[C@H](Cc1ccc2ccccc2c1)C(=O)N[C@@H](CCCN=C(N)N)C(=O)N[C@H](Cc1ccc2ccccc2c1)C(=O)N[C@@H](CC(=O)O)C(=O)N[C@@H](CCCN=C(N)N)C(=O)N[C@@H](Cc1ccccc1)C(=O)NCC(=O)ON,8.698970004336019
CHEMBL438920,CHEMBL4608,Melanocortin receptor 5,IC50,=,5.0,nM,CHEMBL827861,B,Inhibition of [125I]NDP-MSH binding to Melanocortin 5 receptor expressed in HEK293 cells; N = 4,CHEMBL1144443,P33032,Melanocortin receptor 5,IC50,CCCC[C@H](NC(=O)[C@@H](NC(=O)[C@@H](N)Cc1ccc(O)cc1)C(C)C)C(=O)NCC(=O)N[C@@H](Cc1c[nH]cn1)C(=O)N[C@@H](Cc1ccccc1)C(=O)N[C@@H](CCCN=C(N)N)C(=O)N[C@H](Cc1ccc2ccccc2c1)C(=O)N[C@@H](CC(=O)O)C(=O)N[C@@H](CCCN=C(N)N)C(=O)N[C@@H](Cc1ccccc1)C(=O)NCC(=O)ON,8.301029995663981
CHEMBL2096759,CHEMBL4608,Melanocortin receptor 5,IC50,=,11.0,nM,CHEMBL827861,B,Inhibition of [125I]NDP-MSH binding to Melanocortin 5 receptor expressed in HEK293 cells; N = 4,CHEMBL1144443,P33032,Melanocortin receptor 5,IC50,CCCC[C@H](NC(=O)[C@@H](NC(=O)[C@@H](N)Cc1ccc(O)cc1)C(C)C)C(=O)NCC(=O)N[C@@H](Cc1c[nH]cn1)C(=O)N[C@H](Cc1ccccc1)C(=O)N[C@@H](CCCN=C(N)N)C(=O)N[C@H](Cc1c[nH]c2ccccc12)C(=O)N[C@@H](CC(=O)O)C(=O)N[C@@H](CCCN=C(N)N)C(=O)N[C@@H](Cc1ccccc1)C(=O)NCC(=O)ON,7.958607314841775
CHEMBL439691,CHEMBL4608,Melanocortin receptor 5,IC50,=,200.0,nM,CHEMBL827861,B,Inhibition of [125I]NDP-MSH binding to Melanocortin 5 receptor expressed in HEK293 cells; N = 4,CHEMBL1144443,P33032,Melanocortin receptor 5,IC50,CCCC[C@H](NC(=O)[C@@H](NC(=O)[C@@H](N)Cc1ccc(O)cc1)C(C)C)C(=O)NCC(=O)N[C@@H](Cc1c[nH]cn1)C(=O)N[C@@H](Cc1ccccc1)C(=O)N[C@@H](CCCN=C(N)N)C(=O)N[C@@H](Cc1c[nH]c2ccccc12)C(=O)N[C@@H](CC(=O)O)C(=O)N[C@@H](CCCN=C(N)N)C(=O)N[C@@H](Cc1ccccc1)C(=O)NCC(=O)ON,6.698970004336019
CHEMBL437050,CHEMBL4608,Melanocortin receptor 5,IC50,=,2200.0,nM,CHEMBL827861,B,Inhibition of [125I]NDP-MSH binding to Melanocortin 5 receptor expressed in HEK293 cells; N = 4,CHEMBL1144443,P33032,Melanocortin receptor 5,IC50,CSCC[C@H](NC(=O)[C@@H](NC(=O)[C@@H](N)Cc1ccc(O)cc1)C(C)C)C(=O)NCC(=O)N[C@@H](Cc1c[nH]cn1)C(=O)N[C@@H](Cc1ccccc1)C(=O)N[C@@H](CCCN=C(N)N)C(=O)N[C@@H](Cc1c[nH]c2ccccc12)C(=O)N[C@@H](CC(=O)O)C(=O)N[C@@H](CCCN=C(N)N)C(=O)N[C@@H](Cc1ccccc1)C(=O)NCC(=O)O,5.657577319177793
CHEMBL405282,CHEMBL4608,Melanocortin receptor 5,IC50,=,340.0,nM,CHEMBL827861,B,Inhibition of [125I]NDP-MSH binding to Melanocortin 5 receptor expressed in HEK293 cells; N = 4,CHEMBL1144443,P33032,Melanocortin receptor 5,IC50,CSCC[C@H](NC(=O)[C@@H](NC(=O)[C@@H](N)Cc1ccc(O)cc1)C(C)C)C(=O)NCC(=O)N[C@@H](Cc1c[nH]cn1)C(=O)N[C@@H](Cc1ccccc1)C(=O)N[C@@H](CCCN=C(N)N)C(=O)N[C@H](Cc1c[nH]c2ccccc12)C(=O)N[C@@H](CC(=O)O)C(=O)N[C@@H](CCCN=C(N)N)C(=O)N[C@@H](Cc1ccccc1)C(=O)NCC(=O)O,6.468521082957745
CHEMBL443071,CHEMBL4608,Melanocortin receptor 5,IC50,=,2.4,nM,CHEMBL827861,B,Inhibition of [125I]NDP-MSH binding to Melanocortin 5 receptor expressed in HEK293 cells; N = 4,CHEMBL1144443,P33032,Melanocortin receptor 5,IC50,CCCC[C@H](NC(=O)[C@@H](NC(=O)[C@H](Cc1ccc(O)cc1)NC(C)=O)C(C)C)C(=O)NCC(=O)N[C@@H](Cc1c[nH]cn1)C(=O)N[C@@H](Cc1ccccc1)C(=O)N[C@@H](CCCN=C(N)N)C(=O)N[C@@H](Cc1c[nH]c2ccccc12)C(=O)N[C@@H](CC(=O)O)C(=O)N[C@@H](CCCN=C(N)N)C(=O)N[C@@H](Cc1ccccc1)C(=O)NCC(=O)ON,8.619788758288394
CHEMBL214332,CHEMBL4608,Melanocortin receptor 5,IC50,=,18.0,nM,CHEMBL827861,B,Inhibition of [125I]NDP-MSH binding to Melanocortin 5 receptor expressed in HEK293 cells; N = 4,CHEMBL1144443,P33032,Melanocortin receptor 5,IC50,CSCC[C@H](NC(=O)[C@H](CO)NC(=O)[C@H](Cc1ccc(O)cc1)NC(=O)[C@H](CO)NC(C)=O)C(=O)N[C@@H](CCC(=O)O)C(=O)N[C@@H](Cc1c[nH]cn1)C(=O)N[C@@H](Cc1ccccc1)C(=O)N[C@@H](CCCNC(=N)N)C(=O)N[C@@H](Cc1c[nH]c2ccccc12)C(=O)NCC(=O)N[C@@H](CCCCN)C(=O)N1CCC[C@H]1C(=O)N[C@H](C(N)=O)C(C)C,7.7447274948966935
CHEMBL441738,CHEMBL4608,Melanocortin receptor 5,IC50,=,2.2,nM,CHEMBL827861,B,Inhibition of [125I]NDP-MSH binding to Melanocortin 5 receptor expressed in HEK293 cells; N = 4,CHEMBL1144443,P33032,Melanocortin receptor 5,IC50,CCCC[C@H](NC(=O)[C@H](CO)NC(=O)[C@H](Cc1ccc(O)cc1)NC(=O)[C@H](CO)NC(C)=O)C(=O)N[C@@H](CCC(=O)O)C(=O)N[C@@H](Cc1c[nH]cn1)C(=O)N[C@H](Cc1ccccc1)C(=O)N[C@@H](CCCNC(=N)N)C(=O)N[C@@H](Cc1c[nH]c2ccccc12)C(=O)NCC(=O)N[C@@H](CCCCN)C(=O)N1CCC[C@H]1C(=O)N[C@H](C(N)=O)C(C)C,8.657577319177793
CHEMBL368876,CHEMBL4608,Melanocortin receptor 5,IC50,=,2400.0,nM,CHEMBL828111,B,Concentration for 50% inhibition of human melanocortin-5 receptor expressed in CHO cells using [125I]NDP-alpha-MSH as radioligand,CHEMBL1145148,P33032,Melanocortin receptor 5,IC50,CN1CCN[C@H](C(=O)N[C@H](Cc2ccc(F)cc2)C(=O)N2CCC(C(=O)NC(C)(C)C)(C3CCCCC3)CC2)C1,5.619788758288394
CHEMBL368876,CHEMBL4608,Melanocortin receptor 5,IC50,=,13000.0,nM,CHEMBL828111,B,Concentration for 50% inhibition of human melanocortin-5 receptor expressed in CHO cells using [125I]NDP-alpha-MSH as radioligand,CHEMBL1145148,P33032,Melanocortin receptor 5,IC50,CN1CCN[C@H](C(=O)N[C@H](Cc2ccc(F)cc2)C(=O)N2CCC(C(=O)NC(C)(C)C)(C3CCCCC3)CC2)C1,4.886056647693163
CHEMBL184275,CHEMBL4608,Melanocortin receptor 5,IC50,=,460.0,nM,CHEMBL832780,B,Inhibition of human Melanocortin 5 receptor,CHEMBL1138667,P33032,Melanocortin receptor 5,IC50,O=C(NCCc1ccc(Cl)cc1Cl)c1ccc(N/C(=N/C2CCCCC2)N2CCNCC2)cc1,6.337242168318426
CHEMBL185469,CHEMBL4608,Melanocortin receptor 5,IC50,=,70.0,nM,CHEMBL832780,B,Inhibition of human Melanocortin 5 receptor,CHEMBL1138667,P33032,Melanocortin receptor 5,IC50,C[C@@H]1CN(/C(=N/c2ccc(C(=O)NCCc3ccc(Cl)cc3Cl)cc2)NC2CCCCC2)CCN1,7.154901959985743
CHEMBL185455,CHEMBL4608,Melanocortin receptor 5,IC50,=,380.0,nM,CHEMBL832780,B,Inhibition of human Melanocortin 5 receptor,CHEMBL1138667,P33032,Melanocortin receptor 5,IC50,C[C@H]1CN(/C(=N/c2ccc(C(=O)NCCc3ccc(Cl)cc3Cl)cc2)NC2CCCCC2)CCN1,6.42021640338319
CHEMBL184432,CHEMBL4608,Melanocortin receptor 5,IC50,=,380.0,nM,CHEMBL832780,B,Inhibition of human Melanocortin 5 receptor,CHEMBL1138667,P33032,Melanocortin receptor 5,IC50,C[C@@H]1CN[C@@H](C)CN1/C(=N/c1ccc(C(=O)NCCc2ccc(Cl)cc2Cl)cc1)NC1CCCCC1,6.42021640338319
CHEMBL363730,CHEMBL4608,Melanocortin receptor 5,IC50,=,80.0,nM,CHEMBL832780,B,Inhibition of human Melanocortin 5 receptor,CHEMBL1138667,P33032,Melanocortin receptor 5,IC50,CC1CN(/C(=N/c2ccc(C(=O)NCCc3ccc(Cl)cc3Cl)cc2)NC2CCCCC2)CC(C)N1,7.096910013008056
CHEMBL366042,CHEMBL4608,Melanocortin receptor 5,IC50,=,530.0,nM,CHEMBL832780,B,Inhibition of human Melanocortin 5 receptor,CHEMBL1138667,P33032,Melanocortin receptor 5,IC50,CC(C)(N)C/N=C(\Nc1ccc(C(=O)NCCc2ccc(Cl)cc2Cl)cc1)NC1CCCCC1,6.275724130399211
CHEMBL186339,CHEMBL4608,Melanocortin receptor 5,IC50,=,530.0,nM,CHEMBL832780,B,Inhibition of human Melanocortin 5 receptor,CHEMBL1138667,P33032,Melanocortin receptor 5,IC50,O=C(NCCc1ccc(Cl)cc1Cl)c1ccc(N/C(=N\C2CCNC2)NC2CCCCC2)cc1,6.275724130399211
CHEMBL186439,CHEMBL4608,Melanocortin receptor 5,IC50,=,630.0,nM,CHEMBL832780,B,Inhibition of human Melanocortin 5 receptor,CHEMBL1138667,P33032,Melanocortin receptor 5,IC50,CNC1CCN(/C(=N/c2ccc(C(=O)NCCc3ccc(Cl)cc3Cl)cc2)NC2CCCCC2)C1,6.200659450546418
CHEMBL187774,CHEMBL4608,Melanocortin receptor 5,IC50,=,1020.0,nM,CHEMBL831025,B,Inhibition concentration (binding affinity) against human melanocortin receptor 5 by displacement of [125I]NDP-alpha-MSH from the human receptors expressed in CHO cells,CHEMBL1140367,P33032,Melanocortin receptor 5,IC50,CC(C)(C)NC(=O)C1(C2CCCCC2)CCN(C(=O)[C@@H](Cc2ccc(F)cc2)NC(=O)[C@H]2C[C@@H]3CC[C@@H]2NC3)CC1,5.991399828238082
CHEMBL2113031,CHEMBL4608,Melanocortin receptor 5,IC50,=,940.0,nM,CHEMBL831025,B,Inhibition concentration (binding affinity) against human melanocortin receptor 5 by displacement of [125I]NDP-alpha-MSH from the human receptors expressed in CHO cells,CHEMBL1140367,P33032,Melanocortin receptor 5,IC50,CC(C)(C)NC(=O)C1(C2CCCCC2)CCN(C(=O)[C@@H](Cc2ccc(F)cc2)NC(=O)[C@@H]2C[C@H]3CC[C@@H]2NC3)CC1,6.026872146400301
CHEMBL429387,CHEMBL4608,Melanocortin receptor 5,IC50,=,1080.0,nM,CHEMBL831025,B,Inhibition concentration (binding affinity) against human melanocortin receptor 5 by displacement of [125I]NDP-alpha-MSH from the human receptors expressed in CHO cells,CHEMBL1140367,P33032,Melanocortin receptor 5,IC50,CN1C[C@@H]2CC[C@H]1[C@@H](C(=O)N[C@H](Cc1ccc(F)cc1)C(=O)N1CCC(C(=O)NC(C)(C)C)(C3CCCCC3)CC1)C2,5.96657624451305
CHEMBL339053,CHEMBL4608,Melanocortin receptor 5,IC50,=,326.0,nM,CHEMBL832207,B,Concentration required for 50% inhibition by displacement of of [125I]NDP-alpha-MSH of human MC5R expressed in CHO cells,CHEMBL1144433,P33032,Melanocortin receptor 5,IC50,O=C(N[C@H](Cc1ccc(Cl)cc1)C(=O)N1CCC(Cn2cncn2)(C2CCCCC2)CC1)[C@H]1Cc2ccccc2CN1,6.486782399932061
CHEMBL433764,CHEMBL4608,Melanocortin receptor 5,IC50,=,64.0,nM,CHEMBL832207,B,Concentration required for 50% inhibition by displacement of of [125I]NDP-alpha-MSH of human MC5R expressed in CHO cells,CHEMBL1144433,P33032,Melanocortin receptor 5,IC50,CC(C)(C)NC(=O)C1(C2CCCCC2)CCN(C(=O)[C@@H](Cc2ccc(Cl)cc2)NC(=O)[C@H]2CCc3ccccc3[C@H]2N)CC1,7.1938200260161125
CHEMBL187990,CHEMBL4608,Melanocortin receptor 5,IC50,=,34.0,nM,CHEMBL832207,B,Concentration required for 50% inhibition by displacement of of [125I]NDP-alpha-MSH of human MC5R expressed in CHO cells,CHEMBL1144433,P33032,Melanocortin receptor 5,IC50,CC(C)(C)NC(=O)C1(C2CCCCC2)CCN(C(=O)[C@@H](Cc2ccc(Cl)cc2)NC(=O)C2Cc3ccccc3C2N)CC1,7.468521082957745
CHEMBL362523,CHEMBL4608,Melanocortin receptor 5,IC50,=,40.0,nM,CHEMBL832207,B,Concentration required for 50% inhibition by displacement of of [125I]NDP-alpha-MSH of human MC5R expressed in CHO cells,CHEMBL1144433,P33032,Melanocortin receptor 5,IC50,CC(C)(C)NC(=O)C1(C2CCCCC2)CCN(C(=O)[C@@H](Cc2ccc(Cl)cc2)NC(=O)C2Cc3ccccc3CC2N)CC1,7.3979400086720375
CHEMBL214332,CHEMBL4608,Melanocortin receptor 5,IC50,=,118.0,nM,CHEMBL831025,B,Inhibition concentration (binding affinity) against human melanocortin receptor 5 by displacement of [125I]NDP-alpha-MSH from the human receptors expressed in CHO cells,CHEMBL1140367,P33032,Melanocortin receptor 5,IC50,CSCC[C@H](NC(=O)[C@H](CO)NC(=O)[C@H](Cc1ccc(O)cc1)NC(=O)[C@H](CO)NC(C)=O)C(=O)N[C@@H](CCC(=O)O)C(=O)N[C@@H](Cc1c[nH]cn1)C(=O)N[C@@H](Cc1ccccc1)C(=O)N[C@@H](CCCNC(=N)N)C(=O)N[C@@H](Cc1c[nH]c2ccccc12)C(=O)NCC(=O)N[C@@H](CCCCN)C(=O)N1CCC[C@H]1C(=O)N[C@H](C(N)=O)C(C)C,6.928117992693874
CHEMBL2113041,CHEMBL4608,Melanocortin receptor 5,IC50,=,54.0,nM,CHEMBL832207,B,Concentration required for 50% inhibition by displacement of of [125I]NDP-alpha-MSH of human MC5R expressed in CHO cells,CHEMBL1144433,P33032,Melanocortin receptor 5,IC50,CC(C)(C)NC(=O)C1(C2CCCCC2)CCN(C(=O)[C@@H](Cc2ccc(Cl)cc2)NC(=O)C2CCCc3ccccc3C2N)CC1,7.267606240177031
CHEMBL360818,CHEMBL4608,Melanocortin receptor 5,IC50,=,24.0,nM,CHEMBL832207,B,Concentration required for 50% inhibition by displacement of of [125I]NDP-alpha-MSH of human MC5R expressed in CHO cells,CHEMBL1144433,P33032,Melanocortin receptor 5,IC50,CC(C)(C)NC(=O)C1(C2CCCCC2)CCN(C(=O)[C@@H](Cc2ccc(Cl)cc2)NC(=O)[C@@H]2CCc3ccccc3[C@@H]2N)CC1,7.619788758288394
CHEMBL360819,CHEMBL4608,Melanocortin receptor 5,IC50,=,31.0,nM,CHEMBL832207,B,Concentration required for 50% inhibition by displacement of of [125I]NDP-alpha-MSH of human MC5R expressed in CHO cells,CHEMBL1144433,P33032,Melanocortin receptor 5,IC50,CC(C)(C)NC(=O)C1(C2CCCCC2)CCN(C(=O)[C@@H](Cc2ccc(Cl)cc2)NC(=O)[C@H]2CCc3ccccc3[C@@]2(C)N)CC1,7.508638306165727
CHEMBL364346,CHEMBL4608,Melanocortin receptor 5,IC50,=,945000.0,nM,CHEMBL831025,B,Inhibition concentration (binding affinity) against human melanocortin receptor 5 by displacement of [125I]NDP-alpha-MSH from the human receptors expressed in CHO cells,CHEMBL1140367,P33032,Melanocortin receptor 5,IC50,CN1C[C@H]2CC[C@@H]1[C@H](C(=O)N[C@H](Cc1ccc(F)cc1)C(=O)N1CCC(C(=O)NC(C)(C)C)(C3CCCCC3)CC1)C2,3.0245681914907374
CHEMBL364346,CHEMBL4608,Melanocortin receptor 5,IC50,=,945.0,nM,CHEMBL831025,B,Inhibition concentration (binding affinity) against human melanocortin receptor 5 by displacement of [125I]NDP-alpha-MSH from the human receptors expressed in CHO cells,CHEMBL1140367,P33032,Melanocortin receptor 5,IC50,CN1C[C@H]2CC[C@@H]1[C@H](C(=O)N[C@H](Cc1ccc(F)cc1)C(=O)N1CCC(C(=O)NC(C)(C)C)(C3CCCCC3)CC1)C2,6.0245681914907365
CHEMBL365401,CHEMBL4608,Melanocortin receptor 5,IC50,=,6460.0,nM,CHEMBL831025,B,Inhibition concentration (binding affinity) against human melanocortin receptor 5 by displacement of [125I]NDP-alpha-MSH from the human receptors expressed in CHO cells,CHEMBL1140367,P33032,Melanocortin receptor 5,IC50,CN1C[C@H]2CC[C@@H]1[C@@H](C(=O)N[C@H](Cc1ccc(F)cc1)C(=O)N1CCC(C(=O)NC(C)(C)C)(C3CCCCC3)CC1)C2,5.189767482004916
CHEMBL188966,CHEMBL4608,Melanocortin receptor 5,IC50,=,9870.0,nM,CHEMBL831025,B,Inhibition concentration (binding affinity) against human melanocortin receptor 5 by displacement of [125I]NDP-alpha-MSH from the human receptors expressed in CHO cells,CHEMBL1140367,P33032,Melanocortin receptor 5,IC50,CC(C)(C)NC(=O)C1(C2CCCCC2)CCN(C(=O)[C@@H](Cc2ccc(F)cc2)NC(=O)[C@H]2C[C@H]3CC[C@@H]2NC3)CC1,5.005682847330363
CHEMBL2113043,CHEMBL4608,Melanocortin receptor 5,IC50,=,3100.0,nM,CHEMBL830121,B,Inhibition of [125I]-NDP- alpha-MSH binding to human melanocortin 5 receptor,CHEMBL1142811,P33032,Melanocortin receptor 5,IC50,COc1ccc(N2N=C(Sc3ccc(Cl)cc3)CC(CC[C@@H](C)NC(=O)[C@H]3CCNC[C@@H]3c3ccc(F)cc3)C2=O)cc1,5.508638306165727
CHEMBL2113039,CHEMBL4608,Melanocortin receptor 5,IC50,=,690.0,nM,CHEMBL830121,B,Inhibition of [125I]-NDP- alpha-MSH binding to human melanocortin 5 receptor,CHEMBL1142811,P33032,Melanocortin receptor 5,IC50,COc1ccc(N2N=C(Sc3ccc(Cl)cc3)CC(CC[C@@H](C)NC(=O)[C@H]3CNC[C@@H]3c3ccc(F)cc3)C2=O)cc1,6.161150909262744
CHEMBL365005,CHEMBL4608,Melanocortin receptor 5,IC50,=,1400.0,nM,CHEMBL828674,B,Inhibition of [125I]-NDP- alpha-MSH binding to human melanocortin 5 receptor expressed in CHO cells,CHEMBL1142811,P33032,Melanocortin receptor 5,IC50,COc1ccc(-n2nc(Sc3ccc(Cl)cc3)cc(CC[C@@H](C)NC(=O)[C@H]3CNC[C@@H]3c3ccc(F)cc3)c2=O)cc1,5.853871964321762
CHEMBL363740,CHEMBL4608,Melanocortin receptor 5,IC50,=,840.0,nM,CHEMBL828674,B,Inhibition of [125I]-NDP- alpha-MSH binding to human melanocortin 5 receptor expressed in CHO cells,CHEMBL1142811,P33032,Melanocortin receptor 5,IC50,COc1ccc(-n2nc(Sc3ccc(Cl)cc3)cc(CC[C@@H](C)NC(=O)[C@H]3CNCC[C@@H]3c3ccc(F)cc3)c2=O)cc1,6.075720713938118
CHEMBL361883,CHEMBL4608,Melanocortin receptor 5,IC50,=,1200.0,nM,CHEMBL828674,B,Inhibition of [125I]-NDP- alpha-MSH binding to human melanocortin 5 receptor expressed in CHO cells,CHEMBL1142811,P33032,Melanocortin receptor 5,IC50,COc1ccc(-n2nc(Sc3ccc(Cl)cc3)cc(CC[C@@H](C)NC(=O)[C@H]3CCNC[C@@H]3c3ccc(F)cc3)c2=O)cc1,5.920818753952375
CHEMBL2113037,CHEMBL4608,Melanocortin receptor 5,IC50,=,1100.0,nM,CHEMBL830121,B,Inhibition of [125I]-NDP- alpha-MSH binding to human melanocortin 5 receptor,CHEMBL1142811,P33032,Melanocortin receptor 5,IC50,COc1ccc(N2N=C(Sc3ccc(Cl)cc3)CC(CC[C@@H](C)NC(=O)[C@H]3CNCC[C@@H]3c3ccc(F)cc3)C2=O)cc1,5.958607314841775
CHEMBL29582,CHEMBL4608,Melanocortin receptor 5,IC50,=,13000.0,nM,CHEMBL879485,B,Binding affinity towards human Melanocortin 5 receptor using radiolabeled NDP-MSH displacement,CHEMBL1143484,P33032,Melanocortin receptor 5,IC50,CCCC(=O)N[C@@H](Cc1c[nH]cn1)C(=O)N[C@H](Cc1ccccc1)C(=O)N[C@@H](CCCN=C(N)N)C(=O)N[C@@H](Cc1c[nH]c2ccccc12)C(=O)NCC(N)=O,4.886056647693163
CHEMBL339053,CHEMBL4608,Melanocortin receptor 5,IC50,=,326.0,nM,CHEMBL859197,B,Displacement of [125I]NDP-alpha-MSH from human MC5R expressed in CHO cells,CHEMBL1138149,P33032,Melanocortin receptor 5,IC50,O=C(N[C@H](Cc1ccc(Cl)cc1)C(=O)N1CCC(Cn2cncn2)(C2CCCCC2)CC1)[C@H]1Cc2ccccc2CN1,6.486782399932061
CHEMBL380727,CHEMBL4608,Melanocortin receptor 5,IC50,=,630.0,nM,CHEMBL859197,B,Displacement of [125I]NDP-alpha-MSH from human MC5R expressed in CHO cells,CHEMBL1138149,P33032,Melanocortin receptor 5,IC50,CCOC(=O)N(CC1(C2CCCCC2)CCN(C(=O)[C@@H](Cc2ccc(Cl)cc2)NC(=O)[C@H]2Cc3ccccc3CN2)CC1)C(C)C,6.200659450546418
CHEMBL381125,CHEMBL4608,Melanocortin receptor 5,IC50,=,200.0,nM,CHEMBL859197,B,Displacement of [125I]NDP-alpha-MSH from human MC5R expressed in CHO cells,CHEMBL1138149,P33032,Melanocortin receptor 5,IC50,CC(C)N(CC1(C2CCCCC2)CCN(C(=O)[C@@H](Cc2ccc(Cl)cc2)NC(=O)[C@H]2Cc3ccccc3CN2)CC1)S(C)(=O)=O,6.698970004336019
CHEMBL383719,CHEMBL4608,Melanocortin receptor 5,IC50,=,190.0,nM,CHEMBL859197,B,Displacement of [125I]NDP-alpha-MSH from human MC5R expressed in CHO cells,CHEMBL1138149,P33032,Melanocortin receptor 5,IC50,CC1(C)CCN(CC2(C3CCCCC3)CCN(C(=O)[C@@H](Cc3ccc(Cl)cc3)NC(=O)[C@H]3Cc4ccccc4CN3)CC2)S1(=O)=O,6.721246399047171
CHEMBL203975,CHEMBL4608,Melanocortin receptor 5,IC50,=,170.0,nM,CHEMBL859197,B,Displacement of [125I]NDP-alpha-MSH from human MC5R expressed in CHO cells,CHEMBL1138149,P33032,Melanocortin receptor 5,IC50,O=C(N[C@H](Cc1ccc(Cl)cc1)C(=O)N1CCC(CN2CCCS2(=O)=O)(C2CCCCC2)CC1)[C@H]1Cc2ccccc2CN1,6.769551078621726
CHEMBL380635,CHEMBL4608,Melanocortin receptor 5,IC50,=,210.0,nM,CHEMBL859197,B,Displacement of [125I]NDP-alpha-MSH from human MC5R expressed in CHO cells,CHEMBL1138149,P33032,Melanocortin receptor 5,IC50,O=C(N[C@H](Cc1ccc(Cl)cc1)C(=O)N1CCC(CN2C(=O)OCC23CCC3)(C2CCCCC2)CC1)[C@H]1Cc2ccccc2CN1,6.6777807052660805
CHEMBL204308,CHEMBL4608,Melanocortin receptor 5,IC50,=,170.0,nM,CHEMBL859197,B,Displacement of [125I]NDP-alpha-MSH from human MC5R expressed in CHO cells,CHEMBL1138149,P33032,Melanocortin receptor 5,IC50,O=C(N[C@H](Cc1ccc(Cl)cc1)C(=O)N1CCC(CN2C(=O)OCC23CC3)(C2CCCCC2)CC1)[C@H]1Cc2ccccc2CN1,6.769551078621726
CHEMBL204078,CHEMBL4608,Melanocortin receptor 5,IC50,=,220.0,nM,CHEMBL859197,B,Displacement of [125I]NDP-alpha-MSH from human MC5R expressed in CHO cells,CHEMBL1138149,P33032,Melanocortin receptor 5,IC50,C[C@H]1COC(=O)N1CC1(C2CCCCC2)CCN(C(=O)[C@@H](Cc2ccc(Cl)cc2)NC(=O)[C@H]2Cc3ccccc3CN2)CC1,6.657577319177793
CHEMBL203911,CHEMBL4608,Melanocortin receptor 5,IC50,=,110.0,nM,CHEMBL859197,B,Displacement of [125I]NDP-alpha-MSH from human MC5R expressed in CHO cells,CHEMBL1138149,P33032,Melanocortin receptor 5,IC50,C[C@@H]1COC(=O)N1CC1(C2CCCCC2)CCN(C(=O)[C@@H](Cc2ccc(Cl)cc2)NC(=O)[C@H]2Cc3ccccc3CN2)CC1,6.958607314841775
CHEMBL381501,CHEMBL4608,Melanocortin receptor 5,IC50,=,80.0,nM,CHEMBL859197,B,Displacement of [125I]NDP-alpha-MSH from human MC5R expressed in CHO cells,CHEMBL1138149,P33032,Melanocortin receptor 5,IC50,CC1(C)COC(=O)N1CC1(C2CCCCC2)CCN(C(=O)[C@@H](Cc2ccc(Cl)cc2)NC(=O)[C@H]2Cc3ccccc3CN2)CC1,7.096910013008056
CHEMBL265985,CHEMBL4608,Melanocortin receptor 5,IC50,=,180.0,nM,CHEMBL859197,B,Displacement of [125I]NDP-alpha-MSH from human MC5R expressed in CHO cells,CHEMBL1138149,P33032,Melanocortin receptor 5,IC50,O=C(N[C@H](Cc1ccc(Cl)cc1)C(=O)N1CCC(CN2CCOC2=O)(C2CCCCC2)CC1)[C@H]1Cc2ccccc2CN1,6.7447274948966935
CHEMBL438259,CHEMBL4608,Melanocortin receptor 5,IC50,=,160.0,nM,CHEMBL859197,B,Displacement of [125I]NDP-alpha-MSH from human MC5R expressed in CHO cells,CHEMBL1138149,P33032,Melanocortin receptor 5,IC50,CN1CCN(CC2(C3CCCCC3)CCN(C(=O)[C@@H](Cc3ccc(Cl)cc3)NC(=O)[C@H]3Cc4ccccc4CN3)CC2)C1=O,6.795880017344075
CHEMBL381503,CHEMBL4608,Melanocortin receptor 5,IC50,=,150.0,nM,CHEMBL859197,B,Displacement of [125I]NDP-alpha-MSH from human MC5R expressed in CHO cells,CHEMBL1138149,P33032,Melanocortin receptor 5,IC50,O=C(N[C@H](Cc1ccc(Cl)cc1)C(=O)N1CCC(CN2CCNC2=O)(C2CCCCC2)CC1)[C@H]1Cc2ccccc2CN1,6.823908740944319
CHEMBL446185,CHEMBL4608,Melanocortin receptor 5,IC50,=,100.0,nM,CHEMBL867662,B,Inhibitory activity against hMC5R transfected in HEK293 cells,CHEMBL1138987,P33032,Melanocortin receptor 5,IC50,CCCC[C@@H]1NC(=O)CC[C@@H](C(N)=O)NC(=O)[C@H](Cc2c[nH]c3ccccc23)NC(=O)[C@H](CCCN=C(N)N)NC(=O)[C@@H](Cc2ccccc2)NC(=O)[C@H](Cc2c[nH]cn2)NC1=O,7.0
CHEMBL430239,CHEMBL4608,Melanocortin receptor 5,IC50,=,7.5,nM,CHEMBL867662,B,Inhibitory activity against hMC5R transfected in HEK293 cells,CHEMBL1138987,P33032,Melanocortin receptor 5,IC50,CCCC[C@H](NC(C)=O)C(=O)N[C@H]1CC(=O)NCCCC[C@@H](C(N)=O)NC(=O)[C@H](Cc2c[nH]c3ccccc23)NC(=O)[C@H](CCCNC(=N)N)NC(=O)[C@@H](Cc2ccccc2)NC(=O)[C@H](Cc2cnc[nH]2)NC1=O,8.1249387366083
CHEMBL383250,CHEMBL4608,Melanocortin receptor 5,IC50,=,44.0,nM,CHEMBL867662,B,Inhibitory activity against hMC5R transfected in HEK293 cells,CHEMBL1138987,P33032,Melanocortin receptor 5,IC50,CCCC[C@@H]1NC(=O)CC[C@@H](C(N)=O)NC(=O)[C@H](Cc2c[nH]c3ccccc23)NC(=O)[C@H](CCCN=C(N)N)NC(=O)[C@@H](Cc2ccc3ccccc3c2)NC(=O)[C@H](CCC(=O)O)NC1=O,7.356547323513812
CHEMBL409144,CHEMBL4608,Melanocortin receptor 5,IC50,=,220.0,nM,CHEMBL867662,B,Inhibitory activity against hMC5R transfected in HEK293 cells,CHEMBL1138987,P33032,Melanocortin receptor 5,IC50,CCCC[C@@H]1NC(=O)CC[C@@H](C(N)=O)NC(=O)[C@H](Cc2c[nH]c3ccccc23)NC(=O)[C@H](CCCN=C(N)N)NC(=O)[C@@H](Cc2ccc3ccccc3c2)NC(=O)[C@@H](CC(=O)O)NC1=O,6.657577319177793
CHEMBL204864,CHEMBL4608,Melanocortin receptor 5,IC50,=,3.8,nM,CHEMBL867662,B,Inhibitory activity against hMC5R transfected in HEK293 cells,CHEMBL1138987,P33032,Melanocortin receptor 5,IC50,CCCC[C@@H]1NC(=O)CC[C@@H](C(N)=O)NC(=O)[C@H](Cc2c[nH]c3ccccc23)NC(=O)[C@H](CCCN=C(N)N)NC(=O)[C@@H](Cc2ccc3ccccc3c2)NC(=O)[C@H](CCCC)NC1=O,8.42021640338319
CHEMBL413573,CHEMBL4608,Melanocortin receptor 5,IC50,=,2.2,nM,CHEMBL867662,B,Inhibitory activity against hMC5R transfected in HEK293 cells,CHEMBL1138987,P33032,Melanocortin receptor 5,IC50,CCCC[C@@H]1NC(=O)CC[C@@H](C(N)=O)NC(=O)[C@H](Cc2c[nH]c3ccccc23)NC(=O)[C@H](CCCN=C(N)N)NC(=O)[C@@H](Cc2ccc3ccccc3c2)NC(=O)[C@H](C(C)C)NC1=O,8.657577319177793
CHEMBL204263,CHEMBL4608,Melanocortin receptor 5,IC50,=,2.3,nM,CHEMBL867662,B,Inhibitory activity against hMC5R transfected in HEK293 cells,CHEMBL1138987,P33032,Melanocortin receptor 5,IC50,CCCC[C@@H]1NC(=O)CC[C@@H](C(N)=O)NC(=O)[C@H](Cc2c[nH]c3ccccc23)NC(=O)[C@H](CCCN=C(N)N)NC(=O)[C@@H](Cc2ccc3ccccc3c2)NC(=O)[C@@H](CCCN=C(N)N)NC1=O,8.638272163982407
CHEMBL204310,CHEMBL4608,Melanocortin receptor 5,IC50,=,1.4,nM,CHEMBL867662,B,Inhibitory activity against hMC5R transfected in HEK293 cells,CHEMBL1138987,P33032,Melanocortin receptor 5,IC50,CCCC[C@@H]1NC(=O)CC[C@@H](C(N)=O)NC(=O)[C@H](Cc2c[nH]c3ccccc23)NC(=O)[C@H](CCCN=C(N)N)NC(=O)[C@@H](Cc2ccc3ccccc3c2)NC(=O)[C@H](CCC(N)=O)NC1=O,8.853871964321762
CHEMBL203760,CHEMBL4608,Melanocortin receptor 5,IC50,=,10.0,nM,CHEMBL867662,B,Inhibitory activity against hMC5R transfected in HEK293 cells,CHEMBL1138987,P33032,Melanocortin receptor 5,IC50,CCCC[C@@H]1NC(=O)CC[C@@H](C(N)=O)NC(=O)[C@H](Cc2c[nH]c3ccccc23)NC(=O)[C@H](CCCN=C(N)N)NC(=O)[C@@H](Cc2ccc3ccccc3c2)NC(=O)[C@@H]2CCCN2C1=O,8.0
CHEMBL425591,CHEMBL4608,Melanocortin receptor 5,IC50,=,2.3,nM,CHEMBL867662,B,Inhibitory activity against hMC5R transfected in HEK293 cells,CHEMBL1138987,P33032,Melanocortin receptor 5,IC50,CCCC[C@@H]1NC(=O)CC[C@@H](C(N)=O)NC(=O)[C@H](Cc2c[nH]c3ccccc23)NC(=O)[C@H](CCCN=C(N)N)NC(=O)[C@@H](Cc2ccc3ccccc3c2)NC(=O)[C@H](Cc2c[nH]cn2)NC1=O,8.638272163982407
CHEMBL382369,CHEMBL4608,Melanocortin receptor 5,IC50,=,3060.0,nM,CHEMBL867662,B,Inhibitory activity against hMC5R transfected in HEK293 cells,CHEMBL1138987,P33032,Melanocortin receptor 5,IC50,CCCC[C@@H]1NC(=O)CC[C@@H](C(N)=O)NC(=O)[C@H](Cc2c[nH]c3ccccc23)NC(=O)[C@H](CCCN=C(N)N)NC(=O)[C@@H](Cc2ccccc2)NC(=O)[C@@H](CCC(=O)O)NC1=O,5.514278573518419
CHEMBL380638,CHEMBL4608,Melanocortin receptor 5,IC50,=,70.0,nM,CHEMBL867662,B,Inhibitory activity against hMC5R transfected in HEK293 cells,CHEMBL1138987,P33032,Melanocortin receptor 5,IC50,CCCC[C@@H]1NC(=O)CC[C@@H](C(N)=O)NC(=O)[C@H](Cc2c[nH]c3ccccc23)NC(=O)[C@H](CCCN=C(N)N)NC(=O)[C@@H](Cc2ccccc2)NC(=O)[C@H](CCCC)NC1=O,7.154901959985743
CHEMBL427205,CHEMBL4608,Melanocortin receptor 5,IC50,=,110.0,nM,CHEMBL867662,B,Inhibitory activity against hMC5R transfected in HEK293 cells,CHEMBL1138987,P33032,Melanocortin receptor 5,IC50,CCCC[C@@H]1NC(=O)CC[C@@H](C(N)=O)NC(=O)[C@H](Cc2c[nH]c3ccccc23)NC(=O)[C@H](CCCN=C(N)N)NC(=O)[C@@H](Cc2ccccc2)NC(=O)[C@H](C(C)C)NC1=O,6.958607314841775
CHEMBL263822,CHEMBL4608,Melanocortin receptor 5,IC50,=,68.0,nM,CHEMBL867662,B,Inhibitory activity against hMC5R transfected in HEK293 cells,CHEMBL1138987,P33032,Melanocortin receptor 5,IC50,CCCC[C@@H]1NC(=O)CC[C@@H](C(N)=O)NC(=O)[C@H](Cc2c[nH]c3ccccc23)NC(=O)[C@H](CCCN=C(N)N)NC(=O)[C@@H](Cc2ccccc2)NC(=O)[C@@H](CCCN=C(N)N)NC1=O,7.167491087293763
CHEMBL203602,CHEMBL4608,Melanocortin receptor 5,IC50,=,500.0,nM,CHEMBL867662,B,Inhibitory activity against hMC5R transfected in HEK293 cells,CHEMBL1138987,P33032,Melanocortin receptor 5,IC50,CCCC[C@@H]1NC(=O)CC[C@@H](C(N)=O)NC(=O)[C@H](Cc2c[nH]c3ccccc23)NC(=O)[C@H](CCCN=C(N)N)NC(=O)[C@@H](Cc2ccccc2)NC(=O)[C@@H](CCC(N)=O)NC1=O,6.301029995663981
CHEMBL381739,CHEMBL4608,Melanocortin receptor 5,IC50,=,400.0,nM,CHEMBL867662,B,Inhibitory activity against hMC5R transfected in HEK293 cells,CHEMBL1138987,P33032,Melanocortin receptor 5,IC50,CCCC[C@@H]1NC(=O)CC[C@@H](C(N)=O)NC(=O)[C@H](Cc2c[nH]c3ccccc23)NC(=O)[C@H](CCCN=C(N)N)NC(=O)[C@@H](Cc2ccccc2)NC(=O)[C@H]2CCCN2C1=O,6.3979400086720375
CHEMBL430239,CHEMBL4608,Melanocortin receptor 5,IC50,=,7.5,nM,CHEMBL907167,B,Displacement of [125I]NDP-alphaMSH from human MC5 receptor expressed in HEK293 cells,CHEMBL1137337,P33032,Melanocortin receptor 5,IC50,CCCC[C@H](NC(C)=O)C(=O)N[C@H]1CC(=O)NCCCC[C@@H](C(N)=O)NC(=O)[C@H](Cc2c[nH]c3ccccc23)NC(=O)[C@H](CCCNC(=N)N)NC(=O)[C@@H](Cc2ccccc2)NC(=O)[C@H](Cc2cnc[nH]2)NC1=O,8.1249387366083
CHEMBL268684,CHEMBL4608,Melanocortin receptor 5,IC50,=,209.0,nM,CHEMBL907167,B,Displacement of [125I]NDP-alphaMSH from human MC5 receptor expressed in HEK293 cells,CHEMBL1137337,P33032,Melanocortin receptor 5,IC50,CC(=O)N[C@H]1CSSC[C@@H](C(=O)N(CCCCN=C(N)N)[C@@H](Cc2c[nH]c3ccccc23)C(N)=O)NC(=O)[C@@H](Cc2ccc3ccccc3c2)NC(=O)[C@H](Cc2c[nH]cn2)NC1=O,6.679853713888946
CHEMBL387169,CHEMBL4608,Melanocortin receptor 5,IC50,=,0.8,nM,CHEMBL908723,B,Displacement of [125I]NDP-alpha-MSH from human MC5R expressed in HEK293 cells,CHEMBL1137290,P33032,Melanocortin receptor 5,IC50,O=C(CCc1c[nH]c2ccccc12)N1C[C@@H]2CCCN2C[C@@H]1Cc1ccccc1,9.096910013008056
CHEMBL218361,CHEMBL4608,Melanocortin receptor 5,IC50,=,0.5,nM,CHEMBL908723,B,Displacement of [125I]NDP-alpha-MSH from human MC5R expressed in HEK293 cells,CHEMBL1137290,P33032,Melanocortin receptor 5,IC50,O=C(CCC(=O)N1C[C@@H]2CCCN2C[C@@H]1Cc1ccccc1)NCCc1c[nH]c2ccccc12,9.301029995663981
CHEMBL430239,CHEMBL4608,Melanocortin receptor 5,IC50,=,7.0,nM,CHEMBL908723,B,Displacement of [125I]NDP-alpha-MSH from human MC5R expressed in HEK293 cells,CHEMBL1137290,P33032,Melanocortin receptor 5,IC50,CCCC[C@H](NC(C)=O)C(=O)N[C@H]1CC(=O)NCCCC[C@@H](C(N)=O)NC(=O)[C@H](Cc2c[nH]c3ccccc23)NC(=O)[C@H](CCCNC(=N)N)NC(=O)[C@@H](Cc2ccccc2)NC(=O)[C@H](Cc2cnc[nH]2)NC1=O,8.154901959985743
CHEMBL220018,CHEMBL4608,Melanocortin receptor 5,IC50,=,0.1,nM,CHEMBL908723,B,Displacement of [125I]NDP-alpha-MSH from human MC5R expressed in HEK293 cells,CHEMBL1137290,P33032,Melanocortin receptor 5,IC50,N=C(N)NCCC[C@H](NC(=O)CCc1c[nH]c2ccccc12)C(=O)N1C[C@@H]2CCCN2C[C@@H]1Cc1ccccc1,10.0
CHEMBL218558,CHEMBL4608,Melanocortin receptor 5,IC50,=,0.4,nM,CHEMBL908723,B,Displacement of [125I]NDP-alpha-MSH from human MC5R expressed in HEK293 cells,CHEMBL1137290,P33032,Melanocortin receptor 5,IC50,O=C(CCc1c[nH]c2ccccc12)NCCCCCC(=O)N1C[C@@H]2CCCN2C[C@@H]1Cc1ccccc1,9.397940008672037
CHEMBL425442,CHEMBL4608,Melanocortin receptor 5,IC50,=,0.1,nM,CHEMBL908723,B,Displacement of [125I]NDP-alpha-MSH from human MC5R expressed in HEK293 cells,CHEMBL1137290,P33032,Melanocortin receptor 5,IC50,O=C(CCC(=O)N1C[C@@H]2CCCN2C[C@H]1Cc1ccccc1)NCCc1c[nH]c2ccccc12,10.0
CHEMBL389674,CHEMBL4608,Melanocortin receptor 5,IC50,=,250.0,nM,CHEMBL919367,B,Displacement of [125I]NDPalphaMSH from human cloned MC5R expressed in CHO cells,CHEMBL1139880,P33032,Melanocortin receptor 5,IC50,CCCC[C@H](NC(C)=O)C(=O)N[C@H]1CC(=O)NCCCC[C@@H](C(N)=O)NC(=O)[C@H](Cc2cc3ccccc3[nH]2)NC(=O)[C@@H]2CCCN2C(=O)[C@@H](Cc2ccccc2)NC(=O)[C@H](Cc2cnc[nH]2)NC1=O,6.6020599913279625
CHEMBL2371973,CHEMBL4608,Melanocortin receptor 5,IC50,=,24.0,nM,CHEMBL919367,B,Displacement of [125I]NDPalphaMSH from human cloned MC5R expressed in CHO cells,CHEMBL1139880,P33032,Melanocortin receptor 5,IC50,CCCC[C@H](NC(C)=O)C(=O)N[C@H]1CC(=O)NCCCC[C@@H](C(N)=O)NC(=O)[C@H](Cc2c[nH]c3ccccc23)NC(=O)[C@@H]2CCCCN2C(=O)[C@H](Cc2ccc(Cc3ccccc3)cc2)NC(=O)[C@@H]2CC3CCCCC3N2C1=O,7.619788758288394
CHEMBL2371972,CHEMBL4608,Melanocortin receptor 5,IC50,=,700.0,nM,CHEMBL919367,B,Displacement of [125I]NDPalphaMSH from human cloned MC5R expressed in CHO cells,CHEMBL1139880,P33032,Melanocortin receptor 5,IC50,CCCC[C@H](NC(C)=O)C(=O)N[C@H]1CC(=O)NCCCC[C@@H](C(N)=O)NC(=O)[C@H](Cc2c[nH]c3ccccc23)NC(=O)[C@@H]2CCCCN2C(=O)[C@H](CC2CCC(C3CCCCC3)CC2)NC(=O)[C@H]2CC3CCCCC3N2C1=O,6.154901959985743
CHEMBL2371971,CHEMBL4608,Melanocortin receptor 5,IC50,=,2.1,nM,CHEMBL919367,B,Displacement of [125I]NDPalphaMSH from human cloned MC5R expressed in CHO cells,CHEMBL1139880,P33032,Melanocortin receptor 5,IC50,CCCC[C@H](NC(C)=O)C(=O)N[C@H]1CC(=O)NCCCC[C@@H](C(N)=O)NC(=O)[C@H](Cc2c[nH]c3ccccc23)NC(=O)[C@@H]2CCCCN2C(=O)[C@H](Cc2ccc(-c3ccccc3)cc2)NC(=O)[C@H](c2ccccc2)NC1=O,8.67778070526608
CHEMBL2371970,CHEMBL4608,Melanocortin receptor 5,IC50,=,50.0,nM,CHEMBL919367,B,Displacement of [125I]NDPalphaMSH from human cloned MC5R expressed in CHO cells,CHEMBL1139880,P33032,Melanocortin receptor 5,IC50,CCCC[C@H](NC(C)=O)C(=O)N[C@H]1CC(=O)NCCCC[C@@H](C(N)=O)NC(=O)[C@H](Cc2c[nH]c3ccccc23)NC(=O)[C@@H]2CCCCN2C(=O)[C@H](Cc2ccc(-c3ccccc3)cc2)NC(=O)[C@H](C2CCCCC2)NC1=O,7.301029995663981
CHEMBL2371969,CHEMBL4608,Melanocortin receptor 5,IC50,=,7.3,nM,CHEMBL919367,B,Displacement of [125I]NDPalphaMSH from human cloned MC5R expressed in CHO cells,CHEMBL1139880,P33032,Melanocortin receptor 5,IC50,CCCC[C@H](NC(C)=O)C(=O)N[C@H]1CC(=O)NCCCC[C@@H](C(N)=O)NC(=O)[C@H](Cc2c[nH]c3ccccc23)NC(=O)[C@@H]2CCCCN2C(=O)[C@H](Cc2ccc(-c3ccccc3)cc2)NC(=O)[C@H](C(C)C)NC1=O,8.136677139879545
CHEMBL2371968,CHEMBL4608,Melanocortin receptor 5,IC50,=,0.95,nM,CHEMBL919367,B,Displacement of [125I]NDPalphaMSH from human cloned MC5R expressed in CHO cells,CHEMBL1139880,P33032,Melanocortin receptor 5,IC50,CCCC[C@H](NC(C)=O)C(=O)N[C@H]1CC(=O)NCCCC[C@@H](C(N)=O)NC(=O)[C@H](Cc2c[nH]c3ccccc23)NC(=O)[C@@H]2CCCCN2C(=O)[C@H](Cc2ccc(-c3ccccc3)cc2)NC(=O)[C@@H]2CC3CCCCC3N2C1=O,9.022276394711152
CHEMBL2371967,CHEMBL4608,Melanocortin receptor 5,IC50,=,2.7,nM,CHEMBL919367,B,Displacement of [125I]NDPalphaMSH from human cloned MC5R expressed in CHO cells,CHEMBL1139880,P33032,Melanocortin receptor 5,IC50,CCCC[C@H](NC(C)=O)C(=O)N[C@H]1CC(=O)NCCCC[C@@H](C(N)=O)NC(=O)[C@H](Cc2c[nH]c3ccccc23)NC(=O)[C@@H]2CCCCN2C(=O)[C@H](Cc2ccc(-c3ccccc3)cc2)NC(=O)[C@@H]2Cc3ccccc3CN2C1=O,8.568636235841012
CHEMBL2371966,CHEMBL4608,Melanocortin receptor 5,IC50,=,0.15,nM,CHEMBL919367,B,Displacement of [125I]NDPalphaMSH from human cloned MC5R expressed in CHO cells,CHEMBL1139880,P33032,Melanocortin receptor 5,IC50,CCCC[C@H](NC(C)=O)C(=O)N[C@H]1CC(=O)NCCCC[C@@H](C(N)=O)NC(=O)[C@H](Cc2c[nH]c3ccccc23)NC(=O)[C@@H]2CCCCN2C(=O)[C@H](Cc2ccc(-c3ccccc3)cc2)NC(=O)[C@@H]2CCCN2C1=O,9.823908740944319
CHEMBL2371965,CHEMBL4608,Melanocortin receptor 5,IC50,=,10.0,nM,CHEMBL919367,B,Displacement of [125I]NDPalphaMSH from human cloned MC5R expressed in CHO cells,CHEMBL1139880,P33032,Melanocortin receptor 5,IC50,CCCC[C@H](NC(C)=O)C(=O)N[C@H]1CC(=O)NCCCC[C@@H](C(N)=O)NC(=O)[C@H](Cc2c[nH]c3ccccc23)NC(=O)[C@@H]2CCCN2C(=O)[C@H](Cc2ccc(-c3ccccc3)cc2)NC(=O)[C@@H]2CC3CCCCC3N2C1=O,8.0
CHEMBL2371963,CHEMBL4608,Melanocortin receptor 5,IC50,=,2.9,nM,CHEMBL919367,B,Displacement of [125I]NDPalphaMSH from human cloned MC5R expressed in CHO cells,CHEMBL1139880,P33032,Melanocortin receptor 5,IC50,CCCC[C@H](NC(C)=O)C(=O)N[C@H]1CC(=O)NCCCC[C@@H](C(N)=O)NC(=O)[C@H](Cc2c[nH]c3ccccc23)NC(=O)[C@@H]2CCCN2C(=O)[C@H](Cc2ccc(-c3ccccc3)cc2)NC(=O)[C@@H]2CCCN2C1=O,8.537602002101044
CHEMBL2371962,CHEMBL4608,Melanocortin receptor 5,IC50,=,0.72,nM,CHEMBL919367,B,Displacement of [125I]NDPalphaMSH from human cloned MC5R expressed in CHO cells,CHEMBL1139880,P33032,Melanocortin receptor 5,IC50,CCCC[C@H](NC(C)=O)C(=O)N[C@H]1CC(=O)NCCCC[C@@H](C(N)=O)NC(=O)[C@H](Cc2c[nH]c3ccccc23)NC(=O)[C@@H]2CCCCN2C(=O)[C@H](Cc2ccc(-c3ccccc3)cc2)NC(=O)[C@H](Cc2c[nH]cn2)NC1=O,9.142667503568731
CHEMBL375947,CHEMBL4608,Melanocortin receptor 5,IC50,=,390.0,nM,CHEMBL919367,B,Displacement of [125I]NDPalphaMSH from human cloned MC5R expressed in CHO cells,CHEMBL1139880,P33032,Melanocortin receptor 5,IC50,CCCC[C@H](NC(C)=O)C(=O)N[C@H]1CC(=O)NCCCC[C@@H](C(N)=O)NC(=O)[C@H](Cc2cc3ccccc3[nH]2)NC(=O)[C@@H]2CCCN2C(=O)[C@H](Cc2ccccc2)NC(=O)[C@H](Cc2cnc[nH]2)NC1=O,6.4089353929735005
CHEMBL2371964,CHEMBL4608,Melanocortin receptor 5,IC50,=,1500.0,nM,CHEMBL919367,B,Displacement of [125I]NDPalphaMSH from human cloned MC5R expressed in CHO cells,CHEMBL1139880,P33032,Melanocortin receptor 5,IC50,CCCC[C@H](NC(C)=O)C(=O)N[C@H]1CC(=O)NCCCC[C@@H](C(N)=O)NC(=O)[C@H](Cc2cc3ccccc3[nH]2)NC(=O)[C@@H]2CCCN2C(=O)[C@@H](C(c2ccccc2)c2ccccc2)NC(=O)[C@H](Cc2cnc[nH]2)NC1=O,5.823908740944319
CHEMBL438118,CHEMBL4608,Melanocortin receptor 5,IC50,=,4.1,nM,CHEMBL919367,B,Displacement of [125I]NDPalphaMSH from human cloned MC5R expressed in CHO cells,CHEMBL1139880,P33032,Melanocortin receptor 5,IC50,CCCC[C@H](NC(C)=O)C(=O)C[C@H]1CC(=O)NCCCC[C@@H](C(N)=O)NC(=O)[C@H](Cc2cc3ccccc3[nH]2)NC(=O)[C@@H]2CCCN2C(=O)[C@@H](Cc2ccc(-c3ccccc3)cc2)NC(=O)[C@H](Cc2cnc[nH]2)NC1=O,8.387216143280265
CHEMBL227239,CHEMBL4608,Melanocortin receptor 5,IC50,=,360.0,nM,CHEMBL919367,B,Displacement of [125I]NDPalphaMSH from human cloned MC5R expressed in CHO cells,CHEMBL1139880,P33032,Melanocortin receptor 5,IC50,CCCC[C@H](NC(C)=O)C(=O)N[C@H]1CC(=O)NCCCC[C@@H](C(N)=O)NC(=O)[C@H](Cc2cc3ccccc3[nH]2)NC(=O)[C@@H]2CCCN2C(=O)[C@@H](Cc2cc3ccccc3s2)N(CC)C(=O)[C@H](Cc2cnc[nH]2)NC1=O,6.443697499232712
CHEMBL376339,CHEMBL4608,Melanocortin receptor 5,IC50,=,1300.0,nM,CHEMBL919367,B,Displacement of [125I]NDPalphaMSH from human cloned MC5R expressed in CHO cells,CHEMBL1139880,P33032,Melanocortin receptor 5,IC50,CCCC[C@H](NC(C)=O)C(=O)N[C@H]1CC(=O)NCCCC[C@@H](C(N)=O)NC(=O)[C@H](Cc2cc3ccccc3[nH]2)NC(=O)[C@@H]2CCCN2C(=O)[C@@H](Cc2ccc(Cl)cc2)NC(=O)[C@H](Cc2cnc[nH]2)NC1=O,5.886056647693163
CHEMBL227833,CHEMBL4608,Melanocortin receptor 5,IC50,=,780.0,nM,CHEMBL919367,B,Displacement of [125I]NDPalphaMSH from human cloned MC5R expressed in CHO cells,CHEMBL1139880,P33032,Melanocortin receptor 5,IC50,CCCC[C@H](NC(C)=O)C(=O)N[C@H]1CC(=O)NCCCC[C@@H](C(N)=O)NC(=O)[C@H](Cc2cc3ccccc3[nH]2)NC(=O)[C@@H]2CCCN2C(=O)[C@@H](Cc2ccc([N+](=O)[O-])cc2)NC(=O)[C@H](Cc2cnc[nH]2)NC1=O,6.107905397309519
CHEMBL376614,CHEMBL4608,Melanocortin receptor 5,IC50,=,340.0,nM,CHEMBL919367,B,Displacement of [125I]NDPalphaMSH from human cloned MC5R expressed in CHO cells,CHEMBL1139880,P33032,Melanocortin receptor 5,IC50,CCCC[C@H](NC(C)=O)C(=O)N[C@H]1CC(=O)NCCCC[C@@H](C(N)=O)NC(=O)[C@H](Cc2cc3ccccc3[nH]2)NC(=O)[C@@H]2CCCN2C(=O)[C@@H](Cc2ccc(O)cc2)N(CC)C(=O)[C@H](Cc2cnc[nH]2)NC1=O,6.468521082957745
CHEMBL228194,CHEMBL4608,Melanocortin receptor 5,IC50,=,2600.0,nM,CHEMBL919367,B,Displacement of [125I]NDPalphaMSH from human cloned MC5R expressed in CHO cells,CHEMBL1139880,P33032,Melanocortin receptor 5,IC50,CCCC[C@H](NC(C)=O)C(=O)N[C@H]1CC(=O)NCCCC[C@@H](C(N)=O)NC(=O)[C@H](Cc2cc3ccccc3[nH]2)NC(=O)[C@@H]2CCCN2C(=O)[C@@H](Cc2ccc(O)cc2)N(C)C(=O)[C@H](Cc2cnc[nH]2)NC1=O,5.585026652029182
CHEMBL426756,CHEMBL4608,Melanocortin receptor 5,IC50,=,2700.0,nM,CHEMBL919367,B,Displacement of [125I]NDPalphaMSH from human cloned MC5R expressed in CHO cells,CHEMBL1139880,P33032,Melanocortin receptor 5,IC50,CCCC[C@H](NC(C)=O)C(=O)N[C@H]1CC(=O)NCCCC[C@@H](C(N)=O)NC(=O)[C@H](Cc2cc3ccccc3[nH]2)NC(=O)[C@@H]2CCCN2C(=O)[C@@H](Cc2c[nH]c3ccccc23)NC(=O)[C@H](Cc2cnc[nH]2)NC1=O,5.568636235841012
CHEMBL438294,CHEMBL4608,Melanocortin receptor 5,IC50,=,50.0,nM,CHEMBL919367,B,Displacement of [125I]NDPalphaMSH from human cloned MC5R expressed in CHO cells,CHEMBL1139880,P33032,Melanocortin receptor 5,IC50,CCCC[C@H](NC(C)=O)C(=O)N[C@H]1CC(=O)NCCCC[C@@H](C(N)=O)NC(=O)[C@H](Cc2cc3ccccc3[nH]2)NC(=O)[C@@H]2CCCN2C(=O)[C@@H](Cc2ccc3ccccc3c2)NC(=O)[C@H](Cc2cnc[nH]2)NC1=O,7.301029995663981
CHEMBL234629,CHEMBL4608,Melanocortin receptor 5,IC50,=,2900.0,nM,CHEMBL892580,B,Displacement of [125I]NDPalphaMSH from human MC5R expressed in HEK293 cells,CHEMBL1147202,P33032,Melanocortin receptor 5,IC50,CCCC[C@H](N)C(=O)N[C@H]1CC(=O)NCCCC[C@@H](C(N)=O)NC(=O)[C@H](Cc2c[nH]c3ccccc23)NC(=O)[C@H](CCCNC(=N)N)NC(=O)[C@@H](Cc2ccccc2)N2Cc3ccccc3CC(NC1=O)C2=O,5.537602002101044
CHEMBL393075,CHEMBL4608,Melanocortin receptor 5,IC50,=,7.47,nM,CHEMBL892580,B,Displacement of [125I]NDPalphaMSH from human MC5R expressed in HEK293 cells,CHEMBL1147202,P33032,Melanocortin receptor 5,IC50,CCCC[C@H](N)C(=O)N[C@H]1CC(=O)NCCCC[C@@H](C(N)=O)NC(=O)[C@H](Cc2c[nH]c3ccccc23)NC(=O)[C@H](CCCNC(=N)N)NC(=O)[C@@H](Cc2ccc3ccccc3c2)NC(=O)[C@H](Cc2cnc[nH]2)NC1=O,8.126679398184601
CHEMBL391704,CHEMBL4608,Melanocortin receptor 5,IC50,=,87.0,nM,CHEMBL892580,B,Displacement of [125I]NDPalphaMSH from human MC5R expressed in HEK293 cells,CHEMBL1147202,P33032,Melanocortin receptor 5,IC50,CCCC[C@H](N)C(=O)N[C@H]1CC(=O)NCCCC[C@@H](C(N)=O)NC(=O)[C@H](Cc2c[nH]c3ccccc23)NC(=O)[C@H](CCCNC(=N)N)NC(=O)[C@@H](Cc2ccc3ccccc3c2)N2Cc3ccccc3CC(NC1=O)C2=O,7.060480747381382
CHEMBL391796,CHEMBL4608,Melanocortin receptor 5,IC50,=,123.0,nM,CHEMBL892580,B,Displacement of [125I]NDPalphaMSH from human MC5R expressed in HEK293 cells,CHEMBL1147202,P33032,Melanocortin receptor 5,IC50,CCCC[C@H](N)C(=O)N[C@H]1CC(=O)NCCCC[C@@H](C(N)=O)NC(=O)[C@H](Cc2c[nH]c3ccccc23)NC(=O)[C@H](CCCNC(=N)N)NC(=O)[C@@H](Cc2ccc(Cl)cc2)N2Cc3ccccc3CC(NC1=O)C2=O,6.910094888560602
CHEMBL430239,CHEMBL4608,Melanocortin receptor 5,IC50,=,7.47,nM,CHEMBL926584,B,"Displacement of [125I][Nle4,D-Phe7]alpha-MSH from human MC5 receptor expressed in HEK293 cells",CHEMBL1140710,P33032,Melanocortin receptor 5,IC50,CCCC[C@H](NC(C)=O)C(=O)N[C@H]1CC(=O)NCCCC[C@@H](C(N)=O)NC(=O)[C@H](Cc2c[nH]c3ccccc23)NC(=O)[C@H](CCCNC(=N)N)NC(=O)[C@@H](Cc2ccccc2)NC(=O)[C@H](Cc2cnc[nH]2)NC1=O,8.126679398184601
CHEMBL267265,CHEMBL4608,Melanocortin receptor 5,IC50,=,17.0,nM,CHEMBL926584,B,"Displacement of [125I][Nle4,D-Phe7]alpha-MSH from human MC5 receptor expressed in HEK293 cells",CHEMBL1140710,P33032,Melanocortin receptor 5,IC50,N=C(N)NCCC[C@@H]1NC(=O)[C@@H](Cc2ccc3ccccc3c2)NC(=O)[C@@H](N)CCCCC(=O)CCC(=O)NCCCC[C@@H](C(N)=O)NC(=O)[C@H](Cc2c[nH]c3ccccc23)NC1=O,7.769551078621726
CHEMBL411391,CHEMBL4608,Melanocortin receptor 5,IC50,=,520.0,nM,CHEMBL926584,B,"Displacement of [125I][Nle4,D-Phe7]alpha-MSH from human MC5 receptor expressed in HEK293 cells",CHEMBL1140710,P33032,Melanocortin receptor 5,IC50,N=C(N)NCCC[C@@H]1NC(=O)[C@@H](Cc2ccccc2)NC(=O)[C@@H](N)CCCCC(=O)CCC(=O)NCCCC[C@@H](C(N)=O)NC(=O)[C@H](Cc2c[nH]c3ccccc23)NC1=O,6.2839966563652006
CHEMBL253789,CHEMBL4608,Melanocortin receptor 5,IC50,=,230.0,nM,CHEMBL926584,B,"Displacement of [125I][Nle4,D-Phe7]alpha-MSH from human MC5 receptor expressed in HEK293 cells",CHEMBL1140710,P33032,Melanocortin receptor 5,IC50,N=C(N)NCCC[C@@H]1NC(=O)[C@@H](Cc2ccc3ccccc3c2)NC(=O)c2nccnc2C(=O)NCCCC[C@@H](C(N)=O)NC(=O)[C@H](Cc2c[nH]c3ccccc23)NC1=O,6.638272163982407
CHEMBL398635,CHEMBL4608,Melanocortin receptor 5,IC50,=,120.0,nM,CHEMBL926584,B,"Displacement of [125I][Nle4,D-Phe7]alpha-MSH from human MC5 receptor expressed in HEK293 cells",CHEMBL1140710,P33032,Melanocortin receptor 5,IC50,N=C(N)NCCC[C@@H]1NC(=O)[C@@H](Cc2ccc3ccccc3c2)NC(=O)[C@@H]2CCCN2C(=O)/C=C\C(=O)NCCCC[C@@H](C(N)=O)NC(=O)[C@H](Cc2c[nH]c3ccccc23)NC1=O,6.920818753952375
CHEMBL400866,CHEMBL4608,Melanocortin receptor 5,IC50,=,790.0,nM,CHEMBL926584,B,"Displacement of [125I][Nle4,D-Phe7]alpha-MSH from human MC5 receptor expressed in HEK293 cells",CHEMBL1140710,P33032,Melanocortin receptor 5,IC50,N=C(N)NCCC[C@@H]1NC(=O)[C@@H](Cc2ccccc2)NC(=O)[C@@H]2CCCN2C(=O)/C=C\C(=O)NCCCC[C@@H](C(N)=O)NC(=O)[C@H](Cc2c[nH]c3ccccc23)NC1=O,6.102372908709558
CHEMBL398665,CHEMBL4608,Melanocortin receptor 5,IC50,=,27.0,nM,CHEMBL926584,B,"Displacement of [125I][Nle4,D-Phe7]alpha-MSH from human MC5 receptor expressed in HEK293 cells",CHEMBL1140710,P33032,Melanocortin receptor 5,IC50,N=C(N)NCCC[C@@H]1NC(=O)[C@@H](Cc2ccc3ccccc3c2)NC(=O)[C@@H]2CCCN2C(=O)c2ccccc2C(=O)CCCNCCCC[C@@H](C(N)=O)NC(=O)[C@H](Cc2c[nH]c3ccccc23)NC1=O,7.568636235841012
CHEMBL398664,CHEMBL4608,Melanocortin receptor 5,IC50,=,870.0,nM,CHEMBL926584,B,"Displacement of [125I][Nle4,D-Phe7]alpha-MSH from human MC5 receptor expressed in HEK293 cells",CHEMBL1140710,P33032,Melanocortin receptor 5,IC50,N=C(N)NCCC[C@@H]1NC(=O)[C@@H](Cc2ccccc2)NC(=O)[C@@H]2CCCN2C(=O)CCCNCCCC[C@@H](C(N)=O)NC(=O)[C@H](Cc2c[nH]c3ccccc23)NC1=O,6.060480747381382
CHEMBL253788,CHEMBL4608,Melanocortin receptor 5,IC50,=,210.0,nM,CHEMBL926584,B,"Displacement of [125I][Nle4,D-Phe7]alpha-MSH from human MC5 receptor expressed in HEK293 cells",CHEMBL1140710,P33032,Melanocortin receptor 5,IC50,N=C(N)NCCC[C@@H]1NC(=O)[C@@H](Cc2ccc3ccccc3c2)NC(=O)[C@@H]2CCCN2C(=O)c2ccccc2C(=O)NCCCC[C@@H](C(N)=O)NC(=O)[C@H](Cc2c[nH]c3ccccc23)NC1=O,6.6777807052660805
CHEMBL254589,CHEMBL4608,Melanocortin receptor 5,IC50,=,129.4,nM,CHEMBL925938,B,Binding affinity to human MC5R,CHEMBL1143099,P33032,Melanocortin receptor 5,IC50,CC[C@H](NC(C)=O)c1cc(Cl)ccc1C1CCN(C(=O)[C@@H]2CN(C(C)(C)C)C[C@H]2c2ccc(Cl)cc2F)CC1,6.888065723667319
CHEMBL403420,CHEMBL4608,Melanocortin receptor 5,IC50,=,675.0,nM,CHEMBL925938,B,Binding affinity to human MC5R,CHEMBL1143099,P33032,Melanocortin receptor 5,IC50,CC[C@H](NC(C)=O)c1cc(Cl)ccc1C1CCN(C(=O)[C@@H]2CN(C(C)(C)C)C[C@H]2c2ccc3ccccc3c2)CC1,6.170696227168975
CHEMBL402769,CHEMBL4608,Melanocortin receptor 5,IC50,=,450.0,nM,CHEMBL925938,B,Binding affinity to human MC5R,CHEMBL1143099,P33032,Melanocortin receptor 5,IC50,CC[C@H](NC(C)=O)c1cc(Cl)ccc1C1CCN(C(=O)[C@H]2CN(C(C)(C)C)C[C@@H]2c2ccc(C(F)(F)F)cc2)CC1,6.346787486224656
CHEMBL257759,CHEMBL4608,Melanocortin receptor 5,IC50,=,205.0,nM,CHEMBL925938,B,Binding affinity to human MC5R,CHEMBL1143099,P33032,Melanocortin receptor 5,IC50,CC[C@H](NC(C)=O)c1cc(Cl)ccc1C1CCN(C(=O)[C@@H]2CN(C(C)(C)C)C[C@H]2c2ccc(OC)cc2F)CC1,6.688246138944246
CHEMBL429854,CHEMBL4608,Melanocortin receptor 5,IC50,=,65.3,nM,CHEMBL925938,B,Binding affinity to human MC5R,CHEMBL1143099,P33032,Melanocortin receptor 5,IC50,CC[C@H](NC(C)=O)c1cc(Cl)ccc1C1CCN(C(=O)[C@@H]2CN(C(C)(C)C)C[C@H]2c2ccc(Br)cc2F)CC1,7.185086818724926
CHEMBL255286,CHEMBL4608,Melanocortin receptor 5,IC50,=,280.3,nM,CHEMBL925938,B,Binding affinity to human MC5R,CHEMBL1143099,P33032,Melanocortin receptor 5,IC50,CC[C@H](NC(C)=O)c1cc(Cl)ccc1C1CCN(C(=O)[C@H]2CN(C(C)(C)C)C[C@@H]2c2ccc(Br)cc2F)CC1,6.552376902239714
CHEMBL254757,CHEMBL4608,Melanocortin receptor 5,IC50,=,245.4,nM,CHEMBL925938,B,Binding affinity to human MC5R,CHEMBL1143099,P33032,Melanocortin receptor 5,IC50,CC[C@H](NC(C)=O)c1cc(Cl)ccc1C1CCN(C(=O)[C@H]2CN(C(C)(C)C)C[C@@H]2c2ccc(Cl)cc2Cl)CC1,6.610125441609014
CHEMBL504986,CHEMBL4608,Melanocortin receptor 5,IC50,=,190.0,nM,CHEMBL975196,B,"Displacement of [125I]-[Nle4, D-Phe7]alpha-MSH from human melanocortin 5 receptor expressed in HEK293 cells",CHEMBL1150264,P33032,Melanocortin receptor 5,IC50,N=C(N)NCCC[C@@H]1NC(=O)[C@@H](Cc2ccccc2)NC(=O)[C@H](Cc2cnc[nH]2)NC(=O)c2cc([N+](=O)[O-])ccc2SC[C@@H](C(N)=O)NC(=O)[C@H](Cc2c[nH]c3ccccc23)NC1=O,6.721246399047171
CHEMBL506274,CHEMBL4608,Melanocortin receptor 5,IC50,=,340.0,nM,CHEMBL975196,B,"Displacement of [125I]-[Nle4, D-Phe7]alpha-MSH from human melanocortin 5 receptor expressed in HEK293 cells",CHEMBL1150264,P33032,Melanocortin receptor 5,IC50,N=C(N)NCCC[C@@H]1NC(=O)[C@@H](Cc2ccccc2)NC(=O)[C@H](Cc2cnc[nH]2)NC(=O)c2cc([N+](=O)[O-])ccc2SC[C@@H](C(N)=O)NC(=O)[C@H](Cc2ccc3ccccc3c2)NC1=O,6.468521082957745
CHEMBL508816,CHEMBL4608,Melanocortin receptor 5,IC50,=,130.0,nM,CHEMBL975196,B,"Displacement of [125I]-[Nle4, D-Phe7]alpha-MSH from human melanocortin 5 receptor expressed in HEK293 cells",CHEMBL1150264,P33032,Melanocortin receptor 5,IC50,N=C(N)NCCC[C@@H]1NC(=O)[C@H](Cc2ccc3ccccc3c2)NC(=O)[C@H](Cc2cnc[nH]2)NC(=O)c2cc([N+](=O)[O-])ccc2SC[C@@H](C(N)=O)NC(=O)[C@H](Cc2c[nH]c3ccccc23)NC1=O,6.886056647693163
CHEMBL448081,CHEMBL4608,Melanocortin receptor 5,IC50,=,760.0,nM,CHEMBL975196,B,"Displacement of [125I]-[Nle4, D-Phe7]alpha-MSH from human melanocortin 5 receptor expressed in HEK293 cells",CHEMBL1150264,P33032,Melanocortin receptor 5,IC50,N=C(N)NCCC[C@@H]1NC(=O)[C@@H](Cc2ccc3ccccc3c2)NC(=O)[C@H](Cc2cnc[nH]2)NC(=O)c2cc([N+](=O)[O-])ccc2SC[C@@H](C(N)=O)NC(=O)[C@H](Cc2c[nH]c3ccccc23)NC1=O,6.119186407719209
CHEMBL552520,CHEMBL4608,Melanocortin receptor 5,IC50,=,58.0,nM,CHEMBL975196,B,"Displacement of [125I]-[Nle4, D-Phe7]alpha-MSH from human melanocortin 5 receptor expressed in HEK293 cells",CHEMBL1150264,P33032,Melanocortin receptor 5,IC50,N=C(N)NCCC[C@@H]1NC(=O)[C@@H](Cc2ccccc2)NC(=O)[C@@H]2CCCN2C(=O)c2cc([N+](=O)[O-])ccc2SC[C@@H](C(N)=O)NC(=O)[C@H](Cc2c[nH]c3ccccc23)NC1=O,7.236572006437063
CHEMBL510234,CHEMBL4608,Melanocortin receptor 5,IC50,=,38.0,nM,CHEMBL975196,B,"Displacement of [125I]-[Nle4, D-Phe7]alpha-MSH from human melanocortin 5 receptor expressed in HEK293 cells",CHEMBL1150264,P33032,Melanocortin receptor 5,IC50,N=C(N)NCCC[C@@H]1NC(=O)[C@@H](Cc2ccccc2)NC(=O)[C@H](CC2CCCCC2)NC(=O)c2cc([N+](=O)[O-])ccc2SC[C@@H](C(N)=O)NC(=O)[C@H](Cc2c[nH]c3ccccc23)NC1=O,7.42021640338319
CHEMBL449124,CHEMBL4608,Melanocortin receptor 5,IC50,=,560.0,nM,CHEMBL975196,B,"Displacement of [125I]-[Nle4, D-Phe7]alpha-MSH from human melanocortin 5 receptor expressed in HEK293 cells",CHEMBL1150264,P33032,Melanocortin receptor 5,IC50,N=C(N)NCCC[C@@H]1NC(=O)[C@@H](Cc2ccccc2)NC(=O)C2(Cc3ccccc3C2)NC(=O)c2cc([N+](=O)[O-])ccc2SC[C@@H](C(N)=O)NC(=O)[C@H](Cc2c[nH]c3ccccc23)NC1=O,6.251811972993799
CHEMBL501592,CHEMBL4608,Melanocortin receptor 5,IC50,=,0.7,nM,CHEMBL997225,B,"Displacement of [125I][Nle4,Dphe7]-alpha-MSH from human MC5R expressed in HEK293 cells",CHEMBL1136994,P33032,Melanocortin receptor 5,IC50,CCCC[C@H](NC(C)=O)C(=O)N[C@H]1CC(=O)NCCCC[C@@H](C(N)=O)NC(=O)[C@H](Cc2c[nH]c3ccccc23)NC(=O)[C@H](CCCNC(=N)N)NC(=O)[C@@H](Cc2ccc3ccccc3c2)NC(=O)[C@@H]2C[C@@H](NC(=N)N)CN2C1=O,9.154901959985743
CHEMBL2096742,CHEMBL4608,Melanocortin receptor 5,IC50,=,0.9,nM,CHEMBL997225,B,"Displacement of [125I][Nle4,Dphe7]-alpha-MSH from human MC5R expressed in HEK293 cells",CHEMBL1136994,P33032,Melanocortin receptor 5,IC50,CCCC[C@@H](NC(C)=O)C(=O)N[C@@H]1CC(=O)NCCCC[C@@H](C(N)=O)NC(=O)[C@H](Cc2c[nH]c3ccccc23)NC(=O)[C@H](CCCNC(=N)N)NC(=O)[C@@H](Cc2ccc3ccccc3c2)NC(=O)[C@H](Cc2c[nH]cn2)NC1=O,9.045757490560675
CHEMBL430239,CHEMBL4608,Melanocortin receptor 5,IC50,=,7.5,nM,CHEMBL997225,B,"Displacement of [125I][Nle4,Dphe7]-alpha-MSH from human MC5R expressed in HEK293 cells",CHEMBL1136994,P33032,Melanocortin receptor 5,IC50,CCCC[C@H](NC(C)=O)C(=O)N[C@H]1CC(=O)NCCCC[C@@H](C(N)=O)NC(=O)[C@H](Cc2c[nH]c3ccccc23)NC(=O)[C@H](CCCNC(=N)N)NC(=O)[C@@H](Cc2ccccc2)NC(=O)[C@H](Cc2cnc[nH]2)NC1=O,8.1249387366083
CHEMBL503229,CHEMBL4608,Melanocortin receptor 5,IC50,=,2.4,nM,CHEMBL997225,B,"Displacement of [125I][Nle4,Dphe7]-alpha-MSH from human MC5R expressed in HEK293 cells",CHEMBL1136994,P33032,Melanocortin receptor 5,IC50,CCCC[C@H](NC(=O)[C@@H](NC(=O)[C@H](Cc1ccc(O)cc1)NC(C)=O)C(C)C)C(=O)NCC(=O)N[C@@H](Cc1cnc[nH]1)C(=O)N[C@H](Cc1ccccc1)C(=O)N[C@@H](CCCNC(=N)N)C(=O)N[C@@H](Cc1c[nH]c2ccccc12)C(=O)N[C@@H](CC(=O)O)C(=O)N[C@@H](CCCNC(=N)N)C(=O)N[C@@H](Cc1ccccc1)C(=O)NCC(N)=O,8.619788758288394
CHEMBL524861,CHEMBL4608,Melanocortin receptor 5,IC50,=,1.1,nM,CHEMBL997225,B,"Displacement of [125I][Nle4,Dphe7]-alpha-MSH from human MC5R expressed in HEK293 cells",CHEMBL1136994,P33032,Melanocortin receptor 5,IC50,CCCC[C@H](NC(C)=O)C(=O)N[C@H]1CC(=O)NCCCC[C@@H](C(N)=O)NC(=O)[C@H](Cc2c[nH]c3ccccc23)NC(=O)[C@H](CCCNC(=N)N)NC(=O)[C@@H](Cc2ccccc2)NC(=O)[C@@H]2C[C@H](NC(=N)N)CN2C1=O,8.958607314841775
CHEMBL502300,CHEMBL4608,Melanocortin receptor 5,IC50,=,2.2,nM,CHEMBL997225,B,"Displacement of [125I][Nle4,Dphe7]-alpha-MSH from human MC5R expressed in HEK293 cells",CHEMBL1136994,P33032,Melanocortin receptor 5,IC50,CCCC[C@H](NC(C)=O)C(=O)N[C@H]1CC(=O)NCCCC[C@@H](C(N)=O)NC(=O)[C@H](Cc2c[nH]c3ccccc23)NC(=O)[C@H](CCCNC(=N)N)NC(=O)[C@@H](Cc2ccc3ccccc3c2)NC(=O)[C@@H]2C[C@H](NC(=N)N)CN2C1=O,8.657577319177793
CHEMBL500743,CHEMBL4608,Melanocortin receptor 5,IC50,=,2.5,nM,CHEMBL997225,B,"Displacement of [125I][Nle4,Dphe7]-alpha-MSH from human MC5R expressed in HEK293 cells",CHEMBL1136994,P33032,Melanocortin receptor 5,IC50,CCCC[C@H](NC(C)=O)C(=O)N[C@H]1CC(=O)NCCCC[C@@H](C(N)=O)NC(=O)[C@H](Cc2c[nH]c3ccccc23)NC(=O)[C@H](CCCNC(=N)N)NC(=O)[C@@H](Cc2ccccc2)NC(=O)[C@@H]2C[C@@H](NC(=N)N)CN2C1=O,8.602059991327963
CHEMBL509582,CHEMBL4608,Melanocortin receptor 5,IC50,=,22.0,nM,CHEMBL997225,B,"Displacement of [125I][Nle4,Dphe7]-alpha-MSH from human MC5R expressed in HEK293 cells",CHEMBL1136994,P33032,Melanocortin receptor 5,IC50,CCCC[C@H](NC(C)=O)C(=O)N[C@H]1CC(=O)NCCCC[C@@H](C(N)=O)NC(=O)[C@H](Cc2c[nH]c3ccccc23)NC(=O)[C@@H]2C[C@H](NC(=N)N)CN2C(=O)[C@@H](Cc2ccc3ccccc3c2)NC(=O)[C@H](Cc2cnc[nH]2)NC1=O,7.657577319177793
CHEMBL455070,CHEMBL4608,Melanocortin receptor 5,IC50,=,590.0,nM,CHEMBL997225,B,"Displacement of [125I][Nle4,Dphe7]-alpha-MSH from human MC5R expressed in HEK293 cells",CHEMBL1136994,P33032,Melanocortin receptor 5,IC50,CCCC[C@H](NC(C)=O)C(=O)N[C@H]1CC(=O)NCCCC[C@@H](C(N)=O)NC(=O)[C@H](Cc2c[nH]c3ccccc23)NC(=O)[C@@H]2C[C@H](NC(=N)N)CN2C(=O)[C@@H](Cc2ccccc2)NC(=O)[C@H](Cc2cnc[nH]2)NC1=O,6.229147988357855
CHEMBL1093304,CHEMBL4608,Melanocortin receptor 5,IC50,=,83.9,nM,CHEMBL1107121,B,Displacement of [125I]NDP-alpha-MSH from human MC5R expressed in CHO cells,CHEMBL1156330,P33032,Melanocortin receptor 5,IC50,CC(=O)NC(C)(C)[C@@H]1CC2(CCN(C(=O)[C@@H]3CN(C(C)(C)C)C[C@H]3c3ccc(F)cc3F)CC2)c2cc(Cl)c(C)cc21,7.0762380391713
CHEMBL1209382,CHEMBL4608,Melanocortin receptor 5,IC50,=,2800.0,nM,CHEMBL1211730,B,Displacement of [125I]NDP-alpha-MSH from human MC5 receptor expressed in CHO cells,CHEMBL1208738,P33032,Melanocortin receptor 5,IC50,CC(C)CC(CN(C(C)C)S(C)(=O)=O)N1CCN(C(=O)[C@@H]2CN(C(C)(C)C)C[C@H]2c2ccc(F)cc2F)CC1,5.552841968657781
CHEMBL1209321,CHEMBL4608,Melanocortin receptor 5,IC50,=,1100.0,nM,CHEMBL1211730,B,Displacement of [125I]NDP-alpha-MSH from human MC5 receptor expressed in CHO cells,CHEMBL1208738,P33032,Melanocortin receptor 5,IC50,CC(=O)N(CC(CC(C)C)N1CCN(C(=O)[C@@H]2CN(C(C)(C)C)C[C@H]2c2ccc(F)cc2F)CC1)C(C)C,5.958607314841775
CHEMBL1209320,CHEMBL4608,Melanocortin receptor 5,IC50,=,620.0,nM,CHEMBL1211730,B,Displacement of [125I]NDP-alpha-MSH from human MC5 receptor expressed in CHO cells,CHEMBL1208738,P33032,Melanocortin receptor 5,IC50,CC(C)N(CC(C1CCCCC1)N1CCN(C(=O)[C@@H]2CN(C(C)(C)C)C[C@H]2c2ccc(F)cc2F)CC1)C(=O)c1cnn(C(C)C)c1,6.207608310501746
CHEMBL1209318,CHEMBL4608,Melanocortin receptor 5,IC50,=,130.0,nM,CHEMBL1211730,B,Displacement of [125I]NDP-alpha-MSH from human MC5 receptor expressed in CHO cells,CHEMBL1208738,P33032,Melanocortin receptor 5,IC50,CC(C)N(CC(C1CCCCC1)N1CCN(C(=O)[C@@H]2CN(C(C)(C)C)C[C@H]2c2ccc(F)cc2F)CC1)C(=O)c1cccnn1,6.886056647693163
CHEMBL1209253,CHEMBL4608,Melanocortin receptor 5,IC50,=,250.0,nM,CHEMBL1211730,B,Displacement of [125I]NDP-alpha-MSH from human MC5 receptor expressed in CHO cells,CHEMBL1208738,P33032,Melanocortin receptor 5,IC50,CC(C)N(CC(C1CCCCC1)N1CCN(C(=O)[C@@H]2CN(C(C)(C)C)C[C@H]2c2ccc(F)cc2F)CC1)S(C)(=O)=O,6.6020599913279625
CHEMBL1209252,CHEMBL4608,Melanocortin receptor 5,IC50,=,660.0,nM,CHEMBL1211730,B,Displacement of [125I]NDP-alpha-MSH from human MC5 receptor expressed in CHO cells,CHEMBL1208738,P33032,Melanocortin receptor 5,IC50,CC(=O)N(CC(C1CCCCC1)N1CCN(C(=O)[C@@H]2CN(C(C)(C)C)C[C@H]2c2ccc(F)cc2F)CC1)C(C)C,6.180456064458131
CHEMBL1209788,CHEMBL4608,Melanocortin receptor 5,IC50,=,122.7,nM,CHEMBL1212004,B,Inhibition of human melanocortin 5 receptor,CHEMBL1208763,P33032,Melanocortin receptor 5,IC50,Cc1cc2c(cc1Cl)C1(CCN(C(=O)[C@@H]3CN(C4CCOCC4)C[C@H]3c3ccc(F)cc3F)CC1)O[C@@H]2C(C)(C)C#N,6.9111554372729955
CHEMBL1761874,CHEMBL4608,Melanocortin receptor 5,IC50,=,1400.0,nM,CHEMBL1764413,B,Displacement of [125I]NDP-alpha-MSH from human MC5 receptor expressed in CHO cells,CHEMBL1759997,P33032,Melanocortin receptor 5,IC50,C[C@H]1CN(C(=O)N[C@H](Cc2ccc(F)cc2)C(=O)N2CCC(C(=O)NC(C)(C)C)(C3CCCCC3)CC2)C[C@H](C)N1,5.853871964321762
CHEMBL1762008,CHEMBL4608,Melanocortin receptor 5,IC50,=,1300.0,nM,CHEMBL1764413,B,Displacement of [125I]NDP-alpha-MSH from human MC5 receptor expressed in CHO cells,CHEMBL1759997,P33032,Melanocortin receptor 5,IC50,CC[C@@H]1CN(C(=O)N[C@H](Cc2ccc(F)cc2)C(=O)N2CCC(C(=O)NC(C)(C)C)(C3CCCCC3)CC2)C[C@@H](CC)N1,5.886056647693163
CHEMBL1762009,CHEMBL4608,Melanocortin receptor 5,IC50,=,54.0,nM,CHEMBL1764413,B,Displacement of [125I]NDP-alpha-MSH from human MC5 receptor expressed in CHO cells,CHEMBL1759997,P33032,Melanocortin receptor 5,IC50,C[C@@H]1CN(C(=O)N[C@H](Cc2ccc(Cl)cc2)C(=O)N2CCC(C(=O)NC(C)(C)C)(C3CCCCC3)CC2)C[C@H](C)N1,7.267606240177031
CHEMBL1761870,CHEMBL4608,Melanocortin receptor 5,IC50,=,850.0,nM,CHEMBL1764413,B,Displacement of [125I]NDP-alpha-MSH from human MC5 receptor expressed in CHO cells,CHEMBL1759997,P33032,Melanocortin receptor 5,IC50,C[C@@H]1CN(C(=O)N[C@H](Cc2ccc(F)cc2)C(=O)N2CCC(C(=O)NC(C)(C)C)(C3CCCCC3)CC2)C[C@H](C)N1,6.070581074285707
CHEMBL1761871,CHEMBL4608,Melanocortin receptor 5,IC50,=,430.0,nM,CHEMBL1764413,B,Displacement of [125I]NDP-alpha-MSH from human MC5 receptor expressed in CHO cells,CHEMBL1759997,P33032,Melanocortin receptor 5,IC50,CC[C@@H]1CN(C(=O)N[C@H](Cc2ccc(F)cc2)C(=O)N2CCC(C(=O)NC(C)(C)C)(C3CCCCC3)CC2)C[C@H](CC)N1,6.366531544420413
CHEMBL1761872,CHEMBL4608,Melanocortin receptor 5,IC50,=,1400.0,nM,CHEMBL1764413,B,Displacement of [125I]NDP-alpha-MSH from human MC5 receptor expressed in CHO cells,CHEMBL1759997,P33032,Melanocortin receptor 5,IC50,C[C@@H]1CN(C(=O)N[C@H](Cc2ccc(F)cc2)C(=O)N2CCC(C(=O)NC(C)(C)C)(C3CCCCC3)CC2)C[C@H](C)N1C,5.853871964321762
CHEMBL1761873,CHEMBL4608,Melanocortin receptor 5,IC50,=,1400.0,nM,CHEMBL1764413,B,Displacement of [125I]NDP-alpha-MSH from human MC5 receptor expressed in CHO cells,CHEMBL1759997,P33032,Melanocortin receptor 5,IC50,C[C@@H]1CN(C(=O)N[C@H](Cc2ccc(F)cc2)C(=O)N2CCC(C(=O)NC(C)(C)C)(C3CCCCC3)CC2)C[C@@H](C)N1,5.853871964321762
CHEMBL1775062,CHEMBL4608,Melanocortin receptor 5,IC50,=,1000.0,nM,CHEMBL1777644,B,Displacement of [125I]-NDP-alpha-MSH from human MC5R expressed in HEK293 cells after 40 mins by Wallac 1470 gamma counting,CHEMBL1773033,P33032,Melanocortin receptor 5,IC50,C[C@@H]1NC(=O)[C@@H](CCCNC(=N)N)NC(=O)[C@H](Cc2ccccc2)NC(=O)[C@H](Cc2c[nH]c3ccccc23)NC(=O)[C@H](CCCNC(=N)N)NC(=O)CC[C@@H](C(N)=O)NC(=O)[C@H](Cc2ccccc2)NC1=O,6.0
CHEMBL1775066,CHEMBL4608,Melanocortin receptor 5,IC50,=,300.0,nM,CHEMBL1777644,B,Displacement of [125I]-NDP-alpha-MSH from human MC5R expressed in HEK293 cells after 40 mins by Wallac 1470 gamma counting,CHEMBL1773033,P33032,Melanocortin receptor 5,IC50,C[C@@H]1NC(=O)[C@H](CCCNC(=N)N)NC(=O)[C@@H](Cc2ccccc2)NC(=O)[C@H](Cc2c[nH]c3ccccc23)NC(=O)[C@H](CCCNC(=N)N)NC(=O)CC[C@@H](C(N)=O)NC(=O)[C@H](Cc2ccccc2)NC1=O,6.522878745280337
CHEMBL430239,CHEMBL4608,Melanocortin receptor 5,IC50,=,4.2,nM,CHEMBL1777644,B,Displacement of [125I]-NDP-alpha-MSH from human MC5R expressed in HEK293 cells after 40 mins by Wallac 1470 gamma counting,CHEMBL1773033,P33032,Melanocortin receptor 5,IC50,CCCC[C@H](NC(C)=O)C(=O)N[C@H]1CC(=O)NCCCC[C@@H](C(N)=O)NC(=O)[C@H](Cc2c[nH]c3ccccc23)NC(=O)[C@H](CCCNC(=N)N)NC(=O)[C@@H](Cc2ccccc2)NC(=O)[C@H](Cc2cnc[nH]2)NC1=O,8.3767507096021
CHEMBL508112,CHEMBL4608,Melanocortin receptor 5,IC50,=,3900.0,nM,CHEMBL1909168,B,DRUGMATRIX: Melanocortin MC5 radioligand binding (ligand: [125I] NDP-alpha-MSH),CHEMBL1909046,P33032,Melanocortin receptor 5,IC50,c1ccc2sc(SSc3nc4ccccc4s3)nc2c1,5.4089353929735005
CHEMBL296419,CHEMBL4608,Melanocortin receptor 5,IC50,=,2263.0,nM,CHEMBL1909168,B,DRUGMATRIX: Melanocortin MC5 radioligand binding (ligand: [125I] NDP-alpha-MSH),CHEMBL1909046,P33032,Melanocortin receptor 5,IC50,COc1ccc(CCN2CCC(Nc3nc4ccccc4n3Cc3ccc(F)cc3)CC2)cc1,5.645315446045272
CHEMBL633,CHEMBL4608,Melanocortin receptor 5,IC50,=,9497.0,nM,CHEMBL1909168,B,DRUGMATRIX: Melanocortin MC5 radioligand binding (ligand: [125I] NDP-alpha-MSH),CHEMBL1909046,P33032,Melanocortin receptor 5,IC50,CCCCc1oc2ccccc2c1C(=O)c1cc(I)c(OCCN(CC)CC)c(I)c1,5.022413561996149
CHEMBL808,CHEMBL4608,Melanocortin receptor 5,IC50,=,39538.0,nM,CHEMBL1909168,B,DRUGMATRIX: Melanocortin MC5 radioligand binding (ligand: [125I] NDP-alpha-MSH),CHEMBL1909046,P33032,Melanocortin receptor 5,IC50,Clc1ccc(COC(Cn2ccnc2)c2ccc(Cl)cc2Cl)cc1,4.402985302926542
CHEMBL1201469,CHEMBL4608,Melanocortin receptor 5,IC50,=,2013.0,nM,CHEMBL1909168,B,DRUGMATRIX: Melanocortin MC5 radioligand binding (ligand: [125I] NDP-alpha-MSH),CHEMBL1909046,P33032,Melanocortin receptor 5,IC50,,5.696156225111345
CHEMBL726,CHEMBL4608,Melanocortin receptor 5,IC50,=,9518.0,nM,CHEMBL1909168,B,DRUGMATRIX: Melanocortin MC5 radioligand binding (ligand: [125I] NDP-alpha-MSH),CHEMBL1909046,P33032,Melanocortin receptor 5,IC50,OCCN1CCN(CCCN2c3ccccc3Sc3ccc(C(F)(F)F)cc32)CC1,5.021454299537261
CHEMBL334255,CHEMBL4608,Melanocortin receptor 5,IC50,=,3726.0,nM,CHEMBL1909168,B,DRUGMATRIX: Melanocortin MC5 radioligand binding (ligand: [125I] NDP-alpha-MSH),CHEMBL1909046,P33032,Melanocortin receptor 5,IC50,CCCCCCCCCCCCCCCC[n+]1ccccc1.[Br-],5.428757149439776
CHEMBL404811,CHEMBL4608,Melanocortin receptor 5,IC50,=,3880.0,nM,CHEMBL1909168,B,DRUGMATRIX: Melanocortin MC5 radioligand binding (ligand: [125I] NDP-alpha-MSH),CHEMBL1909046,P33032,Melanocortin receptor 5,IC50,C[C@@H]1CC[C@@]2(OC1)O[C@H]1[C@@H](O)[C@H]3[C@@H]4CC[C@H]5C[C@@H](O[C@@H]6O[C@H](CO)[C@H](O[C@@H]7O[C@H](CO)C(O)[C@H](O[C@@H]8OC[C@@H](O)[C@H](O)[C@H]8O)[C@H]7O[C@@H]7O[C@H](CO)[C@H](O)[C@H](O[C@@H]8O[C@H](CO)[C@@H](O)[C@H](O)[C@H]8O)[C@H]7O)[C@H](O)[C@H]6O)[C@H](O)C[C@]5(C)[C@H]4CC[C@]3(C)[C@H]1[C@@H]2C,5.411168274405792
CHEMBL7002,CHEMBL4608,Melanocortin receptor 5,IC50,=,28621.0,nM,CHEMBL1909168,B,DRUGMATRIX: Melanocortin MC5 radioligand binding (ligand: [125I] NDP-alpha-MSH),CHEMBL1909046,P33032,Melanocortin receptor 5,IC50,CC1(COc2ccc(CC3SC(=O)NC3=O)cc2)CCCCC1,4.5433151963311404
CHEMBL11359,CHEMBL4608,Melanocortin receptor 5,IC50,=,6434.0,nM,CHEMBL1909168,B,DRUGMATRIX: Melanocortin MC5 radioligand binding (ligand: [125I] NDP-alpha-MSH),CHEMBL1909046,P33032,Melanocortin receptor 5,IC50,,5.191518943434049
CHEMBL6067481,CHEMBL4608,Melanocortin receptor 5,IC50,=,266.0,nM,CHEMBL1909168,B,DRUGMATRIX: Melanocortin MC5 radioligand binding (ligand: [125I] NDP-alpha-MSH),CHEMBL1909046,P33032,Melanocortin receptor 5,IC50,,6.575118363368933
CHEMBL71,CHEMBL4608,Melanocortin receptor 5,IC50,=,7617.0,nM,CHEMBL1909168,B,DRUGMATRIX: Melanocortin MC5 radioligand binding (ligand: [125I] NDP-alpha-MSH),CHEMBL1909046,P33032,Melanocortin receptor 5,IC50,CN(C)CCCN1c2ccccc2Sc2ccc(Cl)cc21,5.118216044406616
CHEMBL428647,CHEMBL4608,Melanocortin receptor 5,IC50,=,17133.0,nM,CHEMBL1909168,B,DRUGMATRIX: Melanocortin MC5 radioligand binding (ligand: [125I] NDP-alpha-MSH),CHEMBL1909046,P33032,Melanocortin receptor 5,IC50,CC(=O)O[C@H]1C(=O)[C@@]2(C)[C@H]([C@H](OC(=O)c3ccccc3)[C@]3(O)C[C@H](OC(=O)[C@H](O)[C@@H](NC(=O)c4ccccc4)c4ccccc4)C(C)=C1C3(C)C)[C@]1(OC(C)=O)CO[C@@H]1C[C@@H]2O,4.766166585115566
CHEMBL91,CHEMBL4608,Melanocortin receptor 5,IC50,=,22607.0,nM,CHEMBL1909168,B,DRUGMATRIX: Melanocortin MC5 radioligand binding (ligand: [125I] NDP-alpha-MSH),CHEMBL1909046,P33032,Melanocortin receptor 5,IC50,Clc1ccc(COC(Cn2ccnc2)c2ccc(Cl)cc2Cl)c(Cl)c1,4.645757065690451
CHEMBL1221512,CHEMBL4608,Melanocortin receptor 5,IC50,=,122.0,nM,CHEMBL1909168,B,DRUGMATRIX: Melanocortin MC5 radioligand binding (ligand: [125I] NDP-alpha-MSH),CHEMBL1909046,P33032,Melanocortin receptor 5,IC50,CC[C@H](C)[C@@H](CO[C@@H](Cc1ccccc1)C(=O)N[C@@H](CCS(C)(=O)=O)C(=O)OC(C)C)NC[C@@H](N)CS,6.913640169325252
CHEMBL83,CHEMBL4608,Melanocortin receptor 5,IC50,=,26529.0,nM,CHEMBL1909168,B,DRUGMATRIX: Melanocortin MC5 radioligand binding (ligand: [125I] NDP-alpha-MSH),CHEMBL1909046,P33032,Melanocortin receptor 5,IC50,CC/C(=C(\c1ccccc1)c1ccc(OCCN(C)C)cc1)c1ccccc1,4.5762791202652044
CHEMBL809,CHEMBL4608,Melanocortin receptor 5,IC50,=,4598.0,nM,CHEMBL1909168,B,DRUGMATRIX: Melanocortin MC5 radioligand binding (ligand: [125I] NDP-alpha-MSH),CHEMBL1909046,P33032,Melanocortin receptor 5,IC50,CN[C@H]1CC[C@@H](c2ccc(Cl)c(Cl)c2)c2ccccc21,5.337431033066739
CHEMBL3421676,CHEMBL4608,Melanocortin receptor 5,IC50,=,636.0,nM,CHEMBL3425361,B,Displacement of [125I]-NDP-alpha-MSH from human MC5 receptor expressed in HEK293 cells by gamma counting analysis,CHEMBL3421530,P33032,Melanocortin receptor 5,IC50,CC(=O)N[C@H]1Cc2c([nH]c3ccccc23)CN([C@H](Cc2ccccc2)C(=O)N[C@@H](CCCNC(=N)N)C(=O)N[C@@H](Cc2c[nH]c3ccccc23)C(N)=O)C1=O,6.196542884351587
CHEMBL3421677,CHEMBL4608,Melanocortin receptor 5,IC50,=,167.0,nM,CHEMBL3425361,B,Displacement of [125I]-NDP-alpha-MSH from human MC5 receptor expressed in HEK293 cells by gamma counting analysis,CHEMBL3421530,P33032,Melanocortin receptor 5,IC50,CC(=O)N[C@H]1Cc2c([nH]c3ccccc23)CN([C@H](Cc2ccc(F)cc2)C(=O)N[C@@H](CCCNC(=N)N)C(=O)N[C@@H](Cc2c[nH]c3ccccc23)C(N)=O)C1=O,6.777283528852417
CHEMBL3421678,CHEMBL4608,Melanocortin receptor 5,IC50,=,70.3,nM,CHEMBL3425361,B,Displacement of [125I]-NDP-alpha-MSH from human MC5 receptor expressed in HEK293 cells by gamma counting analysis,CHEMBL3421530,P33032,Melanocortin receptor 5,IC50,CC(=O)N[C@H]1Cc2c([nH]c3ccccc23)CN([C@H](Cc2ccc(Br)cc2)C(=O)N[C@@H](CCCNC(=N)N)C(=O)N[C@@H](Cc2c[nH]c3ccccc23)C(N)=O)C1=O,7.153044674980176
CHEMBL3421679,CHEMBL4608,Melanocortin receptor 5,IC50,=,37.3,nM,CHEMBL3425361,B,Displacement of [125I]-NDP-alpha-MSH from human MC5 receptor expressed in HEK293 cells by gamma counting analysis,CHEMBL3421530,P33032,Melanocortin receptor 5,IC50,CC(=O)N[C@H]1Cc2ccccc2CN([C@H](Cc2ccccc2)C(=O)N[C@@H](CCCNC(=N)N)C(=O)N[C@@H](Cc2c[nH]c3ccccc23)C(N)=O)C1=O,7.428291168191312
CHEMBL3421680,CHEMBL4608,Melanocortin receptor 5,IC50,=,137.0,nM,CHEMBL3425361,B,Displacement of [125I]-NDP-alpha-MSH from human MC5 receptor expressed in HEK293 cells by gamma counting analysis,CHEMBL3421530,P33032,Melanocortin receptor 5,IC50,CC(=O)N[C@H]1Cn2nncc2CN([C@H](Cc2ccccc2)C(=O)N[C@@H](CCCNC(=N)N)C(=O)N[C@@H](Cc2c[nH]c3ccccc23)C(N)=O)C1=O,6.863279432843593
CHEMBL430239,CHEMBL4608,Melanocortin receptor 5,IC50,=,4.2,nM,CHEMBL3425361,B,Displacement of [125I]-NDP-alpha-MSH from human MC5 receptor expressed in HEK293 cells by gamma counting analysis,CHEMBL3421530,P33032,Melanocortin receptor 5,IC50,CCCC[C@H](NC(C)=O)C(=O)N[C@H]1CC(=O)NCCCC[C@@H](C(N)=O)NC(=O)[C@H](Cc2c[nH]c3ccccc23)NC(=O)[C@H](CCCNC(=N)N)NC(=O)[C@@H](Cc2ccccc2)NC(=O)[C@H](Cc2cnc[nH]2)NC1=O,8.3767507096021
CHEMBL3600736,CHEMBL4608,Melanocortin receptor 5,IC50,=,6.9,nM,CHEMBL3602971,B,"Displacement of [125I]-[Nle4,D-Phe7]-alpha-MSH from human MC5 receptor expressed in HEK293 cells after 40 mins by luminescence counting",CHEMBL3600284,P33032,Melanocortin receptor 5,IC50,CCCC[C@@H](NC(C)=O)C(=O)N[C@H]1CC(=O)NCCCC[C@@H](C(N)=O)NC(=O)[C@H](Cc2c[nH]c3ccccc23)NC(=O)[C@H](CCCNC(=N)N)NC(=O)[C@@H](Cc2ccc3ccccc3c2)NC(=O)[C@H](Cc2cnc[nH]2)NC1=O,8.161150909262744
CHEMBL3600737,CHEMBL4608,Melanocortin receptor 5,IC50,=,6.1,nM,CHEMBL3602971,B,"Displacement of [125I]-[Nle4,D-Phe7]-alpha-MSH from human MC5 receptor expressed in HEK293 cells after 40 mins by luminescence counting",CHEMBL3600284,P33032,Melanocortin receptor 5,IC50,CCCC[C@@H](NC(C)=O)C(=O)N[C@H]1CC(=O)NCCCC[C@@H](C(N)=O)N(C)C(=O)[C@H](Cc2c[nH]c3ccccc23)NC(=O)[C@H](CCCNC(=N)N)NC(=O)[C@@H](Cc2ccc3ccccc3c2)NC(=O)[C@H](Cc2cnc[nH]2)NC1=O,8.214670164989233
CHEMBL3600832,CHEMBL4608,Melanocortin receptor 5,IC50,=,16.8,nM,CHEMBL3602971,B,"Displacement of [125I]-[Nle4,D-Phe7]-alpha-MSH from human MC5 receptor expressed in HEK293 cells after 40 mins by luminescence counting",CHEMBL3600284,P33032,Melanocortin receptor 5,IC50,CCCC[C@@H](NC(C)=O)C(=O)N[C@H]1CC(=O)NCCCC[C@@H](C(N)=O)NC(=O)[C@H](Cc2c[nH]c3ccccc23)N(C)C(=O)[C@H](CCCNC(=N)N)NC(=O)[C@@H](Cc2ccc3ccccc3c2)NC(=O)[C@H](Cc2cnc[nH]2)NC1=O,7.774690718274137
CHEMBL3600833,CHEMBL4608,Melanocortin receptor 5,IC50,=,3.41,nM,CHEMBL3602971,B,"Displacement of [125I]-[Nle4,D-Phe7]-alpha-MSH from human MC5 receptor expressed in HEK293 cells after 40 mins by luminescence counting",CHEMBL3600284,P33032,Melanocortin receptor 5,IC50,CCCC[C@@H](NC(C)=O)C(=O)N[C@H]1CC(=O)NCCCC[C@@H](C(N)=O)NC(=O)[C@H](Cc2c[nH]c3ccccc23)NC(=O)[C@H](CCCNC(=N)N)N(C)C(=O)[C@@H](Cc2ccc3ccccc3c2)NC(=O)[C@H](Cc2cnc[nH]2)NC1=O,8.467245621007502
CHEMBL3600834,CHEMBL4608,Melanocortin receptor 5,IC50,=,27.7,nM,CHEMBL3602971,B,"Displacement of [125I]-[Nle4,D-Phe7]-alpha-MSH from human MC5 receptor expressed in HEK293 cells after 40 mins by luminescence counting",CHEMBL3600284,P33032,Melanocortin receptor 5,IC50,CCCC[C@@H](NC(C)=O)C(=O)N[C@H]1CC(=O)NCCCC[C@@H](C(N)=O)NC(=O)[C@H](Cc2c[nH]c3ccccc23)NC(=O)[C@H](CCCNC(=N)N)NC(=O)[C@@H](Cc2ccc3ccccc3c2)N(C)C(=O)[C@H](Cc2cnc[nH]2)NC1=O,7.557520230935552
CHEMBL3600835,CHEMBL4608,Melanocortin receptor 5,IC50,=,5.0,nM,CHEMBL3602971,B,"Displacement of [125I]-[Nle4,D-Phe7]-alpha-MSH from human MC5 receptor expressed in HEK293 cells after 40 mins by luminescence counting",CHEMBL3600284,P33032,Melanocortin receptor 5,IC50,CCCC[C@@H](NC(C)=O)C(=O)N[C@H]1CC(=O)NCCCC[C@@H](C(N)=O)NC(=O)[C@H](Cc2c[nH]c3ccccc23)NC(=O)[C@H](CCCNC(=N)N)NC(=O)[C@@H](Cc2ccc3ccccc3c2)NC(=O)[C@H](Cc2cnc[nH]2)N(C)C1=O,8.301029995663981
CHEMBL3600836,CHEMBL4608,Melanocortin receptor 5,IC50,=,15.0,nM,CHEMBL3602971,B,"Displacement of [125I]-[Nle4,D-Phe7]-alpha-MSH from human MC5 receptor expressed in HEK293 cells after 40 mins by luminescence counting",CHEMBL3600284,P33032,Melanocortin receptor 5,IC50,CCCC[C@@H](NC(C)=O)C(=O)N[C@H]1CC(=O)NCCCC[C@@H](C(N)=O)N(C)C(=O)[C@H](Cc2c[nH]c3ccccc23)N(C)C(=O)[C@H](CCCNC(=N)N)NC(=O)[C@@H](Cc2ccc3ccccc3c2)NC(=O)[C@H](Cc2cnc[nH]2)NC1=O,7.823908740944319
CHEMBL3600837,CHEMBL4608,Melanocortin receptor 5,IC50,=,6.0,nM,CHEMBL3602971,B,"Displacement of [125I]-[Nle4,D-Phe7]-alpha-MSH from human MC5 receptor expressed in HEK293 cells after 40 mins by luminescence counting",CHEMBL3600284,P33032,Melanocortin receptor 5,IC50,CCCC[C@@H](NC(C)=O)C(=O)N[C@H]1CC(=O)NCCCC[C@@H](C(N)=O)N(C)C(=O)[C@H](Cc2c[nH]c3ccccc23)NC(=O)[C@H](CCCNC(=N)N)N(C)C(=O)[C@@H](Cc2ccc3ccccc3c2)NC(=O)[C@H](Cc2cnc[nH]2)NC1=O,8.221848749616356
CHEMBL3600838,CHEMBL4608,Melanocortin receptor 5,IC50,=,95.0,nM,CHEMBL3602971,B,"Displacement of [125I]-[Nle4,D-Phe7]-alpha-MSH from human MC5 receptor expressed in HEK293 cells after 40 mins by luminescence counting",CHEMBL3600284,P33032,Melanocortin receptor 5,IC50,CCCC[C@@H](NC(C)=O)C(=O)N[C@H]1CC(=O)NCCCC[C@@H](C(N)=O)N(C)C(=O)[C@H](Cc2c[nH]c3ccccc23)NC(=O)[C@H](CCCNC(=N)N)NC(=O)[C@@H](Cc2ccc3ccccc3c2)N(C)C(=O)[C@H](Cc2cnc[nH]2)NC1=O,7.022276394711152
CHEMBL3600839,CHEMBL4608,Melanocortin receptor 5,IC50,=,13.0,nM,CHEMBL3602971,B,"Displacement of [125I]-[Nle4,D-Phe7]-alpha-MSH from human MC5 receptor expressed in HEK293 cells after 40 mins by luminescence counting",CHEMBL3600284,P33032,Melanocortin receptor 5,IC50,CCCC[C@@H](NC(C)=O)C(=O)N[C@H]1CC(=O)NCCCC[C@@H](C(N)=O)N(C)C(=O)[C@H](Cc2c[nH]c3ccccc23)NC(=O)[C@H](CCCNC(=N)N)NC(=O)[C@@H](Cc2ccc3ccccc3c2)NC(=O)[C@H](Cc2cnc[nH]2)N(C)C1=O,7.886056647693163
CHEMBL3600840,CHEMBL4608,Melanocortin receptor 5,IC50,=,16.46,nM,CHEMBL3602971,B,"Displacement of [125I]-[Nle4,D-Phe7]-alpha-MSH from human MC5 receptor expressed in HEK293 cells after 40 mins by luminescence counting",CHEMBL3600284,P33032,Melanocortin receptor 5,IC50,CCCC[C@@H](NC(C)=O)C(=O)N[C@H]1CC(=O)NCCCC[C@@H](C(N)=O)NC(=O)[C@H](Cc2c[nH]c3ccccc23)N(C)C(=O)[C@H](CCCNC(=N)N)N(C)C(=O)[C@@H](Cc2ccc3ccccc3c2)NC(=O)[C@H](Cc2cnc[nH]2)NC1=O,7.783570169123749
CHEMBL3600841,CHEMBL4608,Melanocortin receptor 5,IC50,=,2260.0,nM,CHEMBL3602971,B,"Displacement of [125I]-[Nle4,D-Phe7]-alpha-MSH from human MC5 receptor expressed in HEK293 cells after 40 mins by luminescence counting",CHEMBL3600284,P33032,Melanocortin receptor 5,IC50,CCCC[C@@H](NC(C)=O)C(=O)N[C@H]1CC(=O)NCCCC[C@@H](C(N)=O)NC(=O)[C@H](Cc2c[nH]c3ccccc23)N(C)C(=O)[C@H](CCCNC(=N)N)NC(=O)[C@@H](Cc2ccc3ccccc3c2)N(C)C(=O)[C@H](Cc2cnc[nH]2)NC1=O,5.645891560852599
CHEMBL3600842,CHEMBL4608,Melanocortin receptor 5,IC50,=,91.0,nM,CHEMBL3602971,B,"Displacement of [125I]-[Nle4,D-Phe7]-alpha-MSH from human MC5 receptor expressed in HEK293 cells after 40 mins by luminescence counting",CHEMBL3600284,P33032,Melanocortin receptor 5,IC50,CCCC[C@@H](NC(C)=O)C(=O)N[C@H]1CC(=O)NCCCC[C@@H](C(N)=O)NC(=O)[C@H](Cc2c[nH]c3ccccc23)N(C)C(=O)[C@H](CCCNC(=N)N)NC(=O)[C@@H](Cc2ccc3ccccc3c2)NC(=O)[C@H](Cc2cnc[nH]2)N(C)C1=O,7.040958607678906
CHEMBL3600843,CHEMBL4608,Melanocortin receptor 5,IC50,=,35.2,nM,CHEMBL3602971,B,"Displacement of [125I]-[Nle4,D-Phe7]-alpha-MSH from human MC5 receptor expressed in HEK293 cells after 40 mins by luminescence counting",CHEMBL3600284,P33032,Melanocortin receptor 5,IC50,CCCC[C@@H](NC(C)=O)C(=O)N[C@H]1CC(=O)NCCCC[C@@H](C(N)=O)NC(=O)[C@H](Cc2c[nH]c3ccccc23)NC(=O)[C@H](CCCNC(=N)N)N(C)C(=O)[C@@H](Cc2ccc3ccccc3c2)N(C)C(=O)[C@H](Cc2cnc[nH]2)NC1=O,7.453457336521869
CHEMBL3600912,CHEMBL4608,Melanocortin receptor 5,IC50,=,6.33,nM,CHEMBL3602971,B,"Displacement of [125I]-[Nle4,D-Phe7]-alpha-MSH from human MC5 receptor expressed in HEK293 cells after 40 mins by luminescence counting",CHEMBL3600284,P33032,Melanocortin receptor 5,IC50,CCCC[C@@H](NC(C)=O)C(=O)N[C@H]1CC(=O)NCCCC[C@@H](C(N)=O)NC(=O)[C@H](Cc2c[nH]c3ccccc23)NC(=O)[C@H](CCCNC(=N)N)N(C)C(=O)[C@@H](Cc2ccc3ccccc3c2)NC(=O)[C@H](Cc2cnc[nH]2)N(C)C1=O,8.198596289982644
CHEMBL3600913,CHEMBL4608,Melanocortin receptor 5,IC50,=,1670.0,nM,CHEMBL3602971,B,"Displacement of [125I]-[Nle4,D-Phe7]-alpha-MSH from human MC5 receptor expressed in HEK293 cells after 40 mins by luminescence counting",CHEMBL3600284,P33032,Melanocortin receptor 5,IC50,CCCC[C@@H](NC(C)=O)C(=O)N[C@H]1CC(=O)NCCCC[C@@H](C(N)=O)NC(=O)[C@H](Cc2c[nH]c3ccccc23)NC(=O)[C@H](CCCNC(=N)N)NC(=O)[C@@H](Cc2ccc3ccccc3c2)N(C)C(=O)[C@H](Cc2cnc[nH]2)N(C)C1=O,5.777283528852417
CHEMBL3600914,CHEMBL4608,Melanocortin receptor 5,IC50,=,6.66,nM,CHEMBL3602971,B,"Displacement of [125I]-[Nle4,D-Phe7]-alpha-MSH from human MC5 receptor expressed in HEK293 cells after 40 mins by luminescence counting",CHEMBL3600284,P33032,Melanocortin receptor 5,IC50,CCCC[C@@H](NC(C)=O)C(=O)N[C@H]1CC(=O)NCCCC[C@@H](C(N)=O)N(C)C(=O)[C@H](Cc2c[nH]c3ccccc23)N(C)C(=O)[C@H](CCCNC(=N)N)N(C)C(=O)[C@@H](Cc2ccc3ccccc3c2)NC(=O)[C@H](Cc2cnc[nH]2)NC1=O,8.176525770829699
CHEMBL3600915,CHEMBL4608,Melanocortin receptor 5,IC50,=,592.0,nM,CHEMBL3602971,B,"Displacement of [125I]-[Nle4,D-Phe7]-alpha-MSH from human MC5 receptor expressed in HEK293 cells after 40 mins by luminescence counting",CHEMBL3600284,P33032,Melanocortin receptor 5,IC50,CCCC[C@@H](NC(C)=O)C(=O)N[C@H]1CC(=O)NCCCC[C@@H](C(N)=O)N(C)C(=O)[C@H](Cc2c[nH]c3ccccc23)N(C)C(=O)[C@H](CCCNC(=N)N)NC(=O)[C@@H](Cc2ccc3ccccc3c2)N(C)C(=O)[C@H](Cc2cnc[nH]2)NC1=O,6.22767829327708
CHEMBL3600916,CHEMBL4608,Melanocortin receptor 5,IC50,=,268.0,nM,CHEMBL3602971,B,"Displacement of [125I]-[Nle4,D-Phe7]-alpha-MSH from human MC5 receptor expressed in HEK293 cells after 40 mins by luminescence counting",CHEMBL3600284,P33032,Melanocortin receptor 5,IC50,CCCC[C@@H](NC(C)=O)C(=O)N[C@H]1CC(=O)NCCCC[C@@H](C(N)=O)N(C)C(=O)[C@H](Cc2c[nH]c3ccccc23)N(C)C(=O)[C@H](CCCNC(=N)N)NC(=O)[C@@H](Cc2ccc3ccccc3c2)NC(=O)[C@H](Cc2cnc[nH]2)N(C)C1=O,6.571865205971211
CHEMBL3600917,CHEMBL4608,Melanocortin receptor 5,IC50,=,39.7,nM,CHEMBL3602971,B,"Displacement of [125I]-[Nle4,D-Phe7]-alpha-MSH from human MC5 receptor expressed in HEK293 cells after 40 mins by luminescence counting",CHEMBL3600284,P33032,Melanocortin receptor 5,IC50,CCCC[C@@H](NC(C)=O)C(=O)N[C@H]1CC(=O)NCCCC[C@@H](C(N)=O)N(C)C(=O)[C@H](Cc2c[nH]c3ccccc23)NC(=O)[C@H](CCCNC(=N)N)N(C)C(=O)[C@@H](Cc2ccc3ccccc3c2)N(C)C(=O)[C@H](Cc2cnc[nH]2)NC1=O,7.401209493236885
CHEMBL3600918,CHEMBL4608,Melanocortin receptor 5,IC50,=,2.82,nM,CHEMBL3602971,B,"Displacement of [125I]-[Nle4,D-Phe7]-alpha-MSH from human MC5 receptor expressed in HEK293 cells after 40 mins by luminescence counting",CHEMBL3600284,P33032,Melanocortin receptor 5,IC50,CCCC[C@@H](NC(C)=O)C(=O)N[C@H]1CC(=O)NCCCC[C@@H](C(N)=O)N(C)C(=O)[C@H](Cc2c[nH]c3ccccc23)NC(=O)[C@H](CCCNC(=N)N)N(C)C(=O)[C@@H](Cc2ccc3ccccc3c2)NC(=O)[C@H](Cc2cnc[nH]2)N(C)C1=O,8.549750891680638
CHEMBL3600919,CHEMBL4608,Melanocortin receptor 5,IC50,=,388.0,nM,CHEMBL3602971,B,"Displacement of [125I]-[Nle4,D-Phe7]-alpha-MSH from human MC5 receptor expressed in HEK293 cells after 40 mins by luminescence counting",CHEMBL3600284,P33032,Melanocortin receptor 5,IC50,CCCC[C@@H](NC(C)=O)C(=O)N[C@H]1CC(=O)NCCCC[C@@H](C(N)=O)N(C)C(=O)[C@H](Cc2c[nH]c3ccccc23)NC(=O)[C@H](CCCNC(=N)N)NC(=O)[C@@H](Cc2ccc3ccccc3c2)N(C)C(=O)[C@H](Cc2cnc[nH]2)N(C)C1=O,6.411168274405792
CHEMBL3600920,CHEMBL4608,Melanocortin receptor 5,IC50,=,159.0,nM,CHEMBL3602971,B,"Displacement of [125I]-[Nle4,D-Phe7]-alpha-MSH from human MC5 receptor expressed in HEK293 cells after 40 mins by luminescence counting",CHEMBL3600284,P33032,Melanocortin receptor 5,IC50,CCCC[C@@H](NC(C)=O)C(=O)N[C@H]1CC(=O)NCCCC[C@@H](C(N)=O)NC(=O)[C@H](Cc2c[nH]c3ccccc23)N(C)C(=O)[C@H](CCCNC(=N)N)N(C)C(=O)[C@@H](Cc2ccc3ccccc3c2)N(C)C(=O)[C@H](Cc2cnc[nH]2)NC1=O,6.798602875679549
CHEMBL3600921,CHEMBL4608,Melanocortin receptor 5,IC50,=,871.0,nM,CHEMBL3602971,B,"Displacement of [125I]-[Nle4,D-Phe7]-alpha-MSH from human MC5 receptor expressed in HEK293 cells after 40 mins by luminescence counting",CHEMBL3600284,P33032,Melanocortin receptor 5,IC50,CCCC[C@@H](NC(C)=O)C(=O)N[C@H]1CC(=O)NCCCC[C@@H](C(N)=O)NC(=O)[C@H](Cc2c[nH]c3ccccc23)N(C)C(=O)[C@H](CCCNC(=N)N)N(C)C(=O)[C@@H](Cc2ccc3ccccc3c2)NC(=O)[C@H](Cc2cnc[nH]2)N(C)C1=O,6.059981844992336
CHEMBL3600922,CHEMBL4608,Melanocortin receptor 5,IC50,=,571.5,nM,CHEMBL3602971,B,"Displacement of [125I]-[Nle4,D-Phe7]-alpha-MSH from human MC5 receptor expressed in HEK293 cells after 40 mins by luminescence counting",CHEMBL3600284,P33032,Melanocortin receptor 5,IC50,CCCC[C@@H](NC(C)=O)C(=O)N[C@H]1CC(=O)NCCCC[C@@H](C(N)=O)NC(=O)[C@H](Cc2c[nH]c3ccccc23)N(C)C(=O)[C@H](CCCNC(=N)N)NC(=O)[C@@H](Cc2ccc3ccccc3c2)N(C)C(=O)[C@H](Cc2cnc[nH]2)N(C)C1=O,6.242983765268699
CHEMBL3601426,CHEMBL4608,Melanocortin receptor 5,IC50,=,115.0,nM,CHEMBL3602971,B,"Displacement of [125I]-[Nle4,D-Phe7]-alpha-MSH from human MC5 receptor expressed in HEK293 cells after 40 mins by luminescence counting",CHEMBL3600284,P33032,Melanocortin receptor 5,IC50,CCCC[C@@H](NC(C)=O)C(=O)N[C@H]1CC(=O)NCCCC[C@@H](C(N)=O)NC(=O)[C@H](Cc2c[nH]c3ccccc23)NC(=O)[C@H](CCCNC(=N)N)N(C)C(=O)[C@@H](Cc2ccc3ccccc3c2)N(C)C(=O)[C@H](Cc2cnc[nH]2)N(C)C1=O,6.939302159646388
CHEMBL3601427,CHEMBL4608,Melanocortin receptor 5,IC50,=,1510.0,nM,CHEMBL3602971,B,"Displacement of [125I]-[Nle4,D-Phe7]-alpha-MSH from human MC5 receptor expressed in HEK293 cells after 40 mins by luminescence counting",CHEMBL3600284,P33032,Melanocortin receptor 5,IC50,CCCC[C@@H](NC(C)=O)C(=O)N[C@H]1CC(=O)NCCCC[C@@H](C(N)=O)N(C)C(=O)[C@H](Cc2c[nH]c3ccccc23)N(C)C(=O)[C@H](CCCNC(=N)N)N(C)C(=O)[C@@H](Cc2ccc3ccccc3c2)N(C)C(=O)[C@H](Cc2cnc[nH]2)NC1=O,5.821023052706831
CHEMBL3601428,CHEMBL4608,Melanocortin receptor 5,IC50,=,8.1,nM,CHEMBL3602971,B,"Displacement of [125I]-[Nle4,D-Phe7]-alpha-MSH from human MC5 receptor expressed in HEK293 cells after 40 mins by luminescence counting",CHEMBL3600284,P33032,Melanocortin receptor 5,IC50,CCCC[C@@H](NC(C)=O)C(=O)N[C@H]1CC(=O)NCCCC[C@@H](C(N)=O)N(C)C(=O)[C@H](Cc2c[nH]c3ccccc23)N(C)C(=O)[C@H](CCCNC(=N)N)N(C)C(=O)[C@@H](Cc2ccc3ccccc3c2)NC(=O)[C@H](Cc2cnc[nH]2)N(C)C1=O,8.09151498112135
CHEMBL3601429,CHEMBL4608,Melanocortin receptor 5,IC50,=,4290.0,nM,CHEMBL3602971,B,"Displacement of [125I]-[Nle4,D-Phe7]-alpha-MSH from human MC5 receptor expressed in HEK293 cells after 40 mins by luminescence counting",CHEMBL3600284,P33032,Melanocortin receptor 5,IC50,CCCC[C@@H](NC(C)=O)C(=O)N[C@H]1CC(=O)NCCCC[C@@H](C(N)=O)N(C)C(=O)[C@H](Cc2c[nH]c3ccccc23)N(C)C(=O)[C@H](CCCNC(=N)N)NC(=O)[C@@H](Cc2ccc3ccccc3c2)N(C)C(=O)[C@H](Cc2cnc[nH]2)N(C)C1=O,5.367542707815275
CHEMBL3601430,CHEMBL4608,Melanocortin receptor 5,IC50,=,1050.0,nM,CHEMBL3602971,B,"Displacement of [125I]-[Nle4,D-Phe7]-alpha-MSH from human MC5 receptor expressed in HEK293 cells after 40 mins by luminescence counting",CHEMBL3600284,P33032,Melanocortin receptor 5,IC50,CCCC[C@@H](NC(C)=O)C(=O)N[C@H]1CC(=O)NCCCC[C@@H](C(N)=O)N(C)C(=O)[C@H](Cc2c[nH]c3ccccc23)NC(=O)[C@H](CCCNC(=N)N)N(C)C(=O)[C@@H](Cc2ccc3ccccc3c2)N(C)C(=O)[C@H](Cc2cnc[nH]2)N(C)C1=O,5.978810700930062
CHEMBL3601431,CHEMBL4608,Melanocortin receptor 5,IC50,=,177.0,nM,CHEMBL3602971,B,"Displacement of [125I]-[Nle4,D-Phe7]-alpha-MSH from human MC5 receptor expressed in HEK293 cells after 40 mins by luminescence counting",CHEMBL3600284,P33032,Melanocortin receptor 5,IC50,CCCC[C@@H](NC(C)=O)C(=O)N[C@H]1CC(=O)NCCCC[C@@H](C(N)=O)NC(=O)[C@H](Cc2c[nH]c3ccccc23)N(C)C(=O)[C@H](CCCNC(=N)N)N(C)C(=O)[C@@H](Cc2ccc3ccccc3c2)N(C)C(=O)[C@H](Cc2cnc[nH]2)N(C)C1=O,6.752026733638194
CHEMBL3601432,CHEMBL4608,Melanocortin receptor 5,IC50,=,257.0,nM,CHEMBL3602971,B,"Displacement of [125I]-[Nle4,D-Phe7]-alpha-MSH from human MC5 receptor expressed in HEK293 cells after 40 mins by luminescence counting",CHEMBL3600284,P33032,Melanocortin receptor 5,IC50,CCCC[C@@H](NC(C)=O)C(=O)N[C@H]1CC(=O)NCCCC[C@@H](C(N)=O)N(C)C(=O)[C@H](Cc2c[nH]c3ccccc23)N(C)C(=O)[C@H](CCCNC(=N)N)N(C)C(=O)[C@@H](Cc2ccc3ccccc3c2)N(C)C(=O)[C@H](Cc2cnc[nH]2)N(C)C1=O,6.590066876668706
CHEMBL3752534,CHEMBL4608,Melanocortin receptor 5,IC50,=,300.0,nM,CHEMBL3755538,B,"Displacement of 125I-labeled [Nle4,DPhe7]-alpha-MSH from human melanocortin 5 receptor expressed in HEK293 cells incubated for 40 mins by gamma counting analysis",CHEMBL3751760,P33032,Melanocortin receptor 5,IC50,CCCC[C@H](NC(C)=O)C(=O)N[C@H]1CC(=O)NCCCC[C@@H](C(N)=O)NC(=O)[C@H](Cc2c[nH]c3ccccc23)NC(=O)[C@H](CCCNC(=N)N)NC(=O)[C@@H](Cc2ccc3ccccc3c2)NC(=O)[C@@H]2CCCN2C(=O)[C@@H]2CCCN2C1=O,6.522878745280337
CHEMBL4299441,CHEMBL4608,Melanocortin receptor 5,IC50,=,580.0,nM,CHEMBL3755538,B,"Displacement of 125I-labeled [Nle4,DPhe7]-alpha-MSH from human melanocortin 5 receptor expressed in HEK293 cells incubated for 40 mins by gamma counting analysis",CHEMBL3751760,P33032,Melanocortin receptor 5,IC50,CCCC[C@H](NC(C)=O)C(=O)N[C@@H]1CC(=O)NCCCC[C@H](C(N)=O)NC(=O)[C@H](Cc2c[nH]c3ccccc23)NC(=O)[C@H](CCCNC(=N)N)NC(=O)[C@H](Cc2ccc3ccccc3c2)NC(=O)[C@H]2CCCN2C(=O)[C@@H](Cc2c[nH]c3ccccc23)NC1=O,6.236572006437063
CHEMBL430239,CHEMBL4608,Melanocortin receptor 5,IC50,=,7.5,nM,CHEMBL3755538,B,"Displacement of 125I-labeled [Nle4,DPhe7]-alpha-MSH from human melanocortin 5 receptor expressed in HEK293 cells incubated for 40 mins by gamma counting analysis",CHEMBL3751760,P33032,Melanocortin receptor 5,IC50,CCCC[C@H](NC(C)=O)C(=O)N[C@H]1CC(=O)NCCCC[C@@H](C(N)=O)NC(=O)[C@H](Cc2c[nH]c3ccccc23)NC(=O)[C@H](CCCNC(=N)N)NC(=O)[C@@H](Cc2ccccc2)NC(=O)[C@H](Cc2cnc[nH]2)NC1=O,8.1249387366083
CHEMBL3922633,CHEMBL4608,Melanocortin receptor 5,IC50,=,3500.0,nM,CHEMBL3888445,B,"Radioligand Binding Assay: Assessments of compound binding to human MC5R (hMC5R)) by displacement of an 125I-labeled NDP-MSH receptor ligand peptide were performed essentially as described in the data sheets produced by Perkin Elmer to accompany their frozen hMC5R membranes (Perkin Elmer catalog number RBXMC5M400UA). [125I] NDP-MSH: Radiolabeled in House and Purified by HPLC: Na125I (0.5 mCi, 17.4 Ci/mg) was added to 50 μL sodium phosphate (50 mM, pH 7.4) in an eppendorf tube precoated with IODOGEN. After incubation for 10 mins the phosphate buffer containing the iodine was added to NDP-MSH (10 μl at 1 mg/mL) in a separate eppendorf tube. This was incubated for a further 10 mins. The iodinated NDP-MSH was purified by HPLC on a Zorbax SB 300 column using solvent A: 0.05% TFA and solvent B: 90% acetonitrile 0.045% TFA with a linear gradient, 0-67% B over 60 mins. The 125I NDP-MSH eluted at 52 mins after the unlabeled starting material (48 min) and was counted and stored in the freezer. It was used within 48 hrs, as radioactive decay and ligand decomposition resulted in greatly reduced specific binding observed after 72 hrs. Incubation buffer: 25 mM HEPES-KOH (pH 7.0), 1.5 mM CaCl2, 1 mM MgSO4, 0.1 M NaCl, 1 mM 1,10-phenanthroline, and 1 Complete™ protease inhibitor tablet/100 mL (Roche, catalog number 1873580). Perkin Elmer frozen hMC5 membranes: catalog number RBXMC5M400UA, 0.4 mL/vial; 400 microassays/vial, 0.78 mg/mL protein concentration. Vials of frozen membranes were thawed rapidly immediately before use, diluted with binding buffer and vortexed. Resuspended membranes were kept on ice until they were added to the wells of the plate. Assays were performed in 96 well polypropylene plates. Membranes (0.78 μg 40 μL of a 1:40 dilution in incubation buffer) were added to [125I] NDP-MSH (0.84 nM; 2200 Ci/mmol) and test compounds in a total volume of 140 μL. This was incubated for 1 hr at 37° C. Non-specific binding was determined with 3 mM NDP-MSH. Plates were filtered using a Tomtec cell harvester with GF/A filters (Wallac) (presoaked in 0.6% polyethylenimine) and washed three times with 1.0 mL ice-cold wash buffer (the above incubation buffer without 1,10-phenanthroline and Complete™ protease inhibitor tablet). The filters were dried in a 37° C. oven, placed in a sample bag and 5 mL Betaplatescint (Wallac) was added. Prepared filters were counted in cassettes in a Microbeta Trilux (Wallac) for 1 min.",CHEMBL3886716,P33032,Melanocortin receptor 5,IC50,N=C(N)NCCC[C@H]1N[C@H](CNC(=O)c2ccc3ccccc3c2)CCN(CC(c2ccccc2)c2ccccc2)C1=O,5.455931955649724
CHEMBL3945076,CHEMBL4608,Melanocortin receptor 5,IC50,=,500.0,nM,CHEMBL3888445,B,"Radioligand Binding Assay: Assessments of compound binding to human MC5R (hMC5R)) by displacement of an 125I-labeled NDP-MSH receptor ligand peptide were performed essentially as described in the data sheets produced by Perkin Elmer to accompany their frozen hMC5R membranes (Perkin Elmer catalog number RBXMC5M400UA). [125I] NDP-MSH: Radiolabeled in House and Purified by HPLC: Na125I (0.5 mCi, 17.4 Ci/mg) was added to 50 μL sodium phosphate (50 mM, pH 7.4) in an eppendorf tube precoated with IODOGEN. After incubation for 10 mins the phosphate buffer containing the iodine was added to NDP-MSH (10 μl at 1 mg/mL) in a separate eppendorf tube. This was incubated for a further 10 mins. The iodinated NDP-MSH was purified by HPLC on a Zorbax SB 300 column using solvent A: 0.05% TFA and solvent B: 90% acetonitrile 0.045% TFA with a linear gradient, 0-67% B over 60 mins. The 125I NDP-MSH eluted at 52 mins after the unlabeled starting material (48 min) and was counted and stored in the freezer. It was used within 48 hrs, as radioactive decay and ligand decomposition resulted in greatly reduced specific binding observed after 72 hrs. Incubation buffer: 25 mM HEPES-KOH (pH 7.0), 1.5 mM CaCl2, 1 mM MgSO4, 0.1 M NaCl, 1 mM 1,10-phenanthroline, and 1 Complete™ protease inhibitor tablet/100 mL (Roche, catalog number 1873580). Perkin Elmer frozen hMC5 membranes: catalog number RBXMC5M400UA, 0.4 mL/vial; 400 microassays/vial, 0.78 mg/mL protein concentration. Vials of frozen membranes were thawed rapidly immediately before use, diluted with binding buffer and vortexed. Resuspended membranes were kept on ice until they were added to the wells of the plate. Assays were performed in 96 well polypropylene plates. Membranes (0.78 μg 40 μL of a 1:40 dilution in incubation buffer) were added to [125I] NDP-MSH (0.84 nM; 2200 Ci/mmol) and test compounds in a total volume of 140 μL. This was incubated for 1 hr at 37° C. Non-specific binding was determined with 3 mM NDP-MSH. Plates were filtered using a Tomtec cell harvester with GF/A filters (Wallac) (presoaked in 0.6% polyethylenimine) and washed three times with 1.0 mL ice-cold wash buffer (the above incubation buffer without 1,10-phenanthroline and Complete™ protease inhibitor tablet). The filters were dried in a 37° C. oven, placed in a sample bag and 5 mL Betaplatescint (Wallac) was added. Prepared filters were counted in cassettes in a Microbeta Trilux (Wallac) for 1 min.",CHEMBL3886716,P33032,Melanocortin receptor 5,IC50,N=C(N)NCCC[C@@H]1N[C@H](CNC(=O)c2ccc3ccccc3c2)CCN(CC(c2ccccc2)c2ccccc2)C1=O,6.301029995663981
CHEMBL3936968,CHEMBL4608,Melanocortin receptor 5,IC50,=,1500.0,nM,CHEMBL3888445,B,"Radioligand Binding Assay: Assessments of compound binding to human MC5R (hMC5R)) by displacement of an 125I-labeled NDP-MSH receptor ligand peptide were performed essentially as described in the data sheets produced by Perkin Elmer to accompany their frozen hMC5R membranes (Perkin Elmer catalog number RBXMC5M400UA). [125I] NDP-MSH: Radiolabeled in House and Purified by HPLC: Na125I (0.5 mCi, 17.4 Ci/mg) was added to 50 μL sodium phosphate (50 mM, pH 7.4) in an eppendorf tube precoated with IODOGEN. After incubation for 10 mins the phosphate buffer containing the iodine was added to NDP-MSH (10 μl at 1 mg/mL) in a separate eppendorf tube. This was incubated for a further 10 mins. The iodinated NDP-MSH was purified by HPLC on a Zorbax SB 300 column using solvent A: 0.05% TFA and solvent B: 90% acetonitrile 0.045% TFA with a linear gradient, 0-67% B over 60 mins. The 125I NDP-MSH eluted at 52 mins after the unlabeled starting material (48 min) and was counted and stored in the freezer. It was used within 48 hrs, as radioactive decay and ligand decomposition resulted in greatly reduced specific binding observed after 72 hrs. Incubation buffer: 25 mM HEPES-KOH (pH 7.0), 1.5 mM CaCl2, 1 mM MgSO4, 0.1 M NaCl, 1 mM 1,10-phenanthroline, and 1 Complete™ protease inhibitor tablet/100 mL (Roche, catalog number 1873580). Perkin Elmer frozen hMC5 membranes: catalog number RBXMC5M400UA, 0.4 mL/vial; 400 microassays/vial, 0.78 mg/mL protein concentration. Vials of frozen membranes were thawed rapidly immediately before use, diluted with binding buffer and vortexed. Resuspended membranes were kept on ice until they were added to the wells of the plate. Assays were performed in 96 well polypropylene plates. Membranes (0.78 μg 40 μL of a 1:40 dilution in incubation buffer) were added to [125I] NDP-MSH (0.84 nM; 2200 Ci/mmol) and test compounds in a total volume of 140 μL. This was incubated for 1 hr at 37° C. Non-specific binding was determined with 3 mM NDP-MSH. Plates were filtered using a Tomtec cell harvester with GF/A filters (Wallac) (presoaked in 0.6% polyethylenimine) and washed three times with 1.0 mL ice-cold wash buffer (the above incubation buffer without 1,10-phenanthroline and Complete™ protease inhibitor tablet). The filters were dried in a 37° C. oven, placed in a sample bag and 5 mL Betaplatescint (Wallac) was added. Prepared filters were counted in cassettes in a Microbeta Trilux (Wallac) for 1 min.",CHEMBL3886716,P33032,Melanocortin receptor 5,IC50,N=C(N)NCCC[C@@H]1N[C@@H](CNC(=O)c2ccc3ccccc3c2)CCN(CC(c2ccccc2)c2ccccc2)C1=O,5.823908740944319
CHEMBL3975851,CHEMBL4608,Melanocortin receptor 5,IC50,=,56.0,nM,CHEMBL3888445,B,"Radioligand Binding Assay: Assessments of compound binding to human MC5R (hMC5R)) by displacement of an 125I-labeled NDP-MSH receptor ligand peptide were performed essentially as described in the data sheets produced by Perkin Elmer to accompany their frozen hMC5R membranes (Perkin Elmer catalog number RBXMC5M400UA). [125I] NDP-MSH: Radiolabeled in House and Purified by HPLC: Na125I (0.5 mCi, 17.4 Ci/mg) was added to 50 μL sodium phosphate (50 mM, pH 7.4) in an eppendorf tube precoated with IODOGEN. After incubation for 10 mins the phosphate buffer containing the iodine was added to NDP-MSH (10 μl at 1 mg/mL) in a separate eppendorf tube. This was incubated for a further 10 mins. The iodinated NDP-MSH was purified by HPLC on a Zorbax SB 300 column using solvent A: 0.05% TFA and solvent B: 90% acetonitrile 0.045% TFA with a linear gradient, 0-67% B over 60 mins. The 125I NDP-MSH eluted at 52 mins after the unlabeled starting material (48 min) and was counted and stored in the freezer. It was used within 48 hrs, as radioactive decay and ligand decomposition resulted in greatly reduced specific binding observed after 72 hrs. Incubation buffer: 25 mM HEPES-KOH (pH 7.0), 1.5 mM CaCl2, 1 mM MgSO4, 0.1 M NaCl, 1 mM 1,10-phenanthroline, and 1 Complete™ protease inhibitor tablet/100 mL (Roche, catalog number 1873580). Perkin Elmer frozen hMC5 membranes: catalog number RBXMC5M400UA, 0.4 mL/vial; 400 microassays/vial, 0.78 mg/mL protein concentration. Vials of frozen membranes were thawed rapidly immediately before use, diluted with binding buffer and vortexed. Resuspended membranes were kept on ice until they were added to the wells of the plate. Assays were performed in 96 well polypropylene plates. Membranes (0.78 μg 40 μL of a 1:40 dilution in incubation buffer) were added to [125I] NDP-MSH (0.84 nM; 2200 Ci/mmol) and test compounds in a total volume of 140 μL. This was incubated for 1 hr at 37° C. Non-specific binding was determined with 3 mM NDP-MSH. Plates were filtered using a Tomtec cell harvester with GF/A filters (Wallac) (presoaked in 0.6% polyethylenimine) and washed three times with 1.0 mL ice-cold wash buffer (the above incubation buffer without 1,10-phenanthroline and Complete™ protease inhibitor tablet). The filters were dried in a 37° C. oven, placed in a sample bag and 5 mL Betaplatescint (Wallac) was added. Prepared filters were counted in cassettes in a Microbeta Trilux (Wallac) for 1 min.",CHEMBL3886716,P33032,Melanocortin receptor 5,IC50,N=C(N)NCCC[C@H]1N[C@@H](CNC(=O)c2ccc3ccccc3c2)CCN(CC(c2ccccc2)c2ccccc2)C1=O,7.251811972993799
CHEMBL3975851,CHEMBL4608,Melanocortin receptor 5,IC50,=,57.0,nM,CHEMBL3888445,B,"Radioligand Binding Assay: Assessments of compound binding to human MC5R (hMC5R)) by displacement of an 125I-labeled NDP-MSH receptor ligand peptide were performed essentially as described in the data sheets produced by Perkin Elmer to accompany their frozen hMC5R membranes (Perkin Elmer catalog number RBXMC5M400UA). [125I] NDP-MSH: Radiolabeled in House and Purified by HPLC: Na125I (0.5 mCi, 17.4 Ci/mg) was added to 50 μL sodium phosphate (50 mM, pH 7.4) in an eppendorf tube precoated with IODOGEN. After incubation for 10 mins the phosphate buffer containing the iodine was added to NDP-MSH (10 μl at 1 mg/mL) in a separate eppendorf tube. This was incubated for a further 10 mins. The iodinated NDP-MSH was purified by HPLC on a Zorbax SB 300 column using solvent A: 0.05% TFA and solvent B: 90% acetonitrile 0.045% TFA with a linear gradient, 0-67% B over 60 mins. The 125I NDP-MSH eluted at 52 mins after the unlabeled starting material (48 min) and was counted and stored in the freezer. It was used within 48 hrs, as radioactive decay and ligand decomposition resulted in greatly reduced specific binding observed after 72 hrs. Incubation buffer: 25 mM HEPES-KOH (pH 7.0), 1.5 mM CaCl2, 1 mM MgSO4, 0.1 M NaCl, 1 mM 1,10-phenanthroline, and 1 Complete™ protease inhibitor tablet/100 mL (Roche, catalog number 1873580). Perkin Elmer frozen hMC5 membranes: catalog number RBXMC5M400UA, 0.4 mL/vial; 400 microassays/vial, 0.78 mg/mL protein concentration. Vials of frozen membranes were thawed rapidly immediately before use, diluted with binding buffer and vortexed. Resuspended membranes were kept on ice until they were added to the wells of the plate. Assays were performed in 96 well polypropylene plates. Membranes (0.78 μg 40 μL of a 1:40 dilution in incubation buffer) were added to [125I] NDP-MSH (0.84 nM; 2200 Ci/mmol) and test compounds in a total volume of 140 μL. This was incubated for 1 hr at 37° C. Non-specific binding was determined with 3 mM NDP-MSH. Plates were filtered using a Tomtec cell harvester with GF/A filters (Wallac) (presoaked in 0.6% polyethylenimine) and washed three times with 1.0 mL ice-cold wash buffer (the above incubation buffer without 1,10-phenanthroline and Complete™ protease inhibitor tablet). The filters were dried in a 37° C. oven, placed in a sample bag and 5 mL Betaplatescint (Wallac) was added. Prepared filters were counted in cassettes in a Microbeta Trilux (Wallac) for 1 min.",CHEMBL3886716,P33032,Melanocortin receptor 5,IC50,N=C(N)NCCC[C@H]1N[C@@H](CNC(=O)c2ccc3ccccc3c2)CCN(CC(c2ccccc2)c2ccccc2)C1=O,7.2441251443275085
CHEMBL3904191,CHEMBL4608,Melanocortin receptor 5,IC50,=,30.0,nM,CHEMBL3888445,B,"Radioligand Binding Assay: Assessments of compound binding to human MC5R (hMC5R)) by displacement of an 125I-labeled NDP-MSH receptor ligand peptide were performed essentially as described in the data sheets produced by Perkin Elmer to accompany their frozen hMC5R membranes (Perkin Elmer catalog number RBXMC5M400UA). [125I] NDP-MSH: Radiolabeled in House and Purified by HPLC: Na125I (0.5 mCi, 17.4 Ci/mg) was added to 50 μL sodium phosphate (50 mM, pH 7.4) in an eppendorf tube precoated with IODOGEN. After incubation for 10 mins the phosphate buffer containing the iodine was added to NDP-MSH (10 μl at 1 mg/mL) in a separate eppendorf tube. This was incubated for a further 10 mins. The iodinated NDP-MSH was purified by HPLC on a Zorbax SB 300 column using solvent A: 0.05% TFA and solvent B: 90% acetonitrile 0.045% TFA with a linear gradient, 0-67% B over 60 mins. The 125I NDP-MSH eluted at 52 mins after the unlabeled starting material (48 min) and was counted and stored in the freezer. It was used within 48 hrs, as radioactive decay and ligand decomposition resulted in greatly reduced specific binding observed after 72 hrs. Incubation buffer: 25 mM HEPES-KOH (pH 7.0), 1.5 mM CaCl2, 1 mM MgSO4, 0.1 M NaCl, 1 mM 1,10-phenanthroline, and 1 Complete™ protease inhibitor tablet/100 mL (Roche, catalog number 1873580). Perkin Elmer frozen hMC5 membranes: catalog number RBXMC5M400UA, 0.4 mL/vial; 400 microassays/vial, 0.78 mg/mL protein concentration. Vials of frozen membranes were thawed rapidly immediately before use, diluted with binding buffer and vortexed. Resuspended membranes were kept on ice until they were added to the wells of the plate. Assays were performed in 96 well polypropylene plates. Membranes (0.78 μg 40 μL of a 1:40 dilution in incubation buffer) were added to [125I] NDP-MSH (0.84 nM; 2200 Ci/mmol) and test compounds in a total volume of 140 μL. This was incubated for 1 hr at 37° C. Non-specific binding was determined with 3 mM NDP-MSH. Plates were filtered using a Tomtec cell harvester with GF/A filters (Wallac) (presoaked in 0.6% polyethylenimine) and washed three times with 1.0 mL ice-cold wash buffer (the above incubation buffer without 1,10-phenanthroline and Complete™ protease inhibitor tablet). The filters were dried in a 37° C. oven, placed in a sample bag and 5 mL Betaplatescint (Wallac) was added. Prepared filters were counted in cassettes in a Microbeta Trilux (Wallac) for 1 min.",CHEMBL3886716,P33032,Melanocortin receptor 5,IC50,O=C(NC[C@H]1CCN(CC(c2ccccc2)c2ccccc2)C(=O)[C@@H](CCCN2CCCCC2)N1)c1ccc2ccccc2c1,7.522878745280337
CHEMBL3904191,CHEMBL4608,Melanocortin receptor 5,IC50,=,31.0,nM,CHEMBL3888445,B,"Radioligand Binding Assay: Assessments of compound binding to human MC5R (hMC5R)) by displacement of an 125I-labeled NDP-MSH receptor ligand peptide were performed essentially as described in the data sheets produced by Perkin Elmer to accompany their frozen hMC5R membranes (Perkin Elmer catalog number RBXMC5M400UA). [125I] NDP-MSH: Radiolabeled in House and Purified by HPLC: Na125I (0.5 mCi, 17.4 Ci/mg) was added to 50 μL sodium phosphate (50 mM, pH 7.4) in an eppendorf tube precoated with IODOGEN. After incubation for 10 mins the phosphate buffer containing the iodine was added to NDP-MSH (10 μl at 1 mg/mL) in a separate eppendorf tube. This was incubated for a further 10 mins. The iodinated NDP-MSH was purified by HPLC on a Zorbax SB 300 column using solvent A: 0.05% TFA and solvent B: 90% acetonitrile 0.045% TFA with a linear gradient, 0-67% B over 60 mins. The 125I NDP-MSH eluted at 52 mins after the unlabeled starting material (48 min) and was counted and stored in the freezer. It was used within 48 hrs, as radioactive decay and ligand decomposition resulted in greatly reduced specific binding observed after 72 hrs. Incubation buffer: 25 mM HEPES-KOH (pH 7.0), 1.5 mM CaCl2, 1 mM MgSO4, 0.1 M NaCl, 1 mM 1,10-phenanthroline, and 1 Complete™ protease inhibitor tablet/100 mL (Roche, catalog number 1873580). Perkin Elmer frozen hMC5 membranes: catalog number RBXMC5M400UA, 0.4 mL/vial; 400 microassays/vial, 0.78 mg/mL protein concentration. Vials of frozen membranes were thawed rapidly immediately before use, diluted with binding buffer and vortexed. Resuspended membranes were kept on ice until they were added to the wells of the plate. Assays were performed in 96 well polypropylene plates. Membranes (0.78 μg 40 μL of a 1:40 dilution in incubation buffer) were added to [125I] NDP-MSH (0.84 nM; 2200 Ci/mmol) and test compounds in a total volume of 140 μL. This was incubated for 1 hr at 37° C. Non-specific binding was determined with 3 mM NDP-MSH. Plates were filtered using a Tomtec cell harvester with GF/A filters (Wallac) (presoaked in 0.6% polyethylenimine) and washed three times with 1.0 mL ice-cold wash buffer (the above incubation buffer without 1,10-phenanthroline and Complete™ protease inhibitor tablet). The filters were dried in a 37° C. oven, placed in a sample bag and 5 mL Betaplatescint (Wallac) was added. Prepared filters were counted in cassettes in a Microbeta Trilux (Wallac) for 1 min.",CHEMBL3886716,P33032,Melanocortin receptor 5,IC50,O=C(NC[C@H]1CCN(CC(c2ccccc2)c2ccccc2)C(=O)[C@@H](CCCN2CCCCC2)N1)c1ccc2ccccc2c1,7.508638306165727
CHEMBL3968918,CHEMBL4608,Melanocortin receptor 5,IC50,=,9.0,nM,CHEMBL3888445,B,"Radioligand Binding Assay: Assessments of compound binding to human MC5R (hMC5R)) by displacement of an 125I-labeled NDP-MSH receptor ligand peptide were performed essentially as described in the data sheets produced by Perkin Elmer to accompany their frozen hMC5R membranes (Perkin Elmer catalog number RBXMC5M400UA). [125I] NDP-MSH: Radiolabeled in House and Purified by HPLC: Na125I (0.5 mCi, 17.4 Ci/mg) was added to 50 μL sodium phosphate (50 mM, pH 7.4) in an eppendorf tube precoated with IODOGEN. After incubation for 10 mins the phosphate buffer containing the iodine was added to NDP-MSH (10 μl at 1 mg/mL) in a separate eppendorf tube. This was incubated for a further 10 mins. The iodinated NDP-MSH was purified by HPLC on a Zorbax SB 300 column using solvent A: 0.05% TFA and solvent B: 90% acetonitrile 0.045% TFA with a linear gradient, 0-67% B over 60 mins. The 125I NDP-MSH eluted at 52 mins after the unlabeled starting material (48 min) and was counted and stored in the freezer. It was used within 48 hrs, as radioactive decay and ligand decomposition resulted in greatly reduced specific binding observed after 72 hrs. Incubation buffer: 25 mM HEPES-KOH (pH 7.0), 1.5 mM CaCl2, 1 mM MgSO4, 0.1 M NaCl, 1 mM 1,10-phenanthroline, and 1 Complete™ protease inhibitor tablet/100 mL (Roche, catalog number 1873580). Perkin Elmer frozen hMC5 membranes: catalog number RBXMC5M400UA, 0.4 mL/vial; 400 microassays/vial, 0.78 mg/mL protein concentration. Vials of frozen membranes were thawed rapidly immediately before use, diluted with binding buffer and vortexed. Resuspended membranes were kept on ice until they were added to the wells of the plate. Assays were performed in 96 well polypropylene plates. Membranes (0.78 μg 40 μL of a 1:40 dilution in incubation buffer) were added to [125I] NDP-MSH (0.84 nM; 2200 Ci/mmol) and test compounds in a total volume of 140 μL. This was incubated for 1 hr at 37° C. Non-specific binding was determined with 3 mM NDP-MSH. Plates were filtered using a Tomtec cell harvester with GF/A filters (Wallac) (presoaked in 0.6% polyethylenimine) and washed three times with 1.0 mL ice-cold wash buffer (the above incubation buffer without 1,10-phenanthroline and Complete™ protease inhibitor tablet). The filters were dried in a 37° C. oven, placed in a sample bag and 5 mL Betaplatescint (Wallac) was added. Prepared filters were counted in cassettes in a Microbeta Trilux (Wallac) for 1 min.",CHEMBL3886716,P33032,Melanocortin receptor 5,IC50,O=C(/C=C/c1ccc(Cl)cc1)NC[C@H]1CCN(CC(c2ccccc2)c2ccccc2)C(=O)[C@@H](CCN2CCCCC2)N1,8.045757490560675
CHEMBL3942822,CHEMBL4608,Melanocortin receptor 5,IC50,=,150.0,nM,CHEMBL3888445,B,"Radioligand Binding Assay: Assessments of compound binding to human MC5R (hMC5R)) by displacement of an 125I-labeled NDP-MSH receptor ligand peptide were performed essentially as described in the data sheets produced by Perkin Elmer to accompany their frozen hMC5R membranes (Perkin Elmer catalog number RBXMC5M400UA). [125I] NDP-MSH: Radiolabeled in House and Purified by HPLC: Na125I (0.5 mCi, 17.4 Ci/mg) was added to 50 μL sodium phosphate (50 mM, pH 7.4) in an eppendorf tube precoated with IODOGEN. After incubation for 10 mins the phosphate buffer containing the iodine was added to NDP-MSH (10 μl at 1 mg/mL) in a separate eppendorf tube. This was incubated for a further 10 mins. The iodinated NDP-MSH was purified by HPLC on a Zorbax SB 300 column using solvent A: 0.05% TFA and solvent B: 90% acetonitrile 0.045% TFA with a linear gradient, 0-67% B over 60 mins. The 125I NDP-MSH eluted at 52 mins after the unlabeled starting material (48 min) and was counted and stored in the freezer. It was used within 48 hrs, as radioactive decay and ligand decomposition resulted in greatly reduced specific binding observed after 72 hrs. Incubation buffer: 25 mM HEPES-KOH (pH 7.0), 1.5 mM CaCl2, 1 mM MgSO4, 0.1 M NaCl, 1 mM 1,10-phenanthroline, and 1 Complete™ protease inhibitor tablet/100 mL (Roche, catalog number 1873580). Perkin Elmer frozen hMC5 membranes: catalog number RBXMC5M400UA, 0.4 mL/vial; 400 microassays/vial, 0.78 mg/mL protein concentration. Vials of frozen membranes were thawed rapidly immediately before use, diluted with binding buffer and vortexed. Resuspended membranes were kept on ice until they were added to the wells of the plate. Assays were performed in 96 well polypropylene plates. Membranes (0.78 μg 40 μL of a 1:40 dilution in incubation buffer) were added to [125I] NDP-MSH (0.84 nM; 2200 Ci/mmol) and test compounds in a total volume of 140 μL. This was incubated for 1 hr at 37° C. Non-specific binding was determined with 3 mM NDP-MSH. Plates were filtered using a Tomtec cell harvester with GF/A filters (Wallac) (presoaked in 0.6% polyethylenimine) and washed three times with 1.0 mL ice-cold wash buffer (the above incubation buffer without 1,10-phenanthroline and Complete™ protease inhibitor tablet). The filters were dried in a 37° C. oven, placed in a sample bag and 5 mL Betaplatescint (Wallac) was added. Prepared filters were counted in cassettes in a Microbeta Trilux (Wallac) for 1 min.",CHEMBL3886716,P33032,Melanocortin receptor 5,IC50,CCC(CC)CN1CC[C@H](CNC(=O)/C=C/c2ccc(Cl)cc2)N[C@H](CCN2CCCCC2)C1=O,6.823908740944319
CHEMBL4104465,CHEMBL4608,Melanocortin receptor 5,IC50,=,8511.38,nM,CHEMBL4049181,B,Displacement of [125I]-NDP-alpha-MSH from human MC5R LBD expressed in HEK293 cell membranes incubated for 16 to 23 hrs in dark by scintillation proximity assay,CHEMBL4043303,P33032,Melanocortin receptor 5,IC50,CC[C@H](C)[C@@H]1NC(=O)[C@@H]2CCCN2C(=O)[C@H](Cc2c[nH]c3ccccc23)NC(=O)[C@H](CCCNC(=N)N)NC(=O)[C@@H](Cc2ccccc2)NC(=O)[C@H](Cc2cnc[nH]2)NC(=O)[C@H]([C@@H](C)O)NC(=O)[C@@H]2CSSC[C@H](NC1=O)C(=O)N[C@@H](Cc1ccccc1)C(=O)N1CCC[C@H]1C(=O)N[C@@H](CC(=O)O)C(=O)NCC(=O)N[C@@H](CCCNC(=N)N)C(=O)N2,5.070000019492822
CHEMBL4080223,CHEMBL4608,Melanocortin receptor 5,IC50,=,11220.18,nM,CHEMBL4049181,B,Displacement of [125I]-NDP-alpha-MSH from human MC5R LBD expressed in HEK293 cell membranes incubated for 16 to 23 hrs in dark by scintillation proximity assay,CHEMBL4043303,P33032,Melanocortin receptor 5,IC50,CC[C@H](C)[C@@H]1NC(=O)[C@@H]2CCCN2C(=O)[C@H](Cc2c[nH]c3ccccc23)NC(=O)[C@H](CCCNC(=N)N)NC(=O)[C@@H](Cc2ccccc2)NC(=O)[C@H](Cc2cnc[nH]2)N(C)C(=O)[C@H]([C@@H](C)O)NC(=O)[C@@H]2CSSC[C@H](NC1=O)C(=O)N[C@@H](Cc1ccccc1)C(=O)N1CCC[C@H]1C(=O)N[C@@H](CC(=O)O)C(=O)NCC(=O)N[C@@H](CCCNC(=N)N)C(=O)N2,4.950000175844591
CHEMBL4099889,CHEMBL4608,Melanocortin receptor 5,IC50,=,25118.86,nM,CHEMBL4049181,B,Displacement of [125I]-NDP-alpha-MSH from human MC5R LBD expressed in HEK293 cell membranes incubated for 16 to 23 hrs in dark by scintillation proximity assay,CHEMBL4043303,P33032,Melanocortin receptor 5,IC50,CC[C@H](C)[C@@H]1NC(=O)[C@@H]2CCCN2C(=O)[C@H](Cc2c[nH]c3ccccc23)N(C)C(=O)[C@H](CCCNC(=N)N)NC(=O)[C@@H](Cc2ccccc2)NC(=O)[C@H](Cc2cnc[nH]2)NC(=O)[C@H]([C@@H](C)O)NC(=O)[C@@H]2CSSC[C@H](NC1=O)C(=O)N[C@@H](Cc1ccccc1)C(=O)N1CCC[C@H]1C(=O)N[C@@H](CC(=O)O)C(=O)NCC(=O)N[C@@H](CCCNC(=N)N)C(=O)N2,4.600000074606178
CHEMBL4064433,CHEMBL4608,Melanocortin receptor 5,IC50,=,16218.1,nM,CHEMBL4049181,B,Displacement of [125I]-NDP-alpha-MSH from human MC5R LBD expressed in HEK293 cell membranes incubated for 16 to 23 hrs in dark by scintillation proximity assay,CHEMBL4043303,P33032,Melanocortin receptor 5,IC50,CC[C@H](C)[C@@H]1NC(=O)[C@@H]2CCCN2C(=O)[C@H](Cc2c[nH]c3ccccc23)NC(=O)[C@H](CCCNC(=N)N)N(C)C(=O)[C@@H](Cc2ccccc2)NC(=O)[C@H](Cc2cnc[nH]2)N(C)C(=O)[C@H]([C@@H](C)O)NC(=O)[C@@H]2CSSC[C@H](NC1=O)C(=O)N[C@@H](Cc1ccccc1)C(=O)N1CCC[C@H]1C(=O)N[C@@H](CC(=O)O)C(=O)NCC(=O)N[C@@H](CCCNC(=N)N)C(=O)N2,4.790000026071146
CHEMBL4092141,CHEMBL4608,Melanocortin receptor 5,IC50,=,7079.46,nM,CHEMBL4049181,B,Displacement of [125I]-NDP-alpha-MSH from human MC5R LBD expressed in HEK293 cell membranes incubated for 16 to 23 hrs in dark by scintillation proximity assay,CHEMBL4043303,P33032,Melanocortin receptor 5,IC50,CC[C@H](C)[C@@H]1NC(=O)[C@@H]2CCCN2C(=O)[C@H](Cc2c[nH]c3ccccc23)N(C)C(=O)[C@H](CCCNC(=N)N)NC(=O)[C@@H](Cc2ccccc2)NC(=O)[C@H](Cc2cnc[nH]2)N(C)C(=O)[C@H]([C@@H](C)O)NC(=O)[C@@H]2CSSC[C@H](NC1=O)C(=O)N[C@@H](Cc1ccccc1)C(=O)N1CCC[C@H]1C(=O)N[C@@H](CC(=O)O)C(=O)NCC(=O)N[C@@H](CCCNC(=N)N)C(=O)N2,5.149999867728904
CHEMBL4094606,CHEMBL4608,Melanocortin receptor 5,IC50,=,4073.8,nM,CHEMBL4049181,B,Displacement of [125I]-NDP-alpha-MSH from human MC5R LBD expressed in HEK293 cell membranes incubated for 16 to 23 hrs in dark by scintillation proximity assay,CHEMBL4043303,P33032,Melanocortin receptor 5,IC50,CC[C@H](C)[C@@H]1NC(=O)[C@@H]2CCCN2C(=O)[C@@H]2CCCN2C(=O)[C@H]([C@@H](C)CC)NC(=O)[C@H](CO)NC(=O)[C@H](C)NC(=O)[C@H]([C@H](C)O)NC(=O)[C@@H]2CSSC[C@H](NC1=O)C(=O)N[C@@H](Cc1cnc[nH]1)C(=O)N[C@@H](Cc1ccccc1)C(=O)N[C@@H](CCCNC(=N)N)C(=O)N[C@@H](Cc1c[nH]c3ccccc13)C(=O)N[C@@H](CCCNC(=N)N)C(=O)N2,5.390000296157769
CHEMBL4074074,CHEMBL4608,Melanocortin receptor 5,IC50,=,707.95,nM,CHEMBL4049181,B,Displacement of [125I]-NDP-alpha-MSH from human MC5R LBD expressed in HEK293 cell membranes incubated for 16 to 23 hrs in dark by scintillation proximity assay,CHEMBL4043303,P33032,Melanocortin receptor 5,IC50,CC[C@H](C)[C@@H]1NC(=O)[C@@H]2CCCN2C(=O)[C@@H]2CCCN2C(=O)[C@H]([C@@H](C)CC)NC(=O)[C@H](CO)NC(=O)[C@H](C)NC(=O)[C@H]([C@H](C)O)NC(=O)[C@@H]2CSSC[C@H](NC1=O)C(=O)N[C@@H](Cc1cnc[nH]1)C(=O)N[C@H](Cc1ccccc1)C(=O)N[C@@H](CCCNC(=N)N)C(=O)N[C@@H](Cc1c[nH]c3ccccc13)C(=O)N[C@@H](CCCNC(=N)N)C(=O)N2,6.149997413907538
CHEMBL4063111,CHEMBL4608,Melanocortin receptor 5,IC50,=,6606.93,nM,CHEMBL4049181,B,Displacement of [125I]-NDP-alpha-MSH from human MC5R LBD expressed in HEK293 cell membranes incubated for 16 to 23 hrs in dark by scintillation proximity assay,CHEMBL4043303,P33032,Melanocortin receptor 5,IC50,CC[C@H](C)[C@@H]1NC(=O)[C@@H]2CCCN2C(=O)[C@@H]2CCCN2C(=O)[C@H]([C@@H](C)CC)NC(=O)[C@H](CO)NC(=O)[C@H](C)NC(=O)[C@H]([C@H](C)O)NC(=O)[C@@H]2CSSC[C@H](NC1=O)C(=O)N(C)[C@@H](Cc1cnc[nH]1)C(=O)N[C@H](Cc1ccccc1)C(=O)N[C@@H](CCCNC(=N)N)C(=O)N[C@@H](Cc1c[nH]c3ccccc13)C(=O)N[C@@H](CCCNC(=N)N)C(=O)N2,5.180000294489515
CHEMBL4084765,CHEMBL4608,Melanocortin receptor 5,IC50,=,1122.02,nM,CHEMBL4049181,B,Displacement of [125I]-NDP-alpha-MSH from human MC5R LBD expressed in HEK293 cell membranes incubated for 16 to 23 hrs in dark by scintillation proximity assay,CHEMBL4043303,P33032,Melanocortin receptor 5,IC50,CC[C@H](C)[C@@H]1NC(=O)[C@@H]2CCCN2C(=O)[C@@H]2CCCN2C(=O)[C@H]([C@@H](C)CC)NC(=O)[C@H](CO)NC(=O)[C@H](C)NC(=O)[C@H]([C@H](C)O)NC(=O)[C@@H]2CSSC[C@H](NC1=O)C(=O)N[C@@H](Cc1cnc[nH]1)C(=O)N[C@H](Cc1ccccc1)C(=O)N(C)[C@@H](CCCNC(=N)N)C(=O)N[C@@H](Cc1c[nH]c3ccccc13)C(=O)N[C@@H](CCCNC(=N)N)C(=O)N2,5.949999401714239
CHEMBL4101216,CHEMBL4608,Melanocortin receptor 5,IC50,=,58.88,nM,CHEMBL4049181,B,Displacement of [125I]-NDP-alpha-MSH from human MC5R LBD expressed in HEK293 cell membranes incubated for 16 to 23 hrs in dark by scintillation proximity assay,CHEMBL4043303,P33032,Melanocortin receptor 5,IC50,CC[C@H](C)[C@@H]1NC(=O)[C@@H]2CCCN2C(=O)[C@@H]2CCCN2C(=O)[C@H]([C@@H](C)CC)NC(=O)[C@H](CO)NC(=O)[C@H](C)NC(=O)[C@H]([C@H](C)O)NC(=O)[C@@H]2CSSC[C@H](NC1=O)C(=O)N[C@@H](Cc1cnc[nH]1)C(=O)N[C@H](Cc1ccccc1)C(=O)N[C@@H](CCCNC(=N)N)C(=O)N(C)[C@@H](Cc1c[nH]c3ccccc13)C(=O)N[C@@H](CCCNC(=N)N)C(=O)N2,7.230032198670558
CHEMBL4074479,CHEMBL4608,Melanocortin receptor 5,IC50,=,4168.69,nM,CHEMBL4049181,B,Displacement of [125I]-NDP-alpha-MSH from human MC5R LBD expressed in HEK293 cell membranes incubated for 16 to 23 hrs in dark by scintillation proximity assay,CHEMBL4043303,P33032,Melanocortin receptor 5,IC50,CC[C@H](C)[C@@H]1NC(=O)[C@@H]2CCCN2C(=O)[C@@H]2CCCN2C(=O)[C@H]([C@@H](C)CC)NC(=O)[C@H](CO)NC(=O)[C@H](C)NC(=O)[C@H]([C@H](C)O)NC(=O)[C@@H]2CSSC[C@H](NC1=O)C(=O)N(C)[C@@H](Cc1cnc[nH]1)C(=O)N[C@H](Cc1ccccc1)C(=O)N(C)[C@@H](CCCNC(=N)N)C(=O)N[C@@H](Cc1c[nH]c3ccccc13)C(=O)N[C@@H](CCCNC(=N)N)C(=O)N2,5.380000399499541
CHEMBL4067967,CHEMBL4608,Melanocortin receptor 5,IC50,=,281.84,nM,CHEMBL4049181,B,Displacement of [125I]-NDP-alpha-MSH from human MC5R LBD expressed in HEK293 cell membranes incubated for 16 to 23 hrs in dark by scintillation proximity assay,CHEMBL4043303,P33032,Melanocortin receptor 5,IC50,CC[C@H](C)[C@@H]1NC(=O)[C@@H]2CCCN2C(=O)[C@@H]2CCCN2C(=O)[C@H]([C@@H](C)CC)NC(=O)[C@H](CO)NC(=O)[C@H](C)NC(=O)[C@H]([C@H](C)O)NC(=O)[C@@H]2CSSC[C@H](NC1=O)C(=O)N(C)[C@@H](Cc1cnc[nH]1)C(=O)N[C@H](Cc1ccccc1)C(=O)N[C@@H](CCCNC(=N)N)C(=O)N(C)[C@@H](Cc1c[nH]c3ccccc13)C(=O)N[C@@H](CCCNC(=N)N)C(=O)N2,6.549997369826814
CHEMBL4089162,CHEMBL4608,Melanocortin receptor 5,IC50,=,812.83,nM,CHEMBL4049181,B,Displacement of [125I]-NDP-alpha-MSH from human MC5R LBD expressed in HEK293 cell membranes incubated for 16 to 23 hrs in dark by scintillation proximity assay,CHEMBL4043303,P33032,Melanocortin receptor 5,IC50,CC[C@H](C)[C@@H]1NC(=O)[C@@H]2CCCN2C(=O)[C@@H]2CCCN2C(=O)[C@H]([C@@H](C)CC)NC(=O)[C@H](CO)NC(=O)[C@H](C)NC(=O)[C@H]([C@H](C)O)NC(=O)[C@@H]2CSSC[C@H](NC1=O)C(=O)N[C@@H](Cc1cnc[nH]1)C(=O)N[C@H](Cc1ccccc1)C(=O)N(C)[C@@H](CCCNC(=N)N)C(=O)N(C)[C@@H](Cc1c[nH]c3ccccc13)C(=O)N[C@@H](CCCNC(=N)N)C(=O)N2,6.090000275786018
CHEMBL4098785,CHEMBL4608,Melanocortin receptor 5,IC50,=,758.58,nM,CHEMBL4049181,B,Displacement of [125I]-NDP-alpha-MSH from human MC5R LBD expressed in HEK293 cell membranes incubated for 16 to 23 hrs in dark by scintillation proximity assay,CHEMBL4043303,P33032,Melanocortin receptor 5,IC50,CC[C@H](C)[C@@H]1NC(=O)[C@@H]2CCCN2C(=O)[C@@H]2CCCN2C(=O)[C@H]([C@@H](C)CC)NC(=O)[C@H](CO)NC(=O)[C@H](C)NC(=O)[C@H]([C@H](C)O)NC(=O)[C@@H]2CSSC[C@H](NC1=O)C(=O)N(C)[C@@H](Cc1cnc[nH]1)C(=O)N[C@H](Cc1ccccc1)C(=O)N(C)[C@@H](CCCNC(=N)N)C(=O)N(C)[C@@H](Cc1c[nH]c3ccccc13)C(=O)N[C@@H](CCCNC(=N)N)C(=O)N2,6.119998611678231
CHEMBL430239,CHEMBL4608,Melanocortin receptor 5,IC50,=,23.44,nM,CHEMBL4049181,B,Displacement of [125I]-NDP-alpha-MSH from human MC5R LBD expressed in HEK293 cell membranes incubated for 16 to 23 hrs in dark by scintillation proximity assay,CHEMBL4043303,P33032,Melanocortin receptor 5,IC50,CCCC[C@H](NC(C)=O)C(=O)N[C@H]1CC(=O)NCCCC[C@@H](C(N)=O)NC(=O)[C@H](Cc2c[nH]c3ccccc23)NC(=O)[C@H](CCCNC(=N)N)NC(=O)[C@@H](Cc2ccccc2)NC(=O)[C@H](Cc2cnc[nH]2)NC1=O,7.630042392653947
CHEMBL4060381,CHEMBL4608,Melanocortin receptor 5,IC50,=,1905.46,nM,CHEMBL4049181,B,Displacement of [125I]-NDP-alpha-MSH from human MC5R LBD expressed in HEK293 cell membranes incubated for 16 to 23 hrs in dark by scintillation proximity assay,CHEMBL4043303,P33032,Melanocortin receptor 5,IC50,CC(=O)N[C@@H](CCCNC(=N)N)C(=O)N[C@@H](CS)C(=O)N[C@H](C)C(=O)N[C@@H](Cc1cnc[nH]1)C(=O)N[C@H](Cc1ccccc1)C(=O)N[C@@H](CCCNC(=N)N)C(=O)N[C@@H](Cc1c[nH]c2ccccc12)C(=O)N[C@@H](CS)C(N)=O,5.720000163638921
CHEMBL2070241,CHEMBL4608,Melanocortin receptor 5,IC50,=,194.98,nM,CHEMBL4049181,B,Displacement of [125I]-NDP-alpha-MSH from human MC5R LBD expressed in HEK293 cell membranes incubated for 16 to 23 hrs in dark by scintillation proximity assay,CHEMBL4043303,P33032,Melanocortin receptor 5,IC50,CCCC[C@H](NC(C)=O)C(=O)N[C@H]1CC(=O)NCCCC[C@@H](C(=O)O)NC(=O)[C@H](Cc2c[nH]c3ccccc23)NC(=O)[C@H](CCCNC(=N)N)NC(=O)[C@@H](Cc2ccccc2)NC(=O)[C@H](Cc2c[nH]cn2)NC1=O,6.710009933945681
CHEMBL430239,CHEMBL4608,Melanocortin receptor 5,IC50,=,7.5,nM,CHEMBL4183653,B,Displacement of [125I]-NDP-alpha-MSH from human MC5R expressed in HEK293 cells after 40 mins by gamma counting method,CHEMBL4177763,P33032,Melanocortin receptor 5,IC50,CCCC[C@H](NC(C)=O)C(=O)N[C@H]1CC(=O)NCCCC[C@@H](C(N)=O)NC(=O)[C@H](Cc2c[nH]c3ccccc23)NC(=O)[C@H](CCCNC(=N)N)NC(=O)[C@@H](Cc2ccccc2)NC(=O)[C@H](Cc2cnc[nH]2)NC1=O,8.1249387366083
CHEMBL4212629,CHEMBL4608,Melanocortin receptor 5,IC50,=,165.0,nM,CHEMBL4183653,B,Displacement of [125I]-NDP-alpha-MSH from human MC5R expressed in HEK293 cells after 40 mins by gamma counting method,CHEMBL4177763,P33032,Melanocortin receptor 5,IC50,CC1(C)NC(=O)C[C@@H](C(N)=O)NC(=O)[C@H](Cc2c[nH]c3ccccc23)NC(=O)[C@H](CCCNC(=N)N)NC(=O)[C@@H](Cc2ccc3ccccc3c2)NC(=O)[C@H](Cc2c[nH]cn2)NC1=O,6.782516055786093
CHEMBL4216654,CHEMBL4608,Melanocortin receptor 5,IC50,=,160.0,nM,CHEMBL4183653,B,Displacement of [125I]-NDP-alpha-MSH from human MC5R expressed in HEK293 cells after 40 mins by gamma counting method,CHEMBL4177763,P33032,Melanocortin receptor 5,IC50,N=C(N)NCCC[C@@H]1NC(=O)[C@@H](Cc2ccc3ccccc3c2)NC(=O)[C@H](Cc2c[nH]cn2)NC(=O)C2(CCCC2)NC(=O)C[C@@H](C(N)=O)NC(=O)[C@H](Cc2c[nH]c3ccccc23)NC1=O,6.795880017344075
CHEMBL4212762,CHEMBL4608,Melanocortin receptor 5,IC50,=,440.0,nM,CHEMBL4183653,B,Displacement of [125I]-NDP-alpha-MSH from human MC5R expressed in HEK293 cells after 40 mins by gamma counting method,CHEMBL4177763,P33032,Melanocortin receptor 5,IC50,CC1(C)NC(=O)CC[C@@H](C(N)=O)NC(=O)[C@H](Cc2c[nH]c3ccccc23)NC(=O)[C@H](CCCNC(=N)N)NC(=O)[C@@H](Cc2ccccc2)NC(=O)[C@H](Cc2c[nH]cn2)NC1=O,6.356547323513812
CHEMBL4207858,CHEMBL4608,Melanocortin receptor 5,IC50,=,12.0,nM,CHEMBL4183653,B,Displacement of [125I]-NDP-alpha-MSH from human MC5R expressed in HEK293 cells after 40 mins by gamma counting method,CHEMBL4177763,P33032,Melanocortin receptor 5,IC50,CC1(C)NC(=O)CC[C@@H](C(N)=O)NC(=O)[C@H](Cc2c[nH]c3ccccc23)NC(=O)[C@H](CCCNC(=N)N)NC(=O)[C@@H](Cc2ccc3ccccc3c2)NC(=O)[C@H](Cc2c[nH]cn2)NC1=O,7.920818753952375
CHEMBL4216242,CHEMBL4608,Melanocortin receptor 5,IC50,=,380.0,nM,CHEMBL4183653,B,Displacement of [125I]-NDP-alpha-MSH from human MC5R expressed in HEK293 cells after 40 mins by gamma counting method,CHEMBL4177763,P33032,Melanocortin receptor 5,IC50,N=C(N)NCCC[C@@H]1NC(=O)[C@@H](Cc2ccccc2)NC(=O)[C@H](Cc2c[nH]cn2)NC(=O)C2(CCC2)NC(=O)CC[C@@H](C(N)=O)NC(=O)[C@H](Cc2c[nH]c3ccccc23)NC1=O,6.42021640338319
CHEMBL4211275,CHEMBL4608,Melanocortin receptor 5,IC50,=,21.0,nM,CHEMBL4183653,B,Displacement of [125I]-NDP-alpha-MSH from human MC5R expressed in HEK293 cells after 40 mins by gamma counting method,CHEMBL4177763,P33032,Melanocortin receptor 5,IC50,N=C(N)NCCC[C@@H]1NC(=O)[C@@H](Cc2ccc3ccccc3c2)NC(=O)[C@H](Cc2c[nH]cn2)NC(=O)C2(CCC2)NC(=O)CC[C@@H](C(N)=O)NC(=O)[C@H](Cc2c[nH]c3ccccc23)NC1=O,7.6777807052660805
CHEMBL4205548,CHEMBL4608,Melanocortin receptor 5,IC50,=,630.0,nM,CHEMBL4183653,B,Displacement of [125I]-NDP-alpha-MSH from human MC5R expressed in HEK293 cells after 40 mins by gamma counting method,CHEMBL4177763,P33032,Melanocortin receptor 5,IC50,N=C(N)NCCC[C@@H]1NC(=O)[C@@H](Cc2ccccc2)NC(=O)[C@H](Cc2c[nH]cn2)NC(=O)C2(CCCCC2)NC(=O)CC[C@@H](C(N)=O)NC(=O)[C@H](Cc2c[nH]c3ccccc23)NC1=O,6.200659450546418
CHEMBL4217528,CHEMBL4608,Melanocortin receptor 5,IC50,=,20.0,nM,CHEMBL4183653,B,Displacement of [125I]-NDP-alpha-MSH from human MC5R expressed in HEK293 cells after 40 mins by gamma counting method,CHEMBL4177763,P33032,Melanocortin receptor 5,IC50,N=C(N)NCCC[C@@H]1NC(=O)[C@@H](Cc2ccc3ccccc3c2)NC(=O)[C@H](Cc2c[nH]cn2)NC(=O)C2(CCCCC2)NC(=O)CC[C@@H](C(N)=O)NC(=O)[C@H](Cc2c[nH]c3ccccc23)NC1=O,7.698970004336019
CHEMBL264190,CHEMBL4608,Melanocortin receptor 5,IC50,=,109.0,nM,CHEMBL4271539,B,"Displacement of [125I]-[Nle4,d-Phe7]-alpha-MSH from human MC5R expressed in HEK293 cells after 40 mins by gamma counting analysis",CHEMBL4270513,P33032,Melanocortin receptor 5,IC50,CC(=O)N[C@@H](Cc1cnc[nH]1)C(=O)N[C@H](Cc1ccccc1)C(=O)N[C@@H](CCCNC(=N)N)C(=O)N[C@@H](Cc1c[nH]c2ccccc12)C(N)=O,6.962573502059376
CHEMBL4278563,CHEMBL4608,Melanocortin receptor 5,IC50,=,46.0,nM,CHEMBL4271539,B,"Displacement of [125I]-[Nle4,d-Phe7]-alpha-MSH from human MC5R expressed in HEK293 cells after 40 mins by gamma counting analysis",CHEMBL4270513,P33032,Melanocortin receptor 5,IC50,CCCC[C@H](NC(=O)[C@@H](Cc1ccccc1)NC(=O)[C@H](Cc1cnc[nH]1)NC(C)=O)C(=O)N[C@@H](Cc1c[nH]c2ccccc12)C(N)=O,7.337242168318426
CHEMBL4285535,CHEMBL4608,Melanocortin receptor 5,IC50,=,37.0,nM,CHEMBL4271539,B,"Displacement of [125I]-[Nle4,d-Phe7]-alpha-MSH from human MC5R expressed in HEK293 cells after 40 mins by gamma counting analysis",CHEMBL4270513,P33032,Melanocortin receptor 5,IC50,CCCC[C@H](NC(=O)[C@@H](Cc1ccc(C(F)(F)F)cc1)NC(=O)[C@H](Cc1cnc[nH]1)NC(C)=O)C(=O)N[C@@H](Cc1c[nH]c2ccccc12)C(N)=O,7.431798275933005
CHEMBL430239,CHEMBL4608,Melanocortin receptor 5,IC50,=,4.0,nM,CHEMBL4271539,B,"Displacement of [125I]-[Nle4,d-Phe7]-alpha-MSH from human MC5R expressed in HEK293 cells after 40 mins by gamma counting analysis",CHEMBL4270513,P33032,Melanocortin receptor 5,IC50,CCCC[C@H](NC(C)=O)C(=O)N[C@H]1CC(=O)NCCCC[C@@H](C(N)=O)NC(=O)[C@H](Cc2c[nH]c3ccccc23)NC(=O)[C@H](CCCNC(=N)N)NC(=O)[C@@H](Cc2ccccc2)NC(=O)[C@H](Cc2cnc[nH]2)NC1=O,8.397940008672037
CHEMBL4099889,CHEMBL4608,Melanocortin receptor 5,IC50,=,1000.0,nM,CHEMBL5034978,B,Displacement of [125I]-NDP-alpha-MSH from human MC5R expressed in HEK2936E cell membrane measured after 16-23 hrs by 1450 microbeta trilux scintillation proximity assay,CHEMBL5034014,P33032,Melanocortin receptor 5,IC50,CC[C@H](C)[C@@H]1NC(=O)[C@@H]2CCCN2C(=O)[C@H](Cc2c[nH]c3ccccc23)N(C)C(=O)[C@H](CCCNC(=N)N)NC(=O)[C@@H](Cc2ccccc2)NC(=O)[C@H](Cc2cnc[nH]2)NC(=O)[C@H]([C@@H](C)O)NC(=O)[C@@H]2CSSC[C@H](NC1=O)C(=O)N[C@@H](Cc1ccccc1)C(=O)N1CCC[C@H]1C(=O)N[C@@H](CC(=O)O)C(=O)NCC(=O)N[C@@H](CCCNC(=N)N)C(=O)N2,6.0
CHEMBL5093939,CHEMBL4608,Melanocortin receptor 5,IC50,=,724.44,nM,CHEMBL5034978,B,Displacement of [125I]-NDP-alpha-MSH from human MC5R expressed in HEK2936E cell membrane measured after 16-23 hrs by 1450 microbeta trilux scintillation proximity assay,CHEMBL5034014,P33032,Melanocortin receptor 5,IC50,CC[C@H](C)[C@@H]1NC(=O)[C@@H]2CCCN2C(=O)[C@@H]2CCCN2C(=O)[C@H]([C@@H](C)CC)NC(=O)[C@H](CO)NC(=O)[C@H](C)NC(=O)[C@H]([C@@H](C)O)NC(=O)[C@@H]2CSSC[C@H](NC1=O)C(=O)N[C@@H](Cc1c[nH]cn1)C(=O)N[C@H](Cc1ccccc1)C(=O)N(C)[C@@H](CCCNC(=N)N)C(=O)N(C)[C@@H](Cc1c[nH]c3ccccc13)C(=O)N[C@@H](CCCNC(=N)N)C(=O)N2,6.139997578098902
CHEMBL5085972,CHEMBL4608,Melanocortin receptor 5,IC50,=,11220.18,nM,CHEMBL5034978,B,Displacement of [125I]-NDP-alpha-MSH from human MC5R expressed in HEK2936E cell membrane measured after 16-23 hrs by 1450 microbeta trilux scintillation proximity assay,CHEMBL5034014,P33032,Melanocortin receptor 5,IC50,CC[C@H](C)[C@@H]1NC(=O)[C@@H]2CCCN2C(=O)[C@H](Cc2c[nH]c3ccccc23)NC(=O)[C@H](CCCNC(=N)N)N(C)C(=O)[C@@H](Cc2ccccc2)NC(=O)[C@H](Cc2c[nH]cn2)NC(=O)[C@H]([C@@H](C)O)NC(=O)[C@@H](NC(C)=O)CSSC[C@@H](C(N)=O)NC1=O,4.950000175844591
CHEMBL5077811,CHEMBL4608,Melanocortin receptor 5,IC50,=,10000.0,nM,CHEMBL5034978,B,Displacement of [125I]-NDP-alpha-MSH from human MC5R expressed in HEK2936E cell membrane measured after 16-23 hrs by 1450 microbeta trilux scintillation proximity assay,CHEMBL5034014,P33032,Melanocortin receptor 5,IC50,CC(=O)N[C@H]1CSSC[C@@H](C(N)=O)NC(=O)[C@H](CCCNC(=N)N)NC(=O)[C@H](Cc2c[nH]c3ccccc23)N(C)C(=O)[C@H](CCCNC(=N)N)N(C)C(=O)[C@H](Cc2ccccc2)NC(=O)[C@H](Cc2c[nH]cn2)NC1=O,5.0
CHEMBL5087859,CHEMBL4608,Melanocortin receptor 5,IC50,=,165.96,nM,CHEMBL5034978,B,Displacement of [125I]-NDP-alpha-MSH from human MC5R expressed in HEK2936E cell membrane measured after 16-23 hrs by 1450 microbeta trilux scintillation proximity assay,CHEMBL5034014,P33032,Melanocortin receptor 5,IC50,CC[C@H](C)[C@@H]1NC(=O)[C@@H]2CCCN2C(=O)[C@H](Cc2c[nH]c3ccccc23)NC(=O)[C@H](CCCNC(=N)N)N(C)C(=O)[C@@H](Cc2ccccc2)NC(=O)[C@H](Cc2c[nH]cn2)NC(=O)[C@H]([C@@H](C)O)NC(=O)[C@@H]2CSSC[C@H](NC1=O)C(=O)N[C@@H](Cc1c[nH]cn1)C(=O)N[C@H](Cc1ccccc1)C(=O)N(C)[C@@H](CCCNC(=N)N)C(=O)N(C)[C@@H](Cc1c[nH]c3ccccc13)C(=O)N[C@@H](CCCNC(=N)N)C(=O)N2,6.779996573843064
CHEMBL5075712,CHEMBL4608,Melanocortin receptor 5,IC50,=,173.78,nM,CHEMBL5034978,B,Displacement of [125I]-NDP-alpha-MSH from human MC5R expressed in HEK2936E cell membrane measured after 16-23 hrs by 1450 microbeta trilux scintillation proximity assay,CHEMBL5034014,P33032,Melanocortin receptor 5,IC50,CC[C@H](C)[C@@H]1NC(=O)[C@@H]2CCCN2C(=O)[C@H](Cc2c[nH]c3ccccc23)NC(=O)[C@H](CCCNC(=N)N)NC(=O)[C@@H](Cc2ccccc2)NC(=O)[C@H](Cc2c[nH]cn2)NC(=O)[C@H]([C@@H](C)O)NC(=O)[C@@H]2CSSC[C@H](NC1=O)C(=O)N[C@@H](Cc1c[nH]cn1)C(=O)N[C@H](Cc1ccccc1)C(=O)N[C@@H](CCCNC(=N)N)C(=O)N[C@@H](Cc1c[nH]c3ccccc13)C(=O)N[C@@H](CCCNC(=N)N)C(=O)N2,6.760000207113128
CHEMBL5091245,CHEMBL4608,Melanocortin receptor 5,IC50,=,2691.53,nM,CHEMBL5034978,B,Displacement of [125I]-NDP-alpha-MSH from human MC5R expressed in HEK2936E cell membrane measured after 16-23 hrs by 1450 microbeta trilux scintillation proximity assay,CHEMBL5034014,P33032,Melanocortin receptor 5,IC50,CC[C@H](C)[C@@H]1NC(=O)[C@@H]2CCCN2C(=O)[C@H](Cc2c[nH]c3ccccc23)NC(=O)[C@H](CCCNC(=N)N)N(C)C(=O)[C@@H](Cc2ccccc2)NC(=O)[C@H](Cc2c[nH]cn2)NC(=O)[C@H]([C@@H](C)O)NC(=O)[C@@H]2CSSC[C@H](NC1=O)C(=O)N[C@@H](Cc1c[nH]cn1)C(=O)N[C@H](Cc1ccccc1)C(=O)N[C@@H](CCC(=O)O)C(=O)N[C@@H](Cc1c[nH]c3ccccc13)C(=O)N[C@@H](CCCNC(=N)N)C(=O)N2,5.570000775141681
CHEMBL5075506,CHEMBL4608,Melanocortin receptor 5,IC50,=,3090.3,nM,CHEMBL5034978,B,Displacement of [125I]-NDP-alpha-MSH from human MC5R expressed in HEK2936E cell membrane measured after 16-23 hrs by 1450 microbeta trilux scintillation proximity assay,CHEMBL5034014,P33032,Melanocortin receptor 5,IC50,CC[C@H](C)[C@@H]1NC(=O)[C@@H]2CCCN2C(=O)[C@H](Cc2c[nH]c3ccccc23)NC(=O)[C@H](CCC(=O)O)NC(=O)[C@@H](Cc2ccccc2)NC(=O)[C@H](Cc2c[nH]cn2)NC(=O)[C@H]([C@@H](C)O)NC(=O)[C@@H]2CSSC[C@H](NC1=O)C(=O)N[C@@H](Cc1c[nH]cn1)C(=O)N[C@H](Cc1ccccc1)C(=O)N(C)[C@@H](CCCNC(=N)N)C(=O)N(C)[C@@H](Cc1c[nH]c3ccccc13)C(=O)N[C@@H](CCCNC(=N)N)C(=O)N2,5.509999358109048
CHEMBL5094168,CHEMBL4608,Melanocortin receptor 5,IC50,=,380.19,nM,CHEMBL5034978,B,Displacement of [125I]-NDP-alpha-MSH from human MC5R expressed in HEK2936E cell membrane measured after 16-23 hrs by 1450 microbeta trilux scintillation proximity assay,CHEMBL5034014,P33032,Melanocortin receptor 5,IC50,CC[C@H](C)[C@@H]1NC(=O)[C@@H]2CCCN2C(=O)[C@H](Cc2c[nH]c3ccccc23)NC(=O)[C@H](CCCNC(=N)N)N(C)C(=O)[C@@H](Cc2ccccc2)NC(=O)[C@H](Cc2c[nH]cn2)NC(=O)[C@H](CCC(=O)O)NC(=O)[C@@H]2CSSC[C@H](NC1=O)C(=O)N[C@@H](Cc1c[nH]cn1)C(=O)N[C@H](Cc1ccccc1)C(=O)N(C)[C@@H](CCCNC(=N)N)C(=O)N(C)[C@@H](Cc1c[nH]c3ccccc13)C(=O)N[C@@H](CCCNC(=N)N)C(=O)N2,6.41999931041096
CHEMBL5091236,CHEMBL4608,Melanocortin receptor 5,IC50,=,1995.26,nM,CHEMBL5034978,B,Displacement of [125I]-NDP-alpha-MSH from human MC5R expressed in HEK2936E cell membrane measured after 16-23 hrs by 1450 microbeta trilux scintillation proximity assay,CHEMBL5034014,P33032,Melanocortin receptor 5,IC50,CC[C@H](C)[C@@H]1NC(=O)[C@@H]2CCCN2C(=O)[C@H](Cc2c[nH]c3ccccc23)NC(=O)[C@H](CCCNC(=N)N)N(C)C(=O)[C@@H](Cc2ccccc2)NC(=O)[C@H](Cc2c[nH]cn2)NC(=O)[C@H](CC(=O)O)NC(=O)[C@@H]2CSSC[C@H](NC1=O)C(=O)N[C@@H](Cc1c[nH]cn1)C(=O)N[C@H](Cc1ccccc1)C(=O)N(C)[C@@H](CCCNC(=N)N)C(=O)N(C)[C@@H](Cc1c[nH]c3ccccc13)C(=O)N[C@@H](CCCNC(=N)N)C(=O)N2,5.700000503883016
CHEMBL5092761,CHEMBL4608,Melanocortin receptor 5,IC50,=,1230.27,nM,CHEMBL5034978,B,Displacement of [125I]-NDP-alpha-MSH from human MC5R expressed in HEK2936E cell membrane measured after 16-23 hrs by 1450 microbeta trilux scintillation proximity assay,CHEMBL5034014,P33032,Melanocortin receptor 5,IC50,CC[C@H](C)[C@@H]1NC(=O)[C@@H]2CCCN2C(=O)[C@H](Cc2c[nH]c3ccccc23)NC(=O)[C@H](CCCNC(=N)N)N(C)C(=O)[C@@H](Cc2ccccc2)NC(=O)[C@H](Cc2c[nH]cn2)NC(=O)[C@H](CC(=O)O)NC(=O)[C@@H]2CSSC[C@H](NC1=O)C(=O)N[C@@H](Cc1c[nH]cn1)C(=O)N[C@H](Cc1ccccc1)C(=O)N(C)[C@@H](CCCNC(=N)N)C(=O)N(C)[C@@H](Cc1c[nH]c3ccccc13)C(=O)N[C@@H](Cc1ccc(O)cc1)C(=O)N2,5.90999956608739
CHEMBL5081077,CHEMBL4608,Melanocortin receptor 5,IC50,=,1513.56,nM,CHEMBL5034978,B,Displacement of [125I]-NDP-alpha-MSH from human MC5R expressed in HEK2936E cell membrane measured after 16-23 hrs by 1450 microbeta trilux scintillation proximity assay,CHEMBL5034014,P33032,Melanocortin receptor 5,IC50,CN1C(=O)[C@@H](Cc2ccccc2)NC(=O)[C@H](Cc2c[nH]cn2)NC(=O)CNC(=O)[C@@H]2CSSC[C@H](NC(=O)[C@H](CCCNC(=N)N)NC(=O)[C@@H](CC(=O)O)NC(=O)[C@H](Cc3c[nH]c4ccccc34)NC(=O)[C@@H]1CCCNC(=N)N)C(=O)N[C@@H](Cc1c[nH]cn1)C(=O)N[C@H](Cc1ccccc1)C(=O)N(C)[C@@H](CCCNC(=N)N)C(=O)N(C)[C@@H](Cc1c[nH]c3ccccc13)C(=O)N[C@@H](CCCNC(=N)N)C(=O)N2,5.820000358220838
CHEMBL5077095,CHEMBL4608,Melanocortin receptor 5,IC50,=,173.78,nM,CHEMBL5034978,B,Displacement of [125I]-NDP-alpha-MSH from human MC5R expressed in HEK2936E cell membrane measured after 16-23 hrs by 1450 microbeta trilux scintillation proximity assay,CHEMBL5034014,P33032,Melanocortin receptor 5,IC50,CC[C@H](C)[C@@H]1NC(=O)[C@@H]2CCCN2C(=O)[C@H](Cc2c[nH]c3ccccc23)NC(=O)[C@H](CCCNC(=N)N)N(C)C(=O)[C@@H](Cc2ccccc2)NC(=O)[C@H](Cc2c[nH]cn2)NC(=O)[C@H]([C@@H](C)O)NC(=O)[C@@H]2CSSC[C@H](NC1=O)C(=O)N[C@@H](Cc1c[nH]cn1)C(=O)N[C@H](Cc1ccccc1)C(=O)N[C@@H](CCCNC(=N)N)C(=O)N[C@@H](Cc1c[nH]c3ccccc13)C(=O)N[C@@H](CCCNC(=N)N)C(=O)N2,6.760000207113128
CHEMBL5090670,CHEMBL4608,Melanocortin receptor 5,IC50,=,162.18,nM,CHEMBL5034978,B,Displacement of [125I]-NDP-alpha-MSH from human MC5R expressed in HEK2936E cell membrane measured after 16-23 hrs by 1450 microbeta trilux scintillation proximity assay,CHEMBL5034014,P33032,Melanocortin receptor 5,IC50,CC[C@H](C)[C@@H]1NC(=O)[C@@H]2CCCN2C(=O)[C@H](Cc2c[nH]c3ccccc23)NC(=O)[C@H](CCCNC(=N)N)N(C)C(=O)[C@@H](Cc2ccccc2)NC(=O)[C@H](Cc2c[nH]cn2)NC(=O)[C@H]([C@@H](C)O)NC(=O)[C@@H]2CSSC[C@H](NC1=O)C(=O)N[C@@H](C)C(=O)N[C@H](Cc1ccccc1)C(=O)N[C@@H](CCCNC(=N)N)C(=O)N[C@@H](Cc1c[nH]c3ccccc13)C(=O)N[C@@H](CCCNC(=N)N)C(=O)N2,6.790002703917631
CHEMBL5090285,CHEMBL4608,Melanocortin receptor 5,IC50,=,676.08,nM,CHEMBL5034978,B,Displacement of [125I]-NDP-alpha-MSH from human MC5R expressed in HEK2936E cell membrane measured after 16-23 hrs by 1450 microbeta trilux scintillation proximity assay,CHEMBL5034014,P33032,Melanocortin receptor 5,IC50,CC[C@H](C)[C@@H]1NC(=O)[C@@H]2CCCN2C(=O)[C@H](Cc2c[nH]c3ccccc23)NC(=O)[C@H](CCCNC(=N)N)N(C)C(=O)[C@@H](Cc2ccccc2)NC(=O)[C@H](Cc2c[nH]cn2)NC(=O)[C@H]([C@@H](C)O)NC(=O)[C@@H]2CSSC[C@H](NC1=O)C(=O)N[C@@H](Cc1c[nH]cn1)C(=O)N[C@@H](C)C(=O)N[C@@H](CCCNC(=N)N)C(=O)N[C@@H](Cc1c[nH]c3ccccc13)C(=O)N[C@@H](CCCNC(=N)N)C(=O)N2,6.17000191130262
CHEMBL5078687,CHEMBL4608,Melanocortin receptor 5,IC50,=,588.84,nM,CHEMBL5034978,B,Displacement of [125I]-NDP-alpha-MSH from human MC5R expressed in HEK2936E cell membrane measured after 16-23 hrs by 1450 microbeta trilux scintillation proximity assay,CHEMBL5034014,P33032,Melanocortin receptor 5,IC50,CC[C@H](C)[C@@H]1NC(=O)[C@@H]2CCCN2C(=O)[C@H](Cc2c[nH]c3ccccc23)NC(=O)[C@H](CCCNC(=N)N)N(C)C(=O)[C@@H](Cc2ccccc2)NC(=O)[C@H](Cc2c[nH]cn2)NC(=O)[C@H]([C@@H](C)O)NC(=O)[C@@H]2CSSC[C@H](NC1=O)C(=O)N[C@@H](Cc1c[nH]cn1)C(=O)N[C@H](Cc1ccccc1)C(=O)N[C@@H](C)C(=O)N[C@@H](Cc1c[nH]c3ccccc13)C(=O)N[C@@H](CCCNC(=N)N)C(=O)N2,6.23000269597146
CHEMBL5077144,CHEMBL4608,Melanocortin receptor 5,IC50,=,1778.28,nM,CHEMBL5034978,B,Displacement of [125I]-NDP-alpha-MSH from human MC5R expressed in HEK2936E cell membrane measured after 16-23 hrs by 1450 microbeta trilux scintillation proximity assay,CHEMBL5034014,P33032,Melanocortin receptor 5,IC50,CC[C@H](C)[C@@H]1NC(=O)[C@@H]2CCCN2C(=O)[C@H](Cc2c[nH]c3ccccc23)NC(=O)[C@H](CCCNC(=N)N)N(C)C(=O)[C@@H](Cc2ccccc2)NC(=O)[C@H](Cc2c[nH]cn2)NC(=O)[C@H]([C@@H](C)O)NC(=O)[C@@H]2CSSC[C@H](NC1=O)C(=O)N[C@@H](Cc1c[nH]cn1)C(=O)N[C@H](Cc1ccccc1)C(=O)N[C@@H](CCCNC(=N)N)C(=O)N[C@@H](C)C(=O)N[C@@H](CCCNC(=N)N)C(=O)N2,5.749999855918706
CHEMBL5083551,CHEMBL4608,Melanocortin receptor 5,IC50,=,199.53,nM,CHEMBL5034978,B,Displacement of [125I]-NDP-alpha-MSH from human MC5R expressed in HEK2936E cell membrane measured after 16-23 hrs by 1450 microbeta trilux scintillation proximity assay,CHEMBL5034014,P33032,Melanocortin receptor 5,IC50,CC[C@H](C)[C@@H]1NC(=O)[C@@H]2CCCN2C(=O)[C@H](Cc2c[nH]c3ccccc23)NC(=O)[C@H](CCCNC(=N)N)N(C)C(=O)[C@@H](Cc2ccccc2)NC(=O)[C@H](Cc2c[nH]cn2)NC(=O)[C@H]([C@@H](C)O)NC(=O)[C@@H]2CSSC[C@H](NC1=O)C(=O)N[C@@H](Cc1c[nH]cn1)C(=O)N[C@H](Cc1ccccc1)C(=O)N[C@@H](CCCNC(=N)N)C(=O)N[C@@H](Cc1c[nH]c3ccccc13)C(=O)N[C@@H](C)C(=O)N2,6.699991797446187
CHEMBL5094215,CHEMBL4608,Melanocortin receptor 5,IC50,=,630.96,nM,CHEMBL5034978,B,Displacement of [125I]-NDP-alpha-MSH from human MC5R expressed in HEK2936E cell membrane measured after 16-23 hrs by 1450 microbeta trilux scintillation proximity assay,CHEMBL5034014,P33032,Melanocortin receptor 5,IC50,CC[C@H](C)[C@@H]1NC(=O)[C@@H]2CCCN2C(=O)[C@H](Cc2c[nH]c3ccccc23)NC(=O)[C@H](CCCNC(=N)N)N(C)C(=O)[C@@H](Cc2ccccc2)NC(=O)[C@H](Cc2c[nH]cn2)NC(=O)[C@H]([C@@H](C)O)NC(=O)[C@@H]2CSSC[C@H](NC1=O)C(=O)N[C@@H](Cc1c[nH]cn1)C(=O)N[C@H](Cc1ccccc1)C(=O)N[C@@H](CCCCN)C(=O)N[C@@H](Cc1c[nH]c3ccccc13)C(=O)N[C@@H](C)C(=O)N2,6.199998172182031
CHEMBL5087839,CHEMBL4608,Melanocortin receptor 5,IC50,=,89.13,nM,CHEMBL5034978,B,Displacement of [125I]-NDP-alpha-MSH from human MC5R expressed in HEK2936E cell membrane measured after 16-23 hrs by 1450 microbeta trilux scintillation proximity assay,CHEMBL5034014,P33032,Melanocortin receptor 5,IC50,CC[C@H](C)[C@@H]1NC(=O)[C@@H]2CCCN2C(=O)[C@H](Cc2c[nH]c3ccccc23)NC(=O)[C@H](CCCNC(=N)N)N(C)C(=O)[C@@H](Cc2ccccc2)NC(=O)[C@H](Cc2c[nH]cn2)NC(=O)[C@H]([C@@H](C)O)NC(=O)[C@@H]2CSSC[C@H](NC1=O)C(=O)N[C@@H](Cc1c[nH]cn1)C(=O)N[C@H](Cc1ccccc1)C(=O)N[C@@H](CCCNC(=N)N)C(=O)N[C@@H](Cc1ccc3ccccc3c1)C(=O)N[C@@H](C)C(=O)N2,7.0499760934766735
CHEMBL5090946,CHEMBL4608,Melanocortin receptor 5,IC50,=,169.82,nM,CHEMBL5034978,B,Displacement of [125I]-NDP-alpha-MSH from human MC5R expressed in HEK2936E cell membrane measured after 16-23 hrs by 1450 microbeta trilux scintillation proximity assay,CHEMBL5034014,P33032,Melanocortin receptor 5,IC50,CC[C@H](C)[C@@H]1NC(=O)[C@H](C)NC(=O)[C@H](Cc2c[nH]c3ccccc23)NC(=O)[C@H](CCCNC(=N)N)N(C)C(=O)[C@@H](Cc2ccccc2)NC(=O)[C@H](Cc2c[nH]cn2)NC(=O)[C@H]([C@@H](C)O)NC(=O)[C@@H]2CSSC[C@H](NC1=O)C(=O)N[C@@H](Cc1c[nH]cn1)C(=O)N[C@H](Cc1ccccc1)C(=O)N[C@@H](CCCNC(=N)N)C(=O)N[C@@H](Cc1c[nH]c3ccccc13)C(=O)N[C@@H](C)C(=O)N2,6.770011163455189
CHEMBL5080489,CHEMBL4608,Melanocortin receptor 5,IC50,=,549.54,nM,CHEMBL5034978,B,Displacement of [125I]-NDP-alpha-MSH from human MC5R expressed in HEK2936E cell membrane measured after 16-23 hrs by 1450 microbeta trilux scintillation proximity assay,CHEMBL5034014,P33032,Melanocortin receptor 5,IC50,C[C@@H]1NC(=O)[C@H](Cc2c[nH]c3ccccc23)NC(=O)[C@H](CCCNC(=N)N)NC(=O)[C@@H](Cc2ccccc2)NC(=O)[C@H](Cc2c[nH]cn2)NC(=O)[C@@H]2CSSC[C@H](NC1=O)C(=O)N[C@@H]([C@@H](C)O)C(=O)N[C@@H](Cc1c[nH]cn1)C(=O)N[C@H](Cc1ccccc1)C(=O)N(C)[C@@H](CCCNC(=N)N)C(=O)N[C@@H](Cc1c[nH]c3ccccc13)C(=O)N1CCC[C@H]1C(=O)N[C@@H](C)C(=O)N2,6.260000690598032
CHEMBL5080784,CHEMBL4608,Melanocortin receptor 5,IC50,=,512.86,nM,CHEMBL5034978,B,Displacement of [125I]-NDP-alpha-MSH from human MC5R expressed in HEK2936E cell membrane measured after 16-23 hrs by 1450 microbeta trilux scintillation proximity assay,CHEMBL5034014,P33032,Melanocortin receptor 5,IC50,C[C@@H]1NC(=O)[C@H](Cc2c[nH]c3ccccc23)NC(=O)[C@H](CCCNC(=N)N)NC(=O)[C@@H](Cc2ccccc2)NC(=O)[C@H](Cc2c[nH]cn2)NC(=O)[C@@H]2CSSC[C@H](NC1=O)C(=O)N[C@@H]([C@@H](C)O)C(=O)N[C@@H](Cc1c[nH]cn1)C(=O)N[C@H](Cc1ccccc1)C(=O)N(C)[C@@H](CCCNC(=N)N)C(=O)N[C@@H](Cc1c[nH]c3ccccc13)C(=O)N1CCC[C@H]1C(=O)N[C@@H](Cc1ccccc1)C(=O)N2,6.2900011719748115
CHEMBL5087814,CHEMBL4608,Melanocortin receptor 5,IC50,=,128.82,nM,CHEMBL5034978,B,Displacement of [125I]-NDP-alpha-MSH from human MC5R expressed in HEK2936E cell membrane measured after 16-23 hrs by 1450 microbeta trilux scintillation proximity assay,CHEMBL5034014,P33032,Melanocortin receptor 5,IC50,CC[C@H](C)[C@@H]1NC(=O)[C@@H]2CCCN2C(=O)[C@H](Cc2c[nH]c3ccccc23)NC(=O)[C@H](CCCNC(=N)N)N(C)C(=O)[C@@H](Cc2ccc3ccccc3c2)NC(=O)[C@@H]2CCCN2C(=O)[C@@H]2CCCN2C(=O)[C@@H]2CSSC[C@H](NC1=O)C(=O)N[C@@H](Cc1c[nH]cn1)C(=O)N[C@H](Cc1ccccc1)C(=O)N[C@@H](CCCNC(=N)N)C(=O)N[C@@H](Cc1c[nH]c3ccccc13)C(=O)N[C@@H](C)C(=O)N2,6.890016705180107
CHEMBL5076315,CHEMBL4608,Melanocortin receptor 5,IC50,=,204.17,nM,CHEMBL5034978,B,Displacement of [125I]-NDP-alpha-MSH from human MC5R expressed in HEK2936E cell membrane measured after 16-23 hrs by 1450 microbeta trilux scintillation proximity assay,CHEMBL5034014,P33032,Melanocortin receptor 5,IC50,CC[C@H](C)[C@@H]1NC(=O)[C@@H]2CCCN2C(=O)[C@H](Cc2c[nH]c3ccccc23)NC(=O)[C@H](CCCNC(=N)N)N(C)C(=O)[C@@H](Cc2ccc3ccccc3c2)NC(=O)[C@@H]2CCCN2C(=O)[C@H](Cc2c[nH]c3ccccc23)NC(=O)[C@@H]2CSSC[C@H](NC1=O)C(=O)N[C@@H](Cc1c[nH]cn1)C(=O)N[C@H](Cc1ccccc1)C(=O)N[C@@H](CCCNC(=N)N)C(=O)N[C@@H](Cc1c[nH]c3ccccc13)C(=O)N[C@@H](C)C(=O)N2,6.69000807121882
CHEMBL3301624,CHEMBL4608,Melanocortin receptor 5,IC50,=,1905.46,nM,CHEMBL5034978,B,Displacement of [125I]-NDP-alpha-MSH from human MC5R expressed in HEK2936E cell membrane measured after 16-23 hrs by 1450 microbeta trilux scintillation proximity assay,CHEMBL5034014,P33032,Melanocortin receptor 5,IC50,CC(=O)N[C@@H](CCCNC(=N)N)C(=O)N[C@H]1CSSC[C@@H](C(N)=O)NC(=O)[C@H](Cc2c[nH]c3ccccc23)NC(=O)[C@H](CCCNC(=N)N)NC(=O)[C@@H](Cc2ccccc2)NC(=O)[C@H](Cc2c[nH]cn2)NC(=O)[C@@H](C)NC1=O,5.720000163638921
CHEMBL2070241,CHEMBL4608,Melanocortin receptor 5,IC50,=,199.53,nM,CHEMBL5034978,B,Displacement of [125I]-NDP-alpha-MSH from human MC5R expressed in HEK2936E cell membrane measured after 16-23 hrs by 1450 microbeta trilux scintillation proximity assay,CHEMBL5034014,P33032,Melanocortin receptor 5,IC50,CCCC[C@H](NC(C)=O)C(=O)N[C@H]1CC(=O)NCCCC[C@@H](C(=O)O)NC(=O)[C@H](Cc2c[nH]c3ccccc23)NC(=O)[C@H](CCCNC(=N)N)NC(=O)[C@@H](Cc2ccccc2)NC(=O)[C@H](Cc2c[nH]cn2)NC1=O,6.699991797446187
CHEMBL430239,CHEMBL4608,Melanocortin receptor 5,IC50,=,26.92,nM,CHEMBL5034978,B,Displacement of [125I]-NDP-alpha-MSH from human MC5R expressed in HEK2936E cell membrane measured after 16-23 hrs by 1450 microbeta trilux scintillation proximity assay,CHEMBL5034014,P33032,Melanocortin receptor 5,IC50,CCCC[C@H](NC(C)=O)C(=O)N[C@H]1CC(=O)NCCCC[C@@H](C(N)=O)NC(=O)[C@H](Cc2c[nH]c3ccccc23)NC(=O)[C@H](CCCNC(=N)N)NC(=O)[C@@H](Cc2ccccc2)NC(=O)[C@H](Cc2cnc[nH]2)NC1=O,7.5699249444480605
CHEMBL430239,CHEMBL4608,Melanocortin receptor 5,IC50,=,1.5,nM,CHEMBL5159497,B,Displacement of [125I]NDP-alpha-MSH from human MC5R expressed in HEK293 cells by competitive binding assay,CHEMBL5154752,P33032,Melanocortin receptor 5,IC50,CCCC[C@H](NC(C)=O)C(=O)N[C@H]1CC(=O)NCCCC[C@@H](C(N)=O)NC(=O)[C@H](Cc2c[nH]c3ccccc23)NC(=O)[C@H](CCCNC(=N)N)NC(=O)[C@@H](Cc2ccccc2)NC(=O)[C@H](Cc2cnc[nH]2)NC1=O,8.823908740944319
CHEMBL5180152,CHEMBL4608,Melanocortin receptor 5,IC50,=,2.0,nM,CHEMBL5159497,B,Displacement of [125I]NDP-alpha-MSH from human MC5R expressed in HEK293 cells by competitive binding assay,CHEMBL5154752,P33032,Melanocortin receptor 5,IC50,CCCC[C@H](NC(C)=O)C(=O)N[C@H]1CSCc2ccc(cc2)CSC[C@@H](C(N)=O)NC(=O)[C@H](Cc2c[nH]c3ccccc23)NC(=O)[C@H](CCCNC(=N)N)NC(=O)[C@@H](Cc2ccccc2)NC(=O)[C@H](Cc2c[nH]cn2)NC1=O,8.698970004336019
CHEMBL5205283,CHEMBL4608,Melanocortin receptor 5,IC50,=,69.0,nM,CHEMBL5159497,B,Displacement of [125I]NDP-alpha-MSH from human MC5R expressed in HEK293 cells by competitive binding assay,CHEMBL5154752,P33032,Melanocortin receptor 5,IC50,CCCC[C@H](NC(C)=O)C(=O)N[C@H]1CSCc2ccc(cc2)CSC(C)(C)[C@@H](C(N)=O)NC(=O)[C@H](Cc2c[nH]c3ccccc23)NC(=O)[C@H](CCCNC(=N)N)NC(=O)[C@@H](Cc2ccccc2)NC(=O)[C@H](Cc2c[nH]cn2)NC1=O,7.161150909262744
CHEMBL5179534,CHEMBL4608,Melanocortin receptor 5,IC50,=,422.0,nM,CHEMBL5159497,B,Displacement of [125I]NDP-alpha-MSH from human MC5R expressed in HEK293 cells by competitive binding assay,CHEMBL5154752,P33032,Melanocortin receptor 5,IC50,CCCC[C@H](NC(C)=O)C(=O)N[C@@H]1C(=O)N[C@@H](Cc2c[nH]cn2)C(=O)N[C@H](Cc2ccccc2)C(=O)N[C@@H](CCCNC(=N)N)C(=O)N[C@@H](Cc2c[nH]c3ccccc23)C(=O)N[C@H](C(N)=O)CSCc2ccc(cc2)CSC1(C)C,6.374687549038326
CHEMBL5203580,CHEMBL4608,Melanocortin receptor 5,IC50,=,4.4,nM,CHEMBL5159497,B,Displacement of [125I]NDP-alpha-MSH from human MC5R expressed in HEK293 cells by competitive binding assay,CHEMBL5154752,P33032,Melanocortin receptor 5,IC50,CCCC[C@H](NC(C)=O)C(=O)N[C@H]1CSCc2cccc(c2)CSC[C@@H](C(N)=O)NC(=O)[C@H](Cc2c[nH]c3ccccc23)NC(=O)[C@H](CCCNC(=N)N)NC(=O)[C@@H](Cc2ccccc2)NC(=O)[C@H](Cc2c[nH]cn2)NC1=O,8.356547323513812
CHEMBL5187368,CHEMBL4608,Melanocortin receptor 5,IC50,=,30.0,nM,CHEMBL5159497,B,Displacement of [125I]NDP-alpha-MSH from human MC5R expressed in HEK293 cells by competitive binding assay,CHEMBL5154752,P33032,Melanocortin receptor 5,IC50,CCCC[C@H](NC(C)=O)C(=O)N[C@H]1CSCc2cccc(c2)CSC(C)(C)[C@@H](C(N)=O)NC(=O)[C@H](Cc2c[nH]c3ccccc23)NC(=O)[C@H](CCCNC(=N)N)NC(=O)[C@@H](Cc2ccccc2)NC(=O)[C@H](Cc2c[nH]cn2)NC1=O,7.522878745280337
CHEMBL5193501,CHEMBL4608,Melanocortin receptor 5,IC50,=,93.5,nM,CHEMBL5159497,B,Displacement of [125I]NDP-alpha-MSH from human MC5R expressed in HEK293 cells by competitive binding assay,CHEMBL5154752,P33032,Melanocortin receptor 5,IC50,CCCC[C@H](NC(C)=O)C(=O)N[C@@H]1C(=O)N[C@@H](Cc2c[nH]cn2)C(=O)N[C@H](Cc2ccccc2)C(=O)N[C@@H](CCCNC(=N)N)C(=O)N[C@@H](Cc2c[nH]c3ccccc23)C(=O)N[C@H](C(N)=O)CSCc2cccc(c2)CSC1(C)C,7.029188389127482
CHEMBL5206941,CHEMBL4608,Melanocortin receptor 5,IC50,=,172.0,nM,CHEMBL5159497,B,Displacement of [125I]NDP-alpha-MSH from human MC5R expressed in HEK293 cells by competitive binding assay,CHEMBL5154752,P33032,Melanocortin receptor 5,IC50,CCCC[C@H](NC(C)=O)C(=O)N[C@@H]1C(=O)N[C@@H](Cc2c[nH]cn2)C(=O)N[C@H](Cc2ccccc2)C(=O)N[C@@H](CCCNC(=N)N)C(=O)N[C@@H](Cc2c[nH]c3ccccc23)C(=O)N[C@H](C(N)=O)C(C)(C)SCc2cccc(c2)CSC1(C)C,6.764471553092451
CHEMBL5206336,CHEMBL4608,Melanocortin receptor 5,IC50,=,78.0,nM,CHEMBL5159497,B,Displacement of [125I]NDP-alpha-MSH from human MC5R expressed in HEK293 cells by competitive binding assay,CHEMBL5154752,P33032,Melanocortin receptor 5,IC50,CCCC[C@H](NC(C)=O)C(=O)N[C@H]1CSCc2ccccc2CSC[C@@H](C(N)=O)NC(=O)[C@H](Cc2c[nH]c3ccccc23)NC(=O)[C@H](CCCNC(=N)N)NC(=O)[C@@H](Cc2ccccc2)NC(=O)[C@H](Cc2c[nH]cn2)NC1=O,7.107905397309519
CHEMBL5172938,CHEMBL4608,Melanocortin receptor 5,IC50,=,46.0,nM,CHEMBL5159497,B,Displacement of [125I]NDP-alpha-MSH from human MC5R expressed in HEK293 cells by competitive binding assay,CHEMBL5154752,P33032,Melanocortin receptor 5,IC50,CCCC[C@H](NC(C)=O)C(=O)N[C@H]1CSCc2ccccc2CSC(C)(C)[C@@H](C(N)=O)NC(=O)[C@H](Cc2c[nH]c3ccccc23)NC(=O)[C@H](CCCNC(=N)N)NC(=O)[C@@H](Cc2ccccc2)NC(=O)[C@H](Cc2c[nH]cn2)NC1=O,7.337242168318426
CHEMBL5188894,CHEMBL4608,Melanocortin receptor 5,IC50,=,157.0,nM,CHEMBL5159497,B,Displacement of [125I]NDP-alpha-MSH from human MC5R expressed in HEK293 cells by competitive binding assay,CHEMBL5154752,P33032,Melanocortin receptor 5,IC50,CCCC[C@H](NC(C)=O)C(=O)N[C@@H]1C(=O)N[C@@H](Cc2c[nH]cn2)C(=O)N[C@H](Cc2ccccc2)C(=O)N[C@@H](CCCNC(=N)N)C(=O)N[C@@H](Cc2c[nH]c3ccccc23)C(=O)N[C@H](C(N)=O)CSCc2ccccc2CSC1(C)C,6.804100347590767
CHEMBL5179637,CHEMBL4608,Melanocortin receptor 5,IC50,=,507.0,nM,CHEMBL5159497,B,Displacement of [125I]NDP-alpha-MSH from human MC5R expressed in HEK293 cells by competitive binding assay,CHEMBL5154752,P33032,Melanocortin receptor 5,IC50,CCCC[C@H](NC(C)=O)C(=O)N[C@@H]1C(=O)N[C@@H](Cc2c[nH]cn2)C(=O)N[C@H](Cc2ccccc2)C(=O)N[C@@H](CCCNC(=N)N)C(=O)N[C@@H](Cc2c[nH]c3ccccc23)C(=O)N[C@H](C(N)=O)C(C)(C)SCc2ccccc2CSC1(C)C,6.2949920406666635
CHEMBL5395890,CHEMBL4608,Melanocortin receptor 5,IC50,=,40.0,nM,CHEMBL5341410,B,Displacement of [I125] NDP-alpha-MSH from human MC5R stably overexpressing in HEK293 cells in presence of [I125] labeled NDP-alpha-MSH treated for 40 mins measured by microbeta 2 microplate counter analysis,CHEMBL5338760,P33032,Melanocortin receptor 5,IC50,CC(=O)N[C@@H](Cc1c[nH]cn1)C(=O)N[C@H](Cc1ccc(C(F)(F)F)cc1)C(=O)N[C@@H](CCCNC(=N)N)C(=O)N[C@H]1Cc2c([nH]c3ccccc23)CNC1=O,7.3979400086720375
CHEMBL264190,CHEMBL4608,Melanocortin receptor 5,IC50,=,109.0,nM,CHEMBL5341410,B,Displacement of [I125] NDP-alpha-MSH from human MC5R stably overexpressing in HEK293 cells in presence of [I125] labeled NDP-alpha-MSH treated for 40 mins measured by microbeta 2 microplate counter analysis,CHEMBL5338760,P33032,Melanocortin receptor 5,IC50,CC(=O)N[C@@H](Cc1cnc[nH]1)C(=O)N[C@H](Cc1ccccc1)C(=O)N[C@@H](CCCNC(=N)N)C(=O)N[C@@H](Cc1c[nH]c2ccccc12)C(N)=O,6.962573502059376
CHEMBL5404193,CHEMBL4608,Melanocortin receptor 5,IC50,=,4.0,nM,CHEMBL5341410,B,Displacement of [I125] NDP-alpha-MSH from human MC5R stably overexpressing in HEK293 cells in presence of [I125] labeled NDP-alpha-MSH treated for 40 mins measured by microbeta 2 microplate counter analysis,CHEMBL5338760,P33032,Melanocortin receptor 5,IC50,CCCC[C@H](NC(C)=N)C(=O)N[C@@H]1NCCCC[C@@H](C(N)=O)NC(=O)[C@H](Cc2c[nH]c3ccccc23)NC(=O)[C@H](CCCNC(=N)N)NC(=O)[C@H](Cc2ccccc2)NC(=O)[C@H](Cc2cnc[nH]2)NC1=O,8.397940008672037
CHEMBL91041,CHEMBL4608,Melanocortin receptor 5,EC50,=,560.0,nM,CHEMBL713023,B,Effective concentration against human melanocortin 5 receptor (hMC5R) in HEK293 cells,CHEMBL1135991,P33032,Melanocortin receptor 5,EC50,N=C(N)NCCC[C@@H]1NC(=O)[C@@H](Cc2ccccc2)NC(=O)[C@H](Cc2c[nH]cn2)NC(=O)CCC(=O)NCCCC[C@H](C(N)=O)NC(=O)[C@@H](Cc2c[nH]c3ccccc23)NC1=O,6.251811972993799
CHEMBL439188,CHEMBL4608,Melanocortin receptor 5,EC50,=,640.0,nM,CHEMBL713023,B,Effective concentration against human melanocortin 5 receptor (hMC5R) in HEK293 cells,CHEMBL1135991,P33032,Melanocortin receptor 5,EC50,N=C(N)NCCC[C@@H]1NC(=O)[C@@H](Cc2ccc3ccccc3c2)NC(=O)[C@H](Cc2c[nH]cn2)NC(=O)c2ccccc2C(=O)NCCCC[C@H](C(N)=O)NC(=O)[C@@H](Cc2c[nH]c3ccccc23)NC1=O,6.1938200260161125
CHEMBL313279,CHEMBL4608,Melanocortin receptor 5,EC50,=,1.01,nM,CHEMBL713023,B,Effective concentration against human melanocortin 5 receptor (hMC5R) in HEK293 cells,CHEMBL1135991,P33032,Melanocortin receptor 5,EC50,N=C(N)NCCC[C@@H]1NC(=O)[C@@H](Cc2ccc3ccccc3c2)NC(=O)[C@H](Cc2c[nH]cn2)NC(=O)CCCC(=O)NCCCC[C@H](C(N)=O)NC(=O)[C@@H](Cc2c[nH]c3ccccc23)NC1=O,8.995678626217357
CHEMBL433413,CHEMBL4608,Melanocortin receptor 5,EC50,=,1100.0,nM,CHEMBL713023,B,Effective concentration against human melanocortin 5 receptor (hMC5R) in HEK293 cells,CHEMBL1135991,P33032,Melanocortin receptor 5,EC50,NCCCC[C@H](NC(=O)[C@H](Cc1c[nH]c2ccccc12)NC(=O)[C@H](CCCN=C(N)N)NC(=O)[C@@H](Cc1ccccc1)NC(=O)[C@H](Cc1c[nH]cn1)NC(=O)CCC(=O)O)C(N)=O,5.958607314841775
CHEMBL432377,CHEMBL4608,Melanocortin receptor 5,EC50,=,150.0,nM,CHEMBL713023,B,Effective concentration against human melanocortin 5 receptor (hMC5R) in HEK293 cells,CHEMBL1135991,P33032,Melanocortin receptor 5,EC50,N=C(N)NCCC[C@@H]1NC(=O)[C@@H](Cc2ccc3ccccc3c2)NC(=O)[C@H](Cc2c[nH]cn2)NC(=O)CCC(=O)NCCCC[C@H](C(N)=O)NC(=O)[C@@H](Cc2c[nH]c3ccccc23)NC1=O,6.823908740944319
CHEMBL2370154,CHEMBL4608,Melanocortin receptor 5,EC50,=,3.3,nM,CHEMBL713023,B,Effective concentration against human melanocortin 5 receptor (hMC5R) in HEK293 cells,CHEMBL1135991,P33032,Melanocortin receptor 5,EC50,CCCC[C@H](NC(C)=O)C(=O)N[C@H]1CC(=O)NCCCCC[C@@H](C(N)=O)NC(=O)[C@H](Cc2c[nH]c3ccccc23)NC(=O)[C@H](CCCNC(=N)N)NC(=O)[C@H](Cc2ccccc2)NC(=O)[C@H](Cc2c[nH]cn2)NC1=O,8.481486060122112
CHEMBL606990,CHEMBL4608,Melanocortin receptor 5,EC50,=,1300.0,nM,CHEMBL713023,B,Effective concentration against human melanocortin 5 receptor (hMC5R) in HEK293 cells,CHEMBL1135991,P33032,Melanocortin receptor 5,EC50,N=C(N)NCCC[C@H]1NC(=O)[C@H](Cc2ccccc2)NC(=O)[C@H]2CCCN2C(=O)CCC(=O)NCCCC[C@@H](C(N)=O)NC(=O)[C@H](Cc2c[nH]c3ccccc23)NC1=O,5.886056647693163
CHEMBL275067,CHEMBL4608,Melanocortin receptor 5,EC50,=,3900.0,nM,CHEMBL713026,B,In vitro effective concentration towards human Melanocortin 5 receptor (MC5R) was determined by a SPA-based cAMP assay in melanoma cells,CHEMBL1136734,P33032,Melanocortin receptor 5,EC50,CCCC(=O)C1(c2ccccc2)CCN(C(=O)[C@@H](Cc2ccc(OC)cc2)NC(=O)[C@@H](Cc2c[nH]cn2)NC(C)=O)CC1,5.4089353929735005
CHEMBL276301,CHEMBL4608,Melanocortin receptor 5,EC50,=,9400.0,nM,CHEMBL713026,B,In vitro effective concentration towards human Melanocortin 5 receptor (MC5R) was determined by a SPA-based cAMP assay in melanoma cells,CHEMBL1136734,P33032,Melanocortin receptor 5,EC50,CCCC(=O)C1(c2ccccc2)CCN(C(=O)[C@@H](Cc2ccc(OC)cc2)NC(=O)CCc2c[nH]cn2)CC1,5.026872146400301
CHEMBL276012,CHEMBL4608,Melanocortin receptor 5,EC50,=,2700.0,nM,CHEMBL713026,B,In vitro effective concentration towards human Melanocortin 5 receptor (MC5R) was determined by a SPA-based cAMP assay in melanoma cells,CHEMBL1136734,P33032,Melanocortin receptor 5,EC50,CCCC(=O)C1(c2ccccc2)CCN(C(=O)[C@@H](Cc2ccc(OC)cc2)NC(=O)[C@H](O)Cc2c[nH]cn2)CC1,5.568636235841012
CHEMBL13910,CHEMBL4608,Melanocortin receptor 5,EC50,=,2100.0,nM,CHEMBL713026,B,In vitro effective concentration towards human Melanocortin 5 receptor (MC5R) was determined by a SPA-based cAMP assay in melanoma cells,CHEMBL1136734,P33032,Melanocortin receptor 5,EC50,CCCC(=O)C1(c2ccccc2)CCN(C(=O)[C@@H](Cc2ccc(OC)cc2)NC(=O)[C@@H](Cc2c[nH]cn2)NC(=O)c2ccccc2)CC1,5.6777807052660805
CHEMBL14642,CHEMBL4608,Melanocortin receptor 5,EC50,=,4400.0,nM,CHEMBL713026,B,In vitro effective concentration towards human Melanocortin 5 receptor (MC5R) was determined by a SPA-based cAMP assay in melanoma cells,CHEMBL1136734,P33032,Melanocortin receptor 5,EC50,CCCC(=O)C1(c2ccccc2)CCN(C(=O)[C@@H](Cc2ccc(OC)cc2)NC(=O)[C@@H](N)Cc2cncn2C)CC1,5.356547323513812
CHEMBL446941,CHEMBL4608,Melanocortin receptor 5,EC50,=,10000.0,nM,CHEMBL713026,B,In vitro effective concentration towards human Melanocortin 5 receptor (MC5R) was determined by a SPA-based cAMP assay in melanoma cells,CHEMBL1136734,P33032,Melanocortin receptor 5,EC50,CCCC(=O)C1(c2ccccc2)CCN(C(=O)[C@@H](Cc2ccc(OC)cc2)NC(=O)[C@H](N)Cc2c[nH]cn2)CC1,5.0
CHEMBL1161321,CHEMBL4608,Melanocortin receptor 5,EC50,=,17.0,nM,CHEMBL713016,B,Binding affinity against human Melanocortin 5 receptor,CHEMBL1135658,P33032,Melanocortin receptor 5,EC50,CCCC[C@@H](NC(C)=O)C(=O)N[C@@H]1CC(=O)NCCCC[C@@H](C(N)=O)NC(=O)[C@H](Cc2c[nH]c3ccccc23)NC(=O)[C@@H](CCCNC(=N)N)NC(=O)[C@H](Cc2ccc3ccccc3c2)NC(=O)C2(Cc3ccccc3C2)NC1=O,7.769551078621726
CHEMBL1161313,CHEMBL4608,Melanocortin receptor 5,EC50,=,0.031,nM,CHEMBL713016,B,Binding affinity against human Melanocortin 5 receptor,CHEMBL1135658,P33032,Melanocortin receptor 5,EC50,CCCC[C@@H](NC(C)=O)C(=O)N[C@@H]1CC(=O)NCCCC[C@@H](C(N)=O)NC(=O)[C@H](Cc2c[nH]c3ccccc23)NC(=O)[C@@H](CCCNC(=N)N)NC(=O)[C@H](Cc2ccc3ccccc3c2)NC(O)[C@H]2CCCN2C1=O,10.508638306165727
CHEMBL1161318,CHEMBL4608,Melanocortin receptor 5,EC50,=,10.0,nM,CHEMBL713016,B,Binding affinity against human Melanocortin 5 receptor,CHEMBL1135658,P33032,Melanocortin receptor 5,EC50,CCCC[C@@H](NC(C)=O)C(=O)N[C@@H]1CC(=O)NCCCC[C@@H](C(N)=O)NC(=O)[C@H](Cc2c[nH]c3ccccc23)NC(=O)[C@@H](CCCNC(=N)N)NC(=O)[C@H](Cc2ccc3ccccc3c2)NC(=O)C2(CCCCC2)NC1=O,8.0
CHEMBL415333,CHEMBL4608,Melanocortin receptor 5,EC50,=,42.0,nM,CHEMBL713016,B,Binding affinity against human Melanocortin 5 receptor,CHEMBL1135658,P33032,Melanocortin receptor 5,EC50,CC(=O)[C@@H]1CSSC[C@@H](C(=O)N2CCC[C@H]2C(=O)CN2CCC[C@H]2C(=O)CN[C@@H](CCCCN)C(=O)CN[C@@H](CC(=O)O)C(N)=O)NC(=O)CNC(=O)[C@@H](Cc2c[nH]c3ccccc23)NC(=O)[C@H](CCCN=C(N)N)NC(=O)[C@H](Cc2ccc3ccccc3c2)NC(=O)[C@H](Cc2c[nH]cn2)NC(=O)[C@@H](CCC(=O)O)NC1=O,7.376750709602099
CHEMBL1161322,CHEMBL4608,Melanocortin receptor 5,EC50,=,0.072,nM,CHEMBL713017,B,Binding affinity against human Melanocortin 5 receptor,CHEMBL1135658,P33032,Melanocortin receptor 5,EC50,CCCC[C@@H](NC(C)=O)C(=O)N[C@@H]1CC(=O)NCCCC[C@@H](C(N)=O)NC(=O)[C@H](Cc2c[nH]c3ccccc23)NC(=O)[C@@H](CCCNC(=N)N)NC(=O)[C@H](Cc2ccc3ccccc3c2)NC(=O)[C@H]2CCCN2C1=O,10.142667503568731
CHEMBL2372589,CHEMBL4608,Melanocortin receptor 5,EC50,=,2.05,nM,CHEMBL713015,B,Activity of cyclic alpha MSH analogues at human melanocortin receptor Melanocortin 5 receptor,CHEMBL1135658,P33032,Melanocortin receptor 5,EC50,CCCC[C@@H](NC(C)=O)C(=O)N[C@@H]1CC(=O)NCCCC[C@@H](C(N)=O)NC(=O)[C@H](Cc2c[nH]c3ccccc23)NC(=O)[C@@H](CCCNC(=N)N)NC(=O)[C@H](Cc2ccc3ccccc3c2)NC(=O)[C@@H]2Cc3ccccc3CN2C1=O,8.688246138944246
CHEMBL1161323,CHEMBL4608,Melanocortin receptor 5,EC50,=,0.2,nM,CHEMBL713016,B,Binding affinity against human Melanocortin 5 receptor,CHEMBL1135658,P33032,Melanocortin receptor 5,EC50,CCCC[C@@H](NC(C)=O)C(=O)N[C@@H]1CC(=O)NCCCC[C@@H](C(N)=O)NC(=O)[C@H](Cc2c[nH]c3ccccc23)NC(=O)[C@@H](CCCNC(=N)N)NC(=O)[C@H](Cc2ccc3ccccc3c2)NC(=O)[C@H]2C[C@@]3(C)CCCC[C@@]3(C)N2C1=O,9.698970004336019
CHEMBL1161316,CHEMBL4608,Melanocortin receptor 5,EC50,=,45.0,nM,CHEMBL713016,B,Binding affinity against human Melanocortin 5 receptor,CHEMBL1135658,P33032,Melanocortin receptor 5,EC50,CCCC[C@@H](NC(C)=O)C(=O)N[C@@H]1CC(=O)NCCCC[C@@H](C(N)=O)NC(=O)[C@H](Cc2c[nH]c3ccccc23)NC(=O)[C@@H](CCCNC(=N)N)NC(=O)[C@H](Cc2ccc3ccccc3c2)NC(=O)C2(CCCC2)NC1=O,7.346787486224656
CHEMBL2096742,CHEMBL4608,Melanocortin receptor 5,EC50,=,0.12,nM,CHEMBL713016,B,Binding affinity against human Melanocortin 5 receptor,CHEMBL1135658,P33032,Melanocortin receptor 5,EC50,CCCC[C@@H](NC(C)=O)C(=O)N[C@@H]1CC(=O)NCCCC[C@@H](C(N)=O)NC(=O)[C@H](Cc2c[nH]c3ccccc23)NC(=O)[C@H](CCCNC(=N)N)NC(=O)[C@@H](Cc2ccc3ccccc3c2)NC(=O)[C@H](Cc2c[nH]cn2)NC1=O,9.920818753952375
CHEMBL358015,CHEMBL4608,Melanocortin receptor 5,EC50,=,530.0,nM,CHEMBL713018,B,Binding affinity against human Melanocortin 5 receptor,CHEMBL1135658,P33032,Melanocortin receptor 5,EC50,N=C(N)NCCC[C@H]1NC(=O)[C@H](Cc2cccc3ccccc23)NC(=O)CCC(=O)NCCCC[C@@H](C(N)=O)NC(=O)[C@H](Cc2c[nH]c3ccccc23)NC1=O,6.275724130399211
CHEMBL1161320,CHEMBL4608,Melanocortin receptor 5,EC50,=,390.0,nM,CHEMBL713016,B,Binding affinity against human Melanocortin 5 receptor,CHEMBL1135658,P33032,Melanocortin receptor 5,EC50,CCCC[C@@H](NC(C)=O)C(=O)N[C@@H]1CC(=O)NCCCC[C@@H](C(N)=O)NC(=O)[C@H](Cc2c[nH]c3ccccc23)NC(=O)[C@@H](CCCNC(=N)N)NC(=O)[C@H](Cc2ccc3ccccc3c2)NC(=O)C2(CC2)NC1=O,6.4089353929735005
CHEMBL442504,CHEMBL4608,Melanocortin receptor 5,EC50,=,0.12,nM,CHEMBL824630,B,Signal transduction efficacy in cAMP assay in CHO cells expressing human melanocortin receptor 5,CHEMBL1134662,P33032,Melanocortin receptor 5,EC50,CCCC[C@H](NC(C)=O)C(=O)N[C@H]1CC(=O)NCCCC[C@H](C(N)=O)NC(=O)[C@@H](Cc2c[nH]c3ccccc23)NC(=O)[C@H](CCCN=C(N)N)NC(=O)[C@H](Cc2ccc3ccccc3c2)NC(=O)[C@H](Cc2c[nH]cn2)NC1=O,9.920818753952375
CHEMBL4792986,CHEMBL4608,Melanocortin receptor 5,EC50,=,0.072,nM,CHEMBL5258054,B,Agonist activity at human melanocortin receptor 5,CHEMBL5257037,P33032,Melanocortin receptor 5,EC50,CCCC[C@H](NC(C)=O)C(=O)N[C@H]1CC(=O)NCCCC[C@@H](C(N)=O)NC(=O)[C@H](Cc2c[nH]c3ccccc23)NC(=O)[C@H](CCCNC(=N)N)NC(=O)[C@@H](Cc2ccc3ccccc3c2)NC(=O)[C@@H]2CCCN2C1=O,10.142667503568731
CHEMBL5282523,CHEMBL4608,Melanocortin receptor 5,EC50,=,2.05,nM,CHEMBL5258054,B,Agonist activity at human melanocortin receptor 5,CHEMBL5257037,P33032,Melanocortin receptor 5,EC50,CCCC[C@H](NC(C)=O)C(=O)N[C@H]1CC(=O)NCCCC[C@@H](C(N)=O)NC(=O)[C@H](Cc2c[nH]c3ccccc23)NC(=O)[C@H](CCCNC(=N)N)NC(=O)[C@@H](Cc2ccc3ccccc3c2)NC(=O)[C@H]2Cc3ccccc3CN2C1=O,8.688246138944246
