molecule_chembl_id,target_chembl_id,target_pref_name,standard_type,standard_relation,standard_value,standard_units,assay_chembl_id,assay_type,assay_description,document_chembl_id,uniprot_id,target_pref_name,readout,smiles,pActivity
CHEMBL88974,CHEMBL1987,Prostaglandin F2-alpha receptor,IC50,=,330.0,nM,CHEMBL767492,B,Binding potency towards Prostaglandin F2 alpha receptor (competitive binding) with natural [3H]-PGF 2 alpha in ovine luteal cells (OLC),CHEMBL1124333,P43088,Prostaglandin F2-alpha receptor,IC50,[N-]=[N+]=Nc1ccc(CC[C@H](O)/C=C/[C@@H]2[C@@H](C/C=C\CCCC(=O)O)[C@@H](O)C[C@H]2O)cc1,6.481486060122112
CHEMBL88275,CHEMBL1987,Prostaglandin F2-alpha receptor,IC50,=,32.0,nM,CHEMBL762788,B,Binding potency towards PGF-2 alpha receptor (competitive binding) with natural [3H]-PGF 2 alpha in ovine luteal cells (OLC),CHEMBL1124333,P43088,Prostaglandin F2-alpha receptor,IC50,O=C(O)CCC/C=C\C[C@@H]1C(/C=C/[C@@H](O)CCCCc2ccccc2)[C@H](O)C[C@@H]1O,7.494850021680094
CHEMBL315519,CHEMBL1987,Prostaglandin F2-alpha receptor,IC50,=,6100.0,nM,CHEMBL767492,B,Binding potency towards Prostaglandin F2 alpha receptor (competitive binding) with natural [3H]-PGF 2 alpha in ovine luteal cells (OLC),CHEMBL1124333,P43088,Prostaglandin F2-alpha receptor,IC50,[N-]=[N+]=Nc1ccc(CC[C@H](O)/C=C/[C@@H]2[C@@H](C/C=C\CCCC(=O)O)[C@@H](O)C[C@H]2O)c(O)c1,5.214670164989233
CHEMBL89096,CHEMBL1987,Prostaglandin F2-alpha receptor,IC50,=,11000.0,nM,CHEMBL767492,B,Binding potency towards Prostaglandin F2 alpha receptor (competitive binding) with natural [3H]-PGF 2 alpha in ovine luteal cells (OLC),CHEMBL1124333,P43088,Prostaglandin F2-alpha receptor,IC50,[N-]=[N+]=Nc1cc(O)cc(OC[C@H](O)/C=C/[C@@H]2[C@@H](C/C=C\CCCC(=O)O)[C@@H](O)C[C@H]2O)c1,4.958607314841775
CHEMBL90450,CHEMBL1987,Prostaglandin F2-alpha receptor,IC50,=,350.0,nM,CHEMBL767493,B,Binding potency towards Prostaglandin F2 alpha receptor (competitive binding) with natural [3H]-PGF 2 alpha in ovine luteal cells (OLC),CHEMBL1124333,P43088,Prostaglandin F2-alpha receptor,IC50,[N-]=[N+]=Nc1ccc(CC[C@H](O)/C=C/[C@@H]2[C@@H](C/C=C\CCCC(=O)O)[C@@H](O)C[C@H]2O)cc1I,6.455931955649724
CHEMBL815,CHEMBL1987,Prostaglandin F2-alpha receptor,IC50,=,43.0,nM,CHEMBL767492,B,Binding potency towards Prostaglandin F2 alpha receptor (competitive binding) with natural [3H]-PGF 2 alpha in ovine luteal cells (OLC),CHEMBL1124333,P43088,Prostaglandin F2-alpha receptor,IC50,CCCCC[C@H](O)/C=C/[C@@H]1[C@@H](C/C=C\CCCC(=O)O)[C@@H](O)C[C@H]1O,7.366531544420413
CHEMBL2114230,CHEMBL1987,Prostaglandin F2-alpha receptor,IC50,=,71.0,nM,CHEMBL762788,B,Binding potency towards PGF-2 alpha receptor (competitive binding) with natural [3H]-PGF 2 alpha in ovine luteal cells (OLC),CHEMBL1124333,P43088,Prostaglandin F2-alpha receptor,IC50,O=C(O)CCC/C=C\C[C@@H]1C(/C=C/[C@H](O)CCCCc2ccccc2)[C@H](O)C[C@@H]1O,7.1487416512809245
CHEMBL173499,CHEMBL1987,Prostaglandin F2-alpha receptor,IC50,=,29.0,nM,CHEMBL763259,B,Affinity for human Prostanoid FP receptor expressed in COS-7 cells,CHEMBL1132967,P43088,Prostaglandin F2-alpha receptor,IC50,O=C(O)CCCCCC[C@@H]1[C@@H](CCC(O)CSc2cccc(F)c2)[C@H](O)C[C@@H]1O,7.537602002101044
CHEMBL434173,CHEMBL1987,Prostaglandin F2-alpha receptor,IC50,=,90.0,nM,CHEMBL763259,B,Affinity for human Prostanoid FP receptor expressed in COS-7 cells,CHEMBL1132967,P43088,Prostaglandin F2-alpha receptor,IC50,O=C(O)CCCCCC[C@@H]1[C@@H](CCC(O)CNc2ccccc2)[C@H](O)C[C@@H]1O,7.045757490560675
CHEMBL2220404,CHEMBL1987,Prostaglandin F2-alpha receptor,IC50,=,2.0,nM,CHEMBL763259,B,Affinity for human Prostanoid FP receptor expressed in COS-7 cells,CHEMBL1132967,P43088,Prostaglandin F2-alpha receptor,IC50,O=C(O)CCC/C=C\CC1C(O)CC(O)C1/C=C/C(O)COc1cccc(Cl)c1,8.698970004336019
CHEMBL290969,CHEMBL1987,Prostaglandin F2-alpha receptor,IC50,=,570.0,nM,CHEMBL763259,B,Affinity for human Prostanoid FP receptor expressed in COS-7 cells,CHEMBL1132967,P43088,Prostaglandin F2-alpha receptor,IC50,O=C(O)CCCCCC[C@@H]1[C@@H](CC[C@@H](O)CCc2ccccc2)[C@H](O)C[C@@H]1O,6.2441251443275085
CHEMBL36817,CHEMBL1987,Prostaglandin F2-alpha receptor,IC50,=,350.0,nM,CHEMBL763259,B,Affinity for human Prostanoid FP receptor expressed in COS-7 cells,CHEMBL1132967,P43088,Prostaglandin F2-alpha receptor,IC50,CCCCC[C@H](O)CC[C@@H]1[C@@H](CCCCCCC(=O)O)[C@@H](O)C[C@H]1O,6.455931955649724
CHEMBL173811,CHEMBL1987,Prostaglandin F2-alpha receptor,IC50,=,1424.0,nM,CHEMBL763259,B,Affinity for human Prostanoid FP receptor expressed in COS-7 cells,CHEMBL1132967,P43088,Prostaglandin F2-alpha receptor,IC50,O=C(O)CCCCCC[C@@H]1[C@@H](CCC(O)CSc2nccs2)[C@H](O)C[C@@H]1O,5.846490010699163
CHEMBL173299,CHEMBL1987,Prostaglandin F2-alpha receptor,IC50,=,3.0,nM,CHEMBL763259,B,Affinity for human Prostanoid FP receptor expressed in COS-7 cells,CHEMBL1132967,P43088,Prostaglandin F2-alpha receptor,IC50,O=C(O)CCCCCC[C@@H]1[C@@H](CCC(O)CSc2ccccc2)[C@H](O)C[C@@H]1O,8.522878745280337
CHEMBL172250,CHEMBL1987,Prostaglandin F2-alpha receptor,IC50,=,320.0,nM,CHEMBL763259,B,Affinity for human Prostanoid FP receptor expressed in COS-7 cells,CHEMBL1132967,P43088,Prostaglandin F2-alpha receptor,IC50,O=C(O)CCCCCC[C@@H]1[C@@H](CCC(O)CSc2cccc(C(F)(F)F)c2)[C@H](O)C[C@@H]1O,6.494850021680094
CHEMBL369797,CHEMBL1987,Prostaglandin F2-alpha receptor,IC50,=,11.0,nM,CHEMBL763259,B,Affinity for human Prostanoid FP receptor expressed in COS-7 cells,CHEMBL1132967,P43088,Prostaglandin F2-alpha receptor,IC50,O=C(O)CCCCCC[C@@H]1[C@@H](CCC(O)CSc2cccs2)[C@H](O)C[C@@H]1O,7.958607314841775
CHEMBL425681,CHEMBL1987,Prostaglandin F2-alpha receptor,IC50,=,12.0,nM,CHEMBL763259,B,Affinity for human Prostanoid FP receptor expressed in COS-7 cells,CHEMBL1132967,P43088,Prostaglandin F2-alpha receptor,IC50,O=C(O)CCCCCC[C@@H]1[C@@H](CC[C@@H](O)COc2ccccc2)[C@H](O)C[C@@H]1O,7.920818753952375
CHEMBL173680,CHEMBL1987,Prostaglandin F2-alpha receptor,IC50,=,17.0,nM,CHEMBL763259,B,Affinity for human Prostanoid FP receptor expressed in COS-7 cells,CHEMBL1132967,P43088,Prostaglandin F2-alpha receptor,IC50,O=C(O)CCCCCC[C@@H]1[C@@H](CCC(O)CSc2cccc(Cl)c2)[C@H](O)C[C@@H]1O,7.769551078621726
CHEMBL36041,CHEMBL1987,Prostaglandin F2-alpha receptor,IC50,=,2.6,nM,CHEMBL763259,B,Affinity for human Prostanoid FP receptor expressed in COS-7 cells,CHEMBL1132967,P43088,Prostaglandin F2-alpha receptor,IC50,O=C(O)CCCCCC[C@@H]1[C@@H](CC[C@@H](O)COc2cccc(Cl)c2)[C@H](O)C[C@@H]1O,8.585026652029182
CHEMBL176692,CHEMBL1987,Prostaglandin F2-alpha receptor,IC50,=,63.0,nM,CHEMBL763259,B,Affinity for human Prostanoid FP receptor expressed in COS-7 cells,CHEMBL1132967,P43088,Prostaglandin F2-alpha receptor,IC50,Cc1cccc(SCC(O)CC[C@@H]2[C@@H](CCCCCCC(=O)O)[C@@H](O)C[C@H]2O)c1,7.200659450546418
CHEMBL815,CHEMBL1987,Prostaglandin F2-alpha receptor,IC50,=,7.0,nM,CHEMBL763259,B,Affinity for human Prostanoid FP receptor expressed in COS-7 cells,CHEMBL1132967,P43088,Prostaglandin F2-alpha receptor,IC50,CCCCC[C@H](O)/C=C/[C@@H]1[C@@H](C/C=C\CCCC(=O)O)[C@@H](O)C[C@H]1O,8.154901959985743
CHEMBL336543,CHEMBL1987,Prostaglandin F2-alpha receptor,IC50,=,1000.0,nM,CHEMBL881446,B,In vitro binding at FP human prostaglandin receptor using [3H]- PGF-2 alpha as radioligand,CHEMBL1134785,P43088,Prostaglandin F2-alpha receptor,IC50,CCCCC[C@H](O)/C=C/[C@@H]1[C@@H](C/C=C\CCCP(=O)(O)O)[C@@H](O)C[C@H]1O,6.0
CHEMBL133945,CHEMBL1987,Prostaglandin F2-alpha receptor,IC50,=,4100.0,nM,CHEMBL822980,B,In vitro binding at FP human prostaglandin receptor using [3H]PGF-2 alpha as radioligand,CHEMBL1134785,P43088,Prostaglandin F2-alpha receptor,IC50,CCCCC[C@H](O)/C=C/[C@@H]1[C@@H](C/C=C\CCCP(=O)(O)CC)[C@@H](O)C[C@H]1O,5.3872161432802645
CHEMBL336781,CHEMBL1987,Prostaglandin F2-alpha receptor,IC50,=,311.0,nM,CHEMBL822980,B,In vitro binding at FP human prostaglandin receptor using [3H]PGF-2 alpha as radioligand,CHEMBL1134785,P43088,Prostaglandin F2-alpha receptor,IC50,CCCCC[C@H](O)/C=C/[C@@H]1[C@@H](C/C=C\CCCP(C)(=O)O)[C@@H](O)C[C@H]1O,6.507239610973162
CHEMBL134546,CHEMBL1987,Prostaglandin F2-alpha receptor,IC50,=,114.0,nM,CHEMBL822980,B,In vitro binding at FP human prostaglandin receptor using [3H]PGF-2 alpha as radioligand,CHEMBL1134785,P43088,Prostaglandin F2-alpha receptor,IC50,CCCCC[C@H](O)/C=C/[C@@H]1[C@@H](C/C=C\CCC[PH](=O)O)[C@@H](O)C[C@H]1O,6.943095148663527
CHEMBL133910,CHEMBL1987,Prostaglandin F2-alpha receptor,IC50,=,6700.0,nM,CHEMBL822980,B,In vitro binding at FP human prostaglandin receptor using [3H]PGF-2 alpha as radioligand,CHEMBL1134785,P43088,Prostaglandin F2-alpha receptor,IC50,CCCCC[C@H](O)/C=C/[C@@H]1[C@@H](C/C=C\CCCP(=O)(O)CCCC)[C@@H](O)C[C@H]1O,5.173925197299173
CHEMBL334398,CHEMBL1987,Prostaglandin F2-alpha receptor,IC50,=,2.0,nM,CHEMBL822980,B,In vitro binding at FP human prostaglandin receptor using [3H]PGF-2 alpha as radioligand,CHEMBL1134785,P43088,Prostaglandin F2-alpha receptor,IC50,O=C(O)CCC/C=C\C[C@@H]1[C@@H](/C=C/[C@@H](O)COc2ccccc2)[C@H](O)C[C@@H]1O,8.698970004336019
CHEMBL815,CHEMBL1987,Prostaglandin F2-alpha receptor,IC50,=,3.0,nM,CHEMBL822980,B,In vitro binding at FP human prostaglandin receptor using [3H]PGF-2 alpha as radioligand,CHEMBL1134785,P43088,Prostaglandin F2-alpha receptor,IC50,CCCCC[C@H](O)/C=C/[C@@H]1[C@@H](C/C=C\CCCC(=O)O)[C@@H](O)C[C@H]1O,8.522878745280337
CHEMBL440164,CHEMBL1987,Prostaglandin F2-alpha receptor,IC50,=,42.0,nM,CHEMBL822980,B,In vitro binding at FP human prostaglandin receptor using [3H]PGF-2 alpha as radioligand,CHEMBL1134785,P43088,Prostaglandin F2-alpha receptor,IC50,CP(=O)(O)CCC/C=C\C[C@@H]1[C@@H](/C=C/[C@@H](O)COc2ccccc2)[C@H](O)C[C@@H]1O,7.376750709602099
CHEMBL40183,CHEMBL1987,Prostaglandin F2-alpha receptor,IC50,=,16.0,nM,CHEMBL766821,B,Displacement of [3H]PGF2-alpha from human FP-receptor expressed in CHO-KI cells,CHEMBL1133030,P43088,Prostaglandin F2-alpha receptor,IC50,CCCCC(C)(C)[C@H](O)/C=C/[C@@H]1[C@@H](C/C=C\CCCC(=O)O)[C@@H](O)C[C@H]1O,7.795880017344075
CHEMBL39746,CHEMBL1987,Prostaglandin F2-alpha receptor,IC50,=,5890.0,nM,CHEMBL766820,B,Displacement of [3H]PGF-2 from human FP-receptor expressed in CHO-KI cells,CHEMBL1133030,P43088,Prostaglandin F2-alpha receptor,IC50,COc1ccccc1CC[C@H](O)CC[C@@H]1[C@@H](CCCCCCC(=O)O)[C@@H](O)C[C@H]1O,5.229884705212898
CHEMBL290969,CHEMBL1987,Prostaglandin F2-alpha receptor,IC50,=,82.0,nM,CHEMBL766820,B,Displacement of [3H]PGF-2 from human FP-receptor expressed in CHO-KI cells,CHEMBL1133030,P43088,Prostaglandin F2-alpha receptor,IC50,O=C(O)CCCCCC[C@@H]1[C@@H](CC[C@@H](O)CCc2ccccc2)[C@H](O)C[C@@H]1O,7.086186147616283
CHEMBL289568,CHEMBL1987,Prostaglandin F2-alpha receptor,IC50,=,42.0,nM,CHEMBL766820,B,Displacement of [3H]PGF-2 from human FP-receptor expressed in CHO-KI cells,CHEMBL1133030,P43088,Prostaglandin F2-alpha receptor,IC50,O=C(O)CCCCCC[C@@H]1[C@@H](CC[C@@H](O)CCc2cccc(F)c2)[C@H](O)C[C@@H]1O,7.376750709602099
CHEMBL289660,CHEMBL1987,Prostaglandin F2-alpha receptor,IC50,=,3630.0,nM,CHEMBL766820,B,Displacement of [3H]PGF-2 from human FP-receptor expressed in CHO-KI cells,CHEMBL1133030,P43088,Prostaglandin F2-alpha receptor,IC50,O=C(O)CCCCCC[C@@H]1[C@@H](CC[C@@H](O)CCc2ccc(C(F)(F)F)cc2)[C@H](O)C[C@@H]1O,5.440093374963888
CHEMBL815,CHEMBL1987,Prostaglandin F2-alpha receptor,IC50,=,2.5,nM,CHEMBL766821,B,Displacement of [3H]PGF2-alpha from human FP-receptor expressed in CHO-KI cells,CHEMBL1133030,P43088,Prostaglandin F2-alpha receptor,IC50,CCCCC[C@H](O)/C=C/[C@@H]1[C@@H](C/C=C\CCCC(=O)O)[C@@H](O)C[C@H]1O,8.602059991327963
CHEMBL416784,CHEMBL1987,Prostaglandin F2-alpha receptor,IC50,=,290.0,nM,CHEMBL766820,B,Displacement of [3H]PGF-2 from human FP-receptor expressed in CHO-KI cells,CHEMBL1133030,P43088,Prostaglandin F2-alpha receptor,IC50,COc1ccc(CC[C@H](O)CC[C@@H]2[C@@H](CCCCCCC(=O)O)[C@@H](O)C[C@H]2O)cc1,6.537602002101044
CHEMBL36901,CHEMBL1987,Prostaglandin F2-alpha receptor,IC50,=,540.0,nM,CHEMBL766820,B,Displacement of [3H]PGF-2 from human FP-receptor expressed in CHO-KI cells,CHEMBL1133030,P43088,Prostaglandin F2-alpha receptor,IC50,CCc1cccc(CC[C@H](O)CC[C@@H]2[C@@H](CCCCCCC(=O)O)[C@@H](O)C[C@H]2O)c1,6.267606240177031
CHEMBL39784,CHEMBL1987,Prostaglandin F2-alpha receptor,IC50,=,8.6,nM,CHEMBL766821,B,Displacement of [3H]PGF2-alpha from human FP-receptor expressed in CHO-KI cells,CHEMBL1133030,P43088,Prostaglandin F2-alpha receptor,IC50,O=C(O)CCCCCC[C@@H]1[C@@H](CC[C@@H](O)CCc2cccc(C(F)(F)F)c2)[C@H](O)C[C@@H]1O,8.065501548756432
CHEMBL2220404,CHEMBL1987,Prostaglandin F2-alpha receptor,IC50,=,1.0,nM,CHEMBL766821,B,Displacement of [3H]PGF2-alpha from human FP-receptor expressed in CHO-KI cells,CHEMBL1133030,P43088,Prostaglandin F2-alpha receptor,IC50,O=C(O)CCC/C=C\CC1C(O)CC(O)C1/C=C/C(O)COc1cccc(Cl)c1,9.0
CHEMBL36911,CHEMBL1987,Prostaglandin F2-alpha receptor,IC50,=,210.0,nM,CHEMBL766820,B,Displacement of [3H]PGF-2 from human FP-receptor expressed in CHO-KI cells,CHEMBL1133030,P43088,Prostaglandin F2-alpha receptor,IC50,O=C(O)CCCCCC[C@@H]1[C@@H](CC[C@@H](O)CCc2ccc(F)cc2)[C@H](O)C[C@@H]1O,6.6777807052660805
CHEMBL290571,CHEMBL1987,Prostaglandin F2-alpha receptor,IC50,=,4400.0,nM,CHEMBL766820,B,Displacement of [3H]PGF-2 from human FP-receptor expressed in CHO-KI cells,CHEMBL1133030,P43088,Prostaglandin F2-alpha receptor,IC50,Cc1ccc(CC[C@H](O)CC[C@@H]2[C@@H](CCCCCCC(=O)O)[C@@H](O)C[C@H]2O)cc1,5.356547323513812
CHEMBL36041,CHEMBL1987,Prostaglandin F2-alpha receptor,IC50,=,1.0,nM,CHEMBL766821,B,Displacement of [3H]PGF2-alpha from human FP-receptor expressed in CHO-KI cells,CHEMBL1133030,P43088,Prostaglandin F2-alpha receptor,IC50,O=C(O)CCCCCC[C@@H]1[C@@H](CC[C@@H](O)COc2cccc(Cl)c2)[C@H](O)C[C@@H]1O,9.0
CHEMBL288277,CHEMBL1987,Prostaglandin F2-alpha receptor,IC50,=,2140.0,nM,CHEMBL766820,B,Displacement of [3H]PGF-2 from human FP-receptor expressed in CHO-KI cells,CHEMBL1133030,P43088,Prostaglandin F2-alpha receptor,IC50,O=C(O)CCCCCC[C@@H]1[C@@H](CC[C@@H](O)CCc2ccccc2C(F)(F)F)[C@H](O)C[C@@H]1O,5.669586226650809
CHEMBL36817,CHEMBL1987,Prostaglandin F2-alpha receptor,IC50,=,522.0,nM,CHEMBL766821,B,Displacement of [3H]PGF2-alpha from human FP-receptor expressed in CHO-KI cells,CHEMBL1133030,P43088,Prostaglandin F2-alpha receptor,IC50,CCCCC[C@H](O)CC[C@@H]1[C@@H](CCCCCCC(=O)O)[C@@H](O)C[C@H]1O,6.282329496997738
CHEMBL286132,CHEMBL1987,Prostaglandin F2-alpha receptor,IC50,=,210.0,nM,CHEMBL766820,B,Displacement of [3H]PGF-2 from human FP-receptor expressed in CHO-KI cells,CHEMBL1133030,P43088,Prostaglandin F2-alpha receptor,IC50,N#Cc1cccc(CC[C@H](O)CC[C@@H]2[C@@H](CCCCCCC(=O)O)[C@@H](O)C[C@H]2O)c1,6.6777807052660805
CHEMBL39784,CHEMBL1987,Prostaglandin F2-alpha receptor,IC50,=,8.6,nM,CHEMBL766820,B,Displacement of [3H]PGF-2 from human FP-receptor expressed in CHO-KI cells,CHEMBL1133030,P43088,Prostaglandin F2-alpha receptor,IC50,O=C(O)CCCCCC[C@@H]1[C@@H](CC[C@@H](O)CCc2cccc(C(F)(F)F)c2)[C@H](O)C[C@@H]1O,8.065501548756432
CHEMBL289373,CHEMBL1987,Prostaglandin F2-alpha receptor,IC50,=,76.0,nM,CHEMBL766820,B,Displacement of [3H]PGF-2 from human FP-receptor expressed in CHO-KI cells,CHEMBL1133030,P43088,Prostaglandin F2-alpha receptor,IC50,O=C(O)CCCCCC[C@@H]1[C@@H](CC[C@@H](O)CCc2ccccc2F)[C@H](O)C[C@@H]1O,7.119186407719209
CHEMBL37244,CHEMBL1987,Prostaglandin F2-alpha receptor,IC50,=,630.0,nM,CHEMBL766820,B,Displacement of [3H]PGF-2 from human FP-receptor expressed in CHO-KI cells,CHEMBL1133030,P43088,Prostaglandin F2-alpha receptor,IC50,Cc1ccccc1CC[C@H](O)CC[C@@H]1[C@@H](CCCCCCC(=O)O)[C@@H](O)C[C@H]1O,6.200659450546418
CHEMBL287080,CHEMBL1987,Prostaglandin F2-alpha receptor,IC50,=,10.0,nM,CHEMBL766821,B,Displacement of [3H]PGF2-alpha from human FP-receptor expressed in CHO-KI cells,CHEMBL1133030,P43088,Prostaglandin F2-alpha receptor,IC50,O=C(O)CCC/C=C\C[C@@H]1[C@@H](/C=C/[C@@H](O)CCc2cccc(C(F)(F)F)c2)[C@H](O)C[C@@H]1O,8.0
CHEMBL35715,CHEMBL1987,Prostaglandin F2-alpha receptor,IC50,=,1620.0,nM,CHEMBL766820,B,Displacement of [3H]PGF-2 from human FP-receptor expressed in CHO-KI cells,CHEMBL1133030,P43088,Prostaglandin F2-alpha receptor,IC50,COc1cccc(CC[C@H](O)CC[C@@H]2[C@@H](CCCCCCC(=O)O)[C@@H](O)C[C@H]2O)c1,5.790484985457369
CHEMBL240436,CHEMBL1987,Prostaglandin F2-alpha receptor,IC50,=,4168.69,nM,CHEMBL902279,B,Inhibition of FP receptor,CHEMBL1139103,P43088,Prostaglandin F2-alpha receptor,IC50,CCc1ccccc1N(CC(=O)NCc1ccc(Cl)cc1)S(=O)(=O)c1ccc(C)cc1,5.380000399499541
CHEMBL521609,CHEMBL1987,Prostaglandin F2-alpha receptor,IC50,=,3590.0,nM,CHEMBL960021,B,Displacement of radioligand from FP receptor,CHEMBL1153263,P43088,Prostaglandin F2-alpha receptor,IC50,Cn1cc(/C=C/C(=O)NS(=O)(=O)c2ccc(F)c(F)c2)c2c(Oc3ccc4ccccc4c3)cccc21,5.444905551421681
CHEMBL489310,CHEMBL1987,Prostaglandin F2-alpha receptor,IC50,=,2400.0,nM,CHEMBL960021,B,Displacement of radioligand from FP receptor,CHEMBL1153263,P43088,Prostaglandin F2-alpha receptor,IC50,Cn1cc(/C=C/C(=O)NS(=O)(=O)c2ccc(F)c(F)c2)c2c(Oc3ccc(Cl)c(Cl)c3)cccc21,5.619788758288394
CHEMBL459885,CHEMBL1987,Prostaglandin F2-alpha receptor,IC50,=,1970.0,nM,CHEMBL960021,B,Displacement of radioligand from FP receptor,CHEMBL1153263,P43088,Prostaglandin F2-alpha receptor,IC50,Cn1cc(/C=C/C(=O)NS(=O)(=O)c2ccc(F)c(F)c2)c2c(Oc3ccc(Cl)cc3Cl)cccc21,5.7055337738384075
CHEMBL461390,CHEMBL1987,Prostaglandin F2-alpha receptor,IC50,=,1820.0,nM,CHEMBL960021,B,Displacement of radioligand from FP receptor,CHEMBL1153263,P43088,Prostaglandin F2-alpha receptor,IC50,Cn1cc(/C=C/C(=O)NS(=O)(=O)c2ccc(F)c(F)c2)c2c(Oc3ccc(F)c(Cl)c3)cccc21,5.739928612014925
CHEMBL475152,CHEMBL1987,Prostaglandin F2-alpha receptor,IC50,=,3190.0,nM,CHEMBL960021,B,Displacement of radioligand from FP receptor,CHEMBL1153263,P43088,Prostaglandin F2-alpha receptor,IC50,Cn1cc(/C=C/C(=O)NS(=O)(=O)c2ccc(F)c(F)c2)c2c(Oc3ccc(Cl)cc3F)cccc21,5.496209316942819
CHEMBL475348,CHEMBL1987,Prostaglandin F2-alpha receptor,IC50,=,4640.0,nM,CHEMBL960021,B,Displacement of radioligand from FP receptor,CHEMBL1153263,P43088,Prostaglandin F2-alpha receptor,IC50,Cn1cc(/C=C/C(=O)NS(=O)(=O)c2cc(F)c(F)cc2F)c2c(Oc3ccc(Cl)c(Cl)c3)cccc21,5.333482019445119
CHEMBL475349,CHEMBL1987,Prostaglandin F2-alpha receptor,IC50,=,3570.0,nM,CHEMBL960021,B,Displacement of radioligand from FP receptor,CHEMBL1153263,P43088,Prostaglandin F2-alpha receptor,IC50,Cn1cc(/C=C/C(=O)NS(=O)(=O)c2cc(F)c(F)cc2F)c2c(Oc3ccc(Cl)cc3Cl)cccc21,5.447331783887806
CHEMBL472754,CHEMBL1987,Prostaglandin F2-alpha receptor,IC50,=,3160.0,nM,CHEMBL960021,B,Displacement of radioligand from FP receptor,CHEMBL1153263,P43088,Prostaglandin F2-alpha receptor,IC50,Cn1cc(/C=C/C(=O)NS(=O)(=O)c2cc(F)c(F)cc2F)c2c(Oc3ccc(F)c(Cl)c3)cccc21,5.500312917381596
CHEMBL521777,CHEMBL1987,Prostaglandin F2-alpha receptor,IC50,=,2230.0,nM,CHEMBL960021,B,Displacement of radioligand from FP receptor,CHEMBL1153263,P43088,Prostaglandin F2-alpha receptor,IC50,Cn1cc(/C=C/C(=O)NS(=O)(=O)c2cc(F)c(F)cc2F)c2c(Oc3ccc(Cl)c(F)c3)cccc21,5.651695136951839
CHEMBL461571,CHEMBL1987,Prostaglandin F2-alpha receptor,IC50,=,2730.0,nM,CHEMBL980762,B,Inhibition of prostanoid FP receptor,CHEMBL1139415,P43088,Prostaglandin F2-alpha receptor,IC50,Cc1c(C(=O)c2ccc(Cl)cc2)c2ccc(OC(F)(F)F)cc2n1Cc1cccc(O[C@H](C)C(=O)O)c1,5.5638373529592435
CHEMBL481813,CHEMBL1987,Prostaglandin F2-alpha receptor,IC50,=,10200.0,nM,CHEMBL1023732,B,Binding affinity to human FP receptor by radioligand binding assay,CHEMBL1143334,P43088,Prostaglandin F2-alpha receptor,IC50,CC12CCCC(/C=C/C(=O)NS(=O)(=O)c3cc(Cl)c(Cl)s3)=C1N(Cc1ccc3ccccc3c1)C(=O)C2,4.991399828238082
CHEMBL479633,CHEMBL1987,Prostaglandin F2-alpha receptor,IC50,=,27400.0,nM,CHEMBL1023732,B,Binding affinity to human FP receptor by radioligand binding assay,CHEMBL1143334,P43088,Prostaglandin F2-alpha receptor,IC50,CC12CCCC(/C=C/C(=O)NS(=O)(=O)c3cc(Cl)c(Cl)s3)=C1N(Cc1ccc(F)cc1)C(=O)C2,4.562249437179612
CHEMBL517377,CHEMBL1987,Prostaglandin F2-alpha receptor,IC50,=,6100.0,nM,CHEMBL1023732,B,Binding affinity to human FP receptor by radioligand binding assay,CHEMBL1143334,P43088,Prostaglandin F2-alpha receptor,IC50,COc1cccc(CN2C(=O)CC3(C)CCCC(/C=C/C(=O)NS(=O)(=O)c4cc(Cl)c(Cl)s4)=C23)c1,5.214670164989233
CHEMBL482158,CHEMBL1987,Prostaglandin F2-alpha receptor,IC50,=,4200.0,nM,CHEMBL1023732,B,Binding affinity to human FP receptor by radioligand binding assay,CHEMBL1143334,P43088,Prostaglandin F2-alpha receptor,IC50,CC12CCCC(/C=C/C(=O)NS(=O)(=O)c3cc(F)cc(F)c3)=C1N(Cc1ccc(F)cc1)C(=O)C2,5.376750709602099
CHEMBL482330,CHEMBL1987,Prostaglandin F2-alpha receptor,IC50,=,6400.0,nM,CHEMBL1023732,B,Binding affinity to human FP receptor by radioligand binding assay,CHEMBL1143334,P43088,Prostaglandin F2-alpha receptor,IC50,COc1cccc(CN2C(=O)CC3(C)CCCC(/C=C/C(=O)NS(=O)(=O)c4ccc(F)c(F)c4)=C23)c1,5.1938200260161125
CHEMBL479664,CHEMBL1987,Prostaglandin F2-alpha receptor,IC50,=,16400.0,nM,CHEMBL1023732,B,Binding affinity to human FP receptor by radioligand binding assay,CHEMBL1143334,P43088,Prostaglandin F2-alpha receptor,IC50,CC12CCCC(/C=C/C(=O)NS(=O)(=O)c3ccc(F)c(F)c3)=C1N(Cc1ccc(F)c(F)c1)C(=O)C2,4.785156151952302
CHEMBL482018,CHEMBL1987,Prostaglandin F2-alpha receptor,IC50,=,7400.0,nM,CHEMBL1023732,B,Binding affinity to human FP receptor by radioligand binding assay,CHEMBL1143334,P43088,Prostaglandin F2-alpha receptor,IC50,CC12CCCC(/C=C/C(=O)NS(=O)(=O)c3cc(F)c(F)cc3F)=C1N(Cc1cccc(Cl)c1Cl)C(=O)C2,5.130768280269024
CHEMBL479439,CHEMBL1987,Prostaglandin F2-alpha receptor,IC50,=,7600.0,nM,CHEMBL1023732,B,Binding affinity to human FP receptor by radioligand binding assay,CHEMBL1143334,P43088,Prostaglandin F2-alpha receptor,IC50,CC12CCCC(/C=C/C(=O)NS(=O)(=O)c3cc(F)c(F)cc3F)=C1N(Cc1ccc(Cl)cc1Cl)C(=O)C2,5.119186407719209
CHEMBL479263,CHEMBL1987,Prostaglandin F2-alpha receptor,IC50,=,3800.0,nM,CHEMBL1023732,B,Binding affinity to human FP receptor by radioligand binding assay,CHEMBL1143334,P43088,Prostaglandin F2-alpha receptor,IC50,CC12CCCC(/C=C/C(=O)NS(=O)(=O)c3cc(F)c(F)cc3F)=C1N(Cc1ccc(F)c(F)c1)C(=O)C2,5.42021640338319
CHEMBL1081186,CHEMBL1987,Prostaglandin F2-alpha receptor,IC50,=,600.0,nM,CHEMBL1102453,B,Binding affinity to human FP receptor by radioligand displacement assay,CHEMBL1154363,P43088,Prostaglandin F2-alpha receptor,IC50,Cc1cn(Cc2ccc(Cl)cc2Cl)c2c(-c3cc(NS(=O)(=O)c4ccc(F)c(F)c4)no3)cc(F)cc12,6.221848749616356
CHEMBL4790821,CHEMBL1987,Prostaglandin F2-alpha receptor,IC50,=,1400.0,nM,CHEMBL4671521,B,Displacement of [3H]PGF2alpha from full-length recombinant human FP receptor expressed in HEK293 cell membranes measured after 60 mins by scintillation counting method,CHEMBL4665834,P43088,Prostaglandin F2-alpha receptor,IC50,Cc1c(-c2cccs2)nc2ccc(Br)cc2c1C(=O)NCCc1cccnc1,5.853871964321762
CHEMBL4643852,CHEMBL1987,Prostaglandin F2-alpha receptor,IC50,=,22.0,nM,CHEMBL4671521,B,Displacement of [3H]PGF2alpha from full-length recombinant human FP receptor expressed in HEK293 cell membranes measured after 60 mins by scintillation counting method,CHEMBL4665834,P43088,Prostaglandin F2-alpha receptor,IC50,Cc1c(N2CCCC2)nc2ccc(Br)cc2c1C(=O)NC[C@H](CCC(=O)O)c1ccccc1Cl,7.657577319177793
CHEMBL4643852,CHEMBL1987,Prostaglandin F2-alpha receptor,IC50,=,21.0,nM,CHEMBL4882981,B,Prostanoid FP Eurofins-Panlabs radioligand binding assay,CHEMBL4630901,P43088,Prostaglandin F2-alpha receptor,IC50,Cc1c(N2CCCC2)nc2ccc(Br)cc2c1C(=O)NC[C@H](CCC(=O)O)c1ccccc1Cl,7.6777807052660805
CHEMBL4643852,CHEMBL1987,Prostaglandin F2-alpha receptor,IC50,=,22.0,nM,CHEMBL4885638,B,Panlabs binding assay,CHEMBL4630901,P43088,Prostaglandin F2-alpha receptor,IC50,Cc1c(N2CCCC2)nc2ccc(Br)cc2c1C(=O)NC[C@H](CCC(=O)O)c1ccccc1Cl,7.657577319177793
CHEMBL4643852,CHEMBL1987,Prostaglandin F2-alpha receptor,IC50,=,11.0,nM,CHEMBL4885639,B,Bayer inhouse assay (human),CHEMBL4630901,P43088,Prostaglandin F2-alpha receptor,IC50,Cc1c(N2CCCC2)nc2ccc(Br)cc2c1C(=O)NC[C@H](CCC(=O)O)c1ccccc1Cl,7.958607314841775
CHEMBL4643852,CHEMBL1987,Prostaglandin F2-alpha receptor,IC50,=,11.0,nM,CHEMBL4885641,B,Bayer inhouse assay (rat),CHEMBL4630901,P43088,Prostaglandin F2-alpha receptor,IC50,Cc1c(N2CCCC2)nc2ccc(Br)cc2c1C(=O)NC[C@H](CCC(=O)O)c1ccccc1Cl,7.958607314841775
CHEMBL4643852,CHEMBL1987,Prostaglandin F2-alpha receptor,IC50,=,52.0,nM,CHEMBL4885642,B,Wistar rat tissue assay of PGF2alpha-induced contraction of (nonpregnant) uterus at Panlabs,CHEMBL4630901,P43088,Prostaglandin F2-alpha receptor,IC50,Cc1c(N2CCCC2)nc2ccc(Br)cc2c1C(=O)NC[C@H](CCC(=O)O)c1ccccc1Cl,7.2839966563652006
CHEMBL4643852,CHEMBL1987,Prostaglandin F2-alpha receptor,IC50,=,12.0,nM,CHEMBL4885643,B,Functional cellular assay: cytokine-induced neutrophil-attracting chemokine (KC) inhibition,CHEMBL4630901,P43088,Prostaglandin F2-alpha receptor,IC50,Cc1c(N2CCCC2)nc2ccc(Br)cc2c1C(=O)NC[C@H](CCC(=O)O)c1ccccc1Cl,7.920818753952375
CHEMBL4643852,CHEMBL1987,Prostaglandin F2-alpha receptor,IC50,=,18.0,nM,CHEMBL4885644,B,Functional cellular assay: MCP-1 inhibition,CHEMBL4630901,P43088,Prostaglandin F2-alpha receptor,IC50,Cc1c(N2CCCC2)nc2ccc(Br)cc2c1C(=O)NC[C@H](CCC(=O)O)c1ccccc1Cl,7.7447274948966935
CHEMBL4642079,CHEMBL1987,Prostaglandin F2-alpha receptor,IC50,=,1200.0,nM,CHEMBL4885639,B,Bayer inhouse assay (human),CHEMBL4630901,P43088,Prostaglandin F2-alpha receptor,IC50,Cc1c(N2CCNCC2)nc2ccc(Br)cc2c1C(=O)NC[C@H](CCC(=O)O)c1ccccc1Cl,5.920818753952375
CHEMBL4789100,CHEMBL1987,Prostaglandin F2-alpha receptor,IC50,=,74.0,nM,CHEMBL5731608,B,"In Vitro Test of Inhibition of Human FP Receptor Activity : For the characterization of test substances in respect of FP antagonism, PGF2α-induced calcium flux in FP-expressing CHEM1 cells (Millipore, HTS093C) was used.3000 cells in 25 μl of full medium [DMEM F12, 10% FCS, 1.35 mM sodium pyruvate, 20 mM HEPES, 4 mM GlutaMAX, 2% sodium bicarbonate, 1% Pen/Strep, 1% 100× non-essential amino acids] are sown per well of a 384 multititer plate (from Greiner, TC plate, black with clear base) and incubated at 37° C./5% CO2 for 24 hours. Prior to the measurement, the medium is replaced by 30 μl of Fluo-8 AM loading buffer [calcium-free Tyrode (130 mM NaCl, 5 mM KCl, 20 mM HEPES, 1 mM MgCl2, 4.8 mM NaHCO3, pH 7.4), 2 mM CaCl2, 1× SmartBlock (from CANDOR Bioscience GmbH), 4.5 mM Probenecid, 5 μM Fluo-8 AM, 0.016% Pluronic, 0.04% Brilliant black] and incubated at 37° C./5% CO2 for 30 minutes. The test substance is prepared in DMSO in various concentrations as a dose-response curve (starting concentration 10 mM, dilution factor 3.16) and prediluted 1:50 with calcium-free Tyrode/2 mM CaCl2. 10 μl of the prediluted substance solution are added to the Fluo-8-laden cells and incubated at 37° C./5% CO2 for 10 minutes. The FP receptor is activated by adding 20 μl of 3 nM (final concentration) PGF2α in calcium-free Tyrode/2 mM CaCl2/0.04% Brilliant black, and the calcium flux is determined by measuring the fluorescence at ex. 470 nm/em. 525 nm in a fluorescence measuring instrument (FLIPR Tetra, Molecular Devices) for 120 seconds.",CHEMBL5725856,P43088,Prostaglandin F2-alpha receptor,IC50,Cc1c(-c2ccccc2)nc2ccc(Br)cc2c1C(=O)NC12CCC(C(=O)O)(CC1)CC2,7.130768280269024
CHEMBL5750367,CHEMBL1987,Prostaglandin F2-alpha receptor,IC50,=,259.0,nM,CHEMBL5731608,B,"In Vitro Test of Inhibition of Human FP Receptor Activity : For the characterization of test substances in respect of FP antagonism, PGF2α-induced calcium flux in FP-expressing CHEM1 cells (Millipore, HTS093C) was used.3000 cells in 25 μl of full medium [DMEM F12, 10% FCS, 1.35 mM sodium pyruvate, 20 mM HEPES, 4 mM GlutaMAX, 2% sodium bicarbonate, 1% Pen/Strep, 1% 100× non-essential amino acids] are sown per well of a 384 multititer plate (from Greiner, TC plate, black with clear base) and incubated at 37° C./5% CO2 for 24 hours. Prior to the measurement, the medium is replaced by 30 μl of Fluo-8 AM loading buffer [calcium-free Tyrode (130 mM NaCl, 5 mM KCl, 20 mM HEPES, 1 mM MgCl2, 4.8 mM NaHCO3, pH 7.4), 2 mM CaCl2, 1× SmartBlock (from CANDOR Bioscience GmbH), 4.5 mM Probenecid, 5 μM Fluo-8 AM, 0.016% Pluronic, 0.04% Brilliant black] and incubated at 37° C./5% CO2 for 30 minutes. The test substance is prepared in DMSO in various concentrations as a dose-response curve (starting concentration 10 mM, dilution factor 3.16) and prediluted 1:50 with calcium-free Tyrode/2 mM CaCl2. 10 μl of the prediluted substance solution are added to the Fluo-8-laden cells and incubated at 37° C./5% CO2 for 10 minutes. The FP receptor is activated by adding 20 μl of 3 nM (final concentration) PGF2α in calcium-free Tyrode/2 mM CaCl2/0.04% Brilliant black, and the calcium flux is determined by measuring the fluorescence at ex. 470 nm/em. 525 nm in a fluorescence measuring instrument (FLIPR Tetra, Molecular Devices) for 120 seconds.",CHEMBL5725856,P43088,Prostaglandin F2-alpha receptor,IC50,Cc1c(-c2ccccc2)nc2ccc(Cl)cc2c1C(=O)NC12CCC(C(=O)O)(CC1)CC2,6.586700235918748
CHEMBL6023128,CHEMBL1987,Prostaglandin F2-alpha receptor,IC50,=,142.0,nM,CHEMBL5731608,B,"In Vitro Test of Inhibition of Human FP Receptor Activity : For the characterization of test substances in respect of FP antagonism, PGF2α-induced calcium flux in FP-expressing CHEM1 cells (Millipore, HTS093C) was used.3000 cells in 25 μl of full medium [DMEM F12, 10% FCS, 1.35 mM sodium pyruvate, 20 mM HEPES, 4 mM GlutaMAX, 2% sodium bicarbonate, 1% Pen/Strep, 1% 100× non-essential amino acids] are sown per well of a 384 multititer plate (from Greiner, TC plate, black with clear base) and incubated at 37° C./5% CO2 for 24 hours. Prior to the measurement, the medium is replaced by 30 μl of Fluo-8 AM loading buffer [calcium-free Tyrode (130 mM NaCl, 5 mM KCl, 20 mM HEPES, 1 mM MgCl2, 4.8 mM NaHCO3, pH 7.4), 2 mM CaCl2, 1× SmartBlock (from CANDOR Bioscience GmbH), 4.5 mM Probenecid, 5 μM Fluo-8 AM, 0.016% Pluronic, 0.04% Brilliant black] and incubated at 37° C./5% CO2 for 30 minutes. The test substance is prepared in DMSO in various concentrations as a dose-response curve (starting concentration 10 mM, dilution factor 3.16) and prediluted 1:50 with calcium-free Tyrode/2 mM CaCl2. 10 μl of the prediluted substance solution are added to the Fluo-8-laden cells and incubated at 37° C./5% CO2 for 10 minutes. The FP receptor is activated by adding 20 μl of 3 nM (final concentration) PGF2α in calcium-free Tyrode/2 mM CaCl2/0.04% Brilliant black, and the calcium flux is determined by measuring the fluorescence at ex. 470 nm/em. 525 nm in a fluorescence measuring instrument (FLIPR Tetra, Molecular Devices) for 120 seconds.",CHEMBL5725856,P43088,Prostaglandin F2-alpha receptor,IC50,Cc1c(-c2ccccc2)nc2cc(Cl)c(Cl)cc2c1C(=O)NC12CCC(C(=O)O)(CC1)CC2,6.847711655616944
CHEMBL5940750,CHEMBL1987,Prostaglandin F2-alpha receptor,IC50,=,456.0,nM,CHEMBL5731608,B,"In Vitro Test of Inhibition of Human FP Receptor Activity : For the characterization of test substances in respect of FP antagonism, PGF2α-induced calcium flux in FP-expressing CHEM1 cells (Millipore, HTS093C) was used.3000 cells in 25 μl of full medium [DMEM F12, 10% FCS, 1.35 mM sodium pyruvate, 20 mM HEPES, 4 mM GlutaMAX, 2% sodium bicarbonate, 1% Pen/Strep, 1% 100× non-essential amino acids] are sown per well of a 384 multititer plate (from Greiner, TC plate, black with clear base) and incubated at 37° C./5% CO2 for 24 hours. Prior to the measurement, the medium is replaced by 30 μl of Fluo-8 AM loading buffer [calcium-free Tyrode (130 mM NaCl, 5 mM KCl, 20 mM HEPES, 1 mM MgCl2, 4.8 mM NaHCO3, pH 7.4), 2 mM CaCl2, 1× SmartBlock (from CANDOR Bioscience GmbH), 4.5 mM Probenecid, 5 μM Fluo-8 AM, 0.016% Pluronic, 0.04% Brilliant black] and incubated at 37° C./5% CO2 for 30 minutes. The test substance is prepared in DMSO in various concentrations as a dose-response curve (starting concentration 10 mM, dilution factor 3.16) and prediluted 1:50 with calcium-free Tyrode/2 mM CaCl2. 10 μl of the prediluted substance solution are added to the Fluo-8-laden cells and incubated at 37° C./5% CO2 for 10 minutes. The FP receptor is activated by adding 20 μl of 3 nM (final concentration) PGF2α in calcium-free Tyrode/2 mM CaCl2/0.04% Brilliant black, and the calcium flux is determined by measuring the fluorescence at ex. 470 nm/em. 525 nm in a fluorescence measuring instrument (FLIPR Tetra, Molecular Devices) for 120 seconds.",CHEMBL5725856,P43088,Prostaglandin F2-alpha receptor,IC50,Cc1c(-c2ccccc2)nc2ccc(C(C)(C)C)cc2c1C(=O)NC12CCC(C(=O)O)(CC1)CC2,6.341035157335565
CHEMBL5854251,CHEMBL1987,Prostaglandin F2-alpha receptor,IC50,=,113.0,nM,CHEMBL5731608,B,"In Vitro Test of Inhibition of Human FP Receptor Activity : For the characterization of test substances in respect of FP antagonism, PGF2α-induced calcium flux in FP-expressing CHEM1 cells (Millipore, HTS093C) was used.3000 cells in 25 μl of full medium [DMEM F12, 10% FCS, 1.35 mM sodium pyruvate, 20 mM HEPES, 4 mM GlutaMAX, 2% sodium bicarbonate, 1% Pen/Strep, 1% 100× non-essential amino acids] are sown per well of a 384 multititer plate (from Greiner, TC plate, black with clear base) and incubated at 37° C./5% CO2 for 24 hours. Prior to the measurement, the medium is replaced by 30 μl of Fluo-8 AM loading buffer [calcium-free Tyrode (130 mM NaCl, 5 mM KCl, 20 mM HEPES, 1 mM MgCl2, 4.8 mM NaHCO3, pH 7.4), 2 mM CaCl2, 1× SmartBlock (from CANDOR Bioscience GmbH), 4.5 mM Probenecid, 5 μM Fluo-8 AM, 0.016% Pluronic, 0.04% Brilliant black] and incubated at 37° C./5% CO2 for 30 minutes. The test substance is prepared in DMSO in various concentrations as a dose-response curve (starting concentration 10 mM, dilution factor 3.16) and prediluted 1:50 with calcium-free Tyrode/2 mM CaCl2. 10 μl of the prediluted substance solution are added to the Fluo-8-laden cells and incubated at 37° C./5% CO2 for 10 minutes. The FP receptor is activated by adding 20 μl of 3 nM (final concentration) PGF2α in calcium-free Tyrode/2 mM CaCl2/0.04% Brilliant black, and the calcium flux is determined by measuring the fluorescence at ex. 470 nm/em. 525 nm in a fluorescence measuring instrument (FLIPR Tetra, Molecular Devices) for 120 seconds.",CHEMBL5725856,P43088,Prostaglandin F2-alpha receptor,IC50,Cc1c(-c2cccs2)nc2ccc(Br)cc2c1C(=O)NC12CCC(C(=O)O)(CC1)CC2,6.94692155651658
CHEMBL5930582,CHEMBL1987,Prostaglandin F2-alpha receptor,IC50,=,240.0,nM,CHEMBL5731608,B,"In Vitro Test of Inhibition of Human FP Receptor Activity : For the characterization of test substances in respect of FP antagonism, PGF2α-induced calcium flux in FP-expressing CHEM1 cells (Millipore, HTS093C) was used.3000 cells in 25 μl of full medium [DMEM F12, 10% FCS, 1.35 mM sodium pyruvate, 20 mM HEPES, 4 mM GlutaMAX, 2% sodium bicarbonate, 1% Pen/Strep, 1% 100× non-essential amino acids] are sown per well of a 384 multititer plate (from Greiner, TC plate, black with clear base) and incubated at 37° C./5% CO2 for 24 hours. Prior to the measurement, the medium is replaced by 30 μl of Fluo-8 AM loading buffer [calcium-free Tyrode (130 mM NaCl, 5 mM KCl, 20 mM HEPES, 1 mM MgCl2, 4.8 mM NaHCO3, pH 7.4), 2 mM CaCl2, 1× SmartBlock (from CANDOR Bioscience GmbH), 4.5 mM Probenecid, 5 μM Fluo-8 AM, 0.016% Pluronic, 0.04% Brilliant black] and incubated at 37° C./5% CO2 for 30 minutes. The test substance is prepared in DMSO in various concentrations as a dose-response curve (starting concentration 10 mM, dilution factor 3.16) and prediluted 1:50 with calcium-free Tyrode/2 mM CaCl2. 10 μl of the prediluted substance solution are added to the Fluo-8-laden cells and incubated at 37° C./5% CO2 for 10 minutes. The FP receptor is activated by adding 20 μl of 3 nM (final concentration) PGF2α in calcium-free Tyrode/2 mM CaCl2/0.04% Brilliant black, and the calcium flux is determined by measuring the fluorescence at ex. 470 nm/em. 525 nm in a fluorescence measuring instrument (FLIPR Tetra, Molecular Devices) for 120 seconds.",CHEMBL5725856,P43088,Prostaglandin F2-alpha receptor,IC50,Cc1c(-c2ccccc2F)nc2ccc(Br)cc2c1C(=O)NC12CCC(C(=O)O)(CC1)CC2,6.619788758288394
CHEMBL5746384,CHEMBL1987,Prostaglandin F2-alpha receptor,IC50,=,181.0,nM,CHEMBL5731608,B,"In Vitro Test of Inhibition of Human FP Receptor Activity : For the characterization of test substances in respect of FP antagonism, PGF2α-induced calcium flux in FP-expressing CHEM1 cells (Millipore, HTS093C) was used.3000 cells in 25 μl of full medium [DMEM F12, 10% FCS, 1.35 mM sodium pyruvate, 20 mM HEPES, 4 mM GlutaMAX, 2% sodium bicarbonate, 1% Pen/Strep, 1% 100× non-essential amino acids] are sown per well of a 384 multititer plate (from Greiner, TC plate, black with clear base) and incubated at 37° C./5% CO2 for 24 hours. Prior to the measurement, the medium is replaced by 30 μl of Fluo-8 AM loading buffer [calcium-free Tyrode (130 mM NaCl, 5 mM KCl, 20 mM HEPES, 1 mM MgCl2, 4.8 mM NaHCO3, pH 7.4), 2 mM CaCl2, 1× SmartBlock (from CANDOR Bioscience GmbH), 4.5 mM Probenecid, 5 μM Fluo-8 AM, 0.016% Pluronic, 0.04% Brilliant black] and incubated at 37° C./5% CO2 for 30 minutes. The test substance is prepared in DMSO in various concentrations as a dose-response curve (starting concentration 10 mM, dilution factor 3.16) and prediluted 1:50 with calcium-free Tyrode/2 mM CaCl2. 10 μl of the prediluted substance solution are added to the Fluo-8-laden cells and incubated at 37° C./5% CO2 for 10 minutes. The FP receptor is activated by adding 20 μl of 3 nM (final concentration) PGF2α in calcium-free Tyrode/2 mM CaCl2/0.04% Brilliant black, and the calcium flux is determined by measuring the fluorescence at ex. 470 nm/em. 525 nm in a fluorescence measuring instrument (FLIPR Tetra, Molecular Devices) for 120 seconds.",CHEMBL5725856,P43088,Prostaglandin F2-alpha receptor,IC50,Cc1c(-c2cccc(F)c2)nc2ccc(Br)cc2c1C(=O)NC12CCC(C(=O)O)(CC1)CC2,6.7423214251308154
CHEMBL5803300,CHEMBL1987,Prostaglandin F2-alpha receptor,IC50,=,180.0,nM,CHEMBL5731608,B,"In Vitro Test of Inhibition of Human FP Receptor Activity : For the characterization of test substances in respect of FP antagonism, PGF2α-induced calcium flux in FP-expressing CHEM1 cells (Millipore, HTS093C) was used.3000 cells in 25 μl of full medium [DMEM F12, 10% FCS, 1.35 mM sodium pyruvate, 20 mM HEPES, 4 mM GlutaMAX, 2% sodium bicarbonate, 1% Pen/Strep, 1% 100× non-essential amino acids] are sown per well of a 384 multititer plate (from Greiner, TC plate, black with clear base) and incubated at 37° C./5% CO2 for 24 hours. Prior to the measurement, the medium is replaced by 30 μl of Fluo-8 AM loading buffer [calcium-free Tyrode (130 mM NaCl, 5 mM KCl, 20 mM HEPES, 1 mM MgCl2, 4.8 mM NaHCO3, pH 7.4), 2 mM CaCl2, 1× SmartBlock (from CANDOR Bioscience GmbH), 4.5 mM Probenecid, 5 μM Fluo-8 AM, 0.016% Pluronic, 0.04% Brilliant black] and incubated at 37° C./5% CO2 for 30 minutes. The test substance is prepared in DMSO in various concentrations as a dose-response curve (starting concentration 10 mM, dilution factor 3.16) and prediluted 1:50 with calcium-free Tyrode/2 mM CaCl2. 10 μl of the prediluted substance solution are added to the Fluo-8-laden cells and incubated at 37° C./5% CO2 for 10 minutes. The FP receptor is activated by adding 20 μl of 3 nM (final concentration) PGF2α in calcium-free Tyrode/2 mM CaCl2/0.04% Brilliant black, and the calcium flux is determined by measuring the fluorescence at ex. 470 nm/em. 525 nm in a fluorescence measuring instrument (FLIPR Tetra, Molecular Devices) for 120 seconds.",CHEMBL5725856,P43088,Prostaglandin F2-alpha receptor,IC50,Cc1c(-c2ccc(F)cc2)nc2ccc(Br)cc2c1C(=O)NC12CCC(C(=O)O)(CC1)CC2,6.7447274948966935
CHEMBL5923066,CHEMBL1987,Prostaglandin F2-alpha receptor,IC50,=,386.0,nM,CHEMBL5731608,B,"In Vitro Test of Inhibition of Human FP Receptor Activity : For the characterization of test substances in respect of FP antagonism, PGF2α-induced calcium flux in FP-expressing CHEM1 cells (Millipore, HTS093C) was used.3000 cells in 25 μl of full medium [DMEM F12, 10% FCS, 1.35 mM sodium pyruvate, 20 mM HEPES, 4 mM GlutaMAX, 2% sodium bicarbonate, 1% Pen/Strep, 1% 100× non-essential amino acids] are sown per well of a 384 multititer plate (from Greiner, TC plate, black with clear base) and incubated at 37° C./5% CO2 for 24 hours. Prior to the measurement, the medium is replaced by 30 μl of Fluo-8 AM loading buffer [calcium-free Tyrode (130 mM NaCl, 5 mM KCl, 20 mM HEPES, 1 mM MgCl2, 4.8 mM NaHCO3, pH 7.4), 2 mM CaCl2, 1× SmartBlock (from CANDOR Bioscience GmbH), 4.5 mM Probenecid, 5 μM Fluo-8 AM, 0.016% Pluronic, 0.04% Brilliant black] and incubated at 37° C./5% CO2 for 30 minutes. The test substance is prepared in DMSO in various concentrations as a dose-response curve (starting concentration 10 mM, dilution factor 3.16) and prediluted 1:50 with calcium-free Tyrode/2 mM CaCl2. 10 μl of the prediluted substance solution are added to the Fluo-8-laden cells and incubated at 37° C./5% CO2 for 10 minutes. The FP receptor is activated by adding 20 μl of 3 nM (final concentration) PGF2α in calcium-free Tyrode/2 mM CaCl2/0.04% Brilliant black, and the calcium flux is determined by measuring the fluorescence at ex. 470 nm/em. 525 nm in a fluorescence measuring instrument (FLIPR Tetra, Molecular Devices) for 120 seconds.",CHEMBL5725856,P43088,Prostaglandin F2-alpha receptor,IC50,Cc1c(-c2cc(F)cc(F)c2)nc2ccc(Br)cc2c1C(=O)NC12CCC(C(=O)O)(CC1)CC2,6.413412695328245
CHEMBL5859303,CHEMBL1987,Prostaglandin F2-alpha receptor,IC50,=,128.0,nM,CHEMBL5731608,B,"In Vitro Test of Inhibition of Human FP Receptor Activity : For the characterization of test substances in respect of FP antagonism, PGF2α-induced calcium flux in FP-expressing CHEM1 cells (Millipore, HTS093C) was used.3000 cells in 25 μl of full medium [DMEM F12, 10% FCS, 1.35 mM sodium pyruvate, 20 mM HEPES, 4 mM GlutaMAX, 2% sodium bicarbonate, 1% Pen/Strep, 1% 100× non-essential amino acids] are sown per well of a 384 multititer plate (from Greiner, TC plate, black with clear base) and incubated at 37° C./5% CO2 for 24 hours. Prior to the measurement, the medium is replaced by 30 μl of Fluo-8 AM loading buffer [calcium-free Tyrode (130 mM NaCl, 5 mM KCl, 20 mM HEPES, 1 mM MgCl2, 4.8 mM NaHCO3, pH 7.4), 2 mM CaCl2, 1× SmartBlock (from CANDOR Bioscience GmbH), 4.5 mM Probenecid, 5 μM Fluo-8 AM, 0.016% Pluronic, 0.04% Brilliant black] and incubated at 37° C./5% CO2 for 30 minutes. The test substance is prepared in DMSO in various concentrations as a dose-response curve (starting concentration 10 mM, dilution factor 3.16) and prediluted 1:50 with calcium-free Tyrode/2 mM CaCl2. 10 μl of the prediluted substance solution are added to the Fluo-8-laden cells and incubated at 37° C./5% CO2 for 10 minutes. The FP receptor is activated by adding 20 μl of 3 nM (final concentration) PGF2α in calcium-free Tyrode/2 mM CaCl2/0.04% Brilliant black, and the calcium flux is determined by measuring the fluorescence at ex. 470 nm/em. 525 nm in a fluorescence measuring instrument (FLIPR Tetra, Molecular Devices) for 120 seconds.",CHEMBL5725856,P43088,Prostaglandin F2-alpha receptor,IC50,Cc1c(-c2ccccc2Cl)nc2ccc(Br)cc2c1C(=O)NC12CCC(C(=O)O)(CC1)CC2,6.892790030352131
CHEMBL5979144,CHEMBL1987,Prostaglandin F2-alpha receptor,IC50,=,129.0,nM,CHEMBL5731608,B,"In Vitro Test of Inhibition of Human FP Receptor Activity : For the characterization of test substances in respect of FP antagonism, PGF2α-induced calcium flux in FP-expressing CHEM1 cells (Millipore, HTS093C) was used.3000 cells in 25 μl of full medium [DMEM F12, 10% FCS, 1.35 mM sodium pyruvate, 20 mM HEPES, 4 mM GlutaMAX, 2% sodium bicarbonate, 1% Pen/Strep, 1% 100× non-essential amino acids] are sown per well of a 384 multititer plate (from Greiner, TC plate, black with clear base) and incubated at 37° C./5% CO2 for 24 hours. Prior to the measurement, the medium is replaced by 30 μl of Fluo-8 AM loading buffer [calcium-free Tyrode (130 mM NaCl, 5 mM KCl, 20 mM HEPES, 1 mM MgCl2, 4.8 mM NaHCO3, pH 7.4), 2 mM CaCl2, 1× SmartBlock (from CANDOR Bioscience GmbH), 4.5 mM Probenecid, 5 μM Fluo-8 AM, 0.016% Pluronic, 0.04% Brilliant black] and incubated at 37° C./5% CO2 for 30 minutes. The test substance is prepared in DMSO in various concentrations as a dose-response curve (starting concentration 10 mM, dilution factor 3.16) and prediluted 1:50 with calcium-free Tyrode/2 mM CaCl2. 10 μl of the prediluted substance solution are added to the Fluo-8-laden cells and incubated at 37° C./5% CO2 for 10 minutes. The FP receptor is activated by adding 20 μl of 3 nM (final concentration) PGF2α in calcium-free Tyrode/2 mM CaCl2/0.04% Brilliant black, and the calcium flux is determined by measuring the fluorescence at ex. 470 nm/em. 525 nm in a fluorescence measuring instrument (FLIPR Tetra, Molecular Devices) for 120 seconds.",CHEMBL5725856,P43088,Prostaglandin F2-alpha receptor,IC50,Cc1c(-c2cccc(Cl)c2)nc2ccc(Br)cc2c1C(=O)NC12CCC(C(=O)O)(CC1)CC2,6.889410289700751
CHEMBL5749184,CHEMBL1987,Prostaglandin F2-alpha receptor,IC50,=,139.0,nM,CHEMBL5731608,B,"In Vitro Test of Inhibition of Human FP Receptor Activity : For the characterization of test substances in respect of FP antagonism, PGF2α-induced calcium flux in FP-expressing CHEM1 cells (Millipore, HTS093C) was used.3000 cells in 25 μl of full medium [DMEM F12, 10% FCS, 1.35 mM sodium pyruvate, 20 mM HEPES, 4 mM GlutaMAX, 2% sodium bicarbonate, 1% Pen/Strep, 1% 100× non-essential amino acids] are sown per well of a 384 multititer plate (from Greiner, TC plate, black with clear base) and incubated at 37° C./5% CO2 for 24 hours. Prior to the measurement, the medium is replaced by 30 μl of Fluo-8 AM loading buffer [calcium-free Tyrode (130 mM NaCl, 5 mM KCl, 20 mM HEPES, 1 mM MgCl2, 4.8 mM NaHCO3, pH 7.4), 2 mM CaCl2, 1× SmartBlock (from CANDOR Bioscience GmbH), 4.5 mM Probenecid, 5 μM Fluo-8 AM, 0.016% Pluronic, 0.04% Brilliant black] and incubated at 37° C./5% CO2 for 30 minutes. The test substance is prepared in DMSO in various concentrations as a dose-response curve (starting concentration 10 mM, dilution factor 3.16) and prediluted 1:50 with calcium-free Tyrode/2 mM CaCl2. 10 μl of the prediluted substance solution are added to the Fluo-8-laden cells and incubated at 37° C./5% CO2 for 10 minutes. The FP receptor is activated by adding 20 μl of 3 nM (final concentration) PGF2α in calcium-free Tyrode/2 mM CaCl2/0.04% Brilliant black, and the calcium flux is determined by measuring the fluorescence at ex. 470 nm/em. 525 nm in a fluorescence measuring instrument (FLIPR Tetra, Molecular Devices) for 120 seconds.",CHEMBL5725856,P43088,Prostaglandin F2-alpha receptor,IC50,O=C(NC12CCC(C(=O)O)(CC1)CC2)c1c(F)c(-c2ccccc2)nc2ccc(Br)cc12,6.856985199745905
CHEMBL5888130,CHEMBL1987,Prostaglandin F2-alpha receptor,IC50,=,153.0,nM,CHEMBL5731608,B,"In Vitro Test of Inhibition of Human FP Receptor Activity : For the characterization of test substances in respect of FP antagonism, PGF2α-induced calcium flux in FP-expressing CHEM1 cells (Millipore, HTS093C) was used.3000 cells in 25 μl of full medium [DMEM F12, 10% FCS, 1.35 mM sodium pyruvate, 20 mM HEPES, 4 mM GlutaMAX, 2% sodium bicarbonate, 1% Pen/Strep, 1% 100× non-essential amino acids] are sown per well of a 384 multititer plate (from Greiner, TC plate, black with clear base) and incubated at 37° C./5% CO2 for 24 hours. Prior to the measurement, the medium is replaced by 30 μl of Fluo-8 AM loading buffer [calcium-free Tyrode (130 mM NaCl, 5 mM KCl, 20 mM HEPES, 1 mM MgCl2, 4.8 mM NaHCO3, pH 7.4), 2 mM CaCl2, 1× SmartBlock (from CANDOR Bioscience GmbH), 4.5 mM Probenecid, 5 μM Fluo-8 AM, 0.016% Pluronic, 0.04% Brilliant black] and incubated at 37° C./5% CO2 for 30 minutes. The test substance is prepared in DMSO in various concentrations as a dose-response curve (starting concentration 10 mM, dilution factor 3.16) and prediluted 1:50 with calcium-free Tyrode/2 mM CaCl2. 10 μl of the prediluted substance solution are added to the Fluo-8-laden cells and incubated at 37° C./5% CO2 for 10 minutes. The FP receptor is activated by adding 20 μl of 3 nM (final concentration) PGF2α in calcium-free Tyrode/2 mM CaCl2/0.04% Brilliant black, and the calcium flux is determined by measuring the fluorescence at ex. 470 nm/em. 525 nm in a fluorescence measuring instrument (FLIPR Tetra, Molecular Devices) for 120 seconds.",CHEMBL5725856,P43088,Prostaglandin F2-alpha receptor,IC50,COc1c(-c2ccccc2)nc2ccc(Br)cc2c1C(=O)NC12CCC(C(=O)O)(CC1)CC2,6.815308569182401
CHEMBL5874633,CHEMBL1987,Prostaglandin F2-alpha receptor,IC50,=,33.0,nM,CHEMBL5731608,B,"In Vitro Test of Inhibition of Human FP Receptor Activity : For the characterization of test substances in respect of FP antagonism, PGF2α-induced calcium flux in FP-expressing CHEM1 cells (Millipore, HTS093C) was used.3000 cells in 25 μl of full medium [DMEM F12, 10% FCS, 1.35 mM sodium pyruvate, 20 mM HEPES, 4 mM GlutaMAX, 2% sodium bicarbonate, 1% Pen/Strep, 1% 100× non-essential amino acids] are sown per well of a 384 multititer plate (from Greiner, TC plate, black with clear base) and incubated at 37° C./5% CO2 for 24 hours. Prior to the measurement, the medium is replaced by 30 μl of Fluo-8 AM loading buffer [calcium-free Tyrode (130 mM NaCl, 5 mM KCl, 20 mM HEPES, 1 mM MgCl2, 4.8 mM NaHCO3, pH 7.4), 2 mM CaCl2, 1× SmartBlock (from CANDOR Bioscience GmbH), 4.5 mM Probenecid, 5 μM Fluo-8 AM, 0.016% Pluronic, 0.04% Brilliant black] and incubated at 37° C./5% CO2 for 30 minutes. The test substance is prepared in DMSO in various concentrations as a dose-response curve (starting concentration 10 mM, dilution factor 3.16) and prediluted 1:50 with calcium-free Tyrode/2 mM CaCl2. 10 μl of the prediluted substance solution are added to the Fluo-8-laden cells and incubated at 37° C./5% CO2 for 10 minutes. The FP receptor is activated by adding 20 μl of 3 nM (final concentration) PGF2α in calcium-free Tyrode/2 mM CaCl2/0.04% Brilliant black, and the calcium flux is determined by measuring the fluorescence at ex. 470 nm/em. 525 nm in a fluorescence measuring instrument (FLIPR Tetra, Molecular Devices) for 120 seconds.",CHEMBL5725856,P43088,Prostaglandin F2-alpha receptor,IC50,Cc1c(-c2ccccc2)nc2ccc(I)cc2c1C(=O)NC12CCC(C(=O)O)(CC1)CC2,7.481486060122112
CHEMBL5965585,CHEMBL1987,Prostaglandin F2-alpha receptor,IC50,=,326.0,nM,CHEMBL5731608,B,"In Vitro Test of Inhibition of Human FP Receptor Activity : For the characterization of test substances in respect of FP antagonism, PGF2α-induced calcium flux in FP-expressing CHEM1 cells (Millipore, HTS093C) was used.3000 cells in 25 μl of full medium [DMEM F12, 10% FCS, 1.35 mM sodium pyruvate, 20 mM HEPES, 4 mM GlutaMAX, 2% sodium bicarbonate, 1% Pen/Strep, 1% 100× non-essential amino acids] are sown per well of a 384 multititer plate (from Greiner, TC plate, black with clear base) and incubated at 37° C./5% CO2 for 24 hours. Prior to the measurement, the medium is replaced by 30 μl of Fluo-8 AM loading buffer [calcium-free Tyrode (130 mM NaCl, 5 mM KCl, 20 mM HEPES, 1 mM MgCl2, 4.8 mM NaHCO3, pH 7.4), 2 mM CaCl2, 1× SmartBlock (from CANDOR Bioscience GmbH), 4.5 mM Probenecid, 5 μM Fluo-8 AM, 0.016% Pluronic, 0.04% Brilliant black] and incubated at 37° C./5% CO2 for 30 minutes. The test substance is prepared in DMSO in various concentrations as a dose-response curve (starting concentration 10 mM, dilution factor 3.16) and prediluted 1:50 with calcium-free Tyrode/2 mM CaCl2. 10 μl of the prediluted substance solution are added to the Fluo-8-laden cells and incubated at 37° C./5% CO2 for 10 minutes. The FP receptor is activated by adding 20 μl of 3 nM (final concentration) PGF2α in calcium-free Tyrode/2 mM CaCl2/0.04% Brilliant black, and the calcium flux is determined by measuring the fluorescence at ex. 470 nm/em. 525 nm in a fluorescence measuring instrument (FLIPR Tetra, Molecular Devices) for 120 seconds.",CHEMBL5725856,P43088,Prostaglandin F2-alpha receptor,IC50,Cc1c(-c2ccccc2)nc2ccc(C3CC3)cc2c1C(=O)NC12CCC(C(=O)O)(CC1)CC2,6.486782399932061
CHEMBL5821245,CHEMBL1987,Prostaglandin F2-alpha receptor,IC50,=,589.0,nM,CHEMBL5731608,B,"In Vitro Test of Inhibition of Human FP Receptor Activity : For the characterization of test substances in respect of FP antagonism, PGF2α-induced calcium flux in FP-expressing CHEM1 cells (Millipore, HTS093C) was used.3000 cells in 25 μl of full medium [DMEM F12, 10% FCS, 1.35 mM sodium pyruvate, 20 mM HEPES, 4 mM GlutaMAX, 2% sodium bicarbonate, 1% Pen/Strep, 1% 100× non-essential amino acids] are sown per well of a 384 multititer plate (from Greiner, TC plate, black with clear base) and incubated at 37° C./5% CO2 for 24 hours. Prior to the measurement, the medium is replaced by 30 μl of Fluo-8 AM loading buffer [calcium-free Tyrode (130 mM NaCl, 5 mM KCl, 20 mM HEPES, 1 mM MgCl2, 4.8 mM NaHCO3, pH 7.4), 2 mM CaCl2, 1× SmartBlock (from CANDOR Bioscience GmbH), 4.5 mM Probenecid, 5 μM Fluo-8 AM, 0.016% Pluronic, 0.04% Brilliant black] and incubated at 37° C./5% CO2 for 30 minutes. The test substance is prepared in DMSO in various concentrations as a dose-response curve (starting concentration 10 mM, dilution factor 3.16) and prediluted 1:50 with calcium-free Tyrode/2 mM CaCl2. 10 μl of the prediluted substance solution are added to the Fluo-8-laden cells and incubated at 37° C./5% CO2 for 10 minutes. The FP receptor is activated by adding 20 μl of 3 nM (final concentration) PGF2α in calcium-free Tyrode/2 mM CaCl2/0.04% Brilliant black, and the calcium flux is determined by measuring the fluorescence at ex. 470 nm/em. 525 nm in a fluorescence measuring instrument (FLIPR Tetra, Molecular Devices) for 120 seconds.",CHEMBL5725856,P43088,Prostaglandin F2-alpha receptor,IC50,Cc1c(-c2ccccc2)nc2ccc(C3CCC3)cc2c1C(=O)NC12CCC(C(=O)O)(CC1)CC2,6.229884705212898
CHEMBL5762331,CHEMBL1987,Prostaglandin F2-alpha receptor,IC50,=,214.0,nM,CHEMBL5731608,B,"In Vitro Test of Inhibition of Human FP Receptor Activity : For the characterization of test substances in respect of FP antagonism, PGF2α-induced calcium flux in FP-expressing CHEM1 cells (Millipore, HTS093C) was used.3000 cells in 25 μl of full medium [DMEM F12, 10% FCS, 1.35 mM sodium pyruvate, 20 mM HEPES, 4 mM GlutaMAX, 2% sodium bicarbonate, 1% Pen/Strep, 1% 100× non-essential amino acids] are sown per well of a 384 multititer plate (from Greiner, TC plate, black with clear base) and incubated at 37° C./5% CO2 for 24 hours. Prior to the measurement, the medium is replaced by 30 μl of Fluo-8 AM loading buffer [calcium-free Tyrode (130 mM NaCl, 5 mM KCl, 20 mM HEPES, 1 mM MgCl2, 4.8 mM NaHCO3, pH 7.4), 2 mM CaCl2, 1× SmartBlock (from CANDOR Bioscience GmbH), 4.5 mM Probenecid, 5 μM Fluo-8 AM, 0.016% Pluronic, 0.04% Brilliant black] and incubated at 37° C./5% CO2 for 30 minutes. The test substance is prepared in DMSO in various concentrations as a dose-response curve (starting concentration 10 mM, dilution factor 3.16) and prediluted 1:50 with calcium-free Tyrode/2 mM CaCl2. 10 μl of the prediluted substance solution are added to the Fluo-8-laden cells and incubated at 37° C./5% CO2 for 10 minutes. The FP receptor is activated by adding 20 μl of 3 nM (final concentration) PGF2α in calcium-free Tyrode/2 mM CaCl2/0.04% Brilliant black, and the calcium flux is determined by measuring the fluorescence at ex. 470 nm/em. 525 nm in a fluorescence measuring instrument (FLIPR Tetra, Molecular Devices) for 120 seconds.",CHEMBL5725856,P43088,Prostaglandin F2-alpha receptor,IC50,Cc1c(-c2ccccc2)nc2ccc([Si](C)(C)C)cc2c1C(=O)NC12CCC(C(=O)O)(CC1)CC2,6.669586226650809
CHEMBL6046939,CHEMBL1987,Prostaglandin F2-alpha receptor,IC50,=,543.0,nM,CHEMBL5731608,B,"In Vitro Test of Inhibition of Human FP Receptor Activity : For the characterization of test substances in respect of FP antagonism, PGF2α-induced calcium flux in FP-expressing CHEM1 cells (Millipore, HTS093C) was used.3000 cells in 25 μl of full medium [DMEM F12, 10% FCS, 1.35 mM sodium pyruvate, 20 mM HEPES, 4 mM GlutaMAX, 2% sodium bicarbonate, 1% Pen/Strep, 1% 100× non-essential amino acids] are sown per well of a 384 multititer plate (from Greiner, TC plate, black with clear base) and incubated at 37° C./5% CO2 for 24 hours. Prior to the measurement, the medium is replaced by 30 μl of Fluo-8 AM loading buffer [calcium-free Tyrode (130 mM NaCl, 5 mM KCl, 20 mM HEPES, 1 mM MgCl2, 4.8 mM NaHCO3, pH 7.4), 2 mM CaCl2, 1× SmartBlock (from CANDOR Bioscience GmbH), 4.5 mM Probenecid, 5 μM Fluo-8 AM, 0.016% Pluronic, 0.04% Brilliant black] and incubated at 37° C./5% CO2 for 30 minutes. The test substance is prepared in DMSO in various concentrations as a dose-response curve (starting concentration 10 mM, dilution factor 3.16) and prediluted 1:50 with calcium-free Tyrode/2 mM CaCl2. 10 μl of the prediluted substance solution are added to the Fluo-8-laden cells and incubated at 37° C./5% CO2 for 10 minutes. The FP receptor is activated by adding 20 μl of 3 nM (final concentration) PGF2α in calcium-free Tyrode/2 mM CaCl2/0.04% Brilliant black, and the calcium flux is determined by measuring the fluorescence at ex. 470 nm/em. 525 nm in a fluorescence measuring instrument (FLIPR Tetra, Molecular Devices) for 120 seconds.",CHEMBL5725856,P43088,Prostaglandin F2-alpha receptor,IC50,Cc1c(-c2ccccc2)nc2ccc(C(F)F)cc2c1C(=O)NC12CCC(C(=O)O)(CC1)CC2,6.265200170411153
CHEMBL5998522,CHEMBL1987,Prostaglandin F2-alpha receptor,IC50,=,917.0,nM,CHEMBL5731608,B,"In Vitro Test of Inhibition of Human FP Receptor Activity : For the characterization of test substances in respect of FP antagonism, PGF2α-induced calcium flux in FP-expressing CHEM1 cells (Millipore, HTS093C) was used.3000 cells in 25 μl of full medium [DMEM F12, 10% FCS, 1.35 mM sodium pyruvate, 20 mM HEPES, 4 mM GlutaMAX, 2% sodium bicarbonate, 1% Pen/Strep, 1% 100× non-essential amino acids] are sown per well of a 384 multititer plate (from Greiner, TC plate, black with clear base) and incubated at 37° C./5% CO2 for 24 hours. Prior to the measurement, the medium is replaced by 30 μl of Fluo-8 AM loading buffer [calcium-free Tyrode (130 mM NaCl, 5 mM KCl, 20 mM HEPES, 1 mM MgCl2, 4.8 mM NaHCO3, pH 7.4), 2 mM CaCl2, 1× SmartBlock (from CANDOR Bioscience GmbH), 4.5 mM Probenecid, 5 μM Fluo-8 AM, 0.016% Pluronic, 0.04% Brilliant black] and incubated at 37° C./5% CO2 for 30 minutes. The test substance is prepared in DMSO in various concentrations as a dose-response curve (starting concentration 10 mM, dilution factor 3.16) and prediluted 1:50 with calcium-free Tyrode/2 mM CaCl2. 10 μl of the prediluted substance solution are added to the Fluo-8-laden cells and incubated at 37° C./5% CO2 for 10 minutes. The FP receptor is activated by adding 20 μl of 3 nM (final concentration) PGF2α in calcium-free Tyrode/2 mM CaCl2/0.04% Brilliant black, and the calcium flux is determined by measuring the fluorescence at ex. 470 nm/em. 525 nm in a fluorescence measuring instrument (FLIPR Tetra, Molecular Devices) for 120 seconds.",CHEMBL5725856,P43088,Prostaglandin F2-alpha receptor,IC50,Cc1c(-c2ccccc2)nc2ccc(OC(F)(F)F)cc2c1C(=O)NC12CCC(C(=O)O)(CC1)CC2,6.0376306643299795
CHEMBL6036316,CHEMBL1987,Prostaglandin F2-alpha receptor,IC50,=,521.0,nM,CHEMBL5731608,B,"In Vitro Test of Inhibition of Human FP Receptor Activity : For the characterization of test substances in respect of FP antagonism, PGF2α-induced calcium flux in FP-expressing CHEM1 cells (Millipore, HTS093C) was used.3000 cells in 25 μl of full medium [DMEM F12, 10% FCS, 1.35 mM sodium pyruvate, 20 mM HEPES, 4 mM GlutaMAX, 2% sodium bicarbonate, 1% Pen/Strep, 1% 100× non-essential amino acids] are sown per well of a 384 multititer plate (from Greiner, TC plate, black with clear base) and incubated at 37° C./5% CO2 for 24 hours. Prior to the measurement, the medium is replaced by 30 μl of Fluo-8 AM loading buffer [calcium-free Tyrode (130 mM NaCl, 5 mM KCl, 20 mM HEPES, 1 mM MgCl2, 4.8 mM NaHCO3, pH 7.4), 2 mM CaCl2, 1× SmartBlock (from CANDOR Bioscience GmbH), 4.5 mM Probenecid, 5 μM Fluo-8 AM, 0.016% Pluronic, 0.04% Brilliant black] and incubated at 37° C./5% CO2 for 30 minutes. The test substance is prepared in DMSO in various concentrations as a dose-response curve (starting concentration 10 mM, dilution factor 3.16) and prediluted 1:50 with calcium-free Tyrode/2 mM CaCl2. 10 μl of the prediluted substance solution are added to the Fluo-8-laden cells and incubated at 37° C./5% CO2 for 10 minutes. The FP receptor is activated by adding 20 μl of 3 nM (final concentration) PGF2α in calcium-free Tyrode/2 mM CaCl2/0.04% Brilliant black, and the calcium flux is determined by measuring the fluorescence at ex. 470 nm/em. 525 nm in a fluorescence measuring instrument (FLIPR Tetra, Molecular Devices) for 120 seconds.",CHEMBL5725856,P43088,Prostaglandin F2-alpha receptor,IC50,Cc1c(-c2ccccc2)nc2ccc(SC(F)(F)F)cc2c1C(=O)NC12CCC(C(=O)O)(CC1)CC2,6.283162276700475
CHEMBL5925630,CHEMBL1987,Prostaglandin F2-alpha receptor,IC50,=,214.0,nM,CHEMBL5731608,B,"In Vitro Test of Inhibition of Human FP Receptor Activity : For the characterization of test substances in respect of FP antagonism, PGF2α-induced calcium flux in FP-expressing CHEM1 cells (Millipore, HTS093C) was used.3000 cells in 25 μl of full medium [DMEM F12, 10% FCS, 1.35 mM sodium pyruvate, 20 mM HEPES, 4 mM GlutaMAX, 2% sodium bicarbonate, 1% Pen/Strep, 1% 100× non-essential amino acids] are sown per well of a 384 multititer plate (from Greiner, TC plate, black with clear base) and incubated at 37° C./5% CO2 for 24 hours. Prior to the measurement, the medium is replaced by 30 μl of Fluo-8 AM loading buffer [calcium-free Tyrode (130 mM NaCl, 5 mM KCl, 20 mM HEPES, 1 mM MgCl2, 4.8 mM NaHCO3, pH 7.4), 2 mM CaCl2, 1× SmartBlock (from CANDOR Bioscience GmbH), 4.5 mM Probenecid, 5 μM Fluo-8 AM, 0.016% Pluronic, 0.04% Brilliant black] and incubated at 37° C./5% CO2 for 30 minutes. The test substance is prepared in DMSO in various concentrations as a dose-response curve (starting concentration 10 mM, dilution factor 3.16) and prediluted 1:50 with calcium-free Tyrode/2 mM CaCl2. 10 μl of the prediluted substance solution are added to the Fluo-8-laden cells and incubated at 37° C./5% CO2 for 10 minutes. The FP receptor is activated by adding 20 μl of 3 nM (final concentration) PGF2α in calcium-free Tyrode/2 mM CaCl2/0.04% Brilliant black, and the calcium flux is determined by measuring the fluorescence at ex. 470 nm/em. 525 nm in a fluorescence measuring instrument (FLIPR Tetra, Molecular Devices) for 120 seconds.",CHEMBL5725856,P43088,Prostaglandin F2-alpha receptor,IC50,Cc1c(-c2ccccc2)nc2c(C)cc(Br)cc2c1C(=O)NC12CCC(C(=O)O)(CC1)CC2,6.669586226650809
CHEMBL5905534,CHEMBL1987,Prostaglandin F2-alpha receptor,IC50,=,677.0,nM,CHEMBL5731608,B,"In Vitro Test of Inhibition of Human FP Receptor Activity : For the characterization of test substances in respect of FP antagonism, PGF2α-induced calcium flux in FP-expressing CHEM1 cells (Millipore, HTS093C) was used.3000 cells in 25 μl of full medium [DMEM F12, 10% FCS, 1.35 mM sodium pyruvate, 20 mM HEPES, 4 mM GlutaMAX, 2% sodium bicarbonate, 1% Pen/Strep, 1% 100× non-essential amino acids] are sown per well of a 384 multititer plate (from Greiner, TC plate, black with clear base) and incubated at 37° C./5% CO2 for 24 hours. Prior to the measurement, the medium is replaced by 30 μl of Fluo-8 AM loading buffer [calcium-free Tyrode (130 mM NaCl, 5 mM KCl, 20 mM HEPES, 1 mM MgCl2, 4.8 mM NaHCO3, pH 7.4), 2 mM CaCl2, 1× SmartBlock (from CANDOR Bioscience GmbH), 4.5 mM Probenecid, 5 μM Fluo-8 AM, 0.016% Pluronic, 0.04% Brilliant black] and incubated at 37° C./5% CO2 for 30 minutes. The test substance is prepared in DMSO in various concentrations as a dose-response curve (starting concentration 10 mM, dilution factor 3.16) and prediluted 1:50 with calcium-free Tyrode/2 mM CaCl2. 10 μl of the prediluted substance solution are added to the Fluo-8-laden cells and incubated at 37° C./5% CO2 for 10 minutes. The FP receptor is activated by adding 20 μl of 3 nM (final concentration) PGF2α in calcium-free Tyrode/2 mM CaCl2/0.04% Brilliant black, and the calcium flux is determined by measuring the fluorescence at ex. 470 nm/em. 525 nm in a fluorescence measuring instrument (FLIPR Tetra, Molecular Devices) for 120 seconds.",CHEMBL5725856,P43088,Prostaglandin F2-alpha receptor,IC50,Cc1c(-c2ccccc2)nc2c(Cl)cc(Cl)cc2c1C(=O)NC12CCC(C(=O)O)(CC1)CC2,6.169411331314856
CHEMBL5742064,CHEMBL1987,Prostaglandin F2-alpha receptor,IC50,=,306.0,nM,CHEMBL5731608,B,"In Vitro Test of Inhibition of Human FP Receptor Activity : For the characterization of test substances in respect of FP antagonism, PGF2α-induced calcium flux in FP-expressing CHEM1 cells (Millipore, HTS093C) was used.3000 cells in 25 μl of full medium [DMEM F12, 10% FCS, 1.35 mM sodium pyruvate, 20 mM HEPES, 4 mM GlutaMAX, 2% sodium bicarbonate, 1% Pen/Strep, 1% 100× non-essential amino acids] are sown per well of a 384 multititer plate (from Greiner, TC plate, black with clear base) and incubated at 37° C./5% CO2 for 24 hours. Prior to the measurement, the medium is replaced by 30 μl of Fluo-8 AM loading buffer [calcium-free Tyrode (130 mM NaCl, 5 mM KCl, 20 mM HEPES, 1 mM MgCl2, 4.8 mM NaHCO3, pH 7.4), 2 mM CaCl2, 1× SmartBlock (from CANDOR Bioscience GmbH), 4.5 mM Probenecid, 5 μM Fluo-8 AM, 0.016% Pluronic, 0.04% Brilliant black] and incubated at 37° C./5% CO2 for 30 minutes. The test substance is prepared in DMSO in various concentrations as a dose-response curve (starting concentration 10 mM, dilution factor 3.16) and prediluted 1:50 with calcium-free Tyrode/2 mM CaCl2. 10 μl of the prediluted substance solution are added to the Fluo-8-laden cells and incubated at 37° C./5% CO2 for 10 minutes. The FP receptor is activated by adding 20 μl of 3 nM (final concentration) PGF2α in calcium-free Tyrode/2 mM CaCl2/0.04% Brilliant black, and the calcium flux is determined by measuring the fluorescence at ex. 470 nm/em. 525 nm in a fluorescence measuring instrument (FLIPR Tetra, Molecular Devices) for 120 seconds.",CHEMBL5725856,P43088,Prostaglandin F2-alpha receptor,IC50,Cc1cc2nc(-c3ccccc3)c(C)c(C(=O)NC34CCC(C(=O)O)(CC3)CC4)c2cc1C,6.514278573518419
CHEMBL5834547,CHEMBL1987,Prostaglandin F2-alpha receptor,IC50,=,129.0,nM,CHEMBL5731608,B,"In Vitro Test of Inhibition of Human FP Receptor Activity : For the characterization of test substances in respect of FP antagonism, PGF2α-induced calcium flux in FP-expressing CHEM1 cells (Millipore, HTS093C) was used.3000 cells in 25 μl of full medium [DMEM F12, 10% FCS, 1.35 mM sodium pyruvate, 20 mM HEPES, 4 mM GlutaMAX, 2% sodium bicarbonate, 1% Pen/Strep, 1% 100× non-essential amino acids] are sown per well of a 384 multititer plate (from Greiner, TC plate, black with clear base) and incubated at 37° C./5% CO2 for 24 hours. Prior to the measurement, the medium is replaced by 30 μl of Fluo-8 AM loading buffer [calcium-free Tyrode (130 mM NaCl, 5 mM KCl, 20 mM HEPES, 1 mM MgCl2, 4.8 mM NaHCO3, pH 7.4), 2 mM CaCl2, 1× SmartBlock (from CANDOR Bioscience GmbH), 4.5 mM Probenecid, 5 μM Fluo-8 AM, 0.016% Pluronic, 0.04% Brilliant black] and incubated at 37° C./5% CO2 for 30 minutes. The test substance is prepared in DMSO in various concentrations as a dose-response curve (starting concentration 10 mM, dilution factor 3.16) and prediluted 1:50 with calcium-free Tyrode/2 mM CaCl2. 10 μl of the prediluted substance solution are added to the Fluo-8-laden cells and incubated at 37° C./5% CO2 for 10 minutes. The FP receptor is activated by adding 20 μl of 3 nM (final concentration) PGF2α in calcium-free Tyrode/2 mM CaCl2/0.04% Brilliant black, and the calcium flux is determined by measuring the fluorescence at ex. 470 nm/em. 525 nm in a fluorescence measuring instrument (FLIPR Tetra, Molecular Devices) for 120 seconds.",CHEMBL5725856,P43088,Prostaglandin F2-alpha receptor,IC50,Cc1ccccc1-c1nc2ccc(Br)cc2c(C(=O)NC23CCC(C(=O)O)(CC2)CC3)c1C,6.889410289700751
CHEMBL5752143,CHEMBL1987,Prostaglandin F2-alpha receptor,IC50,=,494.0,nM,CHEMBL5731608,B,"In Vitro Test of Inhibition of Human FP Receptor Activity : For the characterization of test substances in respect of FP antagonism, PGF2α-induced calcium flux in FP-expressing CHEM1 cells (Millipore, HTS093C) was used.3000 cells in 25 μl of full medium [DMEM F12, 10% FCS, 1.35 mM sodium pyruvate, 20 mM HEPES, 4 mM GlutaMAX, 2% sodium bicarbonate, 1% Pen/Strep, 1% 100× non-essential amino acids] are sown per well of a 384 multititer plate (from Greiner, TC plate, black with clear base) and incubated at 37° C./5% CO2 for 24 hours. Prior to the measurement, the medium is replaced by 30 μl of Fluo-8 AM loading buffer [calcium-free Tyrode (130 mM NaCl, 5 mM KCl, 20 mM HEPES, 1 mM MgCl2, 4.8 mM NaHCO3, pH 7.4), 2 mM CaCl2, 1× SmartBlock (from CANDOR Bioscience GmbH), 4.5 mM Probenecid, 5 μM Fluo-8 AM, 0.016% Pluronic, 0.04% Brilliant black] and incubated at 37° C./5% CO2 for 30 minutes. The test substance is prepared in DMSO in various concentrations as a dose-response curve (starting concentration 10 mM, dilution factor 3.16) and prediluted 1:50 with calcium-free Tyrode/2 mM CaCl2. 10 μl of the prediluted substance solution are added to the Fluo-8-laden cells and incubated at 37° C./5% CO2 for 10 minutes. The FP receptor is activated by adding 20 μl of 3 nM (final concentration) PGF2α in calcium-free Tyrode/2 mM CaCl2/0.04% Brilliant black, and the calcium flux is determined by measuring the fluorescence at ex. 470 nm/em. 525 nm in a fluorescence measuring instrument (FLIPR Tetra, Molecular Devices) for 120 seconds.",CHEMBL5725856,P43088,Prostaglandin F2-alpha receptor,IC50,Cc1c(-c2c(F)cccc2F)nc2ccc(Br)cc2c1C(=O)NC12CCC(C(=O)O)(CC1)CC2,6.306273051076353
CHEMBL5822663,CHEMBL1987,Prostaglandin F2-alpha receptor,IC50,=,114.0,nM,CHEMBL5731608,B,"In Vitro Test of Inhibition of Human FP Receptor Activity : For the characterization of test substances in respect of FP antagonism, PGF2α-induced calcium flux in FP-expressing CHEM1 cells (Millipore, HTS093C) was used.3000 cells in 25 μl of full medium [DMEM F12, 10% FCS, 1.35 mM sodium pyruvate, 20 mM HEPES, 4 mM GlutaMAX, 2% sodium bicarbonate, 1% Pen/Strep, 1% 100× non-essential amino acids] are sown per well of a 384 multititer plate (from Greiner, TC plate, black with clear base) and incubated at 37° C./5% CO2 for 24 hours. Prior to the measurement, the medium is replaced by 30 μl of Fluo-8 AM loading buffer [calcium-free Tyrode (130 mM NaCl, 5 mM KCl, 20 mM HEPES, 1 mM MgCl2, 4.8 mM NaHCO3, pH 7.4), 2 mM CaCl2, 1× SmartBlock (from CANDOR Bioscience GmbH), 4.5 mM Probenecid, 5 μM Fluo-8 AM, 0.016% Pluronic, 0.04% Brilliant black] and incubated at 37° C./5% CO2 for 30 minutes. The test substance is prepared in DMSO in various concentrations as a dose-response curve (starting concentration 10 mM, dilution factor 3.16) and prediluted 1:50 with calcium-free Tyrode/2 mM CaCl2. 10 μl of the prediluted substance solution are added to the Fluo-8-laden cells and incubated at 37° C./5% CO2 for 10 minutes. The FP receptor is activated by adding 20 μl of 3 nM (final concentration) PGF2α in calcium-free Tyrode/2 mM CaCl2/0.04% Brilliant black, and the calcium flux is determined by measuring the fluorescence at ex. 470 nm/em. 525 nm in a fluorescence measuring instrument (FLIPR Tetra, Molecular Devices) for 120 seconds.",CHEMBL5725856,P43088,Prostaglandin F2-alpha receptor,IC50,COc1cccc(-c2nc3ccc(Br)cc3c(C(=O)NC34CCC(C(=O)O)(CC3)CC4)c2C)c1,6.943095148663527
CHEMBL6053536,CHEMBL1987,Prostaglandin F2-alpha receptor,IC50,=,74.0,nM,CHEMBL5731608,B,"In Vitro Test of Inhibition of Human FP Receptor Activity : For the characterization of test substances in respect of FP antagonism, PGF2α-induced calcium flux in FP-expressing CHEM1 cells (Millipore, HTS093C) was used.3000 cells in 25 μl of full medium [DMEM F12, 10% FCS, 1.35 mM sodium pyruvate, 20 mM HEPES, 4 mM GlutaMAX, 2% sodium bicarbonate, 1% Pen/Strep, 1% 100× non-essential amino acids] are sown per well of a 384 multititer plate (from Greiner, TC plate, black with clear base) and incubated at 37° C./5% CO2 for 24 hours. Prior to the measurement, the medium is replaced by 30 μl of Fluo-8 AM loading buffer [calcium-free Tyrode (130 mM NaCl, 5 mM KCl, 20 mM HEPES, 1 mM MgCl2, 4.8 mM NaHCO3, pH 7.4), 2 mM CaCl2, 1× SmartBlock (from CANDOR Bioscience GmbH), 4.5 mM Probenecid, 5 μM Fluo-8 AM, 0.016% Pluronic, 0.04% Brilliant black] and incubated at 37° C./5% CO2 for 30 minutes. The test substance is prepared in DMSO in various concentrations as a dose-response curve (starting concentration 10 mM, dilution factor 3.16) and prediluted 1:50 with calcium-free Tyrode/2 mM CaCl2. 10 μl of the prediluted substance solution are added to the Fluo-8-laden cells and incubated at 37° C./5% CO2 for 10 minutes. The FP receptor is activated by adding 20 μl of 3 nM (final concentration) PGF2α in calcium-free Tyrode/2 mM CaCl2/0.04% Brilliant black, and the calcium flux is determined by measuring the fluorescence at ex. 470 nm/em. 525 nm in a fluorescence measuring instrument (FLIPR Tetra, Molecular Devices) for 120 seconds.",CHEMBL5725856,P43088,Prostaglandin F2-alpha receptor,IC50,CSc1c(-c2ccccc2)nc2ccc(Br)cc2c1C(=O)NC12CCC(C(=O)O)(CC1)CC2,7.130768280269024
CHEMBL5864301,CHEMBL1987,Prostaglandin F2-alpha receptor,IC50,=,220.0,nM,CHEMBL5731608,B,"In Vitro Test of Inhibition of Human FP Receptor Activity : For the characterization of test substances in respect of FP antagonism, PGF2α-induced calcium flux in FP-expressing CHEM1 cells (Millipore, HTS093C) was used.3000 cells in 25 μl of full medium [DMEM F12, 10% FCS, 1.35 mM sodium pyruvate, 20 mM HEPES, 4 mM GlutaMAX, 2% sodium bicarbonate, 1% Pen/Strep, 1% 100× non-essential amino acids] are sown per well of a 384 multititer plate (from Greiner, TC plate, black with clear base) and incubated at 37° C./5% CO2 for 24 hours. Prior to the measurement, the medium is replaced by 30 μl of Fluo-8 AM loading buffer [calcium-free Tyrode (130 mM NaCl, 5 mM KCl, 20 mM HEPES, 1 mM MgCl2, 4.8 mM NaHCO3, pH 7.4), 2 mM CaCl2, 1× SmartBlock (from CANDOR Bioscience GmbH), 4.5 mM Probenecid, 5 μM Fluo-8 AM, 0.016% Pluronic, 0.04% Brilliant black] and incubated at 37° C./5% CO2 for 30 minutes. The test substance is prepared in DMSO in various concentrations as a dose-response curve (starting concentration 10 mM, dilution factor 3.16) and prediluted 1:50 with calcium-free Tyrode/2 mM CaCl2. 10 μl of the prediluted substance solution are added to the Fluo-8-laden cells and incubated at 37° C./5% CO2 for 10 minutes. The FP receptor is activated by adding 20 μl of 3 nM (final concentration) PGF2α in calcium-free Tyrode/2 mM CaCl2/0.04% Brilliant black, and the calcium flux is determined by measuring the fluorescence at ex. 470 nm/em. 525 nm in a fluorescence measuring instrument (FLIPR Tetra, Molecular Devices) for 120 seconds.",CHEMBL5725856,P43088,Prostaglandin F2-alpha receptor,IC50,CCc1c(-c2ccccc2)nc2ccc(Br)cc2c1C(=O)NC12CCC(C(=O)O)(CC1)CC2,6.657577319177793
CHEMBL5906492,CHEMBL1987,Prostaglandin F2-alpha receptor,IC50,=,51.0,nM,CHEMBL5731608,B,"In Vitro Test of Inhibition of Human FP Receptor Activity : For the characterization of test substances in respect of FP antagonism, PGF2α-induced calcium flux in FP-expressing CHEM1 cells (Millipore, HTS093C) was used.3000 cells in 25 μl of full medium [DMEM F12, 10% FCS, 1.35 mM sodium pyruvate, 20 mM HEPES, 4 mM GlutaMAX, 2% sodium bicarbonate, 1% Pen/Strep, 1% 100× non-essential amino acids] are sown per well of a 384 multititer plate (from Greiner, TC plate, black with clear base) and incubated at 37° C./5% CO2 for 24 hours. Prior to the measurement, the medium is replaced by 30 μl of Fluo-8 AM loading buffer [calcium-free Tyrode (130 mM NaCl, 5 mM KCl, 20 mM HEPES, 1 mM MgCl2, 4.8 mM NaHCO3, pH 7.4), 2 mM CaCl2, 1× SmartBlock (from CANDOR Bioscience GmbH), 4.5 mM Probenecid, 5 μM Fluo-8 AM, 0.016% Pluronic, 0.04% Brilliant black] and incubated at 37° C./5% CO2 for 30 minutes. The test substance is prepared in DMSO in various concentrations as a dose-response curve (starting concentration 10 mM, dilution factor 3.16) and prediluted 1:50 with calcium-free Tyrode/2 mM CaCl2. 10 μl of the prediluted substance solution are added to the Fluo-8-laden cells and incubated at 37° C./5% CO2 for 10 minutes. The FP receptor is activated by adding 20 μl of 3 nM (final concentration) PGF2α in calcium-free Tyrode/2 mM CaCl2/0.04% Brilliant black, and the calcium flux is determined by measuring the fluorescence at ex. 470 nm/em. 525 nm in a fluorescence measuring instrument (FLIPR Tetra, Molecular Devices) for 120 seconds.",CHEMBL5725856,P43088,Prostaglandin F2-alpha receptor,IC50,O=C(NC12CCC(C(=O)O)(CC1)CC2)c1c(C2CC2)c(-c2ccccc2)nc2ccc(Br)cc12,7.292429823902063
CHEMBL5979880,CHEMBL1987,Prostaglandin F2-alpha receptor,IC50,=,52.0,nM,CHEMBL5731608,B,"In Vitro Test of Inhibition of Human FP Receptor Activity : For the characterization of test substances in respect of FP antagonism, PGF2α-induced calcium flux in FP-expressing CHEM1 cells (Millipore, HTS093C) was used.3000 cells in 25 μl of full medium [DMEM F12, 10% FCS, 1.35 mM sodium pyruvate, 20 mM HEPES, 4 mM GlutaMAX, 2% sodium bicarbonate, 1% Pen/Strep, 1% 100× non-essential amino acids] are sown per well of a 384 multititer plate (from Greiner, TC plate, black with clear base) and incubated at 37° C./5% CO2 for 24 hours. Prior to the measurement, the medium is replaced by 30 μl of Fluo-8 AM loading buffer [calcium-free Tyrode (130 mM NaCl, 5 mM KCl, 20 mM HEPES, 1 mM MgCl2, 4.8 mM NaHCO3, pH 7.4), 2 mM CaCl2, 1× SmartBlock (from CANDOR Bioscience GmbH), 4.5 mM Probenecid, 5 μM Fluo-8 AM, 0.016% Pluronic, 0.04% Brilliant black] and incubated at 37° C./5% CO2 for 30 minutes. The test substance is prepared in DMSO in various concentrations as a dose-response curve (starting concentration 10 mM, dilution factor 3.16) and prediluted 1:50 with calcium-free Tyrode/2 mM CaCl2. 10 μl of the prediluted substance solution are added to the Fluo-8-laden cells and incubated at 37° C./5% CO2 for 10 minutes. The FP receptor is activated by adding 20 μl of 3 nM (final concentration) PGF2α in calcium-free Tyrode/2 mM CaCl2/0.04% Brilliant black, and the calcium flux is determined by measuring the fluorescence at ex. 470 nm/em. 525 nm in a fluorescence measuring instrument (FLIPR Tetra, Molecular Devices) for 120 seconds.",CHEMBL5725856,P43088,Prostaglandin F2-alpha receptor,IC50,O=C(NC12CCC(C(=O)O)(CC1)CC2)c1c(Cl)c(-c2ccccc2)nc2ccc(Br)cc12,7.2839966563652006
CHEMBL5824836,CHEMBL1987,Prostaglandin F2-alpha receptor,IC50,=,351.0,nM,CHEMBL5731608,B,"In Vitro Test of Inhibition of Human FP Receptor Activity : For the characterization of test substances in respect of FP antagonism, PGF2α-induced calcium flux in FP-expressing CHEM1 cells (Millipore, HTS093C) was used.3000 cells in 25 μl of full medium [DMEM F12, 10% FCS, 1.35 mM sodium pyruvate, 20 mM HEPES, 4 mM GlutaMAX, 2% sodium bicarbonate, 1% Pen/Strep, 1% 100× non-essential amino acids] are sown per well of a 384 multititer plate (from Greiner, TC plate, black with clear base) and incubated at 37° C./5% CO2 for 24 hours. Prior to the measurement, the medium is replaced by 30 μl of Fluo-8 AM loading buffer [calcium-free Tyrode (130 mM NaCl, 5 mM KCl, 20 mM HEPES, 1 mM MgCl2, 4.8 mM NaHCO3, pH 7.4), 2 mM CaCl2, 1× SmartBlock (from CANDOR Bioscience GmbH), 4.5 mM Probenecid, 5 μM Fluo-8 AM, 0.016% Pluronic, 0.04% Brilliant black] and incubated at 37° C./5% CO2 for 30 minutes. The test substance is prepared in DMSO in various concentrations as a dose-response curve (starting concentration 10 mM, dilution factor 3.16) and prediluted 1:50 with calcium-free Tyrode/2 mM CaCl2. 10 μl of the prediluted substance solution are added to the Fluo-8-laden cells and incubated at 37° C./5% CO2 for 10 minutes. The FP receptor is activated by adding 20 μl of 3 nM (final concentration) PGF2α in calcium-free Tyrode/2 mM CaCl2/0.04% Brilliant black, and the calcium flux is determined by measuring the fluorescence at ex. 470 nm/em. 525 nm in a fluorescence measuring instrument (FLIPR Tetra, Molecular Devices) for 120 seconds.",CHEMBL5725856,P43088,Prostaglandin F2-alpha receptor,IC50,CCCc1c(-c2ccccc2)nc2ccc(Br)cc2c1C(=O)NC12CCC(C(=O)O)(CC1)CC2,6.454692883534176
CHEMBL5741037,CHEMBL1987,Prostaglandin F2-alpha receptor,IC50,=,22.0,nM,CHEMBL5731608,B,"In Vitro Test of Inhibition of Human FP Receptor Activity : For the characterization of test substances in respect of FP antagonism, PGF2α-induced calcium flux in FP-expressing CHEM1 cells (Millipore, HTS093C) was used.3000 cells in 25 μl of full medium [DMEM F12, 10% FCS, 1.35 mM sodium pyruvate, 20 mM HEPES, 4 mM GlutaMAX, 2% sodium bicarbonate, 1% Pen/Strep, 1% 100× non-essential amino acids] are sown per well of a 384 multititer plate (from Greiner, TC plate, black with clear base) and incubated at 37° C./5% CO2 for 24 hours. Prior to the measurement, the medium is replaced by 30 μl of Fluo-8 AM loading buffer [calcium-free Tyrode (130 mM NaCl, 5 mM KCl, 20 mM HEPES, 1 mM MgCl2, 4.8 mM NaHCO3, pH 7.4), 2 mM CaCl2, 1× SmartBlock (from CANDOR Bioscience GmbH), 4.5 mM Probenecid, 5 μM Fluo-8 AM, 0.016% Pluronic, 0.04% Brilliant black] and incubated at 37° C./5% CO2 for 30 minutes. The test substance is prepared in DMSO in various concentrations as a dose-response curve (starting concentration 10 mM, dilution factor 3.16) and prediluted 1:50 with calcium-free Tyrode/2 mM CaCl2. 10 μl of the prediluted substance solution are added to the Fluo-8-laden cells and incubated at 37° C./5% CO2 for 10 minutes. The FP receptor is activated by adding 20 μl of 3 nM (final concentration) PGF2α in calcium-free Tyrode/2 mM CaCl2/0.04% Brilliant black, and the calcium flux is determined by measuring the fluorescence at ex. 470 nm/em. 525 nm in a fluorescence measuring instrument (FLIPR Tetra, Molecular Devices) for 120 seconds.",CHEMBL5725856,P43088,Prostaglandin F2-alpha receptor,IC50,O=C(NC12CCC(C(=O)O)(CC1)CC2)c1c(Cl)c(-c2ccccc2)nc2ccc(I)cc12,7.657577319177793
CHEMBL5786170,CHEMBL1987,Prostaglandin F2-alpha receptor,IC50,=,51.0,nM,CHEMBL5731608,B,"In Vitro Test of Inhibition of Human FP Receptor Activity : For the characterization of test substances in respect of FP antagonism, PGF2α-induced calcium flux in FP-expressing CHEM1 cells (Millipore, HTS093C) was used.3000 cells in 25 μl of full medium [DMEM F12, 10% FCS, 1.35 mM sodium pyruvate, 20 mM HEPES, 4 mM GlutaMAX, 2% sodium bicarbonate, 1% Pen/Strep, 1% 100× non-essential amino acids] are sown per well of a 384 multititer plate (from Greiner, TC plate, black with clear base) and incubated at 37° C./5% CO2 for 24 hours. Prior to the measurement, the medium is replaced by 30 μl of Fluo-8 AM loading buffer [calcium-free Tyrode (130 mM NaCl, 5 mM KCl, 20 mM HEPES, 1 mM MgCl2, 4.8 mM NaHCO3, pH 7.4), 2 mM CaCl2, 1× SmartBlock (from CANDOR Bioscience GmbH), 4.5 mM Probenecid, 5 μM Fluo-8 AM, 0.016% Pluronic, 0.04% Brilliant black] and incubated at 37° C./5% CO2 for 30 minutes. The test substance is prepared in DMSO in various concentrations as a dose-response curve (starting concentration 10 mM, dilution factor 3.16) and prediluted 1:50 with calcium-free Tyrode/2 mM CaCl2. 10 μl of the prediluted substance solution are added to the Fluo-8-laden cells and incubated at 37° C./5% CO2 for 10 minutes. The FP receptor is activated by adding 20 μl of 3 nM (final concentration) PGF2α in calcium-free Tyrode/2 mM CaCl2/0.04% Brilliant black, and the calcium flux is determined by measuring the fluorescence at ex. 470 nm/em. 525 nm in a fluorescence measuring instrument (FLIPR Tetra, Molecular Devices) for 120 seconds.",CHEMBL5725856,P43088,Prostaglandin F2-alpha receptor,IC50,O=C(NC12CCC(C(=O)O)(CC1)CC2)c1c(C2CC2)c(-c2ccccc2)nc2ccc(I)cc12,7.292429823902063
CHEMBL5974807,CHEMBL1987,Prostaglandin F2-alpha receptor,IC50,=,505.0,nM,CHEMBL5731608,B,"In Vitro Test of Inhibition of Human FP Receptor Activity : For the characterization of test substances in respect of FP antagonism, PGF2α-induced calcium flux in FP-expressing CHEM1 cells (Millipore, HTS093C) was used.3000 cells in 25 μl of full medium [DMEM F12, 10% FCS, 1.35 mM sodium pyruvate, 20 mM HEPES, 4 mM GlutaMAX, 2% sodium bicarbonate, 1% Pen/Strep, 1% 100× non-essential amino acids] are sown per well of a 384 multititer plate (from Greiner, TC plate, black with clear base) and incubated at 37° C./5% CO2 for 24 hours. Prior to the measurement, the medium is replaced by 30 μl of Fluo-8 AM loading buffer [calcium-free Tyrode (130 mM NaCl, 5 mM KCl, 20 mM HEPES, 1 mM MgCl2, 4.8 mM NaHCO3, pH 7.4), 2 mM CaCl2, 1× SmartBlock (from CANDOR Bioscience GmbH), 4.5 mM Probenecid, 5 μM Fluo-8 AM, 0.016% Pluronic, 0.04% Brilliant black] and incubated at 37° C./5% CO2 for 30 minutes. The test substance is prepared in DMSO in various concentrations as a dose-response curve (starting concentration 10 mM, dilution factor 3.16) and prediluted 1:50 with calcium-free Tyrode/2 mM CaCl2. 10 μl of the prediluted substance solution are added to the Fluo-8-laden cells and incubated at 37° C./5% CO2 for 10 minutes. The FP receptor is activated by adding 20 μl of 3 nM (final concentration) PGF2α in calcium-free Tyrode/2 mM CaCl2/0.04% Brilliant black, and the calcium flux is determined by measuring the fluorescence at ex. 470 nm/em. 525 nm in a fluorescence measuring instrument (FLIPR Tetra, Molecular Devices) for 120 seconds.",CHEMBL5725856,P43088,Prostaglandin F2-alpha receptor,IC50,Cc1c(-c2ccccc2)nc2ccc(C(F)(F)F)cc2c1C(=O)NC12CCC(C(=O)O)(CC1)CC2,6.296708621881338
CHEMBL5847891,CHEMBL1987,Prostaglandin F2-alpha receptor,IC50,=,430.0,nM,CHEMBL5731608,B,"In Vitro Test of Inhibition of Human FP Receptor Activity : For the characterization of test substances in respect of FP antagonism, PGF2α-induced calcium flux in FP-expressing CHEM1 cells (Millipore, HTS093C) was used.3000 cells in 25 μl of full medium [DMEM F12, 10% FCS, 1.35 mM sodium pyruvate, 20 mM HEPES, 4 mM GlutaMAX, 2% sodium bicarbonate, 1% Pen/Strep, 1% 100× non-essential amino acids] are sown per well of a 384 multititer plate (from Greiner, TC plate, black with clear base) and incubated at 37° C./5% CO2 for 24 hours. Prior to the measurement, the medium is replaced by 30 μl of Fluo-8 AM loading buffer [calcium-free Tyrode (130 mM NaCl, 5 mM KCl, 20 mM HEPES, 1 mM MgCl2, 4.8 mM NaHCO3, pH 7.4), 2 mM CaCl2, 1× SmartBlock (from CANDOR Bioscience GmbH), 4.5 mM Probenecid, 5 μM Fluo-8 AM, 0.016% Pluronic, 0.04% Brilliant black] and incubated at 37° C./5% CO2 for 30 minutes. The test substance is prepared in DMSO in various concentrations as a dose-response curve (starting concentration 10 mM, dilution factor 3.16) and prediluted 1:50 with calcium-free Tyrode/2 mM CaCl2. 10 μl of the prediluted substance solution are added to the Fluo-8-laden cells and incubated at 37° C./5% CO2 for 10 minutes. The FP receptor is activated by adding 20 μl of 3 nM (final concentration) PGF2α in calcium-free Tyrode/2 mM CaCl2/0.04% Brilliant black, and the calcium flux is determined by measuring the fluorescence at ex. 470 nm/em. 525 nm in a fluorescence measuring instrument (FLIPR Tetra, Molecular Devices) for 120 seconds.",CHEMBL5725856,P43088,Prostaglandin F2-alpha receptor,IC50,O=C(NC12CCC(C(=O)O)(CC1)CC2)c1c(O)c(-c2ccccc2)nc2ccc(Br)cc12,6.366531544420413
CHEMBL5893375,CHEMBL1987,Prostaglandin F2-alpha receptor,IC50,=,553.0,nM,CHEMBL5731608,B,"In Vitro Test of Inhibition of Human FP Receptor Activity : For the characterization of test substances in respect of FP antagonism, PGF2α-induced calcium flux in FP-expressing CHEM1 cells (Millipore, HTS093C) was used.3000 cells in 25 μl of full medium [DMEM F12, 10% FCS, 1.35 mM sodium pyruvate, 20 mM HEPES, 4 mM GlutaMAX, 2% sodium bicarbonate, 1% Pen/Strep, 1% 100× non-essential amino acids] are sown per well of a 384 multititer plate (from Greiner, TC plate, black with clear base) and incubated at 37° C./5% CO2 for 24 hours. Prior to the measurement, the medium is replaced by 30 μl of Fluo-8 AM loading buffer [calcium-free Tyrode (130 mM NaCl, 5 mM KCl, 20 mM HEPES, 1 mM MgCl2, 4.8 mM NaHCO3, pH 7.4), 2 mM CaCl2, 1× SmartBlock (from CANDOR Bioscience GmbH), 4.5 mM Probenecid, 5 μM Fluo-8 AM, 0.016% Pluronic, 0.04% Brilliant black] and incubated at 37° C./5% CO2 for 30 minutes. The test substance is prepared in DMSO in various concentrations as a dose-response curve (starting concentration 10 mM, dilution factor 3.16) and prediluted 1:50 with calcium-free Tyrode/2 mM CaCl2. 10 μl of the prediluted substance solution are added to the Fluo-8-laden cells and incubated at 37° C./5% CO2 for 10 minutes. The FP receptor is activated by adding 20 μl of 3 nM (final concentration) PGF2α in calcium-free Tyrode/2 mM CaCl2/0.04% Brilliant black, and the calcium flux is determined by measuring the fluorescence at ex. 470 nm/em. 525 nm in a fluorescence measuring instrument (FLIPR Tetra, Molecular Devices) for 120 seconds.",CHEMBL5725856,P43088,Prostaglandin F2-alpha receptor,IC50,Cc1c(-c2ccccc2)nc2ccc(Br)cc2c1C(=O)NC12CCC(C(N)=O)(CC1)CC2,6.257274868695301
CHEMBL5996134,CHEMBL1987,Prostaglandin F2-alpha receptor,IC50,=,723.0,nM,CHEMBL5731608,B,"In Vitro Test of Inhibition of Human FP Receptor Activity : For the characterization of test substances in respect of FP antagonism, PGF2α-induced calcium flux in FP-expressing CHEM1 cells (Millipore, HTS093C) was used.3000 cells in 25 μl of full medium [DMEM F12, 10% FCS, 1.35 mM sodium pyruvate, 20 mM HEPES, 4 mM GlutaMAX, 2% sodium bicarbonate, 1% Pen/Strep, 1% 100× non-essential amino acids] are sown per well of a 384 multititer plate (from Greiner, TC plate, black with clear base) and incubated at 37° C./5% CO2 for 24 hours. Prior to the measurement, the medium is replaced by 30 μl of Fluo-8 AM loading buffer [calcium-free Tyrode (130 mM NaCl, 5 mM KCl, 20 mM HEPES, 1 mM MgCl2, 4.8 mM NaHCO3, pH 7.4), 2 mM CaCl2, 1× SmartBlock (from CANDOR Bioscience GmbH), 4.5 mM Probenecid, 5 μM Fluo-8 AM, 0.016% Pluronic, 0.04% Brilliant black] and incubated at 37° C./5% CO2 for 30 minutes. The test substance is prepared in DMSO in various concentrations as a dose-response curve (starting concentration 10 mM, dilution factor 3.16) and prediluted 1:50 with calcium-free Tyrode/2 mM CaCl2. 10 μl of the prediluted substance solution are added to the Fluo-8-laden cells and incubated at 37° C./5% CO2 for 10 minutes. The FP receptor is activated by adding 20 μl of 3 nM (final concentration) PGF2α in calcium-free Tyrode/2 mM CaCl2/0.04% Brilliant black, and the calcium flux is determined by measuring the fluorescence at ex. 470 nm/em. 525 nm in a fluorescence measuring instrument (FLIPR Tetra, Molecular Devices) for 120 seconds.",CHEMBL5725856,P43088,Prostaglandin F2-alpha receptor,IC50,Cc1c(-c2ccccc2)nc2ccc(Br)cc2c1C(=O)NC12CC(C(=O)O)(C1)C2,6.140861702705469
CHEMBL5929544,CHEMBL1987,Prostaglandin F2-alpha receptor,IC50,=,1280.0,nM,CHEMBL5731608,B,"In Vitro Test of Inhibition of Human FP Receptor Activity : For the characterization of test substances in respect of FP antagonism, PGF2α-induced calcium flux in FP-expressing CHEM1 cells (Millipore, HTS093C) was used.3000 cells in 25 μl of full medium [DMEM F12, 10% FCS, 1.35 mM sodium pyruvate, 20 mM HEPES, 4 mM GlutaMAX, 2% sodium bicarbonate, 1% Pen/Strep, 1% 100× non-essential amino acids] are sown per well of a 384 multititer plate (from Greiner, TC plate, black with clear base) and incubated at 37° C./5% CO2 for 24 hours. Prior to the measurement, the medium is replaced by 30 μl of Fluo-8 AM loading buffer [calcium-free Tyrode (130 mM NaCl, 5 mM KCl, 20 mM HEPES, 1 mM MgCl2, 4.8 mM NaHCO3, pH 7.4), 2 mM CaCl2, 1× SmartBlock (from CANDOR Bioscience GmbH), 4.5 mM Probenecid, 5 μM Fluo-8 AM, 0.016% Pluronic, 0.04% Brilliant black] and incubated at 37° C./5% CO2 for 30 minutes. The test substance is prepared in DMSO in various concentrations as a dose-response curve (starting concentration 10 mM, dilution factor 3.16) and prediluted 1:50 with calcium-free Tyrode/2 mM CaCl2. 10 μl of the prediluted substance solution are added to the Fluo-8-laden cells and incubated at 37° C./5% CO2 for 10 minutes. The FP receptor is activated by adding 20 μl of 3 nM (final concentration) PGF2α in calcium-free Tyrode/2 mM CaCl2/0.04% Brilliant black, and the calcium flux is determined by measuring the fluorescence at ex. 470 nm/em. 525 nm in a fluorescence measuring instrument (FLIPR Tetra, Molecular Devices) for 120 seconds.",CHEMBL5725856,P43088,Prostaglandin F2-alpha receptor,IC50,Cc1c(-c2ccccc2)nc2ccc(I)cc2c1C(=O)NC12CCC(C(=O)O)(CC1)C2,5.892790030352131
CHEMBL6033835,CHEMBL1987,Prostaglandin F2-alpha receptor,IC50,=,230.0,nM,CHEMBL5731608,B,"In Vitro Test of Inhibition of Human FP Receptor Activity : For the characterization of test substances in respect of FP antagonism, PGF2α-induced calcium flux in FP-expressing CHEM1 cells (Millipore, HTS093C) was used.3000 cells in 25 μl of full medium [DMEM F12, 10% FCS, 1.35 mM sodium pyruvate, 20 mM HEPES, 4 mM GlutaMAX, 2% sodium bicarbonate, 1% Pen/Strep, 1% 100× non-essential amino acids] are sown per well of a 384 multititer plate (from Greiner, TC plate, black with clear base) and incubated at 37° C./5% CO2 for 24 hours. Prior to the measurement, the medium is replaced by 30 μl of Fluo-8 AM loading buffer [calcium-free Tyrode (130 mM NaCl, 5 mM KCl, 20 mM HEPES, 1 mM MgCl2, 4.8 mM NaHCO3, pH 7.4), 2 mM CaCl2, 1× SmartBlock (from CANDOR Bioscience GmbH), 4.5 mM Probenecid, 5 μM Fluo-8 AM, 0.016% Pluronic, 0.04% Brilliant black] and incubated at 37° C./5% CO2 for 30 minutes. The test substance is prepared in DMSO in various concentrations as a dose-response curve (starting concentration 10 mM, dilution factor 3.16) and prediluted 1:50 with calcium-free Tyrode/2 mM CaCl2. 10 μl of the prediluted substance solution are added to the Fluo-8-laden cells and incubated at 37° C./5% CO2 for 10 minutes. The FP receptor is activated by adding 20 μl of 3 nM (final concentration) PGF2α in calcium-free Tyrode/2 mM CaCl2/0.04% Brilliant black, and the calcium flux is determined by measuring the fluorescence at ex. 470 nm/em. 525 nm in a fluorescence measuring instrument (FLIPR Tetra, Molecular Devices) for 120 seconds.",CHEMBL5725856,P43088,Prostaglandin F2-alpha receptor,IC50,Cc1c(-c2ccccc2)nc2ccc(Br)cc2c1C(=O)NC12CCCC(C(=O)O)(CC1)CC2,6.638272163982407
CHEMBL6039554,CHEMBL1987,Prostaglandin F2-alpha receptor,IC50,=,195.0,nM,CHEMBL5731608,B,"In Vitro Test of Inhibition of Human FP Receptor Activity : For the characterization of test substances in respect of FP antagonism, PGF2α-induced calcium flux in FP-expressing CHEM1 cells (Millipore, HTS093C) was used.3000 cells in 25 μl of full medium [DMEM F12, 10% FCS, 1.35 mM sodium pyruvate, 20 mM HEPES, 4 mM GlutaMAX, 2% sodium bicarbonate, 1% Pen/Strep, 1% 100× non-essential amino acids] are sown per well of a 384 multititer plate (from Greiner, TC plate, black with clear base) and incubated at 37° C./5% CO2 for 24 hours. Prior to the measurement, the medium is replaced by 30 μl of Fluo-8 AM loading buffer [calcium-free Tyrode (130 mM NaCl, 5 mM KCl, 20 mM HEPES, 1 mM MgCl2, 4.8 mM NaHCO3, pH 7.4), 2 mM CaCl2, 1× SmartBlock (from CANDOR Bioscience GmbH), 4.5 mM Probenecid, 5 μM Fluo-8 AM, 0.016% Pluronic, 0.04% Brilliant black] and incubated at 37° C./5% CO2 for 30 minutes. The test substance is prepared in DMSO in various concentrations as a dose-response curve (starting concentration 10 mM, dilution factor 3.16) and prediluted 1:50 with calcium-free Tyrode/2 mM CaCl2. 10 μl of the prediluted substance solution are added to the Fluo-8-laden cells and incubated at 37° C./5% CO2 for 10 minutes. The FP receptor is activated by adding 20 μl of 3 nM (final concentration) PGF2α in calcium-free Tyrode/2 mM CaCl2/0.04% Brilliant black, and the calcium flux is determined by measuring the fluorescence at ex. 470 nm/em. 525 nm in a fluorescence measuring instrument (FLIPR Tetra, Molecular Devices) for 120 seconds.",CHEMBL5725856,P43088,Prostaglandin F2-alpha receptor,IC50,O=C(NC12CCCC(C(=O)O)(CC1)CC2)c1c(Cl)c(-c2ccccc2)nc2ccc(Br)cc12,6.709965388637482
CHEMBL6044083,CHEMBL1987,Prostaglandin F2-alpha receptor,IC50,=,48.0,nM,CHEMBL5731608,B,"In Vitro Test of Inhibition of Human FP Receptor Activity : For the characterization of test substances in respect of FP antagonism, PGF2α-induced calcium flux in FP-expressing CHEM1 cells (Millipore, HTS093C) was used.3000 cells in 25 μl of full medium [DMEM F12, 10% FCS, 1.35 mM sodium pyruvate, 20 mM HEPES, 4 mM GlutaMAX, 2% sodium bicarbonate, 1% Pen/Strep, 1% 100× non-essential amino acids] are sown per well of a 384 multititer plate (from Greiner, TC plate, black with clear base) and incubated at 37° C./5% CO2 for 24 hours. Prior to the measurement, the medium is replaced by 30 μl of Fluo-8 AM loading buffer [calcium-free Tyrode (130 mM NaCl, 5 mM KCl, 20 mM HEPES, 1 mM MgCl2, 4.8 mM NaHCO3, pH 7.4), 2 mM CaCl2, 1× SmartBlock (from CANDOR Bioscience GmbH), 4.5 mM Probenecid, 5 μM Fluo-8 AM, 0.016% Pluronic, 0.04% Brilliant black] and incubated at 37° C./5% CO2 for 30 minutes. The test substance is prepared in DMSO in various concentrations as a dose-response curve (starting concentration 10 mM, dilution factor 3.16) and prediluted 1:50 with calcium-free Tyrode/2 mM CaCl2. 10 μl of the prediluted substance solution are added to the Fluo-8-laden cells and incubated at 37° C./5% CO2 for 10 minutes. The FP receptor is activated by adding 20 μl of 3 nM (final concentration) PGF2α in calcium-free Tyrode/2 mM CaCl2/0.04% Brilliant black, and the calcium flux is determined by measuring the fluorescence at ex. 470 nm/em. 525 nm in a fluorescence measuring instrument (FLIPR Tetra, Molecular Devices) for 120 seconds.",CHEMBL5725856,P43088,Prostaglandin F2-alpha receptor,IC50,O=C(NC12CCCC(C(=O)O)(CC1)CC2)c1c(Cl)c(-c2ccccc2)nc2ccc(I)cc12,7.318758762624412
CHEMBL5962759,CHEMBL1987,Prostaglandin F2-alpha receptor,IC50,=,33.0,nM,CHEMBL5731608,B,"In Vitro Test of Inhibition of Human FP Receptor Activity : For the characterization of test substances in respect of FP antagonism, PGF2α-induced calcium flux in FP-expressing CHEM1 cells (Millipore, HTS093C) was used.3000 cells in 25 μl of full medium [DMEM F12, 10% FCS, 1.35 mM sodium pyruvate, 20 mM HEPES, 4 mM GlutaMAX, 2% sodium bicarbonate, 1% Pen/Strep, 1% 100× non-essential amino acids] are sown per well of a 384 multititer plate (from Greiner, TC plate, black with clear base) and incubated at 37° C./5% CO2 for 24 hours. Prior to the measurement, the medium is replaced by 30 μl of Fluo-8 AM loading buffer [calcium-free Tyrode (130 mM NaCl, 5 mM KCl, 20 mM HEPES, 1 mM MgCl2, 4.8 mM NaHCO3, pH 7.4), 2 mM CaCl2, 1× SmartBlock (from CANDOR Bioscience GmbH), 4.5 mM Probenecid, 5 μM Fluo-8 AM, 0.016% Pluronic, 0.04% Brilliant black] and incubated at 37° C./5% CO2 for 30 minutes. The test substance is prepared in DMSO in various concentrations as a dose-response curve (starting concentration 10 mM, dilution factor 3.16) and prediluted 1:50 with calcium-free Tyrode/2 mM CaCl2. 10 μl of the prediluted substance solution are added to the Fluo-8-laden cells and incubated at 37° C./5% CO2 for 10 minutes. The FP receptor is activated by adding 20 μl of 3 nM (final concentration) PGF2α in calcium-free Tyrode/2 mM CaCl2/0.04% Brilliant black, and the calcium flux is determined by measuring the fluorescence at ex. 470 nm/em. 525 nm in a fluorescence measuring instrument (FLIPR Tetra, Molecular Devices) for 120 seconds.",CHEMBL5725856,P43088,Prostaglandin F2-alpha receptor,IC50,O=C(NC12CCCC(C(=O)O)(CC1)CC2)c1c(C2CC2)c(-c2ccccc2)nc2ccc(I)cc12,7.481486060122112
CHEMBL5868171,CHEMBL1987,Prostaglandin F2-alpha receptor,IC50,=,198.0,nM,CHEMBL5731608,B,"In Vitro Test of Inhibition of Human FP Receptor Activity : For the characterization of test substances in respect of FP antagonism, PGF2α-induced calcium flux in FP-expressing CHEM1 cells (Millipore, HTS093C) was used.3000 cells in 25 μl of full medium [DMEM F12, 10% FCS, 1.35 mM sodium pyruvate, 20 mM HEPES, 4 mM GlutaMAX, 2% sodium bicarbonate, 1% Pen/Strep, 1% 100× non-essential amino acids] are sown per well of a 384 multititer plate (from Greiner, TC plate, black with clear base) and incubated at 37° C./5% CO2 for 24 hours. Prior to the measurement, the medium is replaced by 30 μl of Fluo-8 AM loading buffer [calcium-free Tyrode (130 mM NaCl, 5 mM KCl, 20 mM HEPES, 1 mM MgCl2, 4.8 mM NaHCO3, pH 7.4), 2 mM CaCl2, 1× SmartBlock (from CANDOR Bioscience GmbH), 4.5 mM Probenecid, 5 μM Fluo-8 AM, 0.016% Pluronic, 0.04% Brilliant black] and incubated at 37° C./5% CO2 for 30 minutes. The test substance is prepared in DMSO in various concentrations as a dose-response curve (starting concentration 10 mM, dilution factor 3.16) and prediluted 1:50 with calcium-free Tyrode/2 mM CaCl2. 10 μl of the prediluted substance solution are added to the Fluo-8-laden cells and incubated at 37° C./5% CO2 for 10 minutes. The FP receptor is activated by adding 20 μl of 3 nM (final concentration) PGF2α in calcium-free Tyrode/2 mM CaCl2/0.04% Brilliant black, and the calcium flux is determined by measuring the fluorescence at ex. 470 nm/em. 525 nm in a fluorescence measuring instrument (FLIPR Tetra, Molecular Devices) for 120 seconds.",CHEMBL5725856,P43088,Prostaglandin F2-alpha receptor,IC50,Cc1c(-c2ccccc2)nc2ccc(Br)cc2c1C(=O)NC1C2C3CC(C3)C1C2C(=O)O,6.703334809738469
CHEMBL5773790,CHEMBL1987,Prostaglandin F2-alpha receptor,IC50,=,73.0,nM,CHEMBL5731608,B,"In Vitro Test of Inhibition of Human FP Receptor Activity : For the characterization of test substances in respect of FP antagonism, PGF2α-induced calcium flux in FP-expressing CHEM1 cells (Millipore, HTS093C) was used.3000 cells in 25 μl of full medium [DMEM F12, 10% FCS, 1.35 mM sodium pyruvate, 20 mM HEPES, 4 mM GlutaMAX, 2% sodium bicarbonate, 1% Pen/Strep, 1% 100× non-essential amino acids] are sown per well of a 384 multititer plate (from Greiner, TC plate, black with clear base) and incubated at 37° C./5% CO2 for 24 hours. Prior to the measurement, the medium is replaced by 30 μl of Fluo-8 AM loading buffer [calcium-free Tyrode (130 mM NaCl, 5 mM KCl, 20 mM HEPES, 1 mM MgCl2, 4.8 mM NaHCO3, pH 7.4), 2 mM CaCl2, 1× SmartBlock (from CANDOR Bioscience GmbH), 4.5 mM Probenecid, 5 μM Fluo-8 AM, 0.016% Pluronic, 0.04% Brilliant black] and incubated at 37° C./5% CO2 for 30 minutes. The test substance is prepared in DMSO in various concentrations as a dose-response curve (starting concentration 10 mM, dilution factor 3.16) and prediluted 1:50 with calcium-free Tyrode/2 mM CaCl2. 10 μl of the prediluted substance solution are added to the Fluo-8-laden cells and incubated at 37° C./5% CO2 for 10 minutes. The FP receptor is activated by adding 20 μl of 3 nM (final concentration) PGF2α in calcium-free Tyrode/2 mM CaCl2/0.04% Brilliant black, and the calcium flux is determined by measuring the fluorescence at ex. 470 nm/em. 525 nm in a fluorescence measuring instrument (FLIPR Tetra, Molecular Devices) for 120 seconds.",CHEMBL5725856,P43088,Prostaglandin F2-alpha receptor,IC50,Cc1c(-c2ccccc2)nc2ccc(I)cc2c1C(=O)NC1C2C3CC(C3)C1C2C(=O)O,7.136677139879544
CHEMBL5922431,CHEMBL1987,Prostaglandin F2-alpha receptor,IC50,=,161.0,nM,CHEMBL5731608,B,"In Vitro Test of Inhibition of Human FP Receptor Activity : For the characterization of test substances in respect of FP antagonism, PGF2α-induced calcium flux in FP-expressing CHEM1 cells (Millipore, HTS093C) was used.3000 cells in 25 μl of full medium [DMEM F12, 10% FCS, 1.35 mM sodium pyruvate, 20 mM HEPES, 4 mM GlutaMAX, 2% sodium bicarbonate, 1% Pen/Strep, 1% 100× non-essential amino acids] are sown per well of a 384 multititer plate (from Greiner, TC plate, black with clear base) and incubated at 37° C./5% CO2 for 24 hours. Prior to the measurement, the medium is replaced by 30 μl of Fluo-8 AM loading buffer [calcium-free Tyrode (130 mM NaCl, 5 mM KCl, 20 mM HEPES, 1 mM MgCl2, 4.8 mM NaHCO3, pH 7.4), 2 mM CaCl2, 1× SmartBlock (from CANDOR Bioscience GmbH), 4.5 mM Probenecid, 5 μM Fluo-8 AM, 0.016% Pluronic, 0.04% Brilliant black] and incubated at 37° C./5% CO2 for 30 minutes. The test substance is prepared in DMSO in various concentrations as a dose-response curve (starting concentration 10 mM, dilution factor 3.16) and prediluted 1:50 with calcium-free Tyrode/2 mM CaCl2. 10 μl of the prediluted substance solution are added to the Fluo-8-laden cells and incubated at 37° C./5% CO2 for 10 minutes. The FP receptor is activated by adding 20 μl of 3 nM (final concentration) PGF2α in calcium-free Tyrode/2 mM CaCl2/0.04% Brilliant black, and the calcium flux is determined by measuring the fluorescence at ex. 470 nm/em. 525 nm in a fluorescence measuring instrument (FLIPR Tetra, Molecular Devices) for 120 seconds.",CHEMBL5725856,P43088,Prostaglandin F2-alpha receptor,IC50,O=C(NC1C2C3CC(C3)C1C2C(=O)O)c1c(Cl)c(-c2ccccc2)nc2ccc(Br)cc12,6.79317412396815
CHEMBL4789100,CHEMBL1987,Prostaglandin F2-alpha receptor,IC50,=,68.0,nM,CHEMBL5731608,B,"In Vitro Test of Inhibition of Human FP Receptor Activity : For the characterization of test substances in respect of FP antagonism, PGF2α-induced calcium flux in FP-expressing CHEM1 cells (Millipore, HTS093C) was used.3000 cells in 25 μl of full medium [DMEM F12, 10% FCS, 1.35 mM sodium pyruvate, 20 mM HEPES, 4 mM GlutaMAX, 2% sodium bicarbonate, 1% Pen/Strep, 1% 100× non-essential amino acids] are sown per well of a 384 multititer plate (from Greiner, TC plate, black with clear base) and incubated at 37° C./5% CO2 for 24 hours. Prior to the measurement, the medium is replaced by 30 μl of Fluo-8 AM loading buffer [calcium-free Tyrode (130 mM NaCl, 5 mM KCl, 20 mM HEPES, 1 mM MgCl2, 4.8 mM NaHCO3, pH 7.4), 2 mM CaCl2, 1× SmartBlock (from CANDOR Bioscience GmbH), 4.5 mM Probenecid, 5 μM Fluo-8 AM, 0.016% Pluronic, 0.04% Brilliant black] and incubated at 37° C./5% CO2 for 30 minutes. The test substance is prepared in DMSO in various concentrations as a dose-response curve (starting concentration 10 mM, dilution factor 3.16) and prediluted 1:50 with calcium-free Tyrode/2 mM CaCl2. 10 μl of the prediluted substance solution are added to the Fluo-8-laden cells and incubated at 37° C./5% CO2 for 10 minutes. The FP receptor is activated by adding 20 μl of 3 nM (final concentration) PGF2α in calcium-free Tyrode/2 mM CaCl2/0.04% Brilliant black, and the calcium flux is determined by measuring the fluorescence at ex. 470 nm/em. 525 nm in a fluorescence measuring instrument (FLIPR Tetra, Molecular Devices) for 120 seconds.",CHEMBL5725856,P43088,Prostaglandin F2-alpha receptor,IC50,Cc1c(-c2ccccc2)nc2ccc(Br)cc2c1C(=O)NC12CCC(C(=O)O)(CC1)CC2,7.167491087293763
CHEMBL4789100,CHEMBL1987,Prostaglandin F2-alpha receptor,IC50,=,68.0,nM,CHEMBL5731608,B,"In Vitro Test of Inhibition of Human FP Receptor Activity : For the characterization of test substances in respect of FP antagonism, PGF2α-induced calcium flux in FP-expressing CHEM1 cells (Millipore, HTS093C) was used.3000 cells in 25 μl of full medium [DMEM F12, 10% FCS, 1.35 mM sodium pyruvate, 20 mM HEPES, 4 mM GlutaMAX, 2% sodium bicarbonate, 1% Pen/Strep, 1% 100× non-essential amino acids] are sown per well of a 384 multititer plate (from Greiner, TC plate, black with clear base) and incubated at 37° C./5% CO2 for 24 hours. Prior to the measurement, the medium is replaced by 30 μl of Fluo-8 AM loading buffer [calcium-free Tyrode (130 mM NaCl, 5 mM KCl, 20 mM HEPES, 1 mM MgCl2, 4.8 mM NaHCO3, pH 7.4), 2 mM CaCl2, 1× SmartBlock (from CANDOR Bioscience GmbH), 4.5 mM Probenecid, 5 μM Fluo-8 AM, 0.016% Pluronic, 0.04% Brilliant black] and incubated at 37° C./5% CO2 for 30 minutes. The test substance is prepared in DMSO in various concentrations as a dose-response curve (starting concentration 10 mM, dilution factor 3.16) and prediluted 1:50 with calcium-free Tyrode/2 mM CaCl2. 10 μl of the prediluted substance solution are added to the Fluo-8-laden cells and incubated at 37° C./5% CO2 for 10 minutes. The FP receptor is activated by adding 20 μl of 3 nM (final concentration) PGF2α in calcium-free Tyrode/2 mM CaCl2/0.04% Brilliant black, and the calcium flux is determined by measuring the fluorescence at ex. 470 nm/em. 525 nm in a fluorescence measuring instrument (FLIPR Tetra, Molecular Devices) for 120 seconds.",CHEMBL5725856,P43088,Prostaglandin F2-alpha receptor,IC50,Cc1c(-c2ccccc2)nc2ccc(Br)cc2c1C(=O)NC12CCC(C(=O)O)(CC1)CC2,7.167491087293763
CHEMBL4789100,CHEMBL1987,Prostaglandin F2-alpha receptor,IC50,=,93.0,nM,CHEMBL5731608,B,"In Vitro Test of Inhibition of Human FP Receptor Activity : For the characterization of test substances in respect of FP antagonism, PGF2α-induced calcium flux in FP-expressing CHEM1 cells (Millipore, HTS093C) was used.3000 cells in 25 μl of full medium [DMEM F12, 10% FCS, 1.35 mM sodium pyruvate, 20 mM HEPES, 4 mM GlutaMAX, 2% sodium bicarbonate, 1% Pen/Strep, 1% 100× non-essential amino acids] are sown per well of a 384 multititer plate (from Greiner, TC plate, black with clear base) and incubated at 37° C./5% CO2 for 24 hours. Prior to the measurement, the medium is replaced by 30 μl of Fluo-8 AM loading buffer [calcium-free Tyrode (130 mM NaCl, 5 mM KCl, 20 mM HEPES, 1 mM MgCl2, 4.8 mM NaHCO3, pH 7.4), 2 mM CaCl2, 1× SmartBlock (from CANDOR Bioscience GmbH), 4.5 mM Probenecid, 5 μM Fluo-8 AM, 0.016% Pluronic, 0.04% Brilliant black] and incubated at 37° C./5% CO2 for 30 minutes. The test substance is prepared in DMSO in various concentrations as a dose-response curve (starting concentration 10 mM, dilution factor 3.16) and prediluted 1:50 with calcium-free Tyrode/2 mM CaCl2. 10 μl of the prediluted substance solution are added to the Fluo-8-laden cells and incubated at 37° C./5% CO2 for 10 minutes. The FP receptor is activated by adding 20 μl of 3 nM (final concentration) PGF2α in calcium-free Tyrode/2 mM CaCl2/0.04% Brilliant black, and the calcium flux is determined by measuring the fluorescence at ex. 470 nm/em. 525 nm in a fluorescence measuring instrument (FLIPR Tetra, Molecular Devices) for 120 seconds.",CHEMBL5725856,P43088,Prostaglandin F2-alpha receptor,IC50,Cc1c(-c2ccccc2)nc2ccc(Br)cc2c1C(=O)NC12CCC(C(=O)O)(CC1)CC2,7.031517051446065
CHEMBL4789100,CHEMBL1987,Prostaglandin F2-alpha receptor,IC50,=,91.0,nM,CHEMBL5731608,B,"In Vitro Test of Inhibition of Human FP Receptor Activity : For the characterization of test substances in respect of FP antagonism, PGF2α-induced calcium flux in FP-expressing CHEM1 cells (Millipore, HTS093C) was used.3000 cells in 25 μl of full medium [DMEM F12, 10% FCS, 1.35 mM sodium pyruvate, 20 mM HEPES, 4 mM GlutaMAX, 2% sodium bicarbonate, 1% Pen/Strep, 1% 100× non-essential amino acids] are sown per well of a 384 multititer plate (from Greiner, TC plate, black with clear base) and incubated at 37° C./5% CO2 for 24 hours. Prior to the measurement, the medium is replaced by 30 μl of Fluo-8 AM loading buffer [calcium-free Tyrode (130 mM NaCl, 5 mM KCl, 20 mM HEPES, 1 mM MgCl2, 4.8 mM NaHCO3, pH 7.4), 2 mM CaCl2, 1× SmartBlock (from CANDOR Bioscience GmbH), 4.5 mM Probenecid, 5 μM Fluo-8 AM, 0.016% Pluronic, 0.04% Brilliant black] and incubated at 37° C./5% CO2 for 30 minutes. The test substance is prepared in DMSO in various concentrations as a dose-response curve (starting concentration 10 mM, dilution factor 3.16) and prediluted 1:50 with calcium-free Tyrode/2 mM CaCl2. 10 μl of the prediluted substance solution are added to the Fluo-8-laden cells and incubated at 37° C./5% CO2 for 10 minutes. The FP receptor is activated by adding 20 μl of 3 nM (final concentration) PGF2α in calcium-free Tyrode/2 mM CaCl2/0.04% Brilliant black, and the calcium flux is determined by measuring the fluorescence at ex. 470 nm/em. 525 nm in a fluorescence measuring instrument (FLIPR Tetra, Molecular Devices) for 120 seconds.",CHEMBL5725856,P43088,Prostaglandin F2-alpha receptor,IC50,Cc1c(-c2ccccc2)nc2ccc(Br)cc2c1C(=O)NC12CCC(C(=O)O)(CC1)CC2,7.040958607678906
CHEMBL4789100,CHEMBL1987,Prostaglandin F2-alpha receptor,IC50,=,66.0,nM,CHEMBL5731608,B,"In Vitro Test of Inhibition of Human FP Receptor Activity : For the characterization of test substances in respect of FP antagonism, PGF2α-induced calcium flux in FP-expressing CHEM1 cells (Millipore, HTS093C) was used.3000 cells in 25 μl of full medium [DMEM F12, 10% FCS, 1.35 mM sodium pyruvate, 20 mM HEPES, 4 mM GlutaMAX, 2% sodium bicarbonate, 1% Pen/Strep, 1% 100× non-essential amino acids] are sown per well of a 384 multititer plate (from Greiner, TC plate, black with clear base) and incubated at 37° C./5% CO2 for 24 hours. Prior to the measurement, the medium is replaced by 30 μl of Fluo-8 AM loading buffer [calcium-free Tyrode (130 mM NaCl, 5 mM KCl, 20 mM HEPES, 1 mM MgCl2, 4.8 mM NaHCO3, pH 7.4), 2 mM CaCl2, 1× SmartBlock (from CANDOR Bioscience GmbH), 4.5 mM Probenecid, 5 μM Fluo-8 AM, 0.016% Pluronic, 0.04% Brilliant black] and incubated at 37° C./5% CO2 for 30 minutes. The test substance is prepared in DMSO in various concentrations as a dose-response curve (starting concentration 10 mM, dilution factor 3.16) and prediluted 1:50 with calcium-free Tyrode/2 mM CaCl2. 10 μl of the prediluted substance solution are added to the Fluo-8-laden cells and incubated at 37° C./5% CO2 for 10 minutes. The FP receptor is activated by adding 20 μl of 3 nM (final concentration) PGF2α in calcium-free Tyrode/2 mM CaCl2/0.04% Brilliant black, and the calcium flux is determined by measuring the fluorescence at ex. 470 nm/em. 525 nm in a fluorescence measuring instrument (FLIPR Tetra, Molecular Devices) for 120 seconds.",CHEMBL5725856,P43088,Prostaglandin F2-alpha receptor,IC50,Cc1c(-c2ccccc2)nc2ccc(Br)cc2c1C(=O)NC12CCC(C(=O)O)(CC1)CC2,7.180456064458131
CHEMBL4789100,CHEMBL1987,Prostaglandin F2-alpha receptor,IC50,=,93.0,nM,CHEMBL5731608,B,"In Vitro Test of Inhibition of Human FP Receptor Activity : For the characterization of test substances in respect of FP antagonism, PGF2α-induced calcium flux in FP-expressing CHEM1 cells (Millipore, HTS093C) was used.3000 cells in 25 μl of full medium [DMEM F12, 10% FCS, 1.35 mM sodium pyruvate, 20 mM HEPES, 4 mM GlutaMAX, 2% sodium bicarbonate, 1% Pen/Strep, 1% 100× non-essential amino acids] are sown per well of a 384 multititer plate (from Greiner, TC plate, black with clear base) and incubated at 37° C./5% CO2 for 24 hours. Prior to the measurement, the medium is replaced by 30 μl of Fluo-8 AM loading buffer [calcium-free Tyrode (130 mM NaCl, 5 mM KCl, 20 mM HEPES, 1 mM MgCl2, 4.8 mM NaHCO3, pH 7.4), 2 mM CaCl2, 1× SmartBlock (from CANDOR Bioscience GmbH), 4.5 mM Probenecid, 5 μM Fluo-8 AM, 0.016% Pluronic, 0.04% Brilliant black] and incubated at 37° C./5% CO2 for 30 minutes. The test substance is prepared in DMSO in various concentrations as a dose-response curve (starting concentration 10 mM, dilution factor 3.16) and prediluted 1:50 with calcium-free Tyrode/2 mM CaCl2. 10 μl of the prediluted substance solution are added to the Fluo-8-laden cells and incubated at 37° C./5% CO2 for 10 minutes. The FP receptor is activated by adding 20 μl of 3 nM (final concentration) PGF2α in calcium-free Tyrode/2 mM CaCl2/0.04% Brilliant black, and the calcium flux is determined by measuring the fluorescence at ex. 470 nm/em. 525 nm in a fluorescence measuring instrument (FLIPR Tetra, Molecular Devices) for 120 seconds.",CHEMBL5725856,P43088,Prostaglandin F2-alpha receptor,IC50,Cc1c(-c2ccccc2)nc2ccc(Br)cc2c1C(=O)NC12CCC(C(=O)O)(CC1)CC2,7.031517051446065
CHEMBL5968128,CHEMBL1987,Prostaglandin F2-alpha receptor,IC50,=,58.0,nM,CHEMBL5731608,B,"In Vitro Test of Inhibition of Human FP Receptor Activity : For the characterization of test substances in respect of FP antagonism, PGF2α-induced calcium flux in FP-expressing CHEM1 cells (Millipore, HTS093C) was used.3000 cells in 25 μl of full medium [DMEM F12, 10% FCS, 1.35 mM sodium pyruvate, 20 mM HEPES, 4 mM GlutaMAX, 2% sodium bicarbonate, 1% Pen/Strep, 1% 100× non-essential amino acids] are sown per well of a 384 multititer plate (from Greiner, TC plate, black with clear base) and incubated at 37° C./5% CO2 for 24 hours. Prior to the measurement, the medium is replaced by 30 μl of Fluo-8 AM loading buffer [calcium-free Tyrode (130 mM NaCl, 5 mM KCl, 20 mM HEPES, 1 mM MgCl2, 4.8 mM NaHCO3, pH 7.4), 2 mM CaCl2, 1× SmartBlock (from CANDOR Bioscience GmbH), 4.5 mM Probenecid, 5 μM Fluo-8 AM, 0.016% Pluronic, 0.04% Brilliant black] and incubated at 37° C./5% CO2 for 30 minutes. The test substance is prepared in DMSO in various concentrations as a dose-response curve (starting concentration 10 mM, dilution factor 3.16) and prediluted 1:50 with calcium-free Tyrode/2 mM CaCl2. 10 μl of the prediluted substance solution are added to the Fluo-8-laden cells and incubated at 37° C./5% CO2 for 10 minutes. The FP receptor is activated by adding 20 μl of 3 nM (final concentration) PGF2α in calcium-free Tyrode/2 mM CaCl2/0.04% Brilliant black, and the calcium flux is determined by measuring the fluorescence at ex. 470 nm/em. 525 nm in a fluorescence measuring instrument (FLIPR Tetra, Molecular Devices) for 120 seconds.",CHEMBL5725856,P43088,Prostaglandin F2-alpha receptor,IC50,Cc1c(-c2cc(Br)cs2)nc2ccc(Br)cc2c1C(=O)NC12CCC(C(=O)O)(CC1)CC2,7.236572006437063
CHEMBL5809851,CHEMBL1987,Prostaglandin F2-alpha receptor,IC50,=,235.0,nM,CHEMBL5731608,B,"In Vitro Test of Inhibition of Human FP Receptor Activity : For the characterization of test substances in respect of FP antagonism, PGF2α-induced calcium flux in FP-expressing CHEM1 cells (Millipore, HTS093C) was used.3000 cells in 25 μl of full medium [DMEM F12, 10% FCS, 1.35 mM sodium pyruvate, 20 mM HEPES, 4 mM GlutaMAX, 2% sodium bicarbonate, 1% Pen/Strep, 1% 100× non-essential amino acids] are sown per well of a 384 multititer plate (from Greiner, TC plate, black with clear base) and incubated at 37° C./5% CO2 for 24 hours. Prior to the measurement, the medium is replaced by 30 μl of Fluo-8 AM loading buffer [calcium-free Tyrode (130 mM NaCl, 5 mM KCl, 20 mM HEPES, 1 mM MgCl2, 4.8 mM NaHCO3, pH 7.4), 2 mM CaCl2, 1× SmartBlock (from CANDOR Bioscience GmbH), 4.5 mM Probenecid, 5 μM Fluo-8 AM, 0.016% Pluronic, 0.04% Brilliant black] and incubated at 37° C./5% CO2 for 30 minutes. The test substance is prepared in DMSO in various concentrations as a dose-response curve (starting concentration 10 mM, dilution factor 3.16) and prediluted 1:50 with calcium-free Tyrode/2 mM CaCl2. 10 μl of the prediluted substance solution are added to the Fluo-8-laden cells and incubated at 37° C./5% CO2 for 10 minutes. The FP receptor is activated by adding 20 μl of 3 nM (final concentration) PGF2α in calcium-free Tyrode/2 mM CaCl2/0.04% Brilliant black, and the calcium flux is determined by measuring the fluorescence at ex. 470 nm/em. 525 nm in a fluorescence measuring instrument (FLIPR Tetra, Molecular Devices) for 120 seconds.",CHEMBL5725856,P43088,Prostaglandin F2-alpha receptor,IC50,Cc1ccc(-c2nc3ccc(Br)cc3c(C(=O)NC34CCC(C(=O)O)(CC3)CC4)c2C)s1,6.628932137728263
CHEMBL5742733,CHEMBL1987,Prostaglandin F2-alpha receptor,IC50,=,240.0,nM,CHEMBL5731608,B,"In Vitro Test of Inhibition of Human FP Receptor Activity : For the characterization of test substances in respect of FP antagonism, PGF2α-induced calcium flux in FP-expressing CHEM1 cells (Millipore, HTS093C) was used.3000 cells in 25 μl of full medium [DMEM F12, 10% FCS, 1.35 mM sodium pyruvate, 20 mM HEPES, 4 mM GlutaMAX, 2% sodium bicarbonate, 1% Pen/Strep, 1% 100× non-essential amino acids] are sown per well of a 384 multititer plate (from Greiner, TC plate, black with clear base) and incubated at 37° C./5% CO2 for 24 hours. Prior to the measurement, the medium is replaced by 30 μl of Fluo-8 AM loading buffer [calcium-free Tyrode (130 mM NaCl, 5 mM KCl, 20 mM HEPES, 1 mM MgCl2, 4.8 mM NaHCO3, pH 7.4), 2 mM CaCl2, 1× SmartBlock (from CANDOR Bioscience GmbH), 4.5 mM Probenecid, 5 μM Fluo-8 AM, 0.016% Pluronic, 0.04% Brilliant black] and incubated at 37° C./5% CO2 for 30 minutes. The test substance is prepared in DMSO in various concentrations as a dose-response curve (starting concentration 10 mM, dilution factor 3.16) and prediluted 1:50 with calcium-free Tyrode/2 mM CaCl2. 10 μl of the prediluted substance solution are added to the Fluo-8-laden cells and incubated at 37° C./5% CO2 for 10 minutes. The FP receptor is activated by adding 20 μl of 3 nM (final concentration) PGF2α in calcium-free Tyrode/2 mM CaCl2/0.04% Brilliant black, and the calcium flux is determined by measuring the fluorescence at ex. 470 nm/em. 525 nm in a fluorescence measuring instrument (FLIPR Tetra, Molecular Devices) for 120 seconds.",CHEMBL5725856,P43088,Prostaglandin F2-alpha receptor,IC50,Cc1c(-c2ccc(Cl)s2)nc2ccc(Br)cc2c1C(=O)NC12CCC(C(=O)O)(CC1)CC2,6.619788758288394
CHEMBL5799315,CHEMBL1987,Prostaglandin F2-alpha receptor,IC50,=,383.0,nM,CHEMBL5731608,B,"In Vitro Test of Inhibition of Human FP Receptor Activity : For the characterization of test substances in respect of FP antagonism, PGF2α-induced calcium flux in FP-expressing CHEM1 cells (Millipore, HTS093C) was used.3000 cells in 25 μl of full medium [DMEM F12, 10% FCS, 1.35 mM sodium pyruvate, 20 mM HEPES, 4 mM GlutaMAX, 2% sodium bicarbonate, 1% Pen/Strep, 1% 100× non-essential amino acids] are sown per well of a 384 multititer plate (from Greiner, TC plate, black with clear base) and incubated at 37° C./5% CO2 for 24 hours. Prior to the measurement, the medium is replaced by 30 μl of Fluo-8 AM loading buffer [calcium-free Tyrode (130 mM NaCl, 5 mM KCl, 20 mM HEPES, 1 mM MgCl2, 4.8 mM NaHCO3, pH 7.4), 2 mM CaCl2, 1× SmartBlock (from CANDOR Bioscience GmbH), 4.5 mM Probenecid, 5 μM Fluo-8 AM, 0.016% Pluronic, 0.04% Brilliant black] and incubated at 37° C./5% CO2 for 30 minutes. The test substance is prepared in DMSO in various concentrations as a dose-response curve (starting concentration 10 mM, dilution factor 3.16) and prediluted 1:50 with calcium-free Tyrode/2 mM CaCl2. 10 μl of the prediluted substance solution are added to the Fluo-8-laden cells and incubated at 37° C./5% CO2 for 10 minutes. The FP receptor is activated by adding 20 μl of 3 nM (final concentration) PGF2α in calcium-free Tyrode/2 mM CaCl2/0.04% Brilliant black, and the calcium flux is determined by measuring the fluorescence at ex. 470 nm/em. 525 nm in a fluorescence measuring instrument (FLIPR Tetra, Molecular Devices) for 120 seconds.",CHEMBL5725856,P43088,Prostaglandin F2-alpha receptor,IC50,Cc1c(-c2ccc(Br)s2)nc2ccc(Br)cc2c1C(=O)NC12CCC(C(=O)O)(CC1)CC2,6.416801226031377
CHEMBL5774246,CHEMBL1987,Prostaglandin F2-alpha receptor,IC50,=,148.0,nM,CHEMBL5731608,B,"In Vitro Test of Inhibition of Human FP Receptor Activity : For the characterization of test substances in respect of FP antagonism, PGF2α-induced calcium flux in FP-expressing CHEM1 cells (Millipore, HTS093C) was used.3000 cells in 25 μl of full medium [DMEM F12, 10% FCS, 1.35 mM sodium pyruvate, 20 mM HEPES, 4 mM GlutaMAX, 2% sodium bicarbonate, 1% Pen/Strep, 1% 100× non-essential amino acids] are sown per well of a 384 multititer plate (from Greiner, TC plate, black with clear base) and incubated at 37° C./5% CO2 for 24 hours. Prior to the measurement, the medium is replaced by 30 μl of Fluo-8 AM loading buffer [calcium-free Tyrode (130 mM NaCl, 5 mM KCl, 20 mM HEPES, 1 mM MgCl2, 4.8 mM NaHCO3, pH 7.4), 2 mM CaCl2, 1× SmartBlock (from CANDOR Bioscience GmbH), 4.5 mM Probenecid, 5 μM Fluo-8 AM, 0.016% Pluronic, 0.04% Brilliant black] and incubated at 37° C./5% CO2 for 30 minutes. The test substance is prepared in DMSO in various concentrations as a dose-response curve (starting concentration 10 mM, dilution factor 3.16) and prediluted 1:50 with calcium-free Tyrode/2 mM CaCl2. 10 μl of the prediluted substance solution are added to the Fluo-8-laden cells and incubated at 37° C./5% CO2 for 10 minutes. The FP receptor is activated by adding 20 μl of 3 nM (final concentration) PGF2α in calcium-free Tyrode/2 mM CaCl2/0.04% Brilliant black, and the calcium flux is determined by measuring the fluorescence at ex. 470 nm/em. 525 nm in a fluorescence measuring instrument (FLIPR Tetra, Molecular Devices) for 120 seconds.",CHEMBL5725856,P43088,Prostaglandin F2-alpha receptor,IC50,C#Cc1ccc2nc(-c3ccccc3)c(C)c(C(=O)NC34CCC(C(=O)O)(CC3)CC4)c2c1,6.8297382846050425
CHEMBL5959684,CHEMBL1987,Prostaglandin F2-alpha receptor,IC50,=,637.0,nM,CHEMBL5731608,B,"In Vitro Test of Inhibition of Human FP Receptor Activity : For the characterization of test substances in respect of FP antagonism, PGF2α-induced calcium flux in FP-expressing CHEM1 cells (Millipore, HTS093C) was used.3000 cells in 25 μl of full medium [DMEM F12, 10% FCS, 1.35 mM sodium pyruvate, 20 mM HEPES, 4 mM GlutaMAX, 2% sodium bicarbonate, 1% Pen/Strep, 1% 100× non-essential amino acids] are sown per well of a 384 multititer plate (from Greiner, TC plate, black with clear base) and incubated at 37° C./5% CO2 for 24 hours. Prior to the measurement, the medium is replaced by 30 μl of Fluo-8 AM loading buffer [calcium-free Tyrode (130 mM NaCl, 5 mM KCl, 20 mM HEPES, 1 mM MgCl2, 4.8 mM NaHCO3, pH 7.4), 2 mM CaCl2, 1× SmartBlock (from CANDOR Bioscience GmbH), 4.5 mM Probenecid, 5 μM Fluo-8 AM, 0.016% Pluronic, 0.04% Brilliant black] and incubated at 37° C./5% CO2 for 30 minutes. The test substance is prepared in DMSO in various concentrations as a dose-response curve (starting concentration 10 mM, dilution factor 3.16) and prediluted 1:50 with calcium-free Tyrode/2 mM CaCl2. 10 μl of the prediluted substance solution are added to the Fluo-8-laden cells and incubated at 37° C./5% CO2 for 10 minutes. The FP receptor is activated by adding 20 μl of 3 nM (final concentration) PGF2α in calcium-free Tyrode/2 mM CaCl2/0.04% Brilliant black, and the calcium flux is determined by measuring the fluorescence at ex. 470 nm/em. 525 nm in a fluorescence measuring instrument (FLIPR Tetra, Molecular Devices) for 120 seconds.",CHEMBL5725856,P43088,Prostaglandin F2-alpha receptor,IC50,Cc1c(-c2ccccc2)nc2ccc(Br)cc2c1C(=O)NC12CCC(C(=O)O)(CC1)C(=O)C2,6.195860567664649
CHEMBL6051350,CHEMBL1987,Prostaglandin F2-alpha receptor,IC50,=,668.0,nM,CHEMBL5731608,B,"In Vitro Test of Inhibition of Human FP Receptor Activity : For the characterization of test substances in respect of FP antagonism, PGF2α-induced calcium flux in FP-expressing CHEM1 cells (Millipore, HTS093C) was used.3000 cells in 25 μl of full medium [DMEM F12, 10% FCS, 1.35 mM sodium pyruvate, 20 mM HEPES, 4 mM GlutaMAX, 2% sodium bicarbonate, 1% Pen/Strep, 1% 100× non-essential amino acids] are sown per well of a 384 multititer plate (from Greiner, TC plate, black with clear base) and incubated at 37° C./5% CO2 for 24 hours. Prior to the measurement, the medium is replaced by 30 μl of Fluo-8 AM loading buffer [calcium-free Tyrode (130 mM NaCl, 5 mM KCl, 20 mM HEPES, 1 mM MgCl2, 4.8 mM NaHCO3, pH 7.4), 2 mM CaCl2, 1× SmartBlock (from CANDOR Bioscience GmbH), 4.5 mM Probenecid, 5 μM Fluo-8 AM, 0.016% Pluronic, 0.04% Brilliant black] and incubated at 37° C./5% CO2 for 30 minutes. The test substance is prepared in DMSO in various concentrations as a dose-response curve (starting concentration 10 mM, dilution factor 3.16) and prediluted 1:50 with calcium-free Tyrode/2 mM CaCl2. 10 μl of the prediluted substance solution are added to the Fluo-8-laden cells and incubated at 37° C./5% CO2 for 10 minutes. The FP receptor is activated by adding 20 μl of 3 nM (final concentration) PGF2α in calcium-free Tyrode/2 mM CaCl2/0.04% Brilliant black, and the calcium flux is determined by measuring the fluorescence at ex. 470 nm/em. 525 nm in a fluorescence measuring instrument (FLIPR Tetra, Molecular Devices) for 120 seconds.",CHEMBL5725856,P43088,Prostaglandin F2-alpha receptor,IC50,Cc1c(-c2ccccc2)nc2ccc(Br)cc2c1C(=O)NC12CCC(C(=O)O)(CC1)C(F)(F)C2,6.175223537524454
CHEMBL5770708,CHEMBL1987,Prostaglandin F2-alpha receptor,IC50,=,435.0,nM,CHEMBL5731608,B,"In Vitro Test of Inhibition of Human FP Receptor Activity : For the characterization of test substances in respect of FP antagonism, PGF2α-induced calcium flux in FP-expressing CHEM1 cells (Millipore, HTS093C) was used.3000 cells in 25 μl of full medium [DMEM F12, 10% FCS, 1.35 mM sodium pyruvate, 20 mM HEPES, 4 mM GlutaMAX, 2% sodium bicarbonate, 1% Pen/Strep, 1% 100× non-essential amino acids] are sown per well of a 384 multititer plate (from Greiner, TC plate, black with clear base) and incubated at 37° C./5% CO2 for 24 hours. Prior to the measurement, the medium is replaced by 30 μl of Fluo-8 AM loading buffer [calcium-free Tyrode (130 mM NaCl, 5 mM KCl, 20 mM HEPES, 1 mM MgCl2, 4.8 mM NaHCO3, pH 7.4), 2 mM CaCl2, 1× SmartBlock (from CANDOR Bioscience GmbH), 4.5 mM Probenecid, 5 μM Fluo-8 AM, 0.016% Pluronic, 0.04% Brilliant black] and incubated at 37° C./5% CO2 for 30 minutes. The test substance is prepared in DMSO in various concentrations as a dose-response curve (starting concentration 10 mM, dilution factor 3.16) and prediluted 1:50 with calcium-free Tyrode/2 mM CaCl2. 10 μl of the prediluted substance solution are added to the Fluo-8-laden cells and incubated at 37° C./5% CO2 for 10 minutes. The FP receptor is activated by adding 20 μl of 3 nM (final concentration) PGF2α in calcium-free Tyrode/2 mM CaCl2/0.04% Brilliant black, and the calcium flux is determined by measuring the fluorescence at ex. 470 nm/em. 525 nm in a fluorescence measuring instrument (FLIPR Tetra, Molecular Devices) for 120 seconds.",CHEMBL5725856,P43088,Prostaglandin F2-alpha receptor,IC50,Cc1c(-c2ccccc2)nc2ccc(Br)cc2c1C(=O)NC12CCC(C(=O)O)(CC1)C(O)C2,6.361510743045363
CHEMBL5770911,CHEMBL1987,Prostaglandin F2-alpha receptor,IC50,=,197.0,nM,CHEMBL5731608,B,"In Vitro Test of Inhibition of Human FP Receptor Activity : For the characterization of test substances in respect of FP antagonism, PGF2α-induced calcium flux in FP-expressing CHEM1 cells (Millipore, HTS093C) was used.3000 cells in 25 μl of full medium [DMEM F12, 10% FCS, 1.35 mM sodium pyruvate, 20 mM HEPES, 4 mM GlutaMAX, 2% sodium bicarbonate, 1% Pen/Strep, 1% 100× non-essential amino acids] are sown per well of a 384 multititer plate (from Greiner, TC plate, black with clear base) and incubated at 37° C./5% CO2 for 24 hours. Prior to the measurement, the medium is replaced by 30 μl of Fluo-8 AM loading buffer [calcium-free Tyrode (130 mM NaCl, 5 mM KCl, 20 mM HEPES, 1 mM MgCl2, 4.8 mM NaHCO3, pH 7.4), 2 mM CaCl2, 1× SmartBlock (from CANDOR Bioscience GmbH), 4.5 mM Probenecid, 5 μM Fluo-8 AM, 0.016% Pluronic, 0.04% Brilliant black] and incubated at 37° C./5% CO2 for 30 minutes. The test substance is prepared in DMSO in various concentrations as a dose-response curve (starting concentration 10 mM, dilution factor 3.16) and prediluted 1:50 with calcium-free Tyrode/2 mM CaCl2. 10 μl of the prediluted substance solution are added to the Fluo-8-laden cells and incubated at 37° C./5% CO2 for 10 minutes. The FP receptor is activated by adding 20 μl of 3 nM (final concentration) PGF2α in calcium-free Tyrode/2 mM CaCl2/0.04% Brilliant black, and the calcium flux is determined by measuring the fluorescence at ex. 470 nm/em. 525 nm in a fluorescence measuring instrument (FLIPR Tetra, Molecular Devices) for 120 seconds.",CHEMBL5725856,P43088,Prostaglandin F2-alpha receptor,IC50,Cc1c(-c2ccccc2)nc2ccc(Br)cc2c1C(=O)NC12CCC(C(=O)O)(CC1)C(F)C2,6.7055337738384075
CHEMBL5770911,CHEMBL1987,Prostaglandin F2-alpha receptor,IC50,=,83.0,nM,CHEMBL5731608,B,"In Vitro Test of Inhibition of Human FP Receptor Activity : For the characterization of test substances in respect of FP antagonism, PGF2α-induced calcium flux in FP-expressing CHEM1 cells (Millipore, HTS093C) was used.3000 cells in 25 μl of full medium [DMEM F12, 10% FCS, 1.35 mM sodium pyruvate, 20 mM HEPES, 4 mM GlutaMAX, 2% sodium bicarbonate, 1% Pen/Strep, 1% 100× non-essential amino acids] are sown per well of a 384 multititer plate (from Greiner, TC plate, black with clear base) and incubated at 37° C./5% CO2 for 24 hours. Prior to the measurement, the medium is replaced by 30 μl of Fluo-8 AM loading buffer [calcium-free Tyrode (130 mM NaCl, 5 mM KCl, 20 mM HEPES, 1 mM MgCl2, 4.8 mM NaHCO3, pH 7.4), 2 mM CaCl2, 1× SmartBlock (from CANDOR Bioscience GmbH), 4.5 mM Probenecid, 5 μM Fluo-8 AM, 0.016% Pluronic, 0.04% Brilliant black] and incubated at 37° C./5% CO2 for 30 minutes. The test substance is prepared in DMSO in various concentrations as a dose-response curve (starting concentration 10 mM, dilution factor 3.16) and prediluted 1:50 with calcium-free Tyrode/2 mM CaCl2. 10 μl of the prediluted substance solution are added to the Fluo-8-laden cells and incubated at 37° C./5% CO2 for 10 minutes. The FP receptor is activated by adding 20 μl of 3 nM (final concentration) PGF2α in calcium-free Tyrode/2 mM CaCl2/0.04% Brilliant black, and the calcium flux is determined by measuring the fluorescence at ex. 470 nm/em. 525 nm in a fluorescence measuring instrument (FLIPR Tetra, Molecular Devices) for 120 seconds.",CHEMBL5725856,P43088,Prostaglandin F2-alpha receptor,IC50,Cc1c(-c2ccccc2)nc2ccc(Br)cc2c1C(=O)NC12CCC(C(=O)O)(CC1)C(F)C2,7.080921907623926
CHEMBL5770911,CHEMBL1987,Prostaglandin F2-alpha receptor,IC50,=,193.0,nM,CHEMBL5731608,B,"In Vitro Test of Inhibition of Human FP Receptor Activity : For the characterization of test substances in respect of FP antagonism, PGF2α-induced calcium flux in FP-expressing CHEM1 cells (Millipore, HTS093C) was used.3000 cells in 25 μl of full medium [DMEM F12, 10% FCS, 1.35 mM sodium pyruvate, 20 mM HEPES, 4 mM GlutaMAX, 2% sodium bicarbonate, 1% Pen/Strep, 1% 100× non-essential amino acids] are sown per well of a 384 multititer plate (from Greiner, TC plate, black with clear base) and incubated at 37° C./5% CO2 for 24 hours. Prior to the measurement, the medium is replaced by 30 μl of Fluo-8 AM loading buffer [calcium-free Tyrode (130 mM NaCl, 5 mM KCl, 20 mM HEPES, 1 mM MgCl2, 4.8 mM NaHCO3, pH 7.4), 2 mM CaCl2, 1× SmartBlock (from CANDOR Bioscience GmbH), 4.5 mM Probenecid, 5 μM Fluo-8 AM, 0.016% Pluronic, 0.04% Brilliant black] and incubated at 37° C./5% CO2 for 30 minutes. The test substance is prepared in DMSO in various concentrations as a dose-response curve (starting concentration 10 mM, dilution factor 3.16) and prediluted 1:50 with calcium-free Tyrode/2 mM CaCl2. 10 μl of the prediluted substance solution are added to the Fluo-8-laden cells and incubated at 37° C./5% CO2 for 10 minutes. The FP receptor is activated by adding 20 μl of 3 nM (final concentration) PGF2α in calcium-free Tyrode/2 mM CaCl2/0.04% Brilliant black, and the calcium flux is determined by measuring the fluorescence at ex. 470 nm/em. 525 nm in a fluorescence measuring instrument (FLIPR Tetra, Molecular Devices) for 120 seconds.",CHEMBL5725856,P43088,Prostaglandin F2-alpha receptor,IC50,Cc1c(-c2ccccc2)nc2ccc(Br)cc2c1C(=O)NC12CCC(C(=O)O)(CC1)C(F)C2,6.714442690992226
CHEMBL5806762,CHEMBL1987,Prostaglandin F2-alpha receptor,IC50,=,82.0,nM,CHEMBL5731608,B,"In Vitro Test of Inhibition of Human FP Receptor Activity : For the characterization of test substances in respect of FP antagonism, PGF2α-induced calcium flux in FP-expressing CHEM1 cells (Millipore, HTS093C) was used.3000 cells in 25 μl of full medium [DMEM F12, 10% FCS, 1.35 mM sodium pyruvate, 20 mM HEPES, 4 mM GlutaMAX, 2% sodium bicarbonate, 1% Pen/Strep, 1% 100× non-essential amino acids] are sown per well of a 384 multititer plate (from Greiner, TC plate, black with clear base) and incubated at 37° C./5% CO2 for 24 hours. Prior to the measurement, the medium is replaced by 30 μl of Fluo-8 AM loading buffer [calcium-free Tyrode (130 mM NaCl, 5 mM KCl, 20 mM HEPES, 1 mM MgCl2, 4.8 mM NaHCO3, pH 7.4), 2 mM CaCl2, 1× SmartBlock (from CANDOR Bioscience GmbH), 4.5 mM Probenecid, 5 μM Fluo-8 AM, 0.016% Pluronic, 0.04% Brilliant black] and incubated at 37° C./5% CO2 for 30 minutes. The test substance is prepared in DMSO in various concentrations as a dose-response curve (starting concentration 10 mM, dilution factor 3.16) and prediluted 1:50 with calcium-free Tyrode/2 mM CaCl2. 10 μl of the prediluted substance solution are added to the Fluo-8-laden cells and incubated at 37° C./5% CO2 for 10 minutes. The FP receptor is activated by adding 20 μl of 3 nM (final concentration) PGF2α in calcium-free Tyrode/2 mM CaCl2/0.04% Brilliant black, and the calcium flux is determined by measuring the fluorescence at ex. 470 nm/em. 525 nm in a fluorescence measuring instrument (FLIPR Tetra, Molecular Devices) for 120 seconds.",CHEMBL5725856,P43088,Prostaglandin F2-alpha receptor,IC50,Cc1c(-c2ccccc2)nc2ccc(Br)cc2c1C(=O)NC12CCC(C(=O)O)(CC1=O)CC2=O,7.086186147616283
CHEMBL5765040,CHEMBL1987,Prostaglandin F2-alpha receptor,IC50,=,762.0,nM,CHEMBL5731608,B,"In Vitro Test of Inhibition of Human FP Receptor Activity : For the characterization of test substances in respect of FP antagonism, PGF2α-induced calcium flux in FP-expressing CHEM1 cells (Millipore, HTS093C) was used.3000 cells in 25 μl of full medium [DMEM F12, 10% FCS, 1.35 mM sodium pyruvate, 20 mM HEPES, 4 mM GlutaMAX, 2% sodium bicarbonate, 1% Pen/Strep, 1% 100× non-essential amino acids] are sown per well of a 384 multititer plate (from Greiner, TC plate, black with clear base) and incubated at 37° C./5% CO2 for 24 hours. Prior to the measurement, the medium is replaced by 30 μl of Fluo-8 AM loading buffer [calcium-free Tyrode (130 mM NaCl, 5 mM KCl, 20 mM HEPES, 1 mM MgCl2, 4.8 mM NaHCO3, pH 7.4), 2 mM CaCl2, 1× SmartBlock (from CANDOR Bioscience GmbH), 4.5 mM Probenecid, 5 μM Fluo-8 AM, 0.016% Pluronic, 0.04% Brilliant black] and incubated at 37° C./5% CO2 for 30 minutes. The test substance is prepared in DMSO in various concentrations as a dose-response curve (starting concentration 10 mM, dilution factor 3.16) and prediluted 1:50 with calcium-free Tyrode/2 mM CaCl2. 10 μl of the prediluted substance solution are added to the Fluo-8-laden cells and incubated at 37° C./5% CO2 for 10 minutes. The FP receptor is activated by adding 20 μl of 3 nM (final concentration) PGF2α in calcium-free Tyrode/2 mM CaCl2/0.04% Brilliant black, and the calcium flux is determined by measuring the fluorescence at ex. 470 nm/em. 525 nm in a fluorescence measuring instrument (FLIPR Tetra, Molecular Devices) for 120 seconds.",CHEMBL5725856,P43088,Prostaglandin F2-alpha receptor,IC50,Cc1c(-c2ccccc2)nc2ccc(I)cc2c1C(=O)NC12CCC(C(=O)O)(CC1)OC2,6.118045028660399
CHEMBL5808752,CHEMBL1987,Prostaglandin F2-alpha receptor,IC50,=,824.0,nM,CHEMBL5731608,B,"In Vitro Test of Inhibition of Human FP Receptor Activity : For the characterization of test substances in respect of FP antagonism, PGF2α-induced calcium flux in FP-expressing CHEM1 cells (Millipore, HTS093C) was used.3000 cells in 25 μl of full medium [DMEM F12, 10% FCS, 1.35 mM sodium pyruvate, 20 mM HEPES, 4 mM GlutaMAX, 2% sodium bicarbonate, 1% Pen/Strep, 1% 100× non-essential amino acids] are sown per well of a 384 multititer plate (from Greiner, TC plate, black with clear base) and incubated at 37° C./5% CO2 for 24 hours. Prior to the measurement, the medium is replaced by 30 μl of Fluo-8 AM loading buffer [calcium-free Tyrode (130 mM NaCl, 5 mM KCl, 20 mM HEPES, 1 mM MgCl2, 4.8 mM NaHCO3, pH 7.4), 2 mM CaCl2, 1× SmartBlock (from CANDOR Bioscience GmbH), 4.5 mM Probenecid, 5 μM Fluo-8 AM, 0.016% Pluronic, 0.04% Brilliant black] and incubated at 37° C./5% CO2 for 30 minutes. The test substance is prepared in DMSO in various concentrations as a dose-response curve (starting concentration 10 mM, dilution factor 3.16) and prediluted 1:50 with calcium-free Tyrode/2 mM CaCl2. 10 μl of the prediluted substance solution are added to the Fluo-8-laden cells and incubated at 37° C./5% CO2 for 10 minutes. The FP receptor is activated by adding 20 μl of 3 nM (final concentration) PGF2α in calcium-free Tyrode/2 mM CaCl2/0.04% Brilliant black, and the calcium flux is determined by measuring the fluorescence at ex. 470 nm/em. 525 nm in a fluorescence measuring instrument (FLIPR Tetra, Molecular Devices) for 120 seconds.",CHEMBL5725856,P43088,Prostaglandin F2-alpha receptor,IC50,Cc1c(-c2ccccc2)nc2ccc(Br)cc2c1C(=O)N[C@@H]1[C@@H]2CC[C@H]1C[C@H](C(=O)O)C2,6.084072788302884
CHEMBL6024912,CHEMBL1987,Prostaglandin F2-alpha receptor,IC50,=,762.0,nM,CHEMBL5731608,B,"In Vitro Test of Inhibition of Human FP Receptor Activity : For the characterization of test substances in respect of FP antagonism, PGF2α-induced calcium flux in FP-expressing CHEM1 cells (Millipore, HTS093C) was used.3000 cells in 25 μl of full medium [DMEM F12, 10% FCS, 1.35 mM sodium pyruvate, 20 mM HEPES, 4 mM GlutaMAX, 2% sodium bicarbonate, 1% Pen/Strep, 1% 100× non-essential amino acids] are sown per well of a 384 multititer plate (from Greiner, TC plate, black with clear base) and incubated at 37° C./5% CO2 for 24 hours. Prior to the measurement, the medium is replaced by 30 μl of Fluo-8 AM loading buffer [calcium-free Tyrode (130 mM NaCl, 5 mM KCl, 20 mM HEPES, 1 mM MgCl2, 4.8 mM NaHCO3, pH 7.4), 2 mM CaCl2, 1× SmartBlock (from CANDOR Bioscience GmbH), 4.5 mM Probenecid, 5 μM Fluo-8 AM, 0.016% Pluronic, 0.04% Brilliant black] and incubated at 37° C./5% CO2 for 30 minutes. The test substance is prepared in DMSO in various concentrations as a dose-response curve (starting concentration 10 mM, dilution factor 3.16) and prediluted 1:50 with calcium-free Tyrode/2 mM CaCl2. 10 μl of the prediluted substance solution are added to the Fluo-8-laden cells and incubated at 37° C./5% CO2 for 10 minutes. The FP receptor is activated by adding 20 μl of 3 nM (final concentration) PGF2α in calcium-free Tyrode/2 mM CaCl2/0.04% Brilliant black, and the calcium flux is determined by measuring the fluorescence at ex. 470 nm/em. 525 nm in a fluorescence measuring instrument (FLIPR Tetra, Molecular Devices) for 120 seconds.",CHEMBL5725856,P43088,Prostaglandin F2-alpha receptor,IC50,N#Cc1c(-c2ccccc2)nc2ccc(Br)cc2c1C(=O)NC12CCC(C(=O)O)(CC1)CC2,6.118045028660399
CHEMBL5758040,CHEMBL1987,Prostaglandin F2-alpha receptor,IC50,=,440.0,nM,CHEMBL5731608,B,"In Vitro Test of Inhibition of Human FP Receptor Activity : For the characterization of test substances in respect of FP antagonism, PGF2α-induced calcium flux in FP-expressing CHEM1 cells (Millipore, HTS093C) was used.3000 cells in 25 μl of full medium [DMEM F12, 10% FCS, 1.35 mM sodium pyruvate, 20 mM HEPES, 4 mM GlutaMAX, 2% sodium bicarbonate, 1% Pen/Strep, 1% 100× non-essential amino acids] are sown per well of a 384 multititer plate (from Greiner, TC plate, black with clear base) and incubated at 37° C./5% CO2 for 24 hours. Prior to the measurement, the medium is replaced by 30 μl of Fluo-8 AM loading buffer [calcium-free Tyrode (130 mM NaCl, 5 mM KCl, 20 mM HEPES, 1 mM MgCl2, 4.8 mM NaHCO3, pH 7.4), 2 mM CaCl2, 1× SmartBlock (from CANDOR Bioscience GmbH), 4.5 mM Probenecid, 5 μM Fluo-8 AM, 0.016% Pluronic, 0.04% Brilliant black] and incubated at 37° C./5% CO2 for 30 minutes. The test substance is prepared in DMSO in various concentrations as a dose-response curve (starting concentration 10 mM, dilution factor 3.16) and prediluted 1:50 with calcium-free Tyrode/2 mM CaCl2. 10 μl of the prediluted substance solution are added to the Fluo-8-laden cells and incubated at 37° C./5% CO2 for 10 minutes. The FP receptor is activated by adding 20 μl of 3 nM (final concentration) PGF2α in calcium-free Tyrode/2 mM CaCl2/0.04% Brilliant black, and the calcium flux is determined by measuring the fluorescence at ex. 470 nm/em. 525 nm in a fluorescence measuring instrument (FLIPR Tetra, Molecular Devices) for 120 seconds.",CHEMBL5725856,P43088,Prostaglandin F2-alpha receptor,IC50,C=Cc1c(-c2ccccc2)nc2ccc(Br)cc2c1C(=O)NC12CCC(C(=O)O)(CC1)CC2,6.356547323513812
CHEMBL4764092,CHEMBL1987,Prostaglandin F2-alpha receptor,IC50,=,166.0,nM,CHEMBL5732291,B,"In Vitro Test of Inhibition of Human FP Receptor Activity (B-1A): For the characterization of test substances in respect of FP antagonism, PGF2α-induced calcium flux in FP-expressing CHEM1 cells (Millipore, HTS093C) was used.3000 cells in 25 μl of full medium [DMEM F12, 10% FCS, 1.35 mM sodium pyruvate, 20 mM HEPES, 4 mM GlutaMAX, 2% sodium bicarbonate, 1% Pen/Strep, 1% 100× non-essential amino acids] are sown per well of a 384 multititer plate (from Greiner, TC plate, black with clear base) and incubated at 37° C./5% CO2 for 24 hours. Prior to the measurement, the medium is replaced by 30 μl of Fluo-8 AM loading buffer [calcium-free Tyrode (130 mM NaCl, 5 mM KCl, 20 mM HEPES, 1 mM MgCl2, 4.8 mM NaHCO3, pH 7.4), 2 mM CaCl2, 1× SmartBlock (from CANDOR Bioscience GmbH), 4.5 mM Probenecid, 5 μM Fluo-8 AM, 0.016% Pluronic, 0.04% Brilliant black] and incubated at 37° C./5% CO2 for 30 minutes. The test substance is prepared in DMSO in various concentrations as a dose-response curve (starting concentration 10 mM, dilution factor 3.16) and prediluted 1:50 with calcium-free Tyrode/2 mM CaCl2. 10 μl of the prediluted substance solution are added to the Fluo-8-laden cells and incubated at 37° C./5% CO2 for 10 minutes. The FP receptor is activated by adding 20 μl of 3 nM (final concentration) PGF2α in calcium-free Tyrode/2 mM CaCl2/0.04% Brilliant black, and the calcium flux is determined by measuring the fluorescence at ex. 470 nm/em. 525 nm in a fluorescence measuring instrument (FLIPR Tetra, Molecular Devices) for 120 seconds.",CHEMBL5726207,P43088,Prostaglandin F2-alpha receptor,IC50,Cc1c(-c2ccccc2)nc2ccc(Br)cc2c1C(=O)Nc1ccc(C(=O)O)cc1,6.779891911959945
CHEMBL5800095,CHEMBL1987,Prostaglandin F2-alpha receptor,IC50,=,148.0,nM,CHEMBL5732291,B,"In Vitro Test of Inhibition of Human FP Receptor Activity (B-1A): For the characterization of test substances in respect of FP antagonism, PGF2α-induced calcium flux in FP-expressing CHEM1 cells (Millipore, HTS093C) was used.3000 cells in 25 μl of full medium [DMEM F12, 10% FCS, 1.35 mM sodium pyruvate, 20 mM HEPES, 4 mM GlutaMAX, 2% sodium bicarbonate, 1% Pen/Strep, 1% 100× non-essential amino acids] are sown per well of a 384 multititer plate (from Greiner, TC plate, black with clear base) and incubated at 37° C./5% CO2 for 24 hours. Prior to the measurement, the medium is replaced by 30 μl of Fluo-8 AM loading buffer [calcium-free Tyrode (130 mM NaCl, 5 mM KCl, 20 mM HEPES, 1 mM MgCl2, 4.8 mM NaHCO3, pH 7.4), 2 mM CaCl2, 1× SmartBlock (from CANDOR Bioscience GmbH), 4.5 mM Probenecid, 5 μM Fluo-8 AM, 0.016% Pluronic, 0.04% Brilliant black] and incubated at 37° C./5% CO2 for 30 minutes. The test substance is prepared in DMSO in various concentrations as a dose-response curve (starting concentration 10 mM, dilution factor 3.16) and prediluted 1:50 with calcium-free Tyrode/2 mM CaCl2. 10 μl of the prediluted substance solution are added to the Fluo-8-laden cells and incubated at 37° C./5% CO2 for 10 minutes. The FP receptor is activated by adding 20 μl of 3 nM (final concentration) PGF2α in calcium-free Tyrode/2 mM CaCl2/0.04% Brilliant black, and the calcium flux is determined by measuring the fluorescence at ex. 470 nm/em. 525 nm in a fluorescence measuring instrument (FLIPR Tetra, Molecular Devices) for 120 seconds.",CHEMBL5726207,P43088,Prostaglandin F2-alpha receptor,IC50,Cc1c(-c2ccccc2)nc2ccc(Br)cc2c1C(=O)Nc1ccc(C(=O)O)cn1,6.8297382846050425
CHEMBL6020108,CHEMBL1987,Prostaglandin F2-alpha receptor,IC50,=,170.0,nM,CHEMBL5732291,B,"In Vitro Test of Inhibition of Human FP Receptor Activity (B-1A): For the characterization of test substances in respect of FP antagonism, PGF2α-induced calcium flux in FP-expressing CHEM1 cells (Millipore, HTS093C) was used.3000 cells in 25 μl of full medium [DMEM F12, 10% FCS, 1.35 mM sodium pyruvate, 20 mM HEPES, 4 mM GlutaMAX, 2% sodium bicarbonate, 1% Pen/Strep, 1% 100× non-essential amino acids] are sown per well of a 384 multititer plate (from Greiner, TC plate, black with clear base) and incubated at 37° C./5% CO2 for 24 hours. Prior to the measurement, the medium is replaced by 30 μl of Fluo-8 AM loading buffer [calcium-free Tyrode (130 mM NaCl, 5 mM KCl, 20 mM HEPES, 1 mM MgCl2, 4.8 mM NaHCO3, pH 7.4), 2 mM CaCl2, 1× SmartBlock (from CANDOR Bioscience GmbH), 4.5 mM Probenecid, 5 μM Fluo-8 AM, 0.016% Pluronic, 0.04% Brilliant black] and incubated at 37° C./5% CO2 for 30 minutes. The test substance is prepared in DMSO in various concentrations as a dose-response curve (starting concentration 10 mM, dilution factor 3.16) and prediluted 1:50 with calcium-free Tyrode/2 mM CaCl2. 10 μl of the prediluted substance solution are added to the Fluo-8-laden cells and incubated at 37° C./5% CO2 for 10 minutes. The FP receptor is activated by adding 20 μl of 3 nM (final concentration) PGF2α in calcium-free Tyrode/2 mM CaCl2/0.04% Brilliant black, and the calcium flux is determined by measuring the fluorescence at ex. 470 nm/em. 525 nm in a fluorescence measuring instrument (FLIPR Tetra, Molecular Devices) for 120 seconds.",CHEMBL5726207,P43088,Prostaglandin F2-alpha receptor,IC50,Cc1c(-c2ccccc2)nc2ccc(Br)cc2c1C(=O)Nc1cnc(C(=O)O)cn1,6.769551078621726
CHEMBL5829707,CHEMBL1987,Prostaglandin F2-alpha receptor,IC50,=,880.0,nM,CHEMBL5732291,B,"In Vitro Test of Inhibition of Human FP Receptor Activity (B-1A): For the characterization of test substances in respect of FP antagonism, PGF2α-induced calcium flux in FP-expressing CHEM1 cells (Millipore, HTS093C) was used.3000 cells in 25 μl of full medium [DMEM F12, 10% FCS, 1.35 mM sodium pyruvate, 20 mM HEPES, 4 mM GlutaMAX, 2% sodium bicarbonate, 1% Pen/Strep, 1% 100× non-essential amino acids] are sown per well of a 384 multititer plate (from Greiner, TC plate, black with clear base) and incubated at 37° C./5% CO2 for 24 hours. Prior to the measurement, the medium is replaced by 30 μl of Fluo-8 AM loading buffer [calcium-free Tyrode (130 mM NaCl, 5 mM KCl, 20 mM HEPES, 1 mM MgCl2, 4.8 mM NaHCO3, pH 7.4), 2 mM CaCl2, 1× SmartBlock (from CANDOR Bioscience GmbH), 4.5 mM Probenecid, 5 μM Fluo-8 AM, 0.016% Pluronic, 0.04% Brilliant black] and incubated at 37° C./5% CO2 for 30 minutes. The test substance is prepared in DMSO in various concentrations as a dose-response curve (starting concentration 10 mM, dilution factor 3.16) and prediluted 1:50 with calcium-free Tyrode/2 mM CaCl2. 10 μl of the prediluted substance solution are added to the Fluo-8-laden cells and incubated at 37° C./5% CO2 for 10 minutes. The FP receptor is activated by adding 20 μl of 3 nM (final concentration) PGF2α in calcium-free Tyrode/2 mM CaCl2/0.04% Brilliant black, and the calcium flux is determined by measuring the fluorescence at ex. 470 nm/em. 525 nm in a fluorescence measuring instrument (FLIPR Tetra, Molecular Devices) for 120 seconds.",CHEMBL5726207,P43088,Prostaglandin F2-alpha receptor,IC50,Cc1c(-c2ccccc2)nc2ccc(Br)cc2c1C(=O)Nc1cnc(C(=O)O)nc1,6.055517327849831
CHEMBL6056690,CHEMBL1987,Prostaglandin F2-alpha receptor,IC50,=,905.0,nM,CHEMBL5732291,B,"In Vitro Test of Inhibition of Human FP Receptor Activity (B-1A): For the characterization of test substances in respect of FP antagonism, PGF2α-induced calcium flux in FP-expressing CHEM1 cells (Millipore, HTS093C) was used.3000 cells in 25 μl of full medium [DMEM F12, 10% FCS, 1.35 mM sodium pyruvate, 20 mM HEPES, 4 mM GlutaMAX, 2% sodium bicarbonate, 1% Pen/Strep, 1% 100× non-essential amino acids] are sown per well of a 384 multititer plate (from Greiner, TC plate, black with clear base) and incubated at 37° C./5% CO2 for 24 hours. Prior to the measurement, the medium is replaced by 30 μl of Fluo-8 AM loading buffer [calcium-free Tyrode (130 mM NaCl, 5 mM KCl, 20 mM HEPES, 1 mM MgCl2, 4.8 mM NaHCO3, pH 7.4), 2 mM CaCl2, 1× SmartBlock (from CANDOR Bioscience GmbH), 4.5 mM Probenecid, 5 μM Fluo-8 AM, 0.016% Pluronic, 0.04% Brilliant black] and incubated at 37° C./5% CO2 for 30 minutes. The test substance is prepared in DMSO in various concentrations as a dose-response curve (starting concentration 10 mM, dilution factor 3.16) and prediluted 1:50 with calcium-free Tyrode/2 mM CaCl2. 10 μl of the prediluted substance solution are added to the Fluo-8-laden cells and incubated at 37° C./5% CO2 for 10 minutes. The FP receptor is activated by adding 20 μl of 3 nM (final concentration) PGF2α in calcium-free Tyrode/2 mM CaCl2/0.04% Brilliant black, and the calcium flux is determined by measuring the fluorescence at ex. 470 nm/em. 525 nm in a fluorescence measuring instrument (FLIPR Tetra, Molecular Devices) for 120 seconds.",CHEMBL5726207,P43088,Prostaglandin F2-alpha receptor,IC50,Cc1nc(C(=O)O)ccc1NC(=O)c1c(C)c(-c2ccccc2)nc2ccc(Br)cc12,6.043351420794797
CHEMBL6064229,CHEMBL1987,Prostaglandin F2-alpha receptor,IC50,=,79.0,nM,CHEMBL5732291,B,"In Vitro Test of Inhibition of Human FP Receptor Activity (B-1A): For the characterization of test substances in respect of FP antagonism, PGF2α-induced calcium flux in FP-expressing CHEM1 cells (Millipore, HTS093C) was used.3000 cells in 25 μl of full medium [DMEM F12, 10% FCS, 1.35 mM sodium pyruvate, 20 mM HEPES, 4 mM GlutaMAX, 2% sodium bicarbonate, 1% Pen/Strep, 1% 100× non-essential amino acids] are sown per well of a 384 multititer plate (from Greiner, TC plate, black with clear base) and incubated at 37° C./5% CO2 for 24 hours. Prior to the measurement, the medium is replaced by 30 μl of Fluo-8 AM loading buffer [calcium-free Tyrode (130 mM NaCl, 5 mM KCl, 20 mM HEPES, 1 mM MgCl2, 4.8 mM NaHCO3, pH 7.4), 2 mM CaCl2, 1× SmartBlock (from CANDOR Bioscience GmbH), 4.5 mM Probenecid, 5 μM Fluo-8 AM, 0.016% Pluronic, 0.04% Brilliant black] and incubated at 37° C./5% CO2 for 30 minutes. The test substance is prepared in DMSO in various concentrations as a dose-response curve (starting concentration 10 mM, dilution factor 3.16) and prediluted 1:50 with calcium-free Tyrode/2 mM CaCl2. 10 μl of the prediluted substance solution are added to the Fluo-8-laden cells and incubated at 37° C./5% CO2 for 10 minutes. The FP receptor is activated by adding 20 μl of 3 nM (final concentration) PGF2α in calcium-free Tyrode/2 mM CaCl2/0.04% Brilliant black, and the calcium flux is determined by measuring the fluorescence at ex. 470 nm/em. 525 nm in a fluorescence measuring instrument (FLIPR Tetra, Molecular Devices) for 120 seconds.",CHEMBL5726207,P43088,Prostaglandin F2-alpha receptor,IC50,Cc1c(-c2ccccc2)nc2ccc(Br)cc2c1C(=O)Nc1ncc(C(=O)O)cc1F,7.102372908709558
CHEMBL4755942,CHEMBL1987,Prostaglandin F2-alpha receptor,IC50,=,20.0,nM,CHEMBL5732291,B,"In Vitro Test of Inhibition of Human FP Receptor Activity (B-1A): For the characterization of test substances in respect of FP antagonism, PGF2α-induced calcium flux in FP-expressing CHEM1 cells (Millipore, HTS093C) was used.3000 cells in 25 μl of full medium [DMEM F12, 10% FCS, 1.35 mM sodium pyruvate, 20 mM HEPES, 4 mM GlutaMAX, 2% sodium bicarbonate, 1% Pen/Strep, 1% 100× non-essential amino acids] are sown per well of a 384 multititer plate (from Greiner, TC plate, black with clear base) and incubated at 37° C./5% CO2 for 24 hours. Prior to the measurement, the medium is replaced by 30 μl of Fluo-8 AM loading buffer [calcium-free Tyrode (130 mM NaCl, 5 mM KCl, 20 mM HEPES, 1 mM MgCl2, 4.8 mM NaHCO3, pH 7.4), 2 mM CaCl2, 1× SmartBlock (from CANDOR Bioscience GmbH), 4.5 mM Probenecid, 5 μM Fluo-8 AM, 0.016% Pluronic, 0.04% Brilliant black] and incubated at 37° C./5% CO2 for 30 minutes. The test substance is prepared in DMSO in various concentrations as a dose-response curve (starting concentration 10 mM, dilution factor 3.16) and prediluted 1:50 with calcium-free Tyrode/2 mM CaCl2. 10 μl of the prediluted substance solution are added to the Fluo-8-laden cells and incubated at 37° C./5% CO2 for 10 minutes. The FP receptor is activated by adding 20 μl of 3 nM (final concentration) PGF2α in calcium-free Tyrode/2 mM CaCl2/0.04% Brilliant black, and the calcium flux is determined by measuring the fluorescence at ex. 470 nm/em. 525 nm in a fluorescence measuring instrument (FLIPR Tetra, Molecular Devices) for 120 seconds.",CHEMBL5726207,P43088,Prostaglandin F2-alpha receptor,IC50,Cc1c(-c2ccccc2)nc2ccc(Br)cc2c1C(=O)Nc1ccc(C(=O)O)cc1F,7.698970004336019
CHEMBL6049387,CHEMBL1987,Prostaglandin F2-alpha receptor,IC50,=,795.0,nM,CHEMBL5732291,B,"In Vitro Test of Inhibition of Human FP Receptor Activity (B-1A): For the characterization of test substances in respect of FP antagonism, PGF2α-induced calcium flux in FP-expressing CHEM1 cells (Millipore, HTS093C) was used.3000 cells in 25 μl of full medium [DMEM F12, 10% FCS, 1.35 mM sodium pyruvate, 20 mM HEPES, 4 mM GlutaMAX, 2% sodium bicarbonate, 1% Pen/Strep, 1% 100× non-essential amino acids] are sown per well of a 384 multititer plate (from Greiner, TC plate, black with clear base) and incubated at 37° C./5% CO2 for 24 hours. Prior to the measurement, the medium is replaced by 30 μl of Fluo-8 AM loading buffer [calcium-free Tyrode (130 mM NaCl, 5 mM KCl, 20 mM HEPES, 1 mM MgCl2, 4.8 mM NaHCO3, pH 7.4), 2 mM CaCl2, 1× SmartBlock (from CANDOR Bioscience GmbH), 4.5 mM Probenecid, 5 μM Fluo-8 AM, 0.016% Pluronic, 0.04% Brilliant black] and incubated at 37° C./5% CO2 for 30 minutes. The test substance is prepared in DMSO in various concentrations as a dose-response curve (starting concentration 10 mM, dilution factor 3.16) and prediluted 1:50 with calcium-free Tyrode/2 mM CaCl2. 10 μl of the prediluted substance solution are added to the Fluo-8-laden cells and incubated at 37° C./5% CO2 for 10 minutes. The FP receptor is activated by adding 20 μl of 3 nM (final concentration) PGF2α in calcium-free Tyrode/2 mM CaCl2/0.04% Brilliant black, and the calcium flux is determined by measuring the fluorescence at ex. 470 nm/em. 525 nm in a fluorescence measuring instrument (FLIPR Tetra, Molecular Devices) for 120 seconds.",CHEMBL5726207,P43088,Prostaglandin F2-alpha receptor,IC50,Cc1c(-c2ccccc2)nc2ccc(Br)cc2c1C(=O)Nc1ccc(C(=O)O)c(F)c1,6.0996328713435295
CHEMBL5744737,CHEMBL1987,Prostaglandin F2-alpha receptor,IC50,=,65.0,nM,CHEMBL5732291,B,"In Vitro Test of Inhibition of Human FP Receptor Activity (B-1A): For the characterization of test substances in respect of FP antagonism, PGF2α-induced calcium flux in FP-expressing CHEM1 cells (Millipore, HTS093C) was used.3000 cells in 25 μl of full medium [DMEM F12, 10% FCS, 1.35 mM sodium pyruvate, 20 mM HEPES, 4 mM GlutaMAX, 2% sodium bicarbonate, 1% Pen/Strep, 1% 100× non-essential amino acids] are sown per well of a 384 multititer plate (from Greiner, TC plate, black with clear base) and incubated at 37° C./5% CO2 for 24 hours. Prior to the measurement, the medium is replaced by 30 μl of Fluo-8 AM loading buffer [calcium-free Tyrode (130 mM NaCl, 5 mM KCl, 20 mM HEPES, 1 mM MgCl2, 4.8 mM NaHCO3, pH 7.4), 2 mM CaCl2, 1× SmartBlock (from CANDOR Bioscience GmbH), 4.5 mM Probenecid, 5 μM Fluo-8 AM, 0.016% Pluronic, 0.04% Brilliant black] and incubated at 37° C./5% CO2 for 30 minutes. The test substance is prepared in DMSO in various concentrations as a dose-response curve (starting concentration 10 mM, dilution factor 3.16) and prediluted 1:50 with calcium-free Tyrode/2 mM CaCl2. 10 μl of the prediluted substance solution are added to the Fluo-8-laden cells and incubated at 37° C./5% CO2 for 10 minutes. The FP receptor is activated by adding 20 μl of 3 nM (final concentration) PGF2α in calcium-free Tyrode/2 mM CaCl2/0.04% Brilliant black, and the calcium flux is determined by measuring the fluorescence at ex. 470 nm/em. 525 nm in a fluorescence measuring instrument (FLIPR Tetra, Molecular Devices) for 120 seconds.",CHEMBL5726207,P43088,Prostaglandin F2-alpha receptor,IC50,Cc1c(-c2ccccc2)nc2ccc(Br)cc2c1C(=O)Nc1ccc(C(=O)O)cc1Cl,7.187086643357144
CHEMBL5859267,CHEMBL1987,Prostaglandin F2-alpha receptor,IC50,=,41.0,nM,CHEMBL5732291,B,"In Vitro Test of Inhibition of Human FP Receptor Activity (B-1A): For the characterization of test substances in respect of FP antagonism, PGF2α-induced calcium flux in FP-expressing CHEM1 cells (Millipore, HTS093C) was used.3000 cells in 25 μl of full medium [DMEM F12, 10% FCS, 1.35 mM sodium pyruvate, 20 mM HEPES, 4 mM GlutaMAX, 2% sodium bicarbonate, 1% Pen/Strep, 1% 100× non-essential amino acids] are sown per well of a 384 multititer plate (from Greiner, TC plate, black with clear base) and incubated at 37° C./5% CO2 for 24 hours. Prior to the measurement, the medium is replaced by 30 μl of Fluo-8 AM loading buffer [calcium-free Tyrode (130 mM NaCl, 5 mM KCl, 20 mM HEPES, 1 mM MgCl2, 4.8 mM NaHCO3, pH 7.4), 2 mM CaCl2, 1× SmartBlock (from CANDOR Bioscience GmbH), 4.5 mM Probenecid, 5 μM Fluo-8 AM, 0.016% Pluronic, 0.04% Brilliant black] and incubated at 37° C./5% CO2 for 30 minutes. The test substance is prepared in DMSO in various concentrations as a dose-response curve (starting concentration 10 mM, dilution factor 3.16) and prediluted 1:50 with calcium-free Tyrode/2 mM CaCl2. 10 μl of the prediluted substance solution are added to the Fluo-8-laden cells and incubated at 37° C./5% CO2 for 10 minutes. The FP receptor is activated by adding 20 μl of 3 nM (final concentration) PGF2α in calcium-free Tyrode/2 mM CaCl2/0.04% Brilliant black, and the calcium flux is determined by measuring the fluorescence at ex. 470 nm/em. 525 nm in a fluorescence measuring instrument (FLIPR Tetra, Molecular Devices) for 120 seconds.",CHEMBL5726207,P43088,Prostaglandin F2-alpha receptor,IC50,Cc1c(-c2ccccc2)nc2ccc(Br)cc2c1C(=O)Nc1ccc(C(=O)O)cc1Br,7.3872161432802645
CHEMBL6060639,CHEMBL1987,Prostaglandin F2-alpha receptor,IC50,=,53.0,nM,CHEMBL5732291,B,"In Vitro Test of Inhibition of Human FP Receptor Activity (B-1A): For the characterization of test substances in respect of FP antagonism, PGF2α-induced calcium flux in FP-expressing CHEM1 cells (Millipore, HTS093C) was used.3000 cells in 25 μl of full medium [DMEM F12, 10% FCS, 1.35 mM sodium pyruvate, 20 mM HEPES, 4 mM GlutaMAX, 2% sodium bicarbonate, 1% Pen/Strep, 1% 100× non-essential amino acids] are sown per well of a 384 multititer plate (from Greiner, TC plate, black with clear base) and incubated at 37° C./5% CO2 for 24 hours. Prior to the measurement, the medium is replaced by 30 μl of Fluo-8 AM loading buffer [calcium-free Tyrode (130 mM NaCl, 5 mM KCl, 20 mM HEPES, 1 mM MgCl2, 4.8 mM NaHCO3, pH 7.4), 2 mM CaCl2, 1× SmartBlock (from CANDOR Bioscience GmbH), 4.5 mM Probenecid, 5 μM Fluo-8 AM, 0.016% Pluronic, 0.04% Brilliant black] and incubated at 37° C./5% CO2 for 30 minutes. The test substance is prepared in DMSO in various concentrations as a dose-response curve (starting concentration 10 mM, dilution factor 3.16) and prediluted 1:50 with calcium-free Tyrode/2 mM CaCl2. 10 μl of the prediluted substance solution are added to the Fluo-8-laden cells and incubated at 37° C./5% CO2 for 10 minutes. The FP receptor is activated by adding 20 μl of 3 nM (final concentration) PGF2α in calcium-free Tyrode/2 mM CaCl2/0.04% Brilliant black, and the calcium flux is determined by measuring the fluorescence at ex. 470 nm/em. 525 nm in a fluorescence measuring instrument (FLIPR Tetra, Molecular Devices) for 120 seconds.",CHEMBL5726207,P43088,Prostaglandin F2-alpha receptor,IC50,Cc1c(-c2ccccc2)nc2ccc(Br)cc2c1C(=O)Nc1ccc(C(=O)O)cc1I,7.275724130399211
CHEMBL5784347,CHEMBL1987,Prostaglandin F2-alpha receptor,IC50,=,22.0,nM,CHEMBL5732291,B,"In Vitro Test of Inhibition of Human FP Receptor Activity (B-1A): For the characterization of test substances in respect of FP antagonism, PGF2α-induced calcium flux in FP-expressing CHEM1 cells (Millipore, HTS093C) was used.3000 cells in 25 μl of full medium [DMEM F12, 10% FCS, 1.35 mM sodium pyruvate, 20 mM HEPES, 4 mM GlutaMAX, 2% sodium bicarbonate, 1% Pen/Strep, 1% 100× non-essential amino acids] are sown per well of a 384 multititer plate (from Greiner, TC plate, black with clear base) and incubated at 37° C./5% CO2 for 24 hours. Prior to the measurement, the medium is replaced by 30 μl of Fluo-8 AM loading buffer [calcium-free Tyrode (130 mM NaCl, 5 mM KCl, 20 mM HEPES, 1 mM MgCl2, 4.8 mM NaHCO3, pH 7.4), 2 mM CaCl2, 1× SmartBlock (from CANDOR Bioscience GmbH), 4.5 mM Probenecid, 5 μM Fluo-8 AM, 0.016% Pluronic, 0.04% Brilliant black] and incubated at 37° C./5% CO2 for 30 minutes. The test substance is prepared in DMSO in various concentrations as a dose-response curve (starting concentration 10 mM, dilution factor 3.16) and prediluted 1:50 with calcium-free Tyrode/2 mM CaCl2. 10 μl of the prediluted substance solution are added to the Fluo-8-laden cells and incubated at 37° C./5% CO2 for 10 minutes. The FP receptor is activated by adding 20 μl of 3 nM (final concentration) PGF2α in calcium-free Tyrode/2 mM CaCl2/0.04% Brilliant black, and the calcium flux is determined by measuring the fluorescence at ex. 470 nm/em. 525 nm in a fluorescence measuring instrument (FLIPR Tetra, Molecular Devices) for 120 seconds.",CHEMBL5726207,P43088,Prostaglandin F2-alpha receptor,IC50,Cc1c(-c2ccccc2)nc2ccc(Br)cc2c1C(=O)Nc1c(F)cc(C(=O)O)cc1F,7.657577319177793
CHEMBL5751073,CHEMBL1987,Prostaglandin F2-alpha receptor,IC50,=,150.0,nM,CHEMBL5732291,B,"In Vitro Test of Inhibition of Human FP Receptor Activity (B-1A): For the characterization of test substances in respect of FP antagonism, PGF2α-induced calcium flux in FP-expressing CHEM1 cells (Millipore, HTS093C) was used.3000 cells in 25 μl of full medium [DMEM F12, 10% FCS, 1.35 mM sodium pyruvate, 20 mM HEPES, 4 mM GlutaMAX, 2% sodium bicarbonate, 1% Pen/Strep, 1% 100× non-essential amino acids] are sown per well of a 384 multititer plate (from Greiner, TC plate, black with clear base) and incubated at 37° C./5% CO2 for 24 hours. Prior to the measurement, the medium is replaced by 30 μl of Fluo-8 AM loading buffer [calcium-free Tyrode (130 mM NaCl, 5 mM KCl, 20 mM HEPES, 1 mM MgCl2, 4.8 mM NaHCO3, pH 7.4), 2 mM CaCl2, 1× SmartBlock (from CANDOR Bioscience GmbH), 4.5 mM Probenecid, 5 μM Fluo-8 AM, 0.016% Pluronic, 0.04% Brilliant black] and incubated at 37° C./5% CO2 for 30 minutes. The test substance is prepared in DMSO in various concentrations as a dose-response curve (starting concentration 10 mM, dilution factor 3.16) and prediluted 1:50 with calcium-free Tyrode/2 mM CaCl2. 10 μl of the prediluted substance solution are added to the Fluo-8-laden cells and incubated at 37° C./5% CO2 for 10 minutes. The FP receptor is activated by adding 20 μl of 3 nM (final concentration) PGF2α in calcium-free Tyrode/2 mM CaCl2/0.04% Brilliant black, and the calcium flux is determined by measuring the fluorescence at ex. 470 nm/em. 525 nm in a fluorescence measuring instrument (FLIPR Tetra, Molecular Devices) for 120 seconds.",CHEMBL5726207,P43088,Prostaglandin F2-alpha receptor,IC50,Cc1c(-c2ccccc2)nc2ccc(Br)cc2c1C(=O)Nc1c(Cl)cc(C(=O)O)cc1Cl,6.823908740944319
CHEMBL6057067,CHEMBL1987,Prostaglandin F2-alpha receptor,IC50,=,617.0,nM,CHEMBL5732291,B,"In Vitro Test of Inhibition of Human FP Receptor Activity (B-1A): For the characterization of test substances in respect of FP antagonism, PGF2α-induced calcium flux in FP-expressing CHEM1 cells (Millipore, HTS093C) was used.3000 cells in 25 μl of full medium [DMEM F12, 10% FCS, 1.35 mM sodium pyruvate, 20 mM HEPES, 4 mM GlutaMAX, 2% sodium bicarbonate, 1% Pen/Strep, 1% 100× non-essential amino acids] are sown per well of a 384 multititer plate (from Greiner, TC plate, black with clear base) and incubated at 37° C./5% CO2 for 24 hours. Prior to the measurement, the medium is replaced by 30 μl of Fluo-8 AM loading buffer [calcium-free Tyrode (130 mM NaCl, 5 mM KCl, 20 mM HEPES, 1 mM MgCl2, 4.8 mM NaHCO3, pH 7.4), 2 mM CaCl2, 1× SmartBlock (from CANDOR Bioscience GmbH), 4.5 mM Probenecid, 5 μM Fluo-8 AM, 0.016% Pluronic, 0.04% Brilliant black] and incubated at 37° C./5% CO2 for 30 minutes. The test substance is prepared in DMSO in various concentrations as a dose-response curve (starting concentration 10 mM, dilution factor 3.16) and prediluted 1:50 with calcium-free Tyrode/2 mM CaCl2. 10 μl of the prediluted substance solution are added to the Fluo-8-laden cells and incubated at 37° C./5% CO2 for 10 minutes. The FP receptor is activated by adding 20 μl of 3 nM (final concentration) PGF2α in calcium-free Tyrode/2 mM CaCl2/0.04% Brilliant black, and the calcium flux is determined by measuring the fluorescence at ex. 470 nm/em. 525 nm in a fluorescence measuring instrument (FLIPR Tetra, Molecular Devices) for 120 seconds.",CHEMBL5726207,P43088,Prostaglandin F2-alpha receptor,IC50,Cc1cc(C(=O)O)ccc1NC(=O)c1c(C)c(-c2ccccc2)nc2ccc(Br)cc12,6.209714835966759
CHEMBL5990762,CHEMBL1987,Prostaglandin F2-alpha receptor,IC50,=,45.0,nM,CHEMBL5732291,B,"In Vitro Test of Inhibition of Human FP Receptor Activity (B-1A): For the characterization of test substances in respect of FP antagonism, PGF2α-induced calcium flux in FP-expressing CHEM1 cells (Millipore, HTS093C) was used.3000 cells in 25 μl of full medium [DMEM F12, 10% FCS, 1.35 mM sodium pyruvate, 20 mM HEPES, 4 mM GlutaMAX, 2% sodium bicarbonate, 1% Pen/Strep, 1% 100× non-essential amino acids] are sown per well of a 384 multititer plate (from Greiner, TC plate, black with clear base) and incubated at 37° C./5% CO2 for 24 hours. Prior to the measurement, the medium is replaced by 30 μl of Fluo-8 AM loading buffer [calcium-free Tyrode (130 mM NaCl, 5 mM KCl, 20 mM HEPES, 1 mM MgCl2, 4.8 mM NaHCO3, pH 7.4), 2 mM CaCl2, 1× SmartBlock (from CANDOR Bioscience GmbH), 4.5 mM Probenecid, 5 μM Fluo-8 AM, 0.016% Pluronic, 0.04% Brilliant black] and incubated at 37° C./5% CO2 for 30 minutes. The test substance is prepared in DMSO in various concentrations as a dose-response curve (starting concentration 10 mM, dilution factor 3.16) and prediluted 1:50 with calcium-free Tyrode/2 mM CaCl2. 10 μl of the prediluted substance solution are added to the Fluo-8-laden cells and incubated at 37° C./5% CO2 for 10 minutes. The FP receptor is activated by adding 20 μl of 3 nM (final concentration) PGF2α in calcium-free Tyrode/2 mM CaCl2/0.04% Brilliant black, and the calcium flux is determined by measuring the fluorescence at ex. 470 nm/em. 525 nm in a fluorescence measuring instrument (FLIPR Tetra, Molecular Devices) for 120 seconds.",CHEMBL5726207,P43088,Prostaglandin F2-alpha receptor,IC50,Cc1c(-c2ccccc2)nc2ccc(Br)cc2c1C(=O)Nc1ccc(C(=O)O)cc1C(F)(F)F,7.346787486224656
CHEMBL5992289,CHEMBL1987,Prostaglandin F2-alpha receptor,IC50,=,278.0,nM,CHEMBL5732291,B,"In Vitro Test of Inhibition of Human FP Receptor Activity (B-1A): For the characterization of test substances in respect of FP antagonism, PGF2α-induced calcium flux in FP-expressing CHEM1 cells (Millipore, HTS093C) was used.3000 cells in 25 μl of full medium [DMEM F12, 10% FCS, 1.35 mM sodium pyruvate, 20 mM HEPES, 4 mM GlutaMAX, 2% sodium bicarbonate, 1% Pen/Strep, 1% 100× non-essential amino acids] are sown per well of a 384 multititer plate (from Greiner, TC plate, black with clear base) and incubated at 37° C./5% CO2 for 24 hours. Prior to the measurement, the medium is replaced by 30 μl of Fluo-8 AM loading buffer [calcium-free Tyrode (130 mM NaCl, 5 mM KCl, 20 mM HEPES, 1 mM MgCl2, 4.8 mM NaHCO3, pH 7.4), 2 mM CaCl2, 1× SmartBlock (from CANDOR Bioscience GmbH), 4.5 mM Probenecid, 5 μM Fluo-8 AM, 0.016% Pluronic, 0.04% Brilliant black] and incubated at 37° C./5% CO2 for 30 minutes. The test substance is prepared in DMSO in various concentrations as a dose-response curve (starting concentration 10 mM, dilution factor 3.16) and prediluted 1:50 with calcium-free Tyrode/2 mM CaCl2. 10 μl of the prediluted substance solution are added to the Fluo-8-laden cells and incubated at 37° C./5% CO2 for 10 minutes. The FP receptor is activated by adding 20 μl of 3 nM (final concentration) PGF2α in calcium-free Tyrode/2 mM CaCl2/0.04% Brilliant black, and the calcium flux is determined by measuring the fluorescence at ex. 470 nm/em. 525 nm in a fluorescence measuring instrument (FLIPR Tetra, Molecular Devices) for 120 seconds.",CHEMBL5726207,P43088,Prostaglandin F2-alpha receptor,IC50,Cc1c(-c2ccccc2)nc2ccc(Br)cc2c1C(=O)Nc1ccc(C(=O)O)cc1C#N,6.555955204081924
CHEMBL5891084,CHEMBL1987,Prostaglandin F2-alpha receptor,IC50,=,60.0,nM,CHEMBL5732291,B,"In Vitro Test of Inhibition of Human FP Receptor Activity (B-1A): For the characterization of test substances in respect of FP antagonism, PGF2α-induced calcium flux in FP-expressing CHEM1 cells (Millipore, HTS093C) was used.3000 cells in 25 μl of full medium [DMEM F12, 10% FCS, 1.35 mM sodium pyruvate, 20 mM HEPES, 4 mM GlutaMAX, 2% sodium bicarbonate, 1% Pen/Strep, 1% 100× non-essential amino acids] are sown per well of a 384 multititer plate (from Greiner, TC plate, black with clear base) and incubated at 37° C./5% CO2 for 24 hours. Prior to the measurement, the medium is replaced by 30 μl of Fluo-8 AM loading buffer [calcium-free Tyrode (130 mM NaCl, 5 mM KCl, 20 mM HEPES, 1 mM MgCl2, 4.8 mM NaHCO3, pH 7.4), 2 mM CaCl2, 1× SmartBlock (from CANDOR Bioscience GmbH), 4.5 mM Probenecid, 5 μM Fluo-8 AM, 0.016% Pluronic, 0.04% Brilliant black] and incubated at 37° C./5% CO2 for 30 minutes. The test substance is prepared in DMSO in various concentrations as a dose-response curve (starting concentration 10 mM, dilution factor 3.16) and prediluted 1:50 with calcium-free Tyrode/2 mM CaCl2. 10 μl of the prediluted substance solution are added to the Fluo-8-laden cells and incubated at 37° C./5% CO2 for 10 minutes. The FP receptor is activated by adding 20 μl of 3 nM (final concentration) PGF2α in calcium-free Tyrode/2 mM CaCl2/0.04% Brilliant black, and the calcium flux is determined by measuring the fluorescence at ex. 470 nm/em. 525 nm in a fluorescence measuring instrument (FLIPR Tetra, Molecular Devices) for 120 seconds.",CHEMBL5726207,P43088,Prostaglandin F2-alpha receptor,IC50,Cc1c(-c2ccccc2)nc2ccc(Br)cc2c1C(=O)Nc1ccc(C(=O)O)cc1[N+](=O)[O-],7.221848749616356
CHEMBL5787085,CHEMBL1987,Prostaglandin F2-alpha receptor,IC50,=,335.0,nM,CHEMBL5732291,B,"In Vitro Test of Inhibition of Human FP Receptor Activity (B-1A): For the characterization of test substances in respect of FP antagonism, PGF2α-induced calcium flux in FP-expressing CHEM1 cells (Millipore, HTS093C) was used.3000 cells in 25 μl of full medium [DMEM F12, 10% FCS, 1.35 mM sodium pyruvate, 20 mM HEPES, 4 mM GlutaMAX, 2% sodium bicarbonate, 1% Pen/Strep, 1% 100× non-essential amino acids] are sown per well of a 384 multititer plate (from Greiner, TC plate, black with clear base) and incubated at 37° C./5% CO2 for 24 hours. Prior to the measurement, the medium is replaced by 30 μl of Fluo-8 AM loading buffer [calcium-free Tyrode (130 mM NaCl, 5 mM KCl, 20 mM HEPES, 1 mM MgCl2, 4.8 mM NaHCO3, pH 7.4), 2 mM CaCl2, 1× SmartBlock (from CANDOR Bioscience GmbH), 4.5 mM Probenecid, 5 μM Fluo-8 AM, 0.016% Pluronic, 0.04% Brilliant black] and incubated at 37° C./5% CO2 for 30 minutes. The test substance is prepared in DMSO in various concentrations as a dose-response curve (starting concentration 10 mM, dilution factor 3.16) and prediluted 1:50 with calcium-free Tyrode/2 mM CaCl2. 10 μl of the prediluted substance solution are added to the Fluo-8-laden cells and incubated at 37° C./5% CO2 for 10 minutes. The FP receptor is activated by adding 20 μl of 3 nM (final concentration) PGF2α in calcium-free Tyrode/2 mM CaCl2/0.04% Brilliant black, and the calcium flux is determined by measuring the fluorescence at ex. 470 nm/em. 525 nm in a fluorescence measuring instrument (FLIPR Tetra, Molecular Devices) for 120 seconds.",CHEMBL5726207,P43088,Prostaglandin F2-alpha receptor,IC50,Cc1c(-c2ccccc2)nc2ccc(Br)cc2c1C(=O)Nc1ccc(C(=O)O)cc1N,6.474955192963154
CHEMBL6046870,CHEMBL1987,Prostaglandin F2-alpha receptor,IC50,=,650.0,nM,CHEMBL5732291,B,"In Vitro Test of Inhibition of Human FP Receptor Activity (B-1A): For the characterization of test substances in respect of FP antagonism, PGF2α-induced calcium flux in FP-expressing CHEM1 cells (Millipore, HTS093C) was used.3000 cells in 25 μl of full medium [DMEM F12, 10% FCS, 1.35 mM sodium pyruvate, 20 mM HEPES, 4 mM GlutaMAX, 2% sodium bicarbonate, 1% Pen/Strep, 1% 100× non-essential amino acids] are sown per well of a 384 multititer plate (from Greiner, TC plate, black with clear base) and incubated at 37° C./5% CO2 for 24 hours. Prior to the measurement, the medium is replaced by 30 μl of Fluo-8 AM loading buffer [calcium-free Tyrode (130 mM NaCl, 5 mM KCl, 20 mM HEPES, 1 mM MgCl2, 4.8 mM NaHCO3, pH 7.4), 2 mM CaCl2, 1× SmartBlock (from CANDOR Bioscience GmbH), 4.5 mM Probenecid, 5 μM Fluo-8 AM, 0.016% Pluronic, 0.04% Brilliant black] and incubated at 37° C./5% CO2 for 30 minutes. The test substance is prepared in DMSO in various concentrations as a dose-response curve (starting concentration 10 mM, dilution factor 3.16) and prediluted 1:50 with calcium-free Tyrode/2 mM CaCl2. 10 μl of the prediluted substance solution are added to the Fluo-8-laden cells and incubated at 37° C./5% CO2 for 10 minutes. The FP receptor is activated by adding 20 μl of 3 nM (final concentration) PGF2α in calcium-free Tyrode/2 mM CaCl2/0.04% Brilliant black, and the calcium flux is determined by measuring the fluorescence at ex. 470 nm/em. 525 nm in a fluorescence measuring instrument (FLIPR Tetra, Molecular Devices) for 120 seconds.",CHEMBL5726207,P43088,Prostaglandin F2-alpha receptor,IC50,CC(=O)Nc1cc(C(=O)O)ccc1NC(=O)c1c(C)c(-c2ccccc2)nc2ccc(Br)cc12,6.187086643357144
CHEMBL5778978,CHEMBL1987,Prostaglandin F2-alpha receptor,IC50,=,530.0,nM,CHEMBL5732291,B,"In Vitro Test of Inhibition of Human FP Receptor Activity (B-1A): For the characterization of test substances in respect of FP antagonism, PGF2α-induced calcium flux in FP-expressing CHEM1 cells (Millipore, HTS093C) was used.3000 cells in 25 μl of full medium [DMEM F12, 10% FCS, 1.35 mM sodium pyruvate, 20 mM HEPES, 4 mM GlutaMAX, 2% sodium bicarbonate, 1% Pen/Strep, 1% 100× non-essential amino acids] are sown per well of a 384 multititer plate (from Greiner, TC plate, black with clear base) and incubated at 37° C./5% CO2 for 24 hours. Prior to the measurement, the medium is replaced by 30 μl of Fluo-8 AM loading buffer [calcium-free Tyrode (130 mM NaCl, 5 mM KCl, 20 mM HEPES, 1 mM MgCl2, 4.8 mM NaHCO3, pH 7.4), 2 mM CaCl2, 1× SmartBlock (from CANDOR Bioscience GmbH), 4.5 mM Probenecid, 5 μM Fluo-8 AM, 0.016% Pluronic, 0.04% Brilliant black] and incubated at 37° C./5% CO2 for 30 minutes. The test substance is prepared in DMSO in various concentrations as a dose-response curve (starting concentration 10 mM, dilution factor 3.16) and prediluted 1:50 with calcium-free Tyrode/2 mM CaCl2. 10 μl of the prediluted substance solution are added to the Fluo-8-laden cells and incubated at 37° C./5% CO2 for 10 minutes. The FP receptor is activated by adding 20 μl of 3 nM (final concentration) PGF2α in calcium-free Tyrode/2 mM CaCl2/0.04% Brilliant black, and the calcium flux is determined by measuring the fluorescence at ex. 470 nm/em. 525 nm in a fluorescence measuring instrument (FLIPR Tetra, Molecular Devices) for 120 seconds.",CHEMBL5726207,P43088,Prostaglandin F2-alpha receptor,IC50,CCNC(=O)Nc1cc(C(=O)O)ccc1NC(=O)c1c(C)c(-c2ccccc2)nc2ccc(Br)cc12,6.275724130399211
CHEMBL5870761,CHEMBL1987,Prostaglandin F2-alpha receptor,IC50,=,204.0,nM,CHEMBL5732291,B,"In Vitro Test of Inhibition of Human FP Receptor Activity (B-1A): For the characterization of test substances in respect of FP antagonism, PGF2α-induced calcium flux in FP-expressing CHEM1 cells (Millipore, HTS093C) was used.3000 cells in 25 μl of full medium [DMEM F12, 10% FCS, 1.35 mM sodium pyruvate, 20 mM HEPES, 4 mM GlutaMAX, 2% sodium bicarbonate, 1% Pen/Strep, 1% 100× non-essential amino acids] are sown per well of a 384 multititer plate (from Greiner, TC plate, black with clear base) and incubated at 37° C./5% CO2 for 24 hours. Prior to the measurement, the medium is replaced by 30 μl of Fluo-8 AM loading buffer [calcium-free Tyrode (130 mM NaCl, 5 mM KCl, 20 mM HEPES, 1 mM MgCl2, 4.8 mM NaHCO3, pH 7.4), 2 mM CaCl2, 1× SmartBlock (from CANDOR Bioscience GmbH), 4.5 mM Probenecid, 5 μM Fluo-8 AM, 0.016% Pluronic, 0.04% Brilliant black] and incubated at 37° C./5% CO2 for 30 minutes. The test substance is prepared in DMSO in various concentrations as a dose-response curve (starting concentration 10 mM, dilution factor 3.16) and prediluted 1:50 with calcium-free Tyrode/2 mM CaCl2. 10 μl of the prediluted substance solution are added to the Fluo-8-laden cells and incubated at 37° C./5% CO2 for 10 minutes. The FP receptor is activated by adding 20 μl of 3 nM (final concentration) PGF2α in calcium-free Tyrode/2 mM CaCl2/0.04% Brilliant black, and the calcium flux is determined by measuring the fluorescence at ex. 470 nm/em. 525 nm in a fluorescence measuring instrument (FLIPR Tetra, Molecular Devices) for 120 seconds.",CHEMBL5726207,P43088,Prostaglandin F2-alpha receptor,IC50,COc1cc(C(=O)O)ccc1NC(=O)c1c(C)c(-c2ccccc2)nc2ccc(Br)cc12,6.690369832574101
CHEMBL5900651,CHEMBL1987,Prostaglandin F2-alpha receptor,IC50,=,290.0,nM,CHEMBL5732291,B,"In Vitro Test of Inhibition of Human FP Receptor Activity (B-1A): For the characterization of test substances in respect of FP antagonism, PGF2α-induced calcium flux in FP-expressing CHEM1 cells (Millipore, HTS093C) was used.3000 cells in 25 μl of full medium [DMEM F12, 10% FCS, 1.35 mM sodium pyruvate, 20 mM HEPES, 4 mM GlutaMAX, 2% sodium bicarbonate, 1% Pen/Strep, 1% 100× non-essential amino acids] are sown per well of a 384 multititer plate (from Greiner, TC plate, black with clear base) and incubated at 37° C./5% CO2 for 24 hours. Prior to the measurement, the medium is replaced by 30 μl of Fluo-8 AM loading buffer [calcium-free Tyrode (130 mM NaCl, 5 mM KCl, 20 mM HEPES, 1 mM MgCl2, 4.8 mM NaHCO3, pH 7.4), 2 mM CaCl2, 1× SmartBlock (from CANDOR Bioscience GmbH), 4.5 mM Probenecid, 5 μM Fluo-8 AM, 0.016% Pluronic, 0.04% Brilliant black] and incubated at 37° C./5% CO2 for 30 minutes. The test substance is prepared in DMSO in various concentrations as a dose-response curve (starting concentration 10 mM, dilution factor 3.16) and prediluted 1:50 with calcium-free Tyrode/2 mM CaCl2. 10 μl of the prediluted substance solution are added to the Fluo-8-laden cells and incubated at 37° C./5% CO2 for 10 minutes. The FP receptor is activated by adding 20 μl of 3 nM (final concentration) PGF2α in calcium-free Tyrode/2 mM CaCl2/0.04% Brilliant black, and the calcium flux is determined by measuring the fluorescence at ex. 470 nm/em. 525 nm in a fluorescence measuring instrument (FLIPR Tetra, Molecular Devices) for 120 seconds.",CHEMBL5726207,P43088,Prostaglandin F2-alpha receptor,IC50,Cc1c(-c2ccccc2)nc2ccc(Br)cc2c1C(=O)Nc1ccc(C(=O)O)cc1O,6.537602002101044
CHEMBL5924284,CHEMBL1987,Prostaglandin F2-alpha receptor,IC50,=,57.0,nM,CHEMBL5732291,B,"In Vitro Test of Inhibition of Human FP Receptor Activity (B-1A): For the characterization of test substances in respect of FP antagonism, PGF2α-induced calcium flux in FP-expressing CHEM1 cells (Millipore, HTS093C) was used.3000 cells in 25 μl of full medium [DMEM F12, 10% FCS, 1.35 mM sodium pyruvate, 20 mM HEPES, 4 mM GlutaMAX, 2% sodium bicarbonate, 1% Pen/Strep, 1% 100× non-essential amino acids] are sown per well of a 384 multititer plate (from Greiner, TC plate, black with clear base) and incubated at 37° C./5% CO2 for 24 hours. Prior to the measurement, the medium is replaced by 30 μl of Fluo-8 AM loading buffer [calcium-free Tyrode (130 mM NaCl, 5 mM KCl, 20 mM HEPES, 1 mM MgCl2, 4.8 mM NaHCO3, pH 7.4), 2 mM CaCl2, 1× SmartBlock (from CANDOR Bioscience GmbH), 4.5 mM Probenecid, 5 μM Fluo-8 AM, 0.016% Pluronic, 0.04% Brilliant black] and incubated at 37° C./5% CO2 for 30 minutes. The test substance is prepared in DMSO in various concentrations as a dose-response curve (starting concentration 10 mM, dilution factor 3.16) and prediluted 1:50 with calcium-free Tyrode/2 mM CaCl2. 10 μl of the prediluted substance solution are added to the Fluo-8-laden cells and incubated at 37° C./5% CO2 for 10 minutes. The FP receptor is activated by adding 20 μl of 3 nM (final concentration) PGF2α in calcium-free Tyrode/2 mM CaCl2/0.04% Brilliant black, and the calcium flux is determined by measuring the fluorescence at ex. 470 nm/em. 525 nm in a fluorescence measuring instrument (FLIPR Tetra, Molecular Devices) for 120 seconds.",CHEMBL5726207,P43088,Prostaglandin F2-alpha receptor,IC50,Cc1c(-c2ccccc2)nc2ccc(Br)cc2c1C(=O)Nc1ccc(C(=O)O)cc1OC(F)(F)F,7.2441251443275085
CHEMBL6033913,CHEMBL1987,Prostaglandin F2-alpha receptor,IC50,=,124.0,nM,CHEMBL5732291,B,"In Vitro Test of Inhibition of Human FP Receptor Activity (B-1A): For the characterization of test substances in respect of FP antagonism, PGF2α-induced calcium flux in FP-expressing CHEM1 cells (Millipore, HTS093C) was used.3000 cells in 25 μl of full medium [DMEM F12, 10% FCS, 1.35 mM sodium pyruvate, 20 mM HEPES, 4 mM GlutaMAX, 2% sodium bicarbonate, 1% Pen/Strep, 1% 100× non-essential amino acids] are sown per well of a 384 multititer plate (from Greiner, TC plate, black with clear base) and incubated at 37° C./5% CO2 for 24 hours. Prior to the measurement, the medium is replaced by 30 μl of Fluo-8 AM loading buffer [calcium-free Tyrode (130 mM NaCl, 5 mM KCl, 20 mM HEPES, 1 mM MgCl2, 4.8 mM NaHCO3, pH 7.4), 2 mM CaCl2, 1× SmartBlock (from CANDOR Bioscience GmbH), 4.5 mM Probenecid, 5 μM Fluo-8 AM, 0.016% Pluronic, 0.04% Brilliant black] and incubated at 37° C./5% CO2 for 30 minutes. The test substance is prepared in DMSO in various concentrations as a dose-response curve (starting concentration 10 mM, dilution factor 3.16) and prediluted 1:50 with calcium-free Tyrode/2 mM CaCl2. 10 μl of the prediluted substance solution are added to the Fluo-8-laden cells and incubated at 37° C./5% CO2 for 10 minutes. The FP receptor is activated by adding 20 μl of 3 nM (final concentration) PGF2α in calcium-free Tyrode/2 mM CaCl2/0.04% Brilliant black, and the calcium flux is determined by measuring the fluorescence at ex. 470 nm/em. 525 nm in a fluorescence measuring instrument (FLIPR Tetra, Molecular Devices) for 120 seconds.",CHEMBL5726207,P43088,Prostaglandin F2-alpha receptor,IC50,CSc1cc(C(=O)O)ccc1NC(=O)c1c(C)c(-c2ccccc2)nc2ccc(Br)cc12,6.906578314837764
CHEMBL5915347,CHEMBL1987,Prostaglandin F2-alpha receptor,IC50,=,720.0,nM,CHEMBL5732291,B,"In Vitro Test of Inhibition of Human FP Receptor Activity (B-1A): For the characterization of test substances in respect of FP antagonism, PGF2α-induced calcium flux in FP-expressing CHEM1 cells (Millipore, HTS093C) was used.3000 cells in 25 μl of full medium [DMEM F12, 10% FCS, 1.35 mM sodium pyruvate, 20 mM HEPES, 4 mM GlutaMAX, 2% sodium bicarbonate, 1% Pen/Strep, 1% 100× non-essential amino acids] are sown per well of a 384 multititer plate (from Greiner, TC plate, black with clear base) and incubated at 37° C./5% CO2 for 24 hours. Prior to the measurement, the medium is replaced by 30 μl of Fluo-8 AM loading buffer [calcium-free Tyrode (130 mM NaCl, 5 mM KCl, 20 mM HEPES, 1 mM MgCl2, 4.8 mM NaHCO3, pH 7.4), 2 mM CaCl2, 1× SmartBlock (from CANDOR Bioscience GmbH), 4.5 mM Probenecid, 5 μM Fluo-8 AM, 0.016% Pluronic, 0.04% Brilliant black] and incubated at 37° C./5% CO2 for 30 minutes. The test substance is prepared in DMSO in various concentrations as a dose-response curve (starting concentration 10 mM, dilution factor 3.16) and prediluted 1:50 with calcium-free Tyrode/2 mM CaCl2. 10 μl of the prediluted substance solution are added to the Fluo-8-laden cells and incubated at 37° C./5% CO2 for 10 minutes. The FP receptor is activated by adding 20 μl of 3 nM (final concentration) PGF2α in calcium-free Tyrode/2 mM CaCl2/0.04% Brilliant black, and the calcium flux is determined by measuring the fluorescence at ex. 470 nm/em. 525 nm in a fluorescence measuring instrument (FLIPR Tetra, Molecular Devices) for 120 seconds.",CHEMBL5726207,P43088,Prostaglandin F2-alpha receptor,IC50,Cc1c(-c2ccccc2)nc2ccc(Br)cc2c1C(=O)Nc1ccc(C(=O)O)cc1[S+](C)[O-],6.142667503568731
CHEMBL5881517,CHEMBL1987,Prostaglandin F2-alpha receptor,IC50,=,86.0,nM,CHEMBL5732291,B,"In Vitro Test of Inhibition of Human FP Receptor Activity (B-1A): For the characterization of test substances in respect of FP antagonism, PGF2α-induced calcium flux in FP-expressing CHEM1 cells (Millipore, HTS093C) was used.3000 cells in 25 μl of full medium [DMEM F12, 10% FCS, 1.35 mM sodium pyruvate, 20 mM HEPES, 4 mM GlutaMAX, 2% sodium bicarbonate, 1% Pen/Strep, 1% 100× non-essential amino acids] are sown per well of a 384 multititer plate (from Greiner, TC plate, black with clear base) and incubated at 37° C./5% CO2 for 24 hours. Prior to the measurement, the medium is replaced by 30 μl of Fluo-8 AM loading buffer [calcium-free Tyrode (130 mM NaCl, 5 mM KCl, 20 mM HEPES, 1 mM MgCl2, 4.8 mM NaHCO3, pH 7.4), 2 mM CaCl2, 1× SmartBlock (from CANDOR Bioscience GmbH), 4.5 mM Probenecid, 5 μM Fluo-8 AM, 0.016% Pluronic, 0.04% Brilliant black] and incubated at 37° C./5% CO2 for 30 minutes. The test substance is prepared in DMSO in various concentrations as a dose-response curve (starting concentration 10 mM, dilution factor 3.16) and prediluted 1:50 with calcium-free Tyrode/2 mM CaCl2. 10 μl of the prediluted substance solution are added to the Fluo-8-laden cells and incubated at 37° C./5% CO2 for 10 minutes. The FP receptor is activated by adding 20 μl of 3 nM (final concentration) PGF2α in calcium-free Tyrode/2 mM CaCl2/0.04% Brilliant black, and the calcium flux is determined by measuring the fluorescence at ex. 470 nm/em. 525 nm in a fluorescence measuring instrument (FLIPR Tetra, Molecular Devices) for 120 seconds.",CHEMBL5726207,P43088,Prostaglandin F2-alpha receptor,IC50,Cc1c(-c2ccccc2)nc2ccc(Br)cc2c1C(=O)Nc1ccc(C(=O)O)cc1S(C)(=O)=O,7.0655015487564325
CHEMBL5778121,CHEMBL1987,Prostaglandin F2-alpha receptor,IC50,=,97.0,nM,CHEMBL5732291,B,"In Vitro Test of Inhibition of Human FP Receptor Activity (B-1A): For the characterization of test substances in respect of FP antagonism, PGF2α-induced calcium flux in FP-expressing CHEM1 cells (Millipore, HTS093C) was used.3000 cells in 25 μl of full medium [DMEM F12, 10% FCS, 1.35 mM sodium pyruvate, 20 mM HEPES, 4 mM GlutaMAX, 2% sodium bicarbonate, 1% Pen/Strep, 1% 100× non-essential amino acids] are sown per well of a 384 multititer plate (from Greiner, TC plate, black with clear base) and incubated at 37° C./5% CO2 for 24 hours. Prior to the measurement, the medium is replaced by 30 μl of Fluo-8 AM loading buffer [calcium-free Tyrode (130 mM NaCl, 5 mM KCl, 20 mM HEPES, 1 mM MgCl2, 4.8 mM NaHCO3, pH 7.4), 2 mM CaCl2, 1× SmartBlock (from CANDOR Bioscience GmbH), 4.5 mM Probenecid, 5 μM Fluo-8 AM, 0.016% Pluronic, 0.04% Brilliant black] and incubated at 37° C./5% CO2 for 30 minutes. The test substance is prepared in DMSO in various concentrations as a dose-response curve (starting concentration 10 mM, dilution factor 3.16) and prediluted 1:50 with calcium-free Tyrode/2 mM CaCl2. 10 μl of the prediluted substance solution are added to the Fluo-8-laden cells and incubated at 37° C./5% CO2 for 10 minutes. The FP receptor is activated by adding 20 μl of 3 nM (final concentration) PGF2α in calcium-free Tyrode/2 mM CaCl2/0.04% Brilliant black, and the calcium flux is determined by measuring the fluorescence at ex. 470 nm/em. 525 nm in a fluorescence measuring instrument (FLIPR Tetra, Molecular Devices) for 120 seconds.",CHEMBL5726207,P43088,Prostaglandin F2-alpha receptor,IC50,CCS(=O)(=O)c1cc(C(=O)O)c(OC)cc1NC(=O)c1c(C)c(-c2ccccc2)nc2ccc(Br)cc12,7.013228265733755
CHEMBL5776093,CHEMBL1987,Prostaglandin F2-alpha receptor,IC50,=,17.0,nM,CHEMBL5732291,B,"In Vitro Test of Inhibition of Human FP Receptor Activity (B-1A): For the characterization of test substances in respect of FP antagonism, PGF2α-induced calcium flux in FP-expressing CHEM1 cells (Millipore, HTS093C) was used.3000 cells in 25 μl of full medium [DMEM F12, 10% FCS, 1.35 mM sodium pyruvate, 20 mM HEPES, 4 mM GlutaMAX, 2% sodium bicarbonate, 1% Pen/Strep, 1% 100× non-essential amino acids] are sown per well of a 384 multititer plate (from Greiner, TC plate, black with clear base) and incubated at 37° C./5% CO2 for 24 hours. Prior to the measurement, the medium is replaced by 30 μl of Fluo-8 AM loading buffer [calcium-free Tyrode (130 mM NaCl, 5 mM KCl, 20 mM HEPES, 1 mM MgCl2, 4.8 mM NaHCO3, pH 7.4), 2 mM CaCl2, 1× SmartBlock (from CANDOR Bioscience GmbH), 4.5 mM Probenecid, 5 μM Fluo-8 AM, 0.016% Pluronic, 0.04% Brilliant black] and incubated at 37° C./5% CO2 for 30 minutes. The test substance is prepared in DMSO in various concentrations as a dose-response curve (starting concentration 10 mM, dilution factor 3.16) and prediluted 1:50 with calcium-free Tyrode/2 mM CaCl2. 10 μl of the prediluted substance solution are added to the Fluo-8-laden cells and incubated at 37° C./5% CO2 for 10 minutes. The FP receptor is activated by adding 20 μl of 3 nM (final concentration) PGF2α in calcium-free Tyrode/2 mM CaCl2/0.04% Brilliant black, and the calcium flux is determined by measuring the fluorescence at ex. 470 nm/em. 525 nm in a fluorescence measuring instrument (FLIPR Tetra, Molecular Devices) for 120 seconds.",CHEMBL5726207,P43088,Prostaglandin F2-alpha receptor,IC50,Cc1c(-c2ccccc2)nc2ccc(Br)cc2c1C(=O)Nc1ccc(C(=O)O)cc1SC(F)(F)F,7.769551078621726
CHEMBL5739781,CHEMBL1987,Prostaglandin F2-alpha receptor,IC50,=,890.0,nM,CHEMBL5732291,B,"In Vitro Test of Inhibition of Human FP Receptor Activity (B-1A): For the characterization of test substances in respect of FP antagonism, PGF2α-induced calcium flux in FP-expressing CHEM1 cells (Millipore, HTS093C) was used.3000 cells in 25 μl of full medium [DMEM F12, 10% FCS, 1.35 mM sodium pyruvate, 20 mM HEPES, 4 mM GlutaMAX, 2% sodium bicarbonate, 1% Pen/Strep, 1% 100× non-essential amino acids] are sown per well of a 384 multititer plate (from Greiner, TC plate, black with clear base) and incubated at 37° C./5% CO2 for 24 hours. Prior to the measurement, the medium is replaced by 30 μl of Fluo-8 AM loading buffer [calcium-free Tyrode (130 mM NaCl, 5 mM KCl, 20 mM HEPES, 1 mM MgCl2, 4.8 mM NaHCO3, pH 7.4), 2 mM CaCl2, 1× SmartBlock (from CANDOR Bioscience GmbH), 4.5 mM Probenecid, 5 μM Fluo-8 AM, 0.016% Pluronic, 0.04% Brilliant black] and incubated at 37° C./5% CO2 for 30 minutes. The test substance is prepared in DMSO in various concentrations as a dose-response curve (starting concentration 10 mM, dilution factor 3.16) and prediluted 1:50 with calcium-free Tyrode/2 mM CaCl2. 10 μl of the prediluted substance solution are added to the Fluo-8-laden cells and incubated at 37° C./5% CO2 for 10 minutes. The FP receptor is activated by adding 20 μl of 3 nM (final concentration) PGF2α in calcium-free Tyrode/2 mM CaCl2/0.04% Brilliant black, and the calcium flux is determined by measuring the fluorescence at ex. 470 nm/em. 525 nm in a fluorescence measuring instrument (FLIPR Tetra, Molecular Devices) for 120 seconds.",CHEMBL5726207,P43088,Prostaglandin F2-alpha receptor,IC50,Cc1c(-c2ccccc2)nc2ccc(F)cc2c1C(=O)Nc1ccc(C(=O)O)cc1F,6.050609993355087
CHEMBL4750703,CHEMBL1987,Prostaglandin F2-alpha receptor,IC50,=,6.0,nM,CHEMBL5732291,B,"In Vitro Test of Inhibition of Human FP Receptor Activity (B-1A): For the characterization of test substances in respect of FP antagonism, PGF2α-induced calcium flux in FP-expressing CHEM1 cells (Millipore, HTS093C) was used.3000 cells in 25 μl of full medium [DMEM F12, 10% FCS, 1.35 mM sodium pyruvate, 20 mM HEPES, 4 mM GlutaMAX, 2% sodium bicarbonate, 1% Pen/Strep, 1% 100× non-essential amino acids] are sown per well of a 384 multititer plate (from Greiner, TC plate, black with clear base) and incubated at 37° C./5% CO2 for 24 hours. Prior to the measurement, the medium is replaced by 30 μl of Fluo-8 AM loading buffer [calcium-free Tyrode (130 mM NaCl, 5 mM KCl, 20 mM HEPES, 1 mM MgCl2, 4.8 mM NaHCO3, pH 7.4), 2 mM CaCl2, 1× SmartBlock (from CANDOR Bioscience GmbH), 4.5 mM Probenecid, 5 μM Fluo-8 AM, 0.016% Pluronic, 0.04% Brilliant black] and incubated at 37° C./5% CO2 for 30 minutes. The test substance is prepared in DMSO in various concentrations as a dose-response curve (starting concentration 10 mM, dilution factor 3.16) and prediluted 1:50 with calcium-free Tyrode/2 mM CaCl2. 10 μl of the prediluted substance solution are added to the Fluo-8-laden cells and incubated at 37° C./5% CO2 for 10 minutes. The FP receptor is activated by adding 20 μl of 3 nM (final concentration) PGF2α in calcium-free Tyrode/2 mM CaCl2/0.04% Brilliant black, and the calcium flux is determined by measuring the fluorescence at ex. 470 nm/em. 525 nm in a fluorescence measuring instrument (FLIPR Tetra, Molecular Devices) for 120 seconds.",CHEMBL5726207,P43088,Prostaglandin F2-alpha receptor,IC50,Cc1c(-c2ccccc2)nc2ccc(I)cc2c1C(=O)Nc1ccc(C(=O)O)cc1F,8.221848749616356
CHEMBL5771939,CHEMBL1987,Prostaglandin F2-alpha receptor,IC50,=,165.0,nM,CHEMBL5732291,B,"In Vitro Test of Inhibition of Human FP Receptor Activity (B-1A): For the characterization of test substances in respect of FP antagonism, PGF2α-induced calcium flux in FP-expressing CHEM1 cells (Millipore, HTS093C) was used.3000 cells in 25 μl of full medium [DMEM F12, 10% FCS, 1.35 mM sodium pyruvate, 20 mM HEPES, 4 mM GlutaMAX, 2% sodium bicarbonate, 1% Pen/Strep, 1% 100× non-essential amino acids] are sown per well of a 384 multititer plate (from Greiner, TC plate, black with clear base) and incubated at 37° C./5% CO2 for 24 hours. Prior to the measurement, the medium is replaced by 30 μl of Fluo-8 AM loading buffer [calcium-free Tyrode (130 mM NaCl, 5 mM KCl, 20 mM HEPES, 1 mM MgCl2, 4.8 mM NaHCO3, pH 7.4), 2 mM CaCl2, 1× SmartBlock (from CANDOR Bioscience GmbH), 4.5 mM Probenecid, 5 μM Fluo-8 AM, 0.016% Pluronic, 0.04% Brilliant black] and incubated at 37° C./5% CO2 for 30 minutes. The test substance is prepared in DMSO in various concentrations as a dose-response curve (starting concentration 10 mM, dilution factor 3.16) and prediluted 1:50 with calcium-free Tyrode/2 mM CaCl2. 10 μl of the prediluted substance solution are added to the Fluo-8-laden cells and incubated at 37° C./5% CO2 for 10 minutes. The FP receptor is activated by adding 20 μl of 3 nM (final concentration) PGF2α in calcium-free Tyrode/2 mM CaCl2/0.04% Brilliant black, and the calcium flux is determined by measuring the fluorescence at ex. 470 nm/em. 525 nm in a fluorescence measuring instrument (FLIPR Tetra, Molecular Devices) for 120 seconds.",CHEMBL5726207,P43088,Prostaglandin F2-alpha receptor,IC50,Cc1ccc2nc(-c3ccccc3)c(C)c(C(=O)Nc3ccc(C(=O)O)cc3F)c2c1,6.782516055786093
CHEMBL5825794,CHEMBL1987,Prostaglandin F2-alpha receptor,IC50,=,245.0,nM,CHEMBL5732291,B,"In Vitro Test of Inhibition of Human FP Receptor Activity (B-1A): For the characterization of test substances in respect of FP antagonism, PGF2α-induced calcium flux in FP-expressing CHEM1 cells (Millipore, HTS093C) was used.3000 cells in 25 μl of full medium [DMEM F12, 10% FCS, 1.35 mM sodium pyruvate, 20 mM HEPES, 4 mM GlutaMAX, 2% sodium bicarbonate, 1% Pen/Strep, 1% 100× non-essential amino acids] are sown per well of a 384 multititer plate (from Greiner, TC plate, black with clear base) and incubated at 37° C./5% CO2 for 24 hours. Prior to the measurement, the medium is replaced by 30 μl of Fluo-8 AM loading buffer [calcium-free Tyrode (130 mM NaCl, 5 mM KCl, 20 mM HEPES, 1 mM MgCl2, 4.8 mM NaHCO3, pH 7.4), 2 mM CaCl2, 1× SmartBlock (from CANDOR Bioscience GmbH), 4.5 mM Probenecid, 5 μM Fluo-8 AM, 0.016% Pluronic, 0.04% Brilliant black] and incubated at 37° C./5% CO2 for 30 minutes. The test substance is prepared in DMSO in various concentrations as a dose-response curve (starting concentration 10 mM, dilution factor 3.16) and prediluted 1:50 with calcium-free Tyrode/2 mM CaCl2. 10 μl of the prediluted substance solution are added to the Fluo-8-laden cells and incubated at 37° C./5% CO2 for 10 minutes. The FP receptor is activated by adding 20 μl of 3 nM (final concentration) PGF2α in calcium-free Tyrode/2 mM CaCl2/0.04% Brilliant black, and the calcium flux is determined by measuring the fluorescence at ex. 470 nm/em. 525 nm in a fluorescence measuring instrument (FLIPR Tetra, Molecular Devices) for 120 seconds.",CHEMBL5726207,P43088,Prostaglandin F2-alpha receptor,IC50,CCc1ccc2nc(-c3ccccc3)c(C)c(C(=O)Nc3ccc(C(=O)O)cc3F)c2c1,6.610833915635467
CHEMBL5930473,CHEMBL1987,Prostaglandin F2-alpha receptor,IC50,=,272.0,nM,CHEMBL5732291,B,"In Vitro Test of Inhibition of Human FP Receptor Activity (B-1A): For the characterization of test substances in respect of FP antagonism, PGF2α-induced calcium flux in FP-expressing CHEM1 cells (Millipore, HTS093C) was used.3000 cells in 25 μl of full medium [DMEM F12, 10% FCS, 1.35 mM sodium pyruvate, 20 mM HEPES, 4 mM GlutaMAX, 2% sodium bicarbonate, 1% Pen/Strep, 1% 100× non-essential amino acids] are sown per well of a 384 multititer plate (from Greiner, TC plate, black with clear base) and incubated at 37° C./5% CO2 for 24 hours. Prior to the measurement, the medium is replaced by 30 μl of Fluo-8 AM loading buffer [calcium-free Tyrode (130 mM NaCl, 5 mM KCl, 20 mM HEPES, 1 mM MgCl2, 4.8 mM NaHCO3, pH 7.4), 2 mM CaCl2, 1× SmartBlock (from CANDOR Bioscience GmbH), 4.5 mM Probenecid, 5 μM Fluo-8 AM, 0.016% Pluronic, 0.04% Brilliant black] and incubated at 37° C./5% CO2 for 30 minutes. The test substance is prepared in DMSO in various concentrations as a dose-response curve (starting concentration 10 mM, dilution factor 3.16) and prediluted 1:50 with calcium-free Tyrode/2 mM CaCl2. 10 μl of the prediluted substance solution are added to the Fluo-8-laden cells and incubated at 37° C./5% CO2 for 10 minutes. The FP receptor is activated by adding 20 μl of 3 nM (final concentration) PGF2α in calcium-free Tyrode/2 mM CaCl2/0.04% Brilliant black, and the calcium flux is determined by measuring the fluorescence at ex. 470 nm/em. 525 nm in a fluorescence measuring instrument (FLIPR Tetra, Molecular Devices) for 120 seconds.",CHEMBL5726207,P43088,Prostaglandin F2-alpha receptor,IC50,Cc1c(-c2ccccc2)nc2ccc(C(C)C)cc2c1C(=O)Nc1ccc(C(=O)O)cc1F,6.565431095965801
CHEMBL4782468,CHEMBL1987,Prostaglandin F2-alpha receptor,IC50,=,93.0,nM,CHEMBL5732291,B,"In Vitro Test of Inhibition of Human FP Receptor Activity (B-1A): For the characterization of test substances in respect of FP antagonism, PGF2α-induced calcium flux in FP-expressing CHEM1 cells (Millipore, HTS093C) was used.3000 cells in 25 μl of full medium [DMEM F12, 10% FCS, 1.35 mM sodium pyruvate, 20 mM HEPES, 4 mM GlutaMAX, 2% sodium bicarbonate, 1% Pen/Strep, 1% 100× non-essential amino acids] are sown per well of a 384 multititer plate (from Greiner, TC plate, black with clear base) and incubated at 37° C./5% CO2 for 24 hours. Prior to the measurement, the medium is replaced by 30 μl of Fluo-8 AM loading buffer [calcium-free Tyrode (130 mM NaCl, 5 mM KCl, 20 mM HEPES, 1 mM MgCl2, 4.8 mM NaHCO3, pH 7.4), 2 mM CaCl2, 1× SmartBlock (from CANDOR Bioscience GmbH), 4.5 mM Probenecid, 5 μM Fluo-8 AM, 0.016% Pluronic, 0.04% Brilliant black] and incubated at 37° C./5% CO2 for 30 minutes. The test substance is prepared in DMSO in various concentrations as a dose-response curve (starting concentration 10 mM, dilution factor 3.16) and prediluted 1:50 with calcium-free Tyrode/2 mM CaCl2. 10 μl of the prediluted substance solution are added to the Fluo-8-laden cells and incubated at 37° C./5% CO2 for 10 minutes. The FP receptor is activated by adding 20 μl of 3 nM (final concentration) PGF2α in calcium-free Tyrode/2 mM CaCl2/0.04% Brilliant black, and the calcium flux is determined by measuring the fluorescence at ex. 470 nm/em. 525 nm in a fluorescence measuring instrument (FLIPR Tetra, Molecular Devices) for 120 seconds.",CHEMBL5726207,P43088,Prostaglandin F2-alpha receptor,IC50,Cc1c(-c2ccccc2)nc2ccc(C(F)(F)F)cc2c1C(=O)Nc1ccc(C(=O)O)cc1F,7.031517051446065
CHEMBL5895657,CHEMBL1987,Prostaglandin F2-alpha receptor,IC50,=,290.0,nM,CHEMBL5732291,B,"In Vitro Test of Inhibition of Human FP Receptor Activity (B-1A): For the characterization of test substances in respect of FP antagonism, PGF2α-induced calcium flux in FP-expressing CHEM1 cells (Millipore, HTS093C) was used.3000 cells in 25 μl of full medium [DMEM F12, 10% FCS, 1.35 mM sodium pyruvate, 20 mM HEPES, 4 mM GlutaMAX, 2% sodium bicarbonate, 1% Pen/Strep, 1% 100× non-essential amino acids] are sown per well of a 384 multititer plate (from Greiner, TC plate, black with clear base) and incubated at 37° C./5% CO2 for 24 hours. Prior to the measurement, the medium is replaced by 30 μl of Fluo-8 AM loading buffer [calcium-free Tyrode (130 mM NaCl, 5 mM KCl, 20 mM HEPES, 1 mM MgCl2, 4.8 mM NaHCO3, pH 7.4), 2 mM CaCl2, 1× SmartBlock (from CANDOR Bioscience GmbH), 4.5 mM Probenecid, 5 μM Fluo-8 AM, 0.016% Pluronic, 0.04% Brilliant black] and incubated at 37° C./5% CO2 for 30 minutes. The test substance is prepared in DMSO in various concentrations as a dose-response curve (starting concentration 10 mM, dilution factor 3.16) and prediluted 1:50 with calcium-free Tyrode/2 mM CaCl2. 10 μl of the prediluted substance solution are added to the Fluo-8-laden cells and incubated at 37° C./5% CO2 for 10 minutes. The FP receptor is activated by adding 20 μl of 3 nM (final concentration) PGF2α in calcium-free Tyrode/2 mM CaCl2/0.04% Brilliant black, and the calcium flux is determined by measuring the fluorescence at ex. 470 nm/em. 525 nm in a fluorescence measuring instrument (FLIPR Tetra, Molecular Devices) for 120 seconds.",CHEMBL5726207,P43088,Prostaglandin F2-alpha receptor,IC50,Cc1c(-c2ccccc2)nc2ccc(OC(F)(F)F)cc2c1C(=O)Nc1ccc(C(=O)O)cc1F,6.537602002101044
CHEMBL6001716,CHEMBL1987,Prostaglandin F2-alpha receptor,IC50,=,78.0,nM,CHEMBL5732291,B,"In Vitro Test of Inhibition of Human FP Receptor Activity (B-1A): For the characterization of test substances in respect of FP antagonism, PGF2α-induced calcium flux in FP-expressing CHEM1 cells (Millipore, HTS093C) was used.3000 cells in 25 μl of full medium [DMEM F12, 10% FCS, 1.35 mM sodium pyruvate, 20 mM HEPES, 4 mM GlutaMAX, 2% sodium bicarbonate, 1% Pen/Strep, 1% 100× non-essential amino acids] are sown per well of a 384 multititer plate (from Greiner, TC plate, black with clear base) and incubated at 37° C./5% CO2 for 24 hours. Prior to the measurement, the medium is replaced by 30 μl of Fluo-8 AM loading buffer [calcium-free Tyrode (130 mM NaCl, 5 mM KCl, 20 mM HEPES, 1 mM MgCl2, 4.8 mM NaHCO3, pH 7.4), 2 mM CaCl2, 1× SmartBlock (from CANDOR Bioscience GmbH), 4.5 mM Probenecid, 5 μM Fluo-8 AM, 0.016% Pluronic, 0.04% Brilliant black] and incubated at 37° C./5% CO2 for 30 minutes. The test substance is prepared in DMSO in various concentrations as a dose-response curve (starting concentration 10 mM, dilution factor 3.16) and prediluted 1:50 with calcium-free Tyrode/2 mM CaCl2. 10 μl of the prediluted substance solution are added to the Fluo-8-laden cells and incubated at 37° C./5% CO2 for 10 minutes. The FP receptor is activated by adding 20 μl of 3 nM (final concentration) PGF2α in calcium-free Tyrode/2 mM CaCl2/0.04% Brilliant black, and the calcium flux is determined by measuring the fluorescence at ex. 470 nm/em. 525 nm in a fluorescence measuring instrument (FLIPR Tetra, Molecular Devices) for 120 seconds.",CHEMBL5726207,P43088,Prostaglandin F2-alpha receptor,IC50,Cc1c(-c2ccccc2)nc2ccc([Si](C)(C)C)cc2c1C(=O)Nc1ccc(C(=O)O)cc1F,7.107905397309519
CHEMBL6006855,CHEMBL1987,Prostaglandin F2-alpha receptor,IC50,=,39.0,nM,CHEMBL5732291,B,"In Vitro Test of Inhibition of Human FP Receptor Activity (B-1A): For the characterization of test substances in respect of FP antagonism, PGF2α-induced calcium flux in FP-expressing CHEM1 cells (Millipore, HTS093C) was used.3000 cells in 25 μl of full medium [DMEM F12, 10% FCS, 1.35 mM sodium pyruvate, 20 mM HEPES, 4 mM GlutaMAX, 2% sodium bicarbonate, 1% Pen/Strep, 1% 100× non-essential amino acids] are sown per well of a 384 multititer plate (from Greiner, TC plate, black with clear base) and incubated at 37° C./5% CO2 for 24 hours. Prior to the measurement, the medium is replaced by 30 μl of Fluo-8 AM loading buffer [calcium-free Tyrode (130 mM NaCl, 5 mM KCl, 20 mM HEPES, 1 mM MgCl2, 4.8 mM NaHCO3, pH 7.4), 2 mM CaCl2, 1× SmartBlock (from CANDOR Bioscience GmbH), 4.5 mM Probenecid, 5 μM Fluo-8 AM, 0.016% Pluronic, 0.04% Brilliant black] and incubated at 37° C./5% CO2 for 30 minutes. The test substance is prepared in DMSO in various concentrations as a dose-response curve (starting concentration 10 mM, dilution factor 3.16) and prediluted 1:50 with calcium-free Tyrode/2 mM CaCl2. 10 μl of the prediluted substance solution are added to the Fluo-8-laden cells and incubated at 37° C./5% CO2 for 10 minutes. The FP receptor is activated by adding 20 μl of 3 nM (final concentration) PGF2α in calcium-free Tyrode/2 mM CaCl2/0.04% Brilliant black, and the calcium flux is determined by measuring the fluorescence at ex. 470 nm/em. 525 nm in a fluorescence measuring instrument (FLIPR Tetra, Molecular Devices) for 120 seconds.",CHEMBL5726207,P43088,Prostaglandin F2-alpha receptor,IC50,O=C(O)c1ccc(NC(=O)c2c(CF)c(-c3ccccc3)nc3ccc(Br)cc23)c(F)c1,7.4089353929735005
CHEMBL5981632,CHEMBL1987,Prostaglandin F2-alpha receptor,IC50,=,265.0,nM,CHEMBL5732291,B,"In Vitro Test of Inhibition of Human FP Receptor Activity (B-1A): For the characterization of test substances in respect of FP antagonism, PGF2α-induced calcium flux in FP-expressing CHEM1 cells (Millipore, HTS093C) was used.3000 cells in 25 μl of full medium [DMEM F12, 10% FCS, 1.35 mM sodium pyruvate, 20 mM HEPES, 4 mM GlutaMAX, 2% sodium bicarbonate, 1% Pen/Strep, 1% 100× non-essential amino acids] are sown per well of a 384 multititer plate (from Greiner, TC plate, black with clear base) and incubated at 37° C./5% CO2 for 24 hours. Prior to the measurement, the medium is replaced by 30 μl of Fluo-8 AM loading buffer [calcium-free Tyrode (130 mM NaCl, 5 mM KCl, 20 mM HEPES, 1 mM MgCl2, 4.8 mM NaHCO3, pH 7.4), 2 mM CaCl2, 1× SmartBlock (from CANDOR Bioscience GmbH), 4.5 mM Probenecid, 5 μM Fluo-8 AM, 0.016% Pluronic, 0.04% Brilliant black] and incubated at 37° C./5% CO2 for 30 minutes. The test substance is prepared in DMSO in various concentrations as a dose-response curve (starting concentration 10 mM, dilution factor 3.16) and prediluted 1:50 with calcium-free Tyrode/2 mM CaCl2. 10 μl of the prediluted substance solution are added to the Fluo-8-laden cells and incubated at 37° C./5% CO2 for 10 minutes. The FP receptor is activated by adding 20 μl of 3 nM (final concentration) PGF2α in calcium-free Tyrode/2 mM CaCl2/0.04% Brilliant black, and the calcium flux is determined by measuring the fluorescence at ex. 470 nm/em. 525 nm in a fluorescence measuring instrument (FLIPR Tetra, Molecular Devices) for 120 seconds.",CHEMBL5726207,P43088,Prostaglandin F2-alpha receptor,IC50,O=C(O)c1ccc(NC(=O)c2c(C(F)F)c(-c3ccccc3)nc3ccc(Br)cc23)c(F)c1,6.576754126063192
CHEMBL5778917,CHEMBL1987,Prostaglandin F2-alpha receptor,IC50,=,190.0,nM,CHEMBL5732291,B,"In Vitro Test of Inhibition of Human FP Receptor Activity (B-1A): For the characterization of test substances in respect of FP antagonism, PGF2α-induced calcium flux in FP-expressing CHEM1 cells (Millipore, HTS093C) was used.3000 cells in 25 μl of full medium [DMEM F12, 10% FCS, 1.35 mM sodium pyruvate, 20 mM HEPES, 4 mM GlutaMAX, 2% sodium bicarbonate, 1% Pen/Strep, 1% 100× non-essential amino acids] are sown per well of a 384 multititer plate (from Greiner, TC plate, black with clear base) and incubated at 37° C./5% CO2 for 24 hours. Prior to the measurement, the medium is replaced by 30 μl of Fluo-8 AM loading buffer [calcium-free Tyrode (130 mM NaCl, 5 mM KCl, 20 mM HEPES, 1 mM MgCl2, 4.8 mM NaHCO3, pH 7.4), 2 mM CaCl2, 1× SmartBlock (from CANDOR Bioscience GmbH), 4.5 mM Probenecid, 5 μM Fluo-8 AM, 0.016% Pluronic, 0.04% Brilliant black] and incubated at 37° C./5% CO2 for 30 minutes. The test substance is prepared in DMSO in various concentrations as a dose-response curve (starting concentration 10 mM, dilution factor 3.16) and prediluted 1:50 with calcium-free Tyrode/2 mM CaCl2. 10 μl of the prediluted substance solution are added to the Fluo-8-laden cells and incubated at 37° C./5% CO2 for 10 minutes. The FP receptor is activated by adding 20 μl of 3 nM (final concentration) PGF2α in calcium-free Tyrode/2 mM CaCl2/0.04% Brilliant black, and the calcium flux is determined by measuring the fluorescence at ex. 470 nm/em. 525 nm in a fluorescence measuring instrument (FLIPR Tetra, Molecular Devices) for 120 seconds.",CHEMBL5726207,P43088,Prostaglandin F2-alpha receptor,IC50,CCc1c(-c2ccccc2)nc2ccc(Br)cc2c1C(=O)Nc1ccc(C(=O)O)cc1F,6.721246399047171
CHEMBL5882954,CHEMBL1987,Prostaglandin F2-alpha receptor,IC50,=,560.0,nM,CHEMBL5732291,B,"In Vitro Test of Inhibition of Human FP Receptor Activity (B-1A): For the characterization of test substances in respect of FP antagonism, PGF2α-induced calcium flux in FP-expressing CHEM1 cells (Millipore, HTS093C) was used.3000 cells in 25 μl of full medium [DMEM F12, 10% FCS, 1.35 mM sodium pyruvate, 20 mM HEPES, 4 mM GlutaMAX, 2% sodium bicarbonate, 1% Pen/Strep, 1% 100× non-essential amino acids] are sown per well of a 384 multititer plate (from Greiner, TC plate, black with clear base) and incubated at 37° C./5% CO2 for 24 hours. Prior to the measurement, the medium is replaced by 30 μl of Fluo-8 AM loading buffer [calcium-free Tyrode (130 mM NaCl, 5 mM KCl, 20 mM HEPES, 1 mM MgCl2, 4.8 mM NaHCO3, pH 7.4), 2 mM CaCl2, 1× SmartBlock (from CANDOR Bioscience GmbH), 4.5 mM Probenecid, 5 μM Fluo-8 AM, 0.016% Pluronic, 0.04% Brilliant black] and incubated at 37° C./5% CO2 for 30 minutes. The test substance is prepared in DMSO in various concentrations as a dose-response curve (starting concentration 10 mM, dilution factor 3.16) and prediluted 1:50 with calcium-free Tyrode/2 mM CaCl2. 10 μl of the prediluted substance solution are added to the Fluo-8-laden cells and incubated at 37° C./5% CO2 for 10 minutes. The FP receptor is activated by adding 20 μl of 3 nM (final concentration) PGF2α in calcium-free Tyrode/2 mM CaCl2/0.04% Brilliant black, and the calcium flux is determined by measuring the fluorescence at ex. 470 nm/em. 525 nm in a fluorescence measuring instrument (FLIPR Tetra, Molecular Devices) for 120 seconds.",CHEMBL5726207,P43088,Prostaglandin F2-alpha receptor,IC50,CCCc1c(-c2ccccc2)nc2ccc(Br)cc2c1C(=O)Nc1ccc(C(=O)O)cc1F,6.251811972993799
CHEMBL5832046,CHEMBL1987,Prostaglandin F2-alpha receptor,IC50,=,25.0,nM,CHEMBL5732291,B,"In Vitro Test of Inhibition of Human FP Receptor Activity (B-1A): For the characterization of test substances in respect of FP antagonism, PGF2α-induced calcium flux in FP-expressing CHEM1 cells (Millipore, HTS093C) was used.3000 cells in 25 μl of full medium [DMEM F12, 10% FCS, 1.35 mM sodium pyruvate, 20 mM HEPES, 4 mM GlutaMAX, 2% sodium bicarbonate, 1% Pen/Strep, 1% 100× non-essential amino acids] are sown per well of a 384 multititer plate (from Greiner, TC plate, black with clear base) and incubated at 37° C./5% CO2 for 24 hours. Prior to the measurement, the medium is replaced by 30 μl of Fluo-8 AM loading buffer [calcium-free Tyrode (130 mM NaCl, 5 mM KCl, 20 mM HEPES, 1 mM MgCl2, 4.8 mM NaHCO3, pH 7.4), 2 mM CaCl2, 1× SmartBlock (from CANDOR Bioscience GmbH), 4.5 mM Probenecid, 5 μM Fluo-8 AM, 0.016% Pluronic, 0.04% Brilliant black] and incubated at 37° C./5% CO2 for 30 minutes. The test substance is prepared in DMSO in various concentrations as a dose-response curve (starting concentration 10 mM, dilution factor 3.16) and prediluted 1:50 with calcium-free Tyrode/2 mM CaCl2. 10 μl of the prediluted substance solution are added to the Fluo-8-laden cells and incubated at 37° C./5% CO2 for 10 minutes. The FP receptor is activated by adding 20 μl of 3 nM (final concentration) PGF2α in calcium-free Tyrode/2 mM CaCl2/0.04% Brilliant black, and the calcium flux is determined by measuring the fluorescence at ex. 470 nm/em. 525 nm in a fluorescence measuring instrument (FLIPR Tetra, Molecular Devices) for 120 seconds.",CHEMBL5726207,P43088,Prostaglandin F2-alpha receptor,IC50,Cc1c(-c2ccccc2)nc2cc(Cl)c(Br)cc2c1C(=O)Nc1ccc(C(=O)O)cc1F,7.6020599913279625
CHEMBL5753593,CHEMBL1987,Prostaglandin F2-alpha receptor,IC50,=,33.0,nM,CHEMBL5732291,B,"In Vitro Test of Inhibition of Human FP Receptor Activity (B-1A): For the characterization of test substances in respect of FP antagonism, PGF2α-induced calcium flux in FP-expressing CHEM1 cells (Millipore, HTS093C) was used.3000 cells in 25 μl of full medium [DMEM F12, 10% FCS, 1.35 mM sodium pyruvate, 20 mM HEPES, 4 mM GlutaMAX, 2% sodium bicarbonate, 1% Pen/Strep, 1% 100× non-essential amino acids] are sown per well of a 384 multititer plate (from Greiner, TC plate, black with clear base) and incubated at 37° C./5% CO2 for 24 hours. Prior to the measurement, the medium is replaced by 30 μl of Fluo-8 AM loading buffer [calcium-free Tyrode (130 mM NaCl, 5 mM KCl, 20 mM HEPES, 1 mM MgCl2, 4.8 mM NaHCO3, pH 7.4), 2 mM CaCl2, 1× SmartBlock (from CANDOR Bioscience GmbH), 4.5 mM Probenecid, 5 μM Fluo-8 AM, 0.016% Pluronic, 0.04% Brilliant black] and incubated at 37° C./5% CO2 for 30 minutes. The test substance is prepared in DMSO in various concentrations as a dose-response curve (starting concentration 10 mM, dilution factor 3.16) and prediluted 1:50 with calcium-free Tyrode/2 mM CaCl2. 10 μl of the prediluted substance solution are added to the Fluo-8-laden cells and incubated at 37° C./5% CO2 for 10 minutes. The FP receptor is activated by adding 20 μl of 3 nM (final concentration) PGF2α in calcium-free Tyrode/2 mM CaCl2/0.04% Brilliant black, and the calcium flux is determined by measuring the fluorescence at ex. 470 nm/em. 525 nm in a fluorescence measuring instrument (FLIPR Tetra, Molecular Devices) for 120 seconds.",CHEMBL5726207,P43088,Prostaglandin F2-alpha receptor,IC50,Cc1c(-c2ccccc2)nc2cc(Cl)c(Cl)cc2c1C(=O)Nc1ccc(C(=O)O)cc1F,7.481486060122112
CHEMBL6048678,CHEMBL1987,Prostaglandin F2-alpha receptor,IC50,=,52.0,nM,CHEMBL5732291,B,"In Vitro Test of Inhibition of Human FP Receptor Activity (B-1A): For the characterization of test substances in respect of FP antagonism, PGF2α-induced calcium flux in FP-expressing CHEM1 cells (Millipore, HTS093C) was used.3000 cells in 25 μl of full medium [DMEM F12, 10% FCS, 1.35 mM sodium pyruvate, 20 mM HEPES, 4 mM GlutaMAX, 2% sodium bicarbonate, 1% Pen/Strep, 1% 100× non-essential amino acids] are sown per well of a 384 multititer plate (from Greiner, TC plate, black with clear base) and incubated at 37° C./5% CO2 for 24 hours. Prior to the measurement, the medium is replaced by 30 μl of Fluo-8 AM loading buffer [calcium-free Tyrode (130 mM NaCl, 5 mM KCl, 20 mM HEPES, 1 mM MgCl2, 4.8 mM NaHCO3, pH 7.4), 2 mM CaCl2, 1× SmartBlock (from CANDOR Bioscience GmbH), 4.5 mM Probenecid, 5 μM Fluo-8 AM, 0.016% Pluronic, 0.04% Brilliant black] and incubated at 37° C./5% CO2 for 30 minutes. The test substance is prepared in DMSO in various concentrations as a dose-response curve (starting concentration 10 mM, dilution factor 3.16) and prediluted 1:50 with calcium-free Tyrode/2 mM CaCl2. 10 μl of the prediluted substance solution are added to the Fluo-8-laden cells and incubated at 37° C./5% CO2 for 10 minutes. The FP receptor is activated by adding 20 μl of 3 nM (final concentration) PGF2α in calcium-free Tyrode/2 mM CaCl2/0.04% Brilliant black, and the calcium flux is determined by measuring the fluorescence at ex. 470 nm/em. 525 nm in a fluorescence measuring instrument (FLIPR Tetra, Molecular Devices) for 120 seconds.",CHEMBL5726207,P43088,Prostaglandin F2-alpha receptor,IC50,Cc1c(-c2ccc(F)cc2)nc2ccc(Br)cc2c1C(=O)Nc1ccc(C(=O)O)cc1F,7.2839966563652006
CHEMBL6007168,CHEMBL1987,Prostaglandin F2-alpha receptor,IC50,=,33.0,nM,CHEMBL5732291,B,"In Vitro Test of Inhibition of Human FP Receptor Activity (B-1A): For the characterization of test substances in respect of FP antagonism, PGF2α-induced calcium flux in FP-expressing CHEM1 cells (Millipore, HTS093C) was used.3000 cells in 25 μl of full medium [DMEM F12, 10% FCS, 1.35 mM sodium pyruvate, 20 mM HEPES, 4 mM GlutaMAX, 2% sodium bicarbonate, 1% Pen/Strep, 1% 100× non-essential amino acids] are sown per well of a 384 multititer plate (from Greiner, TC plate, black with clear base) and incubated at 37° C./5% CO2 for 24 hours. Prior to the measurement, the medium is replaced by 30 μl of Fluo-8 AM loading buffer [calcium-free Tyrode (130 mM NaCl, 5 mM KCl, 20 mM HEPES, 1 mM MgCl2, 4.8 mM NaHCO3, pH 7.4), 2 mM CaCl2, 1× SmartBlock (from CANDOR Bioscience GmbH), 4.5 mM Probenecid, 5 μM Fluo-8 AM, 0.016% Pluronic, 0.04% Brilliant black] and incubated at 37° C./5% CO2 for 30 minutes. The test substance is prepared in DMSO in various concentrations as a dose-response curve (starting concentration 10 mM, dilution factor 3.16) and prediluted 1:50 with calcium-free Tyrode/2 mM CaCl2. 10 μl of the prediluted substance solution are added to the Fluo-8-laden cells and incubated at 37° C./5% CO2 for 10 minutes. The FP receptor is activated by adding 20 μl of 3 nM (final concentration) PGF2α in calcium-free Tyrode/2 mM CaCl2/0.04% Brilliant black, and the calcium flux is determined by measuring the fluorescence at ex. 470 nm/em. 525 nm in a fluorescence measuring instrument (FLIPR Tetra, Molecular Devices) for 120 seconds.",CHEMBL5726207,P43088,Prostaglandin F2-alpha receptor,IC50,Cc1c(-c2cccc(F)c2)nc2ccc(Br)cc2c1C(=O)Nc1ccc(C(=O)O)cc1F,7.481486060122112
CHEMBL5834134,CHEMBL1987,Prostaglandin F2-alpha receptor,IC50,=,205.0,nM,CHEMBL5732291,B,"In Vitro Test of Inhibition of Human FP Receptor Activity (B-1A): For the characterization of test substances in respect of FP antagonism, PGF2α-induced calcium flux in FP-expressing CHEM1 cells (Millipore, HTS093C) was used.3000 cells in 25 μl of full medium [DMEM F12, 10% FCS, 1.35 mM sodium pyruvate, 20 mM HEPES, 4 mM GlutaMAX, 2% sodium bicarbonate, 1% Pen/Strep, 1% 100× non-essential amino acids] are sown per well of a 384 multititer plate (from Greiner, TC plate, black with clear base) and incubated at 37° C./5% CO2 for 24 hours. Prior to the measurement, the medium is replaced by 30 μl of Fluo-8 AM loading buffer [calcium-free Tyrode (130 mM NaCl, 5 mM KCl, 20 mM HEPES, 1 mM MgCl2, 4.8 mM NaHCO3, pH 7.4), 2 mM CaCl2, 1× SmartBlock (from CANDOR Bioscience GmbH), 4.5 mM Probenecid, 5 μM Fluo-8 AM, 0.016% Pluronic, 0.04% Brilliant black] and incubated at 37° C./5% CO2 for 30 minutes. The test substance is prepared in DMSO in various concentrations as a dose-response curve (starting concentration 10 mM, dilution factor 3.16) and prediluted 1:50 with calcium-free Tyrode/2 mM CaCl2. 10 μl of the prediluted substance solution are added to the Fluo-8-laden cells and incubated at 37° C./5% CO2 for 10 minutes. The FP receptor is activated by adding 20 μl of 3 nM (final concentration) PGF2α in calcium-free Tyrode/2 mM CaCl2/0.04% Brilliant black, and the calcium flux is determined by measuring the fluorescence at ex. 470 nm/em. 525 nm in a fluorescence measuring instrument (FLIPR Tetra, Molecular Devices) for 120 seconds.",CHEMBL5726207,P43088,Prostaglandin F2-alpha receptor,IC50,Cc1c(-c2ccccc2F)nc2ccc(Br)cc2c1C(=O)Nc1ccc(C(=O)O)cc1F,6.688246138944246
CHEMBL5917398,CHEMBL1987,Prostaglandin F2-alpha receptor,IC50,=,140.0,nM,CHEMBL5732291,B,"In Vitro Test of Inhibition of Human FP Receptor Activity (B-1A): For the characterization of test substances in respect of FP antagonism, PGF2α-induced calcium flux in FP-expressing CHEM1 cells (Millipore, HTS093C) was used.3000 cells in 25 μl of full medium [DMEM F12, 10% FCS, 1.35 mM sodium pyruvate, 20 mM HEPES, 4 mM GlutaMAX, 2% sodium bicarbonate, 1% Pen/Strep, 1% 100× non-essential amino acids] are sown per well of a 384 multititer plate (from Greiner, TC plate, black with clear base) and incubated at 37° C./5% CO2 for 24 hours. Prior to the measurement, the medium is replaced by 30 μl of Fluo-8 AM loading buffer [calcium-free Tyrode (130 mM NaCl, 5 mM KCl, 20 mM HEPES, 1 mM MgCl2, 4.8 mM NaHCO3, pH 7.4), 2 mM CaCl2, 1× SmartBlock (from CANDOR Bioscience GmbH), 4.5 mM Probenecid, 5 μM Fluo-8 AM, 0.016% Pluronic, 0.04% Brilliant black] and incubated at 37° C./5% CO2 for 30 minutes. The test substance is prepared in DMSO in various concentrations as a dose-response curve (starting concentration 10 mM, dilution factor 3.16) and prediluted 1:50 with calcium-free Tyrode/2 mM CaCl2. 10 μl of the prediluted substance solution are added to the Fluo-8-laden cells and incubated at 37° C./5% CO2 for 10 minutes. The FP receptor is activated by adding 20 μl of 3 nM (final concentration) PGF2α in calcium-free Tyrode/2 mM CaCl2/0.04% Brilliant black, and the calcium flux is determined by measuring the fluorescence at ex. 470 nm/em. 525 nm in a fluorescence measuring instrument (FLIPR Tetra, Molecular Devices) for 120 seconds.",CHEMBL5726207,P43088,Prostaglandin F2-alpha receptor,IC50,Cc1c(-c2ccncc2)nc2ccc(Br)cc2c1C(=O)Nc1ccc(C(=O)O)cc1F,6.853871964321762
CHEMBL5958883,CHEMBL1987,Prostaglandin F2-alpha receptor,IC50,=,197.0,nM,CHEMBL5732291,B,"In Vitro Test of Inhibition of Human FP Receptor Activity (B-1A): For the characterization of test substances in respect of FP antagonism, PGF2α-induced calcium flux in FP-expressing CHEM1 cells (Millipore, HTS093C) was used.3000 cells in 25 μl of full medium [DMEM F12, 10% FCS, 1.35 mM sodium pyruvate, 20 mM HEPES, 4 mM GlutaMAX, 2% sodium bicarbonate, 1% Pen/Strep, 1% 100× non-essential amino acids] are sown per well of a 384 multititer plate (from Greiner, TC plate, black with clear base) and incubated at 37° C./5% CO2 for 24 hours. Prior to the measurement, the medium is replaced by 30 μl of Fluo-8 AM loading buffer [calcium-free Tyrode (130 mM NaCl, 5 mM KCl, 20 mM HEPES, 1 mM MgCl2, 4.8 mM NaHCO3, pH 7.4), 2 mM CaCl2, 1× SmartBlock (from CANDOR Bioscience GmbH), 4.5 mM Probenecid, 5 μM Fluo-8 AM, 0.016% Pluronic, 0.04% Brilliant black] and incubated at 37° C./5% CO2 for 30 minutes. The test substance is prepared in DMSO in various concentrations as a dose-response curve (starting concentration 10 mM, dilution factor 3.16) and prediluted 1:50 with calcium-free Tyrode/2 mM CaCl2. 10 μl of the prediluted substance solution are added to the Fluo-8-laden cells and incubated at 37° C./5% CO2 for 10 minutes. The FP receptor is activated by adding 20 μl of 3 nM (final concentration) PGF2α in calcium-free Tyrode/2 mM CaCl2/0.04% Brilliant black, and the calcium flux is determined by measuring the fluorescence at ex. 470 nm/em. 525 nm in a fluorescence measuring instrument (FLIPR Tetra, Molecular Devices) for 120 seconds.",CHEMBL5726207,P43088,Prostaglandin F2-alpha receptor,IC50,Cc1c(-c2ccccc2)nc2ccc(Br)cc2c1C(=O)Nc1ccc(C(N)=O)cc1,6.7055337738384075
CHEMBL4787228,CHEMBL1987,Prostaglandin F2-alpha receptor,IC50,=,102.0,nM,CHEMBL5732291,B,"In Vitro Test of Inhibition of Human FP Receptor Activity (B-1A): For the characterization of test substances in respect of FP antagonism, PGF2α-induced calcium flux in FP-expressing CHEM1 cells (Millipore, HTS093C) was used.3000 cells in 25 μl of full medium [DMEM F12, 10% FCS, 1.35 mM sodium pyruvate, 20 mM HEPES, 4 mM GlutaMAX, 2% sodium bicarbonate, 1% Pen/Strep, 1% 100× non-essential amino acids] are sown per well of a 384 multititer plate (from Greiner, TC plate, black with clear base) and incubated at 37° C./5% CO2 for 24 hours. Prior to the measurement, the medium is replaced by 30 μl of Fluo-8 AM loading buffer [calcium-free Tyrode (130 mM NaCl, 5 mM KCl, 20 mM HEPES, 1 mM MgCl2, 4.8 mM NaHCO3, pH 7.4), 2 mM CaCl2, 1× SmartBlock (from CANDOR Bioscience GmbH), 4.5 mM Probenecid, 5 μM Fluo-8 AM, 0.016% Pluronic, 0.04% Brilliant black] and incubated at 37° C./5% CO2 for 30 minutes. The test substance is prepared in DMSO in various concentrations as a dose-response curve (starting concentration 10 mM, dilution factor 3.16) and prediluted 1:50 with calcium-free Tyrode/2 mM CaCl2. 10 μl of the prediluted substance solution are added to the Fluo-8-laden cells and incubated at 37° C./5% CO2 for 10 minutes. The FP receptor is activated by adding 20 μl of 3 nM (final concentration) PGF2α in calcium-free Tyrode/2 mM CaCl2/0.04% Brilliant black, and the calcium flux is determined by measuring the fluorescence at ex. 470 nm/em. 525 nm in a fluorescence measuring instrument (FLIPR Tetra, Molecular Devices) for 120 seconds.",CHEMBL5726207,P43088,Prostaglandin F2-alpha receptor,IC50,Cc1c(-c2ccccc2)nc2ccc(Br)cc2c1C(=O)Nc1ccc(C(N)=O)cc1F,6.991399828238082
CHEMBL4739939,CHEMBL1987,Prostaglandin F2-alpha receptor,IC50,=,120.0,nM,CHEMBL5732291,B,"In Vitro Test of Inhibition of Human FP Receptor Activity (B-1A): For the characterization of test substances in respect of FP antagonism, PGF2α-induced calcium flux in FP-expressing CHEM1 cells (Millipore, HTS093C) was used.3000 cells in 25 μl of full medium [DMEM F12, 10% FCS, 1.35 mM sodium pyruvate, 20 mM HEPES, 4 mM GlutaMAX, 2% sodium bicarbonate, 1% Pen/Strep, 1% 100× non-essential amino acids] are sown per well of a 384 multititer plate (from Greiner, TC plate, black with clear base) and incubated at 37° C./5% CO2 for 24 hours. Prior to the measurement, the medium is replaced by 30 μl of Fluo-8 AM loading buffer [calcium-free Tyrode (130 mM NaCl, 5 mM KCl, 20 mM HEPES, 1 mM MgCl2, 4.8 mM NaHCO3, pH 7.4), 2 mM CaCl2, 1× SmartBlock (from CANDOR Bioscience GmbH), 4.5 mM Probenecid, 5 μM Fluo-8 AM, 0.016% Pluronic, 0.04% Brilliant black] and incubated at 37° C./5% CO2 for 30 minutes. The test substance is prepared in DMSO in various concentrations as a dose-response curve (starting concentration 10 mM, dilution factor 3.16) and prediluted 1:50 with calcium-free Tyrode/2 mM CaCl2. 10 μl of the prediluted substance solution are added to the Fluo-8-laden cells and incubated at 37° C./5% CO2 for 10 minutes. The FP receptor is activated by adding 20 μl of 3 nM (final concentration) PGF2α in calcium-free Tyrode/2 mM CaCl2/0.04% Brilliant black, and the calcium flux is determined by measuring the fluorescence at ex. 470 nm/em. 525 nm in a fluorescence measuring instrument (FLIPR Tetra, Molecular Devices) for 120 seconds.",CHEMBL5726207,P43088,Prostaglandin F2-alpha receptor,IC50,Cc1c(C(=O)Nc2ccc(C(=O)O)cc2F)c2cc(Br)ccc2[n+]([O-])c1-c1ccccc1,6.920818753952375
CHEMBL4755942,CHEMBL1987,Prostaglandin F2-alpha receptor,IC50,=,37.0,nM,CHEMBL5732291,B,"In Vitro Test of Inhibition of Human FP Receptor Activity (B-1A): For the characterization of test substances in respect of FP antagonism, PGF2α-induced calcium flux in FP-expressing CHEM1 cells (Millipore, HTS093C) was used.3000 cells in 25 μl of full medium [DMEM F12, 10% FCS, 1.35 mM sodium pyruvate, 20 mM HEPES, 4 mM GlutaMAX, 2% sodium bicarbonate, 1% Pen/Strep, 1% 100× non-essential amino acids] are sown per well of a 384 multititer plate (from Greiner, TC plate, black with clear base) and incubated at 37° C./5% CO2 for 24 hours. Prior to the measurement, the medium is replaced by 30 μl of Fluo-8 AM loading buffer [calcium-free Tyrode (130 mM NaCl, 5 mM KCl, 20 mM HEPES, 1 mM MgCl2, 4.8 mM NaHCO3, pH 7.4), 2 mM CaCl2, 1× SmartBlock (from CANDOR Bioscience GmbH), 4.5 mM Probenecid, 5 μM Fluo-8 AM, 0.016% Pluronic, 0.04% Brilliant black] and incubated at 37° C./5% CO2 for 30 minutes. The test substance is prepared in DMSO in various concentrations as a dose-response curve (starting concentration 10 mM, dilution factor 3.16) and prediluted 1:50 with calcium-free Tyrode/2 mM CaCl2. 10 μl of the prediluted substance solution are added to the Fluo-8-laden cells and incubated at 37° C./5% CO2 for 10 minutes. The FP receptor is activated by adding 20 μl of 3 nM (final concentration) PGF2α in calcium-free Tyrode/2 mM CaCl2/0.04% Brilliant black, and the calcium flux is determined by measuring the fluorescence at ex. 470 nm/em. 525 nm in a fluorescence measuring instrument (FLIPR Tetra, Molecular Devices) for 120 seconds.",CHEMBL5726207,P43088,Prostaglandin F2-alpha receptor,IC50,Cc1c(-c2ccccc2)nc2ccc(Br)cc2c1C(=O)Nc1ccc(C(=O)O)cc1F,7.431798275933005
CHEMBL4755942,CHEMBL1987,Prostaglandin F2-alpha receptor,IC50,=,91.0,nM,CHEMBL5732291,B,"In Vitro Test of Inhibition of Human FP Receptor Activity (B-1A): For the characterization of test substances in respect of FP antagonism, PGF2α-induced calcium flux in FP-expressing CHEM1 cells (Millipore, HTS093C) was used.3000 cells in 25 μl of full medium [DMEM F12, 10% FCS, 1.35 mM sodium pyruvate, 20 mM HEPES, 4 mM GlutaMAX, 2% sodium bicarbonate, 1% Pen/Strep, 1% 100× non-essential amino acids] are sown per well of a 384 multititer plate (from Greiner, TC plate, black with clear base) and incubated at 37° C./5% CO2 for 24 hours. Prior to the measurement, the medium is replaced by 30 μl of Fluo-8 AM loading buffer [calcium-free Tyrode (130 mM NaCl, 5 mM KCl, 20 mM HEPES, 1 mM MgCl2, 4.8 mM NaHCO3, pH 7.4), 2 mM CaCl2, 1× SmartBlock (from CANDOR Bioscience GmbH), 4.5 mM Probenecid, 5 μM Fluo-8 AM, 0.016% Pluronic, 0.04% Brilliant black] and incubated at 37° C./5% CO2 for 30 minutes. The test substance is prepared in DMSO in various concentrations as a dose-response curve (starting concentration 10 mM, dilution factor 3.16) and prediluted 1:50 with calcium-free Tyrode/2 mM CaCl2. 10 μl of the prediluted substance solution are added to the Fluo-8-laden cells and incubated at 37° C./5% CO2 for 10 minutes. The FP receptor is activated by adding 20 μl of 3 nM (final concentration) PGF2α in calcium-free Tyrode/2 mM CaCl2/0.04% Brilliant black, and the calcium flux is determined by measuring the fluorescence at ex. 470 nm/em. 525 nm in a fluorescence measuring instrument (FLIPR Tetra, Molecular Devices) for 120 seconds.",CHEMBL5726207,P43088,Prostaglandin F2-alpha receptor,IC50,Cc1c(-c2ccccc2)nc2ccc(Br)cc2c1C(=O)Nc1ccc(C(=O)O)cc1F,7.040958607678906
CHEMBL6058325,CHEMBL1987,Prostaglandin F2-alpha receptor,IC50,=,17.0,nM,CHEMBL5732291,B,"In Vitro Test of Inhibition of Human FP Receptor Activity (B-1A): For the characterization of test substances in respect of FP antagonism, PGF2α-induced calcium flux in FP-expressing CHEM1 cells (Millipore, HTS093C) was used.3000 cells in 25 μl of full medium [DMEM F12, 10% FCS, 1.35 mM sodium pyruvate, 20 mM HEPES, 4 mM GlutaMAX, 2% sodium bicarbonate, 1% Pen/Strep, 1% 100× non-essential amino acids] are sown per well of a 384 multititer plate (from Greiner, TC plate, black with clear base) and incubated at 37° C./5% CO2 for 24 hours. Prior to the measurement, the medium is replaced by 30 μl of Fluo-8 AM loading buffer [calcium-free Tyrode (130 mM NaCl, 5 mM KCl, 20 mM HEPES, 1 mM MgCl2, 4.8 mM NaHCO3, pH 7.4), 2 mM CaCl2, 1× SmartBlock (from CANDOR Bioscience GmbH), 4.5 mM Probenecid, 5 μM Fluo-8 AM, 0.016% Pluronic, 0.04% Brilliant black] and incubated at 37° C./5% CO2 for 30 minutes. The test substance is prepared in DMSO in various concentrations as a dose-response curve (starting concentration 10 mM, dilution factor 3.16) and prediluted 1:50 with calcium-free Tyrode/2 mM CaCl2. 10 μl of the prediluted substance solution are added to the Fluo-8-laden cells and incubated at 37° C./5% CO2 for 10 minutes. The FP receptor is activated by adding 20 μl of 3 nM (final concentration) PGF2α in calcium-free Tyrode/2 mM CaCl2/0.04% Brilliant black, and the calcium flux is determined by measuring the fluorescence at ex. 470 nm/em. 525 nm in a fluorescence measuring instrument (FLIPR Tetra, Molecular Devices) for 120 seconds.",CHEMBL5726207,P43088,Prostaglandin F2-alpha receptor,IC50,COCSc1cc(C(=O)O)ccc1NC(=O)c1c(C)c(-c2ccccc2)nc2ccc(Br)cc12,7.769551078621726
CHEMBL5906001,CHEMBL1987,Prostaglandin F2-alpha receptor,IC50,=,31.0,nM,CHEMBL5732291,B,"In Vitro Test of Inhibition of Human FP Receptor Activity (B-1A): For the characterization of test substances in respect of FP antagonism, PGF2α-induced calcium flux in FP-expressing CHEM1 cells (Millipore, HTS093C) was used.3000 cells in 25 μl of full medium [DMEM F12, 10% FCS, 1.35 mM sodium pyruvate, 20 mM HEPES, 4 mM GlutaMAX, 2% sodium bicarbonate, 1% Pen/Strep, 1% 100× non-essential amino acids] are sown per well of a 384 multititer plate (from Greiner, TC plate, black with clear base) and incubated at 37° C./5% CO2 for 24 hours. Prior to the measurement, the medium is replaced by 30 μl of Fluo-8 AM loading buffer [calcium-free Tyrode (130 mM NaCl, 5 mM KCl, 20 mM HEPES, 1 mM MgCl2, 4.8 mM NaHCO3, pH 7.4), 2 mM CaCl2, 1× SmartBlock (from CANDOR Bioscience GmbH), 4.5 mM Probenecid, 5 μM Fluo-8 AM, 0.016% Pluronic, 0.04% Brilliant black] and incubated at 37° C./5% CO2 for 30 minutes. The test substance is prepared in DMSO in various concentrations as a dose-response curve (starting concentration 10 mM, dilution factor 3.16) and prediluted 1:50 with calcium-free Tyrode/2 mM CaCl2. 10 μl of the prediluted substance solution are added to the Fluo-8-laden cells and incubated at 37° C./5% CO2 for 10 minutes. The FP receptor is activated by adding 20 μl of 3 nM (final concentration) PGF2α in calcium-free Tyrode/2 mM CaCl2/0.04% Brilliant black, and the calcium flux is determined by measuring the fluorescence at ex. 470 nm/em. 525 nm in a fluorescence measuring instrument (FLIPR Tetra, Molecular Devices) for 120 seconds.",CHEMBL5726207,P43088,Prostaglandin F2-alpha receptor,IC50,Cc1c(-c2ccccc2)nc2ccc(Br)cc2c1C(=O)Nc1ccc(C(=O)O)cc1S(=O)(=O)C(F)(F)F,7.508638306165727
CHEMBL5837260,CHEMBL1987,Prostaglandin F2-alpha receptor,IC50,=,102.0,nM,CHEMBL5732291,B,"In Vitro Test of Inhibition of Human FP Receptor Activity (B-1A): For the characterization of test substances in respect of FP antagonism, PGF2α-induced calcium flux in FP-expressing CHEM1 cells (Millipore, HTS093C) was used.3000 cells in 25 μl of full medium [DMEM F12, 10% FCS, 1.35 mM sodium pyruvate, 20 mM HEPES, 4 mM GlutaMAX, 2% sodium bicarbonate, 1% Pen/Strep, 1% 100× non-essential amino acids] are sown per well of a 384 multititer plate (from Greiner, TC plate, black with clear base) and incubated at 37° C./5% CO2 for 24 hours. Prior to the measurement, the medium is replaced by 30 μl of Fluo-8 AM loading buffer [calcium-free Tyrode (130 mM NaCl, 5 mM KCl, 20 mM HEPES, 1 mM MgCl2, 4.8 mM NaHCO3, pH 7.4), 2 mM CaCl2, 1× SmartBlock (from CANDOR Bioscience GmbH), 4.5 mM Probenecid, 5 μM Fluo-8 AM, 0.016% Pluronic, 0.04% Brilliant black] and incubated at 37° C./5% CO2 for 30 minutes. The test substance is prepared in DMSO in various concentrations as a dose-response curve (starting concentration 10 mM, dilution factor 3.16) and prediluted 1:50 with calcium-free Tyrode/2 mM CaCl2. 10 μl of the prediluted substance solution are added to the Fluo-8-laden cells and incubated at 37° C./5% CO2 for 10 minutes. The FP receptor is activated by adding 20 μl of 3 nM (final concentration) PGF2α in calcium-free Tyrode/2 mM CaCl2/0.04% Brilliant black, and the calcium flux is determined by measuring the fluorescence at ex. 470 nm/em. 525 nm in a fluorescence measuring instrument (FLIPR Tetra, Molecular Devices) for 120 seconds.",CHEMBL5726207,P43088,Prostaglandin F2-alpha receptor,IC50,Cc1c(C(=O)Nc2ccc(C(=O)O)cc2SC(F)(F)F)c2cc(Br)ccc2[n+]([O-])c1-c1ccccc1,6.991399828238082
CHEMBL5831091,CHEMBL1987,Prostaglandin F2-alpha receptor,IC50,=,49.0,nM,CHEMBL5732291,B,"In Vitro Test of Inhibition of Human FP Receptor Activity (B-1A): For the characterization of test substances in respect of FP antagonism, PGF2α-induced calcium flux in FP-expressing CHEM1 cells (Millipore, HTS093C) was used.3000 cells in 25 μl of full medium [DMEM F12, 10% FCS, 1.35 mM sodium pyruvate, 20 mM HEPES, 4 mM GlutaMAX, 2% sodium bicarbonate, 1% Pen/Strep, 1% 100× non-essential amino acids] are sown per well of a 384 multititer plate (from Greiner, TC plate, black with clear base) and incubated at 37° C./5% CO2 for 24 hours. Prior to the measurement, the medium is replaced by 30 μl of Fluo-8 AM loading buffer [calcium-free Tyrode (130 mM NaCl, 5 mM KCl, 20 mM HEPES, 1 mM MgCl2, 4.8 mM NaHCO3, pH 7.4), 2 mM CaCl2, 1× SmartBlock (from CANDOR Bioscience GmbH), 4.5 mM Probenecid, 5 μM Fluo-8 AM, 0.016% Pluronic, 0.04% Brilliant black] and incubated at 37° C./5% CO2 for 30 minutes. The test substance is prepared in DMSO in various concentrations as a dose-response curve (starting concentration 10 mM, dilution factor 3.16) and prediluted 1:50 with calcium-free Tyrode/2 mM CaCl2. 10 μl of the prediluted substance solution are added to the Fluo-8-laden cells and incubated at 37° C./5% CO2 for 10 minutes. The FP receptor is activated by adding 20 μl of 3 nM (final concentration) PGF2α in calcium-free Tyrode/2 mM CaCl2/0.04% Brilliant black, and the calcium flux is determined by measuring the fluorescence at ex. 470 nm/em. 525 nm in a fluorescence measuring instrument (FLIPR Tetra, Molecular Devices) for 120 seconds.",CHEMBL5726207,P43088,Prostaglandin F2-alpha receptor,IC50,Cc1c(-c2ccccc2)nc2ccc(Br)c(Cl)c2c1C(=O)Nc1ccc(C(=O)O)cc1F,7.309803919971486
CHEMBL5781091,CHEMBL1987,Prostaglandin F2-alpha receptor,IC50,=,285.0,nM,CHEMBL5732291,B,"In Vitro Test of Inhibition of Human FP Receptor Activity (B-1A): For the characterization of test substances in respect of FP antagonism, PGF2α-induced calcium flux in FP-expressing CHEM1 cells (Millipore, HTS093C) was used.3000 cells in 25 μl of full medium [DMEM F12, 10% FCS, 1.35 mM sodium pyruvate, 20 mM HEPES, 4 mM GlutaMAX, 2% sodium bicarbonate, 1% Pen/Strep, 1% 100× non-essential amino acids] are sown per well of a 384 multititer plate (from Greiner, TC plate, black with clear base) and incubated at 37° C./5% CO2 for 24 hours. Prior to the measurement, the medium is replaced by 30 μl of Fluo-8 AM loading buffer [calcium-free Tyrode (130 mM NaCl, 5 mM KCl, 20 mM HEPES, 1 mM MgCl2, 4.8 mM NaHCO3, pH 7.4), 2 mM CaCl2, 1× SmartBlock (from CANDOR Bioscience GmbH), 4.5 mM Probenecid, 5 μM Fluo-8 AM, 0.016% Pluronic, 0.04% Brilliant black] and incubated at 37° C./5% CO2 for 30 minutes. The test substance is prepared in DMSO in various concentrations as a dose-response curve (starting concentration 10 mM, dilution factor 3.16) and prediluted 1:50 with calcium-free Tyrode/2 mM CaCl2. 10 μl of the prediluted substance solution are added to the Fluo-8-laden cells and incubated at 37° C./5% CO2 for 10 minutes. The FP receptor is activated by adding 20 μl of 3 nM (final concentration) PGF2α in calcium-free Tyrode/2 mM CaCl2/0.04% Brilliant black, and the calcium flux is determined by measuring the fluorescence at ex. 470 nm/em. 525 nm in a fluorescence measuring instrument (FLIPR Tetra, Molecular Devices) for 120 seconds.",CHEMBL5726207,P43088,Prostaglandin F2-alpha receptor,IC50,CNC(=O)c1ccc(NC(=O)c2c(C)c(-c3ccccc3)nc3ccc(Br)cc23)c(F)c1,6.54515513999149
CHEMBL5912189,CHEMBL1987,Prostaglandin F2-alpha receptor,IC50,=,437.0,nM,CHEMBL5732291,B,"In Vitro Test of Inhibition of Human FP Receptor Activity (B-1A): For the characterization of test substances in respect of FP antagonism, PGF2α-induced calcium flux in FP-expressing CHEM1 cells (Millipore, HTS093C) was used.3000 cells in 25 μl of full medium [DMEM F12, 10% FCS, 1.35 mM sodium pyruvate, 20 mM HEPES, 4 mM GlutaMAX, 2% sodium bicarbonate, 1% Pen/Strep, 1% 100× non-essential amino acids] are sown per well of a 384 multititer plate (from Greiner, TC plate, black with clear base) and incubated at 37° C./5% CO2 for 24 hours. Prior to the measurement, the medium is replaced by 30 μl of Fluo-8 AM loading buffer [calcium-free Tyrode (130 mM NaCl, 5 mM KCl, 20 mM HEPES, 1 mM MgCl2, 4.8 mM NaHCO3, pH 7.4), 2 mM CaCl2, 1× SmartBlock (from CANDOR Bioscience GmbH), 4.5 mM Probenecid, 5 μM Fluo-8 AM, 0.016% Pluronic, 0.04% Brilliant black] and incubated at 37° C./5% CO2 for 30 minutes. The test substance is prepared in DMSO in various concentrations as a dose-response curve (starting concentration 10 mM, dilution factor 3.16) and prediluted 1:50 with calcium-free Tyrode/2 mM CaCl2. 10 μl of the prediluted substance solution are added to the Fluo-8-laden cells and incubated at 37° C./5% CO2 for 10 minutes. The FP receptor is activated by adding 20 μl of 3 nM (final concentration) PGF2α in calcium-free Tyrode/2 mM CaCl2/0.04% Brilliant black, and the calcium flux is determined by measuring the fluorescence at ex. 470 nm/em. 525 nm in a fluorescence measuring instrument (FLIPR Tetra, Molecular Devices) for 120 seconds.",CHEMBL5726207,P43088,Prostaglandin F2-alpha receptor,IC50,O=C(O)c1ccc(NC(=O)c2c(C(F)(F)F)c(-c3ccccc3)nc3ccc(Br)cc23)c(F)c1,6.359518563029578
CHEMBL5990451,CHEMBL1987,Prostaglandin F2-alpha receptor,IC50,=,557.0,nM,CHEMBL5732291,B,"In Vitro Test of Inhibition of Human FP Receptor Activity (B-1A): For the characterization of test substances in respect of FP antagonism, PGF2α-induced calcium flux in FP-expressing CHEM1 cells (Millipore, HTS093C) was used.3000 cells in 25 μl of full medium [DMEM F12, 10% FCS, 1.35 mM sodium pyruvate, 20 mM HEPES, 4 mM GlutaMAX, 2% sodium bicarbonate, 1% Pen/Strep, 1% 100× non-essential amino acids] are sown per well of a 384 multititer plate (from Greiner, TC plate, black with clear base) and incubated at 37° C./5% CO2 for 24 hours. Prior to the measurement, the medium is replaced by 30 μl of Fluo-8 AM loading buffer [calcium-free Tyrode (130 mM NaCl, 5 mM KCl, 20 mM HEPES, 1 mM MgCl2, 4.8 mM NaHCO3, pH 7.4), 2 mM CaCl2, 1× SmartBlock (from CANDOR Bioscience GmbH), 4.5 mM Probenecid, 5 μM Fluo-8 AM, 0.016% Pluronic, 0.04% Brilliant black] and incubated at 37° C./5% CO2 for 30 minutes. The test substance is prepared in DMSO in various concentrations as a dose-response curve (starting concentration 10 mM, dilution factor 3.16) and prediluted 1:50 with calcium-free Tyrode/2 mM CaCl2. 10 μl of the prediluted substance solution are added to the Fluo-8-laden cells and incubated at 37° C./5% CO2 for 10 minutes. The FP receptor is activated by adding 20 μl of 3 nM (final concentration) PGF2α in calcium-free Tyrode/2 mM CaCl2/0.04% Brilliant black, and the calcium flux is determined by measuring the fluorescence at ex. 470 nm/em. 525 nm in a fluorescence measuring instrument (FLIPR Tetra, Molecular Devices) for 120 seconds.",CHEMBL5726207,P43088,Prostaglandin F2-alpha receptor,IC50,Cc1c(-c2ccccc2)nc2c(C)cc(Br)cc2c1C(=O)Nc1ccc(C(=O)O)cc1,6.2541448048262716
CHEMBL4751462,CHEMBL1987,Prostaglandin F2-alpha receptor,IC50,=,203.0,nM,CHEMBL5732291,B,"In Vitro Test of Inhibition of Human FP Receptor Activity (B-1A): For the characterization of test substances in respect of FP antagonism, PGF2α-induced calcium flux in FP-expressing CHEM1 cells (Millipore, HTS093C) was used.3000 cells in 25 μl of full medium [DMEM F12, 10% FCS, 1.35 mM sodium pyruvate, 20 mM HEPES, 4 mM GlutaMAX, 2% sodium bicarbonate, 1% Pen/Strep, 1% 100× non-essential amino acids] are sown per well of a 384 multititer plate (from Greiner, TC plate, black with clear base) and incubated at 37° C./5% CO2 for 24 hours. Prior to the measurement, the medium is replaced by 30 μl of Fluo-8 AM loading buffer [calcium-free Tyrode (130 mM NaCl, 5 mM KCl, 20 mM HEPES, 1 mM MgCl2, 4.8 mM NaHCO3, pH 7.4), 2 mM CaCl2, 1× SmartBlock (from CANDOR Bioscience GmbH), 4.5 mM Probenecid, 5 μM Fluo-8 AM, 0.016% Pluronic, 0.04% Brilliant black] and incubated at 37° C./5% CO2 for 30 minutes. The test substance is prepared in DMSO in various concentrations as a dose-response curve (starting concentration 10 mM, dilution factor 3.16) and prediluted 1:50 with calcium-free Tyrode/2 mM CaCl2. 10 μl of the prediluted substance solution are added to the Fluo-8-laden cells and incubated at 37° C./5% CO2 for 10 minutes. The FP receptor is activated by adding 20 μl of 3 nM (final concentration) PGF2α in calcium-free Tyrode/2 mM CaCl2/0.04% Brilliant black, and the calcium flux is determined by measuring the fluorescence at ex. 470 nm/em. 525 nm in a fluorescence measuring instrument (FLIPR Tetra, Molecular Devices) for 120 seconds.",CHEMBL5726207,P43088,Prostaglandin F2-alpha receptor,IC50,Cc1c(-c2ccccc2)nc2ccc(Cl)cc2c1C(=O)Nc1ccc(C(=O)O)cc1F,6.692503962086787
CHEMBL5941116,CHEMBL1987,Prostaglandin F2-alpha receptor,IC50,=,27.0,nM,CHEMBL5732291,B,"In Vitro Test of Inhibition of Human FP Receptor Activity (B-1A): For the characterization of test substances in respect of FP antagonism, PGF2α-induced calcium flux in FP-expressing CHEM1 cells (Millipore, HTS093C) was used.3000 cells in 25 μl of full medium [DMEM F12, 10% FCS, 1.35 mM sodium pyruvate, 20 mM HEPES, 4 mM GlutaMAX, 2% sodium bicarbonate, 1% Pen/Strep, 1% 100× non-essential amino acids] are sown per well of a 384 multititer plate (from Greiner, TC plate, black with clear base) and incubated at 37° C./5% CO2 for 24 hours. Prior to the measurement, the medium is replaced by 30 μl of Fluo-8 AM loading buffer [calcium-free Tyrode (130 mM NaCl, 5 mM KCl, 20 mM HEPES, 1 mM MgCl2, 4.8 mM NaHCO3, pH 7.4), 2 mM CaCl2, 1× SmartBlock (from CANDOR Bioscience GmbH), 4.5 mM Probenecid, 5 μM Fluo-8 AM, 0.016% Pluronic, 0.04% Brilliant black] and incubated at 37° C./5% CO2 for 30 minutes. The test substance is prepared in DMSO in various concentrations as a dose-response curve (starting concentration 10 mM, dilution factor 3.16) and prediluted 1:50 with calcium-free Tyrode/2 mM CaCl2. 10 μl of the prediluted substance solution are added to the Fluo-8-laden cells and incubated at 37° C./5% CO2 for 10 minutes. The FP receptor is activated by adding 20 μl of 3 nM (final concentration) PGF2α in calcium-free Tyrode/2 mM CaCl2/0.04% Brilliant black, and the calcium flux is determined by measuring the fluorescence at ex. 470 nm/em. 525 nm in a fluorescence measuring instrument (FLIPR Tetra, Molecular Devices) for 120 seconds.",CHEMBL5726207,P43088,Prostaglandin F2-alpha receptor,IC50,COCS(=O)(=O)c1cc(C(=O)O)ccc1NC(=O)c1c(C)c(-c2ccccc2)nc2ccc(Br)cc12,7.568636235841012
CHEMBL4756068,CHEMBL1987,Prostaglandin F2-alpha receptor,IC50,=,131.0,nM,CHEMBL5732291,B,"In Vitro Test of Inhibition of Human FP Receptor Activity (B-1A): For the characterization of test substances in respect of FP antagonism, PGF2α-induced calcium flux in FP-expressing CHEM1 cells (Millipore, HTS093C) was used.3000 cells in 25 μl of full medium [DMEM F12, 10% FCS, 1.35 mM sodium pyruvate, 20 mM HEPES, 4 mM GlutaMAX, 2% sodium bicarbonate, 1% Pen/Strep, 1% 100× non-essential amino acids] are sown per well of a 384 multititer plate (from Greiner, TC plate, black with clear base) and incubated at 37° C./5% CO2 for 24 hours. Prior to the measurement, the medium is replaced by 30 μl of Fluo-8 AM loading buffer [calcium-free Tyrode (130 mM NaCl, 5 mM KCl, 20 mM HEPES, 1 mM MgCl2, 4.8 mM NaHCO3, pH 7.4), 2 mM CaCl2, 1× SmartBlock (from CANDOR Bioscience GmbH), 4.5 mM Probenecid, 5 μM Fluo-8 AM, 0.016% Pluronic, 0.04% Brilliant black] and incubated at 37° C./5% CO2 for 30 minutes. The test substance is prepared in DMSO in various concentrations as a dose-response curve (starting concentration 10 mM, dilution factor 3.16) and prediluted 1:50 with calcium-free Tyrode/2 mM CaCl2. 10 μl of the prediluted substance solution are added to the Fluo-8-laden cells and incubated at 37° C./5% CO2 for 10 minutes. The FP receptor is activated by adding 20 μl of 3 nM (final concentration) PGF2α in calcium-free Tyrode/2 mM CaCl2/0.04% Brilliant black, and the calcium flux is determined by measuring the fluorescence at ex. 470 nm/em. 525 nm in a fluorescence measuring instrument (FLIPR Tetra, Molecular Devices) for 120 seconds.",CHEMBL5726207,P43088,Prostaglandin F2-alpha receptor,IC50,Cc1c(-c2ccccc2)nc2ccc(C(C)(C)C)cc2c1C(=O)Nc1ccc(C(=O)O)cc1F,6.882728704344236
CHEMBL5934562,CHEMBL1987,Prostaglandin F2-alpha receptor,IC50,=,301.0,nM,CHEMBL5732291,B,"In Vitro Test of Inhibition of Human FP Receptor Activity (B-1A): For the characterization of test substances in respect of FP antagonism, PGF2α-induced calcium flux in FP-expressing CHEM1 cells (Millipore, HTS093C) was used.3000 cells in 25 μl of full medium [DMEM F12, 10% FCS, 1.35 mM sodium pyruvate, 20 mM HEPES, 4 mM GlutaMAX, 2% sodium bicarbonate, 1% Pen/Strep, 1% 100× non-essential amino acids] are sown per well of a 384 multititer plate (from Greiner, TC plate, black with clear base) and incubated at 37° C./5% CO2 for 24 hours. Prior to the measurement, the medium is replaced by 30 μl of Fluo-8 AM loading buffer [calcium-free Tyrode (130 mM NaCl, 5 mM KCl, 20 mM HEPES, 1 mM MgCl2, 4.8 mM NaHCO3, pH 7.4), 2 mM CaCl2, 1× SmartBlock (from CANDOR Bioscience GmbH), 4.5 mM Probenecid, 5 μM Fluo-8 AM, 0.016% Pluronic, 0.04% Brilliant black] and incubated at 37° C./5% CO2 for 30 minutes. The test substance is prepared in DMSO in various concentrations as a dose-response curve (starting concentration 10 mM, dilution factor 3.16) and prediluted 1:50 with calcium-free Tyrode/2 mM CaCl2. 10 μl of the prediluted substance solution are added to the Fluo-8-laden cells and incubated at 37° C./5% CO2 for 10 minutes. The FP receptor is activated by adding 20 μl of 3 nM (final concentration) PGF2α in calcium-free Tyrode/2 mM CaCl2/0.04% Brilliant black, and the calcium flux is determined by measuring the fluorescence at ex. 470 nm/em. 525 nm in a fluorescence measuring instrument (FLIPR Tetra, Molecular Devices) for 120 seconds.",CHEMBL5726207,P43088,Prostaglandin F2-alpha receptor,IC50,O=C(O)c1cc(F)c(NC(=O)c2c(C(F)(F)F)c(-c3ccccc3)nc3ccc(Br)cc23)c(Br)c1,6.521433504406157
CHEMBL6064367,CHEMBL1987,Prostaglandin F2-alpha receptor,IC50,=,246.0,nM,CHEMBL5732291,B,"In Vitro Test of Inhibition of Human FP Receptor Activity (B-1A): For the characterization of test substances in respect of FP antagonism, PGF2α-induced calcium flux in FP-expressing CHEM1 cells (Millipore, HTS093C) was used.3000 cells in 25 μl of full medium [DMEM F12, 10% FCS, 1.35 mM sodium pyruvate, 20 mM HEPES, 4 mM GlutaMAX, 2% sodium bicarbonate, 1% Pen/Strep, 1% 100× non-essential amino acids] are sown per well of a 384 multititer plate (from Greiner, TC plate, black with clear base) and incubated at 37° C./5% CO2 for 24 hours. Prior to the measurement, the medium is replaced by 30 μl of Fluo-8 AM loading buffer [calcium-free Tyrode (130 mM NaCl, 5 mM KCl, 20 mM HEPES, 1 mM MgCl2, 4.8 mM NaHCO3, pH 7.4), 2 mM CaCl2, 1× SmartBlock (from CANDOR Bioscience GmbH), 4.5 mM Probenecid, 5 μM Fluo-8 AM, 0.016% Pluronic, 0.04% Brilliant black] and incubated at 37° C./5% CO2 for 30 minutes. The test substance is prepared in DMSO in various concentrations as a dose-response curve (starting concentration 10 mM, dilution factor 3.16) and prediluted 1:50 with calcium-free Tyrode/2 mM CaCl2. 10 μl of the prediluted substance solution are added to the Fluo-8-laden cells and incubated at 37° C./5% CO2 for 10 minutes. The FP receptor is activated by adding 20 μl of 3 nM (final concentration) PGF2α in calcium-free Tyrode/2 mM CaCl2/0.04% Brilliant black, and the calcium flux is determined by measuring the fluorescence at ex. 470 nm/em. 525 nm in a fluorescence measuring instrument (FLIPR Tetra, Molecular Devices) for 120 seconds.",CHEMBL5726207,P43088,Prostaglandin F2-alpha receptor,IC50,Cc1c(-c2ccccc2)nc2ccc(S(F)(F)(F)(F)F)cc2c1C(=O)Nc1ccc(C(=O)O)cc1F,6.609064892896621
CHEMBL5936079,CHEMBL1987,Prostaglandin F2-alpha receptor,IC50,=,362.0,nM,CHEMBL5732291,B,"In Vitro Test of Inhibition of Human FP Receptor Activity (B-1A): For the characterization of test substances in respect of FP antagonism, PGF2α-induced calcium flux in FP-expressing CHEM1 cells (Millipore, HTS093C) was used.3000 cells in 25 μl of full medium [DMEM F12, 10% FCS, 1.35 mM sodium pyruvate, 20 mM HEPES, 4 mM GlutaMAX, 2% sodium bicarbonate, 1% Pen/Strep, 1% 100× non-essential amino acids] are sown per well of a 384 multititer plate (from Greiner, TC plate, black with clear base) and incubated at 37° C./5% CO2 for 24 hours. Prior to the measurement, the medium is replaced by 30 μl of Fluo-8 AM loading buffer [calcium-free Tyrode (130 mM NaCl, 5 mM KCl, 20 mM HEPES, 1 mM MgCl2, 4.8 mM NaHCO3, pH 7.4), 2 mM CaCl2, 1× SmartBlock (from CANDOR Bioscience GmbH), 4.5 mM Probenecid, 5 μM Fluo-8 AM, 0.016% Pluronic, 0.04% Brilliant black] and incubated at 37° C./5% CO2 for 30 minutes. The test substance is prepared in DMSO in various concentrations as a dose-response curve (starting concentration 10 mM, dilution factor 3.16) and prediluted 1:50 with calcium-free Tyrode/2 mM CaCl2. 10 μl of the prediluted substance solution are added to the Fluo-8-laden cells and incubated at 37° C./5% CO2 for 10 minutes. The FP receptor is activated by adding 20 μl of 3 nM (final concentration) PGF2α in calcium-free Tyrode/2 mM CaCl2/0.04% Brilliant black, and the calcium flux is determined by measuring the fluorescence at ex. 470 nm/em. 525 nm in a fluorescence measuring instrument (FLIPR Tetra, Molecular Devices) for 120 seconds.",CHEMBL5726207,P43088,Prostaglandin F2-alpha receptor,IC50,Cc1c(-c2ccccc2)nc2ccc(C(F)F)cc2c1C(=O)Nc1ccc(C(=O)O)cc1F,6.441291429466834
CHEMBL5904918,CHEMBL1987,Prostaglandin F2-alpha receptor,IC50,=,105.0,nM,CHEMBL5732291,B,"In Vitro Test of Inhibition of Human FP Receptor Activity (B-1A): For the characterization of test substances in respect of FP antagonism, PGF2α-induced calcium flux in FP-expressing CHEM1 cells (Millipore, HTS093C) was used.3000 cells in 25 μl of full medium [DMEM F12, 10% FCS, 1.35 mM sodium pyruvate, 20 mM HEPES, 4 mM GlutaMAX, 2% sodium bicarbonate, 1% Pen/Strep, 1% 100× non-essential amino acids] are sown per well of a 384 multititer plate (from Greiner, TC plate, black with clear base) and incubated at 37° C./5% CO2 for 24 hours. Prior to the measurement, the medium is replaced by 30 μl of Fluo-8 AM loading buffer [calcium-free Tyrode (130 mM NaCl, 5 mM KCl, 20 mM HEPES, 1 mM MgCl2, 4.8 mM NaHCO3, pH 7.4), 2 mM CaCl2, 1× SmartBlock (from CANDOR Bioscience GmbH), 4.5 mM Probenecid, 5 μM Fluo-8 AM, 0.016% Pluronic, 0.04% Brilliant black] and incubated at 37° C./5% CO2 for 30 minutes. The test substance is prepared in DMSO in various concentrations as a dose-response curve (starting concentration 10 mM, dilution factor 3.16) and prediluted 1:50 with calcium-free Tyrode/2 mM CaCl2. 10 μl of the prediluted substance solution are added to the Fluo-8-laden cells and incubated at 37° C./5% CO2 for 10 minutes. The FP receptor is activated by adding 20 μl of 3 nM (final concentration) PGF2α in calcium-free Tyrode/2 mM CaCl2/0.04% Brilliant black, and the calcium flux is determined by measuring the fluorescence at ex. 470 nm/em. 525 nm in a fluorescence measuring instrument (FLIPR Tetra, Molecular Devices) for 120 seconds.",CHEMBL5726207,P43088,Prostaglandin F2-alpha receptor,IC50,Cc1c(-c2ccccc2)nc2ccc(Br)cc2c1C(=O)Nc1ccc(C(=O)O)c(F)c1F,6.978810700930062
CHEMBL5933365,CHEMBL1987,Prostaglandin F2-alpha receptor,IC50,=,282.0,nM,CHEMBL5732291,B,"In Vitro Test of Inhibition of Human FP Receptor Activity (B-1A): For the characterization of test substances in respect of FP antagonism, PGF2α-induced calcium flux in FP-expressing CHEM1 cells (Millipore, HTS093C) was used.3000 cells in 25 μl of full medium [DMEM F12, 10% FCS, 1.35 mM sodium pyruvate, 20 mM HEPES, 4 mM GlutaMAX, 2% sodium bicarbonate, 1% Pen/Strep, 1% 100× non-essential amino acids] are sown per well of a 384 multititer plate (from Greiner, TC plate, black with clear base) and incubated at 37° C./5% CO2 for 24 hours. Prior to the measurement, the medium is replaced by 30 μl of Fluo-8 AM loading buffer [calcium-free Tyrode (130 mM NaCl, 5 mM KCl, 20 mM HEPES, 1 mM MgCl2, 4.8 mM NaHCO3, pH 7.4), 2 mM CaCl2, 1× SmartBlock (from CANDOR Bioscience GmbH), 4.5 mM Probenecid, 5 μM Fluo-8 AM, 0.016% Pluronic, 0.04% Brilliant black] and incubated at 37° C./5% CO2 for 30 minutes. The test substance is prepared in DMSO in various concentrations as a dose-response curve (starting concentration 10 mM, dilution factor 3.16) and prediluted 1:50 with calcium-free Tyrode/2 mM CaCl2. 10 μl of the prediluted substance solution are added to the Fluo-8-laden cells and incubated at 37° C./5% CO2 for 10 minutes. The FP receptor is activated by adding 20 μl of 3 nM (final concentration) PGF2α in calcium-free Tyrode/2 mM CaCl2/0.04% Brilliant black, and the calcium flux is determined by measuring the fluorescence at ex. 470 nm/em. 525 nm in a fluorescence measuring instrument (FLIPR Tetra, Molecular Devices) for 120 seconds.",CHEMBL5726207,P43088,Prostaglandin F2-alpha receptor,IC50,Cc1c(-c2ccccc2)nc2ccc(Br)cc2c1C(=O)Nc1cc(F)c(C(=O)O)cc1F,6.549750891680639
CHEMBL5847984,CHEMBL1987,Prostaglandin F2-alpha receptor,IC50,=,239.0,nM,CHEMBL5732291,B,"In Vitro Test of Inhibition of Human FP Receptor Activity (B-1A): For the characterization of test substances in respect of FP antagonism, PGF2α-induced calcium flux in FP-expressing CHEM1 cells (Millipore, HTS093C) was used.3000 cells in 25 μl of full medium [DMEM F12, 10% FCS, 1.35 mM sodium pyruvate, 20 mM HEPES, 4 mM GlutaMAX, 2% sodium bicarbonate, 1% Pen/Strep, 1% 100× non-essential amino acids] are sown per well of a 384 multititer plate (from Greiner, TC plate, black with clear base) and incubated at 37° C./5% CO2 for 24 hours. Prior to the measurement, the medium is replaced by 30 μl of Fluo-8 AM loading buffer [calcium-free Tyrode (130 mM NaCl, 5 mM KCl, 20 mM HEPES, 1 mM MgCl2, 4.8 mM NaHCO3, pH 7.4), 2 mM CaCl2, 1× SmartBlock (from CANDOR Bioscience GmbH), 4.5 mM Probenecid, 5 μM Fluo-8 AM, 0.016% Pluronic, 0.04% Brilliant black] and incubated at 37° C./5% CO2 for 30 minutes. The test substance is prepared in DMSO in various concentrations as a dose-response curve (starting concentration 10 mM, dilution factor 3.16) and prediluted 1:50 with calcium-free Tyrode/2 mM CaCl2. 10 μl of the prediluted substance solution are added to the Fluo-8-laden cells and incubated at 37° C./5% CO2 for 10 minutes. The FP receptor is activated by adding 20 μl of 3 nM (final concentration) PGF2α in calcium-free Tyrode/2 mM CaCl2/0.04% Brilliant black, and the calcium flux is determined by measuring the fluorescence at ex. 470 nm/em. 525 nm in a fluorescence measuring instrument (FLIPR Tetra, Molecular Devices) for 120 seconds.",CHEMBL5726207,P43088,Prostaglandin F2-alpha receptor,IC50,Cc1c(-c2ccccc2)nc2ccc(Br)cc2c1C(=O)Nc1ccc(C(=O)NS(=O)(=O)C(F)(F)F)cc1F,6.621602099051863
CHEMBL6048317,CHEMBL1987,Prostaglandin F2-alpha receptor,IC50,=,318.0,nM,CHEMBL5732291,B,"In Vitro Test of Inhibition of Human FP Receptor Activity (B-1A): For the characterization of test substances in respect of FP antagonism, PGF2α-induced calcium flux in FP-expressing CHEM1 cells (Millipore, HTS093C) was used.3000 cells in 25 μl of full medium [DMEM F12, 10% FCS, 1.35 mM sodium pyruvate, 20 mM HEPES, 4 mM GlutaMAX, 2% sodium bicarbonate, 1% Pen/Strep, 1% 100× non-essential amino acids] are sown per well of a 384 multititer plate (from Greiner, TC plate, black with clear base) and incubated at 37° C./5% CO2 for 24 hours. Prior to the measurement, the medium is replaced by 30 μl of Fluo-8 AM loading buffer [calcium-free Tyrode (130 mM NaCl, 5 mM KCl, 20 mM HEPES, 1 mM MgCl2, 4.8 mM NaHCO3, pH 7.4), 2 mM CaCl2, 1× SmartBlock (from CANDOR Bioscience GmbH), 4.5 mM Probenecid, 5 μM Fluo-8 AM, 0.016% Pluronic, 0.04% Brilliant black] and incubated at 37° C./5% CO2 for 30 minutes. The test substance is prepared in DMSO in various concentrations as a dose-response curve (starting concentration 10 mM, dilution factor 3.16) and prediluted 1:50 with calcium-free Tyrode/2 mM CaCl2. 10 μl of the prediluted substance solution are added to the Fluo-8-laden cells and incubated at 37° C./5% CO2 for 10 minutes. The FP receptor is activated by adding 20 μl of 3 nM (final concentration) PGF2α in calcium-free Tyrode/2 mM CaCl2/0.04% Brilliant black, and the calcium flux is determined by measuring the fluorescence at ex. 470 nm/em. 525 nm in a fluorescence measuring instrument (FLIPR Tetra, Molecular Devices) for 120 seconds.",CHEMBL5726207,P43088,Prostaglandin F2-alpha receptor,IC50,Cc1c(-c2ccccc2)nc2ccc(Br)cc2c1C(=O)Nc1ccc(C(=O)NS(=O)(=O)N(C)C)cc1F,6.497572880015568
CHEMBL4755942,CHEMBL1987,Prostaglandin F2-alpha receptor,IC50,=,104.0,nM,CHEMBL5732291,B,"In Vitro Test of Inhibition of Human FP Receptor Activity (B-1A): For the characterization of test substances in respect of FP antagonism, PGF2α-induced calcium flux in FP-expressing CHEM1 cells (Millipore, HTS093C) was used.3000 cells in 25 μl of full medium [DMEM F12, 10% FCS, 1.35 mM sodium pyruvate, 20 mM HEPES, 4 mM GlutaMAX, 2% sodium bicarbonate, 1% Pen/Strep, 1% 100× non-essential amino acids] are sown per well of a 384 multititer plate (from Greiner, TC plate, black with clear base) and incubated at 37° C./5% CO2 for 24 hours. Prior to the measurement, the medium is replaced by 30 μl of Fluo-8 AM loading buffer [calcium-free Tyrode (130 mM NaCl, 5 mM KCl, 20 mM HEPES, 1 mM MgCl2, 4.8 mM NaHCO3, pH 7.4), 2 mM CaCl2, 1× SmartBlock (from CANDOR Bioscience GmbH), 4.5 mM Probenecid, 5 μM Fluo-8 AM, 0.016% Pluronic, 0.04% Brilliant black] and incubated at 37° C./5% CO2 for 30 minutes. The test substance is prepared in DMSO in various concentrations as a dose-response curve (starting concentration 10 mM, dilution factor 3.16) and prediluted 1:50 with calcium-free Tyrode/2 mM CaCl2. 10 μl of the prediluted substance solution are added to the Fluo-8-laden cells and incubated at 37° C./5% CO2 for 10 minutes. The FP receptor is activated by adding 20 μl of 3 nM (final concentration) PGF2α in calcium-free Tyrode/2 mM CaCl2/0.04% Brilliant black, and the calcium flux is determined by measuring the fluorescence at ex. 470 nm/em. 525 nm in a fluorescence measuring instrument (FLIPR Tetra, Molecular Devices) for 120 seconds.",CHEMBL5726207,P43088,Prostaglandin F2-alpha receptor,IC50,Cc1c(-c2ccccc2)nc2ccc(Br)cc2c1C(=O)Nc1ccc(C(=O)O)cc1F,6.982966660701219
CHEMBL4755942,CHEMBL1987,Prostaglandin F2-alpha receptor,IC50,=,89.0,nM,CHEMBL5732291,B,"In Vitro Test of Inhibition of Human FP Receptor Activity (B-1A): For the characterization of test substances in respect of FP antagonism, PGF2α-induced calcium flux in FP-expressing CHEM1 cells (Millipore, HTS093C) was used.3000 cells in 25 μl of full medium [DMEM F12, 10% FCS, 1.35 mM sodium pyruvate, 20 mM HEPES, 4 mM GlutaMAX, 2% sodium bicarbonate, 1% Pen/Strep, 1% 100× non-essential amino acids] are sown per well of a 384 multititer plate (from Greiner, TC plate, black with clear base) and incubated at 37° C./5% CO2 for 24 hours. Prior to the measurement, the medium is replaced by 30 μl of Fluo-8 AM loading buffer [calcium-free Tyrode (130 mM NaCl, 5 mM KCl, 20 mM HEPES, 1 mM MgCl2, 4.8 mM NaHCO3, pH 7.4), 2 mM CaCl2, 1× SmartBlock (from CANDOR Bioscience GmbH), 4.5 mM Probenecid, 5 μM Fluo-8 AM, 0.016% Pluronic, 0.04% Brilliant black] and incubated at 37° C./5% CO2 for 30 minutes. The test substance is prepared in DMSO in various concentrations as a dose-response curve (starting concentration 10 mM, dilution factor 3.16) and prediluted 1:50 with calcium-free Tyrode/2 mM CaCl2. 10 μl of the prediluted substance solution are added to the Fluo-8-laden cells and incubated at 37° C./5% CO2 for 10 minutes. The FP receptor is activated by adding 20 μl of 3 nM (final concentration) PGF2α in calcium-free Tyrode/2 mM CaCl2/0.04% Brilliant black, and the calcium flux is determined by measuring the fluorescence at ex. 470 nm/em. 525 nm in a fluorescence measuring instrument (FLIPR Tetra, Molecular Devices) for 120 seconds.",CHEMBL5726207,P43088,Prostaglandin F2-alpha receptor,IC50,Cc1c(-c2ccccc2)nc2ccc(Br)cc2c1C(=O)Nc1ccc(C(=O)O)cc1F,7.050609993355087
CHEMBL4755942,CHEMBL1987,Prostaglandin F2-alpha receptor,IC50,=,90.0,nM,CHEMBL5732291,B,"In Vitro Test of Inhibition of Human FP Receptor Activity (B-1A): For the characterization of test substances in respect of FP antagonism, PGF2α-induced calcium flux in FP-expressing CHEM1 cells (Millipore, HTS093C) was used.3000 cells in 25 μl of full medium [DMEM F12, 10% FCS, 1.35 mM sodium pyruvate, 20 mM HEPES, 4 mM GlutaMAX, 2% sodium bicarbonate, 1% Pen/Strep, 1% 100× non-essential amino acids] are sown per well of a 384 multititer plate (from Greiner, TC plate, black with clear base) and incubated at 37° C./5% CO2 for 24 hours. Prior to the measurement, the medium is replaced by 30 μl of Fluo-8 AM loading buffer [calcium-free Tyrode (130 mM NaCl, 5 mM KCl, 20 mM HEPES, 1 mM MgCl2, 4.8 mM NaHCO3, pH 7.4), 2 mM CaCl2, 1× SmartBlock (from CANDOR Bioscience GmbH), 4.5 mM Probenecid, 5 μM Fluo-8 AM, 0.016% Pluronic, 0.04% Brilliant black] and incubated at 37° C./5% CO2 for 30 minutes. The test substance is prepared in DMSO in various concentrations as a dose-response curve (starting concentration 10 mM, dilution factor 3.16) and prediluted 1:50 with calcium-free Tyrode/2 mM CaCl2. 10 μl of the prediluted substance solution are added to the Fluo-8-laden cells and incubated at 37° C./5% CO2 for 10 minutes. The FP receptor is activated by adding 20 μl of 3 nM (final concentration) PGF2α in calcium-free Tyrode/2 mM CaCl2/0.04% Brilliant black, and the calcium flux is determined by measuring the fluorescence at ex. 470 nm/em. 525 nm in a fluorescence measuring instrument (FLIPR Tetra, Molecular Devices) for 120 seconds.",CHEMBL5726207,P43088,Prostaglandin F2-alpha receptor,IC50,Cc1c(-c2ccccc2)nc2ccc(Br)cc2c1C(=O)Nc1ccc(C(=O)O)cc1F,7.045757490560675
CHEMBL4755942,CHEMBL1987,Prostaglandin F2-alpha receptor,IC50,=,79.0,nM,CHEMBL5732291,B,"In Vitro Test of Inhibition of Human FP Receptor Activity (B-1A): For the characterization of test substances in respect of FP antagonism, PGF2α-induced calcium flux in FP-expressing CHEM1 cells (Millipore, HTS093C) was used.3000 cells in 25 μl of full medium [DMEM F12, 10% FCS, 1.35 mM sodium pyruvate, 20 mM HEPES, 4 mM GlutaMAX, 2% sodium bicarbonate, 1% Pen/Strep, 1% 100× non-essential amino acids] are sown per well of a 384 multititer plate (from Greiner, TC plate, black with clear base) and incubated at 37° C./5% CO2 for 24 hours. Prior to the measurement, the medium is replaced by 30 μl of Fluo-8 AM loading buffer [calcium-free Tyrode (130 mM NaCl, 5 mM KCl, 20 mM HEPES, 1 mM MgCl2, 4.8 mM NaHCO3, pH 7.4), 2 mM CaCl2, 1× SmartBlock (from CANDOR Bioscience GmbH), 4.5 mM Probenecid, 5 μM Fluo-8 AM, 0.016% Pluronic, 0.04% Brilliant black] and incubated at 37° C./5% CO2 for 30 minutes. The test substance is prepared in DMSO in various concentrations as a dose-response curve (starting concentration 10 mM, dilution factor 3.16) and prediluted 1:50 with calcium-free Tyrode/2 mM CaCl2. 10 μl of the prediluted substance solution are added to the Fluo-8-laden cells and incubated at 37° C./5% CO2 for 10 minutes. The FP receptor is activated by adding 20 μl of 3 nM (final concentration) PGF2α in calcium-free Tyrode/2 mM CaCl2/0.04% Brilliant black, and the calcium flux is determined by measuring the fluorescence at ex. 470 nm/em. 525 nm in a fluorescence measuring instrument (FLIPR Tetra, Molecular Devices) for 120 seconds.",CHEMBL5726207,P43088,Prostaglandin F2-alpha receptor,IC50,Cc1c(-c2ccccc2)nc2ccc(Br)cc2c1C(=O)Nc1ccc(C(=O)O)cc1F,7.102372908709558
CHEMBL5919699,CHEMBL1987,Prostaglandin F2-alpha receptor,IC50,=,220.0,nM,CHEMBL5732291,B,"In Vitro Test of Inhibition of Human FP Receptor Activity (B-1A): For the characterization of test substances in respect of FP antagonism, PGF2α-induced calcium flux in FP-expressing CHEM1 cells (Millipore, HTS093C) was used.3000 cells in 25 μl of full medium [DMEM F12, 10% FCS, 1.35 mM sodium pyruvate, 20 mM HEPES, 4 mM GlutaMAX, 2% sodium bicarbonate, 1% Pen/Strep, 1% 100× non-essential amino acids] are sown per well of a 384 multititer plate (from Greiner, TC plate, black with clear base) and incubated at 37° C./5% CO2 for 24 hours. Prior to the measurement, the medium is replaced by 30 μl of Fluo-8 AM loading buffer [calcium-free Tyrode (130 mM NaCl, 5 mM KCl, 20 mM HEPES, 1 mM MgCl2, 4.8 mM NaHCO3, pH 7.4), 2 mM CaCl2, 1× SmartBlock (from CANDOR Bioscience GmbH), 4.5 mM Probenecid, 5 μM Fluo-8 AM, 0.016% Pluronic, 0.04% Brilliant black] and incubated at 37° C./5% CO2 for 30 minutes. The test substance is prepared in DMSO in various concentrations as a dose-response curve (starting concentration 10 mM, dilution factor 3.16) and prediluted 1:50 with calcium-free Tyrode/2 mM CaCl2. 10 μl of the prediluted substance solution are added to the Fluo-8-laden cells and incubated at 37° C./5% CO2 for 10 minutes. The FP receptor is activated by adding 20 μl of 3 nM (final concentration) PGF2α in calcium-free Tyrode/2 mM CaCl2/0.04% Brilliant black, and the calcium flux is determined by measuring the fluorescence at ex. 470 nm/em. 525 nm in a fluorescence measuring instrument (FLIPR Tetra, Molecular Devices) for 120 seconds.",CHEMBL5726207,P43088,Prostaglandin F2-alpha receptor,IC50,COc1c(-c2ccccc2)nc2ccc(Br)cc2c1C(=O)Nc1ccc(C(=O)O)cc1F,6.657577319177793
CHEMBL5830598,CHEMBL1987,Prostaglandin F2-alpha receptor,IC50,=,9.0,nM,CHEMBL5732291,B,"In Vitro Test of Inhibition of Human FP Receptor Activity (B-1A): For the characterization of test substances in respect of FP antagonism, PGF2α-induced calcium flux in FP-expressing CHEM1 cells (Millipore, HTS093C) was used.3000 cells in 25 μl of full medium [DMEM F12, 10% FCS, 1.35 mM sodium pyruvate, 20 mM HEPES, 4 mM GlutaMAX, 2% sodium bicarbonate, 1% Pen/Strep, 1% 100× non-essential amino acids] are sown per well of a 384 multititer plate (from Greiner, TC plate, black with clear base) and incubated at 37° C./5% CO2 for 24 hours. Prior to the measurement, the medium is replaced by 30 μl of Fluo-8 AM loading buffer [calcium-free Tyrode (130 mM NaCl, 5 mM KCl, 20 mM HEPES, 1 mM MgCl2, 4.8 mM NaHCO3, pH 7.4), 2 mM CaCl2, 1× SmartBlock (from CANDOR Bioscience GmbH), 4.5 mM Probenecid, 5 μM Fluo-8 AM, 0.016% Pluronic, 0.04% Brilliant black] and incubated at 37° C./5% CO2 for 30 minutes. The test substance is prepared in DMSO in various concentrations as a dose-response curve (starting concentration 10 mM, dilution factor 3.16) and prediluted 1:50 with calcium-free Tyrode/2 mM CaCl2. 10 μl of the prediluted substance solution are added to the Fluo-8-laden cells and incubated at 37° C./5% CO2 for 10 minutes. The FP receptor is activated by adding 20 μl of 3 nM (final concentration) PGF2α in calcium-free Tyrode/2 mM CaCl2/0.04% Brilliant black, and the calcium flux is determined by measuring the fluorescence at ex. 470 nm/em. 525 nm in a fluorescence measuring instrument (FLIPR Tetra, Molecular Devices) for 120 seconds.",CHEMBL5726207,P43088,Prostaglandin F2-alpha receptor,IC50,O=C(O)c1ccc(NC(=O)c2c(Cl)c(-c3ccccc3)nc3ccc(I)cc23)c(F)c1,8.045757490560675
CHEMBL4745363,CHEMBL1987,Prostaglandin F2-alpha receptor,IC50,=,17.0,nM,CHEMBL5732291,B,"In Vitro Test of Inhibition of Human FP Receptor Activity (B-1A): For the characterization of test substances in respect of FP antagonism, PGF2α-induced calcium flux in FP-expressing CHEM1 cells (Millipore, HTS093C) was used.3000 cells in 25 μl of full medium [DMEM F12, 10% FCS, 1.35 mM sodium pyruvate, 20 mM HEPES, 4 mM GlutaMAX, 2% sodium bicarbonate, 1% Pen/Strep, 1% 100× non-essential amino acids] are sown per well of a 384 multititer plate (from Greiner, TC plate, black with clear base) and incubated at 37° C./5% CO2 for 24 hours. Prior to the measurement, the medium is replaced by 30 μl of Fluo-8 AM loading buffer [calcium-free Tyrode (130 mM NaCl, 5 mM KCl, 20 mM HEPES, 1 mM MgCl2, 4.8 mM NaHCO3, pH 7.4), 2 mM CaCl2, 1× SmartBlock (from CANDOR Bioscience GmbH), 4.5 mM Probenecid, 5 μM Fluo-8 AM, 0.016% Pluronic, 0.04% Brilliant black] and incubated at 37° C./5% CO2 for 30 minutes. The test substance is prepared in DMSO in various concentrations as a dose-response curve (starting concentration 10 mM, dilution factor 3.16) and prediluted 1:50 with calcium-free Tyrode/2 mM CaCl2. 10 μl of the prediluted substance solution are added to the Fluo-8-laden cells and incubated at 37° C./5% CO2 for 10 minutes. The FP receptor is activated by adding 20 μl of 3 nM (final concentration) PGF2α in calcium-free Tyrode/2 mM CaCl2/0.04% Brilliant black, and the calcium flux is determined by measuring the fluorescence at ex. 470 nm/em. 525 nm in a fluorescence measuring instrument (FLIPR Tetra, Molecular Devices) for 120 seconds.",CHEMBL5726207,P43088,Prostaglandin F2-alpha receptor,IC50,O=C(O)c1ccc(NC(=O)c2c(Cl)c(-c3ccccc3)nc3ccc(Br)cc23)c(F)c1,7.769551078621726
CHEMBL4760232,CHEMBL1987,Prostaglandin F2-alpha receptor,IC50,=,27.0,nM,CHEMBL5732291,B,"In Vitro Test of Inhibition of Human FP Receptor Activity (B-1A): For the characterization of test substances in respect of FP antagonism, PGF2α-induced calcium flux in FP-expressing CHEM1 cells (Millipore, HTS093C) was used.3000 cells in 25 μl of full medium [DMEM F12, 10% FCS, 1.35 mM sodium pyruvate, 20 mM HEPES, 4 mM GlutaMAX, 2% sodium bicarbonate, 1% Pen/Strep, 1% 100× non-essential amino acids] are sown per well of a 384 multititer plate (from Greiner, TC plate, black with clear base) and incubated at 37° C./5% CO2 for 24 hours. Prior to the measurement, the medium is replaced by 30 μl of Fluo-8 AM loading buffer [calcium-free Tyrode (130 mM NaCl, 5 mM KCl, 20 mM HEPES, 1 mM MgCl2, 4.8 mM NaHCO3, pH 7.4), 2 mM CaCl2, 1× SmartBlock (from CANDOR Bioscience GmbH), 4.5 mM Probenecid, 5 μM Fluo-8 AM, 0.016% Pluronic, 0.04% Brilliant black] and incubated at 37° C./5% CO2 for 30 minutes. The test substance is prepared in DMSO in various concentrations as a dose-response curve (starting concentration 10 mM, dilution factor 3.16) and prediluted 1:50 with calcium-free Tyrode/2 mM CaCl2. 10 μl of the prediluted substance solution are added to the Fluo-8-laden cells and incubated at 37° C./5% CO2 for 10 minutes. The FP receptor is activated by adding 20 μl of 3 nM (final concentration) PGF2α in calcium-free Tyrode/2 mM CaCl2/0.04% Brilliant black, and the calcium flux is determined by measuring the fluorescence at ex. 470 nm/em. 525 nm in a fluorescence measuring instrument (FLIPR Tetra, Molecular Devices) for 120 seconds.",CHEMBL5726207,P43088,Prostaglandin F2-alpha receptor,IC50,O=C(O)c1ccc(NC(=O)c2c(C3CC3)c(-c3ccccc3)nc3ccc(Br)cc23)c(F)c1,7.568636235841012
CHEMBL5930830,CHEMBL1987,Prostaglandin F2-alpha receptor,IC50,=,154.0,nM,CHEMBL5732291,B,"In Vitro Test of Inhibition of Human FP Receptor Activity (B-1A): For the characterization of test substances in respect of FP antagonism, PGF2α-induced calcium flux in FP-expressing CHEM1 cells (Millipore, HTS093C) was used.3000 cells in 25 μl of full medium [DMEM F12, 10% FCS, 1.35 mM sodium pyruvate, 20 mM HEPES, 4 mM GlutaMAX, 2% sodium bicarbonate, 1% Pen/Strep, 1% 100× non-essential amino acids] are sown per well of a 384 multititer plate (from Greiner, TC plate, black with clear base) and incubated at 37° C./5% CO2 for 24 hours. Prior to the measurement, the medium is replaced by 30 μl of Fluo-8 AM loading buffer [calcium-free Tyrode (130 mM NaCl, 5 mM KCl, 20 mM HEPES, 1 mM MgCl2, 4.8 mM NaHCO3, pH 7.4), 2 mM CaCl2, 1× SmartBlock (from CANDOR Bioscience GmbH), 4.5 mM Probenecid, 5 μM Fluo-8 AM, 0.016% Pluronic, 0.04% Brilliant black] and incubated at 37° C./5% CO2 for 30 minutes. The test substance is prepared in DMSO in various concentrations as a dose-response curve (starting concentration 10 mM, dilution factor 3.16) and prediluted 1:50 with calcium-free Tyrode/2 mM CaCl2. 10 μl of the prediluted substance solution are added to the Fluo-8-laden cells and incubated at 37° C./5% CO2 for 10 minutes. The FP receptor is activated by adding 20 μl of 3 nM (final concentration) PGF2α in calcium-free Tyrode/2 mM CaCl2/0.04% Brilliant black, and the calcium flux is determined by measuring the fluorescence at ex. 470 nm/em. 525 nm in a fluorescence measuring instrument (FLIPR Tetra, Molecular Devices) for 120 seconds.",CHEMBL5726207,P43088,Prostaglandin F2-alpha receptor,IC50,Cc1c(-c2ccccc2)nc2c(C)cc(Br)cc2c1C(=O)Nc1ccc(C(=O)O)cc1F,6.8124792791635365
CHEMBL4755942,CHEMBL1987,Prostaglandin F2-alpha receptor,IC50,=,34.0,nM,CHEMBL5732292,B,"In Vitro Test of Inhibition of Human FP Receptor Activity (B-1B): For the characterization of test substances in respect of FP antagonism, the PGF2α-induced calcium flux in recombinant FP-expressing CHO cells which additionally express the Ca2+ sensor protein GCaMP6 was used.3000 cells in 25 μl of full medium [DMEM F12, 10% FCS, 1.35 mM sodium pyruvate, 20 mM HEPES, 4 mM GlutaMAX, 2% sodium bicarbonate, 1% Pen/Strep, 1% 100× non-essential amino acids] are sown per well of a 384 multititer plate (from Greiner, TC plate, black with clear base) and incubated at 37° C., 5% CO2 for 24 hours. Prior to the measurement, the medium is replaced by 30 μl of buffer [calcium-free Tyrode (130 mM NaCl, 5 mM KCl, 20 mM HEPES, 1 mM MgCl2, 4.8 mM NaHCO3, pH 7.4), 2 mM CaCl2, 0.01% BSA] and incubated at 37° C., 5% CO2 for 30 minutes. The test substance is prepared in DMSO in various concentrations as a dose-response curve (starting concentration 10 mM, dilution factor 3.16) and prediluted 1:50 with calcium-free Tyrode/2 mM CaCl2/0.01% BSA. 10 μl of the prediluted substance solution are added to the cells and incubated at 37° C., 5% CO2 for 10 minutes. The FP receptor is activated by adding 20 μl of 3 nM (final concentration) PGF2α in calcium-free Tyrode/2 mM CaCl2, and the calcium flux is determined by measuring the fluorescence at ex. 470 nm/em. 525 nm in a fluorescence measuring instrument (FLIPR Tetra, MolecularDevices) for 120 seconds.",CHEMBL5726207,P43088,Prostaglandin F2-alpha receptor,IC50,Cc1c(-c2ccccc2)nc2ccc(Br)cc2c1C(=O)Nc1ccc(C(=O)O)cc1F,7.468521082957745
CHEMBL4755942,CHEMBL1987,Prostaglandin F2-alpha receptor,IC50,=,44.0,nM,CHEMBL5732292,B,"In Vitro Test of Inhibition of Human FP Receptor Activity (B-1B): For the characterization of test substances in respect of FP antagonism, the PGF2α-induced calcium flux in recombinant FP-expressing CHO cells which additionally express the Ca2+ sensor protein GCaMP6 was used.3000 cells in 25 μl of full medium [DMEM F12, 10% FCS, 1.35 mM sodium pyruvate, 20 mM HEPES, 4 mM GlutaMAX, 2% sodium bicarbonate, 1% Pen/Strep, 1% 100× non-essential amino acids] are sown per well of a 384 multititer plate (from Greiner, TC plate, black with clear base) and incubated at 37° C., 5% CO2 for 24 hours. Prior to the measurement, the medium is replaced by 30 μl of buffer [calcium-free Tyrode (130 mM NaCl, 5 mM KCl, 20 mM HEPES, 1 mM MgCl2, 4.8 mM NaHCO3, pH 7.4), 2 mM CaCl2, 0.01% BSA] and incubated at 37° C., 5% CO2 for 30 minutes. The test substance is prepared in DMSO in various concentrations as a dose-response curve (starting concentration 10 mM, dilution factor 3.16) and prediluted 1:50 with calcium-free Tyrode/2 mM CaCl2/0.01% BSA. 10 μl of the prediluted substance solution are added to the cells and incubated at 37° C., 5% CO2 for 10 minutes. The FP receptor is activated by adding 20 μl of 3 nM (final concentration) PGF2α in calcium-free Tyrode/2 mM CaCl2, and the calcium flux is determined by measuring the fluorescence at ex. 470 nm/em. 525 nm in a fluorescence measuring instrument (FLIPR Tetra, MolecularDevices) for 120 seconds.",CHEMBL5726207,P43088,Prostaglandin F2-alpha receptor,IC50,Cc1c(-c2ccccc2)nc2ccc(Br)cc2c1C(=O)Nc1ccc(C(=O)O)cc1F,7.356547323513812
CHEMBL4755942,CHEMBL1987,Prostaglandin F2-alpha receptor,IC50,=,38.0,nM,CHEMBL5732292,B,"In Vitro Test of Inhibition of Human FP Receptor Activity (B-1B): For the characterization of test substances in respect of FP antagonism, the PGF2α-induced calcium flux in recombinant FP-expressing CHO cells which additionally express the Ca2+ sensor protein GCaMP6 was used.3000 cells in 25 μl of full medium [DMEM F12, 10% FCS, 1.35 mM sodium pyruvate, 20 mM HEPES, 4 mM GlutaMAX, 2% sodium bicarbonate, 1% Pen/Strep, 1% 100× non-essential amino acids] are sown per well of a 384 multititer plate (from Greiner, TC plate, black with clear base) and incubated at 37° C., 5% CO2 for 24 hours. Prior to the measurement, the medium is replaced by 30 μl of buffer [calcium-free Tyrode (130 mM NaCl, 5 mM KCl, 20 mM HEPES, 1 mM MgCl2, 4.8 mM NaHCO3, pH 7.4), 2 mM CaCl2, 0.01% BSA] and incubated at 37° C., 5% CO2 for 30 minutes. The test substance is prepared in DMSO in various concentrations as a dose-response curve (starting concentration 10 mM, dilution factor 3.16) and prediluted 1:50 with calcium-free Tyrode/2 mM CaCl2/0.01% BSA. 10 μl of the prediluted substance solution are added to the cells and incubated at 37° C., 5% CO2 for 10 minutes. The FP receptor is activated by adding 20 μl of 3 nM (final concentration) PGF2α in calcium-free Tyrode/2 mM CaCl2, and the calcium flux is determined by measuring the fluorescence at ex. 470 nm/em. 525 nm in a fluorescence measuring instrument (FLIPR Tetra, MolecularDevices) for 120 seconds.",CHEMBL5726207,P43088,Prostaglandin F2-alpha receptor,IC50,Cc1c(-c2ccccc2)nc2ccc(Br)cc2c1C(=O)Nc1ccc(C(=O)O)cc1F,7.42021640338319
CHEMBL6058325,CHEMBL1987,Prostaglandin F2-alpha receptor,IC50,=,6.0,nM,CHEMBL5732292,B,"In Vitro Test of Inhibition of Human FP Receptor Activity (B-1B): For the characterization of test substances in respect of FP antagonism, the PGF2α-induced calcium flux in recombinant FP-expressing CHO cells which additionally express the Ca2+ sensor protein GCaMP6 was used.3000 cells in 25 μl of full medium [DMEM F12, 10% FCS, 1.35 mM sodium pyruvate, 20 mM HEPES, 4 mM GlutaMAX, 2% sodium bicarbonate, 1% Pen/Strep, 1% 100× non-essential amino acids] are sown per well of a 384 multititer plate (from Greiner, TC plate, black with clear base) and incubated at 37° C., 5% CO2 for 24 hours. Prior to the measurement, the medium is replaced by 30 μl of buffer [calcium-free Tyrode (130 mM NaCl, 5 mM KCl, 20 mM HEPES, 1 mM MgCl2, 4.8 mM NaHCO3, pH 7.4), 2 mM CaCl2, 0.01% BSA] and incubated at 37° C., 5% CO2 for 30 minutes. The test substance is prepared in DMSO in various concentrations as a dose-response curve (starting concentration 10 mM, dilution factor 3.16) and prediluted 1:50 with calcium-free Tyrode/2 mM CaCl2/0.01% BSA. 10 μl of the prediluted substance solution are added to the cells and incubated at 37° C., 5% CO2 for 10 minutes. The FP receptor is activated by adding 20 μl of 3 nM (final concentration) PGF2α in calcium-free Tyrode/2 mM CaCl2, and the calcium flux is determined by measuring the fluorescence at ex. 470 nm/em. 525 nm in a fluorescence measuring instrument (FLIPR Tetra, MolecularDevices) for 120 seconds.",CHEMBL5726207,P43088,Prostaglandin F2-alpha receptor,IC50,COCSc1cc(C(=O)O)ccc1NC(=O)c1c(C)c(-c2ccccc2)nc2ccc(Br)cc12,8.221848749616356
CHEMBL4756068,CHEMBL1987,Prostaglandin F2-alpha receptor,IC50,=,79.0,nM,CHEMBL5732292,B,"In Vitro Test of Inhibition of Human FP Receptor Activity (B-1B): For the characterization of test substances in respect of FP antagonism, the PGF2α-induced calcium flux in recombinant FP-expressing CHO cells which additionally express the Ca2+ sensor protein GCaMP6 was used.3000 cells in 25 μl of full medium [DMEM F12, 10% FCS, 1.35 mM sodium pyruvate, 20 mM HEPES, 4 mM GlutaMAX, 2% sodium bicarbonate, 1% Pen/Strep, 1% 100× non-essential amino acids] are sown per well of a 384 multititer plate (from Greiner, TC plate, black with clear base) and incubated at 37° C., 5% CO2 for 24 hours. Prior to the measurement, the medium is replaced by 30 μl of buffer [calcium-free Tyrode (130 mM NaCl, 5 mM KCl, 20 mM HEPES, 1 mM MgCl2, 4.8 mM NaHCO3, pH 7.4), 2 mM CaCl2, 0.01% BSA] and incubated at 37° C., 5% CO2 for 30 minutes. The test substance is prepared in DMSO in various concentrations as a dose-response curve (starting concentration 10 mM, dilution factor 3.16) and prediluted 1:50 with calcium-free Tyrode/2 mM CaCl2/0.01% BSA. 10 μl of the prediluted substance solution are added to the cells and incubated at 37° C., 5% CO2 for 10 minutes. The FP receptor is activated by adding 20 μl of 3 nM (final concentration) PGF2α in calcium-free Tyrode/2 mM CaCl2, and the calcium flux is determined by measuring the fluorescence at ex. 470 nm/em. 525 nm in a fluorescence measuring instrument (FLIPR Tetra, MolecularDevices) for 120 seconds.",CHEMBL5726207,P43088,Prostaglandin F2-alpha receptor,IC50,Cc1c(-c2ccccc2)nc2ccc(C(C)(C)C)cc2c1C(=O)Nc1ccc(C(=O)O)cc1F,7.102372908709558
CHEMBL5904918,CHEMBL1987,Prostaglandin F2-alpha receptor,IC50,=,60.0,nM,CHEMBL5732292,B,"In Vitro Test of Inhibition of Human FP Receptor Activity (B-1B): For the characterization of test substances in respect of FP antagonism, the PGF2α-induced calcium flux in recombinant FP-expressing CHO cells which additionally express the Ca2+ sensor protein GCaMP6 was used.3000 cells in 25 μl of full medium [DMEM F12, 10% FCS, 1.35 mM sodium pyruvate, 20 mM HEPES, 4 mM GlutaMAX, 2% sodium bicarbonate, 1% Pen/Strep, 1% 100× non-essential amino acids] are sown per well of a 384 multititer plate (from Greiner, TC plate, black with clear base) and incubated at 37° C., 5% CO2 for 24 hours. Prior to the measurement, the medium is replaced by 30 μl of buffer [calcium-free Tyrode (130 mM NaCl, 5 mM KCl, 20 mM HEPES, 1 mM MgCl2, 4.8 mM NaHCO3, pH 7.4), 2 mM CaCl2, 0.01% BSA] and incubated at 37° C., 5% CO2 for 30 minutes. The test substance is prepared in DMSO in various concentrations as a dose-response curve (starting concentration 10 mM, dilution factor 3.16) and prediluted 1:50 with calcium-free Tyrode/2 mM CaCl2/0.01% BSA. 10 μl of the prediluted substance solution are added to the cells and incubated at 37° C., 5% CO2 for 10 minutes. The FP receptor is activated by adding 20 μl of 3 nM (final concentration) PGF2α in calcium-free Tyrode/2 mM CaCl2, and the calcium flux is determined by measuring the fluorescence at ex. 470 nm/em. 525 nm in a fluorescence measuring instrument (FLIPR Tetra, MolecularDevices) for 120 seconds.",CHEMBL5726207,P43088,Prostaglandin F2-alpha receptor,IC50,Cc1c(-c2ccccc2)nc2ccc(Br)cc2c1C(=O)Nc1ccc(C(=O)O)c(F)c1F,7.221848749616356
CHEMBL5847984,CHEMBL1987,Prostaglandin F2-alpha receptor,IC50,=,134.0,nM,CHEMBL5732292,B,"In Vitro Test of Inhibition of Human FP Receptor Activity (B-1B): For the characterization of test substances in respect of FP antagonism, the PGF2α-induced calcium flux in recombinant FP-expressing CHO cells which additionally express the Ca2+ sensor protein GCaMP6 was used.3000 cells in 25 μl of full medium [DMEM F12, 10% FCS, 1.35 mM sodium pyruvate, 20 mM HEPES, 4 mM GlutaMAX, 2% sodium bicarbonate, 1% Pen/Strep, 1% 100× non-essential amino acids] are sown per well of a 384 multititer plate (from Greiner, TC plate, black with clear base) and incubated at 37° C., 5% CO2 for 24 hours. Prior to the measurement, the medium is replaced by 30 μl of buffer [calcium-free Tyrode (130 mM NaCl, 5 mM KCl, 20 mM HEPES, 1 mM MgCl2, 4.8 mM NaHCO3, pH 7.4), 2 mM CaCl2, 0.01% BSA] and incubated at 37° C., 5% CO2 for 30 minutes. The test substance is prepared in DMSO in various concentrations as a dose-response curve (starting concentration 10 mM, dilution factor 3.16) and prediluted 1:50 with calcium-free Tyrode/2 mM CaCl2/0.01% BSA. 10 μl of the prediluted substance solution are added to the cells and incubated at 37° C., 5% CO2 for 10 minutes. The FP receptor is activated by adding 20 μl of 3 nM (final concentration) PGF2α in calcium-free Tyrode/2 mM CaCl2, and the calcium flux is determined by measuring the fluorescence at ex. 470 nm/em. 525 nm in a fluorescence measuring instrument (FLIPR Tetra, MolecularDevices) for 120 seconds.",CHEMBL5726207,P43088,Prostaglandin F2-alpha receptor,IC50,Cc1c(-c2ccccc2)nc2ccc(Br)cc2c1C(=O)Nc1ccc(C(=O)NS(=O)(=O)C(F)(F)F)cc1F,6.872895201635192
CHEMBL6048317,CHEMBL1987,Prostaglandin F2-alpha receptor,IC50,=,182.0,nM,CHEMBL5732292,B,"In Vitro Test of Inhibition of Human FP Receptor Activity (B-1B): For the characterization of test substances in respect of FP antagonism, the PGF2α-induced calcium flux in recombinant FP-expressing CHO cells which additionally express the Ca2+ sensor protein GCaMP6 was used.3000 cells in 25 μl of full medium [DMEM F12, 10% FCS, 1.35 mM sodium pyruvate, 20 mM HEPES, 4 mM GlutaMAX, 2% sodium bicarbonate, 1% Pen/Strep, 1% 100× non-essential amino acids] are sown per well of a 384 multititer plate (from Greiner, TC plate, black with clear base) and incubated at 37° C., 5% CO2 for 24 hours. Prior to the measurement, the medium is replaced by 30 μl of buffer [calcium-free Tyrode (130 mM NaCl, 5 mM KCl, 20 mM HEPES, 1 mM MgCl2, 4.8 mM NaHCO3, pH 7.4), 2 mM CaCl2, 0.01% BSA] and incubated at 37° C., 5% CO2 for 30 minutes. The test substance is prepared in DMSO in various concentrations as a dose-response curve (starting concentration 10 mM, dilution factor 3.16) and prediluted 1:50 with calcium-free Tyrode/2 mM CaCl2/0.01% BSA. 10 μl of the prediluted substance solution are added to the cells and incubated at 37° C., 5% CO2 for 10 minutes. The FP receptor is activated by adding 20 μl of 3 nM (final concentration) PGF2α in calcium-free Tyrode/2 mM CaCl2, and the calcium flux is determined by measuring the fluorescence at ex. 470 nm/em. 525 nm in a fluorescence measuring instrument (FLIPR Tetra, MolecularDevices) for 120 seconds.",CHEMBL5726207,P43088,Prostaglandin F2-alpha receptor,IC50,Cc1c(-c2ccccc2)nc2ccc(Br)cc2c1C(=O)Nc1ccc(C(=O)NS(=O)(=O)N(C)C)cc1F,6.739928612014925
CHEMBL4755942,CHEMBL1987,Prostaglandin F2-alpha receptor,IC50,=,59.0,nM,CHEMBL5732292,B,"In Vitro Test of Inhibition of Human FP Receptor Activity (B-1B): For the characterization of test substances in respect of FP antagonism, the PGF2α-induced calcium flux in recombinant FP-expressing CHO cells which additionally express the Ca2+ sensor protein GCaMP6 was used.3000 cells in 25 μl of full medium [DMEM F12, 10% FCS, 1.35 mM sodium pyruvate, 20 mM HEPES, 4 mM GlutaMAX, 2% sodium bicarbonate, 1% Pen/Strep, 1% 100× non-essential amino acids] are sown per well of a 384 multititer plate (from Greiner, TC plate, black with clear base) and incubated at 37° C., 5% CO2 for 24 hours. Prior to the measurement, the medium is replaced by 30 μl of buffer [calcium-free Tyrode (130 mM NaCl, 5 mM KCl, 20 mM HEPES, 1 mM MgCl2, 4.8 mM NaHCO3, pH 7.4), 2 mM CaCl2, 0.01% BSA] and incubated at 37° C., 5% CO2 for 30 minutes. The test substance is prepared in DMSO in various concentrations as a dose-response curve (starting concentration 10 mM, dilution factor 3.16) and prediluted 1:50 with calcium-free Tyrode/2 mM CaCl2/0.01% BSA. 10 μl of the prediluted substance solution are added to the cells and incubated at 37° C., 5% CO2 for 10 minutes. The FP receptor is activated by adding 20 μl of 3 nM (final concentration) PGF2α in calcium-free Tyrode/2 mM CaCl2, and the calcium flux is determined by measuring the fluorescence at ex. 470 nm/em. 525 nm in a fluorescence measuring instrument (FLIPR Tetra, MolecularDevices) for 120 seconds.",CHEMBL5726207,P43088,Prostaglandin F2-alpha receptor,IC50,Cc1c(-c2ccccc2)nc2ccc(Br)cc2c1C(=O)Nc1ccc(C(=O)O)cc1F,7.229147988357855
CHEMBL4755942,CHEMBL1987,Prostaglandin F2-alpha receptor,IC50,=,53.0,nM,CHEMBL5732292,B,"In Vitro Test of Inhibition of Human FP Receptor Activity (B-1B): For the characterization of test substances in respect of FP antagonism, the PGF2α-induced calcium flux in recombinant FP-expressing CHO cells which additionally express the Ca2+ sensor protein GCaMP6 was used.3000 cells in 25 μl of full medium [DMEM F12, 10% FCS, 1.35 mM sodium pyruvate, 20 mM HEPES, 4 mM GlutaMAX, 2% sodium bicarbonate, 1% Pen/Strep, 1% 100× non-essential amino acids] are sown per well of a 384 multititer plate (from Greiner, TC plate, black with clear base) and incubated at 37° C., 5% CO2 for 24 hours. Prior to the measurement, the medium is replaced by 30 μl of buffer [calcium-free Tyrode (130 mM NaCl, 5 mM KCl, 20 mM HEPES, 1 mM MgCl2, 4.8 mM NaHCO3, pH 7.4), 2 mM CaCl2, 0.01% BSA] and incubated at 37° C., 5% CO2 for 30 minutes. The test substance is prepared in DMSO in various concentrations as a dose-response curve (starting concentration 10 mM, dilution factor 3.16) and prediluted 1:50 with calcium-free Tyrode/2 mM CaCl2/0.01% BSA. 10 μl of the prediluted substance solution are added to the cells and incubated at 37° C., 5% CO2 for 10 minutes. The FP receptor is activated by adding 20 μl of 3 nM (final concentration) PGF2α in calcium-free Tyrode/2 mM CaCl2, and the calcium flux is determined by measuring the fluorescence at ex. 470 nm/em. 525 nm in a fluorescence measuring instrument (FLIPR Tetra, MolecularDevices) for 120 seconds.",CHEMBL5726207,P43088,Prostaglandin F2-alpha receptor,IC50,Cc1c(-c2ccccc2)nc2ccc(Br)cc2c1C(=O)Nc1ccc(C(=O)O)cc1F,7.275724130399211
CHEMBL4755942,CHEMBL1987,Prostaglandin F2-alpha receptor,IC50,=,47.0,nM,CHEMBL5732292,B,"In Vitro Test of Inhibition of Human FP Receptor Activity (B-1B): For the characterization of test substances in respect of FP antagonism, the PGF2α-induced calcium flux in recombinant FP-expressing CHO cells which additionally express the Ca2+ sensor protein GCaMP6 was used.3000 cells in 25 μl of full medium [DMEM F12, 10% FCS, 1.35 mM sodium pyruvate, 20 mM HEPES, 4 mM GlutaMAX, 2% sodium bicarbonate, 1% Pen/Strep, 1% 100× non-essential amino acids] are sown per well of a 384 multititer plate (from Greiner, TC plate, black with clear base) and incubated at 37° C., 5% CO2 for 24 hours. Prior to the measurement, the medium is replaced by 30 μl of buffer [calcium-free Tyrode (130 mM NaCl, 5 mM KCl, 20 mM HEPES, 1 mM MgCl2, 4.8 mM NaHCO3, pH 7.4), 2 mM CaCl2, 0.01% BSA] and incubated at 37° C., 5% CO2 for 30 minutes. The test substance is prepared in DMSO in various concentrations as a dose-response curve (starting concentration 10 mM, dilution factor 3.16) and prediluted 1:50 with calcium-free Tyrode/2 mM CaCl2/0.01% BSA. 10 μl of the prediluted substance solution are added to the cells and incubated at 37° C., 5% CO2 for 10 minutes. The FP receptor is activated by adding 20 μl of 3 nM (final concentration) PGF2α in calcium-free Tyrode/2 mM CaCl2, and the calcium flux is determined by measuring the fluorescence at ex. 470 nm/em. 525 nm in a fluorescence measuring instrument (FLIPR Tetra, MolecularDevices) for 120 seconds.",CHEMBL5726207,P43088,Prostaglandin F2-alpha receptor,IC50,Cc1c(-c2ccccc2)nc2ccc(Br)cc2c1C(=O)Nc1ccc(C(=O)O)cc1F,7.327902142064282
CHEMBL4755942,CHEMBL1987,Prostaglandin F2-alpha receptor,IC50,=,43.0,nM,CHEMBL5732292,B,"In Vitro Test of Inhibition of Human FP Receptor Activity (B-1B): For the characterization of test substances in respect of FP antagonism, the PGF2α-induced calcium flux in recombinant FP-expressing CHO cells which additionally express the Ca2+ sensor protein GCaMP6 was used.3000 cells in 25 μl of full medium [DMEM F12, 10% FCS, 1.35 mM sodium pyruvate, 20 mM HEPES, 4 mM GlutaMAX, 2% sodium bicarbonate, 1% Pen/Strep, 1% 100× non-essential amino acids] are sown per well of a 384 multititer plate (from Greiner, TC plate, black with clear base) and incubated at 37° C., 5% CO2 for 24 hours. Prior to the measurement, the medium is replaced by 30 μl of buffer [calcium-free Tyrode (130 mM NaCl, 5 mM KCl, 20 mM HEPES, 1 mM MgCl2, 4.8 mM NaHCO3, pH 7.4), 2 mM CaCl2, 0.01% BSA] and incubated at 37° C., 5% CO2 for 30 minutes. The test substance is prepared in DMSO in various concentrations as a dose-response curve (starting concentration 10 mM, dilution factor 3.16) and prediluted 1:50 with calcium-free Tyrode/2 mM CaCl2/0.01% BSA. 10 μl of the prediluted substance solution are added to the cells and incubated at 37° C., 5% CO2 for 10 minutes. The FP receptor is activated by adding 20 μl of 3 nM (final concentration) PGF2α in calcium-free Tyrode/2 mM CaCl2, and the calcium flux is determined by measuring the fluorescence at ex. 470 nm/em. 525 nm in a fluorescence measuring instrument (FLIPR Tetra, MolecularDevices) for 120 seconds.",CHEMBL5726207,P43088,Prostaglandin F2-alpha receptor,IC50,Cc1c(-c2ccccc2)nc2ccc(Br)cc2c1C(=O)Nc1ccc(C(=O)O)cc1F,7.366531544420413
CHEMBL6043720,CHEMBL1987,Prostaglandin F2-alpha receptor,IC50,=,98.0,nM,CHEMBL5732292,B,"In Vitro Test of Inhibition of Human FP Receptor Activity (B-1B): For the characterization of test substances in respect of FP antagonism, the PGF2α-induced calcium flux in recombinant FP-expressing CHO cells which additionally express the Ca2+ sensor protein GCaMP6 was used.3000 cells in 25 μl of full medium [DMEM F12, 10% FCS, 1.35 mM sodium pyruvate, 20 mM HEPES, 4 mM GlutaMAX, 2% sodium bicarbonate, 1% Pen/Strep, 1% 100× non-essential amino acids] are sown per well of a 384 multititer plate (from Greiner, TC plate, black with clear base) and incubated at 37° C., 5% CO2 for 24 hours. Prior to the measurement, the medium is replaced by 30 μl of buffer [calcium-free Tyrode (130 mM NaCl, 5 mM KCl, 20 mM HEPES, 1 mM MgCl2, 4.8 mM NaHCO3, pH 7.4), 2 mM CaCl2, 0.01% BSA] and incubated at 37° C., 5% CO2 for 30 minutes. The test substance is prepared in DMSO in various concentrations as a dose-response curve (starting concentration 10 mM, dilution factor 3.16) and prediluted 1:50 with calcium-free Tyrode/2 mM CaCl2/0.01% BSA. 10 μl of the prediluted substance solution are added to the cells and incubated at 37° C., 5% CO2 for 10 minutes. The FP receptor is activated by adding 20 μl of 3 nM (final concentration) PGF2α in calcium-free Tyrode/2 mM CaCl2, and the calcium flux is determined by measuring the fluorescence at ex. 470 nm/em. 525 nm in a fluorescence measuring instrument (FLIPR Tetra, MolecularDevices) for 120 seconds.",CHEMBL5726207,P43088,Prostaglandin F2-alpha receptor,IC50,O=C(O)c1ccc(NC(=O)c2c(F)c(-c3ccccc3)nc3ccc(Br)cc23)c(F)c1,7.008773924307505
CHEMBL6004038,CHEMBL1987,Prostaglandin F2-alpha receptor,IC50,=,130.0,nM,CHEMBL5737458,B,"In Vitro Test of Inhibition of Human FP Receptor Activity: For the characterization of test substances in respect of FP antagonism, PGF2α-induced calcium flux in FP-expressing CHEM1 cells (Millipore, HTS093C) was used.3000 cells in 30 μl of full medium [DMEM F12, 10% FCS, 1.35 mM sodium pyruvate, 20 mM HEPES, 4 mM GlutaMAX, 2% sodium bicarbonate, 1% Pen/Strep, 1% 100× non-essential amino acids] are sown per well of a 384 multititre plate (from Greiner, TC plate, black with clear base) and incubated at 33° C., 5% CO2 for 24 hours. Prior to the measurement, the medium is replaced by 30 μl of Fluo-8 AM loading buffer [calcium-free Tyrode (130 mM NaCl, 5 mM KCl, 20 mM HEPES, 1 mM MgCl2, 4.8 mM NaHCO3, pH 7.4), 2 mM CaCl2, 6.3 mM Probenecid, 5 μM Fluo-8 AM, 0.0112% Pluronic®] and incubated at 37° C., 5% CO2 for 30 minutes. The test substance is prepared in DMSO in various concentrations as a dose-response curve (starting concentration 10 mM, dilution factor 3.16) and prediluted 1:50 with calcium-free Tyrode, 2 mM CaCl2, 0.002% SmartBlock (from CANDOR Bioscience GmbH). 10 μl of the prediluted substance solution are added to the Fluo-8-laden cells and incubated at 37° C., 5% CO2 for 10 minutes. The FP receptor is activated by adding 40 μl of 2 nM (final concentration) PGF2α in calcium-free Tyrode, 2 mM CaCl2, 0.002% SmartBlock, and the calcium flux is determined by measuring the fluorescence at ex. 470 nm/em. 525 nm in a fluorescence measuring instrument (FLIPR Tetra®, Molecular Devices) for 120 seconds.",CHEMBL5728790,P43088,Prostaglandin F2-alpha receptor,IC50,Cc1c(-c2ccccc2)nc2ccc(Br)cc2c1C(=O)NCC(C(=O)O)c1ccccc1,6.886056647693163
CHEMBL6001482,CHEMBL1987,Prostaglandin F2-alpha receptor,IC50,=,160.0,nM,CHEMBL5737458,B,"In Vitro Test of Inhibition of Human FP Receptor Activity: For the characterization of test substances in respect of FP antagonism, PGF2α-induced calcium flux in FP-expressing CHEM1 cells (Millipore, HTS093C) was used.3000 cells in 30 μl of full medium [DMEM F12, 10% FCS, 1.35 mM sodium pyruvate, 20 mM HEPES, 4 mM GlutaMAX, 2% sodium bicarbonate, 1% Pen/Strep, 1% 100× non-essential amino acids] are sown per well of a 384 multititre plate (from Greiner, TC plate, black with clear base) and incubated at 33° C., 5% CO2 for 24 hours. Prior to the measurement, the medium is replaced by 30 μl of Fluo-8 AM loading buffer [calcium-free Tyrode (130 mM NaCl, 5 mM KCl, 20 mM HEPES, 1 mM MgCl2, 4.8 mM NaHCO3, pH 7.4), 2 mM CaCl2, 6.3 mM Probenecid, 5 μM Fluo-8 AM, 0.0112% Pluronic®] and incubated at 37° C., 5% CO2 for 30 minutes. The test substance is prepared in DMSO in various concentrations as a dose-response curve (starting concentration 10 mM, dilution factor 3.16) and prediluted 1:50 with calcium-free Tyrode, 2 mM CaCl2, 0.002% SmartBlock (from CANDOR Bioscience GmbH). 10 μl of the prediluted substance solution are added to the Fluo-8-laden cells and incubated at 37° C., 5% CO2 for 10 minutes. The FP receptor is activated by adding 40 μl of 2 nM (final concentration) PGF2α in calcium-free Tyrode, 2 mM CaCl2, 0.002% SmartBlock, and the calcium flux is determined by measuring the fluorescence at ex. 470 nm/em. 525 nm in a fluorescence measuring instrument (FLIPR Tetra®, Molecular Devices) for 120 seconds.",CHEMBL5728790,P43088,Prostaglandin F2-alpha receptor,IC50,Cc1c(-c2ccccc2)nc2ccc(Br)cc2c1C(=O)NC[C@H](C(=O)O)c1ccccc1,6.795880017344075
CHEMBL6039428,CHEMBL1987,Prostaglandin F2-alpha receptor,IC50,=,270.0,nM,CHEMBL5737458,B,"In Vitro Test of Inhibition of Human FP Receptor Activity: For the characterization of test substances in respect of FP antagonism, PGF2α-induced calcium flux in FP-expressing CHEM1 cells (Millipore, HTS093C) was used.3000 cells in 30 μl of full medium [DMEM F12, 10% FCS, 1.35 mM sodium pyruvate, 20 mM HEPES, 4 mM GlutaMAX, 2% sodium bicarbonate, 1% Pen/Strep, 1% 100× non-essential amino acids] are sown per well of a 384 multititre plate (from Greiner, TC plate, black with clear base) and incubated at 33° C., 5% CO2 for 24 hours. Prior to the measurement, the medium is replaced by 30 μl of Fluo-8 AM loading buffer [calcium-free Tyrode (130 mM NaCl, 5 mM KCl, 20 mM HEPES, 1 mM MgCl2, 4.8 mM NaHCO3, pH 7.4), 2 mM CaCl2, 6.3 mM Probenecid, 5 μM Fluo-8 AM, 0.0112% Pluronic®] and incubated at 37° C., 5% CO2 for 30 minutes. The test substance is prepared in DMSO in various concentrations as a dose-response curve (starting concentration 10 mM, dilution factor 3.16) and prediluted 1:50 with calcium-free Tyrode, 2 mM CaCl2, 0.002% SmartBlock (from CANDOR Bioscience GmbH). 10 μl of the prediluted substance solution are added to the Fluo-8-laden cells and incubated at 37° C., 5% CO2 for 10 minutes. The FP receptor is activated by adding 40 μl of 2 nM (final concentration) PGF2α in calcium-free Tyrode, 2 mM CaCl2, 0.002% SmartBlock, and the calcium flux is determined by measuring the fluorescence at ex. 470 nm/em. 525 nm in a fluorescence measuring instrument (FLIPR Tetra®, Molecular Devices) for 120 seconds.",CHEMBL5728790,P43088,Prostaglandin F2-alpha receptor,IC50,Cc1c(-c2ccccc2)nc2ccc(Br)cc2c1C(=O)NC[C@@H](C(=O)O)c1ccccc1,6.568636235841012
CHEMBL4743035,CHEMBL1987,Prostaglandin F2-alpha receptor,IC50,=,31.0,nM,CHEMBL5737458,B,"In Vitro Test of Inhibition of Human FP Receptor Activity: For the characterization of test substances in respect of FP antagonism, PGF2α-induced calcium flux in FP-expressing CHEM1 cells (Millipore, HTS093C) was used.3000 cells in 30 μl of full medium [DMEM F12, 10% FCS, 1.35 mM sodium pyruvate, 20 mM HEPES, 4 mM GlutaMAX, 2% sodium bicarbonate, 1% Pen/Strep, 1% 100× non-essential amino acids] are sown per well of a 384 multititre plate (from Greiner, TC plate, black with clear base) and incubated at 33° C., 5% CO2 for 24 hours. Prior to the measurement, the medium is replaced by 30 μl of Fluo-8 AM loading buffer [calcium-free Tyrode (130 mM NaCl, 5 mM KCl, 20 mM HEPES, 1 mM MgCl2, 4.8 mM NaHCO3, pH 7.4), 2 mM CaCl2, 6.3 mM Probenecid, 5 μM Fluo-8 AM, 0.0112% Pluronic®] and incubated at 37° C., 5% CO2 for 30 minutes. The test substance is prepared in DMSO in various concentrations as a dose-response curve (starting concentration 10 mM, dilution factor 3.16) and prediluted 1:50 with calcium-free Tyrode, 2 mM CaCl2, 0.002% SmartBlock (from CANDOR Bioscience GmbH). 10 μl of the prediluted substance solution are added to the Fluo-8-laden cells and incubated at 37° C., 5% CO2 for 10 minutes. The FP receptor is activated by adding 40 μl of 2 nM (final concentration) PGF2α in calcium-free Tyrode, 2 mM CaCl2, 0.002% SmartBlock, and the calcium flux is determined by measuring the fluorescence at ex. 470 nm/em. 525 nm in a fluorescence measuring instrument (FLIPR Tetra®, Molecular Devices) for 120 seconds.",CHEMBL5728790,P43088,Prostaglandin F2-alpha receptor,IC50,Cc1c(-c2ccccc2)nc2ccc(Br)cc2c1C(=O)NCC(C(=O)O)c1ccccc1Cl,7.508638306165727
CHEMBL5740860,CHEMBL1987,Prostaglandin F2-alpha receptor,IC50,=,37.0,nM,CHEMBL5737458,B,"In Vitro Test of Inhibition of Human FP Receptor Activity: For the characterization of test substances in respect of FP antagonism, PGF2α-induced calcium flux in FP-expressing CHEM1 cells (Millipore, HTS093C) was used.3000 cells in 30 μl of full medium [DMEM F12, 10% FCS, 1.35 mM sodium pyruvate, 20 mM HEPES, 4 mM GlutaMAX, 2% sodium bicarbonate, 1% Pen/Strep, 1% 100× non-essential amino acids] are sown per well of a 384 multititre plate (from Greiner, TC plate, black with clear base) and incubated at 33° C., 5% CO2 for 24 hours. Prior to the measurement, the medium is replaced by 30 μl of Fluo-8 AM loading buffer [calcium-free Tyrode (130 mM NaCl, 5 mM KCl, 20 mM HEPES, 1 mM MgCl2, 4.8 mM NaHCO3, pH 7.4), 2 mM CaCl2, 6.3 mM Probenecid, 5 μM Fluo-8 AM, 0.0112% Pluronic®] and incubated at 37° C., 5% CO2 for 30 minutes. The test substance is prepared in DMSO in various concentrations as a dose-response curve (starting concentration 10 mM, dilution factor 3.16) and prediluted 1:50 with calcium-free Tyrode, 2 mM CaCl2, 0.002% SmartBlock (from CANDOR Bioscience GmbH). 10 μl of the prediluted substance solution are added to the Fluo-8-laden cells and incubated at 37° C., 5% CO2 for 10 minutes. The FP receptor is activated by adding 40 μl of 2 nM (final concentration) PGF2α in calcium-free Tyrode, 2 mM CaCl2, 0.002% SmartBlock, and the calcium flux is determined by measuring the fluorescence at ex. 470 nm/em. 525 nm in a fluorescence measuring instrument (FLIPR Tetra®, Molecular Devices) for 120 seconds.",CHEMBL5728790,P43088,Prostaglandin F2-alpha receptor,IC50,Cc1c(-c2ccccc2)nc2ccc(Br)cc2c1C(=O)NC[C@H](C(=O)O)c1ccccc1Cl,7.431798275933005
CHEMBL5742409,CHEMBL1987,Prostaglandin F2-alpha receptor,IC50,=,32.0,nM,CHEMBL5737458,B,"In Vitro Test of Inhibition of Human FP Receptor Activity: For the characterization of test substances in respect of FP antagonism, PGF2α-induced calcium flux in FP-expressing CHEM1 cells (Millipore, HTS093C) was used.3000 cells in 30 μl of full medium [DMEM F12, 10% FCS, 1.35 mM sodium pyruvate, 20 mM HEPES, 4 mM GlutaMAX, 2% sodium bicarbonate, 1% Pen/Strep, 1% 100× non-essential amino acids] are sown per well of a 384 multititre plate (from Greiner, TC plate, black with clear base) and incubated at 33° C., 5% CO2 for 24 hours. Prior to the measurement, the medium is replaced by 30 μl of Fluo-8 AM loading buffer [calcium-free Tyrode (130 mM NaCl, 5 mM KCl, 20 mM HEPES, 1 mM MgCl2, 4.8 mM NaHCO3, pH 7.4), 2 mM CaCl2, 6.3 mM Probenecid, 5 μM Fluo-8 AM, 0.0112% Pluronic®] and incubated at 37° C., 5% CO2 for 30 minutes. The test substance is prepared in DMSO in various concentrations as a dose-response curve (starting concentration 10 mM, dilution factor 3.16) and prediluted 1:50 with calcium-free Tyrode, 2 mM CaCl2, 0.002% SmartBlock (from CANDOR Bioscience GmbH). 10 μl of the prediluted substance solution are added to the Fluo-8-laden cells and incubated at 37° C., 5% CO2 for 10 minutes. The FP receptor is activated by adding 40 μl of 2 nM (final concentration) PGF2α in calcium-free Tyrode, 2 mM CaCl2, 0.002% SmartBlock, and the calcium flux is determined by measuring the fluorescence at ex. 470 nm/em. 525 nm in a fluorescence measuring instrument (FLIPR Tetra®, Molecular Devices) for 120 seconds.",CHEMBL5728790,P43088,Prostaglandin F2-alpha receptor,IC50,Cc1c(-c2ccccc2)nc2ccc(Br)cc2c1C(=O)NC[C@@H](C(=O)O)c1ccccc1Cl,7.494850021680094
CHEMBL5998626,CHEMBL1987,Prostaglandin F2-alpha receptor,IC50,=,24.0,nM,CHEMBL5737458,B,"In Vitro Test of Inhibition of Human FP Receptor Activity: For the characterization of test substances in respect of FP antagonism, PGF2α-induced calcium flux in FP-expressing CHEM1 cells (Millipore, HTS093C) was used.3000 cells in 30 μl of full medium [DMEM F12, 10% FCS, 1.35 mM sodium pyruvate, 20 mM HEPES, 4 mM GlutaMAX, 2% sodium bicarbonate, 1% Pen/Strep, 1% 100× non-essential amino acids] are sown per well of a 384 multititre plate (from Greiner, TC plate, black with clear base) and incubated at 33° C., 5% CO2 for 24 hours. Prior to the measurement, the medium is replaced by 30 μl of Fluo-8 AM loading buffer [calcium-free Tyrode (130 mM NaCl, 5 mM KCl, 20 mM HEPES, 1 mM MgCl2, 4.8 mM NaHCO3, pH 7.4), 2 mM CaCl2, 6.3 mM Probenecid, 5 μM Fluo-8 AM, 0.0112% Pluronic®] and incubated at 37° C., 5% CO2 for 30 minutes. The test substance is prepared in DMSO in various concentrations as a dose-response curve (starting concentration 10 mM, dilution factor 3.16) and prediluted 1:50 with calcium-free Tyrode, 2 mM CaCl2, 0.002% SmartBlock (from CANDOR Bioscience GmbH). 10 μl of the prediluted substance solution are added to the Fluo-8-laden cells and incubated at 37° C., 5% CO2 for 10 minutes. The FP receptor is activated by adding 40 μl of 2 nM (final concentration) PGF2α in calcium-free Tyrode, 2 mM CaCl2, 0.002% SmartBlock, and the calcium flux is determined by measuring the fluorescence at ex. 470 nm/em. 525 nm in a fluorescence measuring instrument (FLIPR Tetra®, Molecular Devices) for 120 seconds.",CHEMBL5728790,P43088,Prostaglandin F2-alpha receptor,IC50,COc1ccccc1C(CNC(=O)c1c(C)c(-c2ccccc2)nc2ccc(Br)cc12)C(=O)O,7.619788758288394
CHEMBL6005584,CHEMBL1987,Prostaglandin F2-alpha receptor,IC50,=,130.0,nM,CHEMBL5737458,B,"In Vitro Test of Inhibition of Human FP Receptor Activity: For the characterization of test substances in respect of FP antagonism, PGF2α-induced calcium flux in FP-expressing CHEM1 cells (Millipore, HTS093C) was used.3000 cells in 30 μl of full medium [DMEM F12, 10% FCS, 1.35 mM sodium pyruvate, 20 mM HEPES, 4 mM GlutaMAX, 2% sodium bicarbonate, 1% Pen/Strep, 1% 100× non-essential amino acids] are sown per well of a 384 multititre plate (from Greiner, TC plate, black with clear base) and incubated at 33° C., 5% CO2 for 24 hours. Prior to the measurement, the medium is replaced by 30 μl of Fluo-8 AM loading buffer [calcium-free Tyrode (130 mM NaCl, 5 mM KCl, 20 mM HEPES, 1 mM MgCl2, 4.8 mM NaHCO3, pH 7.4), 2 mM CaCl2, 6.3 mM Probenecid, 5 μM Fluo-8 AM, 0.0112% Pluronic®] and incubated at 37° C., 5% CO2 for 30 minutes. The test substance is prepared in DMSO in various concentrations as a dose-response curve (starting concentration 10 mM, dilution factor 3.16) and prediluted 1:50 with calcium-free Tyrode, 2 mM CaCl2, 0.002% SmartBlock (from CANDOR Bioscience GmbH). 10 μl of the prediluted substance solution are added to the Fluo-8-laden cells and incubated at 37° C., 5% CO2 for 10 minutes. The FP receptor is activated by adding 40 μl of 2 nM (final concentration) PGF2α in calcium-free Tyrode, 2 mM CaCl2, 0.002% SmartBlock, and the calcium flux is determined by measuring the fluorescence at ex. 470 nm/em. 525 nm in a fluorescence measuring instrument (FLIPR Tetra®, Molecular Devices) for 120 seconds.",CHEMBL5728790,P43088,Prostaglandin F2-alpha receptor,IC50,COc1ccccc1[C@H](CNC(=O)c1c(C)c(-c2ccccc2)nc2ccc(Br)cc12)C(=O)O,6.886056647693163
CHEMBL5952736,CHEMBL1987,Prostaglandin F2-alpha receptor,IC50,=,7.2,nM,CHEMBL5737458,B,"In Vitro Test of Inhibition of Human FP Receptor Activity: For the characterization of test substances in respect of FP antagonism, PGF2α-induced calcium flux in FP-expressing CHEM1 cells (Millipore, HTS093C) was used.3000 cells in 30 μl of full medium [DMEM F12, 10% FCS, 1.35 mM sodium pyruvate, 20 mM HEPES, 4 mM GlutaMAX, 2% sodium bicarbonate, 1% Pen/Strep, 1% 100× non-essential amino acids] are sown per well of a 384 multititre plate (from Greiner, TC plate, black with clear base) and incubated at 33° C., 5% CO2 for 24 hours. Prior to the measurement, the medium is replaced by 30 μl of Fluo-8 AM loading buffer [calcium-free Tyrode (130 mM NaCl, 5 mM KCl, 20 mM HEPES, 1 mM MgCl2, 4.8 mM NaHCO3, pH 7.4), 2 mM CaCl2, 6.3 mM Probenecid, 5 μM Fluo-8 AM, 0.0112% Pluronic®] and incubated at 37° C., 5% CO2 for 30 minutes. The test substance is prepared in DMSO in various concentrations as a dose-response curve (starting concentration 10 mM, dilution factor 3.16) and prediluted 1:50 with calcium-free Tyrode, 2 mM CaCl2, 0.002% SmartBlock (from CANDOR Bioscience GmbH). 10 μl of the prediluted substance solution are added to the Fluo-8-laden cells and incubated at 37° C., 5% CO2 for 10 minutes. The FP receptor is activated by adding 40 μl of 2 nM (final concentration) PGF2α in calcium-free Tyrode, 2 mM CaCl2, 0.002% SmartBlock, and the calcium flux is determined by measuring the fluorescence at ex. 470 nm/em. 525 nm in a fluorescence measuring instrument (FLIPR Tetra®, Molecular Devices) for 120 seconds.",CHEMBL5728790,P43088,Prostaglandin F2-alpha receptor,IC50,COc1ccccc1[C@@H](CNC(=O)c1c(C)c(-c2ccccc2)nc2ccc(Br)cc12)C(=O)O,8.142667503568731
CHEMBL5869924,CHEMBL1987,Prostaglandin F2-alpha receptor,IC50,=,320.0,nM,CHEMBL5737458,B,"In Vitro Test of Inhibition of Human FP Receptor Activity: For the characterization of test substances in respect of FP antagonism, PGF2α-induced calcium flux in FP-expressing CHEM1 cells (Millipore, HTS093C) was used.3000 cells in 30 μl of full medium [DMEM F12, 10% FCS, 1.35 mM sodium pyruvate, 20 mM HEPES, 4 mM GlutaMAX, 2% sodium bicarbonate, 1% Pen/Strep, 1% 100× non-essential amino acids] are sown per well of a 384 multititre plate (from Greiner, TC plate, black with clear base) and incubated at 33° C., 5% CO2 for 24 hours. Prior to the measurement, the medium is replaced by 30 μl of Fluo-8 AM loading buffer [calcium-free Tyrode (130 mM NaCl, 5 mM KCl, 20 mM HEPES, 1 mM MgCl2, 4.8 mM NaHCO3, pH 7.4), 2 mM CaCl2, 6.3 mM Probenecid, 5 μM Fluo-8 AM, 0.0112% Pluronic®] and incubated at 37° C., 5% CO2 for 30 minutes. The test substance is prepared in DMSO in various concentrations as a dose-response curve (starting concentration 10 mM, dilution factor 3.16) and prediluted 1:50 with calcium-free Tyrode, 2 mM CaCl2, 0.002% SmartBlock (from CANDOR Bioscience GmbH). 10 μl of the prediluted substance solution are added to the Fluo-8-laden cells and incubated at 37° C., 5% CO2 for 10 minutes. The FP receptor is activated by adding 40 μl of 2 nM (final concentration) PGF2α in calcium-free Tyrode, 2 mM CaCl2, 0.002% SmartBlock, and the calcium flux is determined by measuring the fluorescence at ex. 470 nm/em. 525 nm in a fluorescence measuring instrument (FLIPR Tetra®, Molecular Devices) for 120 seconds.",CHEMBL5728790,P43088,Prostaglandin F2-alpha receptor,IC50,Cc1c(-c2ccccc2)nc2ccc(Br)cc2c1C(=O)NCC(C(=O)O)c1ccc(F)cc1,6.494850021680094
CHEMBL6054751,CHEMBL1987,Prostaglandin F2-alpha receptor,IC50,=,470.0,nM,CHEMBL5737458,B,"In Vitro Test of Inhibition of Human FP Receptor Activity: For the characterization of test substances in respect of FP antagonism, PGF2α-induced calcium flux in FP-expressing CHEM1 cells (Millipore, HTS093C) was used.3000 cells in 30 μl of full medium [DMEM F12, 10% FCS, 1.35 mM sodium pyruvate, 20 mM HEPES, 4 mM GlutaMAX, 2% sodium bicarbonate, 1% Pen/Strep, 1% 100× non-essential amino acids] are sown per well of a 384 multititre plate (from Greiner, TC plate, black with clear base) and incubated at 33° C., 5% CO2 for 24 hours. Prior to the measurement, the medium is replaced by 30 μl of Fluo-8 AM loading buffer [calcium-free Tyrode (130 mM NaCl, 5 mM KCl, 20 mM HEPES, 1 mM MgCl2, 4.8 mM NaHCO3, pH 7.4), 2 mM CaCl2, 6.3 mM Probenecid, 5 μM Fluo-8 AM, 0.0112% Pluronic®] and incubated at 37° C., 5% CO2 for 30 minutes. The test substance is prepared in DMSO in various concentrations as a dose-response curve (starting concentration 10 mM, dilution factor 3.16) and prediluted 1:50 with calcium-free Tyrode, 2 mM CaCl2, 0.002% SmartBlock (from CANDOR Bioscience GmbH). 10 μl of the prediluted substance solution are added to the Fluo-8-laden cells and incubated at 37° C., 5% CO2 for 10 minutes. The FP receptor is activated by adding 40 μl of 2 nM (final concentration) PGF2α in calcium-free Tyrode, 2 mM CaCl2, 0.002% SmartBlock, and the calcium flux is determined by measuring the fluorescence at ex. 470 nm/em. 525 nm in a fluorescence measuring instrument (FLIPR Tetra®, Molecular Devices) for 120 seconds.",CHEMBL5728790,P43088,Prostaglandin F2-alpha receptor,IC50,Cc1c(-c2ccccc2)nc2ccc(Br)cc2c1C(=O)NC[C@H](C(=O)O)c1ccc(F)cc1,6.327902142064282
CHEMBL5742978,CHEMBL1987,Prostaglandin F2-alpha receptor,IC50,=,180.0,nM,CHEMBL5737458,B,"In Vitro Test of Inhibition of Human FP Receptor Activity: For the characterization of test substances in respect of FP antagonism, PGF2α-induced calcium flux in FP-expressing CHEM1 cells (Millipore, HTS093C) was used.3000 cells in 30 μl of full medium [DMEM F12, 10% FCS, 1.35 mM sodium pyruvate, 20 mM HEPES, 4 mM GlutaMAX, 2% sodium bicarbonate, 1% Pen/Strep, 1% 100× non-essential amino acids] are sown per well of a 384 multititre plate (from Greiner, TC plate, black with clear base) and incubated at 33° C., 5% CO2 for 24 hours. Prior to the measurement, the medium is replaced by 30 μl of Fluo-8 AM loading buffer [calcium-free Tyrode (130 mM NaCl, 5 mM KCl, 20 mM HEPES, 1 mM MgCl2, 4.8 mM NaHCO3, pH 7.4), 2 mM CaCl2, 6.3 mM Probenecid, 5 μM Fluo-8 AM, 0.0112% Pluronic®] and incubated at 37° C., 5% CO2 for 30 minutes. The test substance is prepared in DMSO in various concentrations as a dose-response curve (starting concentration 10 mM, dilution factor 3.16) and prediluted 1:50 with calcium-free Tyrode, 2 mM CaCl2, 0.002% SmartBlock (from CANDOR Bioscience GmbH). 10 μl of the prediluted substance solution are added to the Fluo-8-laden cells and incubated at 37° C., 5% CO2 for 10 minutes. The FP receptor is activated by adding 40 μl of 2 nM (final concentration) PGF2α in calcium-free Tyrode, 2 mM CaCl2, 0.002% SmartBlock, and the calcium flux is determined by measuring the fluorescence at ex. 470 nm/em. 525 nm in a fluorescence measuring instrument (FLIPR Tetra®, Molecular Devices) for 120 seconds.",CHEMBL5728790,P43088,Prostaglandin F2-alpha receptor,IC50,Cc1c(-c2ccccc2)nc2ccc(Br)cc2c1C(=O)NC[C@@H](C(=O)O)c1ccc(F)cc1,6.7447274948966935
CHEMBL5770648,CHEMBL1987,Prostaglandin F2-alpha receptor,IC50,=,94.0,nM,CHEMBL5737458,B,"In Vitro Test of Inhibition of Human FP Receptor Activity: For the characterization of test substances in respect of FP antagonism, PGF2α-induced calcium flux in FP-expressing CHEM1 cells (Millipore, HTS093C) was used.3000 cells in 30 μl of full medium [DMEM F12, 10% FCS, 1.35 mM sodium pyruvate, 20 mM HEPES, 4 mM GlutaMAX, 2% sodium bicarbonate, 1% Pen/Strep, 1% 100× non-essential amino acids] are sown per well of a 384 multititre plate (from Greiner, TC plate, black with clear base) and incubated at 33° C., 5% CO2 for 24 hours. Prior to the measurement, the medium is replaced by 30 μl of Fluo-8 AM loading buffer [calcium-free Tyrode (130 mM NaCl, 5 mM KCl, 20 mM HEPES, 1 mM MgCl2, 4.8 mM NaHCO3, pH 7.4), 2 mM CaCl2, 6.3 mM Probenecid, 5 μM Fluo-8 AM, 0.0112% Pluronic®] and incubated at 37° C., 5% CO2 for 30 minutes. The test substance is prepared in DMSO in various concentrations as a dose-response curve (starting concentration 10 mM, dilution factor 3.16) and prediluted 1:50 with calcium-free Tyrode, 2 mM CaCl2, 0.002% SmartBlock (from CANDOR Bioscience GmbH). 10 μl of the prediluted substance solution are added to the Fluo-8-laden cells and incubated at 37° C., 5% CO2 for 10 minutes. The FP receptor is activated by adding 40 μl of 2 nM (final concentration) PGF2α in calcium-free Tyrode, 2 mM CaCl2, 0.002% SmartBlock, and the calcium flux is determined by measuring the fluorescence at ex. 470 nm/em. 525 nm in a fluorescence measuring instrument (FLIPR Tetra®, Molecular Devices) for 120 seconds.",CHEMBL5728790,P43088,Prostaglandin F2-alpha receptor,IC50,Cc1c(-c2ccccc2)nc2ccc(Br)cc2c1C(=O)NCC(C)(C(=O)O)c1ccccc1,7.026872146400302
CHEMBL5835920,CHEMBL1987,Prostaglandin F2-alpha receptor,IC50,=,53.0,nM,CHEMBL5737458,B,"In Vitro Test of Inhibition of Human FP Receptor Activity: For the characterization of test substances in respect of FP antagonism, PGF2α-induced calcium flux in FP-expressing CHEM1 cells (Millipore, HTS093C) was used.3000 cells in 30 μl of full medium [DMEM F12, 10% FCS, 1.35 mM sodium pyruvate, 20 mM HEPES, 4 mM GlutaMAX, 2% sodium bicarbonate, 1% Pen/Strep, 1% 100× non-essential amino acids] are sown per well of a 384 multititre plate (from Greiner, TC plate, black with clear base) and incubated at 33° C., 5% CO2 for 24 hours. Prior to the measurement, the medium is replaced by 30 μl of Fluo-8 AM loading buffer [calcium-free Tyrode (130 mM NaCl, 5 mM KCl, 20 mM HEPES, 1 mM MgCl2, 4.8 mM NaHCO3, pH 7.4), 2 mM CaCl2, 6.3 mM Probenecid, 5 μM Fluo-8 AM, 0.0112% Pluronic®] and incubated at 37° C., 5% CO2 for 30 minutes. The test substance is prepared in DMSO in various concentrations as a dose-response curve (starting concentration 10 mM, dilution factor 3.16) and prediluted 1:50 with calcium-free Tyrode, 2 mM CaCl2, 0.002% SmartBlock (from CANDOR Bioscience GmbH). 10 μl of the prediluted substance solution are added to the Fluo-8-laden cells and incubated at 37° C., 5% CO2 for 10 minutes. The FP receptor is activated by adding 40 μl of 2 nM (final concentration) PGF2α in calcium-free Tyrode, 2 mM CaCl2, 0.002% SmartBlock, and the calcium flux is determined by measuring the fluorescence at ex. 470 nm/em. 525 nm in a fluorescence measuring instrument (FLIPR Tetra®, Molecular Devices) for 120 seconds.",CHEMBL5728790,P43088,Prostaglandin F2-alpha receptor,IC50,Cc1c(-c2ccccc2)nc2ccc(Br)cc2c1C(=O)NC[C@@](C)(C(=O)O)c1ccccc1,7.275724130399211
CHEMBL5967749,CHEMBL1987,Prostaglandin F2-alpha receptor,IC50,=,190.0,nM,CHEMBL5737458,B,"In Vitro Test of Inhibition of Human FP Receptor Activity: For the characterization of test substances in respect of FP antagonism, PGF2α-induced calcium flux in FP-expressing CHEM1 cells (Millipore, HTS093C) was used.3000 cells in 30 μl of full medium [DMEM F12, 10% FCS, 1.35 mM sodium pyruvate, 20 mM HEPES, 4 mM GlutaMAX, 2% sodium bicarbonate, 1% Pen/Strep, 1% 100× non-essential amino acids] are sown per well of a 384 multititre plate (from Greiner, TC plate, black with clear base) and incubated at 33° C., 5% CO2 for 24 hours. Prior to the measurement, the medium is replaced by 30 μl of Fluo-8 AM loading buffer [calcium-free Tyrode (130 mM NaCl, 5 mM KCl, 20 mM HEPES, 1 mM MgCl2, 4.8 mM NaHCO3, pH 7.4), 2 mM CaCl2, 6.3 mM Probenecid, 5 μM Fluo-8 AM, 0.0112% Pluronic®] and incubated at 37° C., 5% CO2 for 30 minutes. The test substance is prepared in DMSO in various concentrations as a dose-response curve (starting concentration 10 mM, dilution factor 3.16) and prediluted 1:50 with calcium-free Tyrode, 2 mM CaCl2, 0.002% SmartBlock (from CANDOR Bioscience GmbH). 10 μl of the prediluted substance solution are added to the Fluo-8-laden cells and incubated at 37° C., 5% CO2 for 10 minutes. The FP receptor is activated by adding 40 μl of 2 nM (final concentration) PGF2α in calcium-free Tyrode, 2 mM CaCl2, 0.002% SmartBlock, and the calcium flux is determined by measuring the fluorescence at ex. 470 nm/em. 525 nm in a fluorescence measuring instrument (FLIPR Tetra®, Molecular Devices) for 120 seconds.",CHEMBL5728790,P43088,Prostaglandin F2-alpha receptor,IC50,Cc1c(-c2ccccc2)nc2ccc(Br)cc2c1C(=O)NC[C@](C)(C(=O)O)c1ccccc1,6.721246399047171
CHEMBL5923019,CHEMBL1987,Prostaglandin F2-alpha receptor,IC50,=,170.0,nM,CHEMBL5737458,B,"In Vitro Test of Inhibition of Human FP Receptor Activity: For the characterization of test substances in respect of FP antagonism, PGF2α-induced calcium flux in FP-expressing CHEM1 cells (Millipore, HTS093C) was used.3000 cells in 30 μl of full medium [DMEM F12, 10% FCS, 1.35 mM sodium pyruvate, 20 mM HEPES, 4 mM GlutaMAX, 2% sodium bicarbonate, 1% Pen/Strep, 1% 100× non-essential amino acids] are sown per well of a 384 multititre plate (from Greiner, TC plate, black with clear base) and incubated at 33° C., 5% CO2 for 24 hours. Prior to the measurement, the medium is replaced by 30 μl of Fluo-8 AM loading buffer [calcium-free Tyrode (130 mM NaCl, 5 mM KCl, 20 mM HEPES, 1 mM MgCl2, 4.8 mM NaHCO3, pH 7.4), 2 mM CaCl2, 6.3 mM Probenecid, 5 μM Fluo-8 AM, 0.0112% Pluronic®] and incubated at 37° C., 5% CO2 for 30 minutes. The test substance is prepared in DMSO in various concentrations as a dose-response curve (starting concentration 10 mM, dilution factor 3.16) and prediluted 1:50 with calcium-free Tyrode, 2 mM CaCl2, 0.002% SmartBlock (from CANDOR Bioscience GmbH). 10 μl of the prediluted substance solution are added to the Fluo-8-laden cells and incubated at 37° C., 5% CO2 for 10 minutes. The FP receptor is activated by adding 40 μl of 2 nM (final concentration) PGF2α in calcium-free Tyrode, 2 mM CaCl2, 0.002% SmartBlock, and the calcium flux is determined by measuring the fluorescence at ex. 470 nm/em. 525 nm in a fluorescence measuring instrument (FLIPR Tetra®, Molecular Devices) for 120 seconds.",CHEMBL5728790,P43088,Prostaglandin F2-alpha receptor,IC50,CCC(CNC(=O)c1c(C)c(-c2ccccc2)nc2ccc(Br)cc12)(C(=O)O)c1ccccc1,6.769551078621726
CHEMBL5887543,CHEMBL1987,Prostaglandin F2-alpha receptor,IC50,=,260.0,nM,CHEMBL5737458,B,"In Vitro Test of Inhibition of Human FP Receptor Activity: For the characterization of test substances in respect of FP antagonism, PGF2α-induced calcium flux in FP-expressing CHEM1 cells (Millipore, HTS093C) was used.3000 cells in 30 μl of full medium [DMEM F12, 10% FCS, 1.35 mM sodium pyruvate, 20 mM HEPES, 4 mM GlutaMAX, 2% sodium bicarbonate, 1% Pen/Strep, 1% 100× non-essential amino acids] are sown per well of a 384 multititre plate (from Greiner, TC plate, black with clear base) and incubated at 33° C., 5% CO2 for 24 hours. Prior to the measurement, the medium is replaced by 30 μl of Fluo-8 AM loading buffer [calcium-free Tyrode (130 mM NaCl, 5 mM KCl, 20 mM HEPES, 1 mM MgCl2, 4.8 mM NaHCO3, pH 7.4), 2 mM CaCl2, 6.3 mM Probenecid, 5 μM Fluo-8 AM, 0.0112% Pluronic®] and incubated at 37° C., 5% CO2 for 30 minutes. The test substance is prepared in DMSO in various concentrations as a dose-response curve (starting concentration 10 mM, dilution factor 3.16) and prediluted 1:50 with calcium-free Tyrode, 2 mM CaCl2, 0.002% SmartBlock (from CANDOR Bioscience GmbH). 10 μl of the prediluted substance solution are added to the Fluo-8-laden cells and incubated at 37° C., 5% CO2 for 10 minutes. The FP receptor is activated by adding 40 μl of 2 nM (final concentration) PGF2α in calcium-free Tyrode, 2 mM CaCl2, 0.002% SmartBlock, and the calcium flux is determined by measuring the fluorescence at ex. 470 nm/em. 525 nm in a fluorescence measuring instrument (FLIPR Tetra®, Molecular Devices) for 120 seconds.",CHEMBL5728790,P43088,Prostaglandin F2-alpha receptor,IC50,CC[C@](CNC(=O)c1c(C)c(-c2ccccc2)nc2ccc(Br)cc12)(C(=O)O)c1ccccc1,6.585026652029182
CHEMBL5923019,CHEMBL1987,Prostaglandin F2-alpha receptor,IC50,=,120.0,nM,CHEMBL5737458,B,"In Vitro Test of Inhibition of Human FP Receptor Activity: For the characterization of test substances in respect of FP antagonism, PGF2α-induced calcium flux in FP-expressing CHEM1 cells (Millipore, HTS093C) was used.3000 cells in 30 μl of full medium [DMEM F12, 10% FCS, 1.35 mM sodium pyruvate, 20 mM HEPES, 4 mM GlutaMAX, 2% sodium bicarbonate, 1% Pen/Strep, 1% 100× non-essential amino acids] are sown per well of a 384 multititre plate (from Greiner, TC plate, black with clear base) and incubated at 33° C., 5% CO2 for 24 hours. Prior to the measurement, the medium is replaced by 30 μl of Fluo-8 AM loading buffer [calcium-free Tyrode (130 mM NaCl, 5 mM KCl, 20 mM HEPES, 1 mM MgCl2, 4.8 mM NaHCO3, pH 7.4), 2 mM CaCl2, 6.3 mM Probenecid, 5 μM Fluo-8 AM, 0.0112% Pluronic®] and incubated at 37° C., 5% CO2 for 30 minutes. The test substance is prepared in DMSO in various concentrations as a dose-response curve (starting concentration 10 mM, dilution factor 3.16) and prediluted 1:50 with calcium-free Tyrode, 2 mM CaCl2, 0.002% SmartBlock (from CANDOR Bioscience GmbH). 10 μl of the prediluted substance solution are added to the Fluo-8-laden cells and incubated at 37° C., 5% CO2 for 10 minutes. The FP receptor is activated by adding 40 μl of 2 nM (final concentration) PGF2α in calcium-free Tyrode, 2 mM CaCl2, 0.002% SmartBlock, and the calcium flux is determined by measuring the fluorescence at ex. 470 nm/em. 525 nm in a fluorescence measuring instrument (FLIPR Tetra®, Molecular Devices) for 120 seconds.",CHEMBL5728790,P43088,Prostaglandin F2-alpha receptor,IC50,CCC(CNC(=O)c1c(C)c(-c2ccccc2)nc2ccc(Br)cc12)(C(=O)O)c1ccccc1,6.920818753952375
CHEMBL6021388,CHEMBL1987,Prostaglandin F2-alpha receptor,IC50,=,150.0,nM,CHEMBL5737458,B,"In Vitro Test of Inhibition of Human FP Receptor Activity: For the characterization of test substances in respect of FP antagonism, PGF2α-induced calcium flux in FP-expressing CHEM1 cells (Millipore, HTS093C) was used.3000 cells in 30 μl of full medium [DMEM F12, 10% FCS, 1.35 mM sodium pyruvate, 20 mM HEPES, 4 mM GlutaMAX, 2% sodium bicarbonate, 1% Pen/Strep, 1% 100× non-essential amino acids] are sown per well of a 384 multititre plate (from Greiner, TC plate, black with clear base) and incubated at 33° C., 5% CO2 for 24 hours. Prior to the measurement, the medium is replaced by 30 μl of Fluo-8 AM loading buffer [calcium-free Tyrode (130 mM NaCl, 5 mM KCl, 20 mM HEPES, 1 mM MgCl2, 4.8 mM NaHCO3, pH 7.4), 2 mM CaCl2, 6.3 mM Probenecid, 5 μM Fluo-8 AM, 0.0112% Pluronic®] and incubated at 37° C., 5% CO2 for 30 minutes. The test substance is prepared in DMSO in various concentrations as a dose-response curve (starting concentration 10 mM, dilution factor 3.16) and prediluted 1:50 with calcium-free Tyrode, 2 mM CaCl2, 0.002% SmartBlock (from CANDOR Bioscience GmbH). 10 μl of the prediluted substance solution are added to the Fluo-8-laden cells and incubated at 37° C., 5% CO2 for 10 minutes. The FP receptor is activated by adding 40 μl of 2 nM (final concentration) PGF2α in calcium-free Tyrode, 2 mM CaCl2, 0.002% SmartBlock, and the calcium flux is determined by measuring the fluorescence at ex. 470 nm/em. 525 nm in a fluorescence measuring instrument (FLIPR Tetra®, Molecular Devices) for 120 seconds.",CHEMBL5728790,P43088,Prostaglandin F2-alpha receptor,IC50,Cc1c(-c2ccccc2)nc2ccc(Br)cc2c1C(=O)NCC(O)(C(=O)O)c1ccccc1,6.823908740944319
CHEMBL5928591,CHEMBL1987,Prostaglandin F2-alpha receptor,IC50,=,97.0,nM,CHEMBL5737458,B,"In Vitro Test of Inhibition of Human FP Receptor Activity: For the characterization of test substances in respect of FP antagonism, PGF2α-induced calcium flux in FP-expressing CHEM1 cells (Millipore, HTS093C) was used.3000 cells in 30 μl of full medium [DMEM F12, 10% FCS, 1.35 mM sodium pyruvate, 20 mM HEPES, 4 mM GlutaMAX, 2% sodium bicarbonate, 1% Pen/Strep, 1% 100× non-essential amino acids] are sown per well of a 384 multititre plate (from Greiner, TC plate, black with clear base) and incubated at 33° C., 5% CO2 for 24 hours. Prior to the measurement, the medium is replaced by 30 μl of Fluo-8 AM loading buffer [calcium-free Tyrode (130 mM NaCl, 5 mM KCl, 20 mM HEPES, 1 mM MgCl2, 4.8 mM NaHCO3, pH 7.4), 2 mM CaCl2, 6.3 mM Probenecid, 5 μM Fluo-8 AM, 0.0112% Pluronic®] and incubated at 37° C., 5% CO2 for 30 minutes. The test substance is prepared in DMSO in various concentrations as a dose-response curve (starting concentration 10 mM, dilution factor 3.16) and prediluted 1:50 with calcium-free Tyrode, 2 mM CaCl2, 0.002% SmartBlock (from CANDOR Bioscience GmbH). 10 μl of the prediluted substance solution are added to the Fluo-8-laden cells and incubated at 37° C., 5% CO2 for 10 minutes. The FP receptor is activated by adding 40 μl of 2 nM (final concentration) PGF2α in calcium-free Tyrode, 2 mM CaCl2, 0.002% SmartBlock, and the calcium flux is determined by measuring the fluorescence at ex. 470 nm/em. 525 nm in a fluorescence measuring instrument (FLIPR Tetra®, Molecular Devices) for 120 seconds.",CHEMBL5728790,P43088,Prostaglandin F2-alpha receptor,IC50,Cc1c(-c2ccccc2)nc2ccc(Br)cc2c1C(=O)NC[C@@](O)(C(=O)O)c1ccccc1,7.013228265733755
CHEMBL5926388,CHEMBL1987,Prostaglandin F2-alpha receptor,IC50,=,170.0,nM,CHEMBL5737458,B,"In Vitro Test of Inhibition of Human FP Receptor Activity: For the characterization of test substances in respect of FP antagonism, PGF2α-induced calcium flux in FP-expressing CHEM1 cells (Millipore, HTS093C) was used.3000 cells in 30 μl of full medium [DMEM F12, 10% FCS, 1.35 mM sodium pyruvate, 20 mM HEPES, 4 mM GlutaMAX, 2% sodium bicarbonate, 1% Pen/Strep, 1% 100× non-essential amino acids] are sown per well of a 384 multititre plate (from Greiner, TC plate, black with clear base) and incubated at 33° C., 5% CO2 for 24 hours. Prior to the measurement, the medium is replaced by 30 μl of Fluo-8 AM loading buffer [calcium-free Tyrode (130 mM NaCl, 5 mM KCl, 20 mM HEPES, 1 mM MgCl2, 4.8 mM NaHCO3, pH 7.4), 2 mM CaCl2, 6.3 mM Probenecid, 5 μM Fluo-8 AM, 0.0112% Pluronic®] and incubated at 37° C., 5% CO2 for 30 minutes. The test substance is prepared in DMSO in various concentrations as a dose-response curve (starting concentration 10 mM, dilution factor 3.16) and prediluted 1:50 with calcium-free Tyrode, 2 mM CaCl2, 0.002% SmartBlock (from CANDOR Bioscience GmbH). 10 μl of the prediluted substance solution are added to the Fluo-8-laden cells and incubated at 37° C., 5% CO2 for 10 minutes. The FP receptor is activated by adding 40 μl of 2 nM (final concentration) PGF2α in calcium-free Tyrode, 2 mM CaCl2, 0.002% SmartBlock, and the calcium flux is determined by measuring the fluorescence at ex. 470 nm/em. 525 nm in a fluorescence measuring instrument (FLIPR Tetra®, Molecular Devices) for 120 seconds.",CHEMBL5728790,P43088,Prostaglandin F2-alpha receptor,IC50,Cc1c(-c2ccccc2)nc2ccc(Br)cc2c1C(=O)NC[C@](O)(C(=O)O)c1ccccc1,6.769551078621726
CHEMBL5945329,CHEMBL1987,Prostaglandin F2-alpha receptor,IC50,=,76.0,nM,CHEMBL5737458,B,"In Vitro Test of Inhibition of Human FP Receptor Activity: For the characterization of test substances in respect of FP antagonism, PGF2α-induced calcium flux in FP-expressing CHEM1 cells (Millipore, HTS093C) was used.3000 cells in 30 μl of full medium [DMEM F12, 10% FCS, 1.35 mM sodium pyruvate, 20 mM HEPES, 4 mM GlutaMAX, 2% sodium bicarbonate, 1% Pen/Strep, 1% 100× non-essential amino acids] are sown per well of a 384 multititre plate (from Greiner, TC plate, black with clear base) and incubated at 33° C., 5% CO2 for 24 hours. Prior to the measurement, the medium is replaced by 30 μl of Fluo-8 AM loading buffer [calcium-free Tyrode (130 mM NaCl, 5 mM KCl, 20 mM HEPES, 1 mM MgCl2, 4.8 mM NaHCO3, pH 7.4), 2 mM CaCl2, 6.3 mM Probenecid, 5 μM Fluo-8 AM, 0.0112% Pluronic®] and incubated at 37° C., 5% CO2 for 30 minutes. The test substance is prepared in DMSO in various concentrations as a dose-response curve (starting concentration 10 mM, dilution factor 3.16) and prediluted 1:50 with calcium-free Tyrode, 2 mM CaCl2, 0.002% SmartBlock (from CANDOR Bioscience GmbH). 10 μl of the prediluted substance solution are added to the Fluo-8-laden cells and incubated at 37° C., 5% CO2 for 10 minutes. The FP receptor is activated by adding 40 μl of 2 nM (final concentration) PGF2α in calcium-free Tyrode, 2 mM CaCl2, 0.002% SmartBlock, and the calcium flux is determined by measuring the fluorescence at ex. 470 nm/em. 525 nm in a fluorescence measuring instrument (FLIPR Tetra®, Molecular Devices) for 120 seconds.",CHEMBL5728790,P43088,Prostaglandin F2-alpha receptor,IC50,Cc1c(-c2ccccc2)nc2ccc(Br)cc2c1C(=O)NCC(C(=O)O)c1cccc(C(F)(F)F)c1,7.119186407719209
CHEMBL5963180,CHEMBL1987,Prostaglandin F2-alpha receptor,IC50,=,530.0,nM,CHEMBL5737458,B,"In Vitro Test of Inhibition of Human FP Receptor Activity: For the characterization of test substances in respect of FP antagonism, PGF2α-induced calcium flux in FP-expressing CHEM1 cells (Millipore, HTS093C) was used.3000 cells in 30 μl of full medium [DMEM F12, 10% FCS, 1.35 mM sodium pyruvate, 20 mM HEPES, 4 mM GlutaMAX, 2% sodium bicarbonate, 1% Pen/Strep, 1% 100× non-essential amino acids] are sown per well of a 384 multititre plate (from Greiner, TC plate, black with clear base) and incubated at 33° C., 5% CO2 for 24 hours. Prior to the measurement, the medium is replaced by 30 μl of Fluo-8 AM loading buffer [calcium-free Tyrode (130 mM NaCl, 5 mM KCl, 20 mM HEPES, 1 mM MgCl2, 4.8 mM NaHCO3, pH 7.4), 2 mM CaCl2, 6.3 mM Probenecid, 5 μM Fluo-8 AM, 0.0112% Pluronic®] and incubated at 37° C., 5% CO2 for 30 minutes. The test substance is prepared in DMSO in various concentrations as a dose-response curve (starting concentration 10 mM, dilution factor 3.16) and prediluted 1:50 with calcium-free Tyrode, 2 mM CaCl2, 0.002% SmartBlock (from CANDOR Bioscience GmbH). 10 μl of the prediluted substance solution are added to the Fluo-8-laden cells and incubated at 37° C., 5% CO2 for 10 minutes. The FP receptor is activated by adding 40 μl of 2 nM (final concentration) PGF2α in calcium-free Tyrode, 2 mM CaCl2, 0.002% SmartBlock, and the calcium flux is determined by measuring the fluorescence at ex. 470 nm/em. 525 nm in a fluorescence measuring instrument (FLIPR Tetra®, Molecular Devices) for 120 seconds.",CHEMBL5728790,P43088,Prostaglandin F2-alpha receptor,IC50,Cc1c(-c2ccccc2)nc2ccc(Br)cc2c1C(=O)NCC(C(=O)O)c1ccc2c(c1)OCO2,6.275724130399211
CHEMBL5925050,CHEMBL1987,Prostaglandin F2-alpha receptor,IC50,=,580.0,nM,CHEMBL5737458,B,"In Vitro Test of Inhibition of Human FP Receptor Activity: For the characterization of test substances in respect of FP antagonism, PGF2α-induced calcium flux in FP-expressing CHEM1 cells (Millipore, HTS093C) was used.3000 cells in 30 μl of full medium [DMEM F12, 10% FCS, 1.35 mM sodium pyruvate, 20 mM HEPES, 4 mM GlutaMAX, 2% sodium bicarbonate, 1% Pen/Strep, 1% 100× non-essential amino acids] are sown per well of a 384 multititre plate (from Greiner, TC plate, black with clear base) and incubated at 33° C., 5% CO2 for 24 hours. Prior to the measurement, the medium is replaced by 30 μl of Fluo-8 AM loading buffer [calcium-free Tyrode (130 mM NaCl, 5 mM KCl, 20 mM HEPES, 1 mM MgCl2, 4.8 mM NaHCO3, pH 7.4), 2 mM CaCl2, 6.3 mM Probenecid, 5 μM Fluo-8 AM, 0.0112% Pluronic®] and incubated at 37° C., 5% CO2 for 30 minutes. The test substance is prepared in DMSO in various concentrations as a dose-response curve (starting concentration 10 mM, dilution factor 3.16) and prediluted 1:50 with calcium-free Tyrode, 2 mM CaCl2, 0.002% SmartBlock (from CANDOR Bioscience GmbH). 10 μl of the prediluted substance solution are added to the Fluo-8-laden cells and incubated at 37° C., 5% CO2 for 10 minutes. The FP receptor is activated by adding 40 μl of 2 nM (final concentration) PGF2α in calcium-free Tyrode, 2 mM CaCl2, 0.002% SmartBlock, and the calcium flux is determined by measuring the fluorescence at ex. 470 nm/em. 525 nm in a fluorescence measuring instrument (FLIPR Tetra®, Molecular Devices) for 120 seconds.",CHEMBL5728790,P43088,Prostaglandin F2-alpha receptor,IC50,Cc1c(-c2ccccc2)nc2ccc(Br)cc2c1C(=O)NC[C@H](C(=O)O)c1ccc2c(c1)OCO2,6.236572006437063
CHEMBL6045727,CHEMBL1987,Prostaglandin F2-alpha receptor,IC50,=,44.0,nM,CHEMBL5737458,B,"In Vitro Test of Inhibition of Human FP Receptor Activity: For the characterization of test substances in respect of FP antagonism, PGF2α-induced calcium flux in FP-expressing CHEM1 cells (Millipore, HTS093C) was used.3000 cells in 30 μl of full medium [DMEM F12, 10% FCS, 1.35 mM sodium pyruvate, 20 mM HEPES, 4 mM GlutaMAX, 2% sodium bicarbonate, 1% Pen/Strep, 1% 100× non-essential amino acids] are sown per well of a 384 multititre plate (from Greiner, TC plate, black with clear base) and incubated at 33° C., 5% CO2 for 24 hours. Prior to the measurement, the medium is replaced by 30 μl of Fluo-8 AM loading buffer [calcium-free Tyrode (130 mM NaCl, 5 mM KCl, 20 mM HEPES, 1 mM MgCl2, 4.8 mM NaHCO3, pH 7.4), 2 mM CaCl2, 6.3 mM Probenecid, 5 μM Fluo-8 AM, 0.0112% Pluronic®] and incubated at 37° C., 5% CO2 for 30 minutes. The test substance is prepared in DMSO in various concentrations as a dose-response curve (starting concentration 10 mM, dilution factor 3.16) and prediluted 1:50 with calcium-free Tyrode, 2 mM CaCl2, 0.002% SmartBlock (from CANDOR Bioscience GmbH). 10 μl of the prediluted substance solution are added to the Fluo-8-laden cells and incubated at 37° C., 5% CO2 for 10 minutes. The FP receptor is activated by adding 40 μl of 2 nM (final concentration) PGF2α in calcium-free Tyrode, 2 mM CaCl2, 0.002% SmartBlock, and the calcium flux is determined by measuring the fluorescence at ex. 470 nm/em. 525 nm in a fluorescence measuring instrument (FLIPR Tetra®, Molecular Devices) for 120 seconds.",CHEMBL5728790,P43088,Prostaglandin F2-alpha receptor,IC50,Cc1c(-c2ccccc2)nc2ccc(Br)cc2c1C(=O)NCC(C)(C(=O)O)c1ncccc1Cl,7.356547323513812
CHEMBL6064576,CHEMBL1987,Prostaglandin F2-alpha receptor,IC50,=,53.0,nM,CHEMBL5737458,B,"In Vitro Test of Inhibition of Human FP Receptor Activity: For the characterization of test substances in respect of FP antagonism, PGF2α-induced calcium flux in FP-expressing CHEM1 cells (Millipore, HTS093C) was used.3000 cells in 30 μl of full medium [DMEM F12, 10% FCS, 1.35 mM sodium pyruvate, 20 mM HEPES, 4 mM GlutaMAX, 2% sodium bicarbonate, 1% Pen/Strep, 1% 100× non-essential amino acids] are sown per well of a 384 multititre plate (from Greiner, TC plate, black with clear base) and incubated at 33° C., 5% CO2 for 24 hours. Prior to the measurement, the medium is replaced by 30 μl of Fluo-8 AM loading buffer [calcium-free Tyrode (130 mM NaCl, 5 mM KCl, 20 mM HEPES, 1 mM MgCl2, 4.8 mM NaHCO3, pH 7.4), 2 mM CaCl2, 6.3 mM Probenecid, 5 μM Fluo-8 AM, 0.0112% Pluronic®] and incubated at 37° C., 5% CO2 for 30 minutes. The test substance is prepared in DMSO in various concentrations as a dose-response curve (starting concentration 10 mM, dilution factor 3.16) and prediluted 1:50 with calcium-free Tyrode, 2 mM CaCl2, 0.002% SmartBlock (from CANDOR Bioscience GmbH). 10 μl of the prediluted substance solution are added to the Fluo-8-laden cells and incubated at 37° C., 5% CO2 for 10 minutes. The FP receptor is activated by adding 40 μl of 2 nM (final concentration) PGF2α in calcium-free Tyrode, 2 mM CaCl2, 0.002% SmartBlock, and the calcium flux is determined by measuring the fluorescence at ex. 470 nm/em. 525 nm in a fluorescence measuring instrument (FLIPR Tetra®, Molecular Devices) for 120 seconds.",CHEMBL5728790,P43088,Prostaglandin F2-alpha receptor,IC50,Cc1c(-c2ccccc2)nc2ccc(Br)cc2c1C(=O)NC[C@](C)(C(=O)O)c1ncccc1Cl,7.275724130399211
CHEMBL5981939,CHEMBL1987,Prostaglandin F2-alpha receptor,IC50,=,100.0,nM,CHEMBL5737458,B,"In Vitro Test of Inhibition of Human FP Receptor Activity: For the characterization of test substances in respect of FP antagonism, PGF2α-induced calcium flux in FP-expressing CHEM1 cells (Millipore, HTS093C) was used.3000 cells in 30 μl of full medium [DMEM F12, 10% FCS, 1.35 mM sodium pyruvate, 20 mM HEPES, 4 mM GlutaMAX, 2% sodium bicarbonate, 1% Pen/Strep, 1% 100× non-essential amino acids] are sown per well of a 384 multititre plate (from Greiner, TC plate, black with clear base) and incubated at 33° C., 5% CO2 for 24 hours. Prior to the measurement, the medium is replaced by 30 μl of Fluo-8 AM loading buffer [calcium-free Tyrode (130 mM NaCl, 5 mM KCl, 20 mM HEPES, 1 mM MgCl2, 4.8 mM NaHCO3, pH 7.4), 2 mM CaCl2, 6.3 mM Probenecid, 5 μM Fluo-8 AM, 0.0112% Pluronic®] and incubated at 37° C., 5% CO2 for 30 minutes. The test substance is prepared in DMSO in various concentrations as a dose-response curve (starting concentration 10 mM, dilution factor 3.16) and prediluted 1:50 with calcium-free Tyrode, 2 mM CaCl2, 0.002% SmartBlock (from CANDOR Bioscience GmbH). 10 μl of the prediluted substance solution are added to the Fluo-8-laden cells and incubated at 37° C., 5% CO2 for 10 minutes. The FP receptor is activated by adding 40 μl of 2 nM (final concentration) PGF2α in calcium-free Tyrode, 2 mM CaCl2, 0.002% SmartBlock, and the calcium flux is determined by measuring the fluorescence at ex. 470 nm/em. 525 nm in a fluorescence measuring instrument (FLIPR Tetra®, Molecular Devices) for 120 seconds.",CHEMBL5728790,P43088,Prostaglandin F2-alpha receptor,IC50,Cc1c(-c2ccccc2)nc2ccc(Br)cc2c1C(=O)NC[C@@](C)(C(=O)O)c1ncccc1Cl,7.0
CHEMBL5925202,CHEMBL1987,Prostaglandin F2-alpha receptor,IC50,=,140.0,nM,CHEMBL5737458,B,"In Vitro Test of Inhibition of Human FP Receptor Activity: For the characterization of test substances in respect of FP antagonism, PGF2α-induced calcium flux in FP-expressing CHEM1 cells (Millipore, HTS093C) was used.3000 cells in 30 μl of full medium [DMEM F12, 10% FCS, 1.35 mM sodium pyruvate, 20 mM HEPES, 4 mM GlutaMAX, 2% sodium bicarbonate, 1% Pen/Strep, 1% 100× non-essential amino acids] are sown per well of a 384 multititre plate (from Greiner, TC plate, black with clear base) and incubated at 33° C., 5% CO2 for 24 hours. Prior to the measurement, the medium is replaced by 30 μl of Fluo-8 AM loading buffer [calcium-free Tyrode (130 mM NaCl, 5 mM KCl, 20 mM HEPES, 1 mM MgCl2, 4.8 mM NaHCO3, pH 7.4), 2 mM CaCl2, 6.3 mM Probenecid, 5 μM Fluo-8 AM, 0.0112% Pluronic®] and incubated at 37° C., 5% CO2 for 30 minutes. The test substance is prepared in DMSO in various concentrations as a dose-response curve (starting concentration 10 mM, dilution factor 3.16) and prediluted 1:50 with calcium-free Tyrode, 2 mM CaCl2, 0.002% SmartBlock (from CANDOR Bioscience GmbH). 10 μl of the prediluted substance solution are added to the Fluo-8-laden cells and incubated at 37° C., 5% CO2 for 10 minutes. The FP receptor is activated by adding 40 μl of 2 nM (final concentration) PGF2α in calcium-free Tyrode, 2 mM CaCl2, 0.002% SmartBlock, and the calcium flux is determined by measuring the fluorescence at ex. 470 nm/em. 525 nm in a fluorescence measuring instrument (FLIPR Tetra®, Molecular Devices) for 120 seconds.",CHEMBL5728790,P43088,Prostaglandin F2-alpha receptor,IC50,Cc1c(-c2ccccc2)nc2ccc(Br)cc2c1C(=O)NCC(C)(C(=O)O)c1ccccc1F,6.853871964321762
CHEMBL5992180,CHEMBL1987,Prostaglandin F2-alpha receptor,IC50,=,340.0,nM,CHEMBL5737458,B,"In Vitro Test of Inhibition of Human FP Receptor Activity: For the characterization of test substances in respect of FP antagonism, PGF2α-induced calcium flux in FP-expressing CHEM1 cells (Millipore, HTS093C) was used.3000 cells in 30 μl of full medium [DMEM F12, 10% FCS, 1.35 mM sodium pyruvate, 20 mM HEPES, 4 mM GlutaMAX, 2% sodium bicarbonate, 1% Pen/Strep, 1% 100× non-essential amino acids] are sown per well of a 384 multititre plate (from Greiner, TC plate, black with clear base) and incubated at 33° C., 5% CO2 for 24 hours. Prior to the measurement, the medium is replaced by 30 μl of Fluo-8 AM loading buffer [calcium-free Tyrode (130 mM NaCl, 5 mM KCl, 20 mM HEPES, 1 mM MgCl2, 4.8 mM NaHCO3, pH 7.4), 2 mM CaCl2, 6.3 mM Probenecid, 5 μM Fluo-8 AM, 0.0112% Pluronic®] and incubated at 37° C., 5% CO2 for 30 minutes. The test substance is prepared in DMSO in various concentrations as a dose-response curve (starting concentration 10 mM, dilution factor 3.16) and prediluted 1:50 with calcium-free Tyrode, 2 mM CaCl2, 0.002% SmartBlock (from CANDOR Bioscience GmbH). 10 μl of the prediluted substance solution are added to the Fluo-8-laden cells and incubated at 37° C., 5% CO2 for 10 minutes. The FP receptor is activated by adding 40 μl of 2 nM (final concentration) PGF2α in calcium-free Tyrode, 2 mM CaCl2, 0.002% SmartBlock, and the calcium flux is determined by measuring the fluorescence at ex. 470 nm/em. 525 nm in a fluorescence measuring instrument (FLIPR Tetra®, Molecular Devices) for 120 seconds.",CHEMBL5728790,P43088,Prostaglandin F2-alpha receptor,IC50,Cc1c(-c2ccccc2)nc2ccc(Br)cc2c1C(=O)NC[C@@](C)(C(=O)O)c1ccccc1F,6.468521082957745
CHEMBL5934816,CHEMBL1987,Prostaglandin F2-alpha receptor,IC50,=,68.0,nM,CHEMBL5737458,B,"In Vitro Test of Inhibition of Human FP Receptor Activity: For the characterization of test substances in respect of FP antagonism, PGF2α-induced calcium flux in FP-expressing CHEM1 cells (Millipore, HTS093C) was used.3000 cells in 30 μl of full medium [DMEM F12, 10% FCS, 1.35 mM sodium pyruvate, 20 mM HEPES, 4 mM GlutaMAX, 2% sodium bicarbonate, 1% Pen/Strep, 1% 100× non-essential amino acids] are sown per well of a 384 multititre plate (from Greiner, TC plate, black with clear base) and incubated at 33° C., 5% CO2 for 24 hours. Prior to the measurement, the medium is replaced by 30 μl of Fluo-8 AM loading buffer [calcium-free Tyrode (130 mM NaCl, 5 mM KCl, 20 mM HEPES, 1 mM MgCl2, 4.8 mM NaHCO3, pH 7.4), 2 mM CaCl2, 6.3 mM Probenecid, 5 μM Fluo-8 AM, 0.0112% Pluronic®] and incubated at 37° C., 5% CO2 for 30 minutes. The test substance is prepared in DMSO in various concentrations as a dose-response curve (starting concentration 10 mM, dilution factor 3.16) and prediluted 1:50 with calcium-free Tyrode, 2 mM CaCl2, 0.002% SmartBlock (from CANDOR Bioscience GmbH). 10 μl of the prediluted substance solution are added to the Fluo-8-laden cells and incubated at 37° C., 5% CO2 for 10 minutes. The FP receptor is activated by adding 40 μl of 2 nM (final concentration) PGF2α in calcium-free Tyrode, 2 mM CaCl2, 0.002% SmartBlock, and the calcium flux is determined by measuring the fluorescence at ex. 470 nm/em. 525 nm in a fluorescence measuring instrument (FLIPR Tetra®, Molecular Devices) for 120 seconds.",CHEMBL5728790,P43088,Prostaglandin F2-alpha receptor,IC50,Cc1c(-c2ccccc2)nc2ccc(Br)cc2c1C(=O)NC[C@](C)(C(=O)O)c1ccccc1F,7.167491087293763
CHEMBL5841066,CHEMBL1987,Prostaglandin F2-alpha receptor,IC50,=,150.0,nM,CHEMBL5737458,B,"In Vitro Test of Inhibition of Human FP Receptor Activity: For the characterization of test substances in respect of FP antagonism, PGF2α-induced calcium flux in FP-expressing CHEM1 cells (Millipore, HTS093C) was used.3000 cells in 30 μl of full medium [DMEM F12, 10% FCS, 1.35 mM sodium pyruvate, 20 mM HEPES, 4 mM GlutaMAX, 2% sodium bicarbonate, 1% Pen/Strep, 1% 100× non-essential amino acids] are sown per well of a 384 multititre plate (from Greiner, TC plate, black with clear base) and incubated at 33° C., 5% CO2 for 24 hours. Prior to the measurement, the medium is replaced by 30 μl of Fluo-8 AM loading buffer [calcium-free Tyrode (130 mM NaCl, 5 mM KCl, 20 mM HEPES, 1 mM MgCl2, 4.8 mM NaHCO3, pH 7.4), 2 mM CaCl2, 6.3 mM Probenecid, 5 μM Fluo-8 AM, 0.0112% Pluronic®] and incubated at 37° C., 5% CO2 for 30 minutes. The test substance is prepared in DMSO in various concentrations as a dose-response curve (starting concentration 10 mM, dilution factor 3.16) and prediluted 1:50 with calcium-free Tyrode, 2 mM CaCl2, 0.002% SmartBlock (from CANDOR Bioscience GmbH). 10 μl of the prediluted substance solution are added to the Fluo-8-laden cells and incubated at 37° C., 5% CO2 for 10 minutes. The FP receptor is activated by adding 40 μl of 2 nM (final concentration) PGF2α in calcium-free Tyrode, 2 mM CaCl2, 0.002% SmartBlock, and the calcium flux is determined by measuring the fluorescence at ex. 470 nm/em. 525 nm in a fluorescence measuring instrument (FLIPR Tetra®, Molecular Devices) for 120 seconds.",CHEMBL5728790,P43088,Prostaglandin F2-alpha receptor,IC50,Cc1c(-c2ccccc2)nc2ccc(Br)cc2c1C(=O)NCC(C)(C(=O)O)c1c(F)cccc1F,6.823908740944319
CHEMBL5934070,CHEMBL1987,Prostaglandin F2-alpha receptor,IC50,=,190.0,nM,CHEMBL5737458,B,"In Vitro Test of Inhibition of Human FP Receptor Activity: For the characterization of test substances in respect of FP antagonism, PGF2α-induced calcium flux in FP-expressing CHEM1 cells (Millipore, HTS093C) was used.3000 cells in 30 μl of full medium [DMEM F12, 10% FCS, 1.35 mM sodium pyruvate, 20 mM HEPES, 4 mM GlutaMAX, 2% sodium bicarbonate, 1% Pen/Strep, 1% 100× non-essential amino acids] are sown per well of a 384 multititre plate (from Greiner, TC plate, black with clear base) and incubated at 33° C., 5% CO2 for 24 hours. Prior to the measurement, the medium is replaced by 30 μl of Fluo-8 AM loading buffer [calcium-free Tyrode (130 mM NaCl, 5 mM KCl, 20 mM HEPES, 1 mM MgCl2, 4.8 mM NaHCO3, pH 7.4), 2 mM CaCl2, 6.3 mM Probenecid, 5 μM Fluo-8 AM, 0.0112% Pluronic®] and incubated at 37° C., 5% CO2 for 30 minutes. The test substance is prepared in DMSO in various concentrations as a dose-response curve (starting concentration 10 mM, dilution factor 3.16) and prediluted 1:50 with calcium-free Tyrode, 2 mM CaCl2, 0.002% SmartBlock (from CANDOR Bioscience GmbH). 10 μl of the prediluted substance solution are added to the Fluo-8-laden cells and incubated at 37° C., 5% CO2 for 10 minutes. The FP receptor is activated by adding 40 μl of 2 nM (final concentration) PGF2α in calcium-free Tyrode, 2 mM CaCl2, 0.002% SmartBlock, and the calcium flux is determined by measuring the fluorescence at ex. 470 nm/em. 525 nm in a fluorescence measuring instrument (FLIPR Tetra®, Molecular Devices) for 120 seconds.",CHEMBL5728790,P43088,Prostaglandin F2-alpha receptor,IC50,Cc1c(-c2ccccc2)nc2ccc(Br)cc2c1C(=O)NC[C@@](C)(C(=O)O)c1c(F)cccc1F,6.721246399047171
CHEMBL5985615,CHEMBL1987,Prostaglandin F2-alpha receptor,IC50,=,130.0,nM,CHEMBL5737458,B,"In Vitro Test of Inhibition of Human FP Receptor Activity: For the characterization of test substances in respect of FP antagonism, PGF2α-induced calcium flux in FP-expressing CHEM1 cells (Millipore, HTS093C) was used.3000 cells in 30 μl of full medium [DMEM F12, 10% FCS, 1.35 mM sodium pyruvate, 20 mM HEPES, 4 mM GlutaMAX, 2% sodium bicarbonate, 1% Pen/Strep, 1% 100× non-essential amino acids] are sown per well of a 384 multititre plate (from Greiner, TC plate, black with clear base) and incubated at 33° C., 5% CO2 for 24 hours. Prior to the measurement, the medium is replaced by 30 μl of Fluo-8 AM loading buffer [calcium-free Tyrode (130 mM NaCl, 5 mM KCl, 20 mM HEPES, 1 mM MgCl2, 4.8 mM NaHCO3, pH 7.4), 2 mM CaCl2, 6.3 mM Probenecid, 5 μM Fluo-8 AM, 0.0112% Pluronic®] and incubated at 37° C., 5% CO2 for 30 minutes. The test substance is prepared in DMSO in various concentrations as a dose-response curve (starting concentration 10 mM, dilution factor 3.16) and prediluted 1:50 with calcium-free Tyrode, 2 mM CaCl2, 0.002% SmartBlock (from CANDOR Bioscience GmbH). 10 μl of the prediluted substance solution are added to the Fluo-8-laden cells and incubated at 37° C., 5% CO2 for 10 minutes. The FP receptor is activated by adding 40 μl of 2 nM (final concentration) PGF2α in calcium-free Tyrode, 2 mM CaCl2, 0.002% SmartBlock, and the calcium flux is determined by measuring the fluorescence at ex. 470 nm/em. 525 nm in a fluorescence measuring instrument (FLIPR Tetra®, Molecular Devices) for 120 seconds.",CHEMBL5728790,P43088,Prostaglandin F2-alpha receptor,IC50,Cc1c(-c2ccccc2)nc2ccc(Br)cc2c1C(=O)NC[C@](C)(C(=O)O)c1c(F)cccc1F,6.886056647693163
CHEMBL5829381,CHEMBL1987,Prostaglandin F2-alpha receptor,IC50,=,190.0,nM,CHEMBL5737458,B,"In Vitro Test of Inhibition of Human FP Receptor Activity: For the characterization of test substances in respect of FP antagonism, PGF2α-induced calcium flux in FP-expressing CHEM1 cells (Millipore, HTS093C) was used.3000 cells in 30 μl of full medium [DMEM F12, 10% FCS, 1.35 mM sodium pyruvate, 20 mM HEPES, 4 mM GlutaMAX, 2% sodium bicarbonate, 1% Pen/Strep, 1% 100× non-essential amino acids] are sown per well of a 384 multititre plate (from Greiner, TC plate, black with clear base) and incubated at 33° C., 5% CO2 for 24 hours. Prior to the measurement, the medium is replaced by 30 μl of Fluo-8 AM loading buffer [calcium-free Tyrode (130 mM NaCl, 5 mM KCl, 20 mM HEPES, 1 mM MgCl2, 4.8 mM NaHCO3, pH 7.4), 2 mM CaCl2, 6.3 mM Probenecid, 5 μM Fluo-8 AM, 0.0112% Pluronic®] and incubated at 37° C., 5% CO2 for 30 minutes. The test substance is prepared in DMSO in various concentrations as a dose-response curve (starting concentration 10 mM, dilution factor 3.16) and prediluted 1:50 with calcium-free Tyrode, 2 mM CaCl2, 0.002% SmartBlock (from CANDOR Bioscience GmbH). 10 μl of the prediluted substance solution are added to the Fluo-8-laden cells and incubated at 37° C., 5% CO2 for 10 minutes. The FP receptor is activated by adding 40 μl of 2 nM (final concentration) PGF2α in calcium-free Tyrode, 2 mM CaCl2, 0.002% SmartBlock, and the calcium flux is determined by measuring the fluorescence at ex. 470 nm/em. 525 nm in a fluorescence measuring instrument (FLIPR Tetra®, Molecular Devices) for 120 seconds.",CHEMBL5728790,P43088,Prostaglandin F2-alpha receptor,IC50,Cc1c(-c2ccccc2)nc2ccc(Br)cc2c1C(=O)NCC(C)(C(=O)O)c1ccccc1Cl,6.721246399047171
CHEMBL6056102,CHEMBL1987,Prostaglandin F2-alpha receptor,IC50,=,810.0,nM,CHEMBL5737458,B,"In Vitro Test of Inhibition of Human FP Receptor Activity: For the characterization of test substances in respect of FP antagonism, PGF2α-induced calcium flux in FP-expressing CHEM1 cells (Millipore, HTS093C) was used.3000 cells in 30 μl of full medium [DMEM F12, 10% FCS, 1.35 mM sodium pyruvate, 20 mM HEPES, 4 mM GlutaMAX, 2% sodium bicarbonate, 1% Pen/Strep, 1% 100× non-essential amino acids] are sown per well of a 384 multititre plate (from Greiner, TC plate, black with clear base) and incubated at 33° C., 5% CO2 for 24 hours. Prior to the measurement, the medium is replaced by 30 μl of Fluo-8 AM loading buffer [calcium-free Tyrode (130 mM NaCl, 5 mM KCl, 20 mM HEPES, 1 mM MgCl2, 4.8 mM NaHCO3, pH 7.4), 2 mM CaCl2, 6.3 mM Probenecid, 5 μM Fluo-8 AM, 0.0112% Pluronic®] and incubated at 37° C., 5% CO2 for 30 minutes. The test substance is prepared in DMSO in various concentrations as a dose-response curve (starting concentration 10 mM, dilution factor 3.16) and prediluted 1:50 with calcium-free Tyrode, 2 mM CaCl2, 0.002% SmartBlock (from CANDOR Bioscience GmbH). 10 μl of the prediluted substance solution are added to the Fluo-8-laden cells and incubated at 37° C., 5% CO2 for 10 minutes. The FP receptor is activated by adding 40 μl of 2 nM (final concentration) PGF2α in calcium-free Tyrode, 2 mM CaCl2, 0.002% SmartBlock, and the calcium flux is determined by measuring the fluorescence at ex. 470 nm/em. 525 nm in a fluorescence measuring instrument (FLIPR Tetra®, Molecular Devices) for 120 seconds.",CHEMBL5728790,P43088,Prostaglandin F2-alpha receptor,IC50,Cc1c(-c2ccccc2)nc2ccc(Br)cc2c1C(=O)NC[C@@](C)(C(=O)O)c1ccccc1Cl,6.0915149811213505
CHEMBL6008260,CHEMBL1987,Prostaglandin F2-alpha receptor,IC50,=,160.0,nM,CHEMBL5737458,B,"In Vitro Test of Inhibition of Human FP Receptor Activity: For the characterization of test substances in respect of FP antagonism, PGF2α-induced calcium flux in FP-expressing CHEM1 cells (Millipore, HTS093C) was used.3000 cells in 30 μl of full medium [DMEM F12, 10% FCS, 1.35 mM sodium pyruvate, 20 mM HEPES, 4 mM GlutaMAX, 2% sodium bicarbonate, 1% Pen/Strep, 1% 100× non-essential amino acids] are sown per well of a 384 multititre plate (from Greiner, TC plate, black with clear base) and incubated at 33° C., 5% CO2 for 24 hours. Prior to the measurement, the medium is replaced by 30 μl of Fluo-8 AM loading buffer [calcium-free Tyrode (130 mM NaCl, 5 mM KCl, 20 mM HEPES, 1 mM MgCl2, 4.8 mM NaHCO3, pH 7.4), 2 mM CaCl2, 6.3 mM Probenecid, 5 μM Fluo-8 AM, 0.0112% Pluronic®] and incubated at 37° C., 5% CO2 for 30 minutes. The test substance is prepared in DMSO in various concentrations as a dose-response curve (starting concentration 10 mM, dilution factor 3.16) and prediluted 1:50 with calcium-free Tyrode, 2 mM CaCl2, 0.002% SmartBlock (from CANDOR Bioscience GmbH). 10 μl of the prediluted substance solution are added to the Fluo-8-laden cells and incubated at 37° C., 5% CO2 for 10 minutes. The FP receptor is activated by adding 40 μl of 2 nM (final concentration) PGF2α in calcium-free Tyrode, 2 mM CaCl2, 0.002% SmartBlock, and the calcium flux is determined by measuring the fluorescence at ex. 470 nm/em. 525 nm in a fluorescence measuring instrument (FLIPR Tetra®, Molecular Devices) for 120 seconds.",CHEMBL5728790,P43088,Prostaglandin F2-alpha receptor,IC50,Cc1c(-c2ccccc2)nc2ccc(Br)cc2c1C(=O)NC[C@](C)(C(=O)O)c1ccccc1Cl,6.795880017344075
CHEMBL5764008,CHEMBL1987,Prostaglandin F2-alpha receptor,IC50,=,47.0,nM,CHEMBL5737458,B,"In Vitro Test of Inhibition of Human FP Receptor Activity: For the characterization of test substances in respect of FP antagonism, PGF2α-induced calcium flux in FP-expressing CHEM1 cells (Millipore, HTS093C) was used.3000 cells in 30 μl of full medium [DMEM F12, 10% FCS, 1.35 mM sodium pyruvate, 20 mM HEPES, 4 mM GlutaMAX, 2% sodium bicarbonate, 1% Pen/Strep, 1% 100× non-essential amino acids] are sown per well of a 384 multititre plate (from Greiner, TC plate, black with clear base) and incubated at 33° C., 5% CO2 for 24 hours. Prior to the measurement, the medium is replaced by 30 μl of Fluo-8 AM loading buffer [calcium-free Tyrode (130 mM NaCl, 5 mM KCl, 20 mM HEPES, 1 mM MgCl2, 4.8 mM NaHCO3, pH 7.4), 2 mM CaCl2, 6.3 mM Probenecid, 5 μM Fluo-8 AM, 0.0112% Pluronic®] and incubated at 37° C., 5% CO2 for 30 minutes. The test substance is prepared in DMSO in various concentrations as a dose-response curve (starting concentration 10 mM, dilution factor 3.16) and prediluted 1:50 with calcium-free Tyrode, 2 mM CaCl2, 0.002% SmartBlock (from CANDOR Bioscience GmbH). 10 μl of the prediluted substance solution are added to the Fluo-8-laden cells and incubated at 37° C., 5% CO2 for 10 minutes. The FP receptor is activated by adding 40 μl of 2 nM (final concentration) PGF2α in calcium-free Tyrode, 2 mM CaCl2, 0.002% SmartBlock, and the calcium flux is determined by measuring the fluorescence at ex. 470 nm/em. 525 nm in a fluorescence measuring instrument (FLIPR Tetra®, Molecular Devices) for 120 seconds.",CHEMBL5728790,P43088,Prostaglandin F2-alpha receptor,IC50,Cc1c(-c2ccccc2)nc2ccc(Br)cc2c1C(=O)NCC(F)(C(=O)O)c1ccccc1,7.327902142064282
CHEMBL5972222,CHEMBL1987,Prostaglandin F2-alpha receptor,IC50,=,140.0,nM,CHEMBL5737458,B,"In Vitro Test of Inhibition of Human FP Receptor Activity: For the characterization of test substances in respect of FP antagonism, PGF2α-induced calcium flux in FP-expressing CHEM1 cells (Millipore, HTS093C) was used.3000 cells in 30 μl of full medium [DMEM F12, 10% FCS, 1.35 mM sodium pyruvate, 20 mM HEPES, 4 mM GlutaMAX, 2% sodium bicarbonate, 1% Pen/Strep, 1% 100× non-essential amino acids] are sown per well of a 384 multititre plate (from Greiner, TC plate, black with clear base) and incubated at 33° C., 5% CO2 for 24 hours. Prior to the measurement, the medium is replaced by 30 μl of Fluo-8 AM loading buffer [calcium-free Tyrode (130 mM NaCl, 5 mM KCl, 20 mM HEPES, 1 mM MgCl2, 4.8 mM NaHCO3, pH 7.4), 2 mM CaCl2, 6.3 mM Probenecid, 5 μM Fluo-8 AM, 0.0112% Pluronic®] and incubated at 37° C., 5% CO2 for 30 minutes. The test substance is prepared in DMSO in various concentrations as a dose-response curve (starting concentration 10 mM, dilution factor 3.16) and prediluted 1:50 with calcium-free Tyrode, 2 mM CaCl2, 0.002% SmartBlock (from CANDOR Bioscience GmbH). 10 μl of the prediluted substance solution are added to the Fluo-8-laden cells and incubated at 37° C., 5% CO2 for 10 minutes. The FP receptor is activated by adding 40 μl of 2 nM (final concentration) PGF2α in calcium-free Tyrode, 2 mM CaCl2, 0.002% SmartBlock, and the calcium flux is determined by measuring the fluorescence at ex. 470 nm/em. 525 nm in a fluorescence measuring instrument (FLIPR Tetra®, Molecular Devices) for 120 seconds.",CHEMBL5728790,P43088,Prostaglandin F2-alpha receptor,IC50,Cc1c(-c2ccccc2)nc2ccc(Br)cc2c1C(=O)NC[C@@](F)(C(=O)O)c1ccccc1,6.853871964321762
CHEMBL5984232,CHEMBL1987,Prostaglandin F2-alpha receptor,IC50,=,34.0,nM,CHEMBL5737458,B,"In Vitro Test of Inhibition of Human FP Receptor Activity: For the characterization of test substances in respect of FP antagonism, PGF2α-induced calcium flux in FP-expressing CHEM1 cells (Millipore, HTS093C) was used.3000 cells in 30 μl of full medium [DMEM F12, 10% FCS, 1.35 mM sodium pyruvate, 20 mM HEPES, 4 mM GlutaMAX, 2% sodium bicarbonate, 1% Pen/Strep, 1% 100× non-essential amino acids] are sown per well of a 384 multititre plate (from Greiner, TC plate, black with clear base) and incubated at 33° C., 5% CO2 for 24 hours. Prior to the measurement, the medium is replaced by 30 μl of Fluo-8 AM loading buffer [calcium-free Tyrode (130 mM NaCl, 5 mM KCl, 20 mM HEPES, 1 mM MgCl2, 4.8 mM NaHCO3, pH 7.4), 2 mM CaCl2, 6.3 mM Probenecid, 5 μM Fluo-8 AM, 0.0112% Pluronic®] and incubated at 37° C., 5% CO2 for 30 minutes. The test substance is prepared in DMSO in various concentrations as a dose-response curve (starting concentration 10 mM, dilution factor 3.16) and prediluted 1:50 with calcium-free Tyrode, 2 mM CaCl2, 0.002% SmartBlock (from CANDOR Bioscience GmbH). 10 μl of the prediluted substance solution are added to the Fluo-8-laden cells and incubated at 37° C., 5% CO2 for 10 minutes. The FP receptor is activated by adding 40 μl of 2 nM (final concentration) PGF2α in calcium-free Tyrode, 2 mM CaCl2, 0.002% SmartBlock, and the calcium flux is determined by measuring the fluorescence at ex. 470 nm/em. 525 nm in a fluorescence measuring instrument (FLIPR Tetra®, Molecular Devices) for 120 seconds.",CHEMBL5728790,P43088,Prostaglandin F2-alpha receptor,IC50,Cc1c(-c2ccccc2)nc2ccc(Br)cc2c1C(=O)NC[C@](F)(C(=O)O)c1ccccc1,7.468521082957745
CHEMBL5871680,CHEMBL1987,Prostaglandin F2-alpha receptor,IC50,=,130.0,nM,CHEMBL5737458,B,"In Vitro Test of Inhibition of Human FP Receptor Activity: For the characterization of test substances in respect of FP antagonism, PGF2α-induced calcium flux in FP-expressing CHEM1 cells (Millipore, HTS093C) was used.3000 cells in 30 μl of full medium [DMEM F12, 10% FCS, 1.35 mM sodium pyruvate, 20 mM HEPES, 4 mM GlutaMAX, 2% sodium bicarbonate, 1% Pen/Strep, 1% 100× non-essential amino acids] are sown per well of a 384 multititre plate (from Greiner, TC plate, black with clear base) and incubated at 33° C., 5% CO2 for 24 hours. Prior to the measurement, the medium is replaced by 30 μl of Fluo-8 AM loading buffer [calcium-free Tyrode (130 mM NaCl, 5 mM KCl, 20 mM HEPES, 1 mM MgCl2, 4.8 mM NaHCO3, pH 7.4), 2 mM CaCl2, 6.3 mM Probenecid, 5 μM Fluo-8 AM, 0.0112% Pluronic®] and incubated at 37° C., 5% CO2 for 30 minutes. The test substance is prepared in DMSO in various concentrations as a dose-response curve (starting concentration 10 mM, dilution factor 3.16) and prediluted 1:50 with calcium-free Tyrode, 2 mM CaCl2, 0.002% SmartBlock (from CANDOR Bioscience GmbH). 10 μl of the prediluted substance solution are added to the Fluo-8-laden cells and incubated at 37° C., 5% CO2 for 10 minutes. The FP receptor is activated by adding 40 μl of 2 nM (final concentration) PGF2α in calcium-free Tyrode, 2 mM CaCl2, 0.002% SmartBlock, and the calcium flux is determined by measuring the fluorescence at ex. 470 nm/em. 525 nm in a fluorescence measuring instrument (FLIPR Tetra®, Molecular Devices) for 120 seconds.",CHEMBL5728790,P43088,Prostaglandin F2-alpha receptor,IC50,Cc1c(-c2ccccc2)nc2ccc(Br)cc2c1C(=O)NCC(C)(C(=O)O)c1cccc(C(F)(F)F)c1,6.886056647693163
CHEMBL5995117,CHEMBL1987,Prostaglandin F2-alpha receptor,IC50,=,120.0,nM,CHEMBL5737458,B,"In Vitro Test of Inhibition of Human FP Receptor Activity: For the characterization of test substances in respect of FP antagonism, PGF2α-induced calcium flux in FP-expressing CHEM1 cells (Millipore, HTS093C) was used.3000 cells in 30 μl of full medium [DMEM F12, 10% FCS, 1.35 mM sodium pyruvate, 20 mM HEPES, 4 mM GlutaMAX, 2% sodium bicarbonate, 1% Pen/Strep, 1% 100× non-essential amino acids] are sown per well of a 384 multititre plate (from Greiner, TC plate, black with clear base) and incubated at 33° C., 5% CO2 for 24 hours. Prior to the measurement, the medium is replaced by 30 μl of Fluo-8 AM loading buffer [calcium-free Tyrode (130 mM NaCl, 5 mM KCl, 20 mM HEPES, 1 mM MgCl2, 4.8 mM NaHCO3, pH 7.4), 2 mM CaCl2, 6.3 mM Probenecid, 5 μM Fluo-8 AM, 0.0112% Pluronic®] and incubated at 37° C., 5% CO2 for 30 minutes. The test substance is prepared in DMSO in various concentrations as a dose-response curve (starting concentration 10 mM, dilution factor 3.16) and prediluted 1:50 with calcium-free Tyrode, 2 mM CaCl2, 0.002% SmartBlock (from CANDOR Bioscience GmbH). 10 μl of the prediluted substance solution are added to the Fluo-8-laden cells and incubated at 37° C., 5% CO2 for 10 minutes. The FP receptor is activated by adding 40 μl of 2 nM (final concentration) PGF2α in calcium-free Tyrode, 2 mM CaCl2, 0.002% SmartBlock, and the calcium flux is determined by measuring the fluorescence at ex. 470 nm/em. 525 nm in a fluorescence measuring instrument (FLIPR Tetra®, Molecular Devices) for 120 seconds.",CHEMBL5728790,P43088,Prostaglandin F2-alpha receptor,IC50,Cc1c(-c2ccccc2)nc2ccc(Br)cc2c1C(=O)NC[C@@](C)(C(=O)O)c1cccc(C(F)(F)F)c1,6.920818753952375
CHEMBL6018572,CHEMBL1987,Prostaglandin F2-alpha receptor,IC50,=,140.0,nM,CHEMBL5737458,B,"In Vitro Test of Inhibition of Human FP Receptor Activity: For the characterization of test substances in respect of FP antagonism, PGF2α-induced calcium flux in FP-expressing CHEM1 cells (Millipore, HTS093C) was used.3000 cells in 30 μl of full medium [DMEM F12, 10% FCS, 1.35 mM sodium pyruvate, 20 mM HEPES, 4 mM GlutaMAX, 2% sodium bicarbonate, 1% Pen/Strep, 1% 100× non-essential amino acids] are sown per well of a 384 multititre plate (from Greiner, TC plate, black with clear base) and incubated at 33° C., 5% CO2 for 24 hours. Prior to the measurement, the medium is replaced by 30 μl of Fluo-8 AM loading buffer [calcium-free Tyrode (130 mM NaCl, 5 mM KCl, 20 mM HEPES, 1 mM MgCl2, 4.8 mM NaHCO3, pH 7.4), 2 mM CaCl2, 6.3 mM Probenecid, 5 μM Fluo-8 AM, 0.0112% Pluronic®] and incubated at 37° C., 5% CO2 for 30 minutes. The test substance is prepared in DMSO in various concentrations as a dose-response curve (starting concentration 10 mM, dilution factor 3.16) and prediluted 1:50 with calcium-free Tyrode, 2 mM CaCl2, 0.002% SmartBlock (from CANDOR Bioscience GmbH). 10 μl of the prediluted substance solution are added to the Fluo-8-laden cells and incubated at 37° C., 5% CO2 for 10 minutes. The FP receptor is activated by adding 40 μl of 2 nM (final concentration) PGF2α in calcium-free Tyrode, 2 mM CaCl2, 0.002% SmartBlock, and the calcium flux is determined by measuring the fluorescence at ex. 470 nm/em. 525 nm in a fluorescence measuring instrument (FLIPR Tetra®, Molecular Devices) for 120 seconds.",CHEMBL5728790,P43088,Prostaglandin F2-alpha receptor,IC50,Cc1c(-c2ccccc2)nc2ccc(Br)cc2c1C(=O)NC[C@](C)(C(=O)O)c1cccc(C(F)(F)F)c1,6.853871964321762
CHEMBL5985561,CHEMBL1987,Prostaglandin F2-alpha receptor,IC50,=,190.0,nM,CHEMBL5737458,B,"In Vitro Test of Inhibition of Human FP Receptor Activity: For the characterization of test substances in respect of FP antagonism, PGF2α-induced calcium flux in FP-expressing CHEM1 cells (Millipore, HTS093C) was used.3000 cells in 30 μl of full medium [DMEM F12, 10% FCS, 1.35 mM sodium pyruvate, 20 mM HEPES, 4 mM GlutaMAX, 2% sodium bicarbonate, 1% Pen/Strep, 1% 100× non-essential amino acids] are sown per well of a 384 multititre plate (from Greiner, TC plate, black with clear base) and incubated at 33° C., 5% CO2 for 24 hours. Prior to the measurement, the medium is replaced by 30 μl of Fluo-8 AM loading buffer [calcium-free Tyrode (130 mM NaCl, 5 mM KCl, 20 mM HEPES, 1 mM MgCl2, 4.8 mM NaHCO3, pH 7.4), 2 mM CaCl2, 6.3 mM Probenecid, 5 μM Fluo-8 AM, 0.0112% Pluronic®] and incubated at 37° C., 5% CO2 for 30 minutes. The test substance is prepared in DMSO in various concentrations as a dose-response curve (starting concentration 10 mM, dilution factor 3.16) and prediluted 1:50 with calcium-free Tyrode, 2 mM CaCl2, 0.002% SmartBlock (from CANDOR Bioscience GmbH). 10 μl of the prediluted substance solution are added to the Fluo-8-laden cells and incubated at 37° C., 5% CO2 for 10 minutes. The FP receptor is activated by adding 40 μl of 2 nM (final concentration) PGF2α in calcium-free Tyrode, 2 mM CaCl2, 0.002% SmartBlock, and the calcium flux is determined by measuring the fluorescence at ex. 470 nm/em. 525 nm in a fluorescence measuring instrument (FLIPR Tetra®, Molecular Devices) for 120 seconds.",CHEMBL5728790,P43088,Prostaglandin F2-alpha receptor,IC50,COc1cccc(C(CNC(=O)c2c(C)c(-c3ccccc3)nc3ccc(Br)cc23)C(=O)O)c1,6.721246399047171
CHEMBL5840954,CHEMBL1987,Prostaglandin F2-alpha receptor,IC50,=,600.0,nM,CHEMBL5737458,B,"In Vitro Test of Inhibition of Human FP Receptor Activity: For the characterization of test substances in respect of FP antagonism, PGF2α-induced calcium flux in FP-expressing CHEM1 cells (Millipore, HTS093C) was used.3000 cells in 30 μl of full medium [DMEM F12, 10% FCS, 1.35 mM sodium pyruvate, 20 mM HEPES, 4 mM GlutaMAX, 2% sodium bicarbonate, 1% Pen/Strep, 1% 100× non-essential amino acids] are sown per well of a 384 multititre plate (from Greiner, TC plate, black with clear base) and incubated at 33° C., 5% CO2 for 24 hours. Prior to the measurement, the medium is replaced by 30 μl of Fluo-8 AM loading buffer [calcium-free Tyrode (130 mM NaCl, 5 mM KCl, 20 mM HEPES, 1 mM MgCl2, 4.8 mM NaHCO3, pH 7.4), 2 mM CaCl2, 6.3 mM Probenecid, 5 μM Fluo-8 AM, 0.0112% Pluronic®] and incubated at 37° C., 5% CO2 for 30 minutes. The test substance is prepared in DMSO in various concentrations as a dose-response curve (starting concentration 10 mM, dilution factor 3.16) and prediluted 1:50 with calcium-free Tyrode, 2 mM CaCl2, 0.002% SmartBlock (from CANDOR Bioscience GmbH). 10 μl of the prediluted substance solution are added to the Fluo-8-laden cells and incubated at 37° C., 5% CO2 for 10 minutes. The FP receptor is activated by adding 40 μl of 2 nM (final concentration) PGF2α in calcium-free Tyrode, 2 mM CaCl2, 0.002% SmartBlock, and the calcium flux is determined by measuring the fluorescence at ex. 470 nm/em. 525 nm in a fluorescence measuring instrument (FLIPR Tetra®, Molecular Devices) for 120 seconds.",CHEMBL5728790,P43088,Prostaglandin F2-alpha receptor,IC50,COc1cccc([C@H](CNC(=O)c2c(C)c(-c3ccccc3)nc3ccc(Br)cc23)C(=O)O)c1,6.221848749616356
CHEMBL5846818,CHEMBL1987,Prostaglandin F2-alpha receptor,IC50,=,230.0,nM,CHEMBL5737458,B,"In Vitro Test of Inhibition of Human FP Receptor Activity: For the characterization of test substances in respect of FP antagonism, PGF2α-induced calcium flux in FP-expressing CHEM1 cells (Millipore, HTS093C) was used.3000 cells in 30 μl of full medium [DMEM F12, 10% FCS, 1.35 mM sodium pyruvate, 20 mM HEPES, 4 mM GlutaMAX, 2% sodium bicarbonate, 1% Pen/Strep, 1% 100× non-essential amino acids] are sown per well of a 384 multititre plate (from Greiner, TC plate, black with clear base) and incubated at 33° C., 5% CO2 for 24 hours. Prior to the measurement, the medium is replaced by 30 μl of Fluo-8 AM loading buffer [calcium-free Tyrode (130 mM NaCl, 5 mM KCl, 20 mM HEPES, 1 mM MgCl2, 4.8 mM NaHCO3, pH 7.4), 2 mM CaCl2, 6.3 mM Probenecid, 5 μM Fluo-8 AM, 0.0112% Pluronic®] and incubated at 37° C., 5% CO2 for 30 minutes. The test substance is prepared in DMSO in various concentrations as a dose-response curve (starting concentration 10 mM, dilution factor 3.16) and prediluted 1:50 with calcium-free Tyrode, 2 mM CaCl2, 0.002% SmartBlock (from CANDOR Bioscience GmbH). 10 μl of the prediluted substance solution are added to the Fluo-8-laden cells and incubated at 37° C., 5% CO2 for 10 minutes. The FP receptor is activated by adding 40 μl of 2 nM (final concentration) PGF2α in calcium-free Tyrode, 2 mM CaCl2, 0.002% SmartBlock, and the calcium flux is determined by measuring the fluorescence at ex. 470 nm/em. 525 nm in a fluorescence measuring instrument (FLIPR Tetra®, Molecular Devices) for 120 seconds.",CHEMBL5728790,P43088,Prostaglandin F2-alpha receptor,IC50,COc1cccc([C@@H](CNC(=O)c2c(C)c(-c3ccccc3)nc3ccc(Br)cc23)C(=O)O)c1,6.638272163982407
CHEMBL5827542,CHEMBL1987,Prostaglandin F2-alpha receptor,IC50,=,43.0,nM,CHEMBL5737458,B,"In Vitro Test of Inhibition of Human FP Receptor Activity: For the characterization of test substances in respect of FP antagonism, PGF2α-induced calcium flux in FP-expressing CHEM1 cells (Millipore, HTS093C) was used.3000 cells in 30 μl of full medium [DMEM F12, 10% FCS, 1.35 mM sodium pyruvate, 20 mM HEPES, 4 mM GlutaMAX, 2% sodium bicarbonate, 1% Pen/Strep, 1% 100× non-essential amino acids] are sown per well of a 384 multititre plate (from Greiner, TC plate, black with clear base) and incubated at 33° C., 5% CO2 for 24 hours. Prior to the measurement, the medium is replaced by 30 μl of Fluo-8 AM loading buffer [calcium-free Tyrode (130 mM NaCl, 5 mM KCl, 20 mM HEPES, 1 mM MgCl2, 4.8 mM NaHCO3, pH 7.4), 2 mM CaCl2, 6.3 mM Probenecid, 5 μM Fluo-8 AM, 0.0112% Pluronic®] and incubated at 37° C., 5% CO2 for 30 minutes. The test substance is prepared in DMSO in various concentrations as a dose-response curve (starting concentration 10 mM, dilution factor 3.16) and prediluted 1:50 with calcium-free Tyrode, 2 mM CaCl2, 0.002% SmartBlock (from CANDOR Bioscience GmbH). 10 μl of the prediluted substance solution are added to the Fluo-8-laden cells and incubated at 37° C., 5% CO2 for 10 minutes. The FP receptor is activated by adding 40 μl of 2 nM (final concentration) PGF2α in calcium-free Tyrode, 2 mM CaCl2, 0.002% SmartBlock, and the calcium flux is determined by measuring the fluorescence at ex. 470 nm/em. 525 nm in a fluorescence measuring instrument (FLIPR Tetra®, Molecular Devices) for 120 seconds.",CHEMBL5728790,P43088,Prostaglandin F2-alpha receptor,IC50,Cc1c(-c2ccccc2)nc2ccc(Br)cc2c1C(=O)NCC(C(=O)O)c1cccc(Cl)c1,7.366531544420413
CHEMBL5763586,CHEMBL1987,Prostaglandin F2-alpha receptor,IC50,=,33.0,nM,CHEMBL5737458,B,"In Vitro Test of Inhibition of Human FP Receptor Activity: For the characterization of test substances in respect of FP antagonism, PGF2α-induced calcium flux in FP-expressing CHEM1 cells (Millipore, HTS093C) was used.3000 cells in 30 μl of full medium [DMEM F12, 10% FCS, 1.35 mM sodium pyruvate, 20 mM HEPES, 4 mM GlutaMAX, 2% sodium bicarbonate, 1% Pen/Strep, 1% 100× non-essential amino acids] are sown per well of a 384 multititre plate (from Greiner, TC plate, black with clear base) and incubated at 33° C., 5% CO2 for 24 hours. Prior to the measurement, the medium is replaced by 30 μl of Fluo-8 AM loading buffer [calcium-free Tyrode (130 mM NaCl, 5 mM KCl, 20 mM HEPES, 1 mM MgCl2, 4.8 mM NaHCO3, pH 7.4), 2 mM CaCl2, 6.3 mM Probenecid, 5 μM Fluo-8 AM, 0.0112% Pluronic®] and incubated at 37° C., 5% CO2 for 30 minutes. The test substance is prepared in DMSO in various concentrations as a dose-response curve (starting concentration 10 mM, dilution factor 3.16) and prediluted 1:50 with calcium-free Tyrode, 2 mM CaCl2, 0.002% SmartBlock (from CANDOR Bioscience GmbH). 10 μl of the prediluted substance solution are added to the Fluo-8-laden cells and incubated at 37° C., 5% CO2 for 10 minutes. The FP receptor is activated by adding 40 μl of 2 nM (final concentration) PGF2α in calcium-free Tyrode, 2 mM CaCl2, 0.002% SmartBlock, and the calcium flux is determined by measuring the fluorescence at ex. 470 nm/em. 525 nm in a fluorescence measuring instrument (FLIPR Tetra®, Molecular Devices) for 120 seconds.",CHEMBL5728790,P43088,Prostaglandin F2-alpha receptor,IC50,Cc1c(-c2ccccc2)nc2ccc(Br)cc2c1C(=O)NC[C@H](C(=O)O)c1cccc(Cl)c1,7.481486060122112
CHEMBL5975564,CHEMBL1987,Prostaglandin F2-alpha receptor,IC50,=,69.0,nM,CHEMBL5737458,B,"In Vitro Test of Inhibition of Human FP Receptor Activity: For the characterization of test substances in respect of FP antagonism, PGF2α-induced calcium flux in FP-expressing CHEM1 cells (Millipore, HTS093C) was used.3000 cells in 30 μl of full medium [DMEM F12, 10% FCS, 1.35 mM sodium pyruvate, 20 mM HEPES, 4 mM GlutaMAX, 2% sodium bicarbonate, 1% Pen/Strep, 1% 100× non-essential amino acids] are sown per well of a 384 multititre plate (from Greiner, TC plate, black with clear base) and incubated at 33° C., 5% CO2 for 24 hours. Prior to the measurement, the medium is replaced by 30 μl of Fluo-8 AM loading buffer [calcium-free Tyrode (130 mM NaCl, 5 mM KCl, 20 mM HEPES, 1 mM MgCl2, 4.8 mM NaHCO3, pH 7.4), 2 mM CaCl2, 6.3 mM Probenecid, 5 μM Fluo-8 AM, 0.0112% Pluronic®] and incubated at 37° C., 5% CO2 for 30 minutes. The test substance is prepared in DMSO in various concentrations as a dose-response curve (starting concentration 10 mM, dilution factor 3.16) and prediluted 1:50 with calcium-free Tyrode, 2 mM CaCl2, 0.002% SmartBlock (from CANDOR Bioscience GmbH). 10 μl of the prediluted substance solution are added to the Fluo-8-laden cells and incubated at 37° C., 5% CO2 for 10 minutes. The FP receptor is activated by adding 40 μl of 2 nM (final concentration) PGF2α in calcium-free Tyrode, 2 mM CaCl2, 0.002% SmartBlock, and the calcium flux is determined by measuring the fluorescence at ex. 470 nm/em. 525 nm in a fluorescence measuring instrument (FLIPR Tetra®, Molecular Devices) for 120 seconds.",CHEMBL5728790,P43088,Prostaglandin F2-alpha receptor,IC50,Cc1c(-c2ccccc2)nc2ccc(Br)cc2c1C(=O)NC[C@@H](C(=O)O)c1cccc(Cl)c1,7.161150909262744
CHEMBL5963591,CHEMBL1987,Prostaglandin F2-alpha receptor,IC50,=,79.0,nM,CHEMBL5737458,B,"In Vitro Test of Inhibition of Human FP Receptor Activity: For the characterization of test substances in respect of FP antagonism, PGF2α-induced calcium flux in FP-expressing CHEM1 cells (Millipore, HTS093C) was used.3000 cells in 30 μl of full medium [DMEM F12, 10% FCS, 1.35 mM sodium pyruvate, 20 mM HEPES, 4 mM GlutaMAX, 2% sodium bicarbonate, 1% Pen/Strep, 1% 100× non-essential amino acids] are sown per well of a 384 multititre plate (from Greiner, TC plate, black with clear base) and incubated at 33° C., 5% CO2 for 24 hours. Prior to the measurement, the medium is replaced by 30 μl of Fluo-8 AM loading buffer [calcium-free Tyrode (130 mM NaCl, 5 mM KCl, 20 mM HEPES, 1 mM MgCl2, 4.8 mM NaHCO3, pH 7.4), 2 mM CaCl2, 6.3 mM Probenecid, 5 μM Fluo-8 AM, 0.0112% Pluronic®] and incubated at 37° C., 5% CO2 for 30 minutes. The test substance is prepared in DMSO in various concentrations as a dose-response curve (starting concentration 10 mM, dilution factor 3.16) and prediluted 1:50 with calcium-free Tyrode, 2 mM CaCl2, 0.002% SmartBlock (from CANDOR Bioscience GmbH). 10 μl of the prediluted substance solution are added to the Fluo-8-laden cells and incubated at 37° C., 5% CO2 for 10 minutes. The FP receptor is activated by adding 40 μl of 2 nM (final concentration) PGF2α in calcium-free Tyrode, 2 mM CaCl2, 0.002% SmartBlock, and the calcium flux is determined by measuring the fluorescence at ex. 470 nm/em. 525 nm in a fluorescence measuring instrument (FLIPR Tetra®, Molecular Devices) for 120 seconds.",CHEMBL5728790,P43088,Prostaglandin F2-alpha receptor,IC50,Cc1cccc(C(CNC(=O)c2c(C)c(-c3ccccc3)nc3ccc(Br)cc23)C(=O)O)c1,7.102372908709558
CHEMBL5973322,CHEMBL1987,Prostaglandin F2-alpha receptor,IC50,=,42.0,nM,CHEMBL5737458,B,"In Vitro Test of Inhibition of Human FP Receptor Activity: For the characterization of test substances in respect of FP antagonism, PGF2α-induced calcium flux in FP-expressing CHEM1 cells (Millipore, HTS093C) was used.3000 cells in 30 μl of full medium [DMEM F12, 10% FCS, 1.35 mM sodium pyruvate, 20 mM HEPES, 4 mM GlutaMAX, 2% sodium bicarbonate, 1% Pen/Strep, 1% 100× non-essential amino acids] are sown per well of a 384 multititre plate (from Greiner, TC plate, black with clear base) and incubated at 33° C., 5% CO2 for 24 hours. Prior to the measurement, the medium is replaced by 30 μl of Fluo-8 AM loading buffer [calcium-free Tyrode (130 mM NaCl, 5 mM KCl, 20 mM HEPES, 1 mM MgCl2, 4.8 mM NaHCO3, pH 7.4), 2 mM CaCl2, 6.3 mM Probenecid, 5 μM Fluo-8 AM, 0.0112% Pluronic®] and incubated at 37° C., 5% CO2 for 30 minutes. The test substance is prepared in DMSO in various concentrations as a dose-response curve (starting concentration 10 mM, dilution factor 3.16) and prediluted 1:50 with calcium-free Tyrode, 2 mM CaCl2, 0.002% SmartBlock (from CANDOR Bioscience GmbH). 10 μl of the prediluted substance solution are added to the Fluo-8-laden cells and incubated at 37° C., 5% CO2 for 10 minutes. The FP receptor is activated by adding 40 μl of 2 nM (final concentration) PGF2α in calcium-free Tyrode, 2 mM CaCl2, 0.002% SmartBlock, and the calcium flux is determined by measuring the fluorescence at ex. 470 nm/em. 525 nm in a fluorescence measuring instrument (FLIPR Tetra®, Molecular Devices) for 120 seconds.",CHEMBL5728790,P43088,Prostaglandin F2-alpha receptor,IC50,Cc1cccc([C@H](CNC(=O)c2c(C)c(-c3ccccc3)nc3ccc(Br)cc23)C(=O)O)c1,7.376750709602099
CHEMBL6042488,CHEMBL1987,Prostaglandin F2-alpha receptor,IC50,=,71.0,nM,CHEMBL5737458,B,"In Vitro Test of Inhibition of Human FP Receptor Activity: For the characterization of test substances in respect of FP antagonism, PGF2α-induced calcium flux in FP-expressing CHEM1 cells (Millipore, HTS093C) was used.3000 cells in 30 μl of full medium [DMEM F12, 10% FCS, 1.35 mM sodium pyruvate, 20 mM HEPES, 4 mM GlutaMAX, 2% sodium bicarbonate, 1% Pen/Strep, 1% 100× non-essential amino acids] are sown per well of a 384 multititre plate (from Greiner, TC plate, black with clear base) and incubated at 33° C., 5% CO2 for 24 hours. Prior to the measurement, the medium is replaced by 30 μl of Fluo-8 AM loading buffer [calcium-free Tyrode (130 mM NaCl, 5 mM KCl, 20 mM HEPES, 1 mM MgCl2, 4.8 mM NaHCO3, pH 7.4), 2 mM CaCl2, 6.3 mM Probenecid, 5 μM Fluo-8 AM, 0.0112% Pluronic®] and incubated at 37° C., 5% CO2 for 30 minutes. The test substance is prepared in DMSO in various concentrations as a dose-response curve (starting concentration 10 mM, dilution factor 3.16) and prediluted 1:50 with calcium-free Tyrode, 2 mM CaCl2, 0.002% SmartBlock (from CANDOR Bioscience GmbH). 10 μl of the prediluted substance solution are added to the Fluo-8-laden cells and incubated at 37° C., 5% CO2 for 10 minutes. The FP receptor is activated by adding 40 μl of 2 nM (final concentration) PGF2α in calcium-free Tyrode, 2 mM CaCl2, 0.002% SmartBlock, and the calcium flux is determined by measuring the fluorescence at ex. 470 nm/em. 525 nm in a fluorescence measuring instrument (FLIPR Tetra®, Molecular Devices) for 120 seconds.",CHEMBL5728790,P43088,Prostaglandin F2-alpha receptor,IC50,Cc1cccc([C@@H](CNC(=O)c2c(C)c(-c3ccccc3)nc3ccc(Br)cc23)C(=O)O)c1,7.1487416512809245
CHEMBL5783198,CHEMBL1987,Prostaglandin F2-alpha receptor,IC50,=,180.0,nM,CHEMBL5737458,B,"In Vitro Test of Inhibition of Human FP Receptor Activity: For the characterization of test substances in respect of FP antagonism, PGF2α-induced calcium flux in FP-expressing CHEM1 cells (Millipore, HTS093C) was used.3000 cells in 30 μl of full medium [DMEM F12, 10% FCS, 1.35 mM sodium pyruvate, 20 mM HEPES, 4 mM GlutaMAX, 2% sodium bicarbonate, 1% Pen/Strep, 1% 100× non-essential amino acids] are sown per well of a 384 multititre plate (from Greiner, TC plate, black with clear base) and incubated at 33° C., 5% CO2 for 24 hours. Prior to the measurement, the medium is replaced by 30 μl of Fluo-8 AM loading buffer [calcium-free Tyrode (130 mM NaCl, 5 mM KCl, 20 mM HEPES, 1 mM MgCl2, 4.8 mM NaHCO3, pH 7.4), 2 mM CaCl2, 6.3 mM Probenecid, 5 μM Fluo-8 AM, 0.0112% Pluronic®] and incubated at 37° C., 5% CO2 for 30 minutes. The test substance is prepared in DMSO in various concentrations as a dose-response curve (starting concentration 10 mM, dilution factor 3.16) and prediluted 1:50 with calcium-free Tyrode, 2 mM CaCl2, 0.002% SmartBlock (from CANDOR Bioscience GmbH). 10 μl of the prediluted substance solution are added to the Fluo-8-laden cells and incubated at 37° C., 5% CO2 for 10 minutes. The FP receptor is activated by adding 40 μl of 2 nM (final concentration) PGF2α in calcium-free Tyrode, 2 mM CaCl2, 0.002% SmartBlock, and the calcium flux is determined by measuring the fluorescence at ex. 470 nm/em. 525 nm in a fluorescence measuring instrument (FLIPR Tetra®, Molecular Devices) for 120 seconds.",CHEMBL5728790,P43088,Prostaglandin F2-alpha receptor,IC50,COc1ccccc1C(O)(CNC(=O)c1c(C)c(-c2ccccc2)nc2ccc(Br)cc12)C(=O)O,6.7447274948966935
CHEMBL6038095,CHEMBL1987,Prostaglandin F2-alpha receptor,IC50,=,500.0,nM,CHEMBL5737458,B,"In Vitro Test of Inhibition of Human FP Receptor Activity: For the characterization of test substances in respect of FP antagonism, PGF2α-induced calcium flux in FP-expressing CHEM1 cells (Millipore, HTS093C) was used.3000 cells in 30 μl of full medium [DMEM F12, 10% FCS, 1.35 mM sodium pyruvate, 20 mM HEPES, 4 mM GlutaMAX, 2% sodium bicarbonate, 1% Pen/Strep, 1% 100× non-essential amino acids] are sown per well of a 384 multititre plate (from Greiner, TC plate, black with clear base) and incubated at 33° C., 5% CO2 for 24 hours. Prior to the measurement, the medium is replaced by 30 μl of Fluo-8 AM loading buffer [calcium-free Tyrode (130 mM NaCl, 5 mM KCl, 20 mM HEPES, 1 mM MgCl2, 4.8 mM NaHCO3, pH 7.4), 2 mM CaCl2, 6.3 mM Probenecid, 5 μM Fluo-8 AM, 0.0112% Pluronic®] and incubated at 37° C., 5% CO2 for 30 minutes. The test substance is prepared in DMSO in various concentrations as a dose-response curve (starting concentration 10 mM, dilution factor 3.16) and prediluted 1:50 with calcium-free Tyrode, 2 mM CaCl2, 0.002% SmartBlock (from CANDOR Bioscience GmbH). 10 μl of the prediluted substance solution are added to the Fluo-8-laden cells and incubated at 37° C., 5% CO2 for 10 minutes. The FP receptor is activated by adding 40 μl of 2 nM (final concentration) PGF2α in calcium-free Tyrode, 2 mM CaCl2, 0.002% SmartBlock, and the calcium flux is determined by measuring the fluorescence at ex. 470 nm/em. 525 nm in a fluorescence measuring instrument (FLIPR Tetra®, Molecular Devices) for 120 seconds.",CHEMBL5728790,P43088,Prostaglandin F2-alpha receptor,IC50,COc1ccccc1[C@@](O)(CNC(=O)c1c(C)c(-c2ccccc2)nc2ccc(Br)cc12)C(=O)O,6.301029995663981
CHEMBL5985859,CHEMBL1987,Prostaglandin F2-alpha receptor,IC50,=,78.0,nM,CHEMBL5737458,B,"In Vitro Test of Inhibition of Human FP Receptor Activity: For the characterization of test substances in respect of FP antagonism, PGF2α-induced calcium flux in FP-expressing CHEM1 cells (Millipore, HTS093C) was used.3000 cells in 30 μl of full medium [DMEM F12, 10% FCS, 1.35 mM sodium pyruvate, 20 mM HEPES, 4 mM GlutaMAX, 2% sodium bicarbonate, 1% Pen/Strep, 1% 100× non-essential amino acids] are sown per well of a 384 multititre plate (from Greiner, TC plate, black with clear base) and incubated at 33° C., 5% CO2 for 24 hours. Prior to the measurement, the medium is replaced by 30 μl of Fluo-8 AM loading buffer [calcium-free Tyrode (130 mM NaCl, 5 mM KCl, 20 mM HEPES, 1 mM MgCl2, 4.8 mM NaHCO3, pH 7.4), 2 mM CaCl2, 6.3 mM Probenecid, 5 μM Fluo-8 AM, 0.0112% Pluronic®] and incubated at 37° C., 5% CO2 for 30 minutes. The test substance is prepared in DMSO in various concentrations as a dose-response curve (starting concentration 10 mM, dilution factor 3.16) and prediluted 1:50 with calcium-free Tyrode, 2 mM CaCl2, 0.002% SmartBlock (from CANDOR Bioscience GmbH). 10 μl of the prediluted substance solution are added to the Fluo-8-laden cells and incubated at 37° C., 5% CO2 for 10 minutes. The FP receptor is activated by adding 40 μl of 2 nM (final concentration) PGF2α in calcium-free Tyrode, 2 mM CaCl2, 0.002% SmartBlock, and the calcium flux is determined by measuring the fluorescence at ex. 470 nm/em. 525 nm in a fluorescence measuring instrument (FLIPR Tetra®, Molecular Devices) for 120 seconds.",CHEMBL5728790,P43088,Prostaglandin F2-alpha receptor,IC50,COc1ccccc1[C@](O)(CNC(=O)c1c(C)c(-c2ccccc2)nc2ccc(Br)cc12)C(=O)O,7.107905397309519
CHEMBL5914707,CHEMBL1987,Prostaglandin F2-alpha receptor,IC50,=,21.0,nM,CHEMBL5737458,B,"In Vitro Test of Inhibition of Human FP Receptor Activity: For the characterization of test substances in respect of FP antagonism, PGF2α-induced calcium flux in FP-expressing CHEM1 cells (Millipore, HTS093C) was used.3000 cells in 30 μl of full medium [DMEM F12, 10% FCS, 1.35 mM sodium pyruvate, 20 mM HEPES, 4 mM GlutaMAX, 2% sodium bicarbonate, 1% Pen/Strep, 1% 100× non-essential amino acids] are sown per well of a 384 multititre plate (from Greiner, TC plate, black with clear base) and incubated at 33° C., 5% CO2 for 24 hours. Prior to the measurement, the medium is replaced by 30 μl of Fluo-8 AM loading buffer [calcium-free Tyrode (130 mM NaCl, 5 mM KCl, 20 mM HEPES, 1 mM MgCl2, 4.8 mM NaHCO3, pH 7.4), 2 mM CaCl2, 6.3 mM Probenecid, 5 μM Fluo-8 AM, 0.0112% Pluronic®] and incubated at 37° C., 5% CO2 for 30 minutes. The test substance is prepared in DMSO in various concentrations as a dose-response curve (starting concentration 10 mM, dilution factor 3.16) and prediluted 1:50 with calcium-free Tyrode, 2 mM CaCl2, 0.002% SmartBlock (from CANDOR Bioscience GmbH). 10 μl of the prediluted substance solution are added to the Fluo-8-laden cells and incubated at 37° C., 5% CO2 for 10 minutes. The FP receptor is activated by adding 40 μl of 2 nM (final concentration) PGF2α in calcium-free Tyrode, 2 mM CaCl2, 0.002% SmartBlock, and the calcium flux is determined by measuring the fluorescence at ex. 470 nm/em. 525 nm in a fluorescence measuring instrument (FLIPR Tetra®, Molecular Devices) for 120 seconds.",CHEMBL5728790,P43088,Prostaglandin F2-alpha receptor,IC50,COc1cccc(F)c1C(CNC(=O)c1c(C)c(-c2ccccc2)nc2ccc(Br)cc12)C(=O)O,7.6777807052660805
CHEMBL5803695,CHEMBL1987,Prostaglandin F2-alpha receptor,IC50,=,210.0,nM,CHEMBL5737458,B,"In Vitro Test of Inhibition of Human FP Receptor Activity: For the characterization of test substances in respect of FP antagonism, PGF2α-induced calcium flux in FP-expressing CHEM1 cells (Millipore, HTS093C) was used.3000 cells in 30 μl of full medium [DMEM F12, 10% FCS, 1.35 mM sodium pyruvate, 20 mM HEPES, 4 mM GlutaMAX, 2% sodium bicarbonate, 1% Pen/Strep, 1% 100× non-essential amino acids] are sown per well of a 384 multititre plate (from Greiner, TC plate, black with clear base) and incubated at 33° C., 5% CO2 for 24 hours. Prior to the measurement, the medium is replaced by 30 μl of Fluo-8 AM loading buffer [calcium-free Tyrode (130 mM NaCl, 5 mM KCl, 20 mM HEPES, 1 mM MgCl2, 4.8 mM NaHCO3, pH 7.4), 2 mM CaCl2, 6.3 mM Probenecid, 5 μM Fluo-8 AM, 0.0112% Pluronic®] and incubated at 37° C., 5% CO2 for 30 minutes. The test substance is prepared in DMSO in various concentrations as a dose-response curve (starting concentration 10 mM, dilution factor 3.16) and prediluted 1:50 with calcium-free Tyrode, 2 mM CaCl2, 0.002% SmartBlock (from CANDOR Bioscience GmbH). 10 μl of the prediluted substance solution are added to the Fluo-8-laden cells and incubated at 37° C., 5% CO2 for 10 minutes. The FP receptor is activated by adding 40 μl of 2 nM (final concentration) PGF2α in calcium-free Tyrode, 2 mM CaCl2, 0.002% SmartBlock, and the calcium flux is determined by measuring the fluorescence at ex. 470 nm/em. 525 nm in a fluorescence measuring instrument (FLIPR Tetra®, Molecular Devices) for 120 seconds.",CHEMBL5728790,P43088,Prostaglandin F2-alpha receptor,IC50,COc1cccc(F)c1[C@H](CNC(=O)c1c(C)c(-c2ccccc2)nc2ccc(Br)cc12)C(=O)O,6.6777807052660805
CHEMBL5765731,CHEMBL1987,Prostaglandin F2-alpha receptor,IC50,=,9.7,nM,CHEMBL5737458,B,"In Vitro Test of Inhibition of Human FP Receptor Activity: For the characterization of test substances in respect of FP antagonism, PGF2α-induced calcium flux in FP-expressing CHEM1 cells (Millipore, HTS093C) was used.3000 cells in 30 μl of full medium [DMEM F12, 10% FCS, 1.35 mM sodium pyruvate, 20 mM HEPES, 4 mM GlutaMAX, 2% sodium bicarbonate, 1% Pen/Strep, 1% 100× non-essential amino acids] are sown per well of a 384 multititre plate (from Greiner, TC plate, black with clear base) and incubated at 33° C., 5% CO2 for 24 hours. Prior to the measurement, the medium is replaced by 30 μl of Fluo-8 AM loading buffer [calcium-free Tyrode (130 mM NaCl, 5 mM KCl, 20 mM HEPES, 1 mM MgCl2, 4.8 mM NaHCO3, pH 7.4), 2 mM CaCl2, 6.3 mM Probenecid, 5 μM Fluo-8 AM, 0.0112% Pluronic®] and incubated at 37° C., 5% CO2 for 30 minutes. The test substance is prepared in DMSO in various concentrations as a dose-response curve (starting concentration 10 mM, dilution factor 3.16) and prediluted 1:50 with calcium-free Tyrode, 2 mM CaCl2, 0.002% SmartBlock (from CANDOR Bioscience GmbH). 10 μl of the prediluted substance solution are added to the Fluo-8-laden cells and incubated at 37° C., 5% CO2 for 10 minutes. The FP receptor is activated by adding 40 μl of 2 nM (final concentration) PGF2α in calcium-free Tyrode, 2 mM CaCl2, 0.002% SmartBlock, and the calcium flux is determined by measuring the fluorescence at ex. 470 nm/em. 525 nm in a fluorescence measuring instrument (FLIPR Tetra®, Molecular Devices) for 120 seconds.",CHEMBL5728790,P43088,Prostaglandin F2-alpha receptor,IC50,COc1cccc(F)c1[C@@H](CNC(=O)c1c(C)c(-c2ccccc2)nc2ccc(Br)cc12)C(=O)O,8.013228265733755
CHEMBL6010832,CHEMBL1987,Prostaglandin F2-alpha receptor,IC50,=,390.0,nM,CHEMBL5737458,B,"In Vitro Test of Inhibition of Human FP Receptor Activity: For the characterization of test substances in respect of FP antagonism, PGF2α-induced calcium flux in FP-expressing CHEM1 cells (Millipore, HTS093C) was used.3000 cells in 30 μl of full medium [DMEM F12, 10% FCS, 1.35 mM sodium pyruvate, 20 mM HEPES, 4 mM GlutaMAX, 2% sodium bicarbonate, 1% Pen/Strep, 1% 100× non-essential amino acids] are sown per well of a 384 multititre plate (from Greiner, TC plate, black with clear base) and incubated at 33° C., 5% CO2 for 24 hours. Prior to the measurement, the medium is replaced by 30 μl of Fluo-8 AM loading buffer [calcium-free Tyrode (130 mM NaCl, 5 mM KCl, 20 mM HEPES, 1 mM MgCl2, 4.8 mM NaHCO3, pH 7.4), 2 mM CaCl2, 6.3 mM Probenecid, 5 μM Fluo-8 AM, 0.0112% Pluronic®] and incubated at 37° C., 5% CO2 for 30 minutes. The test substance is prepared in DMSO in various concentrations as a dose-response curve (starting concentration 10 mM, dilution factor 3.16) and prediluted 1:50 with calcium-free Tyrode, 2 mM CaCl2, 0.002% SmartBlock (from CANDOR Bioscience GmbH). 10 μl of the prediluted substance solution are added to the Fluo-8-laden cells and incubated at 37° C., 5% CO2 for 10 minutes. The FP receptor is activated by adding 40 μl of 2 nM (final concentration) PGF2α in calcium-free Tyrode, 2 mM CaCl2, 0.002% SmartBlock, and the calcium flux is determined by measuring the fluorescence at ex. 470 nm/em. 525 nm in a fluorescence measuring instrument (FLIPR Tetra®, Molecular Devices) for 120 seconds.",CHEMBL5728790,P43088,Prostaglandin F2-alpha receptor,IC50,COc1ccccc1C(C)(CNC(=O)c1c(C)c(-c2ccccc2)nc2ccc(Br)cc12)C(=O)O,6.4089353929735005
CHEMBL5884671,CHEMBL1987,Prostaglandin F2-alpha receptor,IC50,=,120.0,nM,CHEMBL5737458,B,"In Vitro Test of Inhibition of Human FP Receptor Activity: For the characterization of test substances in respect of FP antagonism, PGF2α-induced calcium flux in FP-expressing CHEM1 cells (Millipore, HTS093C) was used.3000 cells in 30 μl of full medium [DMEM F12, 10% FCS, 1.35 mM sodium pyruvate, 20 mM HEPES, 4 mM GlutaMAX, 2% sodium bicarbonate, 1% Pen/Strep, 1% 100× non-essential amino acids] are sown per well of a 384 multititre plate (from Greiner, TC plate, black with clear base) and incubated at 33° C., 5% CO2 for 24 hours. Prior to the measurement, the medium is replaced by 30 μl of Fluo-8 AM loading buffer [calcium-free Tyrode (130 mM NaCl, 5 mM KCl, 20 mM HEPES, 1 mM MgCl2, 4.8 mM NaHCO3, pH 7.4), 2 mM CaCl2, 6.3 mM Probenecid, 5 μM Fluo-8 AM, 0.0112% Pluronic®] and incubated at 37° C., 5% CO2 for 30 minutes. The test substance is prepared in DMSO in various concentrations as a dose-response curve (starting concentration 10 mM, dilution factor 3.16) and prediluted 1:50 with calcium-free Tyrode, 2 mM CaCl2, 0.002% SmartBlock (from CANDOR Bioscience GmbH). 10 μl of the prediluted substance solution are added to the Fluo-8-laden cells and incubated at 37° C., 5% CO2 for 10 minutes. The FP receptor is activated by adding 40 μl of 2 nM (final concentration) PGF2α in calcium-free Tyrode, 2 mM CaCl2, 0.002% SmartBlock, and the calcium flux is determined by measuring the fluorescence at ex. 470 nm/em. 525 nm in a fluorescence measuring instrument (FLIPR Tetra®, Molecular Devices) for 120 seconds.",CHEMBL5728790,P43088,Prostaglandin F2-alpha receptor,IC50,COc1ccccc1[C@](C)(CNC(=O)c1c(C)c(-c2ccccc2)nc2ccc(Br)cc12)C(=O)O,6.920818753952375
CHEMBL6011098,CHEMBL1987,Prostaglandin F2-alpha receptor,IC50,=,230.0,nM,CHEMBL5737458,B,"In Vitro Test of Inhibition of Human FP Receptor Activity: For the characterization of test substances in respect of FP antagonism, PGF2α-induced calcium flux in FP-expressing CHEM1 cells (Millipore, HTS093C) was used.3000 cells in 30 μl of full medium [DMEM F12, 10% FCS, 1.35 mM sodium pyruvate, 20 mM HEPES, 4 mM GlutaMAX, 2% sodium bicarbonate, 1% Pen/Strep, 1% 100× non-essential amino acids] are sown per well of a 384 multititre plate (from Greiner, TC plate, black with clear base) and incubated at 33° C., 5% CO2 for 24 hours. Prior to the measurement, the medium is replaced by 30 μl of Fluo-8 AM loading buffer [calcium-free Tyrode (130 mM NaCl, 5 mM KCl, 20 mM HEPES, 1 mM MgCl2, 4.8 mM NaHCO3, pH 7.4), 2 mM CaCl2, 6.3 mM Probenecid, 5 μM Fluo-8 AM, 0.0112% Pluronic®] and incubated at 37° C., 5% CO2 for 30 minutes. The test substance is prepared in DMSO in various concentrations as a dose-response curve (starting concentration 10 mM, dilution factor 3.16) and prediluted 1:50 with calcium-free Tyrode, 2 mM CaCl2, 0.002% SmartBlock (from CANDOR Bioscience GmbH). 10 μl of the prediluted substance solution are added to the Fluo-8-laden cells and incubated at 37° C., 5% CO2 for 10 minutes. The FP receptor is activated by adding 40 μl of 2 nM (final concentration) PGF2α in calcium-free Tyrode, 2 mM CaCl2, 0.002% SmartBlock, and the calcium flux is determined by measuring the fluorescence at ex. 470 nm/em. 525 nm in a fluorescence measuring instrument (FLIPR Tetra®, Molecular Devices) for 120 seconds.",CHEMBL5728790,P43088,Prostaglandin F2-alpha receptor,IC50,Cc1c(-c2ccccc2)nc2ccc(Br)cc2c1C(=O)NC[C@@](C)(C(=O)O)c1c(F)cccc1Cl,6.638272163982407
CHEMBL5882317,CHEMBL1987,Prostaglandin F2-alpha receptor,IC50,=,43.0,nM,CHEMBL5737458,B,"In Vitro Test of Inhibition of Human FP Receptor Activity: For the characterization of test substances in respect of FP antagonism, PGF2α-induced calcium flux in FP-expressing CHEM1 cells (Millipore, HTS093C) was used.3000 cells in 30 μl of full medium [DMEM F12, 10% FCS, 1.35 mM sodium pyruvate, 20 mM HEPES, 4 mM GlutaMAX, 2% sodium bicarbonate, 1% Pen/Strep, 1% 100× non-essential amino acids] are sown per well of a 384 multititre plate (from Greiner, TC plate, black with clear base) and incubated at 33° C., 5% CO2 for 24 hours. Prior to the measurement, the medium is replaced by 30 μl of Fluo-8 AM loading buffer [calcium-free Tyrode (130 mM NaCl, 5 mM KCl, 20 mM HEPES, 1 mM MgCl2, 4.8 mM NaHCO3, pH 7.4), 2 mM CaCl2, 6.3 mM Probenecid, 5 μM Fluo-8 AM, 0.0112% Pluronic®] and incubated at 37° C., 5% CO2 for 30 minutes. The test substance is prepared in DMSO in various concentrations as a dose-response curve (starting concentration 10 mM, dilution factor 3.16) and prediluted 1:50 with calcium-free Tyrode, 2 mM CaCl2, 0.002% SmartBlock (from CANDOR Bioscience GmbH). 10 μl of the prediluted substance solution are added to the Fluo-8-laden cells and incubated at 37° C., 5% CO2 for 10 minutes. The FP receptor is activated by adding 40 μl of 2 nM (final concentration) PGF2α in calcium-free Tyrode, 2 mM CaCl2, 0.002% SmartBlock, and the calcium flux is determined by measuring the fluorescence at ex. 470 nm/em. 525 nm in a fluorescence measuring instrument (FLIPR Tetra®, Molecular Devices) for 120 seconds.",CHEMBL5728790,P43088,Prostaglandin F2-alpha receptor,IC50,Cc1c(-c2ccccc2)nc2ccc(Br)cc2c1C(=O)NC[C@](C)(C(=O)O)c1c(F)cccc1Cl,7.366531544420413
CHEMBL5956866,CHEMBL1987,Prostaglandin F2-alpha receptor,IC50,=,340.0,nM,CHEMBL5737458,B,"In Vitro Test of Inhibition of Human FP Receptor Activity: For the characterization of test substances in respect of FP antagonism, PGF2α-induced calcium flux in FP-expressing CHEM1 cells (Millipore, HTS093C) was used.3000 cells in 30 μl of full medium [DMEM F12, 10% FCS, 1.35 mM sodium pyruvate, 20 mM HEPES, 4 mM GlutaMAX, 2% sodium bicarbonate, 1% Pen/Strep, 1% 100× non-essential amino acids] are sown per well of a 384 multititre plate (from Greiner, TC plate, black with clear base) and incubated at 33° C., 5% CO2 for 24 hours. Prior to the measurement, the medium is replaced by 30 μl of Fluo-8 AM loading buffer [calcium-free Tyrode (130 mM NaCl, 5 mM KCl, 20 mM HEPES, 1 mM MgCl2, 4.8 mM NaHCO3, pH 7.4), 2 mM CaCl2, 6.3 mM Probenecid, 5 μM Fluo-8 AM, 0.0112% Pluronic®] and incubated at 37° C., 5% CO2 for 30 minutes. The test substance is prepared in DMSO in various concentrations as a dose-response curve (starting concentration 10 mM, dilution factor 3.16) and prediluted 1:50 with calcium-free Tyrode, 2 mM CaCl2, 0.002% SmartBlock (from CANDOR Bioscience GmbH). 10 μl of the prediluted substance solution are added to the Fluo-8-laden cells and incubated at 37° C., 5% CO2 for 10 minutes. The FP receptor is activated by adding 40 μl of 2 nM (final concentration) PGF2α in calcium-free Tyrode, 2 mM CaCl2, 0.002% SmartBlock, and the calcium flux is determined by measuring the fluorescence at ex. 470 nm/em. 525 nm in a fluorescence measuring instrument (FLIPR Tetra®, Molecular Devices) for 120 seconds.",CHEMBL5728790,P43088,Prostaglandin F2-alpha receptor,IC50,Cc1c(-c2ccccc2)nc2ccc(Br)cc2c1C(=O)NCC(CC(=O)O)c1ccccc1,6.468521082957745
CHEMBL5884886,CHEMBL1987,Prostaglandin F2-alpha receptor,IC50,=,340.0,nM,CHEMBL5737458,B,"In Vitro Test of Inhibition of Human FP Receptor Activity: For the characterization of test substances in respect of FP antagonism, PGF2α-induced calcium flux in FP-expressing CHEM1 cells (Millipore, HTS093C) was used.3000 cells in 30 μl of full medium [DMEM F12, 10% FCS, 1.35 mM sodium pyruvate, 20 mM HEPES, 4 mM GlutaMAX, 2% sodium bicarbonate, 1% Pen/Strep, 1% 100× non-essential amino acids] are sown per well of a 384 multititre plate (from Greiner, TC plate, black with clear base) and incubated at 33° C., 5% CO2 for 24 hours. Prior to the measurement, the medium is replaced by 30 μl of Fluo-8 AM loading buffer [calcium-free Tyrode (130 mM NaCl, 5 mM KCl, 20 mM HEPES, 1 mM MgCl2, 4.8 mM NaHCO3, pH 7.4), 2 mM CaCl2, 6.3 mM Probenecid, 5 μM Fluo-8 AM, 0.0112% Pluronic®] and incubated at 37° C., 5% CO2 for 30 minutes. The test substance is prepared in DMSO in various concentrations as a dose-response curve (starting concentration 10 mM, dilution factor 3.16) and prediluted 1:50 with calcium-free Tyrode, 2 mM CaCl2, 0.002% SmartBlock (from CANDOR Bioscience GmbH). 10 μl of the prediluted substance solution are added to the Fluo-8-laden cells and incubated at 37° C., 5% CO2 for 10 minutes. The FP receptor is activated by adding 40 μl of 2 nM (final concentration) PGF2α in calcium-free Tyrode, 2 mM CaCl2, 0.002% SmartBlock, and the calcium flux is determined by measuring the fluorescence at ex. 470 nm/em. 525 nm in a fluorescence measuring instrument (FLIPR Tetra®, Molecular Devices) for 120 seconds.",CHEMBL5728790,P43088,Prostaglandin F2-alpha receptor,IC50,Cc1c(-c2ccccc2)nc2ccc(Br)cc2c1C(=O)NC[C@H](CC(=O)O)c1ccccc1,6.468521082957745
CHEMBL5766955,CHEMBL1987,Prostaglandin F2-alpha receptor,IC50,=,220.0,nM,CHEMBL5737458,B,"In Vitro Test of Inhibition of Human FP Receptor Activity: For the characterization of test substances in respect of FP antagonism, PGF2α-induced calcium flux in FP-expressing CHEM1 cells (Millipore, HTS093C) was used.3000 cells in 30 μl of full medium [DMEM F12, 10% FCS, 1.35 mM sodium pyruvate, 20 mM HEPES, 4 mM GlutaMAX, 2% sodium bicarbonate, 1% Pen/Strep, 1% 100× non-essential amino acids] are sown per well of a 384 multititre plate (from Greiner, TC plate, black with clear base) and incubated at 33° C., 5% CO2 for 24 hours. Prior to the measurement, the medium is replaced by 30 μl of Fluo-8 AM loading buffer [calcium-free Tyrode (130 mM NaCl, 5 mM KCl, 20 mM HEPES, 1 mM MgCl2, 4.8 mM NaHCO3, pH 7.4), 2 mM CaCl2, 6.3 mM Probenecid, 5 μM Fluo-8 AM, 0.0112% Pluronic®] and incubated at 37° C., 5% CO2 for 30 minutes. The test substance is prepared in DMSO in various concentrations as a dose-response curve (starting concentration 10 mM, dilution factor 3.16) and prediluted 1:50 with calcium-free Tyrode, 2 mM CaCl2, 0.002% SmartBlock (from CANDOR Bioscience GmbH). 10 μl of the prediluted substance solution are added to the Fluo-8-laden cells and incubated at 37° C., 5% CO2 for 10 minutes. The FP receptor is activated by adding 40 μl of 2 nM (final concentration) PGF2α in calcium-free Tyrode, 2 mM CaCl2, 0.002% SmartBlock, and the calcium flux is determined by measuring the fluorescence at ex. 470 nm/em. 525 nm in a fluorescence measuring instrument (FLIPR Tetra®, Molecular Devices) for 120 seconds.",CHEMBL5728790,P43088,Prostaglandin F2-alpha receptor,IC50,Cc1c(-c2ccccc2)nc2ccc(Br)cc2c1C(=O)NC[C@@H](CC(=O)O)c1ccccc1,6.657577319177793
CHEMBL5994794,CHEMBL1987,Prostaglandin F2-alpha receptor,IC50,=,500.0,nM,CHEMBL5737458,B,"In Vitro Test of Inhibition of Human FP Receptor Activity: For the characterization of test substances in respect of FP antagonism, PGF2α-induced calcium flux in FP-expressing CHEM1 cells (Millipore, HTS093C) was used.3000 cells in 30 μl of full medium [DMEM F12, 10% FCS, 1.35 mM sodium pyruvate, 20 mM HEPES, 4 mM GlutaMAX, 2% sodium bicarbonate, 1% Pen/Strep, 1% 100× non-essential amino acids] are sown per well of a 384 multititre plate (from Greiner, TC plate, black with clear base) and incubated at 33° C., 5% CO2 for 24 hours. Prior to the measurement, the medium is replaced by 30 μl of Fluo-8 AM loading buffer [calcium-free Tyrode (130 mM NaCl, 5 mM KCl, 20 mM HEPES, 1 mM MgCl2, 4.8 mM NaHCO3, pH 7.4), 2 mM CaCl2, 6.3 mM Probenecid, 5 μM Fluo-8 AM, 0.0112% Pluronic®] and incubated at 37° C., 5% CO2 for 30 minutes. The test substance is prepared in DMSO in various concentrations as a dose-response curve (starting concentration 10 mM, dilution factor 3.16) and prediluted 1:50 with calcium-free Tyrode, 2 mM CaCl2, 0.002% SmartBlock (from CANDOR Bioscience GmbH). 10 μl of the prediluted substance solution are added to the Fluo-8-laden cells and incubated at 37° C., 5% CO2 for 10 minutes. The FP receptor is activated by adding 40 μl of 2 nM (final concentration) PGF2α in calcium-free Tyrode, 2 mM CaCl2, 0.002% SmartBlock, and the calcium flux is determined by measuring the fluorescence at ex. 470 nm/em. 525 nm in a fluorescence measuring instrument (FLIPR Tetra®, Molecular Devices) for 120 seconds.",CHEMBL5728790,P43088,Prostaglandin F2-alpha receptor,IC50,Cc1c(-c2ccccc2)nc2ccc(Br)cc2c1C(=O)NCC(CC(=O)O)c1ccc(Cl)cc1,6.301029995663981
CHEMBL5929817,CHEMBL1987,Prostaglandin F2-alpha receptor,IC50,=,370.0,nM,CHEMBL5737458,B,"In Vitro Test of Inhibition of Human FP Receptor Activity: For the characterization of test substances in respect of FP antagonism, PGF2α-induced calcium flux in FP-expressing CHEM1 cells (Millipore, HTS093C) was used.3000 cells in 30 μl of full medium [DMEM F12, 10% FCS, 1.35 mM sodium pyruvate, 20 mM HEPES, 4 mM GlutaMAX, 2% sodium bicarbonate, 1% Pen/Strep, 1% 100× non-essential amino acids] are sown per well of a 384 multititre plate (from Greiner, TC plate, black with clear base) and incubated at 33° C., 5% CO2 for 24 hours. Prior to the measurement, the medium is replaced by 30 μl of Fluo-8 AM loading buffer [calcium-free Tyrode (130 mM NaCl, 5 mM KCl, 20 mM HEPES, 1 mM MgCl2, 4.8 mM NaHCO3, pH 7.4), 2 mM CaCl2, 6.3 mM Probenecid, 5 μM Fluo-8 AM, 0.0112% Pluronic®] and incubated at 37° C., 5% CO2 for 30 minutes. The test substance is prepared in DMSO in various concentrations as a dose-response curve (starting concentration 10 mM, dilution factor 3.16) and prediluted 1:50 with calcium-free Tyrode, 2 mM CaCl2, 0.002% SmartBlock (from CANDOR Bioscience GmbH). 10 μl of the prediluted substance solution are added to the Fluo-8-laden cells and incubated at 37° C., 5% CO2 for 10 minutes. The FP receptor is activated by adding 40 μl of 2 nM (final concentration) PGF2α in calcium-free Tyrode, 2 mM CaCl2, 0.002% SmartBlock, and the calcium flux is determined by measuring the fluorescence at ex. 470 nm/em. 525 nm in a fluorescence measuring instrument (FLIPR Tetra®, Molecular Devices) for 120 seconds.",CHEMBL5728790,P43088,Prostaglandin F2-alpha receptor,IC50,Cc1c(-c2ccccc2)nc2ccc(Br)cc2c1C(=O)NC[C@H](CC(=O)O)c1ccc(Cl)cc1,6.431798275933005
CHEMBL4744552,CHEMBL1987,Prostaglandin F2-alpha receptor,IC50,=,48.0,nM,CHEMBL5737458,B,"In Vitro Test of Inhibition of Human FP Receptor Activity: For the characterization of test substances in respect of FP antagonism, PGF2α-induced calcium flux in FP-expressing CHEM1 cells (Millipore, HTS093C) was used.3000 cells in 30 μl of full medium [DMEM F12, 10% FCS, 1.35 mM sodium pyruvate, 20 mM HEPES, 4 mM GlutaMAX, 2% sodium bicarbonate, 1% Pen/Strep, 1% 100× non-essential amino acids] are sown per well of a 384 multititre plate (from Greiner, TC plate, black with clear base) and incubated at 33° C., 5% CO2 for 24 hours. Prior to the measurement, the medium is replaced by 30 μl of Fluo-8 AM loading buffer [calcium-free Tyrode (130 mM NaCl, 5 mM KCl, 20 mM HEPES, 1 mM MgCl2, 4.8 mM NaHCO3, pH 7.4), 2 mM CaCl2, 6.3 mM Probenecid, 5 μM Fluo-8 AM, 0.0112% Pluronic®] and incubated at 37° C., 5% CO2 for 30 minutes. The test substance is prepared in DMSO in various concentrations as a dose-response curve (starting concentration 10 mM, dilution factor 3.16) and prediluted 1:50 with calcium-free Tyrode, 2 mM CaCl2, 0.002% SmartBlock (from CANDOR Bioscience GmbH). 10 μl of the prediluted substance solution are added to the Fluo-8-laden cells and incubated at 37° C., 5% CO2 for 10 minutes. The FP receptor is activated by adding 40 μl of 2 nM (final concentration) PGF2α in calcium-free Tyrode, 2 mM CaCl2, 0.002% SmartBlock, and the calcium flux is determined by measuring the fluorescence at ex. 470 nm/em. 525 nm in a fluorescence measuring instrument (FLIPR Tetra®, Molecular Devices) for 120 seconds.",CHEMBL5728790,P43088,Prostaglandin F2-alpha receptor,IC50,Cc1c(-c2ccccc2)nc2ccc(Br)cc2c1C(=O)NCC(CC(=O)O)c1ccccc1Cl,7.318758762624412
CHEMBL5563887,CHEMBL1987,Prostaglandin F2-alpha receptor,IC50,=,32.0,nM,CHEMBL5737458,B,"In Vitro Test of Inhibition of Human FP Receptor Activity: For the characterization of test substances in respect of FP antagonism, PGF2α-induced calcium flux in FP-expressing CHEM1 cells (Millipore, HTS093C) was used.3000 cells in 30 μl of full medium [DMEM F12, 10% FCS, 1.35 mM sodium pyruvate, 20 mM HEPES, 4 mM GlutaMAX, 2% sodium bicarbonate, 1% Pen/Strep, 1% 100× non-essential amino acids] are sown per well of a 384 multititre plate (from Greiner, TC plate, black with clear base) and incubated at 33° C., 5% CO2 for 24 hours. Prior to the measurement, the medium is replaced by 30 μl of Fluo-8 AM loading buffer [calcium-free Tyrode (130 mM NaCl, 5 mM KCl, 20 mM HEPES, 1 mM MgCl2, 4.8 mM NaHCO3, pH 7.4), 2 mM CaCl2, 6.3 mM Probenecid, 5 μM Fluo-8 AM, 0.0112% Pluronic®] and incubated at 37° C., 5% CO2 for 30 minutes. The test substance is prepared in DMSO in various concentrations as a dose-response curve (starting concentration 10 mM, dilution factor 3.16) and prediluted 1:50 with calcium-free Tyrode, 2 mM CaCl2, 0.002% SmartBlock (from CANDOR Bioscience GmbH). 10 μl of the prediluted substance solution are added to the Fluo-8-laden cells and incubated at 37° C., 5% CO2 for 10 minutes. The FP receptor is activated by adding 40 μl of 2 nM (final concentration) PGF2α in calcium-free Tyrode, 2 mM CaCl2, 0.002% SmartBlock, and the calcium flux is determined by measuring the fluorescence at ex. 470 nm/em. 525 nm in a fluorescence measuring instrument (FLIPR Tetra®, Molecular Devices) for 120 seconds.",CHEMBL5728790,P43088,Prostaglandin F2-alpha receptor,IC50,Cc1c(-c2ccccc2)nc2ccc(Br)cc2c1C(=O)NC[C@H](CC(=O)O)c1ccccc1Cl,7.494850021680094
CHEMBL6049083,CHEMBL1987,Prostaglandin F2-alpha receptor,IC50,=,36.0,nM,CHEMBL5737458,B,"In Vitro Test of Inhibition of Human FP Receptor Activity: For the characterization of test substances in respect of FP antagonism, PGF2α-induced calcium flux in FP-expressing CHEM1 cells (Millipore, HTS093C) was used.3000 cells in 30 μl of full medium [DMEM F12, 10% FCS, 1.35 mM sodium pyruvate, 20 mM HEPES, 4 mM GlutaMAX, 2% sodium bicarbonate, 1% Pen/Strep, 1% 100× non-essential amino acids] are sown per well of a 384 multititre plate (from Greiner, TC plate, black with clear base) and incubated at 33° C., 5% CO2 for 24 hours. Prior to the measurement, the medium is replaced by 30 μl of Fluo-8 AM loading buffer [calcium-free Tyrode (130 mM NaCl, 5 mM KCl, 20 mM HEPES, 1 mM MgCl2, 4.8 mM NaHCO3, pH 7.4), 2 mM CaCl2, 6.3 mM Probenecid, 5 μM Fluo-8 AM, 0.0112% Pluronic®] and incubated at 37° C., 5% CO2 for 30 minutes. The test substance is prepared in DMSO in various concentrations as a dose-response curve (starting concentration 10 mM, dilution factor 3.16) and prediluted 1:50 with calcium-free Tyrode, 2 mM CaCl2, 0.002% SmartBlock (from CANDOR Bioscience GmbH). 10 μl of the prediluted substance solution are added to the Fluo-8-laden cells and incubated at 37° C., 5% CO2 for 10 minutes. The FP receptor is activated by adding 40 μl of 2 nM (final concentration) PGF2α in calcium-free Tyrode, 2 mM CaCl2, 0.002% SmartBlock, and the calcium flux is determined by measuring the fluorescence at ex. 470 nm/em. 525 nm in a fluorescence measuring instrument (FLIPR Tetra®, Molecular Devices) for 120 seconds.",CHEMBL5728790,P43088,Prostaglandin F2-alpha receptor,IC50,Cc1c(-c2ccccc2)nc2ccc(Br)cc2c1C(=O)NC[C@@H](CC(=O)O)c1ccccc1Cl,7.443697499232712
CHEMBL5854623,CHEMBL1987,Prostaglandin F2-alpha receptor,IC50,=,45.0,nM,CHEMBL5737458,B,"In Vitro Test of Inhibition of Human FP Receptor Activity: For the characterization of test substances in respect of FP antagonism, PGF2α-induced calcium flux in FP-expressing CHEM1 cells (Millipore, HTS093C) was used.3000 cells in 30 μl of full medium [DMEM F12, 10% FCS, 1.35 mM sodium pyruvate, 20 mM HEPES, 4 mM GlutaMAX, 2% sodium bicarbonate, 1% Pen/Strep, 1% 100× non-essential amino acids] are sown per well of a 384 multititre plate (from Greiner, TC plate, black with clear base) and incubated at 33° C., 5% CO2 for 24 hours. Prior to the measurement, the medium is replaced by 30 μl of Fluo-8 AM loading buffer [calcium-free Tyrode (130 mM NaCl, 5 mM KCl, 20 mM HEPES, 1 mM MgCl2, 4.8 mM NaHCO3, pH 7.4), 2 mM CaCl2, 6.3 mM Probenecid, 5 μM Fluo-8 AM, 0.0112% Pluronic®] and incubated at 37° C., 5% CO2 for 30 minutes. The test substance is prepared in DMSO in various concentrations as a dose-response curve (starting concentration 10 mM, dilution factor 3.16) and prediluted 1:50 with calcium-free Tyrode, 2 mM CaCl2, 0.002% SmartBlock (from CANDOR Bioscience GmbH). 10 μl of the prediluted substance solution are added to the Fluo-8-laden cells and incubated at 37° C., 5% CO2 for 10 minutes. The FP receptor is activated by adding 40 μl of 2 nM (final concentration) PGF2α in calcium-free Tyrode, 2 mM CaCl2, 0.002% SmartBlock, and the calcium flux is determined by measuring the fluorescence at ex. 470 nm/em. 525 nm in a fluorescence measuring instrument (FLIPR Tetra®, Molecular Devices) for 120 seconds.",CHEMBL5728790,P43088,Prostaglandin F2-alpha receptor,IC50,Cc1c(-c2ccccc2)nc2ccc(Br)cc2c1C(=O)NCC(CC(=O)O)c1cccc(Cl)c1,7.346787486224656
CHEMBL5883706,CHEMBL1987,Prostaglandin F2-alpha receptor,IC50,=,86.0,nM,CHEMBL5737458,B,"In Vitro Test of Inhibition of Human FP Receptor Activity: For the characterization of test substances in respect of FP antagonism, PGF2α-induced calcium flux in FP-expressing CHEM1 cells (Millipore, HTS093C) was used.3000 cells in 30 μl of full medium [DMEM F12, 10% FCS, 1.35 mM sodium pyruvate, 20 mM HEPES, 4 mM GlutaMAX, 2% sodium bicarbonate, 1% Pen/Strep, 1% 100× non-essential amino acids] are sown per well of a 384 multititre plate (from Greiner, TC plate, black with clear base) and incubated at 33° C., 5% CO2 for 24 hours. Prior to the measurement, the medium is replaced by 30 μl of Fluo-8 AM loading buffer [calcium-free Tyrode (130 mM NaCl, 5 mM KCl, 20 mM HEPES, 1 mM MgCl2, 4.8 mM NaHCO3, pH 7.4), 2 mM CaCl2, 6.3 mM Probenecid, 5 μM Fluo-8 AM, 0.0112% Pluronic®] and incubated at 37° C., 5% CO2 for 30 minutes. The test substance is prepared in DMSO in various concentrations as a dose-response curve (starting concentration 10 mM, dilution factor 3.16) and prediluted 1:50 with calcium-free Tyrode, 2 mM CaCl2, 0.002% SmartBlock (from CANDOR Bioscience GmbH). 10 μl of the prediluted substance solution are added to the Fluo-8-laden cells and incubated at 37° C., 5% CO2 for 10 minutes. The FP receptor is activated by adding 40 μl of 2 nM (final concentration) PGF2α in calcium-free Tyrode, 2 mM CaCl2, 0.002% SmartBlock, and the calcium flux is determined by measuring the fluorescence at ex. 470 nm/em. 525 nm in a fluorescence measuring instrument (FLIPR Tetra®, Molecular Devices) for 120 seconds.",CHEMBL5728790,P43088,Prostaglandin F2-alpha receptor,IC50,Cc1c(-c2ccccc2)nc2ccc(Br)cc2c1C(=O)NC[C@H](CC(=O)O)c1cccc(Cl)c1,7.0655015487564325
CHEMBL5747289,CHEMBL1987,Prostaglandin F2-alpha receptor,IC50,=,79.0,nM,CHEMBL5737458,B,"In Vitro Test of Inhibition of Human FP Receptor Activity: For the characterization of test substances in respect of FP antagonism, PGF2α-induced calcium flux in FP-expressing CHEM1 cells (Millipore, HTS093C) was used.3000 cells in 30 μl of full medium [DMEM F12, 10% FCS, 1.35 mM sodium pyruvate, 20 mM HEPES, 4 mM GlutaMAX, 2% sodium bicarbonate, 1% Pen/Strep, 1% 100× non-essential amino acids] are sown per well of a 384 multititre plate (from Greiner, TC plate, black with clear base) and incubated at 33° C., 5% CO2 for 24 hours. Prior to the measurement, the medium is replaced by 30 μl of Fluo-8 AM loading buffer [calcium-free Tyrode (130 mM NaCl, 5 mM KCl, 20 mM HEPES, 1 mM MgCl2, 4.8 mM NaHCO3, pH 7.4), 2 mM CaCl2, 6.3 mM Probenecid, 5 μM Fluo-8 AM, 0.0112% Pluronic®] and incubated at 37° C., 5% CO2 for 30 minutes. The test substance is prepared in DMSO in various concentrations as a dose-response curve (starting concentration 10 mM, dilution factor 3.16) and prediluted 1:50 with calcium-free Tyrode, 2 mM CaCl2, 0.002% SmartBlock (from CANDOR Bioscience GmbH). 10 μl of the prediluted substance solution are added to the Fluo-8-laden cells and incubated at 37° C., 5% CO2 for 10 minutes. The FP receptor is activated by adding 40 μl of 2 nM (final concentration) PGF2α in calcium-free Tyrode, 2 mM CaCl2, 0.002% SmartBlock, and the calcium flux is determined by measuring the fluorescence at ex. 470 nm/em. 525 nm in a fluorescence measuring instrument (FLIPR Tetra®, Molecular Devices) for 120 seconds.",CHEMBL5728790,P43088,Prostaglandin F2-alpha receptor,IC50,Cc1c(-c2ccccc2)nc2ccc(Br)cc2c1C(=O)NC[C@@H](CC(=O)O)c1cccc(Cl)c1,7.102372908709558
CHEMBL6041501,CHEMBL1987,Prostaglandin F2-alpha receptor,IC50,=,69.0,nM,CHEMBL5737458,B,"In Vitro Test of Inhibition of Human FP Receptor Activity: For the characterization of test substances in respect of FP antagonism, PGF2α-induced calcium flux in FP-expressing CHEM1 cells (Millipore, HTS093C) was used.3000 cells in 30 μl of full medium [DMEM F12, 10% FCS, 1.35 mM sodium pyruvate, 20 mM HEPES, 4 mM GlutaMAX, 2% sodium bicarbonate, 1% Pen/Strep, 1% 100× non-essential amino acids] are sown per well of a 384 multititre plate (from Greiner, TC plate, black with clear base) and incubated at 33° C., 5% CO2 for 24 hours. Prior to the measurement, the medium is replaced by 30 μl of Fluo-8 AM loading buffer [calcium-free Tyrode (130 mM NaCl, 5 mM KCl, 20 mM HEPES, 1 mM MgCl2, 4.8 mM NaHCO3, pH 7.4), 2 mM CaCl2, 6.3 mM Probenecid, 5 μM Fluo-8 AM, 0.0112% Pluronic®] and incubated at 37° C., 5% CO2 for 30 minutes. The test substance is prepared in DMSO in various concentrations as a dose-response curve (starting concentration 10 mM, dilution factor 3.16) and prediluted 1:50 with calcium-free Tyrode, 2 mM CaCl2, 0.002% SmartBlock (from CANDOR Bioscience GmbH). 10 μl of the prediluted substance solution are added to the Fluo-8-laden cells and incubated at 37° C., 5% CO2 for 10 minutes. The FP receptor is activated by adding 40 μl of 2 nM (final concentration) PGF2α in calcium-free Tyrode, 2 mM CaCl2, 0.002% SmartBlock, and the calcium flux is determined by measuring the fluorescence at ex. 470 nm/em. 525 nm in a fluorescence measuring instrument (FLIPR Tetra®, Molecular Devices) for 120 seconds.",CHEMBL5728790,P43088,Prostaglandin F2-alpha receptor,IC50,Cc1ccccc1C(CNC(=O)c1c(C)c(-c2ccccc2)nc2ccc(Br)cc12)CC(=O)O,7.161150909262744
CHEMBL5790668,CHEMBL1987,Prostaglandin F2-alpha receptor,IC50,=,23.0,nM,CHEMBL5737458,B,"In Vitro Test of Inhibition of Human FP Receptor Activity: For the characterization of test substances in respect of FP antagonism, PGF2α-induced calcium flux in FP-expressing CHEM1 cells (Millipore, HTS093C) was used.3000 cells in 30 μl of full medium [DMEM F12, 10% FCS, 1.35 mM sodium pyruvate, 20 mM HEPES, 4 mM GlutaMAX, 2% sodium bicarbonate, 1% Pen/Strep, 1% 100× non-essential amino acids] are sown per well of a 384 multititre plate (from Greiner, TC plate, black with clear base) and incubated at 33° C., 5% CO2 for 24 hours. Prior to the measurement, the medium is replaced by 30 μl of Fluo-8 AM loading buffer [calcium-free Tyrode (130 mM NaCl, 5 mM KCl, 20 mM HEPES, 1 mM MgCl2, 4.8 mM NaHCO3, pH 7.4), 2 mM CaCl2, 6.3 mM Probenecid, 5 μM Fluo-8 AM, 0.0112% Pluronic®] and incubated at 37° C., 5% CO2 for 30 minutes. The test substance is prepared in DMSO in various concentrations as a dose-response curve (starting concentration 10 mM, dilution factor 3.16) and prediluted 1:50 with calcium-free Tyrode, 2 mM CaCl2, 0.002% SmartBlock (from CANDOR Bioscience GmbH). 10 μl of the prediluted substance solution are added to the Fluo-8-laden cells and incubated at 37° C., 5% CO2 for 10 minutes. The FP receptor is activated by adding 40 μl of 2 nM (final concentration) PGF2α in calcium-free Tyrode, 2 mM CaCl2, 0.002% SmartBlock, and the calcium flux is determined by measuring the fluorescence at ex. 470 nm/em. 525 nm in a fluorescence measuring instrument (FLIPR Tetra®, Molecular Devices) for 120 seconds.",CHEMBL5728790,P43088,Prostaglandin F2-alpha receptor,IC50,Cc1ccccc1[C@H](CNC(=O)c1c(C)c(-c2ccccc2)nc2ccc(Br)cc12)CC(=O)O,7.638272163982407
CHEMBL5932466,CHEMBL1987,Prostaglandin F2-alpha receptor,IC50,=,85.0,nM,CHEMBL5737458,B,"In Vitro Test of Inhibition of Human FP Receptor Activity: For the characterization of test substances in respect of FP antagonism, PGF2α-induced calcium flux in FP-expressing CHEM1 cells (Millipore, HTS093C) was used.3000 cells in 30 μl of full medium [DMEM F12, 10% FCS, 1.35 mM sodium pyruvate, 20 mM HEPES, 4 mM GlutaMAX, 2% sodium bicarbonate, 1% Pen/Strep, 1% 100× non-essential amino acids] are sown per well of a 384 multititre plate (from Greiner, TC plate, black with clear base) and incubated at 33° C., 5% CO2 for 24 hours. Prior to the measurement, the medium is replaced by 30 μl of Fluo-8 AM loading buffer [calcium-free Tyrode (130 mM NaCl, 5 mM KCl, 20 mM HEPES, 1 mM MgCl2, 4.8 mM NaHCO3, pH 7.4), 2 mM CaCl2, 6.3 mM Probenecid, 5 μM Fluo-8 AM, 0.0112% Pluronic®] and incubated at 37° C., 5% CO2 for 30 minutes. The test substance is prepared in DMSO in various concentrations as a dose-response curve (starting concentration 10 mM, dilution factor 3.16) and prediluted 1:50 with calcium-free Tyrode, 2 mM CaCl2, 0.002% SmartBlock (from CANDOR Bioscience GmbH). 10 μl of the prediluted substance solution are added to the Fluo-8-laden cells and incubated at 37° C., 5% CO2 for 10 minutes. The FP receptor is activated by adding 40 μl of 2 nM (final concentration) PGF2α in calcium-free Tyrode, 2 mM CaCl2, 0.002% SmartBlock, and the calcium flux is determined by measuring the fluorescence at ex. 470 nm/em. 525 nm in a fluorescence measuring instrument (FLIPR Tetra®, Molecular Devices) for 120 seconds.",CHEMBL5728790,P43088,Prostaglandin F2-alpha receptor,IC50,Cc1ccccc1[C@@H](CNC(=O)c1c(C)c(-c2ccccc2)nc2ccc(Br)cc12)CC(=O)O,7.070581074285707
CHEMBL5851958,CHEMBL1987,Prostaglandin F2-alpha receptor,IC50,=,100.0,nM,CHEMBL5737458,B,"In Vitro Test of Inhibition of Human FP Receptor Activity: For the characterization of test substances in respect of FP antagonism, PGF2α-induced calcium flux in FP-expressing CHEM1 cells (Millipore, HTS093C) was used.3000 cells in 30 μl of full medium [DMEM F12, 10% FCS, 1.35 mM sodium pyruvate, 20 mM HEPES, 4 mM GlutaMAX, 2% sodium bicarbonate, 1% Pen/Strep, 1% 100× non-essential amino acids] are sown per well of a 384 multititre plate (from Greiner, TC plate, black with clear base) and incubated at 33° C., 5% CO2 for 24 hours. Prior to the measurement, the medium is replaced by 30 μl of Fluo-8 AM loading buffer [calcium-free Tyrode (130 mM NaCl, 5 mM KCl, 20 mM HEPES, 1 mM MgCl2, 4.8 mM NaHCO3, pH 7.4), 2 mM CaCl2, 6.3 mM Probenecid, 5 μM Fluo-8 AM, 0.0112% Pluronic®] and incubated at 37° C., 5% CO2 for 30 minutes. The test substance is prepared in DMSO in various concentrations as a dose-response curve (starting concentration 10 mM, dilution factor 3.16) and prediluted 1:50 with calcium-free Tyrode, 2 mM CaCl2, 0.002% SmartBlock (from CANDOR Bioscience GmbH). 10 μl of the prediluted substance solution are added to the Fluo-8-laden cells and incubated at 37° C., 5% CO2 for 10 minutes. The FP receptor is activated by adding 40 μl of 2 nM (final concentration) PGF2α in calcium-free Tyrode, 2 mM CaCl2, 0.002% SmartBlock, and the calcium flux is determined by measuring the fluorescence at ex. 470 nm/em. 525 nm in a fluorescence measuring instrument (FLIPR Tetra®, Molecular Devices) for 120 seconds.",CHEMBL5728790,P43088,Prostaglandin F2-alpha receptor,IC50,Cc1c(-c2ccccc2)nc2ccc(Br)cc2c1C(=O)NCC(CC(=O)O)c1c(Cl)cccc1Cl,7.0
CHEMBL5892847,CHEMBL1987,Prostaglandin F2-alpha receptor,IC50,=,140.0,nM,CHEMBL5737458,B,"In Vitro Test of Inhibition of Human FP Receptor Activity: For the characterization of test substances in respect of FP antagonism, PGF2α-induced calcium flux in FP-expressing CHEM1 cells (Millipore, HTS093C) was used.3000 cells in 30 μl of full medium [DMEM F12, 10% FCS, 1.35 mM sodium pyruvate, 20 mM HEPES, 4 mM GlutaMAX, 2% sodium bicarbonate, 1% Pen/Strep, 1% 100× non-essential amino acids] are sown per well of a 384 multititre plate (from Greiner, TC plate, black with clear base) and incubated at 33° C., 5% CO2 for 24 hours. Prior to the measurement, the medium is replaced by 30 μl of Fluo-8 AM loading buffer [calcium-free Tyrode (130 mM NaCl, 5 mM KCl, 20 mM HEPES, 1 mM MgCl2, 4.8 mM NaHCO3, pH 7.4), 2 mM CaCl2, 6.3 mM Probenecid, 5 μM Fluo-8 AM, 0.0112% Pluronic®] and incubated at 37° C., 5% CO2 for 30 minutes. The test substance is prepared in DMSO in various concentrations as a dose-response curve (starting concentration 10 mM, dilution factor 3.16) and prediluted 1:50 with calcium-free Tyrode, 2 mM CaCl2, 0.002% SmartBlock (from CANDOR Bioscience GmbH). 10 μl of the prediluted substance solution are added to the Fluo-8-laden cells and incubated at 37° C., 5% CO2 for 10 minutes. The FP receptor is activated by adding 40 μl of 2 nM (final concentration) PGF2α in calcium-free Tyrode, 2 mM CaCl2, 0.002% SmartBlock, and the calcium flux is determined by measuring the fluorescence at ex. 470 nm/em. 525 nm in a fluorescence measuring instrument (FLIPR Tetra®, Molecular Devices) for 120 seconds.",CHEMBL5728790,P43088,Prostaglandin F2-alpha receptor,IC50,Cc1c(-c2ccccc2)nc2ccc(Br)cc2c1C(=O)NC[C@H](CC(=O)O)c1c(Cl)cccc1Cl,6.853871964321762
CHEMBL5866559,CHEMBL1987,Prostaglandin F2-alpha receptor,IC50,=,51.0,nM,CHEMBL5737458,B,"In Vitro Test of Inhibition of Human FP Receptor Activity: For the characterization of test substances in respect of FP antagonism, PGF2α-induced calcium flux in FP-expressing CHEM1 cells (Millipore, HTS093C) was used.3000 cells in 30 μl of full medium [DMEM F12, 10% FCS, 1.35 mM sodium pyruvate, 20 mM HEPES, 4 mM GlutaMAX, 2% sodium bicarbonate, 1% Pen/Strep, 1% 100× non-essential amino acids] are sown per well of a 384 multititre plate (from Greiner, TC plate, black with clear base) and incubated at 33° C., 5% CO2 for 24 hours. Prior to the measurement, the medium is replaced by 30 μl of Fluo-8 AM loading buffer [calcium-free Tyrode (130 mM NaCl, 5 mM KCl, 20 mM HEPES, 1 mM MgCl2, 4.8 mM NaHCO3, pH 7.4), 2 mM CaCl2, 6.3 mM Probenecid, 5 μM Fluo-8 AM, 0.0112% Pluronic®] and incubated at 37° C., 5% CO2 for 30 minutes. The test substance is prepared in DMSO in various concentrations as a dose-response curve (starting concentration 10 mM, dilution factor 3.16) and prediluted 1:50 with calcium-free Tyrode, 2 mM CaCl2, 0.002% SmartBlock (from CANDOR Bioscience GmbH). 10 μl of the prediluted substance solution are added to the Fluo-8-laden cells and incubated at 37° C., 5% CO2 for 10 minutes. The FP receptor is activated by adding 40 μl of 2 nM (final concentration) PGF2α in calcium-free Tyrode, 2 mM CaCl2, 0.002% SmartBlock, and the calcium flux is determined by measuring the fluorescence at ex. 470 nm/em. 525 nm in a fluorescence measuring instrument (FLIPR Tetra®, Molecular Devices) for 120 seconds.",CHEMBL5728790,P43088,Prostaglandin F2-alpha receptor,IC50,Cc1c(-c2ccccc2)nc2ccc(Br)cc2c1C(=O)NC[C@@H](CC(=O)O)c1c(Cl)cccc1Cl,7.292429823902063
CHEMBL4777724,CHEMBL1987,Prostaglandin F2-alpha receptor,IC50,=,190.0,nM,CHEMBL5737458,B,"In Vitro Test of Inhibition of Human FP Receptor Activity: For the characterization of test substances in respect of FP antagonism, PGF2α-induced calcium flux in FP-expressing CHEM1 cells (Millipore, HTS093C) was used.3000 cells in 30 μl of full medium [DMEM F12, 10% FCS, 1.35 mM sodium pyruvate, 20 mM HEPES, 4 mM GlutaMAX, 2% sodium bicarbonate, 1% Pen/Strep, 1% 100× non-essential amino acids] are sown per well of a 384 multititre plate (from Greiner, TC plate, black with clear base) and incubated at 33° C., 5% CO2 for 24 hours. Prior to the measurement, the medium is replaced by 30 μl of Fluo-8 AM loading buffer [calcium-free Tyrode (130 mM NaCl, 5 mM KCl, 20 mM HEPES, 1 mM MgCl2, 4.8 mM NaHCO3, pH 7.4), 2 mM CaCl2, 6.3 mM Probenecid, 5 μM Fluo-8 AM, 0.0112% Pluronic®] and incubated at 37° C., 5% CO2 for 30 minutes. The test substance is prepared in DMSO in various concentrations as a dose-response curve (starting concentration 10 mM, dilution factor 3.16) and prediluted 1:50 with calcium-free Tyrode, 2 mM CaCl2, 0.002% SmartBlock (from CANDOR Bioscience GmbH). 10 μl of the prediluted substance solution are added to the Fluo-8-laden cells and incubated at 37° C., 5% CO2 for 10 minutes. The FP receptor is activated by adding 40 μl of 2 nM (final concentration) PGF2α in calcium-free Tyrode, 2 mM CaCl2, 0.002% SmartBlock, and the calcium flux is determined by measuring the fluorescence at ex. 470 nm/em. 525 nm in a fluorescence measuring instrument (FLIPR Tetra®, Molecular Devices) for 120 seconds.",CHEMBL5728790,P43088,Prostaglandin F2-alpha receptor,IC50,COc1cccc(C(CNC(=O)c2c(C)c(-c3ccccc3)nc3ccc(Br)cc23)CC(=O)O)c1,6.721246399047171
CHEMBL5751973,CHEMBL1987,Prostaglandin F2-alpha receptor,IC50,=,220.0,nM,CHEMBL5737458,B,"In Vitro Test of Inhibition of Human FP Receptor Activity: For the characterization of test substances in respect of FP antagonism, PGF2α-induced calcium flux in FP-expressing CHEM1 cells (Millipore, HTS093C) was used.3000 cells in 30 μl of full medium [DMEM F12, 10% FCS, 1.35 mM sodium pyruvate, 20 mM HEPES, 4 mM GlutaMAX, 2% sodium bicarbonate, 1% Pen/Strep, 1% 100× non-essential amino acids] are sown per well of a 384 multititre plate (from Greiner, TC plate, black with clear base) and incubated at 33° C., 5% CO2 for 24 hours. Prior to the measurement, the medium is replaced by 30 μl of Fluo-8 AM loading buffer [calcium-free Tyrode (130 mM NaCl, 5 mM KCl, 20 mM HEPES, 1 mM MgCl2, 4.8 mM NaHCO3, pH 7.4), 2 mM CaCl2, 6.3 mM Probenecid, 5 μM Fluo-8 AM, 0.0112% Pluronic®] and incubated at 37° C., 5% CO2 for 30 minutes. The test substance is prepared in DMSO in various concentrations as a dose-response curve (starting concentration 10 mM, dilution factor 3.16) and prediluted 1:50 with calcium-free Tyrode, 2 mM CaCl2, 0.002% SmartBlock (from CANDOR Bioscience GmbH). 10 μl of the prediluted substance solution are added to the Fluo-8-laden cells and incubated at 37° C., 5% CO2 for 10 minutes. The FP receptor is activated by adding 40 μl of 2 nM (final concentration) PGF2α in calcium-free Tyrode, 2 mM CaCl2, 0.002% SmartBlock, and the calcium flux is determined by measuring the fluorescence at ex. 470 nm/em. 525 nm in a fluorescence measuring instrument (FLIPR Tetra®, Molecular Devices) for 120 seconds.",CHEMBL5728790,P43088,Prostaglandin F2-alpha receptor,IC50,COc1cccc([C@H](CNC(=O)c2c(C)c(-c3ccccc3)nc3ccc(Br)cc23)CC(=O)O)c1,6.657577319177793
CHEMBL5942771,CHEMBL1987,Prostaglandin F2-alpha receptor,IC50,=,280.0,nM,CHEMBL5737458,B,"In Vitro Test of Inhibition of Human FP Receptor Activity: For the characterization of test substances in respect of FP antagonism, PGF2α-induced calcium flux in FP-expressing CHEM1 cells (Millipore, HTS093C) was used.3000 cells in 30 μl of full medium [DMEM F12, 10% FCS, 1.35 mM sodium pyruvate, 20 mM HEPES, 4 mM GlutaMAX, 2% sodium bicarbonate, 1% Pen/Strep, 1% 100× non-essential amino acids] are sown per well of a 384 multititre plate (from Greiner, TC plate, black with clear base) and incubated at 33° C., 5% CO2 for 24 hours. Prior to the measurement, the medium is replaced by 30 μl of Fluo-8 AM loading buffer [calcium-free Tyrode (130 mM NaCl, 5 mM KCl, 20 mM HEPES, 1 mM MgCl2, 4.8 mM NaHCO3, pH 7.4), 2 mM CaCl2, 6.3 mM Probenecid, 5 μM Fluo-8 AM, 0.0112% Pluronic®] and incubated at 37° C., 5% CO2 for 30 minutes. The test substance is prepared in DMSO in various concentrations as a dose-response curve (starting concentration 10 mM, dilution factor 3.16) and prediluted 1:50 with calcium-free Tyrode, 2 mM CaCl2, 0.002% SmartBlock (from CANDOR Bioscience GmbH). 10 μl of the prediluted substance solution are added to the Fluo-8-laden cells and incubated at 37° C., 5% CO2 for 10 minutes. The FP receptor is activated by adding 40 μl of 2 nM (final concentration) PGF2α in calcium-free Tyrode, 2 mM CaCl2, 0.002% SmartBlock, and the calcium flux is determined by measuring the fluorescence at ex. 470 nm/em. 525 nm in a fluorescence measuring instrument (FLIPR Tetra®, Molecular Devices) for 120 seconds.",CHEMBL5728790,P43088,Prostaglandin F2-alpha receptor,IC50,COc1cccc([C@@H](CNC(=O)c2c(C)c(-c3ccccc3)nc3ccc(Br)cc23)CC(=O)O)c1,6.552841968657781
CHEMBL5789321,CHEMBL1987,Prostaglandin F2-alpha receptor,IC50,=,16.0,nM,CHEMBL5737458,B,"In Vitro Test of Inhibition of Human FP Receptor Activity: For the characterization of test substances in respect of FP antagonism, PGF2α-induced calcium flux in FP-expressing CHEM1 cells (Millipore, HTS093C) was used.3000 cells in 30 μl of full medium [DMEM F12, 10% FCS, 1.35 mM sodium pyruvate, 20 mM HEPES, 4 mM GlutaMAX, 2% sodium bicarbonate, 1% Pen/Strep, 1% 100× non-essential amino acids] are sown per well of a 384 multititre plate (from Greiner, TC plate, black with clear base) and incubated at 33° C., 5% CO2 for 24 hours. Prior to the measurement, the medium is replaced by 30 μl of Fluo-8 AM loading buffer [calcium-free Tyrode (130 mM NaCl, 5 mM KCl, 20 mM HEPES, 1 mM MgCl2, 4.8 mM NaHCO3, pH 7.4), 2 mM CaCl2, 6.3 mM Probenecid, 5 μM Fluo-8 AM, 0.0112% Pluronic®] and incubated at 37° C., 5% CO2 for 30 minutes. The test substance is prepared in DMSO in various concentrations as a dose-response curve (starting concentration 10 mM, dilution factor 3.16) and prediluted 1:50 with calcium-free Tyrode, 2 mM CaCl2, 0.002% SmartBlock (from CANDOR Bioscience GmbH). 10 μl of the prediluted substance solution are added to the Fluo-8-laden cells and incubated at 37° C., 5% CO2 for 10 minutes. The FP receptor is activated by adding 40 μl of 2 nM (final concentration) PGF2α in calcium-free Tyrode, 2 mM CaCl2, 0.002% SmartBlock, and the calcium flux is determined by measuring the fluorescence at ex. 470 nm/em. 525 nm in a fluorescence measuring instrument (FLIPR Tetra®, Molecular Devices) for 120 seconds.",CHEMBL5728790,P43088,Prostaglandin F2-alpha receptor,IC50,Cc1c(-c2ccccc2)nc2ccc(Br)cc2c1C(=O)NCC(C)(CC(=O)O)c1ncccc1Cl,7.795880017344075
CHEMBL5826846,CHEMBL1987,Prostaglandin F2-alpha receptor,IC50,=,16.0,nM,CHEMBL5737458,B,"In Vitro Test of Inhibition of Human FP Receptor Activity: For the characterization of test substances in respect of FP antagonism, PGF2α-induced calcium flux in FP-expressing CHEM1 cells (Millipore, HTS093C) was used.3000 cells in 30 μl of full medium [DMEM F12, 10% FCS, 1.35 mM sodium pyruvate, 20 mM HEPES, 4 mM GlutaMAX, 2% sodium bicarbonate, 1% Pen/Strep, 1% 100× non-essential amino acids] are sown per well of a 384 multititre plate (from Greiner, TC plate, black with clear base) and incubated at 33° C., 5% CO2 for 24 hours. Prior to the measurement, the medium is replaced by 30 μl of Fluo-8 AM loading buffer [calcium-free Tyrode (130 mM NaCl, 5 mM KCl, 20 mM HEPES, 1 mM MgCl2, 4.8 mM NaHCO3, pH 7.4), 2 mM CaCl2, 6.3 mM Probenecid, 5 μM Fluo-8 AM, 0.0112% Pluronic®] and incubated at 37° C., 5% CO2 for 30 minutes. The test substance is prepared in DMSO in various concentrations as a dose-response curve (starting concentration 10 mM, dilution factor 3.16) and prediluted 1:50 with calcium-free Tyrode, 2 mM CaCl2, 0.002% SmartBlock (from CANDOR Bioscience GmbH). 10 μl of the prediluted substance solution are added to the Fluo-8-laden cells and incubated at 37° C., 5% CO2 for 10 minutes. The FP receptor is activated by adding 40 μl of 2 nM (final concentration) PGF2α in calcium-free Tyrode, 2 mM CaCl2, 0.002% SmartBlock, and the calcium flux is determined by measuring the fluorescence at ex. 470 nm/em. 525 nm in a fluorescence measuring instrument (FLIPR Tetra®, Molecular Devices) for 120 seconds.",CHEMBL5728790,P43088,Prostaglandin F2-alpha receptor,IC50,Cc1c(-c2ccccc2)nc2ccc(Br)cc2c1C(=O)NC[C@@](C)(CC(=O)O)c1ncccc1Cl,7.795880017344075
CHEMBL5905204,CHEMBL1987,Prostaglandin F2-alpha receptor,IC50,=,240.0,nM,CHEMBL5737458,B,"In Vitro Test of Inhibition of Human FP Receptor Activity: For the characterization of test substances in respect of FP antagonism, PGF2α-induced calcium flux in FP-expressing CHEM1 cells (Millipore, HTS093C) was used.3000 cells in 30 μl of full medium [DMEM F12, 10% FCS, 1.35 mM sodium pyruvate, 20 mM HEPES, 4 mM GlutaMAX, 2% sodium bicarbonate, 1% Pen/Strep, 1% 100× non-essential amino acids] are sown per well of a 384 multititre plate (from Greiner, TC plate, black with clear base) and incubated at 33° C., 5% CO2 for 24 hours. Prior to the measurement, the medium is replaced by 30 μl of Fluo-8 AM loading buffer [calcium-free Tyrode (130 mM NaCl, 5 mM KCl, 20 mM HEPES, 1 mM MgCl2, 4.8 mM NaHCO3, pH 7.4), 2 mM CaCl2, 6.3 mM Probenecid, 5 μM Fluo-8 AM, 0.0112% Pluronic®] and incubated at 37° C., 5% CO2 for 30 minutes. The test substance is prepared in DMSO in various concentrations as a dose-response curve (starting concentration 10 mM, dilution factor 3.16) and prediluted 1:50 with calcium-free Tyrode, 2 mM CaCl2, 0.002% SmartBlock (from CANDOR Bioscience GmbH). 10 μl of the prediluted substance solution are added to the Fluo-8-laden cells and incubated at 37° C., 5% CO2 for 10 minutes. The FP receptor is activated by adding 40 μl of 2 nM (final concentration) PGF2α in calcium-free Tyrode, 2 mM CaCl2, 0.002% SmartBlock, and the calcium flux is determined by measuring the fluorescence at ex. 470 nm/em. 525 nm in a fluorescence measuring instrument (FLIPR Tetra®, Molecular Devices) for 120 seconds.",CHEMBL5728790,P43088,Prostaglandin F2-alpha receptor,IC50,Cc1c(-c2ccccc2)nc2ccc(Br)cc2c1C(=O)NC[C@](C)(CC(=O)O)c1ncccc1Cl,6.619788758288394
CHEMBL5901820,CHEMBL1987,Prostaglandin F2-alpha receptor,IC50,=,23.0,nM,CHEMBL5737458,B,"In Vitro Test of Inhibition of Human FP Receptor Activity: For the characterization of test substances in respect of FP antagonism, PGF2α-induced calcium flux in FP-expressing CHEM1 cells (Millipore, HTS093C) was used.3000 cells in 30 μl of full medium [DMEM F12, 10% FCS, 1.35 mM sodium pyruvate, 20 mM HEPES, 4 mM GlutaMAX, 2% sodium bicarbonate, 1% Pen/Strep, 1% 100× non-essential amino acids] are sown per well of a 384 multititre plate (from Greiner, TC plate, black with clear base) and incubated at 33° C., 5% CO2 for 24 hours. Prior to the measurement, the medium is replaced by 30 μl of Fluo-8 AM loading buffer [calcium-free Tyrode (130 mM NaCl, 5 mM KCl, 20 mM HEPES, 1 mM MgCl2, 4.8 mM NaHCO3, pH 7.4), 2 mM CaCl2, 6.3 mM Probenecid, 5 μM Fluo-8 AM, 0.0112% Pluronic®] and incubated at 37° C., 5% CO2 for 30 minutes. The test substance is prepared in DMSO in various concentrations as a dose-response curve (starting concentration 10 mM, dilution factor 3.16) and prediluted 1:50 with calcium-free Tyrode, 2 mM CaCl2, 0.002% SmartBlock (from CANDOR Bioscience GmbH). 10 μl of the prediluted substance solution are added to the Fluo-8-laden cells and incubated at 37° C., 5% CO2 for 10 minutes. The FP receptor is activated by adding 40 μl of 2 nM (final concentration) PGF2α in calcium-free Tyrode, 2 mM CaCl2, 0.002% SmartBlock, and the calcium flux is determined by measuring the fluorescence at ex. 470 nm/em. 525 nm in a fluorescence measuring instrument (FLIPR Tetra®, Molecular Devices) for 120 seconds.",CHEMBL5728790,P43088,Prostaglandin F2-alpha receptor,IC50,Cc1c(-c2ccccc2)nc2ccc(Br)cc2c1C(=O)NCC(CC(=O)O)c1c(F)cccc1Cl,7.638272163982407
CHEMBL6049816,CHEMBL1987,Prostaglandin F2-alpha receptor,IC50,=,19.0,nM,CHEMBL5737458,B,"In Vitro Test of Inhibition of Human FP Receptor Activity: For the characterization of test substances in respect of FP antagonism, PGF2α-induced calcium flux in FP-expressing CHEM1 cells (Millipore, HTS093C) was used.3000 cells in 30 μl of full medium [DMEM F12, 10% FCS, 1.35 mM sodium pyruvate, 20 mM HEPES, 4 mM GlutaMAX, 2% sodium bicarbonate, 1% Pen/Strep, 1% 100× non-essential amino acids] are sown per well of a 384 multititre plate (from Greiner, TC plate, black with clear base) and incubated at 33° C., 5% CO2 for 24 hours. Prior to the measurement, the medium is replaced by 30 μl of Fluo-8 AM loading buffer [calcium-free Tyrode (130 mM NaCl, 5 mM KCl, 20 mM HEPES, 1 mM MgCl2, 4.8 mM NaHCO3, pH 7.4), 2 mM CaCl2, 6.3 mM Probenecid, 5 μM Fluo-8 AM, 0.0112% Pluronic®] and incubated at 37° C., 5% CO2 for 30 minutes. The test substance is prepared in DMSO in various concentrations as a dose-response curve (starting concentration 10 mM, dilution factor 3.16) and prediluted 1:50 with calcium-free Tyrode, 2 mM CaCl2, 0.002% SmartBlock (from CANDOR Bioscience GmbH). 10 μl of the prediluted substance solution are added to the Fluo-8-laden cells and incubated at 37° C., 5% CO2 for 10 minutes. The FP receptor is activated by adding 40 μl of 2 nM (final concentration) PGF2α in calcium-free Tyrode, 2 mM CaCl2, 0.002% SmartBlock, and the calcium flux is determined by measuring the fluorescence at ex. 470 nm/em. 525 nm in a fluorescence measuring instrument (FLIPR Tetra®, Molecular Devices) for 120 seconds.",CHEMBL5728790,P43088,Prostaglandin F2-alpha receptor,IC50,Cc1c(-c2ccccc2)nc2ccc(Br)cc2c1C(=O)NC[C@H](CC(=O)O)c1c(F)cccc1Cl,7.721246399047171
CHEMBL6062814,CHEMBL1987,Prostaglandin F2-alpha receptor,IC50,=,27.0,nM,CHEMBL5737458,B,"In Vitro Test of Inhibition of Human FP Receptor Activity: For the characterization of test substances in respect of FP antagonism, PGF2α-induced calcium flux in FP-expressing CHEM1 cells (Millipore, HTS093C) was used.3000 cells in 30 μl of full medium [DMEM F12, 10% FCS, 1.35 mM sodium pyruvate, 20 mM HEPES, 4 mM GlutaMAX, 2% sodium bicarbonate, 1% Pen/Strep, 1% 100× non-essential amino acids] are sown per well of a 384 multititre plate (from Greiner, TC plate, black with clear base) and incubated at 33° C., 5% CO2 for 24 hours. Prior to the measurement, the medium is replaced by 30 μl of Fluo-8 AM loading buffer [calcium-free Tyrode (130 mM NaCl, 5 mM KCl, 20 mM HEPES, 1 mM MgCl2, 4.8 mM NaHCO3, pH 7.4), 2 mM CaCl2, 6.3 mM Probenecid, 5 μM Fluo-8 AM, 0.0112% Pluronic®] and incubated at 37° C., 5% CO2 for 30 minutes. The test substance is prepared in DMSO in various concentrations as a dose-response curve (starting concentration 10 mM, dilution factor 3.16) and prediluted 1:50 with calcium-free Tyrode, 2 mM CaCl2, 0.002% SmartBlock (from CANDOR Bioscience GmbH). 10 μl of the prediluted substance solution are added to the Fluo-8-laden cells and incubated at 37° C., 5% CO2 for 10 minutes. The FP receptor is activated by adding 40 μl of 2 nM (final concentration) PGF2α in calcium-free Tyrode, 2 mM CaCl2, 0.002% SmartBlock, and the calcium flux is determined by measuring the fluorescence at ex. 470 nm/em. 525 nm in a fluorescence measuring instrument (FLIPR Tetra®, Molecular Devices) for 120 seconds.",CHEMBL5728790,P43088,Prostaglandin F2-alpha receptor,IC50,Cc1c(-c2ccccc2)nc2ccc(Br)cc2c1C(=O)NC[C@@H](CC(=O)O)c1c(F)cccc1Cl,7.568636235841012
CHEMBL6043717,CHEMBL1987,Prostaglandin F2-alpha receptor,IC50,=,470.0,nM,CHEMBL5737458,B,"In Vitro Test of Inhibition of Human FP Receptor Activity: For the characterization of test substances in respect of FP antagonism, PGF2α-induced calcium flux in FP-expressing CHEM1 cells (Millipore, HTS093C) was used.3000 cells in 30 μl of full medium [DMEM F12, 10% FCS, 1.35 mM sodium pyruvate, 20 mM HEPES, 4 mM GlutaMAX, 2% sodium bicarbonate, 1% Pen/Strep, 1% 100× non-essential amino acids] are sown per well of a 384 multititre plate (from Greiner, TC plate, black with clear base) and incubated at 33° C., 5% CO2 for 24 hours. Prior to the measurement, the medium is replaced by 30 μl of Fluo-8 AM loading buffer [calcium-free Tyrode (130 mM NaCl, 5 mM KCl, 20 mM HEPES, 1 mM MgCl2, 4.8 mM NaHCO3, pH 7.4), 2 mM CaCl2, 6.3 mM Probenecid, 5 μM Fluo-8 AM, 0.0112% Pluronic®] and incubated at 37° C., 5% CO2 for 30 minutes. The test substance is prepared in DMSO in various concentrations as a dose-response curve (starting concentration 10 mM, dilution factor 3.16) and prediluted 1:50 with calcium-free Tyrode, 2 mM CaCl2, 0.002% SmartBlock (from CANDOR Bioscience GmbH). 10 μl of the prediluted substance solution are added to the Fluo-8-laden cells and incubated at 37° C., 5% CO2 for 10 minutes. The FP receptor is activated by adding 40 μl of 2 nM (final concentration) PGF2α in calcium-free Tyrode, 2 mM CaCl2, 0.002% SmartBlock, and the calcium flux is determined by measuring the fluorescence at ex. 470 nm/em. 525 nm in a fluorescence measuring instrument (FLIPR Tetra®, Molecular Devices) for 120 seconds.",CHEMBL5728790,P43088,Prostaglandin F2-alpha receptor,IC50,Cc1ccc(C(CNC(=O)c2c(C)c(-c3ccccc3)nc3ccc(Br)cc23)CC(=O)O)cc1,6.327902142064282
CHEMBL5779189,CHEMBL1987,Prostaglandin F2-alpha receptor,IC50,=,460.0,nM,CHEMBL5737458,B,"In Vitro Test of Inhibition of Human FP Receptor Activity: For the characterization of test substances in respect of FP antagonism, PGF2α-induced calcium flux in FP-expressing CHEM1 cells (Millipore, HTS093C) was used.3000 cells in 30 μl of full medium [DMEM F12, 10% FCS, 1.35 mM sodium pyruvate, 20 mM HEPES, 4 mM GlutaMAX, 2% sodium bicarbonate, 1% Pen/Strep, 1% 100× non-essential amino acids] are sown per well of a 384 multititre plate (from Greiner, TC plate, black with clear base) and incubated at 33° C., 5% CO2 for 24 hours. Prior to the measurement, the medium is replaced by 30 μl of Fluo-8 AM loading buffer [calcium-free Tyrode (130 mM NaCl, 5 mM KCl, 20 mM HEPES, 1 mM MgCl2, 4.8 mM NaHCO3, pH 7.4), 2 mM CaCl2, 6.3 mM Probenecid, 5 μM Fluo-8 AM, 0.0112% Pluronic®] and incubated at 37° C., 5% CO2 for 30 minutes. The test substance is prepared in DMSO in various concentrations as a dose-response curve (starting concentration 10 mM, dilution factor 3.16) and prediluted 1:50 with calcium-free Tyrode, 2 mM CaCl2, 0.002% SmartBlock (from CANDOR Bioscience GmbH). 10 μl of the prediluted substance solution are added to the Fluo-8-laden cells and incubated at 37° C., 5% CO2 for 10 minutes. The FP receptor is activated by adding 40 μl of 2 nM (final concentration) PGF2α in calcium-free Tyrode, 2 mM CaCl2, 0.002% SmartBlock, and the calcium flux is determined by measuring the fluorescence at ex. 470 nm/em. 525 nm in a fluorescence measuring instrument (FLIPR Tetra®, Molecular Devices) for 120 seconds.",CHEMBL5728790,P43088,Prostaglandin F2-alpha receptor,IC50,Cc1ccc([C@H](CNC(=O)c2c(C)c(-c3ccccc3)nc3ccc(Br)cc23)CC(=O)O)cc1,6.337242168318426
CHEMBL5868827,CHEMBL1987,Prostaglandin F2-alpha receptor,IC50,=,320.0,nM,CHEMBL5737458,B,"In Vitro Test of Inhibition of Human FP Receptor Activity: For the characterization of test substances in respect of FP antagonism, PGF2α-induced calcium flux in FP-expressing CHEM1 cells (Millipore, HTS093C) was used.3000 cells in 30 μl of full medium [DMEM F12, 10% FCS, 1.35 mM sodium pyruvate, 20 mM HEPES, 4 mM GlutaMAX, 2% sodium bicarbonate, 1% Pen/Strep, 1% 100× non-essential amino acids] are sown per well of a 384 multititre plate (from Greiner, TC plate, black with clear base) and incubated at 33° C., 5% CO2 for 24 hours. Prior to the measurement, the medium is replaced by 30 μl of Fluo-8 AM loading buffer [calcium-free Tyrode (130 mM NaCl, 5 mM KCl, 20 mM HEPES, 1 mM MgCl2, 4.8 mM NaHCO3, pH 7.4), 2 mM CaCl2, 6.3 mM Probenecid, 5 μM Fluo-8 AM, 0.0112% Pluronic®] and incubated at 37° C., 5% CO2 for 30 minutes. The test substance is prepared in DMSO in various concentrations as a dose-response curve (starting concentration 10 mM, dilution factor 3.16) and prediluted 1:50 with calcium-free Tyrode, 2 mM CaCl2, 0.002% SmartBlock (from CANDOR Bioscience GmbH). 10 μl of the prediluted substance solution are added to the Fluo-8-laden cells and incubated at 37° C., 5% CO2 for 10 minutes. The FP receptor is activated by adding 40 μl of 2 nM (final concentration) PGF2α in calcium-free Tyrode, 2 mM CaCl2, 0.002% SmartBlock, and the calcium flux is determined by measuring the fluorescence at ex. 470 nm/em. 525 nm in a fluorescence measuring instrument (FLIPR Tetra®, Molecular Devices) for 120 seconds.",CHEMBL5728790,P43088,Prostaglandin F2-alpha receptor,IC50,Cc1ccc([C@@H](CNC(=O)c2c(C)c(-c3ccccc3)nc3ccc(Br)cc23)CC(=O)O)cc1,6.494850021680094
CHEMBL6006160,CHEMBL1987,Prostaglandin F2-alpha receptor,IC50,=,80.0,nM,CHEMBL5737458,B,"In Vitro Test of Inhibition of Human FP Receptor Activity: For the characterization of test substances in respect of FP antagonism, PGF2α-induced calcium flux in FP-expressing CHEM1 cells (Millipore, HTS093C) was used.3000 cells in 30 μl of full medium [DMEM F12, 10% FCS, 1.35 mM sodium pyruvate, 20 mM HEPES, 4 mM GlutaMAX, 2% sodium bicarbonate, 1% Pen/Strep, 1% 100× non-essential amino acids] are sown per well of a 384 multititre plate (from Greiner, TC plate, black with clear base) and incubated at 33° C., 5% CO2 for 24 hours. Prior to the measurement, the medium is replaced by 30 μl of Fluo-8 AM loading buffer [calcium-free Tyrode (130 mM NaCl, 5 mM KCl, 20 mM HEPES, 1 mM MgCl2, 4.8 mM NaHCO3, pH 7.4), 2 mM CaCl2, 6.3 mM Probenecid, 5 μM Fluo-8 AM, 0.0112% Pluronic®] and incubated at 37° C., 5% CO2 for 30 minutes. The test substance is prepared in DMSO in various concentrations as a dose-response curve (starting concentration 10 mM, dilution factor 3.16) and prediluted 1:50 with calcium-free Tyrode, 2 mM CaCl2, 0.002% SmartBlock (from CANDOR Bioscience GmbH). 10 μl of the prediluted substance solution are added to the Fluo-8-laden cells and incubated at 37° C., 5% CO2 for 10 minutes. The FP receptor is activated by adding 40 μl of 2 nM (final concentration) PGF2α in calcium-free Tyrode, 2 mM CaCl2, 0.002% SmartBlock, and the calcium flux is determined by measuring the fluorescence at ex. 470 nm/em. 525 nm in a fluorescence measuring instrument (FLIPR Tetra®, Molecular Devices) for 120 seconds.",CHEMBL5728790,P43088,Prostaglandin F2-alpha receptor,IC50,Cc1cccc(C(CNC(=O)c2c(C)c(-c3ccccc3)nc3ccc(Br)cc23)CC(=O)O)c1,7.096910013008056
CHEMBL6035527,CHEMBL1987,Prostaglandin F2-alpha receptor,IC50,=,96.0,nM,CHEMBL5737458,B,"In Vitro Test of Inhibition of Human FP Receptor Activity: For the characterization of test substances in respect of FP antagonism, PGF2α-induced calcium flux in FP-expressing CHEM1 cells (Millipore, HTS093C) was used.3000 cells in 30 μl of full medium [DMEM F12, 10% FCS, 1.35 mM sodium pyruvate, 20 mM HEPES, 4 mM GlutaMAX, 2% sodium bicarbonate, 1% Pen/Strep, 1% 100× non-essential amino acids] are sown per well of a 384 multititre plate (from Greiner, TC plate, black with clear base) and incubated at 33° C., 5% CO2 for 24 hours. Prior to the measurement, the medium is replaced by 30 μl of Fluo-8 AM loading buffer [calcium-free Tyrode (130 mM NaCl, 5 mM KCl, 20 mM HEPES, 1 mM MgCl2, 4.8 mM NaHCO3, pH 7.4), 2 mM CaCl2, 6.3 mM Probenecid, 5 μM Fluo-8 AM, 0.0112% Pluronic®] and incubated at 37° C., 5% CO2 for 30 minutes. The test substance is prepared in DMSO in various concentrations as a dose-response curve (starting concentration 10 mM, dilution factor 3.16) and prediluted 1:50 with calcium-free Tyrode, 2 mM CaCl2, 0.002% SmartBlock (from CANDOR Bioscience GmbH). 10 μl of the prediluted substance solution are added to the Fluo-8-laden cells and incubated at 37° C., 5% CO2 for 10 minutes. The FP receptor is activated by adding 40 μl of 2 nM (final concentration) PGF2α in calcium-free Tyrode, 2 mM CaCl2, 0.002% SmartBlock, and the calcium flux is determined by measuring the fluorescence at ex. 470 nm/em. 525 nm in a fluorescence measuring instrument (FLIPR Tetra®, Molecular Devices) for 120 seconds.",CHEMBL5728790,P43088,Prostaglandin F2-alpha receptor,IC50,Cc1cccc([C@H](CNC(=O)c2c(C)c(-c3ccccc3)nc3ccc(Br)cc23)CC(=O)O)c1,7.017728766960431
CHEMBL5932711,CHEMBL1987,Prostaglandin F2-alpha receptor,IC50,=,84.0,nM,CHEMBL5737458,B,"In Vitro Test of Inhibition of Human FP Receptor Activity: For the characterization of test substances in respect of FP antagonism, PGF2α-induced calcium flux in FP-expressing CHEM1 cells (Millipore, HTS093C) was used.3000 cells in 30 μl of full medium [DMEM F12, 10% FCS, 1.35 mM sodium pyruvate, 20 mM HEPES, 4 mM GlutaMAX, 2% sodium bicarbonate, 1% Pen/Strep, 1% 100× non-essential amino acids] are sown per well of a 384 multititre plate (from Greiner, TC plate, black with clear base) and incubated at 33° C., 5% CO2 for 24 hours. Prior to the measurement, the medium is replaced by 30 μl of Fluo-8 AM loading buffer [calcium-free Tyrode (130 mM NaCl, 5 mM KCl, 20 mM HEPES, 1 mM MgCl2, 4.8 mM NaHCO3, pH 7.4), 2 mM CaCl2, 6.3 mM Probenecid, 5 μM Fluo-8 AM, 0.0112% Pluronic®] and incubated at 37° C., 5% CO2 for 30 minutes. The test substance is prepared in DMSO in various concentrations as a dose-response curve (starting concentration 10 mM, dilution factor 3.16) and prediluted 1:50 with calcium-free Tyrode, 2 mM CaCl2, 0.002% SmartBlock (from CANDOR Bioscience GmbH). 10 μl of the prediluted substance solution are added to the Fluo-8-laden cells and incubated at 37° C., 5% CO2 for 10 minutes. The FP receptor is activated by adding 40 μl of 2 nM (final concentration) PGF2α in calcium-free Tyrode, 2 mM CaCl2, 0.002% SmartBlock, and the calcium flux is determined by measuring the fluorescence at ex. 470 nm/em. 525 nm in a fluorescence measuring instrument (FLIPR Tetra®, Molecular Devices) for 120 seconds.",CHEMBL5728790,P43088,Prostaglandin F2-alpha receptor,IC50,Cc1cccc([C@@H](CNC(=O)c2c(C)c(-c3ccccc3)nc3ccc(Br)cc23)CC(=O)O)c1,7.075720713938118
CHEMBL4761670,CHEMBL1987,Prostaglandin F2-alpha receptor,IC50,=,23.0,nM,CHEMBL5737458,B,"In Vitro Test of Inhibition of Human FP Receptor Activity: For the characterization of test substances in respect of FP antagonism, PGF2α-induced calcium flux in FP-expressing CHEM1 cells (Millipore, HTS093C) was used.3000 cells in 30 μl of full medium [DMEM F12, 10% FCS, 1.35 mM sodium pyruvate, 20 mM HEPES, 4 mM GlutaMAX, 2% sodium bicarbonate, 1% Pen/Strep, 1% 100× non-essential amino acids] are sown per well of a 384 multititre plate (from Greiner, TC plate, black with clear base) and incubated at 33° C., 5% CO2 for 24 hours. Prior to the measurement, the medium is replaced by 30 μl of Fluo-8 AM loading buffer [calcium-free Tyrode (130 mM NaCl, 5 mM KCl, 20 mM HEPES, 1 mM MgCl2, 4.8 mM NaHCO3, pH 7.4), 2 mM CaCl2, 6.3 mM Probenecid, 5 μM Fluo-8 AM, 0.0112% Pluronic®] and incubated at 37° C., 5% CO2 for 30 minutes. The test substance is prepared in DMSO in various concentrations as a dose-response curve (starting concentration 10 mM, dilution factor 3.16) and prediluted 1:50 with calcium-free Tyrode, 2 mM CaCl2, 0.002% SmartBlock (from CANDOR Bioscience GmbH). 10 μl of the prediluted substance solution are added to the Fluo-8-laden cells and incubated at 37° C., 5% CO2 for 10 minutes. The FP receptor is activated by adding 40 μl of 2 nM (final concentration) PGF2α in calcium-free Tyrode, 2 mM CaCl2, 0.002% SmartBlock, and the calcium flux is determined by measuring the fluorescence at ex. 470 nm/em. 525 nm in a fluorescence measuring instrument (FLIPR Tetra®, Molecular Devices) for 120 seconds.",CHEMBL5728790,P43088,Prostaglandin F2-alpha receptor,IC50,COc1ccccc1C(CNC(=O)c1c(C)c(-c2ccccc2)nc2ccc(Br)cc12)CC(=O)O,7.638272163982407
CHEMBL5848639,CHEMBL1987,Prostaglandin F2-alpha receptor,IC50,=,120.0,nM,CHEMBL5737458,B,"In Vitro Test of Inhibition of Human FP Receptor Activity: For the characterization of test substances in respect of FP antagonism, PGF2α-induced calcium flux in FP-expressing CHEM1 cells (Millipore, HTS093C) was used.3000 cells in 30 μl of full medium [DMEM F12, 10% FCS, 1.35 mM sodium pyruvate, 20 mM HEPES, 4 mM GlutaMAX, 2% sodium bicarbonate, 1% Pen/Strep, 1% 100× non-essential amino acids] are sown per well of a 384 multititre plate (from Greiner, TC plate, black with clear base) and incubated at 33° C., 5% CO2 for 24 hours. Prior to the measurement, the medium is replaced by 30 μl of Fluo-8 AM loading buffer [calcium-free Tyrode (130 mM NaCl, 5 mM KCl, 20 mM HEPES, 1 mM MgCl2, 4.8 mM NaHCO3, pH 7.4), 2 mM CaCl2, 6.3 mM Probenecid, 5 μM Fluo-8 AM, 0.0112% Pluronic®] and incubated at 37° C., 5% CO2 for 30 minutes. The test substance is prepared in DMSO in various concentrations as a dose-response curve (starting concentration 10 mM, dilution factor 3.16) and prediluted 1:50 with calcium-free Tyrode, 2 mM CaCl2, 0.002% SmartBlock (from CANDOR Bioscience GmbH). 10 μl of the prediluted substance solution are added to the Fluo-8-laden cells and incubated at 37° C., 5% CO2 for 10 minutes. The FP receptor is activated by adding 40 μl of 2 nM (final concentration) PGF2α in calcium-free Tyrode, 2 mM CaCl2, 0.002% SmartBlock, and the calcium flux is determined by measuring the fluorescence at ex. 470 nm/em. 525 nm in a fluorescence measuring instrument (FLIPR Tetra®, Molecular Devices) for 120 seconds.",CHEMBL5728790,P43088,Prostaglandin F2-alpha receptor,IC50,COc1ccccc1[C@H](CNC(=O)c1c(C)c(-c2ccccc2)nc2ccc(Br)cc12)CC(=O)O,6.920818753952375
CHEMBL5810483,CHEMBL1987,Prostaglandin F2-alpha receptor,IC50,=,9.0,nM,CHEMBL5737458,B,"In Vitro Test of Inhibition of Human FP Receptor Activity: For the characterization of test substances in respect of FP antagonism, PGF2α-induced calcium flux in FP-expressing CHEM1 cells (Millipore, HTS093C) was used.3000 cells in 30 μl of full medium [DMEM F12, 10% FCS, 1.35 mM sodium pyruvate, 20 mM HEPES, 4 mM GlutaMAX, 2% sodium bicarbonate, 1% Pen/Strep, 1% 100× non-essential amino acids] are sown per well of a 384 multititre plate (from Greiner, TC plate, black with clear base) and incubated at 33° C., 5% CO2 for 24 hours. Prior to the measurement, the medium is replaced by 30 μl of Fluo-8 AM loading buffer [calcium-free Tyrode (130 mM NaCl, 5 mM KCl, 20 mM HEPES, 1 mM MgCl2, 4.8 mM NaHCO3, pH 7.4), 2 mM CaCl2, 6.3 mM Probenecid, 5 μM Fluo-8 AM, 0.0112% Pluronic®] and incubated at 37° C., 5% CO2 for 30 minutes. The test substance is prepared in DMSO in various concentrations as a dose-response curve (starting concentration 10 mM, dilution factor 3.16) and prediluted 1:50 with calcium-free Tyrode, 2 mM CaCl2, 0.002% SmartBlock (from CANDOR Bioscience GmbH). 10 μl of the prediluted substance solution are added to the Fluo-8-laden cells and incubated at 37° C., 5% CO2 for 10 minutes. The FP receptor is activated by adding 40 μl of 2 nM (final concentration) PGF2α in calcium-free Tyrode, 2 mM CaCl2, 0.002% SmartBlock, and the calcium flux is determined by measuring the fluorescence at ex. 470 nm/em. 525 nm in a fluorescence measuring instrument (FLIPR Tetra®, Molecular Devices) for 120 seconds.",CHEMBL5728790,P43088,Prostaglandin F2-alpha receptor,IC50,COc1ccccc1[C@@H](CNC(=O)c1c(C)c(-c2ccccc2)nc2ccc(Br)cc12)CC(=O)O,8.045757490560675
CHEMBL5841640,CHEMBL1987,Prostaglandin F2-alpha receptor,IC50,=,28.0,nM,CHEMBL5737458,B,"In Vitro Test of Inhibition of Human FP Receptor Activity: For the characterization of test substances in respect of FP antagonism, PGF2α-induced calcium flux in FP-expressing CHEM1 cells (Millipore, HTS093C) was used.3000 cells in 30 μl of full medium [DMEM F12, 10% FCS, 1.35 mM sodium pyruvate, 20 mM HEPES, 4 mM GlutaMAX, 2% sodium bicarbonate, 1% Pen/Strep, 1% 100× non-essential amino acids] are sown per well of a 384 multititre plate (from Greiner, TC plate, black with clear base) and incubated at 33° C., 5% CO2 for 24 hours. Prior to the measurement, the medium is replaced by 30 μl of Fluo-8 AM loading buffer [calcium-free Tyrode (130 mM NaCl, 5 mM KCl, 20 mM HEPES, 1 mM MgCl2, 4.8 mM NaHCO3, pH 7.4), 2 mM CaCl2, 6.3 mM Probenecid, 5 μM Fluo-8 AM, 0.0112% Pluronic®] and incubated at 37° C., 5% CO2 for 30 minutes. The test substance is prepared in DMSO in various concentrations as a dose-response curve (starting concentration 10 mM, dilution factor 3.16) and prediluted 1:50 with calcium-free Tyrode, 2 mM CaCl2, 0.002% SmartBlock (from CANDOR Bioscience GmbH). 10 μl of the prediluted substance solution are added to the Fluo-8-laden cells and incubated at 37° C., 5% CO2 for 10 minutes. The FP receptor is activated by adding 40 μl of 2 nM (final concentration) PGF2α in calcium-free Tyrode, 2 mM CaCl2, 0.002% SmartBlock, and the calcium flux is determined by measuring the fluorescence at ex. 470 nm/em. 525 nm in a fluorescence measuring instrument (FLIPR Tetra®, Molecular Devices) for 120 seconds.",CHEMBL5728790,P43088,Prostaglandin F2-alpha receptor,IC50,Cc1c(-c2ccccc2)nc2ccc(Br)cc2c1C(=O)NCC(CC(=O)O)c1ccccc1OC(F)(F)F,7.552841968657781
CHEMBL5860322,CHEMBL1987,Prostaglandin F2-alpha receptor,IC50,=,20.0,nM,CHEMBL5737458,B,"In Vitro Test of Inhibition of Human FP Receptor Activity: For the characterization of test substances in respect of FP antagonism, PGF2α-induced calcium flux in FP-expressing CHEM1 cells (Millipore, HTS093C) was used.3000 cells in 30 μl of full medium [DMEM F12, 10% FCS, 1.35 mM sodium pyruvate, 20 mM HEPES, 4 mM GlutaMAX, 2% sodium bicarbonate, 1% Pen/Strep, 1% 100× non-essential amino acids] are sown per well of a 384 multititre plate (from Greiner, TC plate, black with clear base) and incubated at 33° C., 5% CO2 for 24 hours. Prior to the measurement, the medium is replaced by 30 μl of Fluo-8 AM loading buffer [calcium-free Tyrode (130 mM NaCl, 5 mM KCl, 20 mM HEPES, 1 mM MgCl2, 4.8 mM NaHCO3, pH 7.4), 2 mM CaCl2, 6.3 mM Probenecid, 5 μM Fluo-8 AM, 0.0112% Pluronic®] and incubated at 37° C., 5% CO2 for 30 minutes. The test substance is prepared in DMSO in various concentrations as a dose-response curve (starting concentration 10 mM, dilution factor 3.16) and prediluted 1:50 with calcium-free Tyrode, 2 mM CaCl2, 0.002% SmartBlock (from CANDOR Bioscience GmbH). 10 μl of the prediluted substance solution are added to the Fluo-8-laden cells and incubated at 37° C., 5% CO2 for 10 minutes. The FP receptor is activated by adding 40 μl of 2 nM (final concentration) PGF2α in calcium-free Tyrode, 2 mM CaCl2, 0.002% SmartBlock, and the calcium flux is determined by measuring the fluorescence at ex. 470 nm/em. 525 nm in a fluorescence measuring instrument (FLIPR Tetra®, Molecular Devices) for 120 seconds.",CHEMBL5728790,P43088,Prostaglandin F2-alpha receptor,IC50,Cc1c(-c2ccccc2)nc2ccc(Br)cc2c1C(=O)NC[C@H](CC(=O)O)c1ccccc1OC(F)(F)F,7.698970004336019
CHEMBL5770816,CHEMBL1987,Prostaglandin F2-alpha receptor,IC50,=,32.0,nM,CHEMBL5737458,B,"In Vitro Test of Inhibition of Human FP Receptor Activity: For the characterization of test substances in respect of FP antagonism, PGF2α-induced calcium flux in FP-expressing CHEM1 cells (Millipore, HTS093C) was used.3000 cells in 30 μl of full medium [DMEM F12, 10% FCS, 1.35 mM sodium pyruvate, 20 mM HEPES, 4 mM GlutaMAX, 2% sodium bicarbonate, 1% Pen/Strep, 1% 100× non-essential amino acids] are sown per well of a 384 multititre plate (from Greiner, TC plate, black with clear base) and incubated at 33° C., 5% CO2 for 24 hours. Prior to the measurement, the medium is replaced by 30 μl of Fluo-8 AM loading buffer [calcium-free Tyrode (130 mM NaCl, 5 mM KCl, 20 mM HEPES, 1 mM MgCl2, 4.8 mM NaHCO3, pH 7.4), 2 mM CaCl2, 6.3 mM Probenecid, 5 μM Fluo-8 AM, 0.0112% Pluronic®] and incubated at 37° C., 5% CO2 for 30 minutes. The test substance is prepared in DMSO in various concentrations as a dose-response curve (starting concentration 10 mM, dilution factor 3.16) and prediluted 1:50 with calcium-free Tyrode, 2 mM CaCl2, 0.002% SmartBlock (from CANDOR Bioscience GmbH). 10 μl of the prediluted substance solution are added to the Fluo-8-laden cells and incubated at 37° C., 5% CO2 for 10 minutes. The FP receptor is activated by adding 40 μl of 2 nM (final concentration) PGF2α in calcium-free Tyrode, 2 mM CaCl2, 0.002% SmartBlock, and the calcium flux is determined by measuring the fluorescence at ex. 470 nm/em. 525 nm in a fluorescence measuring instrument (FLIPR Tetra®, Molecular Devices) for 120 seconds.",CHEMBL5728790,P43088,Prostaglandin F2-alpha receptor,IC50,Cc1c(-c2ccccc2)nc2ccc(Br)cc2c1C(=O)NC[C@@H](CC(=O)O)c1ccccc1OC(F)(F)F,7.494850021680094
CHEMBL5993010,CHEMBL1987,Prostaglandin F2-alpha receptor,IC50,=,460.0,nM,CHEMBL5737458,B,"In Vitro Test of Inhibition of Human FP Receptor Activity: For the characterization of test substances in respect of FP antagonism, PGF2α-induced calcium flux in FP-expressing CHEM1 cells (Millipore, HTS093C) was used.3000 cells in 30 μl of full medium [DMEM F12, 10% FCS, 1.35 mM sodium pyruvate, 20 mM HEPES, 4 mM GlutaMAX, 2% sodium bicarbonate, 1% Pen/Strep, 1% 100× non-essential amino acids] are sown per well of a 384 multititre plate (from Greiner, TC plate, black with clear base) and incubated at 33° C., 5% CO2 for 24 hours. Prior to the measurement, the medium is replaced by 30 μl of Fluo-8 AM loading buffer [calcium-free Tyrode (130 mM NaCl, 5 mM KCl, 20 mM HEPES, 1 mM MgCl2, 4.8 mM NaHCO3, pH 7.4), 2 mM CaCl2, 6.3 mM Probenecid, 5 μM Fluo-8 AM, 0.0112% Pluronic®] and incubated at 37° C., 5% CO2 for 30 minutes. The test substance is prepared in DMSO in various concentrations as a dose-response curve (starting concentration 10 mM, dilution factor 3.16) and prediluted 1:50 with calcium-free Tyrode, 2 mM CaCl2, 0.002% SmartBlock (from CANDOR Bioscience GmbH). 10 μl of the prediluted substance solution are added to the Fluo-8-laden cells and incubated at 37° C., 5% CO2 for 10 minutes. The FP receptor is activated by adding 40 μl of 2 nM (final concentration) PGF2α in calcium-free Tyrode, 2 mM CaCl2, 0.002% SmartBlock, and the calcium flux is determined by measuring the fluorescence at ex. 470 nm/em. 525 nm in a fluorescence measuring instrument (FLIPR Tetra®, Molecular Devices) for 120 seconds.",CHEMBL5728790,P43088,Prostaglandin F2-alpha receptor,IC50,Cc1c(-c2ccccc2)nc2ccc(Br)cc2c1C(=O)NCC(CC(=O)O)c1ccccn1,6.337242168318426
CHEMBL6036100,CHEMBL1987,Prostaglandin F2-alpha receptor,IC50,=,290.0,nM,CHEMBL5737458,B,"In Vitro Test of Inhibition of Human FP Receptor Activity: For the characterization of test substances in respect of FP antagonism, PGF2α-induced calcium flux in FP-expressing CHEM1 cells (Millipore, HTS093C) was used.3000 cells in 30 μl of full medium [DMEM F12, 10% FCS, 1.35 mM sodium pyruvate, 20 mM HEPES, 4 mM GlutaMAX, 2% sodium bicarbonate, 1% Pen/Strep, 1% 100× non-essential amino acids] are sown per well of a 384 multititre plate (from Greiner, TC plate, black with clear base) and incubated at 33° C., 5% CO2 for 24 hours. Prior to the measurement, the medium is replaced by 30 μl of Fluo-8 AM loading buffer [calcium-free Tyrode (130 mM NaCl, 5 mM KCl, 20 mM HEPES, 1 mM MgCl2, 4.8 mM NaHCO3, pH 7.4), 2 mM CaCl2, 6.3 mM Probenecid, 5 μM Fluo-8 AM, 0.0112% Pluronic®] and incubated at 37° C., 5% CO2 for 30 minutes. The test substance is prepared in DMSO in various concentrations as a dose-response curve (starting concentration 10 mM, dilution factor 3.16) and prediluted 1:50 with calcium-free Tyrode, 2 mM CaCl2, 0.002% SmartBlock (from CANDOR Bioscience GmbH). 10 μl of the prediluted substance solution are added to the Fluo-8-laden cells and incubated at 37° C., 5% CO2 for 10 minutes. The FP receptor is activated by adding 40 μl of 2 nM (final concentration) PGF2α in calcium-free Tyrode, 2 mM CaCl2, 0.002% SmartBlock, and the calcium flux is determined by measuring the fluorescence at ex. 470 nm/em. 525 nm in a fluorescence measuring instrument (FLIPR Tetra®, Molecular Devices) for 120 seconds.",CHEMBL5728790,P43088,Prostaglandin F2-alpha receptor,IC50,Cc1c(-c2ccccc2)nc2ccc(Br)cc2c1C(=O)NC[C@H](CC(=O)O)c1ccccn1,6.537602002101044
CHEMBL6057791,CHEMBL1987,Prostaglandin F2-alpha receptor,IC50,=,92.0,nM,CHEMBL5737458,B,"In Vitro Test of Inhibition of Human FP Receptor Activity: For the characterization of test substances in respect of FP antagonism, PGF2α-induced calcium flux in FP-expressing CHEM1 cells (Millipore, HTS093C) was used.3000 cells in 30 μl of full medium [DMEM F12, 10% FCS, 1.35 mM sodium pyruvate, 20 mM HEPES, 4 mM GlutaMAX, 2% sodium bicarbonate, 1% Pen/Strep, 1% 100× non-essential amino acids] are sown per well of a 384 multititre plate (from Greiner, TC plate, black with clear base) and incubated at 33° C., 5% CO2 for 24 hours. Prior to the measurement, the medium is replaced by 30 μl of Fluo-8 AM loading buffer [calcium-free Tyrode (130 mM NaCl, 5 mM KCl, 20 mM HEPES, 1 mM MgCl2, 4.8 mM NaHCO3, pH 7.4), 2 mM CaCl2, 6.3 mM Probenecid, 5 μM Fluo-8 AM, 0.0112% Pluronic®] and incubated at 37° C., 5% CO2 for 30 minutes. The test substance is prepared in DMSO in various concentrations as a dose-response curve (starting concentration 10 mM, dilution factor 3.16) and prediluted 1:50 with calcium-free Tyrode, 2 mM CaCl2, 0.002% SmartBlock (from CANDOR Bioscience GmbH). 10 μl of the prediluted substance solution are added to the Fluo-8-laden cells and incubated at 37° C., 5% CO2 for 10 minutes. The FP receptor is activated by adding 40 μl of 2 nM (final concentration) PGF2α in calcium-free Tyrode, 2 mM CaCl2, 0.002% SmartBlock, and the calcium flux is determined by measuring the fluorescence at ex. 470 nm/em. 525 nm in a fluorescence measuring instrument (FLIPR Tetra®, Molecular Devices) for 120 seconds.",CHEMBL5728790,P43088,Prostaglandin F2-alpha receptor,IC50,Cc1c(-c2ccccc2)nc2ccc(Br)cc2c1C(=O)NCC(CC(=O)O)c1ccccc1C(F)(F)F,7.036212172654444
CHEMBL5998487,CHEMBL1987,Prostaglandin F2-alpha receptor,IC50,=,280.0,nM,CHEMBL5737458,B,"In Vitro Test of Inhibition of Human FP Receptor Activity: For the characterization of test substances in respect of FP antagonism, PGF2α-induced calcium flux in FP-expressing CHEM1 cells (Millipore, HTS093C) was used.3000 cells in 30 μl of full medium [DMEM F12, 10% FCS, 1.35 mM sodium pyruvate, 20 mM HEPES, 4 mM GlutaMAX, 2% sodium bicarbonate, 1% Pen/Strep, 1% 100× non-essential amino acids] are sown per well of a 384 multititre plate (from Greiner, TC plate, black with clear base) and incubated at 33° C., 5% CO2 for 24 hours. Prior to the measurement, the medium is replaced by 30 μl of Fluo-8 AM loading buffer [calcium-free Tyrode (130 mM NaCl, 5 mM KCl, 20 mM HEPES, 1 mM MgCl2, 4.8 mM NaHCO3, pH 7.4), 2 mM CaCl2, 6.3 mM Probenecid, 5 μM Fluo-8 AM, 0.0112% Pluronic®] and incubated at 37° C., 5% CO2 for 30 minutes. The test substance is prepared in DMSO in various concentrations as a dose-response curve (starting concentration 10 mM, dilution factor 3.16) and prediluted 1:50 with calcium-free Tyrode, 2 mM CaCl2, 0.002% SmartBlock (from CANDOR Bioscience GmbH). 10 μl of the prediluted substance solution are added to the Fluo-8-laden cells and incubated at 37° C., 5% CO2 for 10 minutes. The FP receptor is activated by adding 40 μl of 2 nM (final concentration) PGF2α in calcium-free Tyrode, 2 mM CaCl2, 0.002% SmartBlock, and the calcium flux is determined by measuring the fluorescence at ex. 470 nm/em. 525 nm in a fluorescence measuring instrument (FLIPR Tetra®, Molecular Devices) for 120 seconds.",CHEMBL5728790,P43088,Prostaglandin F2-alpha receptor,IC50,Cc1c(-c2ccccc2)nc2ccc(Br)cc2c1C(=O)NC[C@H](CC(=O)O)c1ccccc1C(F)(F)F,6.552841968657781
CHEMBL5971847,CHEMBL1987,Prostaglandin F2-alpha receptor,IC50,=,51.0,nM,CHEMBL5737458,B,"In Vitro Test of Inhibition of Human FP Receptor Activity: For the characterization of test substances in respect of FP antagonism, PGF2α-induced calcium flux in FP-expressing CHEM1 cells (Millipore, HTS093C) was used.3000 cells in 30 μl of full medium [DMEM F12, 10% FCS, 1.35 mM sodium pyruvate, 20 mM HEPES, 4 mM GlutaMAX, 2% sodium bicarbonate, 1% Pen/Strep, 1% 100× non-essential amino acids] are sown per well of a 384 multititre plate (from Greiner, TC plate, black with clear base) and incubated at 33° C., 5% CO2 for 24 hours. Prior to the measurement, the medium is replaced by 30 μl of Fluo-8 AM loading buffer [calcium-free Tyrode (130 mM NaCl, 5 mM KCl, 20 mM HEPES, 1 mM MgCl2, 4.8 mM NaHCO3, pH 7.4), 2 mM CaCl2, 6.3 mM Probenecid, 5 μM Fluo-8 AM, 0.0112% Pluronic®] and incubated at 37° C., 5% CO2 for 30 minutes. The test substance is prepared in DMSO in various concentrations as a dose-response curve (starting concentration 10 mM, dilution factor 3.16) and prediluted 1:50 with calcium-free Tyrode, 2 mM CaCl2, 0.002% SmartBlock (from CANDOR Bioscience GmbH). 10 μl of the prediluted substance solution are added to the Fluo-8-laden cells and incubated at 37° C., 5% CO2 for 10 minutes. The FP receptor is activated by adding 40 μl of 2 nM (final concentration) PGF2α in calcium-free Tyrode, 2 mM CaCl2, 0.002% SmartBlock, and the calcium flux is determined by measuring the fluorescence at ex. 470 nm/em. 525 nm in a fluorescence measuring instrument (FLIPR Tetra®, Molecular Devices) for 120 seconds.",CHEMBL5728790,P43088,Prostaglandin F2-alpha receptor,IC50,Cc1c(-c2ccccc2)nc2ccc(Br)cc2c1C(=O)NC[C@@H](CC(=O)O)c1ccccc1C(F)(F)F,7.292429823902063
CHEMBL5896900,CHEMBL1987,Prostaglandin F2-alpha receptor,IC50,=,78.0,nM,CHEMBL5737458,B,"In Vitro Test of Inhibition of Human FP Receptor Activity: For the characterization of test substances in respect of FP antagonism, PGF2α-induced calcium flux in FP-expressing CHEM1 cells (Millipore, HTS093C) was used.3000 cells in 30 μl of full medium [DMEM F12, 10% FCS, 1.35 mM sodium pyruvate, 20 mM HEPES, 4 mM GlutaMAX, 2% sodium bicarbonate, 1% Pen/Strep, 1% 100× non-essential amino acids] are sown per well of a 384 multititre plate (from Greiner, TC plate, black with clear base) and incubated at 33° C., 5% CO2 for 24 hours. Prior to the measurement, the medium is replaced by 30 μl of Fluo-8 AM loading buffer [calcium-free Tyrode (130 mM NaCl, 5 mM KCl, 20 mM HEPES, 1 mM MgCl2, 4.8 mM NaHCO3, pH 7.4), 2 mM CaCl2, 6.3 mM Probenecid, 5 μM Fluo-8 AM, 0.0112% Pluronic®] and incubated at 37° C., 5% CO2 for 30 minutes. The test substance is prepared in DMSO in various concentrations as a dose-response curve (starting concentration 10 mM, dilution factor 3.16) and prediluted 1:50 with calcium-free Tyrode, 2 mM CaCl2, 0.002% SmartBlock (from CANDOR Bioscience GmbH). 10 μl of the prediluted substance solution are added to the Fluo-8-laden cells and incubated at 37° C., 5% CO2 for 10 minutes. The FP receptor is activated by adding 40 μl of 2 nM (final concentration) PGF2α in calcium-free Tyrode, 2 mM CaCl2, 0.002% SmartBlock, and the calcium flux is determined by measuring the fluorescence at ex. 470 nm/em. 525 nm in a fluorescence measuring instrument (FLIPR Tetra®, Molecular Devices) for 120 seconds.",CHEMBL5728790,P43088,Prostaglandin F2-alpha receptor,IC50,COc1cccnc1C(CNC(=O)c1c(C)c(-c2ccccc2)nc2ccc(Br)cc12)CC(=O)O,7.107905397309519
CHEMBL5786363,CHEMBL1987,Prostaglandin F2-alpha receptor,IC50,=,75.0,nM,CHEMBL5737458,B,"In Vitro Test of Inhibition of Human FP Receptor Activity: For the characterization of test substances in respect of FP antagonism, PGF2α-induced calcium flux in FP-expressing CHEM1 cells (Millipore, HTS093C) was used.3000 cells in 30 μl of full medium [DMEM F12, 10% FCS, 1.35 mM sodium pyruvate, 20 mM HEPES, 4 mM GlutaMAX, 2% sodium bicarbonate, 1% Pen/Strep, 1% 100× non-essential amino acids] are sown per well of a 384 multititre plate (from Greiner, TC plate, black with clear base) and incubated at 33° C., 5% CO2 for 24 hours. Prior to the measurement, the medium is replaced by 30 μl of Fluo-8 AM loading buffer [calcium-free Tyrode (130 mM NaCl, 5 mM KCl, 20 mM HEPES, 1 mM MgCl2, 4.8 mM NaHCO3, pH 7.4), 2 mM CaCl2, 6.3 mM Probenecid, 5 μM Fluo-8 AM, 0.0112% Pluronic®] and incubated at 37° C., 5% CO2 for 30 minutes. The test substance is prepared in DMSO in various concentrations as a dose-response curve (starting concentration 10 mM, dilution factor 3.16) and prediluted 1:50 with calcium-free Tyrode, 2 mM CaCl2, 0.002% SmartBlock (from CANDOR Bioscience GmbH). 10 μl of the prediluted substance solution are added to the Fluo-8-laden cells and incubated at 37° C., 5% CO2 for 10 minutes. The FP receptor is activated by adding 40 μl of 2 nM (final concentration) PGF2α in calcium-free Tyrode, 2 mM CaCl2, 0.002% SmartBlock, and the calcium flux is determined by measuring the fluorescence at ex. 470 nm/em. 525 nm in a fluorescence measuring instrument (FLIPR Tetra®, Molecular Devices) for 120 seconds.",CHEMBL5728790,P43088,Prostaglandin F2-alpha receptor,IC50,COc1cccnc1[C@H](CNC(=O)c1c(C)c(-c2ccccc2)nc2ccc(Br)cc12)CC(=O)O,7.1249387366083
CHEMBL6048654,CHEMBL1987,Prostaglandin F2-alpha receptor,IC50,=,75.0,nM,CHEMBL5737458,B,"In Vitro Test of Inhibition of Human FP Receptor Activity: For the characterization of test substances in respect of FP antagonism, PGF2α-induced calcium flux in FP-expressing CHEM1 cells (Millipore, HTS093C) was used.3000 cells in 30 μl of full medium [DMEM F12, 10% FCS, 1.35 mM sodium pyruvate, 20 mM HEPES, 4 mM GlutaMAX, 2% sodium bicarbonate, 1% Pen/Strep, 1% 100× non-essential amino acids] are sown per well of a 384 multititre plate (from Greiner, TC plate, black with clear base) and incubated at 33° C., 5% CO2 for 24 hours. Prior to the measurement, the medium is replaced by 30 μl of Fluo-8 AM loading buffer [calcium-free Tyrode (130 mM NaCl, 5 mM KCl, 20 mM HEPES, 1 mM MgCl2, 4.8 mM NaHCO3, pH 7.4), 2 mM CaCl2, 6.3 mM Probenecid, 5 μM Fluo-8 AM, 0.0112% Pluronic®] and incubated at 37° C., 5% CO2 for 30 minutes. The test substance is prepared in DMSO in various concentrations as a dose-response curve (starting concentration 10 mM, dilution factor 3.16) and prediluted 1:50 with calcium-free Tyrode, 2 mM CaCl2, 0.002% SmartBlock (from CANDOR Bioscience GmbH). 10 μl of the prediluted substance solution are added to the Fluo-8-laden cells and incubated at 37° C., 5% CO2 for 10 minutes. The FP receptor is activated by adding 40 μl of 2 nM (final concentration) PGF2α in calcium-free Tyrode, 2 mM CaCl2, 0.002% SmartBlock, and the calcium flux is determined by measuring the fluorescence at ex. 470 nm/em. 525 nm in a fluorescence measuring instrument (FLIPR Tetra®, Molecular Devices) for 120 seconds.",CHEMBL5728790,P43088,Prostaglandin F2-alpha receptor,IC50,COc1cccnc1[C@@H](CNC(=O)c1c(C)c(-c2ccccc2)nc2ccc(Br)cc12)CC(=O)O,7.1249387366083
CHEMBL5758140,CHEMBL1987,Prostaglandin F2-alpha receptor,IC50,=,89.0,nM,CHEMBL5737458,B,"In Vitro Test of Inhibition of Human FP Receptor Activity: For the characterization of test substances in respect of FP antagonism, PGF2α-induced calcium flux in FP-expressing CHEM1 cells (Millipore, HTS093C) was used.3000 cells in 30 μl of full medium [DMEM F12, 10% FCS, 1.35 mM sodium pyruvate, 20 mM HEPES, 4 mM GlutaMAX, 2% sodium bicarbonate, 1% Pen/Strep, 1% 100× non-essential amino acids] are sown per well of a 384 multititre plate (from Greiner, TC plate, black with clear base) and incubated at 33° C., 5% CO2 for 24 hours. Prior to the measurement, the medium is replaced by 30 μl of Fluo-8 AM loading buffer [calcium-free Tyrode (130 mM NaCl, 5 mM KCl, 20 mM HEPES, 1 mM MgCl2, 4.8 mM NaHCO3, pH 7.4), 2 mM CaCl2, 6.3 mM Probenecid, 5 μM Fluo-8 AM, 0.0112% Pluronic®] and incubated at 37° C., 5% CO2 for 30 minutes. The test substance is prepared in DMSO in various concentrations as a dose-response curve (starting concentration 10 mM, dilution factor 3.16) and prediluted 1:50 with calcium-free Tyrode, 2 mM CaCl2, 0.002% SmartBlock (from CANDOR Bioscience GmbH). 10 μl of the prediluted substance solution are added to the Fluo-8-laden cells and incubated at 37° C., 5% CO2 for 10 minutes. The FP receptor is activated by adding 40 μl of 2 nM (final concentration) PGF2α in calcium-free Tyrode, 2 mM CaCl2, 0.002% SmartBlock, and the calcium flux is determined by measuring the fluorescence at ex. 470 nm/em. 525 nm in a fluorescence measuring instrument (FLIPR Tetra®, Molecular Devices) for 120 seconds.",CHEMBL5728790,P43088,Prostaglandin F2-alpha receptor,IC50,Cc1c(-c2ccccc2)nc2ccc(Br)cc2c1C(=O)NCC(c1ccccc1Cl)C(C)(C)C(=O)O,7.050609993355087
CHEMBL5953501,CHEMBL1987,Prostaglandin F2-alpha receptor,IC50,=,92.0,nM,CHEMBL5737458,B,"In Vitro Test of Inhibition of Human FP Receptor Activity: For the characterization of test substances in respect of FP antagonism, PGF2α-induced calcium flux in FP-expressing CHEM1 cells (Millipore, HTS093C) was used.3000 cells in 30 μl of full medium [DMEM F12, 10% FCS, 1.35 mM sodium pyruvate, 20 mM HEPES, 4 mM GlutaMAX, 2% sodium bicarbonate, 1% Pen/Strep, 1% 100× non-essential amino acids] are sown per well of a 384 multititre plate (from Greiner, TC plate, black with clear base) and incubated at 33° C., 5% CO2 for 24 hours. Prior to the measurement, the medium is replaced by 30 μl of Fluo-8 AM loading buffer [calcium-free Tyrode (130 mM NaCl, 5 mM KCl, 20 mM HEPES, 1 mM MgCl2, 4.8 mM NaHCO3, pH 7.4), 2 mM CaCl2, 6.3 mM Probenecid, 5 μM Fluo-8 AM, 0.0112% Pluronic®] and incubated at 37° C., 5% CO2 for 30 minutes. The test substance is prepared in DMSO in various concentrations as a dose-response curve (starting concentration 10 mM, dilution factor 3.16) and prediluted 1:50 with calcium-free Tyrode, 2 mM CaCl2, 0.002% SmartBlock (from CANDOR Bioscience GmbH). 10 μl of the prediluted substance solution are added to the Fluo-8-laden cells and incubated at 37° C., 5% CO2 for 10 minutes. The FP receptor is activated by adding 40 μl of 2 nM (final concentration) PGF2α in calcium-free Tyrode, 2 mM CaCl2, 0.002% SmartBlock, and the calcium flux is determined by measuring the fluorescence at ex. 470 nm/em. 525 nm in a fluorescence measuring instrument (FLIPR Tetra®, Molecular Devices) for 120 seconds.",CHEMBL5728790,P43088,Prostaglandin F2-alpha receptor,IC50,Cc1c(-c2ccccc2)nc2ccc(Br)cc2c1C(=O)NC[C@@H](c1ccccc1Cl)C(C)(C)C(=O)O,7.036212172654444
CHEMBL5794043,CHEMBL1987,Prostaglandin F2-alpha receptor,IC50,=,62.0,nM,CHEMBL5737458,B,"In Vitro Test of Inhibition of Human FP Receptor Activity: For the characterization of test substances in respect of FP antagonism, PGF2α-induced calcium flux in FP-expressing CHEM1 cells (Millipore, HTS093C) was used.3000 cells in 30 μl of full medium [DMEM F12, 10% FCS, 1.35 mM sodium pyruvate, 20 mM HEPES, 4 mM GlutaMAX, 2% sodium bicarbonate, 1% Pen/Strep, 1% 100× non-essential amino acids] are sown per well of a 384 multititre plate (from Greiner, TC plate, black with clear base) and incubated at 33° C., 5% CO2 for 24 hours. Prior to the measurement, the medium is replaced by 30 μl of Fluo-8 AM loading buffer [calcium-free Tyrode (130 mM NaCl, 5 mM KCl, 20 mM HEPES, 1 mM MgCl2, 4.8 mM NaHCO3, pH 7.4), 2 mM CaCl2, 6.3 mM Probenecid, 5 μM Fluo-8 AM, 0.0112% Pluronic®] and incubated at 37° C., 5% CO2 for 30 minutes. The test substance is prepared in DMSO in various concentrations as a dose-response curve (starting concentration 10 mM, dilution factor 3.16) and prediluted 1:50 with calcium-free Tyrode, 2 mM CaCl2, 0.002% SmartBlock (from CANDOR Bioscience GmbH). 10 μl of the prediluted substance solution are added to the Fluo-8-laden cells and incubated at 37° C., 5% CO2 for 10 minutes. The FP receptor is activated by adding 40 μl of 2 nM (final concentration) PGF2α in calcium-free Tyrode, 2 mM CaCl2, 0.002% SmartBlock, and the calcium flux is determined by measuring the fluorescence at ex. 470 nm/em. 525 nm in a fluorescence measuring instrument (FLIPR Tetra®, Molecular Devices) for 120 seconds.",CHEMBL5728790,P43088,Prostaglandin F2-alpha receptor,IC50,Cc1c(-c2ccccc2)nc2ccc(Br)cc2c1C(=O)NC[C@H](c1ccccc1Cl)C(C)(C)C(=O)O,7.207608310501746
CHEMBL6026223,CHEMBL1987,Prostaglandin F2-alpha receptor,IC50,=,18.0,nM,CHEMBL5737458,B,"In Vitro Test of Inhibition of Human FP Receptor Activity: For the characterization of test substances in respect of FP antagonism, PGF2α-induced calcium flux in FP-expressing CHEM1 cells (Millipore, HTS093C) was used.3000 cells in 30 μl of full medium [DMEM F12, 10% FCS, 1.35 mM sodium pyruvate, 20 mM HEPES, 4 mM GlutaMAX, 2% sodium bicarbonate, 1% Pen/Strep, 1% 100× non-essential amino acids] are sown per well of a 384 multititre plate (from Greiner, TC plate, black with clear base) and incubated at 33° C., 5% CO2 for 24 hours. Prior to the measurement, the medium is replaced by 30 μl of Fluo-8 AM loading buffer [calcium-free Tyrode (130 mM NaCl, 5 mM KCl, 20 mM HEPES, 1 mM MgCl2, 4.8 mM NaHCO3, pH 7.4), 2 mM CaCl2, 6.3 mM Probenecid, 5 μM Fluo-8 AM, 0.0112% Pluronic®] and incubated at 37° C., 5% CO2 for 30 minutes. The test substance is prepared in DMSO in various concentrations as a dose-response curve (starting concentration 10 mM, dilution factor 3.16) and prediluted 1:50 with calcium-free Tyrode, 2 mM CaCl2, 0.002% SmartBlock (from CANDOR Bioscience GmbH). 10 μl of the prediluted substance solution are added to the Fluo-8-laden cells and incubated at 37° C., 5% CO2 for 10 minutes. The FP receptor is activated by adding 40 μl of 2 nM (final concentration) PGF2α in calcium-free Tyrode, 2 mM CaCl2, 0.002% SmartBlock, and the calcium flux is determined by measuring the fluorescence at ex. 470 nm/em. 525 nm in a fluorescence measuring instrument (FLIPR Tetra®, Molecular Devices) for 120 seconds.",CHEMBL5728790,P43088,Prostaglandin F2-alpha receptor,IC50,Cc1c(-c2ccccc2)nc2ccc(Br)cc2c1C(=O)NCC(C)(CC(=O)O)c1ccccc1Cl,7.7447274948966935
CHEMBL5905180,CHEMBL1987,Prostaglandin F2-alpha receptor,IC50,=,31.0,nM,CHEMBL5737458,B,"In Vitro Test of Inhibition of Human FP Receptor Activity: For the characterization of test substances in respect of FP antagonism, PGF2α-induced calcium flux in FP-expressing CHEM1 cells (Millipore, HTS093C) was used.3000 cells in 30 μl of full medium [DMEM F12, 10% FCS, 1.35 mM sodium pyruvate, 20 mM HEPES, 4 mM GlutaMAX, 2% sodium bicarbonate, 1% Pen/Strep, 1% 100× non-essential amino acids] are sown per well of a 384 multititre plate (from Greiner, TC plate, black with clear base) and incubated at 33° C., 5% CO2 for 24 hours. Prior to the measurement, the medium is replaced by 30 μl of Fluo-8 AM loading buffer [calcium-free Tyrode (130 mM NaCl, 5 mM KCl, 20 mM HEPES, 1 mM MgCl2, 4.8 mM NaHCO3, pH 7.4), 2 mM CaCl2, 6.3 mM Probenecid, 5 μM Fluo-8 AM, 0.0112% Pluronic®] and incubated at 37° C., 5% CO2 for 30 minutes. The test substance is prepared in DMSO in various concentrations as a dose-response curve (starting concentration 10 mM, dilution factor 3.16) and prediluted 1:50 with calcium-free Tyrode, 2 mM CaCl2, 0.002% SmartBlock (from CANDOR Bioscience GmbH). 10 μl of the prediluted substance solution are added to the Fluo-8-laden cells and incubated at 37° C., 5% CO2 for 10 minutes. The FP receptor is activated by adding 40 μl of 2 nM (final concentration) PGF2α in calcium-free Tyrode, 2 mM CaCl2, 0.002% SmartBlock, and the calcium flux is determined by measuring the fluorescence at ex. 470 nm/em. 525 nm in a fluorescence measuring instrument (FLIPR Tetra®, Molecular Devices) for 120 seconds.",CHEMBL5728790,P43088,Prostaglandin F2-alpha receptor,IC50,Cc1c(-c2ccccc2)nc2ccc(Br)cc2c1C(=O)NC[C@@](C)(CC(=O)O)c1ccccc1F,7.508638306165727
CHEMBL6018053,CHEMBL1987,Prostaglandin F2-alpha receptor,IC50,=,74.0,nM,CHEMBL5737458,B,"In Vitro Test of Inhibition of Human FP Receptor Activity: For the characterization of test substances in respect of FP antagonism, PGF2α-induced calcium flux in FP-expressing CHEM1 cells (Millipore, HTS093C) was used.3000 cells in 30 μl of full medium [DMEM F12, 10% FCS, 1.35 mM sodium pyruvate, 20 mM HEPES, 4 mM GlutaMAX, 2% sodium bicarbonate, 1% Pen/Strep, 1% 100× non-essential amino acids] are sown per well of a 384 multititre plate (from Greiner, TC plate, black with clear base) and incubated at 33° C., 5% CO2 for 24 hours. Prior to the measurement, the medium is replaced by 30 μl of Fluo-8 AM loading buffer [calcium-free Tyrode (130 mM NaCl, 5 mM KCl, 20 mM HEPES, 1 mM MgCl2, 4.8 mM NaHCO3, pH 7.4), 2 mM CaCl2, 6.3 mM Probenecid, 5 μM Fluo-8 AM, 0.0112% Pluronic®] and incubated at 37° C., 5% CO2 for 30 minutes. The test substance is prepared in DMSO in various concentrations as a dose-response curve (starting concentration 10 mM, dilution factor 3.16) and prediluted 1:50 with calcium-free Tyrode, 2 mM CaCl2, 0.002% SmartBlock (from CANDOR Bioscience GmbH). 10 μl of the prediluted substance solution are added to the Fluo-8-laden cells and incubated at 37° C., 5% CO2 for 10 minutes. The FP receptor is activated by adding 40 μl of 2 nM (final concentration) PGF2α in calcium-free Tyrode, 2 mM CaCl2, 0.002% SmartBlock, and the calcium flux is determined by measuring the fluorescence at ex. 470 nm/em. 525 nm in a fluorescence measuring instrument (FLIPR Tetra®, Molecular Devices) for 120 seconds.",CHEMBL5728790,P43088,Prostaglandin F2-alpha receptor,IC50,Cc1c(-c2ccccc2)nc2ccc(Br)cc2c1C(=O)NC[C@](C)(CC(=O)O)c1ccccc1F,7.130768280269024
CHEMBL5887590,CHEMBL1987,Prostaglandin F2-alpha receptor,IC50,=,240.0,nM,CHEMBL5737458,B,"In Vitro Test of Inhibition of Human FP Receptor Activity: For the characterization of test substances in respect of FP antagonism, PGF2α-induced calcium flux in FP-expressing CHEM1 cells (Millipore, HTS093C) was used.3000 cells in 30 μl of full medium [DMEM F12, 10% FCS, 1.35 mM sodium pyruvate, 20 mM HEPES, 4 mM GlutaMAX, 2% sodium bicarbonate, 1% Pen/Strep, 1% 100× non-essential amino acids] are sown per well of a 384 multititre plate (from Greiner, TC plate, black with clear base) and incubated at 33° C., 5% CO2 for 24 hours. Prior to the measurement, the medium is replaced by 30 μl of Fluo-8 AM loading buffer [calcium-free Tyrode (130 mM NaCl, 5 mM KCl, 20 mM HEPES, 1 mM MgCl2, 4.8 mM NaHCO3, pH 7.4), 2 mM CaCl2, 6.3 mM Probenecid, 5 μM Fluo-8 AM, 0.0112% Pluronic®] and incubated at 37° C., 5% CO2 for 30 minutes. The test substance is prepared in DMSO in various concentrations as a dose-response curve (starting concentration 10 mM, dilution factor 3.16) and prediluted 1:50 with calcium-free Tyrode, 2 mM CaCl2, 0.002% SmartBlock (from CANDOR Bioscience GmbH). 10 μl of the prediluted substance solution are added to the Fluo-8-laden cells and incubated at 37° C., 5% CO2 for 10 minutes. The FP receptor is activated by adding 40 μl of 2 nM (final concentration) PGF2α in calcium-free Tyrode, 2 mM CaCl2, 0.002% SmartBlock, and the calcium flux is determined by measuring the fluorescence at ex. 470 nm/em. 525 nm in a fluorescence measuring instrument (FLIPR Tetra®, Molecular Devices) for 120 seconds.",CHEMBL5728790,P43088,Prostaglandin F2-alpha receptor,IC50,Cc1c(-c2ccccc2)nc2ccc(Br)cc2c1C(=O)NCC(C)(CC(=O)O)c1ccccn1,6.619788758288394
CHEMBL5866803,CHEMBL1987,Prostaglandin F2-alpha receptor,IC50,=,280.0,nM,CHEMBL5737458,B,"In Vitro Test of Inhibition of Human FP Receptor Activity: For the characterization of test substances in respect of FP antagonism, PGF2α-induced calcium flux in FP-expressing CHEM1 cells (Millipore, HTS093C) was used.3000 cells in 30 μl of full medium [DMEM F12, 10% FCS, 1.35 mM sodium pyruvate, 20 mM HEPES, 4 mM GlutaMAX, 2% sodium bicarbonate, 1% Pen/Strep, 1% 100× non-essential amino acids] are sown per well of a 384 multititre plate (from Greiner, TC plate, black with clear base) and incubated at 33° C., 5% CO2 for 24 hours. Prior to the measurement, the medium is replaced by 30 μl of Fluo-8 AM loading buffer [calcium-free Tyrode (130 mM NaCl, 5 mM KCl, 20 mM HEPES, 1 mM MgCl2, 4.8 mM NaHCO3, pH 7.4), 2 mM CaCl2, 6.3 mM Probenecid, 5 μM Fluo-8 AM, 0.0112% Pluronic®] and incubated at 37° C., 5% CO2 for 30 minutes. The test substance is prepared in DMSO in various concentrations as a dose-response curve (starting concentration 10 mM, dilution factor 3.16) and prediluted 1:50 with calcium-free Tyrode, 2 mM CaCl2, 0.002% SmartBlock (from CANDOR Bioscience GmbH). 10 μl of the prediluted substance solution are added to the Fluo-8-laden cells and incubated at 37° C., 5% CO2 for 10 minutes. The FP receptor is activated by adding 40 μl of 2 nM (final concentration) PGF2α in calcium-free Tyrode, 2 mM CaCl2, 0.002% SmartBlock, and the calcium flux is determined by measuring the fluorescence at ex. 470 nm/em. 525 nm in a fluorescence measuring instrument (FLIPR Tetra®, Molecular Devices) for 120 seconds.",CHEMBL5728790,P43088,Prostaglandin F2-alpha receptor,IC50,Cc1c(-c2ccccc2)nc2ccc(Br)cc2c1C(=O)NC[C@@](C)(CC(=O)O)c1ccccn1,6.552841968657781
CHEMBL5970247,CHEMBL1987,Prostaglandin F2-alpha receptor,IC50,=,150.0,nM,CHEMBL5737458,B,"In Vitro Test of Inhibition of Human FP Receptor Activity: For the characterization of test substances in respect of FP antagonism, PGF2α-induced calcium flux in FP-expressing CHEM1 cells (Millipore, HTS093C) was used.3000 cells in 30 μl of full medium [DMEM F12, 10% FCS, 1.35 mM sodium pyruvate, 20 mM HEPES, 4 mM GlutaMAX, 2% sodium bicarbonate, 1% Pen/Strep, 1% 100× non-essential amino acids] are sown per well of a 384 multititre plate (from Greiner, TC plate, black with clear base) and incubated at 33° C., 5% CO2 for 24 hours. Prior to the measurement, the medium is replaced by 30 μl of Fluo-8 AM loading buffer [calcium-free Tyrode (130 mM NaCl, 5 mM KCl, 20 mM HEPES, 1 mM MgCl2, 4.8 mM NaHCO3, pH 7.4), 2 mM CaCl2, 6.3 mM Probenecid, 5 μM Fluo-8 AM, 0.0112% Pluronic®] and incubated at 37° C., 5% CO2 for 30 minutes. The test substance is prepared in DMSO in various concentrations as a dose-response curve (starting concentration 10 mM, dilution factor 3.16) and prediluted 1:50 with calcium-free Tyrode, 2 mM CaCl2, 0.002% SmartBlock (from CANDOR Bioscience GmbH). 10 μl of the prediluted substance solution are added to the Fluo-8-laden cells and incubated at 37° C., 5% CO2 for 10 minutes. The FP receptor is activated by adding 40 μl of 2 nM (final concentration) PGF2α in calcium-free Tyrode, 2 mM CaCl2, 0.002% SmartBlock, and the calcium flux is determined by measuring the fluorescence at ex. 470 nm/em. 525 nm in a fluorescence measuring instrument (FLIPR Tetra®, Molecular Devices) for 120 seconds.",CHEMBL5728790,P43088,Prostaglandin F2-alpha receptor,IC50,Cc1c(-c2ccccc2)nc2ccc(Br)cc2c1C(=O)NC[C@](C)(CC(=O)O)c1ccccn1,6.823908740944319
CHEMBL5762349,CHEMBL1987,Prostaglandin F2-alpha receptor,IC50,=,30.0,nM,CHEMBL5737458,B,"In Vitro Test of Inhibition of Human FP Receptor Activity: For the characterization of test substances in respect of FP antagonism, PGF2α-induced calcium flux in FP-expressing CHEM1 cells (Millipore, HTS093C) was used.3000 cells in 30 μl of full medium [DMEM F12, 10% FCS, 1.35 mM sodium pyruvate, 20 mM HEPES, 4 mM GlutaMAX, 2% sodium bicarbonate, 1% Pen/Strep, 1% 100× non-essential amino acids] are sown per well of a 384 multititre plate (from Greiner, TC plate, black with clear base) and incubated at 33° C., 5% CO2 for 24 hours. Prior to the measurement, the medium is replaced by 30 μl of Fluo-8 AM loading buffer [calcium-free Tyrode (130 mM NaCl, 5 mM KCl, 20 mM HEPES, 1 mM MgCl2, 4.8 mM NaHCO3, pH 7.4), 2 mM CaCl2, 6.3 mM Probenecid, 5 μM Fluo-8 AM, 0.0112% Pluronic®] and incubated at 37° C., 5% CO2 for 30 minutes. The test substance is prepared in DMSO in various concentrations as a dose-response curve (starting concentration 10 mM, dilution factor 3.16) and prediluted 1:50 with calcium-free Tyrode, 2 mM CaCl2, 0.002% SmartBlock (from CANDOR Bioscience GmbH). 10 μl of the prediluted substance solution are added to the Fluo-8-laden cells and incubated at 37° C., 5% CO2 for 10 minutes. The FP receptor is activated by adding 40 μl of 2 nM (final concentration) PGF2α in calcium-free Tyrode, 2 mM CaCl2, 0.002% SmartBlock, and the calcium flux is determined by measuring the fluorescence at ex. 470 nm/em. 525 nm in a fluorescence measuring instrument (FLIPR Tetra®, Molecular Devices) for 120 seconds.",CHEMBL5728790,P43088,Prostaglandin F2-alpha receptor,IC50,COc1ccccc1C(C)(CNC(=O)c1c(C)c(-c2ccccc2)nc2ccc(Br)cc12)CC(=O)O,7.522878745280337
CHEMBL6062913,CHEMBL1987,Prostaglandin F2-alpha receptor,IC50,=,10.0,nM,CHEMBL5737458,B,"In Vitro Test of Inhibition of Human FP Receptor Activity: For the characterization of test substances in respect of FP antagonism, PGF2α-induced calcium flux in FP-expressing CHEM1 cells (Millipore, HTS093C) was used.3000 cells in 30 μl of full medium [DMEM F12, 10% FCS, 1.35 mM sodium pyruvate, 20 mM HEPES, 4 mM GlutaMAX, 2% sodium bicarbonate, 1% Pen/Strep, 1% 100× non-essential amino acids] are sown per well of a 384 multititre plate (from Greiner, TC plate, black with clear base) and incubated at 33° C., 5% CO2 for 24 hours. Prior to the measurement, the medium is replaced by 30 μl of Fluo-8 AM loading buffer [calcium-free Tyrode (130 mM NaCl, 5 mM KCl, 20 mM HEPES, 1 mM MgCl2, 4.8 mM NaHCO3, pH 7.4), 2 mM CaCl2, 6.3 mM Probenecid, 5 μM Fluo-8 AM, 0.0112% Pluronic®] and incubated at 37° C., 5% CO2 for 30 minutes. The test substance is prepared in DMSO in various concentrations as a dose-response curve (starting concentration 10 mM, dilution factor 3.16) and prediluted 1:50 with calcium-free Tyrode, 2 mM CaCl2, 0.002% SmartBlock (from CANDOR Bioscience GmbH). 10 μl of the prediluted substance solution are added to the Fluo-8-laden cells and incubated at 37° C., 5% CO2 for 10 minutes. The FP receptor is activated by adding 40 μl of 2 nM (final concentration) PGF2α in calcium-free Tyrode, 2 mM CaCl2, 0.002% SmartBlock, and the calcium flux is determined by measuring the fluorescence at ex. 470 nm/em. 525 nm in a fluorescence measuring instrument (FLIPR Tetra®, Molecular Devices) for 120 seconds.",CHEMBL5728790,P43088,Prostaglandin F2-alpha receptor,IC50,COc1ccccc1[C@@](C)(CNC(=O)c1c(C)c(-c2ccccc2)nc2ccc(Br)cc12)CC(=O)O,8.0
CHEMBL5743397,CHEMBL1987,Prostaglandin F2-alpha receptor,IC50,=,460.0,nM,CHEMBL5737458,B,"In Vitro Test of Inhibition of Human FP Receptor Activity: For the characterization of test substances in respect of FP antagonism, PGF2α-induced calcium flux in FP-expressing CHEM1 cells (Millipore, HTS093C) was used.3000 cells in 30 μl of full medium [DMEM F12, 10% FCS, 1.35 mM sodium pyruvate, 20 mM HEPES, 4 mM GlutaMAX, 2% sodium bicarbonate, 1% Pen/Strep, 1% 100× non-essential amino acids] are sown per well of a 384 multititre plate (from Greiner, TC plate, black with clear base) and incubated at 33° C., 5% CO2 for 24 hours. Prior to the measurement, the medium is replaced by 30 μl of Fluo-8 AM loading buffer [calcium-free Tyrode (130 mM NaCl, 5 mM KCl, 20 mM HEPES, 1 mM MgCl2, 4.8 mM NaHCO3, pH 7.4), 2 mM CaCl2, 6.3 mM Probenecid, 5 μM Fluo-8 AM, 0.0112% Pluronic®] and incubated at 37° C., 5% CO2 for 30 minutes. The test substance is prepared in DMSO in various concentrations as a dose-response curve (starting concentration 10 mM, dilution factor 3.16) and prediluted 1:50 with calcium-free Tyrode, 2 mM CaCl2, 0.002% SmartBlock (from CANDOR Bioscience GmbH). 10 μl of the prediluted substance solution are added to the Fluo-8-laden cells and incubated at 37° C., 5% CO2 for 10 minutes. The FP receptor is activated by adding 40 μl of 2 nM (final concentration) PGF2α in calcium-free Tyrode, 2 mM CaCl2, 0.002% SmartBlock, and the calcium flux is determined by measuring the fluorescence at ex. 470 nm/em. 525 nm in a fluorescence measuring instrument (FLIPR Tetra®, Molecular Devices) for 120 seconds.",CHEMBL5728790,P43088,Prostaglandin F2-alpha receptor,IC50,COc1ccccc1[C@](C)(CNC(=O)c1c(C)c(-c2ccccc2)nc2ccc(Br)cc12)CC(=O)O,6.337242168318426
CHEMBL5844975,CHEMBL1987,Prostaglandin F2-alpha receptor,IC50,=,11.0,nM,CHEMBL5737458,B,"In Vitro Test of Inhibition of Human FP Receptor Activity: For the characterization of test substances in respect of FP antagonism, PGF2α-induced calcium flux in FP-expressing CHEM1 cells (Millipore, HTS093C) was used.3000 cells in 30 μl of full medium [DMEM F12, 10% FCS, 1.35 mM sodium pyruvate, 20 mM HEPES, 4 mM GlutaMAX, 2% sodium bicarbonate, 1% Pen/Strep, 1% 100× non-essential amino acids] are sown per well of a 384 multititre plate (from Greiner, TC plate, black with clear base) and incubated at 33° C., 5% CO2 for 24 hours. Prior to the measurement, the medium is replaced by 30 μl of Fluo-8 AM loading buffer [calcium-free Tyrode (130 mM NaCl, 5 mM KCl, 20 mM HEPES, 1 mM MgCl2, 4.8 mM NaHCO3, pH 7.4), 2 mM CaCl2, 6.3 mM Probenecid, 5 μM Fluo-8 AM, 0.0112% Pluronic®] and incubated at 37° C., 5% CO2 for 30 minutes. The test substance is prepared in DMSO in various concentrations as a dose-response curve (starting concentration 10 mM, dilution factor 3.16) and prediluted 1:50 with calcium-free Tyrode, 2 mM CaCl2, 0.002% SmartBlock (from CANDOR Bioscience GmbH). 10 μl of the prediluted substance solution are added to the Fluo-8-laden cells and incubated at 37° C., 5% CO2 for 10 minutes. The FP receptor is activated by adding 40 μl of 2 nM (final concentration) PGF2α in calcium-free Tyrode, 2 mM CaCl2, 0.002% SmartBlock, and the calcium flux is determined by measuring the fluorescence at ex. 470 nm/em. 525 nm in a fluorescence measuring instrument (FLIPR Tetra®, Molecular Devices) for 120 seconds.",CHEMBL5728790,P43088,Prostaglandin F2-alpha receptor,IC50,COc1ccc(F)cc1C(CNC(=O)c1c(C)c(-c2ccccc2)nc2ccc(Br)cc12)CC(=O)O,7.958607314841775
CHEMBL5753655,CHEMBL1987,Prostaglandin F2-alpha receptor,IC50,=,5.3,nM,CHEMBL5737458,B,"In Vitro Test of Inhibition of Human FP Receptor Activity: For the characterization of test substances in respect of FP antagonism, PGF2α-induced calcium flux in FP-expressing CHEM1 cells (Millipore, HTS093C) was used.3000 cells in 30 μl of full medium [DMEM F12, 10% FCS, 1.35 mM sodium pyruvate, 20 mM HEPES, 4 mM GlutaMAX, 2% sodium bicarbonate, 1% Pen/Strep, 1% 100× non-essential amino acids] are sown per well of a 384 multititre plate (from Greiner, TC plate, black with clear base) and incubated at 33° C., 5% CO2 for 24 hours. Prior to the measurement, the medium is replaced by 30 μl of Fluo-8 AM loading buffer [calcium-free Tyrode (130 mM NaCl, 5 mM KCl, 20 mM HEPES, 1 mM MgCl2, 4.8 mM NaHCO3, pH 7.4), 2 mM CaCl2, 6.3 mM Probenecid, 5 μM Fluo-8 AM, 0.0112% Pluronic®] and incubated at 37° C., 5% CO2 for 30 minutes. The test substance is prepared in DMSO in various concentrations as a dose-response curve (starting concentration 10 mM, dilution factor 3.16) and prediluted 1:50 with calcium-free Tyrode, 2 mM CaCl2, 0.002% SmartBlock (from CANDOR Bioscience GmbH). 10 μl of the prediluted substance solution are added to the Fluo-8-laden cells and incubated at 37° C., 5% CO2 for 10 minutes. The FP receptor is activated by adding 40 μl of 2 nM (final concentration) PGF2α in calcium-free Tyrode, 2 mM CaCl2, 0.002% SmartBlock, and the calcium flux is determined by measuring the fluorescence at ex. 470 nm/em. 525 nm in a fluorescence measuring instrument (FLIPR Tetra®, Molecular Devices) for 120 seconds.",CHEMBL5728790,P43088,Prostaglandin F2-alpha receptor,IC50,COc1ccc(F)cc1[C@H](CNC(=O)c1c(C)c(-c2ccccc2)nc2ccc(Br)cc12)CC(=O)O,8.275724130399212
CHEMBL5815336,CHEMBL1987,Prostaglandin F2-alpha receptor,IC50,=,97.0,nM,CHEMBL5737458,B,"In Vitro Test of Inhibition of Human FP Receptor Activity: For the characterization of test substances in respect of FP antagonism, PGF2α-induced calcium flux in FP-expressing CHEM1 cells (Millipore, HTS093C) was used.3000 cells in 30 μl of full medium [DMEM F12, 10% FCS, 1.35 mM sodium pyruvate, 20 mM HEPES, 4 mM GlutaMAX, 2% sodium bicarbonate, 1% Pen/Strep, 1% 100× non-essential amino acids] are sown per well of a 384 multititre plate (from Greiner, TC plate, black with clear base) and incubated at 33° C., 5% CO2 for 24 hours. Prior to the measurement, the medium is replaced by 30 μl of Fluo-8 AM loading buffer [calcium-free Tyrode (130 mM NaCl, 5 mM KCl, 20 mM HEPES, 1 mM MgCl2, 4.8 mM NaHCO3, pH 7.4), 2 mM CaCl2, 6.3 mM Probenecid, 5 μM Fluo-8 AM, 0.0112% Pluronic®] and incubated at 37° C., 5% CO2 for 30 minutes. The test substance is prepared in DMSO in various concentrations as a dose-response curve (starting concentration 10 mM, dilution factor 3.16) and prediluted 1:50 with calcium-free Tyrode, 2 mM CaCl2, 0.002% SmartBlock (from CANDOR Bioscience GmbH). 10 μl of the prediluted substance solution are added to the Fluo-8-laden cells and incubated at 37° C., 5% CO2 for 10 minutes. The FP receptor is activated by adding 40 μl of 2 nM (final concentration) PGF2α in calcium-free Tyrode, 2 mM CaCl2, 0.002% SmartBlock, and the calcium flux is determined by measuring the fluorescence at ex. 470 nm/em. 525 nm in a fluorescence measuring instrument (FLIPR Tetra®, Molecular Devices) for 120 seconds.",CHEMBL5728790,P43088,Prostaglandin F2-alpha receptor,IC50,COc1ccc(F)cc1[C@@H](CNC(=O)c1c(C)c(-c2ccccc2)nc2ccc(Br)cc12)CC(=O)O,7.013228265733755
CHEMBL5810704,CHEMBL1987,Prostaglandin F2-alpha receptor,IC50,=,39.0,nM,CHEMBL5737458,B,"In Vitro Test of Inhibition of Human FP Receptor Activity: For the characterization of test substances in respect of FP antagonism, PGF2α-induced calcium flux in FP-expressing CHEM1 cells (Millipore, HTS093C) was used.3000 cells in 30 μl of full medium [DMEM F12, 10% FCS, 1.35 mM sodium pyruvate, 20 mM HEPES, 4 mM GlutaMAX, 2% sodium bicarbonate, 1% Pen/Strep, 1% 100× non-essential amino acids] are sown per well of a 384 multititre plate (from Greiner, TC plate, black with clear base) and incubated at 33° C., 5% CO2 for 24 hours. Prior to the measurement, the medium is replaced by 30 μl of Fluo-8 AM loading buffer [calcium-free Tyrode (130 mM NaCl, 5 mM KCl, 20 mM HEPES, 1 mM MgCl2, 4.8 mM NaHCO3, pH 7.4), 2 mM CaCl2, 6.3 mM Probenecid, 5 μM Fluo-8 AM, 0.0112% Pluronic®] and incubated at 37° C., 5% CO2 for 30 minutes. The test substance is prepared in DMSO in various concentrations as a dose-response curve (starting concentration 10 mM, dilution factor 3.16) and prediluted 1:50 with calcium-free Tyrode, 2 mM CaCl2, 0.002% SmartBlock (from CANDOR Bioscience GmbH). 10 μl of the prediluted substance solution are added to the Fluo-8-laden cells and incubated at 37° C., 5% CO2 for 10 minutes. The FP receptor is activated by adding 40 μl of 2 nM (final concentration) PGF2α in calcium-free Tyrode, 2 mM CaCl2, 0.002% SmartBlock, and the calcium flux is determined by measuring the fluorescence at ex. 470 nm/em. 525 nm in a fluorescence measuring instrument (FLIPR Tetra®, Molecular Devices) for 120 seconds.",CHEMBL5728790,P43088,Prostaglandin F2-alpha receptor,IC50,COc1cccc(F)c1C(CNC(=O)c1c(C)c(-c2ccccc2)nc2ccc(Br)cc12)CC(=O)O,7.4089353929735005
CHEMBL5971920,CHEMBL1987,Prostaglandin F2-alpha receptor,IC50,=,25.0,nM,CHEMBL5737458,B,"In Vitro Test of Inhibition of Human FP Receptor Activity: For the characterization of test substances in respect of FP antagonism, PGF2α-induced calcium flux in FP-expressing CHEM1 cells (Millipore, HTS093C) was used.3000 cells in 30 μl of full medium [DMEM F12, 10% FCS, 1.35 mM sodium pyruvate, 20 mM HEPES, 4 mM GlutaMAX, 2% sodium bicarbonate, 1% Pen/Strep, 1% 100× non-essential amino acids] are sown per well of a 384 multititre plate (from Greiner, TC plate, black with clear base) and incubated at 33° C., 5% CO2 for 24 hours. Prior to the measurement, the medium is replaced by 30 μl of Fluo-8 AM loading buffer [calcium-free Tyrode (130 mM NaCl, 5 mM KCl, 20 mM HEPES, 1 mM MgCl2, 4.8 mM NaHCO3, pH 7.4), 2 mM CaCl2, 6.3 mM Probenecid, 5 μM Fluo-8 AM, 0.0112% Pluronic®] and incubated at 37° C., 5% CO2 for 30 minutes. The test substance is prepared in DMSO in various concentrations as a dose-response curve (starting concentration 10 mM, dilution factor 3.16) and prediluted 1:50 with calcium-free Tyrode, 2 mM CaCl2, 0.002% SmartBlock (from CANDOR Bioscience GmbH). 10 μl of the prediluted substance solution are added to the Fluo-8-laden cells and incubated at 37° C., 5% CO2 for 10 minutes. The FP receptor is activated by adding 40 μl of 2 nM (final concentration) PGF2α in calcium-free Tyrode, 2 mM CaCl2, 0.002% SmartBlock, and the calcium flux is determined by measuring the fluorescence at ex. 470 nm/em. 525 nm in a fluorescence measuring instrument (FLIPR Tetra®, Molecular Devices) for 120 seconds.",CHEMBL5728790,P43088,Prostaglandin F2-alpha receptor,IC50,COc1cccc(F)c1[C@H](CNC(=O)c1c(C)c(-c2ccccc2)nc2ccc(Br)cc12)CC(=O)O,7.6020599913279625
CHEMBL5842974,CHEMBL1987,Prostaglandin F2-alpha receptor,IC50,=,110.0,nM,CHEMBL5737458,B,"In Vitro Test of Inhibition of Human FP Receptor Activity: For the characterization of test substances in respect of FP antagonism, PGF2α-induced calcium flux in FP-expressing CHEM1 cells (Millipore, HTS093C) was used.3000 cells in 30 μl of full medium [DMEM F12, 10% FCS, 1.35 mM sodium pyruvate, 20 mM HEPES, 4 mM GlutaMAX, 2% sodium bicarbonate, 1% Pen/Strep, 1% 100× non-essential amino acids] are sown per well of a 384 multititre plate (from Greiner, TC plate, black with clear base) and incubated at 33° C., 5% CO2 for 24 hours. Prior to the measurement, the medium is replaced by 30 μl of Fluo-8 AM loading buffer [calcium-free Tyrode (130 mM NaCl, 5 mM KCl, 20 mM HEPES, 1 mM MgCl2, 4.8 mM NaHCO3, pH 7.4), 2 mM CaCl2, 6.3 mM Probenecid, 5 μM Fluo-8 AM, 0.0112% Pluronic®] and incubated at 37° C., 5% CO2 for 30 minutes. The test substance is prepared in DMSO in various concentrations as a dose-response curve (starting concentration 10 mM, dilution factor 3.16) and prediluted 1:50 with calcium-free Tyrode, 2 mM CaCl2, 0.002% SmartBlock (from CANDOR Bioscience GmbH). 10 μl of the prediluted substance solution are added to the Fluo-8-laden cells and incubated at 37° C., 5% CO2 for 10 minutes. The FP receptor is activated by adding 40 μl of 2 nM (final concentration) PGF2α in calcium-free Tyrode, 2 mM CaCl2, 0.002% SmartBlock, and the calcium flux is determined by measuring the fluorescence at ex. 470 nm/em. 525 nm in a fluorescence measuring instrument (FLIPR Tetra®, Molecular Devices) for 120 seconds.",CHEMBL5728790,P43088,Prostaglandin F2-alpha receptor,IC50,COc1cccc(F)c1[C@@H](CNC(=O)c1c(C)c(-c2ccccc2)nc2ccc(Br)cc12)CC(=O)O,6.958607314841775
CHEMBL5824967,CHEMBL1987,Prostaglandin F2-alpha receptor,IC50,=,130.0,nM,CHEMBL5737458,B,"In Vitro Test of Inhibition of Human FP Receptor Activity: For the characterization of test substances in respect of FP antagonism, PGF2α-induced calcium flux in FP-expressing CHEM1 cells (Millipore, HTS093C) was used.3000 cells in 30 μl of full medium [DMEM F12, 10% FCS, 1.35 mM sodium pyruvate, 20 mM HEPES, 4 mM GlutaMAX, 2% sodium bicarbonate, 1% Pen/Strep, 1% 100× non-essential amino acids] are sown per well of a 384 multititre plate (from Greiner, TC plate, black with clear base) and incubated at 33° C., 5% CO2 for 24 hours. Prior to the measurement, the medium is replaced by 30 μl of Fluo-8 AM loading buffer [calcium-free Tyrode (130 mM NaCl, 5 mM KCl, 20 mM HEPES, 1 mM MgCl2, 4.8 mM NaHCO3, pH 7.4), 2 mM CaCl2, 6.3 mM Probenecid, 5 μM Fluo-8 AM, 0.0112% Pluronic®] and incubated at 37° C., 5% CO2 for 30 minutes. The test substance is prepared in DMSO in various concentrations as a dose-response curve (starting concentration 10 mM, dilution factor 3.16) and prediluted 1:50 with calcium-free Tyrode, 2 mM CaCl2, 0.002% SmartBlock (from CANDOR Bioscience GmbH). 10 μl of the prediluted substance solution are added to the Fluo-8-laden cells and incubated at 37° C., 5% CO2 for 10 minutes. The FP receptor is activated by adding 40 μl of 2 nM (final concentration) PGF2α in calcium-free Tyrode, 2 mM CaCl2, 0.002% SmartBlock, and the calcium flux is determined by measuring the fluorescence at ex. 470 nm/em. 525 nm in a fluorescence measuring instrument (FLIPR Tetra®, Molecular Devices) for 120 seconds.",CHEMBL5728790,P43088,Prostaglandin F2-alpha receptor,IC50,CCOc1ccccc1C(CNC(=O)c1c(C)c(-c2ccccc2)nc2ccc(Br)cc12)CC(=O)O,6.886056647693163
CHEMBL5776601,CHEMBL1987,Prostaglandin F2-alpha receptor,IC50,=,320.0,nM,CHEMBL5737458,B,"In Vitro Test of Inhibition of Human FP Receptor Activity: For the characterization of test substances in respect of FP antagonism, PGF2α-induced calcium flux in FP-expressing CHEM1 cells (Millipore, HTS093C) was used.3000 cells in 30 μl of full medium [DMEM F12, 10% FCS, 1.35 mM sodium pyruvate, 20 mM HEPES, 4 mM GlutaMAX, 2% sodium bicarbonate, 1% Pen/Strep, 1% 100× non-essential amino acids] are sown per well of a 384 multititre plate (from Greiner, TC plate, black with clear base) and incubated at 33° C., 5% CO2 for 24 hours. Prior to the measurement, the medium is replaced by 30 μl of Fluo-8 AM loading buffer [calcium-free Tyrode (130 mM NaCl, 5 mM KCl, 20 mM HEPES, 1 mM MgCl2, 4.8 mM NaHCO3, pH 7.4), 2 mM CaCl2, 6.3 mM Probenecid, 5 μM Fluo-8 AM, 0.0112% Pluronic®] and incubated at 37° C., 5% CO2 for 30 minutes. The test substance is prepared in DMSO in various concentrations as a dose-response curve (starting concentration 10 mM, dilution factor 3.16) and prediluted 1:50 with calcium-free Tyrode, 2 mM CaCl2, 0.002% SmartBlock (from CANDOR Bioscience GmbH). 10 μl of the prediluted substance solution are added to the Fluo-8-laden cells and incubated at 37° C., 5% CO2 for 10 minutes. The FP receptor is activated by adding 40 μl of 2 nM (final concentration) PGF2α in calcium-free Tyrode, 2 mM CaCl2, 0.002% SmartBlock, and the calcium flux is determined by measuring the fluorescence at ex. 470 nm/em. 525 nm in a fluorescence measuring instrument (FLIPR Tetra®, Molecular Devices) for 120 seconds.",CHEMBL5728790,P43088,Prostaglandin F2-alpha receptor,IC50,CCOc1ccccc1[C@H](CNC(=O)c1c(C)c(-c2ccccc2)nc2ccc(Br)cc12)CC(=O)O,6.494850021680094
CHEMBL5806004,CHEMBL1987,Prostaglandin F2-alpha receptor,IC50,=,99.0,nM,CHEMBL5737458,B,"In Vitro Test of Inhibition of Human FP Receptor Activity: For the characterization of test substances in respect of FP antagonism, PGF2α-induced calcium flux in FP-expressing CHEM1 cells (Millipore, HTS093C) was used.3000 cells in 30 μl of full medium [DMEM F12, 10% FCS, 1.35 mM sodium pyruvate, 20 mM HEPES, 4 mM GlutaMAX, 2% sodium bicarbonate, 1% Pen/Strep, 1% 100× non-essential amino acids] are sown per well of a 384 multititre plate (from Greiner, TC plate, black with clear base) and incubated at 33° C., 5% CO2 for 24 hours. Prior to the measurement, the medium is replaced by 30 μl of Fluo-8 AM loading buffer [calcium-free Tyrode (130 mM NaCl, 5 mM KCl, 20 mM HEPES, 1 mM MgCl2, 4.8 mM NaHCO3, pH 7.4), 2 mM CaCl2, 6.3 mM Probenecid, 5 μM Fluo-8 AM, 0.0112% Pluronic®] and incubated at 37° C., 5% CO2 for 30 minutes. The test substance is prepared in DMSO in various concentrations as a dose-response curve (starting concentration 10 mM, dilution factor 3.16) and prediluted 1:50 with calcium-free Tyrode, 2 mM CaCl2, 0.002% SmartBlock (from CANDOR Bioscience GmbH). 10 μl of the prediluted substance solution are added to the Fluo-8-laden cells and incubated at 37° C., 5% CO2 for 10 minutes. The FP receptor is activated by adding 40 μl of 2 nM (final concentration) PGF2α in calcium-free Tyrode, 2 mM CaCl2, 0.002% SmartBlock, and the calcium flux is determined by measuring the fluorescence at ex. 470 nm/em. 525 nm in a fluorescence measuring instrument (FLIPR Tetra®, Molecular Devices) for 120 seconds.",CHEMBL5728790,P43088,Prostaglandin F2-alpha receptor,IC50,CCOc1ccccc1[C@@H](CNC(=O)c1c(C)c(-c2ccccc2)nc2ccc(Br)cc12)CC(=O)O,7.00436480540245
CHEMBL6006856,CHEMBL1987,Prostaglandin F2-alpha receptor,IC50,=,32.0,nM,CHEMBL5737458,B,"In Vitro Test of Inhibition of Human FP Receptor Activity: For the characterization of test substances in respect of FP antagonism, PGF2α-induced calcium flux in FP-expressing CHEM1 cells (Millipore, HTS093C) was used.3000 cells in 30 μl of full medium [DMEM F12, 10% FCS, 1.35 mM sodium pyruvate, 20 mM HEPES, 4 mM GlutaMAX, 2% sodium bicarbonate, 1% Pen/Strep, 1% 100× non-essential amino acids] are sown per well of a 384 multititre plate (from Greiner, TC plate, black with clear base) and incubated at 33° C., 5% CO2 for 24 hours. Prior to the measurement, the medium is replaced by 30 μl of Fluo-8 AM loading buffer [calcium-free Tyrode (130 mM NaCl, 5 mM KCl, 20 mM HEPES, 1 mM MgCl2, 4.8 mM NaHCO3, pH 7.4), 2 mM CaCl2, 6.3 mM Probenecid, 5 μM Fluo-8 AM, 0.0112% Pluronic®] and incubated at 37° C., 5% CO2 for 30 minutes. The test substance is prepared in DMSO in various concentrations as a dose-response curve (starting concentration 10 mM, dilution factor 3.16) and prediluted 1:50 with calcium-free Tyrode, 2 mM CaCl2, 0.002% SmartBlock (from CANDOR Bioscience GmbH). 10 μl of the prediluted substance solution are added to the Fluo-8-laden cells and incubated at 37° C., 5% CO2 for 10 minutes. The FP receptor is activated by adding 40 μl of 2 nM (final concentration) PGF2α in calcium-free Tyrode, 2 mM CaCl2, 0.002% SmartBlock, and the calcium flux is determined by measuring the fluorescence at ex. 470 nm/em. 525 nm in a fluorescence measuring instrument (FLIPR Tetra®, Molecular Devices) for 120 seconds.",CHEMBL5728790,P43088,Prostaglandin F2-alpha receptor,IC50,COc1ccc(F)cc1C(C)(CNC(=O)c1c(C)c(-c2ccccc2)nc2ccc(Br)cc12)CC(=O)O,7.494850021680094
CHEMBL5944229,CHEMBL1987,Prostaglandin F2-alpha receptor,IC50,=,47.0,nM,CHEMBL5737458,B,"In Vitro Test of Inhibition of Human FP Receptor Activity: For the characterization of test substances in respect of FP antagonism, PGF2α-induced calcium flux in FP-expressing CHEM1 cells (Millipore, HTS093C) was used.3000 cells in 30 μl of full medium [DMEM F12, 10% FCS, 1.35 mM sodium pyruvate, 20 mM HEPES, 4 mM GlutaMAX, 2% sodium bicarbonate, 1% Pen/Strep, 1% 100× non-essential amino acids] are sown per well of a 384 multititre plate (from Greiner, TC plate, black with clear base) and incubated at 33° C., 5% CO2 for 24 hours. Prior to the measurement, the medium is replaced by 30 μl of Fluo-8 AM loading buffer [calcium-free Tyrode (130 mM NaCl, 5 mM KCl, 20 mM HEPES, 1 mM MgCl2, 4.8 mM NaHCO3, pH 7.4), 2 mM CaCl2, 6.3 mM Probenecid, 5 μM Fluo-8 AM, 0.0112% Pluronic®] and incubated at 37° C., 5% CO2 for 30 minutes. The test substance is prepared in DMSO in various concentrations as a dose-response curve (starting concentration 10 mM, dilution factor 3.16) and prediluted 1:50 with calcium-free Tyrode, 2 mM CaCl2, 0.002% SmartBlock (from CANDOR Bioscience GmbH). 10 μl of the prediluted substance solution are added to the Fluo-8-laden cells and incubated at 37° C., 5% CO2 for 10 minutes. The FP receptor is activated by adding 40 μl of 2 nM (final concentration) PGF2α in calcium-free Tyrode, 2 mM CaCl2, 0.002% SmartBlock, and the calcium flux is determined by measuring the fluorescence at ex. 470 nm/em. 525 nm in a fluorescence measuring instrument (FLIPR Tetra®, Molecular Devices) for 120 seconds.",CHEMBL5728790,P43088,Prostaglandin F2-alpha receptor,IC50,COc1ccc(F)cc1[C@](C)(CNC(=O)c1c(C)c(-c2ccccc2)nc2ccc(Br)cc12)CC(=O)O,7.327902142064282
CHEMBL5759850,CHEMBL1987,Prostaglandin F2-alpha receptor,IC50,=,800.0,nM,CHEMBL5737458,B,"In Vitro Test of Inhibition of Human FP Receptor Activity: For the characterization of test substances in respect of FP antagonism, PGF2α-induced calcium flux in FP-expressing CHEM1 cells (Millipore, HTS093C) was used.3000 cells in 30 μl of full medium [DMEM F12, 10% FCS, 1.35 mM sodium pyruvate, 20 mM HEPES, 4 mM GlutaMAX, 2% sodium bicarbonate, 1% Pen/Strep, 1% 100× non-essential amino acids] are sown per well of a 384 multititre plate (from Greiner, TC plate, black with clear base) and incubated at 33° C., 5% CO2 for 24 hours. Prior to the measurement, the medium is replaced by 30 μl of Fluo-8 AM loading buffer [calcium-free Tyrode (130 mM NaCl, 5 mM KCl, 20 mM HEPES, 1 mM MgCl2, 4.8 mM NaHCO3, pH 7.4), 2 mM CaCl2, 6.3 mM Probenecid, 5 μM Fluo-8 AM, 0.0112% Pluronic®] and incubated at 37° C., 5% CO2 for 30 minutes. The test substance is prepared in DMSO in various concentrations as a dose-response curve (starting concentration 10 mM, dilution factor 3.16) and prediluted 1:50 with calcium-free Tyrode, 2 mM CaCl2, 0.002% SmartBlock (from CANDOR Bioscience GmbH). 10 μl of the prediluted substance solution are added to the Fluo-8-laden cells and incubated at 37° C., 5% CO2 for 10 minutes. The FP receptor is activated by adding 40 μl of 2 nM (final concentration) PGF2α in calcium-free Tyrode, 2 mM CaCl2, 0.002% SmartBlock, and the calcium flux is determined by measuring the fluorescence at ex. 470 nm/em. 525 nm in a fluorescence measuring instrument (FLIPR Tetra®, Molecular Devices) for 120 seconds.",CHEMBL5728790,P43088,Prostaglandin F2-alpha receptor,IC50,COc1ccc(F)cc1[C@@](C)(CNC(=O)c1c(C)c(-c2ccccc2)nc2ccc(Br)cc12)CC(=O)O,6.096910013008056
CHEMBL6009392,CHEMBL1987,Prostaglandin F2-alpha receptor,IC50,=,13.0,nM,CHEMBL5737458,B,"In Vitro Test of Inhibition of Human FP Receptor Activity: For the characterization of test substances in respect of FP antagonism, PGF2α-induced calcium flux in FP-expressing CHEM1 cells (Millipore, HTS093C) was used.3000 cells in 30 μl of full medium [DMEM F12, 10% FCS, 1.35 mM sodium pyruvate, 20 mM HEPES, 4 mM GlutaMAX, 2% sodium bicarbonate, 1% Pen/Strep, 1% 100× non-essential amino acids] are sown per well of a 384 multititre plate (from Greiner, TC plate, black with clear base) and incubated at 33° C., 5% CO2 for 24 hours. Prior to the measurement, the medium is replaced by 30 μl of Fluo-8 AM loading buffer [calcium-free Tyrode (130 mM NaCl, 5 mM KCl, 20 mM HEPES, 1 mM MgCl2, 4.8 mM NaHCO3, pH 7.4), 2 mM CaCl2, 6.3 mM Probenecid, 5 μM Fluo-8 AM, 0.0112% Pluronic®] and incubated at 37° C., 5% CO2 for 30 minutes. The test substance is prepared in DMSO in various concentrations as a dose-response curve (starting concentration 10 mM, dilution factor 3.16) and prediluted 1:50 with calcium-free Tyrode, 2 mM CaCl2, 0.002% SmartBlock (from CANDOR Bioscience GmbH). 10 μl of the prediluted substance solution are added to the Fluo-8-laden cells and incubated at 37° C., 5% CO2 for 10 minutes. The FP receptor is activated by adding 40 μl of 2 nM (final concentration) PGF2α in calcium-free Tyrode, 2 mM CaCl2, 0.002% SmartBlock, and the calcium flux is determined by measuring the fluorescence at ex. 470 nm/em. 525 nm in a fluorescence measuring instrument (FLIPR Tetra®, Molecular Devices) for 120 seconds.",CHEMBL5728790,P43088,Prostaglandin F2-alpha receptor,IC50,COc1c(F)cc(F)cc1C(C)(CNC(=O)c1c(C)c(-c2ccccc2)nc2ccc(Br)cc12)CC(=O)O,7.886056647693163
CHEMBL5925429,CHEMBL1987,Prostaglandin F2-alpha receptor,IC50,=,13.0,nM,CHEMBL5737458,B,"In Vitro Test of Inhibition of Human FP Receptor Activity: For the characterization of test substances in respect of FP antagonism, PGF2α-induced calcium flux in FP-expressing CHEM1 cells (Millipore, HTS093C) was used.3000 cells in 30 μl of full medium [DMEM F12, 10% FCS, 1.35 mM sodium pyruvate, 20 mM HEPES, 4 mM GlutaMAX, 2% sodium bicarbonate, 1% Pen/Strep, 1% 100× non-essential amino acids] are sown per well of a 384 multititre plate (from Greiner, TC plate, black with clear base) and incubated at 33° C., 5% CO2 for 24 hours. Prior to the measurement, the medium is replaced by 30 μl of Fluo-8 AM loading buffer [calcium-free Tyrode (130 mM NaCl, 5 mM KCl, 20 mM HEPES, 1 mM MgCl2, 4.8 mM NaHCO3, pH 7.4), 2 mM CaCl2, 6.3 mM Probenecid, 5 μM Fluo-8 AM, 0.0112% Pluronic®] and incubated at 37° C., 5% CO2 for 30 minutes. The test substance is prepared in DMSO in various concentrations as a dose-response curve (starting concentration 10 mM, dilution factor 3.16) and prediluted 1:50 with calcium-free Tyrode, 2 mM CaCl2, 0.002% SmartBlock (from CANDOR Bioscience GmbH). 10 μl of the prediluted substance solution are added to the Fluo-8-laden cells and incubated at 37° C., 5% CO2 for 10 minutes. The FP receptor is activated by adding 40 μl of 2 nM (final concentration) PGF2α in calcium-free Tyrode, 2 mM CaCl2, 0.002% SmartBlock, and the calcium flux is determined by measuring the fluorescence at ex. 470 nm/em. 525 nm in a fluorescence measuring instrument (FLIPR Tetra®, Molecular Devices) for 120 seconds.",CHEMBL5728790,P43088,Prostaglandin F2-alpha receptor,IC50,COc1c(F)cc(F)cc1[C@](C)(CNC(=O)c1c(C)c(-c2ccccc2)nc2ccc(Br)cc12)CC(=O)O,7.886056647693163
CHEMBL5873393,CHEMBL1987,Prostaglandin F2-alpha receptor,IC50,=,440.0,nM,CHEMBL5737458,B,"In Vitro Test of Inhibition of Human FP Receptor Activity: For the characterization of test substances in respect of FP antagonism, PGF2α-induced calcium flux in FP-expressing CHEM1 cells (Millipore, HTS093C) was used.3000 cells in 30 μl of full medium [DMEM F12, 10% FCS, 1.35 mM sodium pyruvate, 20 mM HEPES, 4 mM GlutaMAX, 2% sodium bicarbonate, 1% Pen/Strep, 1% 100× non-essential amino acids] are sown per well of a 384 multititre plate (from Greiner, TC plate, black with clear base) and incubated at 33° C., 5% CO2 for 24 hours. Prior to the measurement, the medium is replaced by 30 μl of Fluo-8 AM loading buffer [calcium-free Tyrode (130 mM NaCl, 5 mM KCl, 20 mM HEPES, 1 mM MgCl2, 4.8 mM NaHCO3, pH 7.4), 2 mM CaCl2, 6.3 mM Probenecid, 5 μM Fluo-8 AM, 0.0112% Pluronic®] and incubated at 37° C., 5% CO2 for 30 minutes. The test substance is prepared in DMSO in various concentrations as a dose-response curve (starting concentration 10 mM, dilution factor 3.16) and prediluted 1:50 with calcium-free Tyrode, 2 mM CaCl2, 0.002% SmartBlock (from CANDOR Bioscience GmbH). 10 μl of the prediluted substance solution are added to the Fluo-8-laden cells and incubated at 37° C., 5% CO2 for 10 minutes. The FP receptor is activated by adding 40 μl of 2 nM (final concentration) PGF2α in calcium-free Tyrode, 2 mM CaCl2, 0.002% SmartBlock, and the calcium flux is determined by measuring the fluorescence at ex. 470 nm/em. 525 nm in a fluorescence measuring instrument (FLIPR Tetra®, Molecular Devices) for 120 seconds.",CHEMBL5728790,P43088,Prostaglandin F2-alpha receptor,IC50,COc1c(F)cc(F)cc1[C@@](C)(CNC(=O)c1c(C)c(-c2ccccc2)nc2ccc(Br)cc12)CC(=O)O,6.356547323513812
CHEMBL6042060,CHEMBL1987,Prostaglandin F2-alpha receptor,IC50,=,42.0,nM,CHEMBL5737458,B,"In Vitro Test of Inhibition of Human FP Receptor Activity: For the characterization of test substances in respect of FP antagonism, PGF2α-induced calcium flux in FP-expressing CHEM1 cells (Millipore, HTS093C) was used.3000 cells in 30 μl of full medium [DMEM F12, 10% FCS, 1.35 mM sodium pyruvate, 20 mM HEPES, 4 mM GlutaMAX, 2% sodium bicarbonate, 1% Pen/Strep, 1% 100× non-essential amino acids] are sown per well of a 384 multititre plate (from Greiner, TC plate, black with clear base) and incubated at 33° C., 5% CO2 for 24 hours. Prior to the measurement, the medium is replaced by 30 μl of Fluo-8 AM loading buffer [calcium-free Tyrode (130 mM NaCl, 5 mM KCl, 20 mM HEPES, 1 mM MgCl2, 4.8 mM NaHCO3, pH 7.4), 2 mM CaCl2, 6.3 mM Probenecid, 5 μM Fluo-8 AM, 0.0112% Pluronic®] and incubated at 37° C., 5% CO2 for 30 minutes. The test substance is prepared in DMSO in various concentrations as a dose-response curve (starting concentration 10 mM, dilution factor 3.16) and prediluted 1:50 with calcium-free Tyrode, 2 mM CaCl2, 0.002% SmartBlock (from CANDOR Bioscience GmbH). 10 μl of the prediluted substance solution are added to the Fluo-8-laden cells and incubated at 37° C., 5% CO2 for 10 minutes. The FP receptor is activated by adding 40 μl of 2 nM (final concentration) PGF2α in calcium-free Tyrode, 2 mM CaCl2, 0.002% SmartBlock, and the calcium flux is determined by measuring the fluorescence at ex. 470 nm/em. 525 nm in a fluorescence measuring instrument (FLIPR Tetra®, Molecular Devices) for 120 seconds.",CHEMBL5728790,P43088,Prostaglandin F2-alpha receptor,IC50,COc1cc(F)ccc1C(C)(CNC(=O)c1c(C)c(-c2ccccc2)nc2ccc(Br)cc12)CC(=O)O,7.376750709602099
CHEMBL5837216,CHEMBL1987,Prostaglandin F2-alpha receptor,IC50,=,28.0,nM,CHEMBL5737458,B,"In Vitro Test of Inhibition of Human FP Receptor Activity: For the characterization of test substances in respect of FP antagonism, PGF2α-induced calcium flux in FP-expressing CHEM1 cells (Millipore, HTS093C) was used.3000 cells in 30 μl of full medium [DMEM F12, 10% FCS, 1.35 mM sodium pyruvate, 20 mM HEPES, 4 mM GlutaMAX, 2% sodium bicarbonate, 1% Pen/Strep, 1% 100× non-essential amino acids] are sown per well of a 384 multititre plate (from Greiner, TC plate, black with clear base) and incubated at 33° C., 5% CO2 for 24 hours. Prior to the measurement, the medium is replaced by 30 μl of Fluo-8 AM loading buffer [calcium-free Tyrode (130 mM NaCl, 5 mM KCl, 20 mM HEPES, 1 mM MgCl2, 4.8 mM NaHCO3, pH 7.4), 2 mM CaCl2, 6.3 mM Probenecid, 5 μM Fluo-8 AM, 0.0112% Pluronic®] and incubated at 37° C., 5% CO2 for 30 minutes. The test substance is prepared in DMSO in various concentrations as a dose-response curve (starting concentration 10 mM, dilution factor 3.16) and prediluted 1:50 with calcium-free Tyrode, 2 mM CaCl2, 0.002% SmartBlock (from CANDOR Bioscience GmbH). 10 μl of the prediluted substance solution are added to the Fluo-8-laden cells and incubated at 37° C., 5% CO2 for 10 minutes. The FP receptor is activated by adding 40 μl of 2 nM (final concentration) PGF2α in calcium-free Tyrode, 2 mM CaCl2, 0.002% SmartBlock, and the calcium flux is determined by measuring the fluorescence at ex. 470 nm/em. 525 nm in a fluorescence measuring instrument (FLIPR Tetra®, Molecular Devices) for 120 seconds.",CHEMBL5728790,P43088,Prostaglandin F2-alpha receptor,IC50,COc1cc(F)ccc1[C@](C)(CNC(=O)c1c(C)c(-c2ccccc2)nc2ccc(Br)cc12)CC(=O)O,7.552841968657781
CHEMBL5865306,CHEMBL1987,Prostaglandin F2-alpha receptor,IC50,=,24.0,nM,CHEMBL5737458,B,"In Vitro Test of Inhibition of Human FP Receptor Activity: For the characterization of test substances in respect of FP antagonism, PGF2α-induced calcium flux in FP-expressing CHEM1 cells (Millipore, HTS093C) was used.3000 cells in 30 μl of full medium [DMEM F12, 10% FCS, 1.35 mM sodium pyruvate, 20 mM HEPES, 4 mM GlutaMAX, 2% sodium bicarbonate, 1% Pen/Strep, 1% 100× non-essential amino acids] are sown per well of a 384 multititre plate (from Greiner, TC plate, black with clear base) and incubated at 33° C., 5% CO2 for 24 hours. Prior to the measurement, the medium is replaced by 30 μl of Fluo-8 AM loading buffer [calcium-free Tyrode (130 mM NaCl, 5 mM KCl, 20 mM HEPES, 1 mM MgCl2, 4.8 mM NaHCO3, pH 7.4), 2 mM CaCl2, 6.3 mM Probenecid, 5 μM Fluo-8 AM, 0.0112% Pluronic®] and incubated at 37° C., 5% CO2 for 30 minutes. The test substance is prepared in DMSO in various concentrations as a dose-response curve (starting concentration 10 mM, dilution factor 3.16) and prediluted 1:50 with calcium-free Tyrode, 2 mM CaCl2, 0.002% SmartBlock (from CANDOR Bioscience GmbH). 10 μl of the prediluted substance solution are added to the Fluo-8-laden cells and incubated at 37° C., 5% CO2 for 10 minutes. The FP receptor is activated by adding 40 μl of 2 nM (final concentration) PGF2α in calcium-free Tyrode, 2 mM CaCl2, 0.002% SmartBlock, and the calcium flux is determined by measuring the fluorescence at ex. 470 nm/em. 525 nm in a fluorescence measuring instrument (FLIPR Tetra®, Molecular Devices) for 120 seconds.",CHEMBL5728790,P43088,Prostaglandin F2-alpha receptor,IC50,COc1ccccc1C(CNC(=O)c1c(C)c(-c2ccccc2)nc2ccc(Br)cc12)C(F)(F)C(=O)O,7.619788758288394
CHEMBL5773918,CHEMBL1987,Prostaglandin F2-alpha receptor,IC50,=,15.0,nM,CHEMBL5737458,B,"In Vitro Test of Inhibition of Human FP Receptor Activity: For the characterization of test substances in respect of FP antagonism, PGF2α-induced calcium flux in FP-expressing CHEM1 cells (Millipore, HTS093C) was used.3000 cells in 30 μl of full medium [DMEM F12, 10% FCS, 1.35 mM sodium pyruvate, 20 mM HEPES, 4 mM GlutaMAX, 2% sodium bicarbonate, 1% Pen/Strep, 1% 100× non-essential amino acids] are sown per well of a 384 multititre plate (from Greiner, TC plate, black with clear base) and incubated at 33° C., 5% CO2 for 24 hours. Prior to the measurement, the medium is replaced by 30 μl of Fluo-8 AM loading buffer [calcium-free Tyrode (130 mM NaCl, 5 mM KCl, 20 mM HEPES, 1 mM MgCl2, 4.8 mM NaHCO3, pH 7.4), 2 mM CaCl2, 6.3 mM Probenecid, 5 μM Fluo-8 AM, 0.0112% Pluronic®] and incubated at 37° C., 5% CO2 for 30 minutes. The test substance is prepared in DMSO in various concentrations as a dose-response curve (starting concentration 10 mM, dilution factor 3.16) and prediluted 1:50 with calcium-free Tyrode, 2 mM CaCl2, 0.002% SmartBlock (from CANDOR Bioscience GmbH). 10 μl of the prediluted substance solution are added to the Fluo-8-laden cells and incubated at 37° C., 5% CO2 for 10 minutes. The FP receptor is activated by adding 40 μl of 2 nM (final concentration) PGF2α in calcium-free Tyrode, 2 mM CaCl2, 0.002% SmartBlock, and the calcium flux is determined by measuring the fluorescence at ex. 470 nm/em. 525 nm in a fluorescence measuring instrument (FLIPR Tetra®, Molecular Devices) for 120 seconds.",CHEMBL5728790,P43088,Prostaglandin F2-alpha receptor,IC50,COc1cccc(F)c1C(C)(CNC(=O)c1c(C)c(-c2ccccc2)nc2ccc(Br)cc12)CC(=O)O,7.823908740944319
CHEMBL5848182,CHEMBL1987,Prostaglandin F2-alpha receptor,IC50,=,6.8,nM,CHEMBL5737458,B,"In Vitro Test of Inhibition of Human FP Receptor Activity: For the characterization of test substances in respect of FP antagonism, PGF2α-induced calcium flux in FP-expressing CHEM1 cells (Millipore, HTS093C) was used.3000 cells in 30 μl of full medium [DMEM F12, 10% FCS, 1.35 mM sodium pyruvate, 20 mM HEPES, 4 mM GlutaMAX, 2% sodium bicarbonate, 1% Pen/Strep, 1% 100× non-essential amino acids] are sown per well of a 384 multititre plate (from Greiner, TC plate, black with clear base) and incubated at 33° C., 5% CO2 for 24 hours. Prior to the measurement, the medium is replaced by 30 μl of Fluo-8 AM loading buffer [calcium-free Tyrode (130 mM NaCl, 5 mM KCl, 20 mM HEPES, 1 mM MgCl2, 4.8 mM NaHCO3, pH 7.4), 2 mM CaCl2, 6.3 mM Probenecid, 5 μM Fluo-8 AM, 0.0112% Pluronic®] and incubated at 37° C., 5% CO2 for 30 minutes. The test substance is prepared in DMSO in various concentrations as a dose-response curve (starting concentration 10 mM, dilution factor 3.16) and prediluted 1:50 with calcium-free Tyrode, 2 mM CaCl2, 0.002% SmartBlock (from CANDOR Bioscience GmbH). 10 μl of the prediluted substance solution are added to the Fluo-8-laden cells and incubated at 37° C., 5% CO2 for 10 minutes. The FP receptor is activated by adding 40 μl of 2 nM (final concentration) PGF2α in calcium-free Tyrode, 2 mM CaCl2, 0.002% SmartBlock, and the calcium flux is determined by measuring the fluorescence at ex. 470 nm/em. 525 nm in a fluorescence measuring instrument (FLIPR Tetra®, Molecular Devices) for 120 seconds.",CHEMBL5728790,P43088,Prostaglandin F2-alpha receptor,IC50,COc1ccccc1[C@H](CNC(=O)c1c(C)c(-c2ccccc2)nc2ccc(Br)cc12)C(F)(F)C(=O)O,8.167491087293763
CHEMBL6042255,CHEMBL1987,Prostaglandin F2-alpha receptor,IC50,=,130.0,nM,CHEMBL5737458,B,"In Vitro Test of Inhibition of Human FP Receptor Activity: For the characterization of test substances in respect of FP antagonism, PGF2α-induced calcium flux in FP-expressing CHEM1 cells (Millipore, HTS093C) was used.3000 cells in 30 μl of full medium [DMEM F12, 10% FCS, 1.35 mM sodium pyruvate, 20 mM HEPES, 4 mM GlutaMAX, 2% sodium bicarbonate, 1% Pen/Strep, 1% 100× non-essential amino acids] are sown per well of a 384 multititre plate (from Greiner, TC plate, black with clear base) and incubated at 33° C., 5% CO2 for 24 hours. Prior to the measurement, the medium is replaced by 30 μl of Fluo-8 AM loading buffer [calcium-free Tyrode (130 mM NaCl, 5 mM KCl, 20 mM HEPES, 1 mM MgCl2, 4.8 mM NaHCO3, pH 7.4), 2 mM CaCl2, 6.3 mM Probenecid, 5 μM Fluo-8 AM, 0.0112% Pluronic®] and incubated at 37° C., 5% CO2 for 30 minutes. The test substance is prepared in DMSO in various concentrations as a dose-response curve (starting concentration 10 mM, dilution factor 3.16) and prediluted 1:50 with calcium-free Tyrode, 2 mM CaCl2, 0.002% SmartBlock (from CANDOR Bioscience GmbH). 10 μl of the prediluted substance solution are added to the Fluo-8-laden cells and incubated at 37° C., 5% CO2 for 10 minutes. The FP receptor is activated by adding 40 μl of 2 nM (final concentration) PGF2α in calcium-free Tyrode, 2 mM CaCl2, 0.002% SmartBlock, and the calcium flux is determined by measuring the fluorescence at ex. 470 nm/em. 525 nm in a fluorescence measuring instrument (FLIPR Tetra®, Molecular Devices) for 120 seconds.",CHEMBL5728790,P43088,Prostaglandin F2-alpha receptor,IC50,COc1ccccc1[C@@H](CNC(=O)c1c(C)c(-c2ccccc2)nc2ccc(Br)cc12)C(F)(F)C(=O)O,6.886056647693163
CHEMBL5907417,CHEMBL1987,Prostaglandin F2-alpha receptor,IC50,=,49.0,nM,CHEMBL5737458,B,"In Vitro Test of Inhibition of Human FP Receptor Activity: For the characterization of test substances in respect of FP antagonism, PGF2α-induced calcium flux in FP-expressing CHEM1 cells (Millipore, HTS093C) was used.3000 cells in 30 μl of full medium [DMEM F12, 10% FCS, 1.35 mM sodium pyruvate, 20 mM HEPES, 4 mM GlutaMAX, 2% sodium bicarbonate, 1% Pen/Strep, 1% 100× non-essential amino acids] are sown per well of a 384 multititre plate (from Greiner, TC plate, black with clear base) and incubated at 33° C., 5% CO2 for 24 hours. Prior to the measurement, the medium is replaced by 30 μl of Fluo-8 AM loading buffer [calcium-free Tyrode (130 mM NaCl, 5 mM KCl, 20 mM HEPES, 1 mM MgCl2, 4.8 mM NaHCO3, pH 7.4), 2 mM CaCl2, 6.3 mM Probenecid, 5 μM Fluo-8 AM, 0.0112% Pluronic®] and incubated at 37° C., 5% CO2 for 30 minutes. The test substance is prepared in DMSO in various concentrations as a dose-response curve (starting concentration 10 mM, dilution factor 3.16) and prediluted 1:50 with calcium-free Tyrode, 2 mM CaCl2, 0.002% SmartBlock (from CANDOR Bioscience GmbH). 10 μl of the prediluted substance solution are added to the Fluo-8-laden cells and incubated at 37° C., 5% CO2 for 10 minutes. The FP receptor is activated by adding 40 μl of 2 nM (final concentration) PGF2α in calcium-free Tyrode, 2 mM CaCl2, 0.002% SmartBlock, and the calcium flux is determined by measuring the fluorescence at ex. 470 nm/em. 525 nm in a fluorescence measuring instrument (FLIPR Tetra®, Molecular Devices) for 120 seconds.",CHEMBL5728790,P43088,Prostaglandin F2-alpha receptor,IC50,Cc1c(-c2ccccc2)nc2ccc(Br)cc2c1C(=O)N[C@H](C)C(CC(=O)O)c1ccccc1Cl,7.309803919971486
CHEMBL5995091,CHEMBL1987,Prostaglandin F2-alpha receptor,IC50,=,42.0,nM,CHEMBL5737458,B,"In Vitro Test of Inhibition of Human FP Receptor Activity: For the characterization of test substances in respect of FP antagonism, PGF2α-induced calcium flux in FP-expressing CHEM1 cells (Millipore, HTS093C) was used.3000 cells in 30 μl of full medium [DMEM F12, 10% FCS, 1.35 mM sodium pyruvate, 20 mM HEPES, 4 mM GlutaMAX, 2% sodium bicarbonate, 1% Pen/Strep, 1% 100× non-essential amino acids] are sown per well of a 384 multititre plate (from Greiner, TC plate, black with clear base) and incubated at 33° C., 5% CO2 for 24 hours. Prior to the measurement, the medium is replaced by 30 μl of Fluo-8 AM loading buffer [calcium-free Tyrode (130 mM NaCl, 5 mM KCl, 20 mM HEPES, 1 mM MgCl2, 4.8 mM NaHCO3, pH 7.4), 2 mM CaCl2, 6.3 mM Probenecid, 5 μM Fluo-8 AM, 0.0112% Pluronic®] and incubated at 37° C., 5% CO2 for 30 minutes. The test substance is prepared in DMSO in various concentrations as a dose-response curve (starting concentration 10 mM, dilution factor 3.16) and prediluted 1:50 with calcium-free Tyrode, 2 mM CaCl2, 0.002% SmartBlock (from CANDOR Bioscience GmbH). 10 μl of the prediluted substance solution are added to the Fluo-8-laden cells and incubated at 37° C., 5% CO2 for 10 minutes. The FP receptor is activated by adding 40 μl of 2 nM (final concentration) PGF2α in calcium-free Tyrode, 2 mM CaCl2, 0.002% SmartBlock, and the calcium flux is determined by measuring the fluorescence at ex. 470 nm/em. 525 nm in a fluorescence measuring instrument (FLIPR Tetra®, Molecular Devices) for 120 seconds.",CHEMBL5728790,P43088,Prostaglandin F2-alpha receptor,IC50,Cc1c(-c2ccccc2)nc2ccc(Br)cc2c1C(=O)N[C@@H](C)C(CC(=O)O)c1ccccc1Cl,7.376750709602099
CHEMBL6008519,CHEMBL1987,Prostaglandin F2-alpha receptor,IC50,=,960.0,nM,CHEMBL5737458,B,"In Vitro Test of Inhibition of Human FP Receptor Activity: For the characterization of test substances in respect of FP antagonism, PGF2α-induced calcium flux in FP-expressing CHEM1 cells (Millipore, HTS093C) was used.3000 cells in 30 μl of full medium [DMEM F12, 10% FCS, 1.35 mM sodium pyruvate, 20 mM HEPES, 4 mM GlutaMAX, 2% sodium bicarbonate, 1% Pen/Strep, 1% 100× non-essential amino acids] are sown per well of a 384 multititre plate (from Greiner, TC plate, black with clear base) and incubated at 33° C., 5% CO2 for 24 hours. Prior to the measurement, the medium is replaced by 30 μl of Fluo-8 AM loading buffer [calcium-free Tyrode (130 mM NaCl, 5 mM KCl, 20 mM HEPES, 1 mM MgCl2, 4.8 mM NaHCO3, pH 7.4), 2 mM CaCl2, 6.3 mM Probenecid, 5 μM Fluo-8 AM, 0.0112% Pluronic®] and incubated at 37° C., 5% CO2 for 30 minutes. The test substance is prepared in DMSO in various concentrations as a dose-response curve (starting concentration 10 mM, dilution factor 3.16) and prediluted 1:50 with calcium-free Tyrode, 2 mM CaCl2, 0.002% SmartBlock (from CANDOR Bioscience GmbH). 10 μl of the prediluted substance solution are added to the Fluo-8-laden cells and incubated at 37° C., 5% CO2 for 10 minutes. The FP receptor is activated by adding 40 μl of 2 nM (final concentration) PGF2α in calcium-free Tyrode, 2 mM CaCl2, 0.002% SmartBlock, and the calcium flux is determined by measuring the fluorescence at ex. 470 nm/em. 525 nm in a fluorescence measuring instrument (FLIPR Tetra®, Molecular Devices) for 120 seconds.",CHEMBL5728790,P43088,Prostaglandin F2-alpha receptor,IC50,Cc1c(-c2ccccc2)nc2ccc(Br)cc2c1C(=O)N[C@H](C)[C@@H](CC(=O)O)c1ccccc1Cl,6.017728766960431
CHEMBL4743411,CHEMBL1987,Prostaglandin F2-alpha receptor,IC50,=,7.8,nM,CHEMBL5737458,B,"In Vitro Test of Inhibition of Human FP Receptor Activity: For the characterization of test substances in respect of FP antagonism, PGF2α-induced calcium flux in FP-expressing CHEM1 cells (Millipore, HTS093C) was used.3000 cells in 30 μl of full medium [DMEM F12, 10% FCS, 1.35 mM sodium pyruvate, 20 mM HEPES, 4 mM GlutaMAX, 2% sodium bicarbonate, 1% Pen/Strep, 1% 100× non-essential amino acids] are sown per well of a 384 multititre plate (from Greiner, TC plate, black with clear base) and incubated at 33° C., 5% CO2 for 24 hours. Prior to the measurement, the medium is replaced by 30 μl of Fluo-8 AM loading buffer [calcium-free Tyrode (130 mM NaCl, 5 mM KCl, 20 mM HEPES, 1 mM MgCl2, 4.8 mM NaHCO3, pH 7.4), 2 mM CaCl2, 6.3 mM Probenecid, 5 μM Fluo-8 AM, 0.0112% Pluronic®] and incubated at 37° C., 5% CO2 for 30 minutes. The test substance is prepared in DMSO in various concentrations as a dose-response curve (starting concentration 10 mM, dilution factor 3.16) and prediluted 1:50 with calcium-free Tyrode, 2 mM CaCl2, 0.002% SmartBlock (from CANDOR Bioscience GmbH). 10 μl of the prediluted substance solution are added to the Fluo-8-laden cells and incubated at 37° C., 5% CO2 for 10 minutes. The FP receptor is activated by adding 40 μl of 2 nM (final concentration) PGF2α in calcium-free Tyrode, 2 mM CaCl2, 0.002% SmartBlock, and the calcium flux is determined by measuring the fluorescence at ex. 470 nm/em. 525 nm in a fluorescence measuring instrument (FLIPR Tetra®, Molecular Devices) for 120 seconds.",CHEMBL5728790,P43088,Prostaglandin F2-alpha receptor,IC50,Cc1c(-c2ccccc2)nc2ccc(Br)cc2c1C(=O)NCC(CCC(=O)O)c1ccccc1Cl,8.10790539730952
CHEMBL5954173,CHEMBL1987,Prostaglandin F2-alpha receptor,IC50,=,7.9,nM,CHEMBL5737458,B,"In Vitro Test of Inhibition of Human FP Receptor Activity: For the characterization of test substances in respect of FP antagonism, PGF2α-induced calcium flux in FP-expressing CHEM1 cells (Millipore, HTS093C) was used.3000 cells in 30 μl of full medium [DMEM F12, 10% FCS, 1.35 mM sodium pyruvate, 20 mM HEPES, 4 mM GlutaMAX, 2% sodium bicarbonate, 1% Pen/Strep, 1% 100× non-essential amino acids] are sown per well of a 384 multititre plate (from Greiner, TC plate, black with clear base) and incubated at 33° C., 5% CO2 for 24 hours. Prior to the measurement, the medium is replaced by 30 μl of Fluo-8 AM loading buffer [calcium-free Tyrode (130 mM NaCl, 5 mM KCl, 20 mM HEPES, 1 mM MgCl2, 4.8 mM NaHCO3, pH 7.4), 2 mM CaCl2, 6.3 mM Probenecid, 5 μM Fluo-8 AM, 0.0112% Pluronic®] and incubated at 37° C., 5% CO2 for 30 minutes. The test substance is prepared in DMSO in various concentrations as a dose-response curve (starting concentration 10 mM, dilution factor 3.16) and prediluted 1:50 with calcium-free Tyrode, 2 mM CaCl2, 0.002% SmartBlock (from CANDOR Bioscience GmbH). 10 μl of the prediluted substance solution are added to the Fluo-8-laden cells and incubated at 37° C., 5% CO2 for 10 minutes. The FP receptor is activated by adding 40 μl of 2 nM (final concentration) PGF2α in calcium-free Tyrode, 2 mM CaCl2, 0.002% SmartBlock, and the calcium flux is determined by measuring the fluorescence at ex. 470 nm/em. 525 nm in a fluorescence measuring instrument (FLIPR Tetra®, Molecular Devices) for 120 seconds.",CHEMBL5728790,P43088,Prostaglandin F2-alpha receptor,IC50,Cc1c(-c2ccccc2)nc2ccc(Br)cc2c1C(=O)NC[C@H](CCC(=O)O)c1ccccc1Cl,8.102372908709558
CHEMBL6013901,CHEMBL1987,Prostaglandin F2-alpha receptor,IC50,=,9.0,nM,CHEMBL5737458,B,"In Vitro Test of Inhibition of Human FP Receptor Activity: For the characterization of test substances in respect of FP antagonism, PGF2α-induced calcium flux in FP-expressing CHEM1 cells (Millipore, HTS093C) was used.3000 cells in 30 μl of full medium [DMEM F12, 10% FCS, 1.35 mM sodium pyruvate, 20 mM HEPES, 4 mM GlutaMAX, 2% sodium bicarbonate, 1% Pen/Strep, 1% 100× non-essential amino acids] are sown per well of a 384 multititre plate (from Greiner, TC plate, black with clear base) and incubated at 33° C., 5% CO2 for 24 hours. Prior to the measurement, the medium is replaced by 30 μl of Fluo-8 AM loading buffer [calcium-free Tyrode (130 mM NaCl, 5 mM KCl, 20 mM HEPES, 1 mM MgCl2, 4.8 mM NaHCO3, pH 7.4), 2 mM CaCl2, 6.3 mM Probenecid, 5 μM Fluo-8 AM, 0.0112% Pluronic®] and incubated at 37° C., 5% CO2 for 30 minutes. The test substance is prepared in DMSO in various concentrations as a dose-response curve (starting concentration 10 mM, dilution factor 3.16) and prediluted 1:50 with calcium-free Tyrode, 2 mM CaCl2, 0.002% SmartBlock (from CANDOR Bioscience GmbH). 10 μl of the prediluted substance solution are added to the Fluo-8-laden cells and incubated at 37° C., 5% CO2 for 10 minutes. The FP receptor is activated by adding 40 μl of 2 nM (final concentration) PGF2α in calcium-free Tyrode, 2 mM CaCl2, 0.002% SmartBlock, and the calcium flux is determined by measuring the fluorescence at ex. 470 nm/em. 525 nm in a fluorescence measuring instrument (FLIPR Tetra®, Molecular Devices) for 120 seconds.",CHEMBL5728790,P43088,Prostaglandin F2-alpha receptor,IC50,Cc1c(-c2ccccc2)nc2ccc(Br)cc2c1C(=O)NC[C@@H](CCC(=O)O)c1ccccc1Cl,8.045757490560675
CHEMBL6061213,CHEMBL1987,Prostaglandin F2-alpha receptor,IC50,=,15.0,nM,CHEMBL5737458,B,"In Vitro Test of Inhibition of Human FP Receptor Activity: For the characterization of test substances in respect of FP antagonism, PGF2α-induced calcium flux in FP-expressing CHEM1 cells (Millipore, HTS093C) was used.3000 cells in 30 μl of full medium [DMEM F12, 10% FCS, 1.35 mM sodium pyruvate, 20 mM HEPES, 4 mM GlutaMAX, 2% sodium bicarbonate, 1% Pen/Strep, 1% 100× non-essential amino acids] are sown per well of a 384 multititre plate (from Greiner, TC plate, black with clear base) and incubated at 33° C., 5% CO2 for 24 hours. Prior to the measurement, the medium is replaced by 30 μl of Fluo-8 AM loading buffer [calcium-free Tyrode (130 mM NaCl, 5 mM KCl, 20 mM HEPES, 1 mM MgCl2, 4.8 mM NaHCO3, pH 7.4), 2 mM CaCl2, 6.3 mM Probenecid, 5 μM Fluo-8 AM, 0.0112% Pluronic®] and incubated at 37° C., 5% CO2 for 30 minutes. The test substance is prepared in DMSO in various concentrations as a dose-response curve (starting concentration 10 mM, dilution factor 3.16) and prediluted 1:50 with calcium-free Tyrode, 2 mM CaCl2, 0.002% SmartBlock (from CANDOR Bioscience GmbH). 10 μl of the prediluted substance solution are added to the Fluo-8-laden cells and incubated at 37° C., 5% CO2 for 10 minutes. The FP receptor is activated by adding 40 μl of 2 nM (final concentration) PGF2α in calcium-free Tyrode, 2 mM CaCl2, 0.002% SmartBlock, and the calcium flux is determined by measuring the fluorescence at ex. 470 nm/em. 525 nm in a fluorescence measuring instrument (FLIPR Tetra®, Molecular Devices) for 120 seconds.",CHEMBL5728790,P43088,Prostaglandin F2-alpha receptor,IC50,Cc1c(-c2ccccc2)nc2ccc(Br)cc2c1C(=O)NCC(C)(CCC(=O)O)c1ccccc1Cl,7.823908740944319
CHEMBL5921554,CHEMBL1987,Prostaglandin F2-alpha receptor,IC50,=,60.0,nM,CHEMBL5737458,B,"In Vitro Test of Inhibition of Human FP Receptor Activity: For the characterization of test substances in respect of FP antagonism, PGF2α-induced calcium flux in FP-expressing CHEM1 cells (Millipore, HTS093C) was used.3000 cells in 30 μl of full medium [DMEM F12, 10% FCS, 1.35 mM sodium pyruvate, 20 mM HEPES, 4 mM GlutaMAX, 2% sodium bicarbonate, 1% Pen/Strep, 1% 100× non-essential amino acids] are sown per well of a 384 multititre plate (from Greiner, TC plate, black with clear base) and incubated at 33° C., 5% CO2 for 24 hours. Prior to the measurement, the medium is replaced by 30 μl of Fluo-8 AM loading buffer [calcium-free Tyrode (130 mM NaCl, 5 mM KCl, 20 mM HEPES, 1 mM MgCl2, 4.8 mM NaHCO3, pH 7.4), 2 mM CaCl2, 6.3 mM Probenecid, 5 μM Fluo-8 AM, 0.0112% Pluronic®] and incubated at 37° C., 5% CO2 for 30 minutes. The test substance is prepared in DMSO in various concentrations as a dose-response curve (starting concentration 10 mM, dilution factor 3.16) and prediluted 1:50 with calcium-free Tyrode, 2 mM CaCl2, 0.002% SmartBlock (from CANDOR Bioscience GmbH). 10 μl of the prediluted substance solution are added to the Fluo-8-laden cells and incubated at 37° C., 5% CO2 for 10 minutes. The FP receptor is activated by adding 40 μl of 2 nM (final concentration) PGF2α in calcium-free Tyrode, 2 mM CaCl2, 0.002% SmartBlock, and the calcium flux is determined by measuring the fluorescence at ex. 470 nm/em. 525 nm in a fluorescence measuring instrument (FLIPR Tetra®, Molecular Devices) for 120 seconds.",CHEMBL5728790,P43088,Prostaglandin F2-alpha receptor,IC50,Cc1c(-c2ccccc2)nc2ccc(Br)cc2c1C(=O)NC[C@](C)(CCC(=O)O)c1ccccc1Cl,7.221848749616356
CHEMBL5939070,CHEMBL1987,Prostaglandin F2-alpha receptor,IC50,=,8.0,nM,CHEMBL5737458,B,"In Vitro Test of Inhibition of Human FP Receptor Activity: For the characterization of test substances in respect of FP antagonism, PGF2α-induced calcium flux in FP-expressing CHEM1 cells (Millipore, HTS093C) was used.3000 cells in 30 μl of full medium [DMEM F12, 10% FCS, 1.35 mM sodium pyruvate, 20 mM HEPES, 4 mM GlutaMAX, 2% sodium bicarbonate, 1% Pen/Strep, 1% 100× non-essential amino acids] are sown per well of a 384 multititre plate (from Greiner, TC plate, black with clear base) and incubated at 33° C., 5% CO2 for 24 hours. Prior to the measurement, the medium is replaced by 30 μl of Fluo-8 AM loading buffer [calcium-free Tyrode (130 mM NaCl, 5 mM KCl, 20 mM HEPES, 1 mM MgCl2, 4.8 mM NaHCO3, pH 7.4), 2 mM CaCl2, 6.3 mM Probenecid, 5 μM Fluo-8 AM, 0.0112% Pluronic®] and incubated at 37° C., 5% CO2 for 30 minutes. The test substance is prepared in DMSO in various concentrations as a dose-response curve (starting concentration 10 mM, dilution factor 3.16) and prediluted 1:50 with calcium-free Tyrode, 2 mM CaCl2, 0.002% SmartBlock (from CANDOR Bioscience GmbH). 10 μl of the prediluted substance solution are added to the Fluo-8-laden cells and incubated at 37° C., 5% CO2 for 10 minutes. The FP receptor is activated by adding 40 μl of 2 nM (final concentration) PGF2α in calcium-free Tyrode, 2 mM CaCl2, 0.002% SmartBlock, and the calcium flux is determined by measuring the fluorescence at ex. 470 nm/em. 525 nm in a fluorescence measuring instrument (FLIPR Tetra®, Molecular Devices) for 120 seconds.",CHEMBL5728790,P43088,Prostaglandin F2-alpha receptor,IC50,Cc1c(-c2ccccc2)nc2ccc(Br)cc2c1C(=O)NC[C@@](C)(CCC(=O)O)c1ccccc1Cl,8.096910013008056
CHEMBL6063553,CHEMBL1987,Prostaglandin F2-alpha receptor,IC50,=,3.7,nM,CHEMBL5737458,B,"In Vitro Test of Inhibition of Human FP Receptor Activity: For the characterization of test substances in respect of FP antagonism, PGF2α-induced calcium flux in FP-expressing CHEM1 cells (Millipore, HTS093C) was used.3000 cells in 30 μl of full medium [DMEM F12, 10% FCS, 1.35 mM sodium pyruvate, 20 mM HEPES, 4 mM GlutaMAX, 2% sodium bicarbonate, 1% Pen/Strep, 1% 100× non-essential amino acids] are sown per well of a 384 multititre plate (from Greiner, TC plate, black with clear base) and incubated at 33° C., 5% CO2 for 24 hours. Prior to the measurement, the medium is replaced by 30 μl of Fluo-8 AM loading buffer [calcium-free Tyrode (130 mM NaCl, 5 mM KCl, 20 mM HEPES, 1 mM MgCl2, 4.8 mM NaHCO3, pH 7.4), 2 mM CaCl2, 6.3 mM Probenecid, 5 μM Fluo-8 AM, 0.0112% Pluronic®] and incubated at 37° C., 5% CO2 for 30 minutes. The test substance is prepared in DMSO in various concentrations as a dose-response curve (starting concentration 10 mM, dilution factor 3.16) and prediluted 1:50 with calcium-free Tyrode, 2 mM CaCl2, 0.002% SmartBlock (from CANDOR Bioscience GmbH). 10 μl of the prediluted substance solution are added to the Fluo-8-laden cells and incubated at 37° C., 5% CO2 for 10 minutes. The FP receptor is activated by adding 40 μl of 2 nM (final concentration) PGF2α in calcium-free Tyrode, 2 mM CaCl2, 0.002% SmartBlock, and the calcium flux is determined by measuring the fluorescence at ex. 470 nm/em. 525 nm in a fluorescence measuring instrument (FLIPR Tetra®, Molecular Devices) for 120 seconds.",CHEMBL5728790,P43088,Prostaglandin F2-alpha receptor,IC50,Cc1c(-c2ccccc2)nc2ccc(Br)cc2c1C(=O)NC[C@H](CCC(=O)O)c1c(F)cccc1Cl,8.431798275933005
CHEMBL5967650,CHEMBL1987,Prostaglandin F2-alpha receptor,IC50,=,3.5,nM,CHEMBL5737458,B,"In Vitro Test of Inhibition of Human FP Receptor Activity: For the characterization of test substances in respect of FP antagonism, PGF2α-induced calcium flux in FP-expressing CHEM1 cells (Millipore, HTS093C) was used.3000 cells in 30 μl of full medium [DMEM F12, 10% FCS, 1.35 mM sodium pyruvate, 20 mM HEPES, 4 mM GlutaMAX, 2% sodium bicarbonate, 1% Pen/Strep, 1% 100× non-essential amino acids] are sown per well of a 384 multititre plate (from Greiner, TC plate, black with clear base) and incubated at 33° C., 5% CO2 for 24 hours. Prior to the measurement, the medium is replaced by 30 μl of Fluo-8 AM loading buffer [calcium-free Tyrode (130 mM NaCl, 5 mM KCl, 20 mM HEPES, 1 mM MgCl2, 4.8 mM NaHCO3, pH 7.4), 2 mM CaCl2, 6.3 mM Probenecid, 5 μM Fluo-8 AM, 0.0112% Pluronic®] and incubated at 37° C., 5% CO2 for 30 minutes. The test substance is prepared in DMSO in various concentrations as a dose-response curve (starting concentration 10 mM, dilution factor 3.16) and prediluted 1:50 with calcium-free Tyrode, 2 mM CaCl2, 0.002% SmartBlock (from CANDOR Bioscience GmbH). 10 μl of the prediluted substance solution are added to the Fluo-8-laden cells and incubated at 37° C., 5% CO2 for 10 minutes. The FP receptor is activated by adding 40 μl of 2 nM (final concentration) PGF2α in calcium-free Tyrode, 2 mM CaCl2, 0.002% SmartBlock, and the calcium flux is determined by measuring the fluorescence at ex. 470 nm/em. 525 nm in a fluorescence measuring instrument (FLIPR Tetra®, Molecular Devices) for 120 seconds.",CHEMBL5728790,P43088,Prostaglandin F2-alpha receptor,IC50,Cc1c(-c2ccccc2)nc2ccc(Br)cc2c1C(=O)NC[C@@H](CCC(=O)O)c1c(F)cccc1Cl,8.455931955649724
CHEMBL6063553,CHEMBL1987,Prostaglandin F2-alpha receptor,IC50,=,24.0,nM,CHEMBL5737458,B,"In Vitro Test of Inhibition of Human FP Receptor Activity: For the characterization of test substances in respect of FP antagonism, PGF2α-induced calcium flux in FP-expressing CHEM1 cells (Millipore, HTS093C) was used.3000 cells in 30 μl of full medium [DMEM F12, 10% FCS, 1.35 mM sodium pyruvate, 20 mM HEPES, 4 mM GlutaMAX, 2% sodium bicarbonate, 1% Pen/Strep, 1% 100× non-essential amino acids] are sown per well of a 384 multititre plate (from Greiner, TC plate, black with clear base) and incubated at 33° C., 5% CO2 for 24 hours. Prior to the measurement, the medium is replaced by 30 μl of Fluo-8 AM loading buffer [calcium-free Tyrode (130 mM NaCl, 5 mM KCl, 20 mM HEPES, 1 mM MgCl2, 4.8 mM NaHCO3, pH 7.4), 2 mM CaCl2, 6.3 mM Probenecid, 5 μM Fluo-8 AM, 0.0112% Pluronic®] and incubated at 37° C., 5% CO2 for 30 minutes. The test substance is prepared in DMSO in various concentrations as a dose-response curve (starting concentration 10 mM, dilution factor 3.16) and prediluted 1:50 with calcium-free Tyrode, 2 mM CaCl2, 0.002% SmartBlock (from CANDOR Bioscience GmbH). 10 μl of the prediluted substance solution are added to the Fluo-8-laden cells and incubated at 37° C., 5% CO2 for 10 minutes. The FP receptor is activated by adding 40 μl of 2 nM (final concentration) PGF2α in calcium-free Tyrode, 2 mM CaCl2, 0.002% SmartBlock, and the calcium flux is determined by measuring the fluorescence at ex. 470 nm/em. 525 nm in a fluorescence measuring instrument (FLIPR Tetra®, Molecular Devices) for 120 seconds.",CHEMBL5728790,P43088,Prostaglandin F2-alpha receptor,IC50,Cc1c(-c2ccccc2)nc2ccc(Br)cc2c1C(=O)NC[C@H](CCC(=O)O)c1c(F)cccc1Cl,7.619788758288394
CHEMBL5820727,CHEMBL1987,Prostaglandin F2-alpha receptor,IC50,=,13.0,nM,CHEMBL5737458,B,"In Vitro Test of Inhibition of Human FP Receptor Activity: For the characterization of test substances in respect of FP antagonism, PGF2α-induced calcium flux in FP-expressing CHEM1 cells (Millipore, HTS093C) was used.3000 cells in 30 μl of full medium [DMEM F12, 10% FCS, 1.35 mM sodium pyruvate, 20 mM HEPES, 4 mM GlutaMAX, 2% sodium bicarbonate, 1% Pen/Strep, 1% 100× non-essential amino acids] are sown per well of a 384 multititre plate (from Greiner, TC plate, black with clear base) and incubated at 33° C., 5% CO2 for 24 hours. Prior to the measurement, the medium is replaced by 30 μl of Fluo-8 AM loading buffer [calcium-free Tyrode (130 mM NaCl, 5 mM KCl, 20 mM HEPES, 1 mM MgCl2, 4.8 mM NaHCO3, pH 7.4), 2 mM CaCl2, 6.3 mM Probenecid, 5 μM Fluo-8 AM, 0.0112% Pluronic®] and incubated at 37° C., 5% CO2 for 30 minutes. The test substance is prepared in DMSO in various concentrations as a dose-response curve (starting concentration 10 mM, dilution factor 3.16) and prediluted 1:50 with calcium-free Tyrode, 2 mM CaCl2, 0.002% SmartBlock (from CANDOR Bioscience GmbH). 10 μl of the prediluted substance solution are added to the Fluo-8-laden cells and incubated at 37° C., 5% CO2 for 10 minutes. The FP receptor is activated by adding 40 μl of 2 nM (final concentration) PGF2α in calcium-free Tyrode, 2 mM CaCl2, 0.002% SmartBlock, and the calcium flux is determined by measuring the fluorescence at ex. 470 nm/em. 525 nm in a fluorescence measuring instrument (FLIPR Tetra®, Molecular Devices) for 120 seconds.",CHEMBL5728790,P43088,Prostaglandin F2-alpha receptor,IC50,Cc1ccccc1C(CCC(=O)O)CNC(=O)c1c(C)c(-c2ccccc2)nc2ccc(Br)cc12,7.886056647693163
CHEMBL5955360,CHEMBL1987,Prostaglandin F2-alpha receptor,IC50,=,8.2,nM,CHEMBL5737458,B,"In Vitro Test of Inhibition of Human FP Receptor Activity: For the characterization of test substances in respect of FP antagonism, PGF2α-induced calcium flux in FP-expressing CHEM1 cells (Millipore, HTS093C) was used.3000 cells in 30 μl of full medium [DMEM F12, 10% FCS, 1.35 mM sodium pyruvate, 20 mM HEPES, 4 mM GlutaMAX, 2% sodium bicarbonate, 1% Pen/Strep, 1% 100× non-essential amino acids] are sown per well of a 384 multititre plate (from Greiner, TC plate, black with clear base) and incubated at 33° C., 5% CO2 for 24 hours. Prior to the measurement, the medium is replaced by 30 μl of Fluo-8 AM loading buffer [calcium-free Tyrode (130 mM NaCl, 5 mM KCl, 20 mM HEPES, 1 mM MgCl2, 4.8 mM NaHCO3, pH 7.4), 2 mM CaCl2, 6.3 mM Probenecid, 5 μM Fluo-8 AM, 0.0112% Pluronic®] and incubated at 37° C., 5% CO2 for 30 minutes. The test substance is prepared in DMSO in various concentrations as a dose-response curve (starting concentration 10 mM, dilution factor 3.16) and prediluted 1:50 with calcium-free Tyrode, 2 mM CaCl2, 0.002% SmartBlock (from CANDOR Bioscience GmbH). 10 μl of the prediluted substance solution are added to the Fluo-8-laden cells and incubated at 37° C., 5% CO2 for 10 minutes. The FP receptor is activated by adding 40 μl of 2 nM (final concentration) PGF2α in calcium-free Tyrode, 2 mM CaCl2, 0.002% SmartBlock, and the calcium flux is determined by measuring the fluorescence at ex. 470 nm/em. 525 nm in a fluorescence measuring instrument (FLIPR Tetra®, Molecular Devices) for 120 seconds.",CHEMBL5728790,P43088,Prostaglandin F2-alpha receptor,IC50,Cc1ccccc1[C@@H](CCC(=O)O)CNC(=O)c1c(C)c(-c2ccccc2)nc2ccc(Br)cc12,8.086186147616283
CHEMBL5984040,CHEMBL1987,Prostaglandin F2-alpha receptor,IC50,=,33.0,nM,CHEMBL5737458,B,"In Vitro Test of Inhibition of Human FP Receptor Activity: For the characterization of test substances in respect of FP antagonism, PGF2α-induced calcium flux in FP-expressing CHEM1 cells (Millipore, HTS093C) was used.3000 cells in 30 μl of full medium [DMEM F12, 10% FCS, 1.35 mM sodium pyruvate, 20 mM HEPES, 4 mM GlutaMAX, 2% sodium bicarbonate, 1% Pen/Strep, 1% 100× non-essential amino acids] are sown per well of a 384 multititre plate (from Greiner, TC plate, black with clear base) and incubated at 33° C., 5% CO2 for 24 hours. Prior to the measurement, the medium is replaced by 30 μl of Fluo-8 AM loading buffer [calcium-free Tyrode (130 mM NaCl, 5 mM KCl, 20 mM HEPES, 1 mM MgCl2, 4.8 mM NaHCO3, pH 7.4), 2 mM CaCl2, 6.3 mM Probenecid, 5 μM Fluo-8 AM, 0.0112% Pluronic®] and incubated at 37° C., 5% CO2 for 30 minutes. The test substance is prepared in DMSO in various concentrations as a dose-response curve (starting concentration 10 mM, dilution factor 3.16) and prediluted 1:50 with calcium-free Tyrode, 2 mM CaCl2, 0.002% SmartBlock (from CANDOR Bioscience GmbH). 10 μl of the prediluted substance solution are added to the Fluo-8-laden cells and incubated at 37° C., 5% CO2 for 10 minutes. The FP receptor is activated by adding 40 μl of 2 nM (final concentration) PGF2α in calcium-free Tyrode, 2 mM CaCl2, 0.002% SmartBlock, and the calcium flux is determined by measuring the fluorescence at ex. 470 nm/em. 525 nm in a fluorescence measuring instrument (FLIPR Tetra®, Molecular Devices) for 120 seconds.",CHEMBL5728790,P43088,Prostaglandin F2-alpha receptor,IC50,Cc1ccccc1[C@H](CCC(=O)O)CNC(=O)c1c(C)c(-c2ccccc2)nc2ccc(Br)cc12,7.481486060122112
CHEMBL5804387,CHEMBL1987,Prostaglandin F2-alpha receptor,IC50,=,8.7,nM,CHEMBL5737458,B,"In Vitro Test of Inhibition of Human FP Receptor Activity: For the characterization of test substances in respect of FP antagonism, PGF2α-induced calcium flux in FP-expressing CHEM1 cells (Millipore, HTS093C) was used.3000 cells in 30 μl of full medium [DMEM F12, 10% FCS, 1.35 mM sodium pyruvate, 20 mM HEPES, 4 mM GlutaMAX, 2% sodium bicarbonate, 1% Pen/Strep, 1% 100× non-essential amino acids] are sown per well of a 384 multititre plate (from Greiner, TC plate, black with clear base) and incubated at 33° C., 5% CO2 for 24 hours. Prior to the measurement, the medium is replaced by 30 μl of Fluo-8 AM loading buffer [calcium-free Tyrode (130 mM NaCl, 5 mM KCl, 20 mM HEPES, 1 mM MgCl2, 4.8 mM NaHCO3, pH 7.4), 2 mM CaCl2, 6.3 mM Probenecid, 5 μM Fluo-8 AM, 0.0112% Pluronic®] and incubated at 37° C., 5% CO2 for 30 minutes. The test substance is prepared in DMSO in various concentrations as a dose-response curve (starting concentration 10 mM, dilution factor 3.16) and prediluted 1:50 with calcium-free Tyrode, 2 mM CaCl2, 0.002% SmartBlock (from CANDOR Bioscience GmbH). 10 μl of the prediluted substance solution are added to the Fluo-8-laden cells and incubated at 37° C., 5% CO2 for 10 minutes. The FP receptor is activated by adding 40 μl of 2 nM (final concentration) PGF2α in calcium-free Tyrode, 2 mM CaCl2, 0.002% SmartBlock, and the calcium flux is determined by measuring the fluorescence at ex. 470 nm/em. 525 nm in a fluorescence measuring instrument (FLIPR Tetra®, Molecular Devices) for 120 seconds.",CHEMBL5728790,P43088,Prostaglandin F2-alpha receptor,IC50,Cc1c(-c2ccccc2)nc2ccc(Br)cc2c1C(=O)NCC(CCC(=O)O)c1cc(F)ccc1Cl,8.060480747381382
CHEMBL6048942,CHEMBL1987,Prostaglandin F2-alpha receptor,IC50,=,15.0,nM,CHEMBL5737458,B,"In Vitro Test of Inhibition of Human FP Receptor Activity: For the characterization of test substances in respect of FP antagonism, PGF2α-induced calcium flux in FP-expressing CHEM1 cells (Millipore, HTS093C) was used.3000 cells in 30 μl of full medium [DMEM F12, 10% FCS, 1.35 mM sodium pyruvate, 20 mM HEPES, 4 mM GlutaMAX, 2% sodium bicarbonate, 1% Pen/Strep, 1% 100× non-essential amino acids] are sown per well of a 384 multititre plate (from Greiner, TC plate, black with clear base) and incubated at 33° C., 5% CO2 for 24 hours. Prior to the measurement, the medium is replaced by 30 μl of Fluo-8 AM loading buffer [calcium-free Tyrode (130 mM NaCl, 5 mM KCl, 20 mM HEPES, 1 mM MgCl2, 4.8 mM NaHCO3, pH 7.4), 2 mM CaCl2, 6.3 mM Probenecid, 5 μM Fluo-8 AM, 0.0112% Pluronic®] and incubated at 37° C., 5% CO2 for 30 minutes. The test substance is prepared in DMSO in various concentrations as a dose-response curve (starting concentration 10 mM, dilution factor 3.16) and prediluted 1:50 with calcium-free Tyrode, 2 mM CaCl2, 0.002% SmartBlock (from CANDOR Bioscience GmbH). 10 μl of the prediluted substance solution are added to the Fluo-8-laden cells and incubated at 37° C., 5% CO2 for 10 minutes. The FP receptor is activated by adding 40 μl of 2 nM (final concentration) PGF2α in calcium-free Tyrode, 2 mM CaCl2, 0.002% SmartBlock, and the calcium flux is determined by measuring the fluorescence at ex. 470 nm/em. 525 nm in a fluorescence measuring instrument (FLIPR Tetra®, Molecular Devices) for 120 seconds.",CHEMBL5728790,P43088,Prostaglandin F2-alpha receptor,IC50,Cc1c(-c2ccccc2)nc2ccc(Br)cc2c1C(=O)NC[C@H](CCC(=O)O)c1cc(F)ccc1Cl,7.823908740944319
CHEMBL5781888,CHEMBL1987,Prostaglandin F2-alpha receptor,IC50,=,6.6,nM,CHEMBL5737458,B,"In Vitro Test of Inhibition of Human FP Receptor Activity: For the characterization of test substances in respect of FP antagonism, PGF2α-induced calcium flux in FP-expressing CHEM1 cells (Millipore, HTS093C) was used.3000 cells in 30 μl of full medium [DMEM F12, 10% FCS, 1.35 mM sodium pyruvate, 20 mM HEPES, 4 mM GlutaMAX, 2% sodium bicarbonate, 1% Pen/Strep, 1% 100× non-essential amino acids] are sown per well of a 384 multititre plate (from Greiner, TC plate, black with clear base) and incubated at 33° C., 5% CO2 for 24 hours. Prior to the measurement, the medium is replaced by 30 μl of Fluo-8 AM loading buffer [calcium-free Tyrode (130 mM NaCl, 5 mM KCl, 20 mM HEPES, 1 mM MgCl2, 4.8 mM NaHCO3, pH 7.4), 2 mM CaCl2, 6.3 mM Probenecid, 5 μM Fluo-8 AM, 0.0112% Pluronic®] and incubated at 37° C., 5% CO2 for 30 minutes. The test substance is prepared in DMSO in various concentrations as a dose-response curve (starting concentration 10 mM, dilution factor 3.16) and prediluted 1:50 with calcium-free Tyrode, 2 mM CaCl2, 0.002% SmartBlock (from CANDOR Bioscience GmbH). 10 μl of the prediluted substance solution are added to the Fluo-8-laden cells and incubated at 37° C., 5% CO2 for 10 minutes. The FP receptor is activated by adding 40 μl of 2 nM (final concentration) PGF2α in calcium-free Tyrode, 2 mM CaCl2, 0.002% SmartBlock, and the calcium flux is determined by measuring the fluorescence at ex. 470 nm/em. 525 nm in a fluorescence measuring instrument (FLIPR Tetra®, Molecular Devices) for 120 seconds.",CHEMBL5728790,P43088,Prostaglandin F2-alpha receptor,IC50,Cc1c(-c2ccccc2)nc2ccc(Br)cc2c1C(=O)NC[C@@H](CCC(=O)O)c1cc(F)ccc1Cl,8.18045606445813
CHEMBL6014201,CHEMBL1987,Prostaglandin F2-alpha receptor,IC50,=,6.1,nM,CHEMBL5737458,B,"In Vitro Test of Inhibition of Human FP Receptor Activity: For the characterization of test substances in respect of FP antagonism, PGF2α-induced calcium flux in FP-expressing CHEM1 cells (Millipore, HTS093C) was used.3000 cells in 30 μl of full medium [DMEM F12, 10% FCS, 1.35 mM sodium pyruvate, 20 mM HEPES, 4 mM GlutaMAX, 2% sodium bicarbonate, 1% Pen/Strep, 1% 100× non-essential amino acids] are sown per well of a 384 multititre plate (from Greiner, TC plate, black with clear base) and incubated at 33° C., 5% CO2 for 24 hours. Prior to the measurement, the medium is replaced by 30 μl of Fluo-8 AM loading buffer [calcium-free Tyrode (130 mM NaCl, 5 mM KCl, 20 mM HEPES, 1 mM MgCl2, 4.8 mM NaHCO3, pH 7.4), 2 mM CaCl2, 6.3 mM Probenecid, 5 μM Fluo-8 AM, 0.0112% Pluronic®] and incubated at 37° C., 5% CO2 for 30 minutes. The test substance is prepared in DMSO in various concentrations as a dose-response curve (starting concentration 10 mM, dilution factor 3.16) and prediluted 1:50 with calcium-free Tyrode, 2 mM CaCl2, 0.002% SmartBlock (from CANDOR Bioscience GmbH). 10 μl of the prediluted substance solution are added to the Fluo-8-laden cells and incubated at 37° C., 5% CO2 for 10 minutes. The FP receptor is activated by adding 40 μl of 2 nM (final concentration) PGF2α in calcium-free Tyrode, 2 mM CaCl2, 0.002% SmartBlock, and the calcium flux is determined by measuring the fluorescence at ex. 470 nm/em. 525 nm in a fluorescence measuring instrument (FLIPR Tetra®, Molecular Devices) for 120 seconds.",CHEMBL5728790,P43088,Prostaglandin F2-alpha receptor,IC50,COc1ccccc1C(CCC(=O)O)CNC(=O)c1c(C)c(-c2ccccc2)nc2ccc(Br)cc12,8.214670164989233
CHEMBL6049494,CHEMBL1987,Prostaglandin F2-alpha receptor,IC50,=,26.0,nM,CHEMBL5737458,B,"In Vitro Test of Inhibition of Human FP Receptor Activity: For the characterization of test substances in respect of FP antagonism, PGF2α-induced calcium flux in FP-expressing CHEM1 cells (Millipore, HTS093C) was used.3000 cells in 30 μl of full medium [DMEM F12, 10% FCS, 1.35 mM sodium pyruvate, 20 mM HEPES, 4 mM GlutaMAX, 2% sodium bicarbonate, 1% Pen/Strep, 1% 100× non-essential amino acids] are sown per well of a 384 multititre plate (from Greiner, TC plate, black with clear base) and incubated at 33° C., 5% CO2 for 24 hours. Prior to the measurement, the medium is replaced by 30 μl of Fluo-8 AM loading buffer [calcium-free Tyrode (130 mM NaCl, 5 mM KCl, 20 mM HEPES, 1 mM MgCl2, 4.8 mM NaHCO3, pH 7.4), 2 mM CaCl2, 6.3 mM Probenecid, 5 μM Fluo-8 AM, 0.0112% Pluronic®] and incubated at 37° C., 5% CO2 for 30 minutes. The test substance is prepared in DMSO in various concentrations as a dose-response curve (starting concentration 10 mM, dilution factor 3.16) and prediluted 1:50 with calcium-free Tyrode, 2 mM CaCl2, 0.002% SmartBlock (from CANDOR Bioscience GmbH). 10 μl of the prediluted substance solution are added to the Fluo-8-laden cells and incubated at 37° C., 5% CO2 for 10 minutes. The FP receptor is activated by adding 40 μl of 2 nM (final concentration) PGF2α in calcium-free Tyrode, 2 mM CaCl2, 0.002% SmartBlock, and the calcium flux is determined by measuring the fluorescence at ex. 470 nm/em. 525 nm in a fluorescence measuring instrument (FLIPR Tetra®, Molecular Devices) for 120 seconds.",CHEMBL5728790,P43088,Prostaglandin F2-alpha receptor,IC50,COc1ccccc1[C@@H](CCC(=O)O)CNC(=O)c1c(C)c(-c2ccccc2)nc2ccc(Br)cc12,7.585026652029182
CHEMBL5799592,CHEMBL1987,Prostaglandin F2-alpha receptor,IC50,=,3.6,nM,CHEMBL5737458,B,"In Vitro Test of Inhibition of Human FP Receptor Activity: For the characterization of test substances in respect of FP antagonism, PGF2α-induced calcium flux in FP-expressing CHEM1 cells (Millipore, HTS093C) was used.3000 cells in 30 μl of full medium [DMEM F12, 10% FCS, 1.35 mM sodium pyruvate, 20 mM HEPES, 4 mM GlutaMAX, 2% sodium bicarbonate, 1% Pen/Strep, 1% 100× non-essential amino acids] are sown per well of a 384 multititre plate (from Greiner, TC plate, black with clear base) and incubated at 33° C., 5% CO2 for 24 hours. Prior to the measurement, the medium is replaced by 30 μl of Fluo-8 AM loading buffer [calcium-free Tyrode (130 mM NaCl, 5 mM KCl, 20 mM HEPES, 1 mM MgCl2, 4.8 mM NaHCO3, pH 7.4), 2 mM CaCl2, 6.3 mM Probenecid, 5 μM Fluo-8 AM, 0.0112% Pluronic®] and incubated at 37° C., 5% CO2 for 30 minutes. The test substance is prepared in DMSO in various concentrations as a dose-response curve (starting concentration 10 mM, dilution factor 3.16) and prediluted 1:50 with calcium-free Tyrode, 2 mM CaCl2, 0.002% SmartBlock (from CANDOR Bioscience GmbH). 10 μl of the prediluted substance solution are added to the Fluo-8-laden cells and incubated at 37° C., 5% CO2 for 10 minutes. The FP receptor is activated by adding 40 μl of 2 nM (final concentration) PGF2α in calcium-free Tyrode, 2 mM CaCl2, 0.002% SmartBlock, and the calcium flux is determined by measuring the fluorescence at ex. 470 nm/em. 525 nm in a fluorescence measuring instrument (FLIPR Tetra®, Molecular Devices) for 120 seconds.",CHEMBL5728790,P43088,Prostaglandin F2-alpha receptor,IC50,COc1ccccc1[C@H](CCC(=O)O)CNC(=O)c1c(C)c(-c2ccccc2)nc2ccc(Br)cc12,8.443697499232712
CHEMBL5821474,CHEMBL1987,Prostaglandin F2-alpha receptor,IC50,=,26.0,nM,CHEMBL5737458,B,"In Vitro Test of Inhibition of Human FP Receptor Activity: For the characterization of test substances in respect of FP antagonism, PGF2α-induced calcium flux in FP-expressing CHEM1 cells (Millipore, HTS093C) was used.3000 cells in 30 μl of full medium [DMEM F12, 10% FCS, 1.35 mM sodium pyruvate, 20 mM HEPES, 4 mM GlutaMAX, 2% sodium bicarbonate, 1% Pen/Strep, 1% 100× non-essential amino acids] are sown per well of a 384 multititre plate (from Greiner, TC plate, black with clear base) and incubated at 33° C., 5% CO2 for 24 hours. Prior to the measurement, the medium is replaced by 30 μl of Fluo-8 AM loading buffer [calcium-free Tyrode (130 mM NaCl, 5 mM KCl, 20 mM HEPES, 1 mM MgCl2, 4.8 mM NaHCO3, pH 7.4), 2 mM CaCl2, 6.3 mM Probenecid, 5 μM Fluo-8 AM, 0.0112% Pluronic®] and incubated at 37° C., 5% CO2 for 30 minutes. The test substance is prepared in DMSO in various concentrations as a dose-response curve (starting concentration 10 mM, dilution factor 3.16) and prediluted 1:50 with calcium-free Tyrode, 2 mM CaCl2, 0.002% SmartBlock (from CANDOR Bioscience GmbH). 10 μl of the prediluted substance solution are added to the Fluo-8-laden cells and incubated at 37° C., 5% CO2 for 10 minutes. The FP receptor is activated by adding 40 μl of 2 nM (final concentration) PGF2α in calcium-free Tyrode, 2 mM CaCl2, 0.002% SmartBlock, and the calcium flux is determined by measuring the fluorescence at ex. 470 nm/em. 525 nm in a fluorescence measuring instrument (FLIPR Tetra®, Molecular Devices) for 120 seconds.",CHEMBL5728790,P43088,Prostaglandin F2-alpha receptor,IC50,Cc1c(-c2ccccc2)nc2ccc(Br)cc2c1C(=O)NCC(C)(CCC(=O)O)c1cc(F)ccc1Cl,7.585026652029182
CHEMBL5773109,CHEMBL1987,Prostaglandin F2-alpha receptor,IC50,=,110.0,nM,CHEMBL5737458,B,"In Vitro Test of Inhibition of Human FP Receptor Activity: For the characterization of test substances in respect of FP antagonism, PGF2α-induced calcium flux in FP-expressing CHEM1 cells (Millipore, HTS093C) was used.3000 cells in 30 μl of full medium [DMEM F12, 10% FCS, 1.35 mM sodium pyruvate, 20 mM HEPES, 4 mM GlutaMAX, 2% sodium bicarbonate, 1% Pen/Strep, 1% 100× non-essential amino acids] are sown per well of a 384 multititre plate (from Greiner, TC plate, black with clear base) and incubated at 33° C., 5% CO2 for 24 hours. Prior to the measurement, the medium is replaced by 30 μl of Fluo-8 AM loading buffer [calcium-free Tyrode (130 mM NaCl, 5 mM KCl, 20 mM HEPES, 1 mM MgCl2, 4.8 mM NaHCO3, pH 7.4), 2 mM CaCl2, 6.3 mM Probenecid, 5 μM Fluo-8 AM, 0.0112% Pluronic®] and incubated at 37° C., 5% CO2 for 30 minutes. The test substance is prepared in DMSO in various concentrations as a dose-response curve (starting concentration 10 mM, dilution factor 3.16) and prediluted 1:50 with calcium-free Tyrode, 2 mM CaCl2, 0.002% SmartBlock (from CANDOR Bioscience GmbH). 10 μl of the prediluted substance solution are added to the Fluo-8-laden cells and incubated at 37° C., 5% CO2 for 10 minutes. The FP receptor is activated by adding 40 μl of 2 nM (final concentration) PGF2α in calcium-free Tyrode, 2 mM CaCl2, 0.002% SmartBlock, and the calcium flux is determined by measuring the fluorescence at ex. 470 nm/em. 525 nm in a fluorescence measuring instrument (FLIPR Tetra®, Molecular Devices) for 120 seconds.",CHEMBL5728790,P43088,Prostaglandin F2-alpha receptor,IC50,Cc1c(-c2ccccc2)nc2ccc(Br)cc2c1C(=O)NC[C@](C)(CCC(=O)O)c1cc(F)ccc1Cl,6.958607314841775
CHEMBL5981468,CHEMBL1987,Prostaglandin F2-alpha receptor,IC50,=,11.0,nM,CHEMBL5737458,B,"In Vitro Test of Inhibition of Human FP Receptor Activity: For the characterization of test substances in respect of FP antagonism, PGF2α-induced calcium flux in FP-expressing CHEM1 cells (Millipore, HTS093C) was used.3000 cells in 30 μl of full medium [DMEM F12, 10% FCS, 1.35 mM sodium pyruvate, 20 mM HEPES, 4 mM GlutaMAX, 2% sodium bicarbonate, 1% Pen/Strep, 1% 100× non-essential amino acids] are sown per well of a 384 multititre plate (from Greiner, TC plate, black with clear base) and incubated at 33° C., 5% CO2 for 24 hours. Prior to the measurement, the medium is replaced by 30 μl of Fluo-8 AM loading buffer [calcium-free Tyrode (130 mM NaCl, 5 mM KCl, 20 mM HEPES, 1 mM MgCl2, 4.8 mM NaHCO3, pH 7.4), 2 mM CaCl2, 6.3 mM Probenecid, 5 μM Fluo-8 AM, 0.0112% Pluronic®] and incubated at 37° C., 5% CO2 for 30 minutes. The test substance is prepared in DMSO in various concentrations as a dose-response curve (starting concentration 10 mM, dilution factor 3.16) and prediluted 1:50 with calcium-free Tyrode, 2 mM CaCl2, 0.002% SmartBlock (from CANDOR Bioscience GmbH). 10 μl of the prediluted substance solution are added to the Fluo-8-laden cells and incubated at 37° C., 5% CO2 for 10 minutes. The FP receptor is activated by adding 40 μl of 2 nM (final concentration) PGF2α in calcium-free Tyrode, 2 mM CaCl2, 0.002% SmartBlock, and the calcium flux is determined by measuring the fluorescence at ex. 470 nm/em. 525 nm in a fluorescence measuring instrument (FLIPR Tetra®, Molecular Devices) for 120 seconds.",CHEMBL5728790,P43088,Prostaglandin F2-alpha receptor,IC50,Cc1c(-c2ccccc2)nc2ccc(Br)cc2c1C(=O)NC[C@@](C)(CCC(=O)O)c1cc(F)ccc1Cl,7.958607314841775
CHEMBL4749767,CHEMBL1987,Prostaglandin F2-alpha receptor,IC50,=,3.2,nM,CHEMBL5737458,B,"In Vitro Test of Inhibition of Human FP Receptor Activity: For the characterization of test substances in respect of FP antagonism, PGF2α-induced calcium flux in FP-expressing CHEM1 cells (Millipore, HTS093C) was used.3000 cells in 30 μl of full medium [DMEM F12, 10% FCS, 1.35 mM sodium pyruvate, 20 mM HEPES, 4 mM GlutaMAX, 2% sodium bicarbonate, 1% Pen/Strep, 1% 100× non-essential amino acids] are sown per well of a 384 multititre plate (from Greiner, TC plate, black with clear base) and incubated at 33° C., 5% CO2 for 24 hours. Prior to the measurement, the medium is replaced by 30 μl of Fluo-8 AM loading buffer [calcium-free Tyrode (130 mM NaCl, 5 mM KCl, 20 mM HEPES, 1 mM MgCl2, 4.8 mM NaHCO3, pH 7.4), 2 mM CaCl2, 6.3 mM Probenecid, 5 μM Fluo-8 AM, 0.0112% Pluronic®] and incubated at 37° C., 5% CO2 for 30 minutes. The test substance is prepared in DMSO in various concentrations as a dose-response curve (starting concentration 10 mM, dilution factor 3.16) and prediluted 1:50 with calcium-free Tyrode, 2 mM CaCl2, 0.002% SmartBlock (from CANDOR Bioscience GmbH). 10 μl of the prediluted substance solution are added to the Fluo-8-laden cells and incubated at 37° C., 5% CO2 for 10 minutes. The FP receptor is activated by adding 40 μl of 2 nM (final concentration) PGF2α in calcium-free Tyrode, 2 mM CaCl2, 0.002% SmartBlock, and the calcium flux is determined by measuring the fluorescence at ex. 470 nm/em. 525 nm in a fluorescence measuring instrument (FLIPR Tetra®, Molecular Devices) for 120 seconds.",CHEMBL5728790,P43088,Prostaglandin F2-alpha receptor,IC50,Cc1c(-c2ccccc2)nc2ccc(Br)cc2c1C(=O)NCC(CCC(=O)O)c1c(F)ccc(F)c1Cl,8.494850021680094
CHEMBL6015710,CHEMBL1987,Prostaglandin F2-alpha receptor,IC50,=,1.1,nM,CHEMBL5737458,B,"In Vitro Test of Inhibition of Human FP Receptor Activity: For the characterization of test substances in respect of FP antagonism, PGF2α-induced calcium flux in FP-expressing CHEM1 cells (Millipore, HTS093C) was used.3000 cells in 30 μl of full medium [DMEM F12, 10% FCS, 1.35 mM sodium pyruvate, 20 mM HEPES, 4 mM GlutaMAX, 2% sodium bicarbonate, 1% Pen/Strep, 1% 100× non-essential amino acids] are sown per well of a 384 multititre plate (from Greiner, TC plate, black with clear base) and incubated at 33° C., 5% CO2 for 24 hours. Prior to the measurement, the medium is replaced by 30 μl of Fluo-8 AM loading buffer [calcium-free Tyrode (130 mM NaCl, 5 mM KCl, 20 mM HEPES, 1 mM MgCl2, 4.8 mM NaHCO3, pH 7.4), 2 mM CaCl2, 6.3 mM Probenecid, 5 μM Fluo-8 AM, 0.0112% Pluronic®] and incubated at 37° C., 5% CO2 for 30 minutes. The test substance is prepared in DMSO in various concentrations as a dose-response curve (starting concentration 10 mM, dilution factor 3.16) and prediluted 1:50 with calcium-free Tyrode, 2 mM CaCl2, 0.002% SmartBlock (from CANDOR Bioscience GmbH). 10 μl of the prediluted substance solution are added to the Fluo-8-laden cells and incubated at 37° C., 5% CO2 for 10 minutes. The FP receptor is activated by adding 40 μl of 2 nM (final concentration) PGF2α in calcium-free Tyrode, 2 mM CaCl2, 0.002% SmartBlock, and the calcium flux is determined by measuring the fluorescence at ex. 470 nm/em. 525 nm in a fluorescence measuring instrument (FLIPR Tetra®, Molecular Devices) for 120 seconds.",CHEMBL5728790,P43088,Prostaglandin F2-alpha receptor,IC50,Cc1c(-c2ccccc2)nc2ccc(Br)cc2c1C(=O)NC[C@H](CCC(=O)O)c1c(F)ccc(F)c1Cl,8.958607314841775
CHEMBL5771825,CHEMBL1987,Prostaglandin F2-alpha receptor,IC50,=,19.0,nM,CHEMBL5737458,B,"In Vitro Test of Inhibition of Human FP Receptor Activity: For the characterization of test substances in respect of FP antagonism, PGF2α-induced calcium flux in FP-expressing CHEM1 cells (Millipore, HTS093C) was used.3000 cells in 30 μl of full medium [DMEM F12, 10% FCS, 1.35 mM sodium pyruvate, 20 mM HEPES, 4 mM GlutaMAX, 2% sodium bicarbonate, 1% Pen/Strep, 1% 100× non-essential amino acids] are sown per well of a 384 multititre plate (from Greiner, TC plate, black with clear base) and incubated at 33° C., 5% CO2 for 24 hours. Prior to the measurement, the medium is replaced by 30 μl of Fluo-8 AM loading buffer [calcium-free Tyrode (130 mM NaCl, 5 mM KCl, 20 mM HEPES, 1 mM MgCl2, 4.8 mM NaHCO3, pH 7.4), 2 mM CaCl2, 6.3 mM Probenecid, 5 μM Fluo-8 AM, 0.0112% Pluronic®] and incubated at 37° C., 5% CO2 for 30 minutes. The test substance is prepared in DMSO in various concentrations as a dose-response curve (starting concentration 10 mM, dilution factor 3.16) and prediluted 1:50 with calcium-free Tyrode, 2 mM CaCl2, 0.002% SmartBlock (from CANDOR Bioscience GmbH). 10 μl of the prediluted substance solution are added to the Fluo-8-laden cells and incubated at 37° C., 5% CO2 for 10 minutes. The FP receptor is activated by adding 40 μl of 2 nM (final concentration) PGF2α in calcium-free Tyrode, 2 mM CaCl2, 0.002% SmartBlock, and the calcium flux is determined by measuring the fluorescence at ex. 470 nm/em. 525 nm in a fluorescence measuring instrument (FLIPR Tetra®, Molecular Devices) for 120 seconds.",CHEMBL5728790,P43088,Prostaglandin F2-alpha receptor,IC50,Cc1c(-c2ccccc2)nc2ccc(Br)cc2c1C(=O)NC[C@@H](CCC(=O)O)c1c(F)ccc(F)c1Cl,7.721246399047171
CHEMBL5884730,CHEMBL1987,Prostaglandin F2-alpha receptor,IC50,=,15.0,nM,CHEMBL5737458,B,"In Vitro Test of Inhibition of Human FP Receptor Activity: For the characterization of test substances in respect of FP antagonism, PGF2α-induced calcium flux in FP-expressing CHEM1 cells (Millipore, HTS093C) was used.3000 cells in 30 μl of full medium [DMEM F12, 10% FCS, 1.35 mM sodium pyruvate, 20 mM HEPES, 4 mM GlutaMAX, 2% sodium bicarbonate, 1% Pen/Strep, 1% 100× non-essential amino acids] are sown per well of a 384 multititre plate (from Greiner, TC plate, black with clear base) and incubated at 33° C., 5% CO2 for 24 hours. Prior to the measurement, the medium is replaced by 30 μl of Fluo-8 AM loading buffer [calcium-free Tyrode (130 mM NaCl, 5 mM KCl, 20 mM HEPES, 1 mM MgCl2, 4.8 mM NaHCO3, pH 7.4), 2 mM CaCl2, 6.3 mM Probenecid, 5 μM Fluo-8 AM, 0.0112% Pluronic®] and incubated at 37° C., 5% CO2 for 30 minutes. The test substance is prepared in DMSO in various concentrations as a dose-response curve (starting concentration 10 mM, dilution factor 3.16) and prediluted 1:50 with calcium-free Tyrode, 2 mM CaCl2, 0.002% SmartBlock (from CANDOR Bioscience GmbH). 10 μl of the prediluted substance solution are added to the Fluo-8-laden cells and incubated at 37° C., 5% CO2 for 10 minutes. The FP receptor is activated by adding 40 μl of 2 nM (final concentration) PGF2α in calcium-free Tyrode, 2 mM CaCl2, 0.002% SmartBlock, and the calcium flux is determined by measuring the fluorescence at ex. 470 nm/em. 525 nm in a fluorescence measuring instrument (FLIPR Tetra®, Molecular Devices) for 120 seconds.",CHEMBL5728790,P43088,Prostaglandin F2-alpha receptor,IC50,Cc1c(-c2ccccc2)nc2ccc(Br)cc2c1C(=O)NCC(CCC(=O)O)c1ccccc1F,7.823908740944319
CHEMBL5879698,CHEMBL1987,Prostaglandin F2-alpha receptor,IC50,=,12.0,nM,CHEMBL5737458,B,"In Vitro Test of Inhibition of Human FP Receptor Activity: For the characterization of test substances in respect of FP antagonism, PGF2α-induced calcium flux in FP-expressing CHEM1 cells (Millipore, HTS093C) was used.3000 cells in 30 μl of full medium [DMEM F12, 10% FCS, 1.35 mM sodium pyruvate, 20 mM HEPES, 4 mM GlutaMAX, 2% sodium bicarbonate, 1% Pen/Strep, 1% 100× non-essential amino acids] are sown per well of a 384 multititre plate (from Greiner, TC plate, black with clear base) and incubated at 33° C., 5% CO2 for 24 hours. Prior to the measurement, the medium is replaced by 30 μl of Fluo-8 AM loading buffer [calcium-free Tyrode (130 mM NaCl, 5 mM KCl, 20 mM HEPES, 1 mM MgCl2, 4.8 mM NaHCO3, pH 7.4), 2 mM CaCl2, 6.3 mM Probenecid, 5 μM Fluo-8 AM, 0.0112% Pluronic®] and incubated at 37° C., 5% CO2 for 30 minutes. The test substance is prepared in DMSO in various concentrations as a dose-response curve (starting concentration 10 mM, dilution factor 3.16) and prediluted 1:50 with calcium-free Tyrode, 2 mM CaCl2, 0.002% SmartBlock (from CANDOR Bioscience GmbH). 10 μl of the prediluted substance solution are added to the Fluo-8-laden cells and incubated at 37° C., 5% CO2 for 10 minutes. The FP receptor is activated by adding 40 μl of 2 nM (final concentration) PGF2α in calcium-free Tyrode, 2 mM CaCl2, 0.002% SmartBlock, and the calcium flux is determined by measuring the fluorescence at ex. 470 nm/em. 525 nm in a fluorescence measuring instrument (FLIPR Tetra®, Molecular Devices) for 120 seconds.",CHEMBL5728790,P43088,Prostaglandin F2-alpha receptor,IC50,Cc1c(-c2ccccc2)nc2ccc(Br)cc2c1C(=O)NC[C@H](CCC(=O)O)c1ccccc1F,7.920818753952375
CHEMBL5839593,CHEMBL1987,Prostaglandin F2-alpha receptor,IC50,=,19.0,nM,CHEMBL5737458,B,"In Vitro Test of Inhibition of Human FP Receptor Activity: For the characterization of test substances in respect of FP antagonism, PGF2α-induced calcium flux in FP-expressing CHEM1 cells (Millipore, HTS093C) was used.3000 cells in 30 μl of full medium [DMEM F12, 10% FCS, 1.35 mM sodium pyruvate, 20 mM HEPES, 4 mM GlutaMAX, 2% sodium bicarbonate, 1% Pen/Strep, 1% 100× non-essential amino acids] are sown per well of a 384 multititre plate (from Greiner, TC plate, black with clear base) and incubated at 33° C., 5% CO2 for 24 hours. Prior to the measurement, the medium is replaced by 30 μl of Fluo-8 AM loading buffer [calcium-free Tyrode (130 mM NaCl, 5 mM KCl, 20 mM HEPES, 1 mM MgCl2, 4.8 mM NaHCO3, pH 7.4), 2 mM CaCl2, 6.3 mM Probenecid, 5 μM Fluo-8 AM, 0.0112% Pluronic®] and incubated at 37° C., 5% CO2 for 30 minutes. The test substance is prepared in DMSO in various concentrations as a dose-response curve (starting concentration 10 mM, dilution factor 3.16) and prediluted 1:50 with calcium-free Tyrode, 2 mM CaCl2, 0.002% SmartBlock (from CANDOR Bioscience GmbH). 10 μl of the prediluted substance solution are added to the Fluo-8-laden cells and incubated at 37° C., 5% CO2 for 10 minutes. The FP receptor is activated by adding 40 μl of 2 nM (final concentration) PGF2α in calcium-free Tyrode, 2 mM CaCl2, 0.002% SmartBlock, and the calcium flux is determined by measuring the fluorescence at ex. 470 nm/em. 525 nm in a fluorescence measuring instrument (FLIPR Tetra®, Molecular Devices) for 120 seconds.",CHEMBL5728790,P43088,Prostaglandin F2-alpha receptor,IC50,Cc1c(-c2ccccc2)nc2ccc(Br)cc2c1C(=O)NC[C@@H](CCC(=O)O)c1ccccc1F,7.721246399047171
CHEMBL6053490,CHEMBL1987,Prostaglandin F2-alpha receptor,IC50,=,6.5,nM,CHEMBL5737458,B,"In Vitro Test of Inhibition of Human FP Receptor Activity: For the characterization of test substances in respect of FP antagonism, PGF2α-induced calcium flux in FP-expressing CHEM1 cells (Millipore, HTS093C) was used.3000 cells in 30 μl of full medium [DMEM F12, 10% FCS, 1.35 mM sodium pyruvate, 20 mM HEPES, 4 mM GlutaMAX, 2% sodium bicarbonate, 1% Pen/Strep, 1% 100× non-essential amino acids] are sown per well of a 384 multititre plate (from Greiner, TC plate, black with clear base) and incubated at 33° C., 5% CO2 for 24 hours. Prior to the measurement, the medium is replaced by 30 μl of Fluo-8 AM loading buffer [calcium-free Tyrode (130 mM NaCl, 5 mM KCl, 20 mM HEPES, 1 mM MgCl2, 4.8 mM NaHCO3, pH 7.4), 2 mM CaCl2, 6.3 mM Probenecid, 5 μM Fluo-8 AM, 0.0112% Pluronic®] and incubated at 37° C., 5% CO2 for 30 minutes. The test substance is prepared in DMSO in various concentrations as a dose-response curve (starting concentration 10 mM, dilution factor 3.16) and prediluted 1:50 with calcium-free Tyrode, 2 mM CaCl2, 0.002% SmartBlock (from CANDOR Bioscience GmbH). 10 μl of the prediluted substance solution are added to the Fluo-8-laden cells and incubated at 37° C., 5% CO2 for 10 minutes. The FP receptor is activated by adding 40 μl of 2 nM (final concentration) PGF2α in calcium-free Tyrode, 2 mM CaCl2, 0.002% SmartBlock, and the calcium flux is determined by measuring the fluorescence at ex. 470 nm/em. 525 nm in a fluorescence measuring instrument (FLIPR Tetra®, Molecular Devices) for 120 seconds.",CHEMBL5728790,P43088,Prostaglandin F2-alpha receptor,IC50,Cc1c(-c2ccccc2)nc2ccc(Br)cc2c1C(=O)NCC(CCC(=O)O)c1ccccc1OC(F)F,8.187086643357144
CHEMBL5872494,CHEMBL1987,Prostaglandin F2-alpha receptor,IC50,=,4.1,nM,CHEMBL5737458,B,"In Vitro Test of Inhibition of Human FP Receptor Activity: For the characterization of test substances in respect of FP antagonism, PGF2α-induced calcium flux in FP-expressing CHEM1 cells (Millipore, HTS093C) was used.3000 cells in 30 μl of full medium [DMEM F12, 10% FCS, 1.35 mM sodium pyruvate, 20 mM HEPES, 4 mM GlutaMAX, 2% sodium bicarbonate, 1% Pen/Strep, 1% 100× non-essential amino acids] are sown per well of a 384 multititre plate (from Greiner, TC plate, black with clear base) and incubated at 33° C., 5% CO2 for 24 hours. Prior to the measurement, the medium is replaced by 30 μl of Fluo-8 AM loading buffer [calcium-free Tyrode (130 mM NaCl, 5 mM KCl, 20 mM HEPES, 1 mM MgCl2, 4.8 mM NaHCO3, pH 7.4), 2 mM CaCl2, 6.3 mM Probenecid, 5 μM Fluo-8 AM, 0.0112% Pluronic®] and incubated at 37° C., 5% CO2 for 30 minutes. The test substance is prepared in DMSO in various concentrations as a dose-response curve (starting concentration 10 mM, dilution factor 3.16) and prediluted 1:50 with calcium-free Tyrode, 2 mM CaCl2, 0.002% SmartBlock (from CANDOR Bioscience GmbH). 10 μl of the prediluted substance solution are added to the Fluo-8-laden cells and incubated at 37° C., 5% CO2 for 10 minutes. The FP receptor is activated by adding 40 μl of 2 nM (final concentration) PGF2α in calcium-free Tyrode, 2 mM CaCl2, 0.002% SmartBlock, and the calcium flux is determined by measuring the fluorescence at ex. 470 nm/em. 525 nm in a fluorescence measuring instrument (FLIPR Tetra®, Molecular Devices) for 120 seconds.",CHEMBL5728790,P43088,Prostaglandin F2-alpha receptor,IC50,Cc1c(-c2ccccc2)nc2ccc(Br)cc2c1C(=O)NC[C@H](CCC(=O)O)c1ccccc1OC(F)F,8.387216143280265
CHEMBL5881464,CHEMBL1987,Prostaglandin F2-alpha receptor,IC50,=,8.2,nM,CHEMBL5737458,B,"In Vitro Test of Inhibition of Human FP Receptor Activity: For the characterization of test substances in respect of FP antagonism, PGF2α-induced calcium flux in FP-expressing CHEM1 cells (Millipore, HTS093C) was used.3000 cells in 30 μl of full medium [DMEM F12, 10% FCS, 1.35 mM sodium pyruvate, 20 mM HEPES, 4 mM GlutaMAX, 2% sodium bicarbonate, 1% Pen/Strep, 1% 100× non-essential amino acids] are sown per well of a 384 multititre plate (from Greiner, TC plate, black with clear base) and incubated at 33° C., 5% CO2 for 24 hours. Prior to the measurement, the medium is replaced by 30 μl of Fluo-8 AM loading buffer [calcium-free Tyrode (130 mM NaCl, 5 mM KCl, 20 mM HEPES, 1 mM MgCl2, 4.8 mM NaHCO3, pH 7.4), 2 mM CaCl2, 6.3 mM Probenecid, 5 μM Fluo-8 AM, 0.0112% Pluronic®] and incubated at 37° C., 5% CO2 for 30 minutes. The test substance is prepared in DMSO in various concentrations as a dose-response curve (starting concentration 10 mM, dilution factor 3.16) and prediluted 1:50 with calcium-free Tyrode, 2 mM CaCl2, 0.002% SmartBlock (from CANDOR Bioscience GmbH). 10 μl of the prediluted substance solution are added to the Fluo-8-laden cells and incubated at 37° C., 5% CO2 for 10 minutes. The FP receptor is activated by adding 40 μl of 2 nM (final concentration) PGF2α in calcium-free Tyrode, 2 mM CaCl2, 0.002% SmartBlock, and the calcium flux is determined by measuring the fluorescence at ex. 470 nm/em. 525 nm in a fluorescence measuring instrument (FLIPR Tetra®, Molecular Devices) for 120 seconds.",CHEMBL5728790,P43088,Prostaglandin F2-alpha receptor,IC50,Cc1c(-c2ccccc2)nc2ccc(Br)cc2c1C(=O)NC[C@@H](CCC(=O)O)c1ccccc1OC(F)F,8.086186147616283
CHEMBL5757583,CHEMBL1987,Prostaglandin F2-alpha receptor,IC50,=,9.2,nM,CHEMBL5737458,B,"In Vitro Test of Inhibition of Human FP Receptor Activity: For the characterization of test substances in respect of FP antagonism, PGF2α-induced calcium flux in FP-expressing CHEM1 cells (Millipore, HTS093C) was used.3000 cells in 30 μl of full medium [DMEM F12, 10% FCS, 1.35 mM sodium pyruvate, 20 mM HEPES, 4 mM GlutaMAX, 2% sodium bicarbonate, 1% Pen/Strep, 1% 100× non-essential amino acids] are sown per well of a 384 multititre plate (from Greiner, TC plate, black with clear base) and incubated at 33° C., 5% CO2 for 24 hours. Prior to the measurement, the medium is replaced by 30 μl of Fluo-8 AM loading buffer [calcium-free Tyrode (130 mM NaCl, 5 mM KCl, 20 mM HEPES, 1 mM MgCl2, 4.8 mM NaHCO3, pH 7.4), 2 mM CaCl2, 6.3 mM Probenecid, 5 μM Fluo-8 AM, 0.0112% Pluronic®] and incubated at 37° C., 5% CO2 for 30 minutes. The test substance is prepared in DMSO in various concentrations as a dose-response curve (starting concentration 10 mM, dilution factor 3.16) and prediluted 1:50 with calcium-free Tyrode, 2 mM CaCl2, 0.002% SmartBlock (from CANDOR Bioscience GmbH). 10 μl of the prediluted substance solution are added to the Fluo-8-laden cells and incubated at 37° C., 5% CO2 for 10 minutes. The FP receptor is activated by adding 40 μl of 2 nM (final concentration) PGF2α in calcium-free Tyrode, 2 mM CaCl2, 0.002% SmartBlock, and the calcium flux is determined by measuring the fluorescence at ex. 470 nm/em. 525 nm in a fluorescence measuring instrument (FLIPR Tetra®, Molecular Devices) for 120 seconds.",CHEMBL5728790,P43088,Prostaglandin F2-alpha receptor,IC50,Cc1c(-c2ccccc2)nc2ccc(Br)cc2c1C(=O)NCC(CCC(=O)O)c1c(F)cccc1F,8.036212172654444
CHEMBL5826713,CHEMBL1987,Prostaglandin F2-alpha receptor,IC50,=,7.2,nM,CHEMBL5737458,B,"In Vitro Test of Inhibition of Human FP Receptor Activity: For the characterization of test substances in respect of FP antagonism, PGF2α-induced calcium flux in FP-expressing CHEM1 cells (Millipore, HTS093C) was used.3000 cells in 30 μl of full medium [DMEM F12, 10% FCS, 1.35 mM sodium pyruvate, 20 mM HEPES, 4 mM GlutaMAX, 2% sodium bicarbonate, 1% Pen/Strep, 1% 100× non-essential amino acids] are sown per well of a 384 multititre plate (from Greiner, TC plate, black with clear base) and incubated at 33° C., 5% CO2 for 24 hours. Prior to the measurement, the medium is replaced by 30 μl of Fluo-8 AM loading buffer [calcium-free Tyrode (130 mM NaCl, 5 mM KCl, 20 mM HEPES, 1 mM MgCl2, 4.8 mM NaHCO3, pH 7.4), 2 mM CaCl2, 6.3 mM Probenecid, 5 μM Fluo-8 AM, 0.0112% Pluronic®] and incubated at 37° C., 5% CO2 for 30 minutes. The test substance is prepared in DMSO in various concentrations as a dose-response curve (starting concentration 10 mM, dilution factor 3.16) and prediluted 1:50 with calcium-free Tyrode, 2 mM CaCl2, 0.002% SmartBlock (from CANDOR Bioscience GmbH). 10 μl of the prediluted substance solution are added to the Fluo-8-laden cells and incubated at 37° C., 5% CO2 for 10 minutes. The FP receptor is activated by adding 40 μl of 2 nM (final concentration) PGF2α in calcium-free Tyrode, 2 mM CaCl2, 0.002% SmartBlock, and the calcium flux is determined by measuring the fluorescence at ex. 470 nm/em. 525 nm in a fluorescence measuring instrument (FLIPR Tetra®, Molecular Devices) for 120 seconds.",CHEMBL5728790,P43088,Prostaglandin F2-alpha receptor,IC50,Cc1c(-c2ccccc2)nc2ccc(Br)cc2c1C(=O)NC[C@H](CCC(=O)O)c1c(F)cccc1F,8.142667503568731
CHEMBL5868955,CHEMBL1987,Prostaglandin F2-alpha receptor,IC50,=,23.0,nM,CHEMBL5737458,B,"In Vitro Test of Inhibition of Human FP Receptor Activity: For the characterization of test substances in respect of FP antagonism, PGF2α-induced calcium flux in FP-expressing CHEM1 cells (Millipore, HTS093C) was used.3000 cells in 30 μl of full medium [DMEM F12, 10% FCS, 1.35 mM sodium pyruvate, 20 mM HEPES, 4 mM GlutaMAX, 2% sodium bicarbonate, 1% Pen/Strep, 1% 100× non-essential amino acids] are sown per well of a 384 multititre plate (from Greiner, TC plate, black with clear base) and incubated at 33° C., 5% CO2 for 24 hours. Prior to the measurement, the medium is replaced by 30 μl of Fluo-8 AM loading buffer [calcium-free Tyrode (130 mM NaCl, 5 mM KCl, 20 mM HEPES, 1 mM MgCl2, 4.8 mM NaHCO3, pH 7.4), 2 mM CaCl2, 6.3 mM Probenecid, 5 μM Fluo-8 AM, 0.0112% Pluronic®] and incubated at 37° C., 5% CO2 for 30 minutes. The test substance is prepared in DMSO in various concentrations as a dose-response curve (starting concentration 10 mM, dilution factor 3.16) and prediluted 1:50 with calcium-free Tyrode, 2 mM CaCl2, 0.002% SmartBlock (from CANDOR Bioscience GmbH). 10 μl of the prediluted substance solution are added to the Fluo-8-laden cells and incubated at 37° C., 5% CO2 for 10 minutes. The FP receptor is activated by adding 40 μl of 2 nM (final concentration) PGF2α in calcium-free Tyrode, 2 mM CaCl2, 0.002% SmartBlock, and the calcium flux is determined by measuring the fluorescence at ex. 470 nm/em. 525 nm in a fluorescence measuring instrument (FLIPR Tetra®, Molecular Devices) for 120 seconds.",CHEMBL5728790,P43088,Prostaglandin F2-alpha receptor,IC50,Cc1c(-c2ccccc2)nc2ccc(Br)cc2c1C(=O)NC[C@@H](CCC(=O)O)c1c(F)cccc1F,7.638272163982407
CHEMBL6064004,CHEMBL1987,Prostaglandin F2-alpha receptor,IC50,=,7.7,nM,CHEMBL5737458,B,"In Vitro Test of Inhibition of Human FP Receptor Activity: For the characterization of test substances in respect of FP antagonism, PGF2α-induced calcium flux in FP-expressing CHEM1 cells (Millipore, HTS093C) was used.3000 cells in 30 μl of full medium [DMEM F12, 10% FCS, 1.35 mM sodium pyruvate, 20 mM HEPES, 4 mM GlutaMAX, 2% sodium bicarbonate, 1% Pen/Strep, 1% 100× non-essential amino acids] are sown per well of a 384 multititre plate (from Greiner, TC plate, black with clear base) and incubated at 33° C., 5% CO2 for 24 hours. Prior to the measurement, the medium is replaced by 30 μl of Fluo-8 AM loading buffer [calcium-free Tyrode (130 mM NaCl, 5 mM KCl, 20 mM HEPES, 1 mM MgCl2, 4.8 mM NaHCO3, pH 7.4), 2 mM CaCl2, 6.3 mM Probenecid, 5 μM Fluo-8 AM, 0.0112% Pluronic®] and incubated at 37° C., 5% CO2 for 30 minutes. The test substance is prepared in DMSO in various concentrations as a dose-response curve (starting concentration 10 mM, dilution factor 3.16) and prediluted 1:50 with calcium-free Tyrode, 2 mM CaCl2, 0.002% SmartBlock (from CANDOR Bioscience GmbH). 10 μl of the prediluted substance solution are added to the Fluo-8-laden cells and incubated at 37° C., 5% CO2 for 10 minutes. The FP receptor is activated by adding 40 μl of 2 nM (final concentration) PGF2α in calcium-free Tyrode, 2 mM CaCl2, 0.002% SmartBlock, and the calcium flux is determined by measuring the fluorescence at ex. 470 nm/em. 525 nm in a fluorescence measuring instrument (FLIPR Tetra®, Molecular Devices) for 120 seconds.",CHEMBL5728790,P43088,Prostaglandin F2-alpha receptor,IC50,Cc1c(-c2ccccc2)nc2ccc(Br)cc2c1C(=O)NCC(CCC(=O)O)c1cccc(F)c1Cl,8.113509274827518
CHEMBL5773404,CHEMBL1987,Prostaglandin F2-alpha receptor,IC50,=,3.9,nM,CHEMBL5737458,B,"In Vitro Test of Inhibition of Human FP Receptor Activity: For the characterization of test substances in respect of FP antagonism, PGF2α-induced calcium flux in FP-expressing CHEM1 cells (Millipore, HTS093C) was used.3000 cells in 30 μl of full medium [DMEM F12, 10% FCS, 1.35 mM sodium pyruvate, 20 mM HEPES, 4 mM GlutaMAX, 2% sodium bicarbonate, 1% Pen/Strep, 1% 100× non-essential amino acids] are sown per well of a 384 multititre plate (from Greiner, TC plate, black with clear base) and incubated at 33° C., 5% CO2 for 24 hours. Prior to the measurement, the medium is replaced by 30 μl of Fluo-8 AM loading buffer [calcium-free Tyrode (130 mM NaCl, 5 mM KCl, 20 mM HEPES, 1 mM MgCl2, 4.8 mM NaHCO3, pH 7.4), 2 mM CaCl2, 6.3 mM Probenecid, 5 μM Fluo-8 AM, 0.0112% Pluronic®] and incubated at 37° C., 5% CO2 for 30 minutes. The test substance is prepared in DMSO in various concentrations as a dose-response curve (starting concentration 10 mM, dilution factor 3.16) and prediluted 1:50 with calcium-free Tyrode, 2 mM CaCl2, 0.002% SmartBlock (from CANDOR Bioscience GmbH). 10 μl of the prediluted substance solution are added to the Fluo-8-laden cells and incubated at 37° C., 5% CO2 for 10 minutes. The FP receptor is activated by adding 40 μl of 2 nM (final concentration) PGF2α in calcium-free Tyrode, 2 mM CaCl2, 0.002% SmartBlock, and the calcium flux is determined by measuring the fluorescence at ex. 470 nm/em. 525 nm in a fluorescence measuring instrument (FLIPR Tetra®, Molecular Devices) for 120 seconds.",CHEMBL5728790,P43088,Prostaglandin F2-alpha receptor,IC50,Cc1c(-c2ccccc2)nc2ccc(Br)cc2c1C(=O)NC[C@H](CCC(=O)O)c1cccc(F)c1Cl,8.4089353929735
CHEMBL5811644,CHEMBL1987,Prostaglandin F2-alpha receptor,IC50,=,17.0,nM,CHEMBL5737458,B,"In Vitro Test of Inhibition of Human FP Receptor Activity: For the characterization of test substances in respect of FP antagonism, PGF2α-induced calcium flux in FP-expressing CHEM1 cells (Millipore, HTS093C) was used.3000 cells in 30 μl of full medium [DMEM F12, 10% FCS, 1.35 mM sodium pyruvate, 20 mM HEPES, 4 mM GlutaMAX, 2% sodium bicarbonate, 1% Pen/Strep, 1% 100× non-essential amino acids] are sown per well of a 384 multititre plate (from Greiner, TC plate, black with clear base) and incubated at 33° C., 5% CO2 for 24 hours. Prior to the measurement, the medium is replaced by 30 μl of Fluo-8 AM loading buffer [calcium-free Tyrode (130 mM NaCl, 5 mM KCl, 20 mM HEPES, 1 mM MgCl2, 4.8 mM NaHCO3, pH 7.4), 2 mM CaCl2, 6.3 mM Probenecid, 5 μM Fluo-8 AM, 0.0112% Pluronic®] and incubated at 37° C., 5% CO2 for 30 minutes. The test substance is prepared in DMSO in various concentrations as a dose-response curve (starting concentration 10 mM, dilution factor 3.16) and prediluted 1:50 with calcium-free Tyrode, 2 mM CaCl2, 0.002% SmartBlock (from CANDOR Bioscience GmbH). 10 μl of the prediluted substance solution are added to the Fluo-8-laden cells and incubated at 37° C., 5% CO2 for 10 minutes. The FP receptor is activated by adding 40 μl of 2 nM (final concentration) PGF2α in calcium-free Tyrode, 2 mM CaCl2, 0.002% SmartBlock, and the calcium flux is determined by measuring the fluorescence at ex. 470 nm/em. 525 nm in a fluorescence measuring instrument (FLIPR Tetra®, Molecular Devices) for 120 seconds.",CHEMBL5728790,P43088,Prostaglandin F2-alpha receptor,IC50,Cc1c(-c2ccccc2)nc2ccc(Br)cc2c1C(=O)NC[C@@H](CCC(=O)O)c1cccc(F)c1Cl,7.769551078621726
CHEMBL5787120,CHEMBL1987,Prostaglandin F2-alpha receptor,IC50,=,36.0,nM,CHEMBL5737458,B,"In Vitro Test of Inhibition of Human FP Receptor Activity: For the characterization of test substances in respect of FP antagonism, PGF2α-induced calcium flux in FP-expressing CHEM1 cells (Millipore, HTS093C) was used.3000 cells in 30 μl of full medium [DMEM F12, 10% FCS, 1.35 mM sodium pyruvate, 20 mM HEPES, 4 mM GlutaMAX, 2% sodium bicarbonate, 1% Pen/Strep, 1% 100× non-essential amino acids] are sown per well of a 384 multititre plate (from Greiner, TC plate, black with clear base) and incubated at 33° C., 5% CO2 for 24 hours. Prior to the measurement, the medium is replaced by 30 μl of Fluo-8 AM loading buffer [calcium-free Tyrode (130 mM NaCl, 5 mM KCl, 20 mM HEPES, 1 mM MgCl2, 4.8 mM NaHCO3, pH 7.4), 2 mM CaCl2, 6.3 mM Probenecid, 5 μM Fluo-8 AM, 0.0112% Pluronic®] and incubated at 37° C., 5% CO2 for 30 minutes. The test substance is prepared in DMSO in various concentrations as a dose-response curve (starting concentration 10 mM, dilution factor 3.16) and prediluted 1:50 with calcium-free Tyrode, 2 mM CaCl2, 0.002% SmartBlock (from CANDOR Bioscience GmbH). 10 μl of the prediluted substance solution are added to the Fluo-8-laden cells and incubated at 37° C., 5% CO2 for 10 minutes. The FP receptor is activated by adding 40 μl of 2 nM (final concentration) PGF2α in calcium-free Tyrode, 2 mM CaCl2, 0.002% SmartBlock, and the calcium flux is determined by measuring the fluorescence at ex. 470 nm/em. 525 nm in a fluorescence measuring instrument (FLIPR Tetra®, Molecular Devices) for 120 seconds.",CHEMBL5728790,P43088,Prostaglandin F2-alpha receptor,IC50,Cc1c(-c2ccccc2)nc2ccc(Br)cc2c1C(=O)NCC(c1ccccc1Cl)N(C)CC(=O)O,7.443697499232712
CHEMBL5910248,CHEMBL1987,Prostaglandin F2-alpha receptor,IC50,=,54.0,nM,CHEMBL5737458,B,"In Vitro Test of Inhibition of Human FP Receptor Activity: For the characterization of test substances in respect of FP antagonism, PGF2α-induced calcium flux in FP-expressing CHEM1 cells (Millipore, HTS093C) was used.3000 cells in 30 μl of full medium [DMEM F12, 10% FCS, 1.35 mM sodium pyruvate, 20 mM HEPES, 4 mM GlutaMAX, 2% sodium bicarbonate, 1% Pen/Strep, 1% 100× non-essential amino acids] are sown per well of a 384 multititre plate (from Greiner, TC plate, black with clear base) and incubated at 33° C., 5% CO2 for 24 hours. Prior to the measurement, the medium is replaced by 30 μl of Fluo-8 AM loading buffer [calcium-free Tyrode (130 mM NaCl, 5 mM KCl, 20 mM HEPES, 1 mM MgCl2, 4.8 mM NaHCO3, pH 7.4), 2 mM CaCl2, 6.3 mM Probenecid, 5 μM Fluo-8 AM, 0.0112% Pluronic®] and incubated at 37° C., 5% CO2 for 30 minutes. The test substance is prepared in DMSO in various concentrations as a dose-response curve (starting concentration 10 mM, dilution factor 3.16) and prediluted 1:50 with calcium-free Tyrode, 2 mM CaCl2, 0.002% SmartBlock (from CANDOR Bioscience GmbH). 10 μl of the prediluted substance solution are added to the Fluo-8-laden cells and incubated at 37° C., 5% CO2 for 10 minutes. The FP receptor is activated by adding 40 μl of 2 nM (final concentration) PGF2α in calcium-free Tyrode, 2 mM CaCl2, 0.002% SmartBlock, and the calcium flux is determined by measuring the fluorescence at ex. 470 nm/em. 525 nm in a fluorescence measuring instrument (FLIPR Tetra®, Molecular Devices) for 120 seconds.",CHEMBL5728790,P43088,Prostaglandin F2-alpha receptor,IC50,Cc1c(-c2ccccc2)nc2ccc(Br)cc2c1C(=O)NC[C@@H](c1ccccc1Cl)N(C)CC(=O)O,7.267606240177031
CHEMBL5971823,CHEMBL1987,Prostaglandin F2-alpha receptor,IC50,=,62.0,nM,CHEMBL5737458,B,"In Vitro Test of Inhibition of Human FP Receptor Activity: For the characterization of test substances in respect of FP antagonism, PGF2α-induced calcium flux in FP-expressing CHEM1 cells (Millipore, HTS093C) was used.3000 cells in 30 μl of full medium [DMEM F12, 10% FCS, 1.35 mM sodium pyruvate, 20 mM HEPES, 4 mM GlutaMAX, 2% sodium bicarbonate, 1% Pen/Strep, 1% 100× non-essential amino acids] are sown per well of a 384 multititre plate (from Greiner, TC plate, black with clear base) and incubated at 33° C., 5% CO2 for 24 hours. Prior to the measurement, the medium is replaced by 30 μl of Fluo-8 AM loading buffer [calcium-free Tyrode (130 mM NaCl, 5 mM KCl, 20 mM HEPES, 1 mM MgCl2, 4.8 mM NaHCO3, pH 7.4), 2 mM CaCl2, 6.3 mM Probenecid, 5 μM Fluo-8 AM, 0.0112% Pluronic®] and incubated at 37° C., 5% CO2 for 30 minutes. The test substance is prepared in DMSO in various concentrations as a dose-response curve (starting concentration 10 mM, dilution factor 3.16) and prediluted 1:50 with calcium-free Tyrode, 2 mM CaCl2, 0.002% SmartBlock (from CANDOR Bioscience GmbH). 10 μl of the prediluted substance solution are added to the Fluo-8-laden cells and incubated at 37° C., 5% CO2 for 10 minutes. The FP receptor is activated by adding 40 μl of 2 nM (final concentration) PGF2α in calcium-free Tyrode, 2 mM CaCl2, 0.002% SmartBlock, and the calcium flux is determined by measuring the fluorescence at ex. 470 nm/em. 525 nm in a fluorescence measuring instrument (FLIPR Tetra®, Molecular Devices) for 120 seconds.",CHEMBL5728790,P43088,Prostaglandin F2-alpha receptor,IC50,Cc1c(-c2ccccc2)nc2ccc(Br)cc2c1C(=O)NC[C@H](c1ccccc1Cl)N(C)CC(=O)O,7.207608310501746
CHEMBL5943069,CHEMBL1987,Prostaglandin F2-alpha receptor,IC50,=,67.0,nM,CHEMBL5737458,B,"In Vitro Test of Inhibition of Human FP Receptor Activity: For the characterization of test substances in respect of FP antagonism, PGF2α-induced calcium flux in FP-expressing CHEM1 cells (Millipore, HTS093C) was used.3000 cells in 30 μl of full medium [DMEM F12, 10% FCS, 1.35 mM sodium pyruvate, 20 mM HEPES, 4 mM GlutaMAX, 2% sodium bicarbonate, 1% Pen/Strep, 1% 100× non-essential amino acids] are sown per well of a 384 multititre plate (from Greiner, TC plate, black with clear base) and incubated at 33° C., 5% CO2 for 24 hours. Prior to the measurement, the medium is replaced by 30 μl of Fluo-8 AM loading buffer [calcium-free Tyrode (130 mM NaCl, 5 mM KCl, 20 mM HEPES, 1 mM MgCl2, 4.8 mM NaHCO3, pH 7.4), 2 mM CaCl2, 6.3 mM Probenecid, 5 μM Fluo-8 AM, 0.0112% Pluronic®] and incubated at 37° C., 5% CO2 for 30 minutes. The test substance is prepared in DMSO in various concentrations as a dose-response curve (starting concentration 10 mM, dilution factor 3.16) and prediluted 1:50 with calcium-free Tyrode, 2 mM CaCl2, 0.002% SmartBlock (from CANDOR Bioscience GmbH). 10 μl of the prediluted substance solution are added to the Fluo-8-laden cells and incubated at 37° C., 5% CO2 for 10 minutes. The FP receptor is activated by adding 40 μl of 2 nM (final concentration) PGF2α in calcium-free Tyrode, 2 mM CaCl2, 0.002% SmartBlock, and the calcium flux is determined by measuring the fluorescence at ex. 470 nm/em. 525 nm in a fluorescence measuring instrument (FLIPR Tetra®, Molecular Devices) for 120 seconds.",CHEMBL5728790,P43088,Prostaglandin F2-alpha receptor,IC50,Cc1c(-c2ccccc2)nc2ccc(Br)cc2c1C(=O)NCC(NCC(=O)O)c1ccccc1Cl,7.173925197299173
CHEMBL5851726,CHEMBL1987,Prostaglandin F2-alpha receptor,IC50,=,100.0,nM,CHEMBL5737458,B,"In Vitro Test of Inhibition of Human FP Receptor Activity: For the characterization of test substances in respect of FP antagonism, PGF2α-induced calcium flux in FP-expressing CHEM1 cells (Millipore, HTS093C) was used.3000 cells in 30 μl of full medium [DMEM F12, 10% FCS, 1.35 mM sodium pyruvate, 20 mM HEPES, 4 mM GlutaMAX, 2% sodium bicarbonate, 1% Pen/Strep, 1% 100× non-essential amino acids] are sown per well of a 384 multititre plate (from Greiner, TC plate, black with clear base) and incubated at 33° C., 5% CO2 for 24 hours. Prior to the measurement, the medium is replaced by 30 μl of Fluo-8 AM loading buffer [calcium-free Tyrode (130 mM NaCl, 5 mM KCl, 20 mM HEPES, 1 mM MgCl2, 4.8 mM NaHCO3, pH 7.4), 2 mM CaCl2, 6.3 mM Probenecid, 5 μM Fluo-8 AM, 0.0112% Pluronic®] and incubated at 37° C., 5% CO2 for 30 minutes. The test substance is prepared in DMSO in various concentrations as a dose-response curve (starting concentration 10 mM, dilution factor 3.16) and prediluted 1:50 with calcium-free Tyrode, 2 mM CaCl2, 0.002% SmartBlock (from CANDOR Bioscience GmbH). 10 μl of the prediluted substance solution are added to the Fluo-8-laden cells and incubated at 37° C., 5% CO2 for 10 minutes. The FP receptor is activated by adding 40 μl of 2 nM (final concentration) PGF2α in calcium-free Tyrode, 2 mM CaCl2, 0.002% SmartBlock, and the calcium flux is determined by measuring the fluorescence at ex. 470 nm/em. 525 nm in a fluorescence measuring instrument (FLIPR Tetra®, Molecular Devices) for 120 seconds.",CHEMBL5728790,P43088,Prostaglandin F2-alpha receptor,IC50,Cc1c(-c2ccccc2)nc2ccc(Br)cc2c1C(=O)NCC(OCC(=O)O)c1ccccc1Cl,7.0
CHEMBL5998599,CHEMBL1987,Prostaglandin F2-alpha receptor,IC50,=,42.0,nM,CHEMBL5737458,B,"In Vitro Test of Inhibition of Human FP Receptor Activity: For the characterization of test substances in respect of FP antagonism, PGF2α-induced calcium flux in FP-expressing CHEM1 cells (Millipore, HTS093C) was used.3000 cells in 30 μl of full medium [DMEM F12, 10% FCS, 1.35 mM sodium pyruvate, 20 mM HEPES, 4 mM GlutaMAX, 2% sodium bicarbonate, 1% Pen/Strep, 1% 100× non-essential amino acids] are sown per well of a 384 multititre plate (from Greiner, TC plate, black with clear base) and incubated at 33° C., 5% CO2 for 24 hours. Prior to the measurement, the medium is replaced by 30 μl of Fluo-8 AM loading buffer [calcium-free Tyrode (130 mM NaCl, 5 mM KCl, 20 mM HEPES, 1 mM MgCl2, 4.8 mM NaHCO3, pH 7.4), 2 mM CaCl2, 6.3 mM Probenecid, 5 μM Fluo-8 AM, 0.0112% Pluronic®] and incubated at 37° C., 5% CO2 for 30 minutes. The test substance is prepared in DMSO in various concentrations as a dose-response curve (starting concentration 10 mM, dilution factor 3.16) and prediluted 1:50 with calcium-free Tyrode, 2 mM CaCl2, 0.002% SmartBlock (from CANDOR Bioscience GmbH). 10 μl of the prediluted substance solution are added to the Fluo-8-laden cells and incubated at 37° C., 5% CO2 for 10 minutes. The FP receptor is activated by adding 40 μl of 2 nM (final concentration) PGF2α in calcium-free Tyrode, 2 mM CaCl2, 0.002% SmartBlock, and the calcium flux is determined by measuring the fluorescence at ex. 470 nm/em. 525 nm in a fluorescence measuring instrument (FLIPR Tetra®, Molecular Devices) for 120 seconds.",CHEMBL5728790,P43088,Prostaglandin F2-alpha receptor,IC50,Cc1c(-c2ccccc2)nc2ccc(Br)cc2c1C(=O)NC[C@H](OCC(=O)O)c1ccccc1Cl,7.376750709602099
CHEMBL5998599,CHEMBL1987,Prostaglandin F2-alpha receptor,IC50,=,150.0,nM,CHEMBL5737458,B,"In Vitro Test of Inhibition of Human FP Receptor Activity: For the characterization of test substances in respect of FP antagonism, PGF2α-induced calcium flux in FP-expressing CHEM1 cells (Millipore, HTS093C) was used.3000 cells in 30 μl of full medium [DMEM F12, 10% FCS, 1.35 mM sodium pyruvate, 20 mM HEPES, 4 mM GlutaMAX, 2% sodium bicarbonate, 1% Pen/Strep, 1% 100× non-essential amino acids] are sown per well of a 384 multititre plate (from Greiner, TC plate, black with clear base) and incubated at 33° C., 5% CO2 for 24 hours. Prior to the measurement, the medium is replaced by 30 μl of Fluo-8 AM loading buffer [calcium-free Tyrode (130 mM NaCl, 5 mM KCl, 20 mM HEPES, 1 mM MgCl2, 4.8 mM NaHCO3, pH 7.4), 2 mM CaCl2, 6.3 mM Probenecid, 5 μM Fluo-8 AM, 0.0112% Pluronic®] and incubated at 37° C., 5% CO2 for 30 minutes. The test substance is prepared in DMSO in various concentrations as a dose-response curve (starting concentration 10 mM, dilution factor 3.16) and prediluted 1:50 with calcium-free Tyrode, 2 mM CaCl2, 0.002% SmartBlock (from CANDOR Bioscience GmbH). 10 μl of the prediluted substance solution are added to the Fluo-8-laden cells and incubated at 37° C., 5% CO2 for 10 minutes. The FP receptor is activated by adding 40 μl of 2 nM (final concentration) PGF2α in calcium-free Tyrode, 2 mM CaCl2, 0.002% SmartBlock, and the calcium flux is determined by measuring the fluorescence at ex. 470 nm/em. 525 nm in a fluorescence measuring instrument (FLIPR Tetra®, Molecular Devices) for 120 seconds.",CHEMBL5728790,P43088,Prostaglandin F2-alpha receptor,IC50,Cc1c(-c2ccccc2)nc2ccc(Br)cc2c1C(=O)NC[C@H](OCC(=O)O)c1ccccc1Cl,6.823908740944319
CHEMBL5836901,CHEMBL1987,Prostaglandin F2-alpha receptor,IC50,=,7.9,nM,CHEMBL5737458,B,"In Vitro Test of Inhibition of Human FP Receptor Activity: For the characterization of test substances in respect of FP antagonism, PGF2α-induced calcium flux in FP-expressing CHEM1 cells (Millipore, HTS093C) was used.3000 cells in 30 μl of full medium [DMEM F12, 10% FCS, 1.35 mM sodium pyruvate, 20 mM HEPES, 4 mM GlutaMAX, 2% sodium bicarbonate, 1% Pen/Strep, 1% 100× non-essential amino acids] are sown per well of a 384 multititre plate (from Greiner, TC plate, black with clear base) and incubated at 33° C., 5% CO2 for 24 hours. Prior to the measurement, the medium is replaced by 30 μl of Fluo-8 AM loading buffer [calcium-free Tyrode (130 mM NaCl, 5 mM KCl, 20 mM HEPES, 1 mM MgCl2, 4.8 mM NaHCO3, pH 7.4), 2 mM CaCl2, 6.3 mM Probenecid, 5 μM Fluo-8 AM, 0.0112% Pluronic®] and incubated at 37° C., 5% CO2 for 30 minutes. The test substance is prepared in DMSO in various concentrations as a dose-response curve (starting concentration 10 mM, dilution factor 3.16) and prediluted 1:50 with calcium-free Tyrode, 2 mM CaCl2, 0.002% SmartBlock (from CANDOR Bioscience GmbH). 10 μl of the prediluted substance solution are added to the Fluo-8-laden cells and incubated at 37° C., 5% CO2 for 10 minutes. The FP receptor is activated by adding 40 μl of 2 nM (final concentration) PGF2α in calcium-free Tyrode, 2 mM CaCl2, 0.002% SmartBlock, and the calcium flux is determined by measuring the fluorescence at ex. 470 nm/em. 525 nm in a fluorescence measuring instrument (FLIPR Tetra®, Molecular Devices) for 120 seconds.",CHEMBL5728790,P43088,Prostaglandin F2-alpha receptor,IC50,Cc1c(-c2ccccc2)nc2ccc(Br)cc2c1C(=O)NCC(SCC(=O)O)c1ccccc1Cl,8.102372908709558
CHEMBL6065345,CHEMBL1987,Prostaglandin F2-alpha receptor,IC50,=,8.0,nM,CHEMBL5737458,B,"In Vitro Test of Inhibition of Human FP Receptor Activity: For the characterization of test substances in respect of FP antagonism, PGF2α-induced calcium flux in FP-expressing CHEM1 cells (Millipore, HTS093C) was used.3000 cells in 30 μl of full medium [DMEM F12, 10% FCS, 1.35 mM sodium pyruvate, 20 mM HEPES, 4 mM GlutaMAX, 2% sodium bicarbonate, 1% Pen/Strep, 1% 100× non-essential amino acids] are sown per well of a 384 multititre plate (from Greiner, TC plate, black with clear base) and incubated at 33° C., 5% CO2 for 24 hours. Prior to the measurement, the medium is replaced by 30 μl of Fluo-8 AM loading buffer [calcium-free Tyrode (130 mM NaCl, 5 mM KCl, 20 mM HEPES, 1 mM MgCl2, 4.8 mM NaHCO3, pH 7.4), 2 mM CaCl2, 6.3 mM Probenecid, 5 μM Fluo-8 AM, 0.0112% Pluronic®] and incubated at 37° C., 5% CO2 for 30 minutes. The test substance is prepared in DMSO in various concentrations as a dose-response curve (starting concentration 10 mM, dilution factor 3.16) and prediluted 1:50 with calcium-free Tyrode, 2 mM CaCl2, 0.002% SmartBlock (from CANDOR Bioscience GmbH). 10 μl of the prediluted substance solution are added to the Fluo-8-laden cells and incubated at 37° C., 5% CO2 for 10 minutes. The FP receptor is activated by adding 40 μl of 2 nM (final concentration) PGF2α in calcium-free Tyrode, 2 mM CaCl2, 0.002% SmartBlock, and the calcium flux is determined by measuring the fluorescence at ex. 470 nm/em. 525 nm in a fluorescence measuring instrument (FLIPR Tetra®, Molecular Devices) for 120 seconds.",CHEMBL5728790,P43088,Prostaglandin F2-alpha receptor,IC50,Cc1c(-c2ccccc2)nc2ccc(Br)cc2c1C(=O)NC[C@H](SCC(=O)O)c1ccccc1Cl,8.096910013008056
CHEMBL6038490,CHEMBL1987,Prostaglandin F2-alpha receptor,IC50,=,12.0,nM,CHEMBL5737458,B,"In Vitro Test of Inhibition of Human FP Receptor Activity: For the characterization of test substances in respect of FP antagonism, PGF2α-induced calcium flux in FP-expressing CHEM1 cells (Millipore, HTS093C) was used.3000 cells in 30 μl of full medium [DMEM F12, 10% FCS, 1.35 mM sodium pyruvate, 20 mM HEPES, 4 mM GlutaMAX, 2% sodium bicarbonate, 1% Pen/Strep, 1% 100× non-essential amino acids] are sown per well of a 384 multititre plate (from Greiner, TC plate, black with clear base) and incubated at 33° C., 5% CO2 for 24 hours. Prior to the measurement, the medium is replaced by 30 μl of Fluo-8 AM loading buffer [calcium-free Tyrode (130 mM NaCl, 5 mM KCl, 20 mM HEPES, 1 mM MgCl2, 4.8 mM NaHCO3, pH 7.4), 2 mM CaCl2, 6.3 mM Probenecid, 5 μM Fluo-8 AM, 0.0112% Pluronic®] and incubated at 37° C., 5% CO2 for 30 minutes. The test substance is prepared in DMSO in various concentrations as a dose-response curve (starting concentration 10 mM, dilution factor 3.16) and prediluted 1:50 with calcium-free Tyrode, 2 mM CaCl2, 0.002% SmartBlock (from CANDOR Bioscience GmbH). 10 μl of the prediluted substance solution are added to the Fluo-8-laden cells and incubated at 37° C., 5% CO2 for 10 minutes. The FP receptor is activated by adding 40 μl of 2 nM (final concentration) PGF2α in calcium-free Tyrode, 2 mM CaCl2, 0.002% SmartBlock, and the calcium flux is determined by measuring the fluorescence at ex. 470 nm/em. 525 nm in a fluorescence measuring instrument (FLIPR Tetra®, Molecular Devices) for 120 seconds.",CHEMBL5728790,P43088,Prostaglandin F2-alpha receptor,IC50,Cc1c(-c2ccccc2)nc2ccc(Br)cc2c1C(=O)NC[C@@H](SCC(=O)O)c1ccccc1Cl,7.920818753952375
CHEMBL5754569,CHEMBL1987,Prostaglandin F2-alpha receptor,IC50,=,21.0,nM,CHEMBL5737458,B,"In Vitro Test of Inhibition of Human FP Receptor Activity: For the characterization of test substances in respect of FP antagonism, PGF2α-induced calcium flux in FP-expressing CHEM1 cells (Millipore, HTS093C) was used.3000 cells in 30 μl of full medium [DMEM F12, 10% FCS, 1.35 mM sodium pyruvate, 20 mM HEPES, 4 mM GlutaMAX, 2% sodium bicarbonate, 1% Pen/Strep, 1% 100× non-essential amino acids] are sown per well of a 384 multititre plate (from Greiner, TC plate, black with clear base) and incubated at 33° C., 5% CO2 for 24 hours. Prior to the measurement, the medium is replaced by 30 μl of Fluo-8 AM loading buffer [calcium-free Tyrode (130 mM NaCl, 5 mM KCl, 20 mM HEPES, 1 mM MgCl2, 4.8 mM NaHCO3, pH 7.4), 2 mM CaCl2, 6.3 mM Probenecid, 5 μM Fluo-8 AM, 0.0112% Pluronic®] and incubated at 37° C., 5% CO2 for 30 minutes. The test substance is prepared in DMSO in various concentrations as a dose-response curve (starting concentration 10 mM, dilution factor 3.16) and prediluted 1:50 with calcium-free Tyrode, 2 mM CaCl2, 0.002% SmartBlock (from CANDOR Bioscience GmbH). 10 μl of the prediluted substance solution are added to the Fluo-8-laden cells and incubated at 37° C., 5% CO2 for 10 minutes. The FP receptor is activated by adding 40 μl of 2 nM (final concentration) PGF2α in calcium-free Tyrode, 2 mM CaCl2, 0.002% SmartBlock, and the calcium flux is determined by measuring the fluorescence at ex. 470 nm/em. 525 nm in a fluorescence measuring instrument (FLIPR Tetra®, Molecular Devices) for 120 seconds.",CHEMBL5728790,P43088,Prostaglandin F2-alpha receptor,IC50,Cc1c(-c2ccccc2)nc2ccc(Br)cc2c1C(=O)NCC(c1ccccc1Cl)S(=O)(=O)CC(=O)O,7.6777807052660805
CHEMBL5978177,CHEMBL1987,Prostaglandin F2-alpha receptor,IC50,=,400.0,nM,CHEMBL5737458,B,"In Vitro Test of Inhibition of Human FP Receptor Activity: For the characterization of test substances in respect of FP antagonism, PGF2α-induced calcium flux in FP-expressing CHEM1 cells (Millipore, HTS093C) was used.3000 cells in 30 μl of full medium [DMEM F12, 10% FCS, 1.35 mM sodium pyruvate, 20 mM HEPES, 4 mM GlutaMAX, 2% sodium bicarbonate, 1% Pen/Strep, 1% 100× non-essential amino acids] are sown per well of a 384 multititre plate (from Greiner, TC plate, black with clear base) and incubated at 33° C., 5% CO2 for 24 hours. Prior to the measurement, the medium is replaced by 30 μl of Fluo-8 AM loading buffer [calcium-free Tyrode (130 mM NaCl, 5 mM KCl, 20 mM HEPES, 1 mM MgCl2, 4.8 mM NaHCO3, pH 7.4), 2 mM CaCl2, 6.3 mM Probenecid, 5 μM Fluo-8 AM, 0.0112% Pluronic®] and incubated at 37° C., 5% CO2 for 30 minutes. The test substance is prepared in DMSO in various concentrations as a dose-response curve (starting concentration 10 mM, dilution factor 3.16) and prediluted 1:50 with calcium-free Tyrode, 2 mM CaCl2, 0.002% SmartBlock (from CANDOR Bioscience GmbH). 10 μl of the prediluted substance solution are added to the Fluo-8-laden cells and incubated at 37° C., 5% CO2 for 10 minutes. The FP receptor is activated by adding 40 μl of 2 nM (final concentration) PGF2α in calcium-free Tyrode, 2 mM CaCl2, 0.002% SmartBlock, and the calcium flux is determined by measuring the fluorescence at ex. 470 nm/em. 525 nm in a fluorescence measuring instrument (FLIPR Tetra®, Molecular Devices) for 120 seconds.",CHEMBL5728790,P43088,Prostaglandin F2-alpha receptor,IC50,Cc1c(-c2ccccc2)nc2ccc(Br)cc2c1C(=O)NC[C@@H](c1ccccc1Cl)S(=O)(=O)CC(=O)O,6.3979400086720375
CHEMBL5833879,CHEMBL1987,Prostaglandin F2-alpha receptor,IC50,=,25.0,nM,CHEMBL5737458,B,"In Vitro Test of Inhibition of Human FP Receptor Activity: For the characterization of test substances in respect of FP antagonism, PGF2α-induced calcium flux in FP-expressing CHEM1 cells (Millipore, HTS093C) was used.3000 cells in 30 μl of full medium [DMEM F12, 10% FCS, 1.35 mM sodium pyruvate, 20 mM HEPES, 4 mM GlutaMAX, 2% sodium bicarbonate, 1% Pen/Strep, 1% 100× non-essential amino acids] are sown per well of a 384 multititre plate (from Greiner, TC plate, black with clear base) and incubated at 33° C., 5% CO2 for 24 hours. Prior to the measurement, the medium is replaced by 30 μl of Fluo-8 AM loading buffer [calcium-free Tyrode (130 mM NaCl, 5 mM KCl, 20 mM HEPES, 1 mM MgCl2, 4.8 mM NaHCO3, pH 7.4), 2 mM CaCl2, 6.3 mM Probenecid, 5 μM Fluo-8 AM, 0.0112% Pluronic®] and incubated at 37° C., 5% CO2 for 30 minutes. The test substance is prepared in DMSO in various concentrations as a dose-response curve (starting concentration 10 mM, dilution factor 3.16) and prediluted 1:50 with calcium-free Tyrode, 2 mM CaCl2, 0.002% SmartBlock (from CANDOR Bioscience GmbH). 10 μl of the prediluted substance solution are added to the Fluo-8-laden cells and incubated at 37° C., 5% CO2 for 10 minutes. The FP receptor is activated by adding 40 μl of 2 nM (final concentration) PGF2α in calcium-free Tyrode, 2 mM CaCl2, 0.002% SmartBlock, and the calcium flux is determined by measuring the fluorescence at ex. 470 nm/em. 525 nm in a fluorescence measuring instrument (FLIPR Tetra®, Molecular Devices) for 120 seconds.",CHEMBL5728790,P43088,Prostaglandin F2-alpha receptor,IC50,Cc1c(-c2ccccc2)nc2ccc(Br)cc2c1C(=O)NC[C@H](c1ccccc1Cl)S(=O)(=O)CC(=O)O,7.6020599913279625
CHEMBL5910941,CHEMBL1987,Prostaglandin F2-alpha receptor,IC50,=,3.6,nM,CHEMBL5737458,B,"In Vitro Test of Inhibition of Human FP Receptor Activity: For the characterization of test substances in respect of FP antagonism, PGF2α-induced calcium flux in FP-expressing CHEM1 cells (Millipore, HTS093C) was used.3000 cells in 30 μl of full medium [DMEM F12, 10% FCS, 1.35 mM sodium pyruvate, 20 mM HEPES, 4 mM GlutaMAX, 2% sodium bicarbonate, 1% Pen/Strep, 1% 100× non-essential amino acids] are sown per well of a 384 multititre plate (from Greiner, TC plate, black with clear base) and incubated at 33° C., 5% CO2 for 24 hours. Prior to the measurement, the medium is replaced by 30 μl of Fluo-8 AM loading buffer [calcium-free Tyrode (130 mM NaCl, 5 mM KCl, 20 mM HEPES, 1 mM MgCl2, 4.8 mM NaHCO3, pH 7.4), 2 mM CaCl2, 6.3 mM Probenecid, 5 μM Fluo-8 AM, 0.0112% Pluronic®] and incubated at 37° C., 5% CO2 for 30 minutes. The test substance is prepared in DMSO in various concentrations as a dose-response curve (starting concentration 10 mM, dilution factor 3.16) and prediluted 1:50 with calcium-free Tyrode, 2 mM CaCl2, 0.002% SmartBlock (from CANDOR Bioscience GmbH). 10 μl of the prediluted substance solution are added to the Fluo-8-laden cells and incubated at 37° C., 5% CO2 for 10 minutes. The FP receptor is activated by adding 40 μl of 2 nM (final concentration) PGF2α in calcium-free Tyrode, 2 mM CaCl2, 0.002% SmartBlock, and the calcium flux is determined by measuring the fluorescence at ex. 470 nm/em. 525 nm in a fluorescence measuring instrument (FLIPR Tetra®, Molecular Devices) for 120 seconds.",CHEMBL5728790,P43088,Prostaglandin F2-alpha receptor,IC50,Cc1c(-c2ccccc2)nc2ccc(Br)cc2c1C(=O)NCC(CCC(=O)O)c1c(Cl)ccc(F)c1F,8.443697499232712
CHEMBL5742825,CHEMBL1987,Prostaglandin F2-alpha receptor,IC50,=,1.2,nM,CHEMBL5737458,B,"In Vitro Test of Inhibition of Human FP Receptor Activity: For the characterization of test substances in respect of FP antagonism, PGF2α-induced calcium flux in FP-expressing CHEM1 cells (Millipore, HTS093C) was used.3000 cells in 30 μl of full medium [DMEM F12, 10% FCS, 1.35 mM sodium pyruvate, 20 mM HEPES, 4 mM GlutaMAX, 2% sodium bicarbonate, 1% Pen/Strep, 1% 100× non-essential amino acids] are sown per well of a 384 multititre plate (from Greiner, TC plate, black with clear base) and incubated at 33° C., 5% CO2 for 24 hours. Prior to the measurement, the medium is replaced by 30 μl of Fluo-8 AM loading buffer [calcium-free Tyrode (130 mM NaCl, 5 mM KCl, 20 mM HEPES, 1 mM MgCl2, 4.8 mM NaHCO3, pH 7.4), 2 mM CaCl2, 6.3 mM Probenecid, 5 μM Fluo-8 AM, 0.0112% Pluronic®] and incubated at 37° C., 5% CO2 for 30 minutes. The test substance is prepared in DMSO in various concentrations as a dose-response curve (starting concentration 10 mM, dilution factor 3.16) and prediluted 1:50 with calcium-free Tyrode, 2 mM CaCl2, 0.002% SmartBlock (from CANDOR Bioscience GmbH). 10 μl of the prediluted substance solution are added to the Fluo-8-laden cells and incubated at 37° C., 5% CO2 for 10 minutes. The FP receptor is activated by adding 40 μl of 2 nM (final concentration) PGF2α in calcium-free Tyrode, 2 mM CaCl2, 0.002% SmartBlock, and the calcium flux is determined by measuring the fluorescence at ex. 470 nm/em. 525 nm in a fluorescence measuring instrument (FLIPR Tetra®, Molecular Devices) for 120 seconds.",CHEMBL5728790,P43088,Prostaglandin F2-alpha receptor,IC50,Cc1c(-c2ccccc2)nc2ccc(Br)cc2c1C(=O)NC[C@H](CCC(=O)O)c1c(Cl)ccc(F)c1F,8.920818753952375
CHEMBL5984972,CHEMBL1987,Prostaglandin F2-alpha receptor,IC50,=,6.2,nM,CHEMBL5737458,B,"In Vitro Test of Inhibition of Human FP Receptor Activity: For the characterization of test substances in respect of FP antagonism, PGF2α-induced calcium flux in FP-expressing CHEM1 cells (Millipore, HTS093C) was used.3000 cells in 30 μl of full medium [DMEM F12, 10% FCS, 1.35 mM sodium pyruvate, 20 mM HEPES, 4 mM GlutaMAX, 2% sodium bicarbonate, 1% Pen/Strep, 1% 100× non-essential amino acids] are sown per well of a 384 multititre plate (from Greiner, TC plate, black with clear base) and incubated at 33° C., 5% CO2 for 24 hours. Prior to the measurement, the medium is replaced by 30 μl of Fluo-8 AM loading buffer [calcium-free Tyrode (130 mM NaCl, 5 mM KCl, 20 mM HEPES, 1 mM MgCl2, 4.8 mM NaHCO3, pH 7.4), 2 mM CaCl2, 6.3 mM Probenecid, 5 μM Fluo-8 AM, 0.0112% Pluronic®] and incubated at 37° C., 5% CO2 for 30 minutes. The test substance is prepared in DMSO in various concentrations as a dose-response curve (starting concentration 10 mM, dilution factor 3.16) and prediluted 1:50 with calcium-free Tyrode, 2 mM CaCl2, 0.002% SmartBlock (from CANDOR Bioscience GmbH). 10 μl of the prediluted substance solution are added to the Fluo-8-laden cells and incubated at 37° C., 5% CO2 for 10 minutes. The FP receptor is activated by adding 40 μl of 2 nM (final concentration) PGF2α in calcium-free Tyrode, 2 mM CaCl2, 0.002% SmartBlock, and the calcium flux is determined by measuring the fluorescence at ex. 470 nm/em. 525 nm in a fluorescence measuring instrument (FLIPR Tetra®, Molecular Devices) for 120 seconds.",CHEMBL5728790,P43088,Prostaglandin F2-alpha receptor,IC50,Cc1c(-c2ccccc2)nc2ccc(Br)cc2c1C(=O)NC[C@@H](CCC(=O)O)c1c(Cl)ccc(F)c1F,8.207608310501746
CHEMBL5875392,CHEMBL1987,Prostaglandin F2-alpha receptor,IC50,=,7.6,nM,CHEMBL5737458,B,"In Vitro Test of Inhibition of Human FP Receptor Activity: For the characterization of test substances in respect of FP antagonism, PGF2α-induced calcium flux in FP-expressing CHEM1 cells (Millipore, HTS093C) was used.3000 cells in 30 μl of full medium [DMEM F12, 10% FCS, 1.35 mM sodium pyruvate, 20 mM HEPES, 4 mM GlutaMAX, 2% sodium bicarbonate, 1% Pen/Strep, 1% 100× non-essential amino acids] are sown per well of a 384 multititre plate (from Greiner, TC plate, black with clear base) and incubated at 33° C., 5% CO2 for 24 hours. Prior to the measurement, the medium is replaced by 30 μl of Fluo-8 AM loading buffer [calcium-free Tyrode (130 mM NaCl, 5 mM KCl, 20 mM HEPES, 1 mM MgCl2, 4.8 mM NaHCO3, pH 7.4), 2 mM CaCl2, 6.3 mM Probenecid, 5 μM Fluo-8 AM, 0.0112% Pluronic®] and incubated at 37° C., 5% CO2 for 30 minutes. The test substance is prepared in DMSO in various concentrations as a dose-response curve (starting concentration 10 mM, dilution factor 3.16) and prediluted 1:50 with calcium-free Tyrode, 2 mM CaCl2, 0.002% SmartBlock (from CANDOR Bioscience GmbH). 10 μl of the prediluted substance solution are added to the Fluo-8-laden cells and incubated at 37° C., 5% CO2 for 10 minutes. The FP receptor is activated by adding 40 μl of 2 nM (final concentration) PGF2α in calcium-free Tyrode, 2 mM CaCl2, 0.002% SmartBlock, and the calcium flux is determined by measuring the fluorescence at ex. 470 nm/em. 525 nm in a fluorescence measuring instrument (FLIPR Tetra®, Molecular Devices) for 120 seconds.",CHEMBL5728790,P43088,Prostaglandin F2-alpha receptor,IC50,Cc1c(-c2ccccc2)nc2ccc(Br)cc2c1C(=O)NCC(CCC(=O)O)c1ccccc1C(F)(F)F,8.119186407719209
CHEMBL6050132,CHEMBL1987,Prostaglandin F2-alpha receptor,IC50,=,3.7,nM,CHEMBL5737458,B,"In Vitro Test of Inhibition of Human FP Receptor Activity: For the characterization of test substances in respect of FP antagonism, PGF2α-induced calcium flux in FP-expressing CHEM1 cells (Millipore, HTS093C) was used.3000 cells in 30 μl of full medium [DMEM F12, 10% FCS, 1.35 mM sodium pyruvate, 20 mM HEPES, 4 mM GlutaMAX, 2% sodium bicarbonate, 1% Pen/Strep, 1% 100× non-essential amino acids] are sown per well of a 384 multititre plate (from Greiner, TC plate, black with clear base) and incubated at 33° C., 5% CO2 for 24 hours. Prior to the measurement, the medium is replaced by 30 μl of Fluo-8 AM loading buffer [calcium-free Tyrode (130 mM NaCl, 5 mM KCl, 20 mM HEPES, 1 mM MgCl2, 4.8 mM NaHCO3, pH 7.4), 2 mM CaCl2, 6.3 mM Probenecid, 5 μM Fluo-8 AM, 0.0112% Pluronic®] and incubated at 37° C., 5% CO2 for 30 minutes. The test substance is prepared in DMSO in various concentrations as a dose-response curve (starting concentration 10 mM, dilution factor 3.16) and prediluted 1:50 with calcium-free Tyrode, 2 mM CaCl2, 0.002% SmartBlock (from CANDOR Bioscience GmbH). 10 μl of the prediluted substance solution are added to the Fluo-8-laden cells and incubated at 37° C., 5% CO2 for 10 minutes. The FP receptor is activated by adding 40 μl of 2 nM (final concentration) PGF2α in calcium-free Tyrode, 2 mM CaCl2, 0.002% SmartBlock, and the calcium flux is determined by measuring the fluorescence at ex. 470 nm/em. 525 nm in a fluorescence measuring instrument (FLIPR Tetra®, Molecular Devices) for 120 seconds.",CHEMBL5728790,P43088,Prostaglandin F2-alpha receptor,IC50,Cc1c(-c2ccccc2)nc2ccc(Br)cc2c1C(=O)NC[C@H](CCC(=O)O)c1ccccc1C(F)(F)F,8.431798275933005
CHEMBL5916880,CHEMBL1987,Prostaglandin F2-alpha receptor,IC50,=,22.0,nM,CHEMBL5737458,B,"In Vitro Test of Inhibition of Human FP Receptor Activity: For the characterization of test substances in respect of FP antagonism, PGF2α-induced calcium flux in FP-expressing CHEM1 cells (Millipore, HTS093C) was used.3000 cells in 30 μl of full medium [DMEM F12, 10% FCS, 1.35 mM sodium pyruvate, 20 mM HEPES, 4 mM GlutaMAX, 2% sodium bicarbonate, 1% Pen/Strep, 1% 100× non-essential amino acids] are sown per well of a 384 multititre plate (from Greiner, TC plate, black with clear base) and incubated at 33° C., 5% CO2 for 24 hours. Prior to the measurement, the medium is replaced by 30 μl of Fluo-8 AM loading buffer [calcium-free Tyrode (130 mM NaCl, 5 mM KCl, 20 mM HEPES, 1 mM MgCl2, 4.8 mM NaHCO3, pH 7.4), 2 mM CaCl2, 6.3 mM Probenecid, 5 μM Fluo-8 AM, 0.0112% Pluronic®] and incubated at 37° C., 5% CO2 for 30 minutes. The test substance is prepared in DMSO in various concentrations as a dose-response curve (starting concentration 10 mM, dilution factor 3.16) and prediluted 1:50 with calcium-free Tyrode, 2 mM CaCl2, 0.002% SmartBlock (from CANDOR Bioscience GmbH). 10 μl of the prediluted substance solution are added to the Fluo-8-laden cells and incubated at 37° C., 5% CO2 for 10 minutes. The FP receptor is activated by adding 40 μl of 2 nM (final concentration) PGF2α in calcium-free Tyrode, 2 mM CaCl2, 0.002% SmartBlock, and the calcium flux is determined by measuring the fluorescence at ex. 470 nm/em. 525 nm in a fluorescence measuring instrument (FLIPR Tetra®, Molecular Devices) for 120 seconds.",CHEMBL5728790,P43088,Prostaglandin F2-alpha receptor,IC50,Cc1c(-c2ccccc2)nc2ccc(Br)cc2c1C(=O)NC[C@@H](CCC(=O)O)c1ccccc1C(F)(F)F,7.657577319177793
CHEMBL5747057,CHEMBL1987,Prostaglandin F2-alpha receptor,IC50,=,13.0,nM,CHEMBL5737458,B,"In Vitro Test of Inhibition of Human FP Receptor Activity: For the characterization of test substances in respect of FP antagonism, PGF2α-induced calcium flux in FP-expressing CHEM1 cells (Millipore, HTS093C) was used.3000 cells in 30 μl of full medium [DMEM F12, 10% FCS, 1.35 mM sodium pyruvate, 20 mM HEPES, 4 mM GlutaMAX, 2% sodium bicarbonate, 1% Pen/Strep, 1% 100× non-essential amino acids] are sown per well of a 384 multititre plate (from Greiner, TC plate, black with clear base) and incubated at 33° C., 5% CO2 for 24 hours. Prior to the measurement, the medium is replaced by 30 μl of Fluo-8 AM loading buffer [calcium-free Tyrode (130 mM NaCl, 5 mM KCl, 20 mM HEPES, 1 mM MgCl2, 4.8 mM NaHCO3, pH 7.4), 2 mM CaCl2, 6.3 mM Probenecid, 5 μM Fluo-8 AM, 0.0112% Pluronic®] and incubated at 37° C., 5% CO2 for 30 minutes. The test substance is prepared in DMSO in various concentrations as a dose-response curve (starting concentration 10 mM, dilution factor 3.16) and prediluted 1:50 with calcium-free Tyrode, 2 mM CaCl2, 0.002% SmartBlock (from CANDOR Bioscience GmbH). 10 μl of the prediluted substance solution are added to the Fluo-8-laden cells and incubated at 37° C., 5% CO2 for 10 minutes. The FP receptor is activated by adding 40 μl of 2 nM (final concentration) PGF2α in calcium-free Tyrode, 2 mM CaCl2, 0.002% SmartBlock, and the calcium flux is determined by measuring the fluorescence at ex. 470 nm/em. 525 nm in a fluorescence measuring instrument (FLIPR Tetra®, Molecular Devices) for 120 seconds.",CHEMBL5728790,P43088,Prostaglandin F2-alpha receptor,IC50,Cc1ccc(F)cc1C(CCC(=O)O)CNC(=O)c1c(C)c(-c2ccccc2)nc2ccc(Br)cc12,7.886056647693163
CHEMBL5941153,CHEMBL1987,Prostaglandin F2-alpha receptor,IC50,=,10.0,nM,CHEMBL5737458,B,"In Vitro Test of Inhibition of Human FP Receptor Activity: For the characterization of test substances in respect of FP antagonism, PGF2α-induced calcium flux in FP-expressing CHEM1 cells (Millipore, HTS093C) was used.3000 cells in 30 μl of full medium [DMEM F12, 10% FCS, 1.35 mM sodium pyruvate, 20 mM HEPES, 4 mM GlutaMAX, 2% sodium bicarbonate, 1% Pen/Strep, 1% 100× non-essential amino acids] are sown per well of a 384 multititre plate (from Greiner, TC plate, black with clear base) and incubated at 33° C., 5% CO2 for 24 hours. Prior to the measurement, the medium is replaced by 30 μl of Fluo-8 AM loading buffer [calcium-free Tyrode (130 mM NaCl, 5 mM KCl, 20 mM HEPES, 1 mM MgCl2, 4.8 mM NaHCO3, pH 7.4), 2 mM CaCl2, 6.3 mM Probenecid, 5 μM Fluo-8 AM, 0.0112% Pluronic®] and incubated at 37° C., 5% CO2 for 30 minutes. The test substance is prepared in DMSO in various concentrations as a dose-response curve (starting concentration 10 mM, dilution factor 3.16) and prediluted 1:50 with calcium-free Tyrode, 2 mM CaCl2, 0.002% SmartBlock (from CANDOR Bioscience GmbH). 10 μl of the prediluted substance solution are added to the Fluo-8-laden cells and incubated at 37° C., 5% CO2 for 10 minutes. The FP receptor is activated by adding 40 μl of 2 nM (final concentration) PGF2α in calcium-free Tyrode, 2 mM CaCl2, 0.002% SmartBlock, and the calcium flux is determined by measuring the fluorescence at ex. 470 nm/em. 525 nm in a fluorescence measuring instrument (FLIPR Tetra®, Molecular Devices) for 120 seconds.",CHEMBL5728790,P43088,Prostaglandin F2-alpha receptor,IC50,Cc1ccc(F)cc1[C@@H](CCC(=O)O)CNC(=O)c1c(C)c(-c2ccccc2)nc2ccc(Br)cc12,8.0
CHEMBL5769305,CHEMBL1987,Prostaglandin F2-alpha receptor,IC50,=,11.0,nM,CHEMBL5737458,B,"In Vitro Test of Inhibition of Human FP Receptor Activity: For the characterization of test substances in respect of FP antagonism, PGF2α-induced calcium flux in FP-expressing CHEM1 cells (Millipore, HTS093C) was used.3000 cells in 30 μl of full medium [DMEM F12, 10% FCS, 1.35 mM sodium pyruvate, 20 mM HEPES, 4 mM GlutaMAX, 2% sodium bicarbonate, 1% Pen/Strep, 1% 100× non-essential amino acids] are sown per well of a 384 multititre plate (from Greiner, TC plate, black with clear base) and incubated at 33° C., 5% CO2 for 24 hours. Prior to the measurement, the medium is replaced by 30 μl of Fluo-8 AM loading buffer [calcium-free Tyrode (130 mM NaCl, 5 mM KCl, 20 mM HEPES, 1 mM MgCl2, 4.8 mM NaHCO3, pH 7.4), 2 mM CaCl2, 6.3 mM Probenecid, 5 μM Fluo-8 AM, 0.0112% Pluronic®] and incubated at 37° C., 5% CO2 for 30 minutes. The test substance is prepared in DMSO in various concentrations as a dose-response curve (starting concentration 10 mM, dilution factor 3.16) and prediluted 1:50 with calcium-free Tyrode, 2 mM CaCl2, 0.002% SmartBlock (from CANDOR Bioscience GmbH). 10 μl of the prediluted substance solution are added to the Fluo-8-laden cells and incubated at 37° C., 5% CO2 for 10 minutes. The FP receptor is activated by adding 40 μl of 2 nM (final concentration) PGF2α in calcium-free Tyrode, 2 mM CaCl2, 0.002% SmartBlock, and the calcium flux is determined by measuring the fluorescence at ex. 470 nm/em. 525 nm in a fluorescence measuring instrument (FLIPR Tetra®, Molecular Devices) for 120 seconds.",CHEMBL5728790,P43088,Prostaglandin F2-alpha receptor,IC50,Cc1ccc(F)cc1[C@H](CCC(=O)O)CNC(=O)c1c(C)c(-c2ccccc2)nc2ccc(Br)cc12,7.958607314841775
CHEMBL5749117,CHEMBL1987,Prostaglandin F2-alpha receptor,IC50,=,1.8,nM,CHEMBL5737458,B,"In Vitro Test of Inhibition of Human FP Receptor Activity: For the characterization of test substances in respect of FP antagonism, PGF2α-induced calcium flux in FP-expressing CHEM1 cells (Millipore, HTS093C) was used.3000 cells in 30 μl of full medium [DMEM F12, 10% FCS, 1.35 mM sodium pyruvate, 20 mM HEPES, 4 mM GlutaMAX, 2% sodium bicarbonate, 1% Pen/Strep, 1% 100× non-essential amino acids] are sown per well of a 384 multititre plate (from Greiner, TC plate, black with clear base) and incubated at 33° C., 5% CO2 for 24 hours. Prior to the measurement, the medium is replaced by 30 μl of Fluo-8 AM loading buffer [calcium-free Tyrode (130 mM NaCl, 5 mM KCl, 20 mM HEPES, 1 mM MgCl2, 4.8 mM NaHCO3, pH 7.4), 2 mM CaCl2, 6.3 mM Probenecid, 5 μM Fluo-8 AM, 0.0112% Pluronic®] and incubated at 37° C., 5% CO2 for 30 minutes. The test substance is prepared in DMSO in various concentrations as a dose-response curve (starting concentration 10 mM, dilution factor 3.16) and prediluted 1:50 with calcium-free Tyrode, 2 mM CaCl2, 0.002% SmartBlock (from CANDOR Bioscience GmbH). 10 μl of the prediluted substance solution are added to the Fluo-8-laden cells and incubated at 37° C., 5% CO2 for 10 minutes. The FP receptor is activated by adding 40 μl of 2 nM (final concentration) PGF2α in calcium-free Tyrode, 2 mM CaCl2, 0.002% SmartBlock, and the calcium flux is determined by measuring the fluorescence at ex. 470 nm/em. 525 nm in a fluorescence measuring instrument (FLIPR Tetra®, Molecular Devices) for 120 seconds.",CHEMBL5728790,P43088,Prostaglandin F2-alpha receptor,IC50,Cc1c(-c2ccccc2)nc2ccc(Br)cc2c1C(=O)NCC(CCC(=O)O)c1ccccc1OC(F)(F)F,8.744727494896694
CHEMBL5942760,CHEMBL1987,Prostaglandin F2-alpha receptor,IC50,=,6.1,nM,CHEMBL5737458,B,"In Vitro Test of Inhibition of Human FP Receptor Activity: For the characterization of test substances in respect of FP antagonism, PGF2α-induced calcium flux in FP-expressing CHEM1 cells (Millipore, HTS093C) was used.3000 cells in 30 μl of full medium [DMEM F12, 10% FCS, 1.35 mM sodium pyruvate, 20 mM HEPES, 4 mM GlutaMAX, 2% sodium bicarbonate, 1% Pen/Strep, 1% 100× non-essential amino acids] are sown per well of a 384 multititre plate (from Greiner, TC plate, black with clear base) and incubated at 33° C., 5% CO2 for 24 hours. Prior to the measurement, the medium is replaced by 30 μl of Fluo-8 AM loading buffer [calcium-free Tyrode (130 mM NaCl, 5 mM KCl, 20 mM HEPES, 1 mM MgCl2, 4.8 mM NaHCO3, pH 7.4), 2 mM CaCl2, 6.3 mM Probenecid, 5 μM Fluo-8 AM, 0.0112% Pluronic®] and incubated at 37° C., 5% CO2 for 30 minutes. The test substance is prepared in DMSO in various concentrations as a dose-response curve (starting concentration 10 mM, dilution factor 3.16) and prediluted 1:50 with calcium-free Tyrode, 2 mM CaCl2, 0.002% SmartBlock (from CANDOR Bioscience GmbH). 10 μl of the prediluted substance solution are added to the Fluo-8-laden cells and incubated at 37° C., 5% CO2 for 10 minutes. The FP receptor is activated by adding 40 μl of 2 nM (final concentration) PGF2α in calcium-free Tyrode, 2 mM CaCl2, 0.002% SmartBlock, and the calcium flux is determined by measuring the fluorescence at ex. 470 nm/em. 525 nm in a fluorescence measuring instrument (FLIPR Tetra®, Molecular Devices) for 120 seconds.",CHEMBL5728790,P43088,Prostaglandin F2-alpha receptor,IC50,Cc1c(-c2ccccc2)nc2ccc(Br)cc2c1C(=O)NC[C@H](CCC(=O)O)c1ccccc1OC(F)(F)F,8.214670164989233
CHEMBL5757389,CHEMBL1987,Prostaglandin F2-alpha receptor,IC50,=,1.7,nM,CHEMBL5737458,B,"In Vitro Test of Inhibition of Human FP Receptor Activity: For the characterization of test substances in respect of FP antagonism, PGF2α-induced calcium flux in FP-expressing CHEM1 cells (Millipore, HTS093C) was used.3000 cells in 30 μl of full medium [DMEM F12, 10% FCS, 1.35 mM sodium pyruvate, 20 mM HEPES, 4 mM GlutaMAX, 2% sodium bicarbonate, 1% Pen/Strep, 1% 100× non-essential amino acids] are sown per well of a 384 multititre plate (from Greiner, TC plate, black with clear base) and incubated at 33° C., 5% CO2 for 24 hours. Prior to the measurement, the medium is replaced by 30 μl of Fluo-8 AM loading buffer [calcium-free Tyrode (130 mM NaCl, 5 mM KCl, 20 mM HEPES, 1 mM MgCl2, 4.8 mM NaHCO3, pH 7.4), 2 mM CaCl2, 6.3 mM Probenecid, 5 μM Fluo-8 AM, 0.0112% Pluronic®] and incubated at 37° C., 5% CO2 for 30 minutes. The test substance is prepared in DMSO in various concentrations as a dose-response curve (starting concentration 10 mM, dilution factor 3.16) and prediluted 1:50 with calcium-free Tyrode, 2 mM CaCl2, 0.002% SmartBlock (from CANDOR Bioscience GmbH). 10 μl of the prediluted substance solution are added to the Fluo-8-laden cells and incubated at 37° C., 5% CO2 for 10 minutes. The FP receptor is activated by adding 40 μl of 2 nM (final concentration) PGF2α in calcium-free Tyrode, 2 mM CaCl2, 0.002% SmartBlock, and the calcium flux is determined by measuring the fluorescence at ex. 470 nm/em. 525 nm in a fluorescence measuring instrument (FLIPR Tetra®, Molecular Devices) for 120 seconds.",CHEMBL5728790,P43088,Prostaglandin F2-alpha receptor,IC50,Cc1c(-c2ccccc2)nc2ccc(Br)cc2c1C(=O)NC[C@@H](CCC(=O)O)c1ccccc1OC(F)(F)F,8.769551078621726
CHEMBL4743411,CHEMBL1987,Prostaglandin F2-alpha receptor,IC50,=,6.6,nM,CHEMBL5737458,B,"In Vitro Test of Inhibition of Human FP Receptor Activity: For the characterization of test substances in respect of FP antagonism, PGF2α-induced calcium flux in FP-expressing CHEM1 cells (Millipore, HTS093C) was used.3000 cells in 30 μl of full medium [DMEM F12, 10% FCS, 1.35 mM sodium pyruvate, 20 mM HEPES, 4 mM GlutaMAX, 2% sodium bicarbonate, 1% Pen/Strep, 1% 100× non-essential amino acids] are sown per well of a 384 multititre plate (from Greiner, TC plate, black with clear base) and incubated at 33° C., 5% CO2 for 24 hours. Prior to the measurement, the medium is replaced by 30 μl of Fluo-8 AM loading buffer [calcium-free Tyrode (130 mM NaCl, 5 mM KCl, 20 mM HEPES, 1 mM MgCl2, 4.8 mM NaHCO3, pH 7.4), 2 mM CaCl2, 6.3 mM Probenecid, 5 μM Fluo-8 AM, 0.0112% Pluronic®] and incubated at 37° C., 5% CO2 for 30 minutes. The test substance is prepared in DMSO in various concentrations as a dose-response curve (starting concentration 10 mM, dilution factor 3.16) and prediluted 1:50 with calcium-free Tyrode, 2 mM CaCl2, 0.002% SmartBlock (from CANDOR Bioscience GmbH). 10 μl of the prediluted substance solution are added to the Fluo-8-laden cells and incubated at 37° C., 5% CO2 for 10 minutes. The FP receptor is activated by adding 40 μl of 2 nM (final concentration) PGF2α in calcium-free Tyrode, 2 mM CaCl2, 0.002% SmartBlock, and the calcium flux is determined by measuring the fluorescence at ex. 470 nm/em. 525 nm in a fluorescence measuring instrument (FLIPR Tetra®, Molecular Devices) for 120 seconds.",CHEMBL5728790,P43088,Prostaglandin F2-alpha receptor,IC50,Cc1c(-c2ccccc2)nc2ccc(Br)cc2c1C(=O)NCC(CCC(=O)O)c1ccccc1Cl,8.18045606445813
CHEMBL5954173,CHEMBL1987,Prostaglandin F2-alpha receptor,IC50,=,2.8,nM,CHEMBL5737458,B,"In Vitro Test of Inhibition of Human FP Receptor Activity: For the characterization of test substances in respect of FP antagonism, PGF2α-induced calcium flux in FP-expressing CHEM1 cells (Millipore, HTS093C) was used.3000 cells in 30 μl of full medium [DMEM F12, 10% FCS, 1.35 mM sodium pyruvate, 20 mM HEPES, 4 mM GlutaMAX, 2% sodium bicarbonate, 1% Pen/Strep, 1% 100× non-essential amino acids] are sown per well of a 384 multititre plate (from Greiner, TC plate, black with clear base) and incubated at 33° C., 5% CO2 for 24 hours. Prior to the measurement, the medium is replaced by 30 μl of Fluo-8 AM loading buffer [calcium-free Tyrode (130 mM NaCl, 5 mM KCl, 20 mM HEPES, 1 mM MgCl2, 4.8 mM NaHCO3, pH 7.4), 2 mM CaCl2, 6.3 mM Probenecid, 5 μM Fluo-8 AM, 0.0112% Pluronic®] and incubated at 37° C., 5% CO2 for 30 minutes. The test substance is prepared in DMSO in various concentrations as a dose-response curve (starting concentration 10 mM, dilution factor 3.16) and prediluted 1:50 with calcium-free Tyrode, 2 mM CaCl2, 0.002% SmartBlock (from CANDOR Bioscience GmbH). 10 μl of the prediluted substance solution are added to the Fluo-8-laden cells and incubated at 37° C., 5% CO2 for 10 minutes. The FP receptor is activated by adding 40 μl of 2 nM (final concentration) PGF2α in calcium-free Tyrode, 2 mM CaCl2, 0.002% SmartBlock, and the calcium flux is determined by measuring the fluorescence at ex. 470 nm/em. 525 nm in a fluorescence measuring instrument (FLIPR Tetra®, Molecular Devices) for 120 seconds.",CHEMBL5728790,P43088,Prostaglandin F2-alpha receptor,IC50,Cc1c(-c2ccccc2)nc2ccc(Br)cc2c1C(=O)NC[C@H](CCC(=O)O)c1ccccc1Cl,8.55284196865778
CHEMBL6013901,CHEMBL1987,Prostaglandin F2-alpha receptor,IC50,=,4.4,nM,CHEMBL5737458,B,"In Vitro Test of Inhibition of Human FP Receptor Activity: For the characterization of test substances in respect of FP antagonism, PGF2α-induced calcium flux in FP-expressing CHEM1 cells (Millipore, HTS093C) was used.3000 cells in 30 μl of full medium [DMEM F12, 10% FCS, 1.35 mM sodium pyruvate, 20 mM HEPES, 4 mM GlutaMAX, 2% sodium bicarbonate, 1% Pen/Strep, 1% 100× non-essential amino acids] are sown per well of a 384 multititre plate (from Greiner, TC plate, black with clear base) and incubated at 33° C., 5% CO2 for 24 hours. Prior to the measurement, the medium is replaced by 30 μl of Fluo-8 AM loading buffer [calcium-free Tyrode (130 mM NaCl, 5 mM KCl, 20 mM HEPES, 1 mM MgCl2, 4.8 mM NaHCO3, pH 7.4), 2 mM CaCl2, 6.3 mM Probenecid, 5 μM Fluo-8 AM, 0.0112% Pluronic®] and incubated at 37° C., 5% CO2 for 30 minutes. The test substance is prepared in DMSO in various concentrations as a dose-response curve (starting concentration 10 mM, dilution factor 3.16) and prediluted 1:50 with calcium-free Tyrode, 2 mM CaCl2, 0.002% SmartBlock (from CANDOR Bioscience GmbH). 10 μl of the prediluted substance solution are added to the Fluo-8-laden cells and incubated at 37° C., 5% CO2 for 10 minutes. The FP receptor is activated by adding 40 μl of 2 nM (final concentration) PGF2α in calcium-free Tyrode, 2 mM CaCl2, 0.002% SmartBlock, and the calcium flux is determined by measuring the fluorescence at ex. 470 nm/em. 525 nm in a fluorescence measuring instrument (FLIPR Tetra®, Molecular Devices) for 120 seconds.",CHEMBL5728790,P43088,Prostaglandin F2-alpha receptor,IC50,Cc1c(-c2ccccc2)nc2ccc(Br)cc2c1C(=O)NC[C@@H](CCC(=O)O)c1ccccc1Cl,8.356547323513812
CHEMBL6054387,CHEMBL1987,Prostaglandin F2-alpha receptor,IC50,=,5.4,nM,CHEMBL5737458,B,"In Vitro Test of Inhibition of Human FP Receptor Activity: For the characterization of test substances in respect of FP antagonism, PGF2α-induced calcium flux in FP-expressing CHEM1 cells (Millipore, HTS093C) was used.3000 cells in 30 μl of full medium [DMEM F12, 10% FCS, 1.35 mM sodium pyruvate, 20 mM HEPES, 4 mM GlutaMAX, 2% sodium bicarbonate, 1% Pen/Strep, 1% 100× non-essential amino acids] are sown per well of a 384 multititre plate (from Greiner, TC plate, black with clear base) and incubated at 33° C., 5% CO2 for 24 hours. Prior to the measurement, the medium is replaced by 30 μl of Fluo-8 AM loading buffer [calcium-free Tyrode (130 mM NaCl, 5 mM KCl, 20 mM HEPES, 1 mM MgCl2, 4.8 mM NaHCO3, pH 7.4), 2 mM CaCl2, 6.3 mM Probenecid, 5 μM Fluo-8 AM, 0.0112% Pluronic®] and incubated at 37° C., 5% CO2 for 30 minutes. The test substance is prepared in DMSO in various concentrations as a dose-response curve (starting concentration 10 mM, dilution factor 3.16) and prediluted 1:50 with calcium-free Tyrode, 2 mM CaCl2, 0.002% SmartBlock (from CANDOR Bioscience GmbH). 10 μl of the prediluted substance solution are added to the Fluo-8-laden cells and incubated at 37° C., 5% CO2 for 10 minutes. The FP receptor is activated by adding 40 μl of 2 nM (final concentration) PGF2α in calcium-free Tyrode, 2 mM CaCl2, 0.002% SmartBlock, and the calcium flux is determined by measuring the fluorescence at ex. 470 nm/em. 525 nm in a fluorescence measuring instrument (FLIPR Tetra®, Molecular Devices) for 120 seconds.",CHEMBL5728790,P43088,Prostaglandin F2-alpha receptor,IC50,O=C(O)CCC(CNC(=O)c1c(Cl)c(-c2ccccc2)nc2ccc(Br)cc12)c1ccccc1C(F)(F)F,8.267606240177031
CHEMBL5947684,CHEMBL1987,Prostaglandin F2-alpha receptor,IC50,=,5.0,nM,CHEMBL5737458,B,"In Vitro Test of Inhibition of Human FP Receptor Activity: For the characterization of test substances in respect of FP antagonism, PGF2α-induced calcium flux in FP-expressing CHEM1 cells (Millipore, HTS093C) was used.3000 cells in 30 μl of full medium [DMEM F12, 10% FCS, 1.35 mM sodium pyruvate, 20 mM HEPES, 4 mM GlutaMAX, 2% sodium bicarbonate, 1% Pen/Strep, 1% 100× non-essential amino acids] are sown per well of a 384 multititre plate (from Greiner, TC plate, black with clear base) and incubated at 33° C., 5% CO2 for 24 hours. Prior to the measurement, the medium is replaced by 30 μl of Fluo-8 AM loading buffer [calcium-free Tyrode (130 mM NaCl, 5 mM KCl, 20 mM HEPES, 1 mM MgCl2, 4.8 mM NaHCO3, pH 7.4), 2 mM CaCl2, 6.3 mM Probenecid, 5 μM Fluo-8 AM, 0.0112% Pluronic®] and incubated at 37° C., 5% CO2 for 30 minutes. The test substance is prepared in DMSO in various concentrations as a dose-response curve (starting concentration 10 mM, dilution factor 3.16) and prediluted 1:50 with calcium-free Tyrode, 2 mM CaCl2, 0.002% SmartBlock (from CANDOR Bioscience GmbH). 10 μl of the prediluted substance solution are added to the Fluo-8-laden cells and incubated at 37° C., 5% CO2 for 10 minutes. The FP receptor is activated by adding 40 μl of 2 nM (final concentration) PGF2α in calcium-free Tyrode, 2 mM CaCl2, 0.002% SmartBlock, and the calcium flux is determined by measuring the fluorescence at ex. 470 nm/em. 525 nm in a fluorescence measuring instrument (FLIPR Tetra®, Molecular Devices) for 120 seconds.",CHEMBL5728790,P43088,Prostaglandin F2-alpha receptor,IC50,O=C(O)CC[C@@H](CNC(=O)c1c(Cl)c(-c2ccccc2)nc2ccc(Br)cc12)c1ccccc1C(F)(F)F,8.301029995663981
CHEMBL5927167,CHEMBL1987,Prostaglandin F2-alpha receptor,IC50,=,19.0,nM,CHEMBL5737458,B,"In Vitro Test of Inhibition of Human FP Receptor Activity: For the characterization of test substances in respect of FP antagonism, PGF2α-induced calcium flux in FP-expressing CHEM1 cells (Millipore, HTS093C) was used.3000 cells in 30 μl of full medium [DMEM F12, 10% FCS, 1.35 mM sodium pyruvate, 20 mM HEPES, 4 mM GlutaMAX, 2% sodium bicarbonate, 1% Pen/Strep, 1% 100× non-essential amino acids] are sown per well of a 384 multititre plate (from Greiner, TC plate, black with clear base) and incubated at 33° C., 5% CO2 for 24 hours. Prior to the measurement, the medium is replaced by 30 μl of Fluo-8 AM loading buffer [calcium-free Tyrode (130 mM NaCl, 5 mM KCl, 20 mM HEPES, 1 mM MgCl2, 4.8 mM NaHCO3, pH 7.4), 2 mM CaCl2, 6.3 mM Probenecid, 5 μM Fluo-8 AM, 0.0112% Pluronic®] and incubated at 37° C., 5% CO2 for 30 minutes. The test substance is prepared in DMSO in various concentrations as a dose-response curve (starting concentration 10 mM, dilution factor 3.16) and prediluted 1:50 with calcium-free Tyrode, 2 mM CaCl2, 0.002% SmartBlock (from CANDOR Bioscience GmbH). 10 μl of the prediluted substance solution are added to the Fluo-8-laden cells and incubated at 37° C., 5% CO2 for 10 minutes. The FP receptor is activated by adding 40 μl of 2 nM (final concentration) PGF2α in calcium-free Tyrode, 2 mM CaCl2, 0.002% SmartBlock, and the calcium flux is determined by measuring the fluorescence at ex. 470 nm/em. 525 nm in a fluorescence measuring instrument (FLIPR Tetra®, Molecular Devices) for 120 seconds.",CHEMBL5728790,P43088,Prostaglandin F2-alpha receptor,IC50,O=C(O)CC[C@H](CNC(=O)c1c(Cl)c(-c2ccccc2)nc2ccc(Br)cc12)c1ccccc1C(F)(F)F,7.721246399047171
CHEMBL5854983,CHEMBL1987,Prostaglandin F2-alpha receptor,IC50,=,13.0,nM,CHEMBL5737458,B,"In Vitro Test of Inhibition of Human FP Receptor Activity: For the characterization of test substances in respect of FP antagonism, PGF2α-induced calcium flux in FP-expressing CHEM1 cells (Millipore, HTS093C) was used.3000 cells in 30 μl of full medium [DMEM F12, 10% FCS, 1.35 mM sodium pyruvate, 20 mM HEPES, 4 mM GlutaMAX, 2% sodium bicarbonate, 1% Pen/Strep, 1% 100× non-essential amino acids] are sown per well of a 384 multititre plate (from Greiner, TC plate, black with clear base) and incubated at 33° C., 5% CO2 for 24 hours. Prior to the measurement, the medium is replaced by 30 μl of Fluo-8 AM loading buffer [calcium-free Tyrode (130 mM NaCl, 5 mM KCl, 20 mM HEPES, 1 mM MgCl2, 4.8 mM NaHCO3, pH 7.4), 2 mM CaCl2, 6.3 mM Probenecid, 5 μM Fluo-8 AM, 0.0112% Pluronic®] and incubated at 37° C., 5% CO2 for 30 minutes. The test substance is prepared in DMSO in various concentrations as a dose-response curve (starting concentration 10 mM, dilution factor 3.16) and prediluted 1:50 with calcium-free Tyrode, 2 mM CaCl2, 0.002% SmartBlock (from CANDOR Bioscience GmbH). 10 μl of the prediluted substance solution are added to the Fluo-8-laden cells and incubated at 37° C., 5% CO2 for 10 minutes. The FP receptor is activated by adding 40 μl of 2 nM (final concentration) PGF2α in calcium-free Tyrode, 2 mM CaCl2, 0.002% SmartBlock, and the calcium flux is determined by measuring the fluorescence at ex. 470 nm/em. 525 nm in a fluorescence measuring instrument (FLIPR Tetra®, Molecular Devices) for 120 seconds.",CHEMBL5728790,P43088,Prostaglandin F2-alpha receptor,IC50,C#Cc1ccc2nc(-c3ccccc3)c(C)c(C(=O)NCC(CCC(=O)O)c3ccccc3Cl)c2c1,7.886056647693163
CHEMBL6025620,CHEMBL1987,Prostaglandin F2-alpha receptor,IC50,=,10.0,nM,CHEMBL5737458,B,"In Vitro Test of Inhibition of Human FP Receptor Activity: For the characterization of test substances in respect of FP antagonism, PGF2α-induced calcium flux in FP-expressing CHEM1 cells (Millipore, HTS093C) was used.3000 cells in 30 μl of full medium [DMEM F12, 10% FCS, 1.35 mM sodium pyruvate, 20 mM HEPES, 4 mM GlutaMAX, 2% sodium bicarbonate, 1% Pen/Strep, 1% 100× non-essential amino acids] are sown per well of a 384 multititre plate (from Greiner, TC plate, black with clear base) and incubated at 33° C., 5% CO2 for 24 hours. Prior to the measurement, the medium is replaced by 30 μl of Fluo-8 AM loading buffer [calcium-free Tyrode (130 mM NaCl, 5 mM KCl, 20 mM HEPES, 1 mM MgCl2, 4.8 mM NaHCO3, pH 7.4), 2 mM CaCl2, 6.3 mM Probenecid, 5 μM Fluo-8 AM, 0.0112% Pluronic®] and incubated at 37° C., 5% CO2 for 30 minutes. The test substance is prepared in DMSO in various concentrations as a dose-response curve (starting concentration 10 mM, dilution factor 3.16) and prediluted 1:50 with calcium-free Tyrode, 2 mM CaCl2, 0.002% SmartBlock (from CANDOR Bioscience GmbH). 10 μl of the prediluted substance solution are added to the Fluo-8-laden cells and incubated at 37° C., 5% CO2 for 10 minutes. The FP receptor is activated by adding 40 μl of 2 nM (final concentration) PGF2α in calcium-free Tyrode, 2 mM CaCl2, 0.002% SmartBlock, and the calcium flux is determined by measuring the fluorescence at ex. 470 nm/em. 525 nm in a fluorescence measuring instrument (FLIPR Tetra®, Molecular Devices) for 120 seconds.",CHEMBL5728790,P43088,Prostaglandin F2-alpha receptor,IC50,C#Cc1ccc2nc(-c3ccccc3)c(C)c(C(=O)NC[C@H](CCC(=O)O)c3ccccc3Cl)c2c1,8.0
CHEMBL5812992,CHEMBL1987,Prostaglandin F2-alpha receptor,IC50,=,8.0,nM,CHEMBL5737458,B,"In Vitro Test of Inhibition of Human FP Receptor Activity: For the characterization of test substances in respect of FP antagonism, PGF2α-induced calcium flux in FP-expressing CHEM1 cells (Millipore, HTS093C) was used.3000 cells in 30 μl of full medium [DMEM F12, 10% FCS, 1.35 mM sodium pyruvate, 20 mM HEPES, 4 mM GlutaMAX, 2% sodium bicarbonate, 1% Pen/Strep, 1% 100× non-essential amino acids] are sown per well of a 384 multititre plate (from Greiner, TC plate, black with clear base) and incubated at 33° C., 5% CO2 for 24 hours. Prior to the measurement, the medium is replaced by 30 μl of Fluo-8 AM loading buffer [calcium-free Tyrode (130 mM NaCl, 5 mM KCl, 20 mM HEPES, 1 mM MgCl2, 4.8 mM NaHCO3, pH 7.4), 2 mM CaCl2, 6.3 mM Probenecid, 5 μM Fluo-8 AM, 0.0112% Pluronic®] and incubated at 37° C., 5% CO2 for 30 minutes. The test substance is prepared in DMSO in various concentrations as a dose-response curve (starting concentration 10 mM, dilution factor 3.16) and prediluted 1:50 with calcium-free Tyrode, 2 mM CaCl2, 0.002% SmartBlock (from CANDOR Bioscience GmbH). 10 μl of the prediluted substance solution are added to the Fluo-8-laden cells and incubated at 37° C., 5% CO2 for 10 minutes. The FP receptor is activated by adding 40 μl of 2 nM (final concentration) PGF2α in calcium-free Tyrode, 2 mM CaCl2, 0.002% SmartBlock, and the calcium flux is determined by measuring the fluorescence at ex. 470 nm/em. 525 nm in a fluorescence measuring instrument (FLIPR Tetra®, Molecular Devices) for 120 seconds.",CHEMBL5728790,P43088,Prostaglandin F2-alpha receptor,IC50,C#Cc1ccc2nc(-c3ccccc3)c(C)c(C(=O)NC[C@@H](CCC(=O)O)c3ccccc3Cl)c2c1,8.096910013008056
CHEMBL4749767,CHEMBL1987,Prostaglandin F2-alpha receptor,IC50,=,2.4,nM,CHEMBL5737458,B,"In Vitro Test of Inhibition of Human FP Receptor Activity: For the characterization of test substances in respect of FP antagonism, PGF2α-induced calcium flux in FP-expressing CHEM1 cells (Millipore, HTS093C) was used.3000 cells in 30 μl of full medium [DMEM F12, 10% FCS, 1.35 mM sodium pyruvate, 20 mM HEPES, 4 mM GlutaMAX, 2% sodium bicarbonate, 1% Pen/Strep, 1% 100× non-essential amino acids] are sown per well of a 384 multititre plate (from Greiner, TC plate, black with clear base) and incubated at 33° C., 5% CO2 for 24 hours. Prior to the measurement, the medium is replaced by 30 μl of Fluo-8 AM loading buffer [calcium-free Tyrode (130 mM NaCl, 5 mM KCl, 20 mM HEPES, 1 mM MgCl2, 4.8 mM NaHCO3, pH 7.4), 2 mM CaCl2, 6.3 mM Probenecid, 5 μM Fluo-8 AM, 0.0112% Pluronic®] and incubated at 37° C., 5% CO2 for 30 minutes. The test substance is prepared in DMSO in various concentrations as a dose-response curve (starting concentration 10 mM, dilution factor 3.16) and prediluted 1:50 with calcium-free Tyrode, 2 mM CaCl2, 0.002% SmartBlock (from CANDOR Bioscience GmbH). 10 μl of the prediluted substance solution are added to the Fluo-8-laden cells and incubated at 37° C., 5% CO2 for 10 minutes. The FP receptor is activated by adding 40 μl of 2 nM (final concentration) PGF2α in calcium-free Tyrode, 2 mM CaCl2, 0.002% SmartBlock, and the calcium flux is determined by measuring the fluorescence at ex. 470 nm/em. 525 nm in a fluorescence measuring instrument (FLIPR Tetra®, Molecular Devices) for 120 seconds.",CHEMBL5728790,P43088,Prostaglandin F2-alpha receptor,IC50,Cc1c(-c2ccccc2)nc2ccc(Br)cc2c1C(=O)NCC(CCC(=O)O)c1c(F)ccc(F)c1Cl,8.619788758288394
CHEMBL6015710,CHEMBL1987,Prostaglandin F2-alpha receptor,IC50,=,0.96,nM,CHEMBL5737458,B,"In Vitro Test of Inhibition of Human FP Receptor Activity: For the characterization of test substances in respect of FP antagonism, PGF2α-induced calcium flux in FP-expressing CHEM1 cells (Millipore, HTS093C) was used.3000 cells in 30 μl of full medium [DMEM F12, 10% FCS, 1.35 mM sodium pyruvate, 20 mM HEPES, 4 mM GlutaMAX, 2% sodium bicarbonate, 1% Pen/Strep, 1% 100× non-essential amino acids] are sown per well of a 384 multititre plate (from Greiner, TC plate, black with clear base) and incubated at 33° C., 5% CO2 for 24 hours. Prior to the measurement, the medium is replaced by 30 μl of Fluo-8 AM loading buffer [calcium-free Tyrode (130 mM NaCl, 5 mM KCl, 20 mM HEPES, 1 mM MgCl2, 4.8 mM NaHCO3, pH 7.4), 2 mM CaCl2, 6.3 mM Probenecid, 5 μM Fluo-8 AM, 0.0112% Pluronic®] and incubated at 37° C., 5% CO2 for 30 minutes. The test substance is prepared in DMSO in various concentrations as a dose-response curve (starting concentration 10 mM, dilution factor 3.16) and prediluted 1:50 with calcium-free Tyrode, 2 mM CaCl2, 0.002% SmartBlock (from CANDOR Bioscience GmbH). 10 μl of the prediluted substance solution are added to the Fluo-8-laden cells and incubated at 37° C., 5% CO2 for 10 minutes. The FP receptor is activated by adding 40 μl of 2 nM (final concentration) PGF2α in calcium-free Tyrode, 2 mM CaCl2, 0.002% SmartBlock, and the calcium flux is determined by measuring the fluorescence at ex. 470 nm/em. 525 nm in a fluorescence measuring instrument (FLIPR Tetra®, Molecular Devices) for 120 seconds.",CHEMBL5728790,P43088,Prostaglandin F2-alpha receptor,IC50,Cc1c(-c2ccccc2)nc2ccc(Br)cc2c1C(=O)NC[C@H](CCC(=O)O)c1c(F)ccc(F)c1Cl,9.017728766960431
CHEMBL5771825,CHEMBL1987,Prostaglandin F2-alpha receptor,IC50,=,12.0,nM,CHEMBL5737458,B,"In Vitro Test of Inhibition of Human FP Receptor Activity: For the characterization of test substances in respect of FP antagonism, PGF2α-induced calcium flux in FP-expressing CHEM1 cells (Millipore, HTS093C) was used.3000 cells in 30 μl of full medium [DMEM F12, 10% FCS, 1.35 mM sodium pyruvate, 20 mM HEPES, 4 mM GlutaMAX, 2% sodium bicarbonate, 1% Pen/Strep, 1% 100× non-essential amino acids] are sown per well of a 384 multititre plate (from Greiner, TC plate, black with clear base) and incubated at 33° C., 5% CO2 for 24 hours. Prior to the measurement, the medium is replaced by 30 μl of Fluo-8 AM loading buffer [calcium-free Tyrode (130 mM NaCl, 5 mM KCl, 20 mM HEPES, 1 mM MgCl2, 4.8 mM NaHCO3, pH 7.4), 2 mM CaCl2, 6.3 mM Probenecid, 5 μM Fluo-8 AM, 0.0112% Pluronic®] and incubated at 37° C., 5% CO2 for 30 minutes. The test substance is prepared in DMSO in various concentrations as a dose-response curve (starting concentration 10 mM, dilution factor 3.16) and prediluted 1:50 with calcium-free Tyrode, 2 mM CaCl2, 0.002% SmartBlock (from CANDOR Bioscience GmbH). 10 μl of the prediluted substance solution are added to the Fluo-8-laden cells and incubated at 37° C., 5% CO2 for 10 minutes. The FP receptor is activated by adding 40 μl of 2 nM (final concentration) PGF2α in calcium-free Tyrode, 2 mM CaCl2, 0.002% SmartBlock, and the calcium flux is determined by measuring the fluorescence at ex. 470 nm/em. 525 nm in a fluorescence measuring instrument (FLIPR Tetra®, Molecular Devices) for 120 seconds.",CHEMBL5728790,P43088,Prostaglandin F2-alpha receptor,IC50,Cc1c(-c2ccccc2)nc2ccc(Br)cc2c1C(=O)NC[C@@H](CCC(=O)O)c1c(F)ccc(F)c1Cl,7.920818753952375
CHEMBL5851807,CHEMBL1987,Prostaglandin F2-alpha receptor,IC50,=,100.0,nM,CHEMBL5737458,B,"In Vitro Test of Inhibition of Human FP Receptor Activity: For the characterization of test substances in respect of FP antagonism, PGF2α-induced calcium flux in FP-expressing CHEM1 cells (Millipore, HTS093C) was used.3000 cells in 30 μl of full medium [DMEM F12, 10% FCS, 1.35 mM sodium pyruvate, 20 mM HEPES, 4 mM GlutaMAX, 2% sodium bicarbonate, 1% Pen/Strep, 1% 100× non-essential amino acids] are sown per well of a 384 multititre plate (from Greiner, TC plate, black with clear base) and incubated at 33° C., 5% CO2 for 24 hours. Prior to the measurement, the medium is replaced by 30 μl of Fluo-8 AM loading buffer [calcium-free Tyrode (130 mM NaCl, 5 mM KCl, 20 mM HEPES, 1 mM MgCl2, 4.8 mM NaHCO3, pH 7.4), 2 mM CaCl2, 6.3 mM Probenecid, 5 μM Fluo-8 AM, 0.0112% Pluronic®] and incubated at 37° C., 5% CO2 for 30 minutes. The test substance is prepared in DMSO in various concentrations as a dose-response curve (starting concentration 10 mM, dilution factor 3.16) and prediluted 1:50 with calcium-free Tyrode, 2 mM CaCl2, 0.002% SmartBlock (from CANDOR Bioscience GmbH). 10 μl of the prediluted substance solution are added to the Fluo-8-laden cells and incubated at 37° C., 5% CO2 for 10 minutes. The FP receptor is activated by adding 40 μl of 2 nM (final concentration) PGF2α in calcium-free Tyrode, 2 mM CaCl2, 0.002% SmartBlock, and the calcium flux is determined by measuring the fluorescence at ex. 470 nm/em. 525 nm in a fluorescence measuring instrument (FLIPR Tetra®, Molecular Devices) for 120 seconds.",CHEMBL5728790,P43088,Prostaglandin F2-alpha receptor,IC50,Cc1c(-c2ccccc2)nc2ccc(Br)cc2c1C(=O)NCC(CCC(=O)O)c1ccccn1,7.0
CHEMBL6042895,CHEMBL1987,Prostaglandin F2-alpha receptor,IC50,=,4.7,nM,CHEMBL5737458,B,"In Vitro Test of Inhibition of Human FP Receptor Activity: For the characterization of test substances in respect of FP antagonism, PGF2α-induced calcium flux in FP-expressing CHEM1 cells (Millipore, HTS093C) was used.3000 cells in 30 μl of full medium [DMEM F12, 10% FCS, 1.35 mM sodium pyruvate, 20 mM HEPES, 4 mM GlutaMAX, 2% sodium bicarbonate, 1% Pen/Strep, 1% 100× non-essential amino acids] are sown per well of a 384 multititre plate (from Greiner, TC plate, black with clear base) and incubated at 33° C., 5% CO2 for 24 hours. Prior to the measurement, the medium is replaced by 30 μl of Fluo-8 AM loading buffer [calcium-free Tyrode (130 mM NaCl, 5 mM KCl, 20 mM HEPES, 1 mM MgCl2, 4.8 mM NaHCO3, pH 7.4), 2 mM CaCl2, 6.3 mM Probenecid, 5 μM Fluo-8 AM, 0.0112% Pluronic®] and incubated at 37° C., 5% CO2 for 30 minutes. The test substance is prepared in DMSO in various concentrations as a dose-response curve (starting concentration 10 mM, dilution factor 3.16) and prediluted 1:50 with calcium-free Tyrode, 2 mM CaCl2, 0.002% SmartBlock (from CANDOR Bioscience GmbH). 10 μl of the prediluted substance solution are added to the Fluo-8-laden cells and incubated at 37° C., 5% CO2 for 10 minutes. The FP receptor is activated by adding 40 μl of 2 nM (final concentration) PGF2α in calcium-free Tyrode, 2 mM CaCl2, 0.002% SmartBlock, and the calcium flux is determined by measuring the fluorescence at ex. 470 nm/em. 525 nm in a fluorescence measuring instrument (FLIPR Tetra®, Molecular Devices) for 120 seconds.",CHEMBL5728790,P43088,Prostaglandin F2-alpha receptor,IC50,Cc1c(-c2ccccc2)nc2ccc(Br)cc2c1C(=O)NCC(CCC(=O)O)c1c(F)cccc1C(F)(F)F,8.327902142064282
CHEMBL5863030,CHEMBL1987,Prostaglandin F2-alpha receptor,IC50,=,100.0,nM,CHEMBL5737458,B,"In Vitro Test of Inhibition of Human FP Receptor Activity: For the characterization of test substances in respect of FP antagonism, PGF2α-induced calcium flux in FP-expressing CHEM1 cells (Millipore, HTS093C) was used.3000 cells in 30 μl of full medium [DMEM F12, 10% FCS, 1.35 mM sodium pyruvate, 20 mM HEPES, 4 mM GlutaMAX, 2% sodium bicarbonate, 1% Pen/Strep, 1% 100× non-essential amino acids] are sown per well of a 384 multititre plate (from Greiner, TC plate, black with clear base) and incubated at 33° C., 5% CO2 for 24 hours. Prior to the measurement, the medium is replaced by 30 μl of Fluo-8 AM loading buffer [calcium-free Tyrode (130 mM NaCl, 5 mM KCl, 20 mM HEPES, 1 mM MgCl2, 4.8 mM NaHCO3, pH 7.4), 2 mM CaCl2, 6.3 mM Probenecid, 5 μM Fluo-8 AM, 0.0112% Pluronic®] and incubated at 37° C., 5% CO2 for 30 minutes. The test substance is prepared in DMSO in various concentrations as a dose-response curve (starting concentration 10 mM, dilution factor 3.16) and prediluted 1:50 with calcium-free Tyrode, 2 mM CaCl2, 0.002% SmartBlock (from CANDOR Bioscience GmbH). 10 μl of the prediluted substance solution are added to the Fluo-8-laden cells and incubated at 37° C., 5% CO2 for 10 minutes. The FP receptor is activated by adding 40 μl of 2 nM (final concentration) PGF2α in calcium-free Tyrode, 2 mM CaCl2, 0.002% SmartBlock, and the calcium flux is determined by measuring the fluorescence at ex. 470 nm/em. 525 nm in a fluorescence measuring instrument (FLIPR Tetra®, Molecular Devices) for 120 seconds.",CHEMBL5728790,P43088,Prostaglandin F2-alpha receptor,IC50,Cc1c(-c2ccccc2)nc2ccc(Br)cc2c1C(=O)NC[C@H](CCC(=O)O)c1c(F)cccc1C(F)(F)F,7.0
CHEMBL5939339,CHEMBL1987,Prostaglandin F2-alpha receptor,IC50,=,1.6,nM,CHEMBL5737458,B,"In Vitro Test of Inhibition of Human FP Receptor Activity: For the characterization of test substances in respect of FP antagonism, PGF2α-induced calcium flux in FP-expressing CHEM1 cells (Millipore, HTS093C) was used.3000 cells in 30 μl of full medium [DMEM F12, 10% FCS, 1.35 mM sodium pyruvate, 20 mM HEPES, 4 mM GlutaMAX, 2% sodium bicarbonate, 1% Pen/Strep, 1% 100× non-essential amino acids] are sown per well of a 384 multititre plate (from Greiner, TC plate, black with clear base) and incubated at 33° C., 5% CO2 for 24 hours. Prior to the measurement, the medium is replaced by 30 μl of Fluo-8 AM loading buffer [calcium-free Tyrode (130 mM NaCl, 5 mM KCl, 20 mM HEPES, 1 mM MgCl2, 4.8 mM NaHCO3, pH 7.4), 2 mM CaCl2, 6.3 mM Probenecid, 5 μM Fluo-8 AM, 0.0112% Pluronic®] and incubated at 37° C., 5% CO2 for 30 minutes. The test substance is prepared in DMSO in various concentrations as a dose-response curve (starting concentration 10 mM, dilution factor 3.16) and prediluted 1:50 with calcium-free Tyrode, 2 mM CaCl2, 0.002% SmartBlock (from CANDOR Bioscience GmbH). 10 μl of the prediluted substance solution are added to the Fluo-8-laden cells and incubated at 37° C., 5% CO2 for 10 minutes. The FP receptor is activated by adding 40 μl of 2 nM (final concentration) PGF2α in calcium-free Tyrode, 2 mM CaCl2, 0.002% SmartBlock, and the calcium flux is determined by measuring the fluorescence at ex. 470 nm/em. 525 nm in a fluorescence measuring instrument (FLIPR Tetra®, Molecular Devices) for 120 seconds.",CHEMBL5728790,P43088,Prostaglandin F2-alpha receptor,IC50,Cc1c(-c2ccccc2)nc2ccc(Br)cc2c1C(=O)NC[C@@H](CCC(=O)O)c1c(F)cccc1C(F)(F)F,8.795880017344075
CHEMBL5774694,CHEMBL1987,Prostaglandin F2-alpha receptor,IC50,=,4.2,nM,CHEMBL5737458,B,"In Vitro Test of Inhibition of Human FP Receptor Activity: For the characterization of test substances in respect of FP antagonism, PGF2α-induced calcium flux in FP-expressing CHEM1 cells (Millipore, HTS093C) was used.3000 cells in 30 μl of full medium [DMEM F12, 10% FCS, 1.35 mM sodium pyruvate, 20 mM HEPES, 4 mM GlutaMAX, 2% sodium bicarbonate, 1% Pen/Strep, 1% 100× non-essential amino acids] are sown per well of a 384 multititre plate (from Greiner, TC plate, black with clear base) and incubated at 33° C., 5% CO2 for 24 hours. Prior to the measurement, the medium is replaced by 30 μl of Fluo-8 AM loading buffer [calcium-free Tyrode (130 mM NaCl, 5 mM KCl, 20 mM HEPES, 1 mM MgCl2, 4.8 mM NaHCO3, pH 7.4), 2 mM CaCl2, 6.3 mM Probenecid, 5 μM Fluo-8 AM, 0.0112% Pluronic®] and incubated at 37° C., 5% CO2 for 30 minutes. The test substance is prepared in DMSO in various concentrations as a dose-response curve (starting concentration 10 mM, dilution factor 3.16) and prediluted 1:50 with calcium-free Tyrode, 2 mM CaCl2, 0.002% SmartBlock (from CANDOR Bioscience GmbH). 10 μl of the prediluted substance solution are added to the Fluo-8-laden cells and incubated at 37° C., 5% CO2 for 10 minutes. The FP receptor is activated by adding 40 μl of 2 nM (final concentration) PGF2α in calcium-free Tyrode, 2 mM CaCl2, 0.002% SmartBlock, and the calcium flux is determined by measuring the fluorescence at ex. 470 nm/em. 525 nm in a fluorescence measuring instrument (FLIPR Tetra®, Molecular Devices) for 120 seconds.",CHEMBL5728790,P43088,Prostaglandin F2-alpha receptor,IC50,Cc1c(-c2ccccc2)nc2ccc(Br)cc2c1C(=O)NCC(CCC(=O)O)c1c(F)c(F)cc(F)c1F,8.3767507096021
CHEMBL5860295,CHEMBL1987,Prostaglandin F2-alpha receptor,IC50,=,2.7,nM,CHEMBL5737458,B,"In Vitro Test of Inhibition of Human FP Receptor Activity: For the characterization of test substances in respect of FP antagonism, PGF2α-induced calcium flux in FP-expressing CHEM1 cells (Millipore, HTS093C) was used.3000 cells in 30 μl of full medium [DMEM F12, 10% FCS, 1.35 mM sodium pyruvate, 20 mM HEPES, 4 mM GlutaMAX, 2% sodium bicarbonate, 1% Pen/Strep, 1% 100× non-essential amino acids] are sown per well of a 384 multititre plate (from Greiner, TC plate, black with clear base) and incubated at 33° C., 5% CO2 for 24 hours. Prior to the measurement, the medium is replaced by 30 μl of Fluo-8 AM loading buffer [calcium-free Tyrode (130 mM NaCl, 5 mM KCl, 20 mM HEPES, 1 mM MgCl2, 4.8 mM NaHCO3, pH 7.4), 2 mM CaCl2, 6.3 mM Probenecid, 5 μM Fluo-8 AM, 0.0112% Pluronic®] and incubated at 37° C., 5% CO2 for 30 minutes. The test substance is prepared in DMSO in various concentrations as a dose-response curve (starting concentration 10 mM, dilution factor 3.16) and prediluted 1:50 with calcium-free Tyrode, 2 mM CaCl2, 0.002% SmartBlock (from CANDOR Bioscience GmbH). 10 μl of the prediluted substance solution are added to the Fluo-8-laden cells and incubated at 37° C., 5% CO2 for 10 minutes. The FP receptor is activated by adding 40 μl of 2 nM (final concentration) PGF2α in calcium-free Tyrode, 2 mM CaCl2, 0.002% SmartBlock, and the calcium flux is determined by measuring the fluorescence at ex. 470 nm/em. 525 nm in a fluorescence measuring instrument (FLIPR Tetra®, Molecular Devices) for 120 seconds.",CHEMBL5728790,P43088,Prostaglandin F2-alpha receptor,IC50,Cc1c(-c2ccccc2)nc2ccc(Br)cc2c1C(=O)NC[C@H](CCC(=O)O)c1c(F)c(F)cc(F)c1F,8.568636235841012
CHEMBL5999477,CHEMBL1987,Prostaglandin F2-alpha receptor,IC50,=,49.0,nM,CHEMBL5737458,B,"In Vitro Test of Inhibition of Human FP Receptor Activity: For the characterization of test substances in respect of FP antagonism, PGF2α-induced calcium flux in FP-expressing CHEM1 cells (Millipore, HTS093C) was used.3000 cells in 30 μl of full medium [DMEM F12, 10% FCS, 1.35 mM sodium pyruvate, 20 mM HEPES, 4 mM GlutaMAX, 2% sodium bicarbonate, 1% Pen/Strep, 1% 100× non-essential amino acids] are sown per well of a 384 multititre plate (from Greiner, TC plate, black with clear base) and incubated at 33° C., 5% CO2 for 24 hours. Prior to the measurement, the medium is replaced by 30 μl of Fluo-8 AM loading buffer [calcium-free Tyrode (130 mM NaCl, 5 mM KCl, 20 mM HEPES, 1 mM MgCl2, 4.8 mM NaHCO3, pH 7.4), 2 mM CaCl2, 6.3 mM Probenecid, 5 μM Fluo-8 AM, 0.0112% Pluronic®] and incubated at 37° C., 5% CO2 for 30 minutes. The test substance is prepared in DMSO in various concentrations as a dose-response curve (starting concentration 10 mM, dilution factor 3.16) and prediluted 1:50 with calcium-free Tyrode, 2 mM CaCl2, 0.002% SmartBlock (from CANDOR Bioscience GmbH). 10 μl of the prediluted substance solution are added to the Fluo-8-laden cells and incubated at 37° C., 5% CO2 for 10 minutes. The FP receptor is activated by adding 40 μl of 2 nM (final concentration) PGF2α in calcium-free Tyrode, 2 mM CaCl2, 0.002% SmartBlock, and the calcium flux is determined by measuring the fluorescence at ex. 470 nm/em. 525 nm in a fluorescence measuring instrument (FLIPR Tetra®, Molecular Devices) for 120 seconds.",CHEMBL5728790,P43088,Prostaglandin F2-alpha receptor,IC50,Cc1c(-c2ccccc2)nc2ccc(Br)cc2c1C(=O)NC[C@@H](CCC(=O)O)c1c(F)c(F)cc(F)c1F,7.309803919971486
CHEMBL5958741,CHEMBL1987,Prostaglandin F2-alpha receptor,IC50,=,22.0,nM,CHEMBL5737458,B,"In Vitro Test of Inhibition of Human FP Receptor Activity: For the characterization of test substances in respect of FP antagonism, PGF2α-induced calcium flux in FP-expressing CHEM1 cells (Millipore, HTS093C) was used.3000 cells in 30 μl of full medium [DMEM F12, 10% FCS, 1.35 mM sodium pyruvate, 20 mM HEPES, 4 mM GlutaMAX, 2% sodium bicarbonate, 1% Pen/Strep, 1% 100× non-essential amino acids] are sown per well of a 384 multititre plate (from Greiner, TC plate, black with clear base) and incubated at 33° C., 5% CO2 for 24 hours. Prior to the measurement, the medium is replaced by 30 μl of Fluo-8 AM loading buffer [calcium-free Tyrode (130 mM NaCl, 5 mM KCl, 20 mM HEPES, 1 mM MgCl2, 4.8 mM NaHCO3, pH 7.4), 2 mM CaCl2, 6.3 mM Probenecid, 5 μM Fluo-8 AM, 0.0112% Pluronic®] and incubated at 37° C., 5% CO2 for 30 minutes. The test substance is prepared in DMSO in various concentrations as a dose-response curve (starting concentration 10 mM, dilution factor 3.16) and prediluted 1:50 with calcium-free Tyrode, 2 mM CaCl2, 0.002% SmartBlock (from CANDOR Bioscience GmbH). 10 μl of the prediluted substance solution are added to the Fluo-8-laden cells and incubated at 37° C., 5% CO2 for 10 minutes. The FP receptor is activated by adding 40 μl of 2 nM (final concentration) PGF2α in calcium-free Tyrode, 2 mM CaCl2, 0.002% SmartBlock, and the calcium flux is determined by measuring the fluorescence at ex. 470 nm/em. 525 nm in a fluorescence measuring instrument (FLIPR Tetra®, Molecular Devices) for 120 seconds.",CHEMBL5728790,P43088,Prostaglandin F2-alpha receptor,IC50,Cc1c(-c2ccccc2)nc2ccc(Br)cc2c1C(=O)NCC(CCC(=O)O)c1cc(F)cc(F)c1F,7.657577319177793
CHEMBL5816949,CHEMBL1987,Prostaglandin F2-alpha receptor,IC50,=,8.8,nM,CHEMBL5737458,B,"In Vitro Test of Inhibition of Human FP Receptor Activity: For the characterization of test substances in respect of FP antagonism, PGF2α-induced calcium flux in FP-expressing CHEM1 cells (Millipore, HTS093C) was used.3000 cells in 30 μl of full medium [DMEM F12, 10% FCS, 1.35 mM sodium pyruvate, 20 mM HEPES, 4 mM GlutaMAX, 2% sodium bicarbonate, 1% Pen/Strep, 1% 100× non-essential amino acids] are sown per well of a 384 multititre plate (from Greiner, TC plate, black with clear base) and incubated at 33° C., 5% CO2 for 24 hours. Prior to the measurement, the medium is replaced by 30 μl of Fluo-8 AM loading buffer [calcium-free Tyrode (130 mM NaCl, 5 mM KCl, 20 mM HEPES, 1 mM MgCl2, 4.8 mM NaHCO3, pH 7.4), 2 mM CaCl2, 6.3 mM Probenecid, 5 μM Fluo-8 AM, 0.0112% Pluronic®] and incubated at 37° C., 5% CO2 for 30 minutes. The test substance is prepared in DMSO in various concentrations as a dose-response curve (starting concentration 10 mM, dilution factor 3.16) and prediluted 1:50 with calcium-free Tyrode, 2 mM CaCl2, 0.002% SmartBlock (from CANDOR Bioscience GmbH). 10 μl of the prediluted substance solution are added to the Fluo-8-laden cells and incubated at 37° C., 5% CO2 for 10 minutes. The FP receptor is activated by adding 40 μl of 2 nM (final concentration) PGF2α in calcium-free Tyrode, 2 mM CaCl2, 0.002% SmartBlock, and the calcium flux is determined by measuring the fluorescence at ex. 470 nm/em. 525 nm in a fluorescence measuring instrument (FLIPR Tetra®, Molecular Devices) for 120 seconds.",CHEMBL5728790,P43088,Prostaglandin F2-alpha receptor,IC50,Cc1c(-c2ccccc2)nc2ccc(Br)cc2c1C(=O)NC[C@H](CCC(=O)O)c1cc(F)cc(F)c1F,8.05551732784983
CHEMBL5773452,CHEMBL1987,Prostaglandin F2-alpha receptor,IC50,=,25.0,nM,CHEMBL5737458,B,"In Vitro Test of Inhibition of Human FP Receptor Activity: For the characterization of test substances in respect of FP antagonism, PGF2α-induced calcium flux in FP-expressing CHEM1 cells (Millipore, HTS093C) was used.3000 cells in 30 μl of full medium [DMEM F12, 10% FCS, 1.35 mM sodium pyruvate, 20 mM HEPES, 4 mM GlutaMAX, 2% sodium bicarbonate, 1% Pen/Strep, 1% 100× non-essential amino acids] are sown per well of a 384 multititre plate (from Greiner, TC plate, black with clear base) and incubated at 33° C., 5% CO2 for 24 hours. Prior to the measurement, the medium is replaced by 30 μl of Fluo-8 AM loading buffer [calcium-free Tyrode (130 mM NaCl, 5 mM KCl, 20 mM HEPES, 1 mM MgCl2, 4.8 mM NaHCO3, pH 7.4), 2 mM CaCl2, 6.3 mM Probenecid, 5 μM Fluo-8 AM, 0.0112% Pluronic®] and incubated at 37° C., 5% CO2 for 30 minutes. The test substance is prepared in DMSO in various concentrations as a dose-response curve (starting concentration 10 mM, dilution factor 3.16) and prediluted 1:50 with calcium-free Tyrode, 2 mM CaCl2, 0.002% SmartBlock (from CANDOR Bioscience GmbH). 10 μl of the prediluted substance solution are added to the Fluo-8-laden cells and incubated at 37° C., 5% CO2 for 10 minutes. The FP receptor is activated by adding 40 μl of 2 nM (final concentration) PGF2α in calcium-free Tyrode, 2 mM CaCl2, 0.002% SmartBlock, and the calcium flux is determined by measuring the fluorescence at ex. 470 nm/em. 525 nm in a fluorescence measuring instrument (FLIPR Tetra®, Molecular Devices) for 120 seconds.",CHEMBL5728790,P43088,Prostaglandin F2-alpha receptor,IC50,Cc1c(-c2ccccc2)nc2ccc(Br)cc2c1C(=O)NC[C@@H](CCC(=O)O)c1cc(F)cc(F)c1F,7.6020599913279625
CHEMBL5803092,CHEMBL1987,Prostaglandin F2-alpha receptor,IC50,=,7.2,nM,CHEMBL5737458,B,"In Vitro Test of Inhibition of Human FP Receptor Activity: For the characterization of test substances in respect of FP antagonism, PGF2α-induced calcium flux in FP-expressing CHEM1 cells (Millipore, HTS093C) was used.3000 cells in 30 μl of full medium [DMEM F12, 10% FCS, 1.35 mM sodium pyruvate, 20 mM HEPES, 4 mM GlutaMAX, 2% sodium bicarbonate, 1% Pen/Strep, 1% 100× non-essential amino acids] are sown per well of a 384 multititre plate (from Greiner, TC plate, black with clear base) and incubated at 33° C., 5% CO2 for 24 hours. Prior to the measurement, the medium is replaced by 30 μl of Fluo-8 AM loading buffer [calcium-free Tyrode (130 mM NaCl, 5 mM KCl, 20 mM HEPES, 1 mM MgCl2, 4.8 mM NaHCO3, pH 7.4), 2 mM CaCl2, 6.3 mM Probenecid, 5 μM Fluo-8 AM, 0.0112% Pluronic®] and incubated at 37° C., 5% CO2 for 30 minutes. The test substance is prepared in DMSO in various concentrations as a dose-response curve (starting concentration 10 mM, dilution factor 3.16) and prediluted 1:50 with calcium-free Tyrode, 2 mM CaCl2, 0.002% SmartBlock (from CANDOR Bioscience GmbH). 10 μl of the prediluted substance solution are added to the Fluo-8-laden cells and incubated at 37° C., 5% CO2 for 10 minutes. The FP receptor is activated by adding 40 μl of 2 nM (final concentration) PGF2α in calcium-free Tyrode, 2 mM CaCl2, 0.002% SmartBlock, and the calcium flux is determined by measuring the fluorescence at ex. 470 nm/em. 525 nm in a fluorescence measuring instrument (FLIPR Tetra®, Molecular Devices) for 120 seconds.",CHEMBL5728790,P43088,Prostaglandin F2-alpha receptor,IC50,Cc1c(-c2ccccc2)nc2ccc(Br)cc2c1C(=O)NCC(CCC(=O)O)c1c(Cl)ccc(Cl)c1Cl,8.142667503568731
CHEMBL5990658,CHEMBL1987,Prostaglandin F2-alpha receptor,IC50,=,32.0,nM,CHEMBL5737458,B,"In Vitro Test of Inhibition of Human FP Receptor Activity: For the characterization of test substances in respect of FP antagonism, PGF2α-induced calcium flux in FP-expressing CHEM1 cells (Millipore, HTS093C) was used.3000 cells in 30 μl of full medium [DMEM F12, 10% FCS, 1.35 mM sodium pyruvate, 20 mM HEPES, 4 mM GlutaMAX, 2% sodium bicarbonate, 1% Pen/Strep, 1% 100× non-essential amino acids] are sown per well of a 384 multititre plate (from Greiner, TC plate, black with clear base) and incubated at 33° C., 5% CO2 for 24 hours. Prior to the measurement, the medium is replaced by 30 μl of Fluo-8 AM loading buffer [calcium-free Tyrode (130 mM NaCl, 5 mM KCl, 20 mM HEPES, 1 mM MgCl2, 4.8 mM NaHCO3, pH 7.4), 2 mM CaCl2, 6.3 mM Probenecid, 5 μM Fluo-8 AM, 0.0112% Pluronic®] and incubated at 37° C., 5% CO2 for 30 minutes. The test substance is prepared in DMSO in various concentrations as a dose-response curve (starting concentration 10 mM, dilution factor 3.16) and prediluted 1:50 with calcium-free Tyrode, 2 mM CaCl2, 0.002% SmartBlock (from CANDOR Bioscience GmbH). 10 μl of the prediluted substance solution are added to the Fluo-8-laden cells and incubated at 37° C., 5% CO2 for 10 minutes. The FP receptor is activated by adding 40 μl of 2 nM (final concentration) PGF2α in calcium-free Tyrode, 2 mM CaCl2, 0.002% SmartBlock, and the calcium flux is determined by measuring the fluorescence at ex. 470 nm/em. 525 nm in a fluorescence measuring instrument (FLIPR Tetra®, Molecular Devices) for 120 seconds.",CHEMBL5728790,P43088,Prostaglandin F2-alpha receptor,IC50,Cc1c(-c2ccccc2)nc2ccc(Br)cc2c1C(=O)NC[C@H](CCC(=O)O)c1c(Cl)ccc(Cl)c1Cl,7.494850021680094
CHEMBL5923206,CHEMBL1987,Prostaglandin F2-alpha receptor,IC50,=,2.0,nM,CHEMBL5737458,B,"In Vitro Test of Inhibition of Human FP Receptor Activity: For the characterization of test substances in respect of FP antagonism, PGF2α-induced calcium flux in FP-expressing CHEM1 cells (Millipore, HTS093C) was used.3000 cells in 30 μl of full medium [DMEM F12, 10% FCS, 1.35 mM sodium pyruvate, 20 mM HEPES, 4 mM GlutaMAX, 2% sodium bicarbonate, 1% Pen/Strep, 1% 100× non-essential amino acids] are sown per well of a 384 multititre plate (from Greiner, TC plate, black with clear base) and incubated at 33° C., 5% CO2 for 24 hours. Prior to the measurement, the medium is replaced by 30 μl of Fluo-8 AM loading buffer [calcium-free Tyrode (130 mM NaCl, 5 mM KCl, 20 mM HEPES, 1 mM MgCl2, 4.8 mM NaHCO3, pH 7.4), 2 mM CaCl2, 6.3 mM Probenecid, 5 μM Fluo-8 AM, 0.0112% Pluronic®] and incubated at 37° C., 5% CO2 for 30 minutes. The test substance is prepared in DMSO in various concentrations as a dose-response curve (starting concentration 10 mM, dilution factor 3.16) and prediluted 1:50 with calcium-free Tyrode, 2 mM CaCl2, 0.002% SmartBlock (from CANDOR Bioscience GmbH). 10 μl of the prediluted substance solution are added to the Fluo-8-laden cells and incubated at 37° C., 5% CO2 for 10 minutes. The FP receptor is activated by adding 40 μl of 2 nM (final concentration) PGF2α in calcium-free Tyrode, 2 mM CaCl2, 0.002% SmartBlock, and the calcium flux is determined by measuring the fluorescence at ex. 470 nm/em. 525 nm in a fluorescence measuring instrument (FLIPR Tetra®, Molecular Devices) for 120 seconds.",CHEMBL5728790,P43088,Prostaglandin F2-alpha receptor,IC50,Cc1c(-c2ccccc2)nc2ccc(Br)cc2c1C(=O)NC[C@@H](CCC(=O)O)c1c(Cl)ccc(Cl)c1Cl,8.698970004336019
CHEMBL4754421,CHEMBL1987,Prostaglandin F2-alpha receptor,IC50,=,5.2,nM,CHEMBL5737458,B,"In Vitro Test of Inhibition of Human FP Receptor Activity: For the characterization of test substances in respect of FP antagonism, PGF2α-induced calcium flux in FP-expressing CHEM1 cells (Millipore, HTS093C) was used.3000 cells in 30 μl of full medium [DMEM F12, 10% FCS, 1.35 mM sodium pyruvate, 20 mM HEPES, 4 mM GlutaMAX, 2% sodium bicarbonate, 1% Pen/Strep, 1% 100× non-essential amino acids] are sown per well of a 384 multititre plate (from Greiner, TC plate, black with clear base) and incubated at 33° C., 5% CO2 for 24 hours. Prior to the measurement, the medium is replaced by 30 μl of Fluo-8 AM loading buffer [calcium-free Tyrode (130 mM NaCl, 5 mM KCl, 20 mM HEPES, 1 mM MgCl2, 4.8 mM NaHCO3, pH 7.4), 2 mM CaCl2, 6.3 mM Probenecid, 5 μM Fluo-8 AM, 0.0112% Pluronic®] and incubated at 37° C., 5% CO2 for 30 minutes. The test substance is prepared in DMSO in various concentrations as a dose-response curve (starting concentration 10 mM, dilution factor 3.16) and prediluted 1:50 with calcium-free Tyrode, 2 mM CaCl2, 0.002% SmartBlock (from CANDOR Bioscience GmbH). 10 μl of the prediluted substance solution are added to the Fluo-8-laden cells and incubated at 37° C., 5% CO2 for 10 minutes. The FP receptor is activated by adding 40 μl of 2 nM (final concentration) PGF2α in calcium-free Tyrode, 2 mM CaCl2, 0.002% SmartBlock, and the calcium flux is determined by measuring the fluorescence at ex. 470 nm/em. 525 nm in a fluorescence measuring instrument (FLIPR Tetra®, Molecular Devices) for 120 seconds.",CHEMBL5728790,P43088,Prostaglandin F2-alpha receptor,IC50,Cc1c(-c2ccccc2)nc2ccc(Br)cc2c1C(=O)NCC(CCCC(=O)O)c1ccccc1Cl,8.2839966563652
CHEMBL5828838,CHEMBL1987,Prostaglandin F2-alpha receptor,IC50,=,4.3,nM,CHEMBL5737458,B,"In Vitro Test of Inhibition of Human FP Receptor Activity: For the characterization of test substances in respect of FP antagonism, PGF2α-induced calcium flux in FP-expressing CHEM1 cells (Millipore, HTS093C) was used.3000 cells in 30 μl of full medium [DMEM F12, 10% FCS, 1.35 mM sodium pyruvate, 20 mM HEPES, 4 mM GlutaMAX, 2% sodium bicarbonate, 1% Pen/Strep, 1% 100× non-essential amino acids] are sown per well of a 384 multititre plate (from Greiner, TC plate, black with clear base) and incubated at 33° C., 5% CO2 for 24 hours. Prior to the measurement, the medium is replaced by 30 μl of Fluo-8 AM loading buffer [calcium-free Tyrode (130 mM NaCl, 5 mM KCl, 20 mM HEPES, 1 mM MgCl2, 4.8 mM NaHCO3, pH 7.4), 2 mM CaCl2, 6.3 mM Probenecid, 5 μM Fluo-8 AM, 0.0112% Pluronic®] and incubated at 37° C., 5% CO2 for 30 minutes. The test substance is prepared in DMSO in various concentrations as a dose-response curve (starting concentration 10 mM, dilution factor 3.16) and prediluted 1:50 with calcium-free Tyrode, 2 mM CaCl2, 0.002% SmartBlock (from CANDOR Bioscience GmbH). 10 μl of the prediluted substance solution are added to the Fluo-8-laden cells and incubated at 37° C., 5% CO2 for 10 minutes. The FP receptor is activated by adding 40 μl of 2 nM (final concentration) PGF2α in calcium-free Tyrode, 2 mM CaCl2, 0.002% SmartBlock, and the calcium flux is determined by measuring the fluorescence at ex. 470 nm/em. 525 nm in a fluorescence measuring instrument (FLIPR Tetra®, Molecular Devices) for 120 seconds.",CHEMBL5728790,P43088,Prostaglandin F2-alpha receptor,IC50,Cc1c(-c2ccccc2)nc2ccc(Br)cc2c1C(=O)NC[C@H](CCCC(=O)O)c1ccccc1Cl,8.366531544420413
CHEMBL5911414,CHEMBL1987,Prostaglandin F2-alpha receptor,IC50,=,10.0,nM,CHEMBL5737458,B,"In Vitro Test of Inhibition of Human FP Receptor Activity: For the characterization of test substances in respect of FP antagonism, PGF2α-induced calcium flux in FP-expressing CHEM1 cells (Millipore, HTS093C) was used.3000 cells in 30 μl of full medium [DMEM F12, 10% FCS, 1.35 mM sodium pyruvate, 20 mM HEPES, 4 mM GlutaMAX, 2% sodium bicarbonate, 1% Pen/Strep, 1% 100× non-essential amino acids] are sown per well of a 384 multititre plate (from Greiner, TC plate, black with clear base) and incubated at 33° C., 5% CO2 for 24 hours. Prior to the measurement, the medium is replaced by 30 μl of Fluo-8 AM loading buffer [calcium-free Tyrode (130 mM NaCl, 5 mM KCl, 20 mM HEPES, 1 mM MgCl2, 4.8 mM NaHCO3, pH 7.4), 2 mM CaCl2, 6.3 mM Probenecid, 5 μM Fluo-8 AM, 0.0112% Pluronic®] and incubated at 37° C., 5% CO2 for 30 minutes. The test substance is prepared in DMSO in various concentrations as a dose-response curve (starting concentration 10 mM, dilution factor 3.16) and prediluted 1:50 with calcium-free Tyrode, 2 mM CaCl2, 0.002% SmartBlock (from CANDOR Bioscience GmbH). 10 μl of the prediluted substance solution are added to the Fluo-8-laden cells and incubated at 37° C., 5% CO2 for 10 minutes. The FP receptor is activated by adding 40 μl of 2 nM (final concentration) PGF2α in calcium-free Tyrode, 2 mM CaCl2, 0.002% SmartBlock, and the calcium flux is determined by measuring the fluorescence at ex. 470 nm/em. 525 nm in a fluorescence measuring instrument (FLIPR Tetra®, Molecular Devices) for 120 seconds.",CHEMBL5728790,P43088,Prostaglandin F2-alpha receptor,IC50,Cc1c(-c2ccccc2)nc2ccc(Br)cc2c1C(=O)NC[C@@H](CCCC(=O)O)c1ccccc1Cl,8.0
CHEMBL5920323,CHEMBL1987,Prostaglandin F2-alpha receptor,IC50,=,24.0,nM,CHEMBL5737458,B,"In Vitro Test of Inhibition of Human FP Receptor Activity: For the characterization of test substances in respect of FP antagonism, PGF2α-induced calcium flux in FP-expressing CHEM1 cells (Millipore, HTS093C) was used.3000 cells in 30 μl of full medium [DMEM F12, 10% FCS, 1.35 mM sodium pyruvate, 20 mM HEPES, 4 mM GlutaMAX, 2% sodium bicarbonate, 1% Pen/Strep, 1% 100× non-essential amino acids] are sown per well of a 384 multititre plate (from Greiner, TC plate, black with clear base) and incubated at 33° C., 5% CO2 for 24 hours. Prior to the measurement, the medium is replaced by 30 μl of Fluo-8 AM loading buffer [calcium-free Tyrode (130 mM NaCl, 5 mM KCl, 20 mM HEPES, 1 mM MgCl2, 4.8 mM NaHCO3, pH 7.4), 2 mM CaCl2, 6.3 mM Probenecid, 5 μM Fluo-8 AM, 0.0112% Pluronic®] and incubated at 37° C., 5% CO2 for 30 minutes. The test substance is prepared in DMSO in various concentrations as a dose-response curve (starting concentration 10 mM, dilution factor 3.16) and prediluted 1:50 with calcium-free Tyrode, 2 mM CaCl2, 0.002% SmartBlock (from CANDOR Bioscience GmbH). 10 μl of the prediluted substance solution are added to the Fluo-8-laden cells and incubated at 37° C., 5% CO2 for 10 minutes. The FP receptor is activated by adding 40 μl of 2 nM (final concentration) PGF2α in calcium-free Tyrode, 2 mM CaCl2, 0.002% SmartBlock, and the calcium flux is determined by measuring the fluorescence at ex. 470 nm/em. 525 nm in a fluorescence measuring instrument (FLIPR Tetra®, Molecular Devices) for 120 seconds.",CHEMBL5728790,P43088,Prostaglandin F2-alpha receptor,IC50,Cc1c(-c2ccccc2)nc2ccc(Br)cc2c1C(=O)NCC(C)(CCCC(=O)O)c1ccccc1Cl,7.619788758288394
CHEMBL5859192,CHEMBL1987,Prostaglandin F2-alpha receptor,IC50,=,68.0,nM,CHEMBL5737458,B,"In Vitro Test of Inhibition of Human FP Receptor Activity: For the characterization of test substances in respect of FP antagonism, PGF2α-induced calcium flux in FP-expressing CHEM1 cells (Millipore, HTS093C) was used.3000 cells in 30 μl of full medium [DMEM F12, 10% FCS, 1.35 mM sodium pyruvate, 20 mM HEPES, 4 mM GlutaMAX, 2% sodium bicarbonate, 1% Pen/Strep, 1% 100× non-essential amino acids] are sown per well of a 384 multititre plate (from Greiner, TC plate, black with clear base) and incubated at 33° C., 5% CO2 for 24 hours. Prior to the measurement, the medium is replaced by 30 μl of Fluo-8 AM loading buffer [calcium-free Tyrode (130 mM NaCl, 5 mM KCl, 20 mM HEPES, 1 mM MgCl2, 4.8 mM NaHCO3, pH 7.4), 2 mM CaCl2, 6.3 mM Probenecid, 5 μM Fluo-8 AM, 0.0112% Pluronic®] and incubated at 37° C., 5% CO2 for 30 minutes. The test substance is prepared in DMSO in various concentrations as a dose-response curve (starting concentration 10 mM, dilution factor 3.16) and prediluted 1:50 with calcium-free Tyrode, 2 mM CaCl2, 0.002% SmartBlock (from CANDOR Bioscience GmbH). 10 μl of the prediluted substance solution are added to the Fluo-8-laden cells and incubated at 37° C., 5% CO2 for 10 minutes. The FP receptor is activated by adding 40 μl of 2 nM (final concentration) PGF2α in calcium-free Tyrode, 2 mM CaCl2, 0.002% SmartBlock, and the calcium flux is determined by measuring the fluorescence at ex. 470 nm/em. 525 nm in a fluorescence measuring instrument (FLIPR Tetra®, Molecular Devices) for 120 seconds.",CHEMBL5728790,P43088,Prostaglandin F2-alpha receptor,IC50,Cc1c(-c2ccccc2)nc2ccc(Br)cc2c1C(=O)NC[C@](C)(CCCC(=O)O)c1ccccc1Cl,7.167491087293763
CHEMBL5912234,CHEMBL1987,Prostaglandin F2-alpha receptor,IC50,=,16.0,nM,CHEMBL5737458,B,"In Vitro Test of Inhibition of Human FP Receptor Activity: For the characterization of test substances in respect of FP antagonism, PGF2α-induced calcium flux in FP-expressing CHEM1 cells (Millipore, HTS093C) was used.3000 cells in 30 μl of full medium [DMEM F12, 10% FCS, 1.35 mM sodium pyruvate, 20 mM HEPES, 4 mM GlutaMAX, 2% sodium bicarbonate, 1% Pen/Strep, 1% 100× non-essential amino acids] are sown per well of a 384 multititre plate (from Greiner, TC plate, black with clear base) and incubated at 33° C., 5% CO2 for 24 hours. Prior to the measurement, the medium is replaced by 30 μl of Fluo-8 AM loading buffer [calcium-free Tyrode (130 mM NaCl, 5 mM KCl, 20 mM HEPES, 1 mM MgCl2, 4.8 mM NaHCO3, pH 7.4), 2 mM CaCl2, 6.3 mM Probenecid, 5 μM Fluo-8 AM, 0.0112% Pluronic®] and incubated at 37° C., 5% CO2 for 30 minutes. The test substance is prepared in DMSO in various concentrations as a dose-response curve (starting concentration 10 mM, dilution factor 3.16) and prediluted 1:50 with calcium-free Tyrode, 2 mM CaCl2, 0.002% SmartBlock (from CANDOR Bioscience GmbH). 10 μl of the prediluted substance solution are added to the Fluo-8-laden cells and incubated at 37° C., 5% CO2 for 10 minutes. The FP receptor is activated by adding 40 μl of 2 nM (final concentration) PGF2α in calcium-free Tyrode, 2 mM CaCl2, 0.002% SmartBlock, and the calcium flux is determined by measuring the fluorescence at ex. 470 nm/em. 525 nm in a fluorescence measuring instrument (FLIPR Tetra®, Molecular Devices) for 120 seconds.",CHEMBL5728790,P43088,Prostaglandin F2-alpha receptor,IC50,Cc1c(-c2ccccc2)nc2ccc(Br)cc2c1C(=O)NC[C@@](C)(CCCC(=O)O)c1ccccc1Cl,7.795880017344075
CHEMBL5782821,CHEMBL1987,Prostaglandin F2-alpha receptor,IC50,=,31.0,nM,CHEMBL5737458,B,"In Vitro Test of Inhibition of Human FP Receptor Activity: For the characterization of test substances in respect of FP antagonism, PGF2α-induced calcium flux in FP-expressing CHEM1 cells (Millipore, HTS093C) was used.3000 cells in 30 μl of full medium [DMEM F12, 10% FCS, 1.35 mM sodium pyruvate, 20 mM HEPES, 4 mM GlutaMAX, 2% sodium bicarbonate, 1% Pen/Strep, 1% 100× non-essential amino acids] are sown per well of a 384 multititre plate (from Greiner, TC plate, black with clear base) and incubated at 33° C., 5% CO2 for 24 hours. Prior to the measurement, the medium is replaced by 30 μl of Fluo-8 AM loading buffer [calcium-free Tyrode (130 mM NaCl, 5 mM KCl, 20 mM HEPES, 1 mM MgCl2, 4.8 mM NaHCO3, pH 7.4), 2 mM CaCl2, 6.3 mM Probenecid, 5 μM Fluo-8 AM, 0.0112% Pluronic®] and incubated at 37° C., 5% CO2 for 30 minutes. The test substance is prepared in DMSO in various concentrations as a dose-response curve (starting concentration 10 mM, dilution factor 3.16) and prediluted 1:50 with calcium-free Tyrode, 2 mM CaCl2, 0.002% SmartBlock (from CANDOR Bioscience GmbH). 10 μl of the prediluted substance solution are added to the Fluo-8-laden cells and incubated at 37° C., 5% CO2 for 10 minutes. The FP receptor is activated by adding 40 μl of 2 nM (final concentration) PGF2α in calcium-free Tyrode, 2 mM CaCl2, 0.002% SmartBlock, and the calcium flux is determined by measuring the fluorescence at ex. 470 nm/em. 525 nm in a fluorescence measuring instrument (FLIPR Tetra®, Molecular Devices) for 120 seconds.",CHEMBL5728790,P43088,Prostaglandin F2-alpha receptor,IC50,Cc1c(-c2ccccc2)nc2ccc(Br)cc2c1C(=O)NCC(C)(CCCC(=O)O)c1ccccc1,7.508638306165727
CHEMBL5910600,CHEMBL1987,Prostaglandin F2-alpha receptor,IC50,=,20.0,nM,CHEMBL5737458,B,"In Vitro Test of Inhibition of Human FP Receptor Activity: For the characterization of test substances in respect of FP antagonism, PGF2α-induced calcium flux in FP-expressing CHEM1 cells (Millipore, HTS093C) was used.3000 cells in 30 μl of full medium [DMEM F12, 10% FCS, 1.35 mM sodium pyruvate, 20 mM HEPES, 4 mM GlutaMAX, 2% sodium bicarbonate, 1% Pen/Strep, 1% 100× non-essential amino acids] are sown per well of a 384 multititre plate (from Greiner, TC plate, black with clear base) and incubated at 33° C., 5% CO2 for 24 hours. Prior to the measurement, the medium is replaced by 30 μl of Fluo-8 AM loading buffer [calcium-free Tyrode (130 mM NaCl, 5 mM KCl, 20 mM HEPES, 1 mM MgCl2, 4.8 mM NaHCO3, pH 7.4), 2 mM CaCl2, 6.3 mM Probenecid, 5 μM Fluo-8 AM, 0.0112% Pluronic®] and incubated at 37° C., 5% CO2 for 30 minutes. The test substance is prepared in DMSO in various concentrations as a dose-response curve (starting concentration 10 mM, dilution factor 3.16) and prediluted 1:50 with calcium-free Tyrode, 2 mM CaCl2, 0.002% SmartBlock (from CANDOR Bioscience GmbH). 10 μl of the prediluted substance solution are added to the Fluo-8-laden cells and incubated at 37° C., 5% CO2 for 10 minutes. The FP receptor is activated by adding 40 μl of 2 nM (final concentration) PGF2α in calcium-free Tyrode, 2 mM CaCl2, 0.002% SmartBlock, and the calcium flux is determined by measuring the fluorescence at ex. 470 nm/em. 525 nm in a fluorescence measuring instrument (FLIPR Tetra®, Molecular Devices) for 120 seconds.",CHEMBL5728790,P43088,Prostaglandin F2-alpha receptor,IC50,Cc1c(-c2ccccc2)nc2ccc(Br)cc2c1C(=O)NC[C@](C)(CCCC(=O)O)c1ccccc1,7.698970004336019
CHEMBL6046529,CHEMBL1987,Prostaglandin F2-alpha receptor,IC50,=,63.0,nM,CHEMBL5737458,B,"In Vitro Test of Inhibition of Human FP Receptor Activity: For the characterization of test substances in respect of FP antagonism, PGF2α-induced calcium flux in FP-expressing CHEM1 cells (Millipore, HTS093C) was used.3000 cells in 30 μl of full medium [DMEM F12, 10% FCS, 1.35 mM sodium pyruvate, 20 mM HEPES, 4 mM GlutaMAX, 2% sodium bicarbonate, 1% Pen/Strep, 1% 100× non-essential amino acids] are sown per well of a 384 multititre plate (from Greiner, TC plate, black with clear base) and incubated at 33° C., 5% CO2 for 24 hours. Prior to the measurement, the medium is replaced by 30 μl of Fluo-8 AM loading buffer [calcium-free Tyrode (130 mM NaCl, 5 mM KCl, 20 mM HEPES, 1 mM MgCl2, 4.8 mM NaHCO3, pH 7.4), 2 mM CaCl2, 6.3 mM Probenecid, 5 μM Fluo-8 AM, 0.0112% Pluronic®] and incubated at 37° C., 5% CO2 for 30 minutes. The test substance is prepared in DMSO in various concentrations as a dose-response curve (starting concentration 10 mM, dilution factor 3.16) and prediluted 1:50 with calcium-free Tyrode, 2 mM CaCl2, 0.002% SmartBlock (from CANDOR Bioscience GmbH). 10 μl of the prediluted substance solution are added to the Fluo-8-laden cells and incubated at 37° C., 5% CO2 for 10 minutes. The FP receptor is activated by adding 40 μl of 2 nM (final concentration) PGF2α in calcium-free Tyrode, 2 mM CaCl2, 0.002% SmartBlock, and the calcium flux is determined by measuring the fluorescence at ex. 470 nm/em. 525 nm in a fluorescence measuring instrument (FLIPR Tetra®, Molecular Devices) for 120 seconds.",CHEMBL5728790,P43088,Prostaglandin F2-alpha receptor,IC50,Cc1c(-c2ccccc2)nc2ccc(Br)cc2c1C(=O)NC[C@@](C)(CCCC(=O)O)c1ccccc1,7.200659450546418
CHEMBL5768615,CHEMBL1987,Prostaglandin F2-alpha receptor,IC50,=,94.0,nM,CHEMBL5737458,B,"In Vitro Test of Inhibition of Human FP Receptor Activity: For the characterization of test substances in respect of FP antagonism, PGF2α-induced calcium flux in FP-expressing CHEM1 cells (Millipore, HTS093C) was used.3000 cells in 30 μl of full medium [DMEM F12, 10% FCS, 1.35 mM sodium pyruvate, 20 mM HEPES, 4 mM GlutaMAX, 2% sodium bicarbonate, 1% Pen/Strep, 1% 100× non-essential amino acids] are sown per well of a 384 multititre plate (from Greiner, TC plate, black with clear base) and incubated at 33° C., 5% CO2 for 24 hours. Prior to the measurement, the medium is replaced by 30 μl of Fluo-8 AM loading buffer [calcium-free Tyrode (130 mM NaCl, 5 mM KCl, 20 mM HEPES, 1 mM MgCl2, 4.8 mM NaHCO3, pH 7.4), 2 mM CaCl2, 6.3 mM Probenecid, 5 μM Fluo-8 AM, 0.0112% Pluronic®] and incubated at 37° C., 5% CO2 for 30 minutes. The test substance is prepared in DMSO in various concentrations as a dose-response curve (starting concentration 10 mM, dilution factor 3.16) and prediluted 1:50 with calcium-free Tyrode, 2 mM CaCl2, 0.002% SmartBlock (from CANDOR Bioscience GmbH). 10 μl of the prediluted substance solution are added to the Fluo-8-laden cells and incubated at 37° C., 5% CO2 for 10 minutes. The FP receptor is activated by adding 40 μl of 2 nM (final concentration) PGF2α in calcium-free Tyrode, 2 mM CaCl2, 0.002% SmartBlock, and the calcium flux is determined by measuring the fluorescence at ex. 470 nm/em. 525 nm in a fluorescence measuring instrument (FLIPR Tetra®, Molecular Devices) for 120 seconds.",CHEMBL5728790,P43088,Prostaglandin F2-alpha receptor,IC50,COc1ccccc1C(CNC(=O)c1c(C)c(-c2ccccc2)nc2ccc(Br)cc12)N1CCC(C(=O)O)C1,7.026872146400302
CHEMBL6017862,CHEMBL1987,Prostaglandin F2-alpha receptor,IC50,=,7.2,nM,CHEMBL5737458,B,"In Vitro Test of Inhibition of Human FP Receptor Activity: For the characterization of test substances in respect of FP antagonism, PGF2α-induced calcium flux in FP-expressing CHEM1 cells (Millipore, HTS093C) was used.3000 cells in 30 μl of full medium [DMEM F12, 10% FCS, 1.35 mM sodium pyruvate, 20 mM HEPES, 4 mM GlutaMAX, 2% sodium bicarbonate, 1% Pen/Strep, 1% 100× non-essential amino acids] are sown per well of a 384 multititre plate (from Greiner, TC plate, black with clear base) and incubated at 33° C., 5% CO2 for 24 hours. Prior to the measurement, the medium is replaced by 30 μl of Fluo-8 AM loading buffer [calcium-free Tyrode (130 mM NaCl, 5 mM KCl, 20 mM HEPES, 1 mM MgCl2, 4.8 mM NaHCO3, pH 7.4), 2 mM CaCl2, 6.3 mM Probenecid, 5 μM Fluo-8 AM, 0.0112% Pluronic®] and incubated at 37° C., 5% CO2 for 30 minutes. The test substance is prepared in DMSO in various concentrations as a dose-response curve (starting concentration 10 mM, dilution factor 3.16) and prediluted 1:50 with calcium-free Tyrode, 2 mM CaCl2, 0.002% SmartBlock (from CANDOR Bioscience GmbH). 10 μl of the prediluted substance solution are added to the Fluo-8-laden cells and incubated at 37° C., 5% CO2 for 10 minutes. The FP receptor is activated by adding 40 μl of 2 nM (final concentration) PGF2α in calcium-free Tyrode, 2 mM CaCl2, 0.002% SmartBlock, and the calcium flux is determined by measuring the fluorescence at ex. 470 nm/em. 525 nm in a fluorescence measuring instrument (FLIPR Tetra®, Molecular Devices) for 120 seconds.",CHEMBL5728790,P43088,Prostaglandin F2-alpha receptor,IC50,COc1ccccc1[C@H](CNC(=O)c1c(C)c(-c2ccccc2)nc2ccc(Br)cc12)N1CCC(C(=O)O)C1,8.142667503568731
CHEMBL6060714,CHEMBL1987,Prostaglandin F2-alpha receptor,IC50,=,13.0,nM,CHEMBL5737458,B,"In Vitro Test of Inhibition of Human FP Receptor Activity: For the characterization of test substances in respect of FP antagonism, PGF2α-induced calcium flux in FP-expressing CHEM1 cells (Millipore, HTS093C) was used.3000 cells in 30 μl of full medium [DMEM F12, 10% FCS, 1.35 mM sodium pyruvate, 20 mM HEPES, 4 mM GlutaMAX, 2% sodium bicarbonate, 1% Pen/Strep, 1% 100× non-essential amino acids] are sown per well of a 384 multititre plate (from Greiner, TC plate, black with clear base) and incubated at 33° C., 5% CO2 for 24 hours. Prior to the measurement, the medium is replaced by 30 μl of Fluo-8 AM loading buffer [calcium-free Tyrode (130 mM NaCl, 5 mM KCl, 20 mM HEPES, 1 mM MgCl2, 4.8 mM NaHCO3, pH 7.4), 2 mM CaCl2, 6.3 mM Probenecid, 5 μM Fluo-8 AM, 0.0112% Pluronic®] and incubated at 37° C., 5% CO2 for 30 minutes. The test substance is prepared in DMSO in various concentrations as a dose-response curve (starting concentration 10 mM, dilution factor 3.16) and prediluted 1:50 with calcium-free Tyrode, 2 mM CaCl2, 0.002% SmartBlock (from CANDOR Bioscience GmbH). 10 μl of the prediluted substance solution are added to the Fluo-8-laden cells and incubated at 37° C., 5% CO2 for 10 minutes. The FP receptor is activated by adding 40 μl of 2 nM (final concentration) PGF2α in calcium-free Tyrode, 2 mM CaCl2, 0.002% SmartBlock, and the calcium flux is determined by measuring the fluorescence at ex. 470 nm/em. 525 nm in a fluorescence measuring instrument (FLIPR Tetra®, Molecular Devices) for 120 seconds.",CHEMBL5728790,P43088,Prostaglandin F2-alpha receptor,IC50,COc1ccccc1[C@@H](CNC(=O)c1c(C)c(-c2ccccc2)nc2ccc(Br)cc12)N1CCC(C(=O)O)C1,7.886056647693163
CHEMBL4749767,CHEMBL1987,Prostaglandin F2-alpha receptor,IC50,=,2.8,nM,CHEMBL5737458,B,"In Vitro Test of Inhibition of Human FP Receptor Activity: For the characterization of test substances in respect of FP antagonism, PGF2α-induced calcium flux in FP-expressing CHEM1 cells (Millipore, HTS093C) was used.3000 cells in 30 μl of full medium [DMEM F12, 10% FCS, 1.35 mM sodium pyruvate, 20 mM HEPES, 4 mM GlutaMAX, 2% sodium bicarbonate, 1% Pen/Strep, 1% 100× non-essential amino acids] are sown per well of a 384 multititre plate (from Greiner, TC plate, black with clear base) and incubated at 33° C., 5% CO2 for 24 hours. Prior to the measurement, the medium is replaced by 30 μl of Fluo-8 AM loading buffer [calcium-free Tyrode (130 mM NaCl, 5 mM KCl, 20 mM HEPES, 1 mM MgCl2, 4.8 mM NaHCO3, pH 7.4), 2 mM CaCl2, 6.3 mM Probenecid, 5 μM Fluo-8 AM, 0.0112% Pluronic®] and incubated at 37° C., 5% CO2 for 30 minutes. The test substance is prepared in DMSO in various concentrations as a dose-response curve (starting concentration 10 mM, dilution factor 3.16) and prediluted 1:50 with calcium-free Tyrode, 2 mM CaCl2, 0.002% SmartBlock (from CANDOR Bioscience GmbH). 10 μl of the prediluted substance solution are added to the Fluo-8-laden cells and incubated at 37° C., 5% CO2 for 10 minutes. The FP receptor is activated by adding 40 μl of 2 nM (final concentration) PGF2α in calcium-free Tyrode, 2 mM CaCl2, 0.002% SmartBlock, and the calcium flux is determined by measuring the fluorescence at ex. 470 nm/em. 525 nm in a fluorescence measuring instrument (FLIPR Tetra®, Molecular Devices) for 120 seconds.",CHEMBL5728790,P43088,Prostaglandin F2-alpha receptor,IC50,Cc1c(-c2ccccc2)nc2ccc(Br)cc2c1C(=O)NCC(CCC(=O)O)c1c(F)ccc(F)c1Cl,8.55284196865778
CHEMBL6015710,CHEMBL1987,Prostaglandin F2-alpha receptor,IC50,=,17.0,nM,CHEMBL5737458,B,"In Vitro Test of Inhibition of Human FP Receptor Activity: For the characterization of test substances in respect of FP antagonism, PGF2α-induced calcium flux in FP-expressing CHEM1 cells (Millipore, HTS093C) was used.3000 cells in 30 μl of full medium [DMEM F12, 10% FCS, 1.35 mM sodium pyruvate, 20 mM HEPES, 4 mM GlutaMAX, 2% sodium bicarbonate, 1% Pen/Strep, 1% 100× non-essential amino acids] are sown per well of a 384 multititre plate (from Greiner, TC plate, black with clear base) and incubated at 33° C., 5% CO2 for 24 hours. Prior to the measurement, the medium is replaced by 30 μl of Fluo-8 AM loading buffer [calcium-free Tyrode (130 mM NaCl, 5 mM KCl, 20 mM HEPES, 1 mM MgCl2, 4.8 mM NaHCO3, pH 7.4), 2 mM CaCl2, 6.3 mM Probenecid, 5 μM Fluo-8 AM, 0.0112% Pluronic®] and incubated at 37° C., 5% CO2 for 30 minutes. The test substance is prepared in DMSO in various concentrations as a dose-response curve (starting concentration 10 mM, dilution factor 3.16) and prediluted 1:50 with calcium-free Tyrode, 2 mM CaCl2, 0.002% SmartBlock (from CANDOR Bioscience GmbH). 10 μl of the prediluted substance solution are added to the Fluo-8-laden cells and incubated at 37° C., 5% CO2 for 10 minutes. The FP receptor is activated by adding 40 μl of 2 nM (final concentration) PGF2α in calcium-free Tyrode, 2 mM CaCl2, 0.002% SmartBlock, and the calcium flux is determined by measuring the fluorescence at ex. 470 nm/em. 525 nm in a fluorescence measuring instrument (FLIPR Tetra®, Molecular Devices) for 120 seconds.",CHEMBL5728790,P43088,Prostaglandin F2-alpha receptor,IC50,Cc1c(-c2ccccc2)nc2ccc(Br)cc2c1C(=O)NC[C@H](CCC(=O)O)c1c(F)ccc(F)c1Cl,7.769551078621726
CHEMBL5771825,CHEMBL1987,Prostaglandin F2-alpha receptor,IC50,=,15.0,nM,CHEMBL5737458,B,"In Vitro Test of Inhibition of Human FP Receptor Activity: For the characterization of test substances in respect of FP antagonism, PGF2α-induced calcium flux in FP-expressing CHEM1 cells (Millipore, HTS093C) was used.3000 cells in 30 μl of full medium [DMEM F12, 10% FCS, 1.35 mM sodium pyruvate, 20 mM HEPES, 4 mM GlutaMAX, 2% sodium bicarbonate, 1% Pen/Strep, 1% 100× non-essential amino acids] are sown per well of a 384 multititre plate (from Greiner, TC plate, black with clear base) and incubated at 33° C., 5% CO2 for 24 hours. Prior to the measurement, the medium is replaced by 30 μl of Fluo-8 AM loading buffer [calcium-free Tyrode (130 mM NaCl, 5 mM KCl, 20 mM HEPES, 1 mM MgCl2, 4.8 mM NaHCO3, pH 7.4), 2 mM CaCl2, 6.3 mM Probenecid, 5 μM Fluo-8 AM, 0.0112% Pluronic®] and incubated at 37° C., 5% CO2 for 30 minutes. The test substance is prepared in DMSO in various concentrations as a dose-response curve (starting concentration 10 mM, dilution factor 3.16) and prediluted 1:50 with calcium-free Tyrode, 2 mM CaCl2, 0.002% SmartBlock (from CANDOR Bioscience GmbH). 10 μl of the prediluted substance solution are added to the Fluo-8-laden cells and incubated at 37° C., 5% CO2 for 10 minutes. The FP receptor is activated by adding 40 μl of 2 nM (final concentration) PGF2α in calcium-free Tyrode, 2 mM CaCl2, 0.002% SmartBlock, and the calcium flux is determined by measuring the fluorescence at ex. 470 nm/em. 525 nm in a fluorescence measuring instrument (FLIPR Tetra®, Molecular Devices) for 120 seconds.",CHEMBL5728790,P43088,Prostaglandin F2-alpha receptor,IC50,Cc1c(-c2ccccc2)nc2ccc(Br)cc2c1C(=O)NC[C@@H](CCC(=O)O)c1c(F)ccc(F)c1Cl,7.823908740944319
CHEMBL5884730,CHEMBL1987,Prostaglandin F2-alpha receptor,IC50,=,14.0,nM,CHEMBL5737458,B,"In Vitro Test of Inhibition of Human FP Receptor Activity: For the characterization of test substances in respect of FP antagonism, PGF2α-induced calcium flux in FP-expressing CHEM1 cells (Millipore, HTS093C) was used.3000 cells in 30 μl of full medium [DMEM F12, 10% FCS, 1.35 mM sodium pyruvate, 20 mM HEPES, 4 mM GlutaMAX, 2% sodium bicarbonate, 1% Pen/Strep, 1% 100× non-essential amino acids] are sown per well of a 384 multititre plate (from Greiner, TC plate, black with clear base) and incubated at 33° C., 5% CO2 for 24 hours. Prior to the measurement, the medium is replaced by 30 μl of Fluo-8 AM loading buffer [calcium-free Tyrode (130 mM NaCl, 5 mM KCl, 20 mM HEPES, 1 mM MgCl2, 4.8 mM NaHCO3, pH 7.4), 2 mM CaCl2, 6.3 mM Probenecid, 5 μM Fluo-8 AM, 0.0112% Pluronic®] and incubated at 37° C., 5% CO2 for 30 minutes. The test substance is prepared in DMSO in various concentrations as a dose-response curve (starting concentration 10 mM, dilution factor 3.16) and prediluted 1:50 with calcium-free Tyrode, 2 mM CaCl2, 0.002% SmartBlock (from CANDOR Bioscience GmbH). 10 μl of the prediluted substance solution are added to the Fluo-8-laden cells and incubated at 37° C., 5% CO2 for 10 minutes. The FP receptor is activated by adding 40 μl of 2 nM (final concentration) PGF2α in calcium-free Tyrode, 2 mM CaCl2, 0.002% SmartBlock, and the calcium flux is determined by measuring the fluorescence at ex. 470 nm/em. 525 nm in a fluorescence measuring instrument (FLIPR Tetra®, Molecular Devices) for 120 seconds.",CHEMBL5728790,P43088,Prostaglandin F2-alpha receptor,IC50,Cc1c(-c2ccccc2)nc2ccc(Br)cc2c1C(=O)NCC(CCC(=O)O)c1ccccc1F,7.853871964321762
CHEMBL4297633,CHEMBL1987,Prostaglandin F2-alpha receptor,EC50,=,3030.0,nM,CHEMBL5242760,B,Agonist activity at FP receptor (unknown origin),CHEMBL5241102,P43088,Prostaglandin F2-alpha receptor,EC50,CC(C)OC(=O)CCC[C@H]1CC[C@@H]2[C@@H](/C=C/[C@@H](O)COc3cc(F)ccc3F)[C@H](O)C[C@@H]2OC1,5.518557371497695
CHEMBL5095395,CHEMBL1987,Prostaglandin F2-alpha receptor,EC50,=,22.3,nM,CHEMBL5242760,B,Agonist activity at FP receptor (unknown origin),CHEMBL5241102,P43088,Prostaglandin F2-alpha receptor,EC50,O=C(O)CCC[C@H]1CC[C@@H]2[C@@H](/C=C/[C@@H](O)COc3cc(F)ccc3F)[C@H](O)C[C@@H]2OC1,7.651695136951839
