molecule_chembl_id,target_chembl_id,target_pref_name,standard_type,standard_relation,standard_value,standard_units,assay_chembl_id,assay_type,assay_description,document_chembl_id,uniprot_id,target_pref_name,readout,smiles,pActivity
CHEMBL2220404,CHEMBL3710,Prostaglandin E2 receptor EP3 subtype,IC50,=,635.0,nM,CHEMBL763371,B,Affinity for Prostanoid EP3 receptor expressed in CHO cell line,CHEMBL1132967,P43115,Prostaglandin E2 receptor EP3 subtype,IC50,O=C(O)CCC/C=C\CC1C(O)CC(O)C1/C=C/C(O)COc1cccc(Cl)c1,6.197226274708024
CHEMBL369797,CHEMBL3710,Prostaglandin E2 receptor EP3 subtype,IC50,=,1000.0,nM,CHEMBL763371,B,Affinity for Prostanoid EP3 receptor expressed in CHO cell line,CHEMBL1132967,P43115,Prostaglandin E2 receptor EP3 subtype,IC50,O=C(O)CCCCCC[C@@H]1[C@@H](CCC(O)CSc2cccs2)[C@H](O)C[C@@H]1O,6.0
CHEMBL425681,CHEMBL3710,Prostaglandin E2 receptor EP3 subtype,IC50,=,5900.0,nM,CHEMBL763371,B,Affinity for Prostanoid EP3 receptor expressed in CHO cell line,CHEMBL1132967,P43115,Prostaglandin E2 receptor EP3 subtype,IC50,O=C(O)CCCCCC[C@@H]1[C@@H](CC[C@@H](O)COc2ccccc2)[C@H](O)C[C@@H]1O,5.229147988357855
CHEMBL36041,CHEMBL3710,Prostaglandin E2 receptor EP3 subtype,IC50,=,3100.0,nM,CHEMBL763371,B,Affinity for Prostanoid EP3 receptor expressed in CHO cell line,CHEMBL1132967,P43115,Prostaglandin E2 receptor EP3 subtype,IC50,O=C(O)CCCCCC[C@@H]1[C@@H](CC[C@@H](O)COc2cccc(Cl)c2)[C@H](O)C[C@@H]1O,5.508638306165727
CHEMBL815,CHEMBL3710,Prostaglandin E2 receptor EP3 subtype,IC50,=,322.0,nM,CHEMBL763371,B,Affinity for Prostanoid EP3 receptor expressed in CHO cell line,CHEMBL1132967,P43115,Prostaglandin E2 receptor EP3 subtype,IC50,CCCCC[C@H](O)/C=C/[C@@H]1[C@@H](C/C=C\CCCC(=O)O)[C@@H](O)C[C@H]1O,6.492144128304169
CHEMBL815,CHEMBL3710,Prostaglandin E2 receptor EP3 subtype,IC50,=,110.0,nM,CHEMBL764942,B,In vitro binding at EP3 human prostaglandin receptor using [3H]PGE-2 as radioligand,CHEMBL1134785,P43115,Prostaglandin E2 receptor EP3 subtype,IC50,CCCCC[C@H](O)/C=C/[C@@H]1[C@@H](C/C=C\CCCC(=O)O)[C@@H](O)C[C@H]1O,6.958607314841775
CHEMBL289568,CHEMBL3710,Prostaglandin E2 receptor EP3 subtype,IC50,=,3700.0,nM,CHEMBL769418,B,Displacement of [3H]PGE-2 from human Prostaglandin E receptor EP3 expressed in CHO-KI cells,CHEMBL1133030,P43115,Prostaglandin E2 receptor EP3 subtype,IC50,O=C(O)CCCCCC[C@@H]1[C@@H](CC[C@@H](O)CCc2cccc(F)c2)[C@H](O)C[C@@H]1O,5.431798275933005
CHEMBL382197,CHEMBL3710,Prostaglandin E2 receptor EP3 subtype,IC50,=,20000.0,nM,CHEMBL869625,B,Binding affinity to human EP3 receptor expressed in HEK293 cells,CHEMBL1146126,P43115,Prostaglandin E2 receptor EP3 subtype,IC50,O=C(O)c1ccc(CCCN2C(=O)CC[C@@H]2CCC(O)Cc2cccc(-c3ccccc3)c2)s1,4.698970004336019
CHEMBL467632,CHEMBL3710,Prostaglandin E2 receptor EP3 subtype,IC50,=,3.0,nM,CHEMBL963081,B,Displacement of [3H]PGE2 from human EP3 receptor,CHEMBL1139279,P43115,Prostaglandin E2 receptor EP3 subtype,IC50,O=C(COc1cccc2[nH]cc(Cc3ccc4ccccc4c3)c12)NS(=O)(=O)c1cc(Cl)c(Cl)s1,8.522878745280337
CHEMBL466594,CHEMBL3710,Prostaglandin E2 receptor EP3 subtype,IC50,=,545.0,nM,CHEMBL963081,B,Displacement of [3H]PGE2 from human EP3 receptor,CHEMBL1139279,P43115,Prostaglandin E2 receptor EP3 subtype,IC50,O=C(COc1cccc2[nH]cc(C(=O)c3ccc4ccccc4c3)c12)NS(=O)(=O)c1cc(Cl)c(Cl)s1,6.2636034977233574
CHEMBL466184,CHEMBL3710,Prostaglandin E2 receptor EP3 subtype,IC50,=,2.0,nM,CHEMBL963081,B,Displacement of [3H]PGE2 from human EP3 receptor,CHEMBL1139279,P43115,Prostaglandin E2 receptor EP3 subtype,IC50,O=C(COc1cccc2[nH]cc(Sc3ccc4ccccc4c3)c12)NS(=O)(=O)c1ccc(F)c(F)c1,8.698970004336019
CHEMBL482379,CHEMBL3710,Prostaglandin E2 receptor EP3 subtype,IC50,=,1.2,nM,CHEMBL963081,B,Displacement of [3H]PGE2 from human EP3 receptor,CHEMBL1139279,P43115,Prostaglandin E2 receptor EP3 subtype,IC50,COc1ccc(OC)c(S(=O)(=O)NC(=O)COc2cccc3[nH]cc(Sc4ccc5ccccc5c4)c23)c1,8.920818753952375
CHEMBL482380,CHEMBL3710,Prostaglandin E2 receptor EP3 subtype,IC50,=,1.4,nM,CHEMBL963081,B,Displacement of [3H]PGE2 from human EP3 receptor,CHEMBL1139279,P43115,Prostaglandin E2 receptor EP3 subtype,IC50,O=C(COc1cccc2[nH]cc(Sc3ccc4ccccc4c3)c12)NS(=O)(=O)c1ccccc1Cl,8.853871964321762
CHEMBL520290,CHEMBL3710,Prostaglandin E2 receptor EP3 subtype,IC50,=,3.0,nM,CHEMBL963081,B,Displacement of [3H]PGE2 from human EP3 receptor,CHEMBL1139279,P43115,Prostaglandin E2 receptor EP3 subtype,IC50,O=C(COc1cccc2[nH]cc(Sc3ccc4ccccc4c3)c12)NS(=O)(=O)c1cccs1,8.522878745280337
CHEMBL481589,CHEMBL3710,Prostaglandin E2 receptor EP3 subtype,IC50,=,3.6,nM,CHEMBL963081,B,Displacement of [3H]PGE2 from human EP3 receptor,CHEMBL1139279,P43115,Prostaglandin E2 receptor EP3 subtype,IC50,O=C(COc1cccc2[nH]cc(Sc3ccc4ccccc4c3)c12)NS(=O)(=O)c1cc(Cl)cc(Cl)c1,8.443697499232712
CHEMBL481004,CHEMBL3710,Prostaglandin E2 receptor EP3 subtype,IC50,=,5.7,nM,CHEMBL963081,B,Displacement of [3H]PGE2 from human EP3 receptor,CHEMBL1139279,P43115,Prostaglandin E2 receptor EP3 subtype,IC50,O=C(COc1cccc2[nH]cc(Sc3ccc4ccccc4c3)c12)NS(=O)(=O)c1cc(F)cc(F)c1,8.244125144327509
CHEMBL520757,CHEMBL3710,Prostaglandin E2 receptor EP3 subtype,IC50,=,122.1,nM,CHEMBL963081,B,Displacement of [3H]PGE2 from human EP3 receptor,CHEMBL1139279,P43115,Prostaglandin E2 receptor EP3 subtype,IC50,Cc1noc(C)c1S(=O)(=O)NC(=O)COc1cccc2[nH]cc(Sc3ccc4ccccc4c3)c12,6.913284336055117
CHEMBL464031,CHEMBL3710,Prostaglandin E2 receptor EP3 subtype,IC50,=,2.0,nM,CHEMBL963081,B,Displacement of [3H]PGE2 from human EP3 receptor,CHEMBL1139279,P43115,Prostaglandin E2 receptor EP3 subtype,IC50,O=C(COc1cccc2[nH]cc(Sc3ccc4ccccc4c3)c12)NS(=O)(=O)c1cccc(Cl)c1,8.698970004336019
CHEMBL464032,CHEMBL3710,Prostaglandin E2 receptor EP3 subtype,IC50,=,9.7,nM,CHEMBL963081,B,Displacement of [3H]PGE2 from human EP3 receptor,CHEMBL1139279,P43115,Prostaglandin E2 receptor EP3 subtype,IC50,O=C(COc1cccc2[nH]cc(Sc3ccc4ccccc4c3)c12)NS(=O)(=O)c1cc(Cl)c(Cl)s1,8.013228265733755
CHEMBL465947,CHEMBL3710,Prostaglandin E2 receptor EP3 subtype,IC50,=,0.7,nM,CHEMBL963081,B,Displacement of [3H]PGE2 from human EP3 receptor,CHEMBL1139279,P43115,Prostaglandin E2 receptor EP3 subtype,IC50,COc1ccc(S(=O)(=O)NC(=O)COc2cccc3[nH]cc(Sc4ccc5ccccc5c4)c23)cc1,9.154901959985743
CHEMBL517165,CHEMBL3710,Prostaglandin E2 receptor EP3 subtype,IC50,=,4.5,nM,CHEMBL963081,B,Displacement of [3H]PGE2 from human EP3 receptor,CHEMBL1139279,P43115,Prostaglandin E2 receptor EP3 subtype,IC50,O=C(COc1cccc2[nH]cc(Sc3ccc4ccccc4c3)c12)NS(=O)(=O)c1ccc(Cl)s1,8.346787486224656
CHEMBL464063,CHEMBL3710,Prostaglandin E2 receptor EP3 subtype,IC50,=,2.2,nM,CHEMBL963081,B,Displacement of [3H]PGE2 from human EP3 receptor,CHEMBL1139279,P43115,Prostaglandin E2 receptor EP3 subtype,IC50,O=C(COc1cccc2[nH]cc(Sc3ccc4ccccc4c3)c12)NS(=O)(=O)c1ccccc1,8.657577319177793
CHEMBL517316,CHEMBL3710,Prostaglandin E2 receptor EP3 subtype,IC50,=,36.7,nM,CHEMBL963081,B,Displacement of [3H]PGE2 from human EP3 receptor,CHEMBL1139279,P43115,Prostaglandin E2 receptor EP3 subtype,IC50,Cc1nnc(Sc2c[nH]c3cccc(OCC(=O)NS(=O)(=O)c4cc(Cl)c(Cl)s4)c23)s1,7.435333935747911
CHEMBL465122,CHEMBL3710,Prostaglandin E2 receptor EP3 subtype,IC50,=,27.6,nM,CHEMBL963081,B,Displacement of [3H]PGE2 from human EP3 receptor,CHEMBL1139279,P43115,Prostaglandin E2 receptor EP3 subtype,IC50,O=C(COc1cccc2[nH]cc(Sc3ccc(Cl)cc3Cl)c12)NS(=O)(=O)c1cc(Cl)c(Cl)s1,7.559090917934782
CHEMBL464271,CHEMBL3710,Prostaglandin E2 receptor EP3 subtype,IC50,=,18.3,nM,CHEMBL963081,B,Displacement of [3H]PGE2 from human EP3 receptor,CHEMBL1139279,P43115,Prostaglandin E2 receptor EP3 subtype,IC50,O=C(COc1cccc2[nH]cc(Sc3ccc(F)cc3F)c12)NS(=O)(=O)c1cc(Cl)c(Cl)s1,7.73754891026957
CHEMBL518396,CHEMBL3710,Prostaglandin E2 receptor EP3 subtype,IC50,=,1.3,nM,CHEMBL963081,B,Displacement of [3H]PGE2 from human EP3 receptor,CHEMBL1139279,P43115,Prostaglandin E2 receptor EP3 subtype,IC50,Cc1ccc(Sc2c[nH]c3cccc(OCC(=O)NS(=O)(=O)c4cc(Cl)c(Cl)s4)c23)c(C)c1,8.886056647693163
CHEMBL464270,CHEMBL3710,Prostaglandin E2 receptor EP3 subtype,IC50,=,24.1,nM,CHEMBL963081,B,Displacement of [3H]PGE2 from human EP3 receptor,CHEMBL1139279,P43115,Prostaglandin E2 receptor EP3 subtype,IC50,COc1ccc(OC)c(Sc2c[nH]c3cccc(OCC(=O)NS(=O)(=O)c4cc(Cl)c(Cl)s4)c23)c1,7.617982957425132
CHEMBL517385,CHEMBL3710,Prostaglandin E2 receptor EP3 subtype,IC50,=,7.6,nM,CHEMBL963081,B,Displacement of [3H]PGE2 from human EP3 receptor,CHEMBL1139279,P43115,Prostaglandin E2 receptor EP3 subtype,IC50,O=C(COc1cccc2[nH]cc(Sc3nc4ccccc4s3)c12)NS(=O)(=O)c1cc(Cl)c(Cl)s1,8.119186407719209
CHEMBL480011,CHEMBL3710,Prostaglandin E2 receptor EP3 subtype,IC50,=,1.8,nM,CHEMBL963081,B,Displacement of [3H]PGE2 from human EP3 receptor,CHEMBL1139279,P43115,Prostaglandin E2 receptor EP3 subtype,IC50,O=C(COc1cccc2[nH]cc(Sc3ccc(F)cc3Cl)c12)NS(=O)(=O)c1cc(Cl)c(Cl)s1,8.744727494896694
CHEMBL480012,CHEMBL3710,Prostaglandin E2 receptor EP3 subtype,IC50,=,13.7,nM,CHEMBL963081,B,Displacement of [3H]PGE2 from human EP3 receptor,CHEMBL1139279,P43115,Prostaglandin E2 receptor EP3 subtype,IC50,O=C(COc1cccc2[nH]cc(Sc3ccccc3Cl)c12)NS(=O)(=O)c1cc(Cl)c(Cl)s1,7.863279432843593
CHEMBL482177,CHEMBL3710,Prostaglandin E2 receptor EP3 subtype,IC50,=,24.0,nM,CHEMBL963081,B,Displacement of [3H]PGE2 from human EP3 receptor,CHEMBL1139279,P43115,Prostaglandin E2 receptor EP3 subtype,IC50,COc1ccccc1Sc1c[nH]c2cccc(OCC(=O)NS(=O)(=O)c3cc(Cl)c(Cl)s3)c12,7.619788758288394
CHEMBL481582,CHEMBL3710,Prostaglandin E2 receptor EP3 subtype,IC50,=,2.8,nM,CHEMBL963081,B,Displacement of [3H]PGE2 from human EP3 receptor,CHEMBL1139279,P43115,Prostaglandin E2 receptor EP3 subtype,IC50,O=C(COc1cccc2[nH]cc(Sc3ccccn3)c12)NS(=O)(=O)c1cc(Cl)c(Cl)s1,8.55284196865778
CHEMBL520933,CHEMBL3710,Prostaglandin E2 receptor EP3 subtype,IC50,=,4.7,nM,CHEMBL963081,B,Displacement of [3H]PGE2 from human EP3 receptor,CHEMBL1139279,P43115,Prostaglandin E2 receptor EP3 subtype,IC50,O=C(COc1cccc2[nH]cc(Sc3ccc4ccccc4n3)c12)NS(=O)(=O)c1cc(Cl)c(Cl)s1,8.327902142064282
CHEMBL480604,CHEMBL3710,Prostaglandin E2 receptor EP3 subtype,IC50,=,37.9,nM,CHEMBL963081,B,Displacement of [3H]PGE2 from human EP3 receptor,CHEMBL1139279,P43115,Prostaglandin E2 receptor EP3 subtype,IC50,O=C(COc1cccc2[nH]cc(Sc3nc[nH]n3)c12)NS(=O)(=O)c1cc(Cl)c(Cl)s1,7.421360790031928
CHEMBL519598,CHEMBL3710,Prostaglandin E2 receptor EP3 subtype,IC50,=,1.3,nM,CHEMBL963081,B,Displacement of [3H]PGE2 from human EP3 receptor,CHEMBL1139279,P43115,Prostaglandin E2 receptor EP3 subtype,IC50,O=C(COc1cccc2[nH]cc(Sc3ccc(Cl)c(Cl)c3)c12)NS(=O)(=O)c1cc(Cl)c(Cl)s1,8.886056647693163
CHEMBL520741,CHEMBL3710,Prostaglandin E2 receptor EP3 subtype,IC50,=,9.3,nM,CHEMBL963081,B,Displacement of [3H]PGE2 from human EP3 receptor,CHEMBL1139279,P43115,Prostaglandin E2 receptor EP3 subtype,IC50,COc1ccc(Sc2c[nH]c3cccc(OCC(=O)NS(=O)(=O)c4cc(Cl)c(Cl)s4)c23)cc1OC,8.031517051446064
CHEMBL479435,CHEMBL3710,Prostaglandin E2 receptor EP3 subtype,IC50,=,3.6,nM,CHEMBL963081,B,Displacement of [3H]PGE2 from human EP3 receptor,CHEMBL1139279,P43115,Prostaglandin E2 receptor EP3 subtype,IC50,NC(=O)Cc1ccc(Sc2c[nH]c3cccc(OCC(=O)NS(=O)(=O)c4cc(Cl)c(Cl)s4)c23)cc1,8.443697499232712
CHEMBL479433,CHEMBL3710,Prostaglandin E2 receptor EP3 subtype,IC50,=,3.4,nM,CHEMBL963081,B,Displacement of [3H]PGE2 from human EP3 receptor,CHEMBL1139279,P43115,Prostaglandin E2 receptor EP3 subtype,IC50,O=C(COc1cccc2[nH]cc(Sc3ccc(Cl)cc3)c12)NS(=O)(=O)c1cc(Cl)c(Cl)s1,8.468521082957745
CHEMBL479434,CHEMBL3710,Prostaglandin E2 receptor EP3 subtype,IC50,=,0.5,nM,CHEMBL963081,B,Displacement of [3H]PGE2 from human EP3 receptor,CHEMBL1139279,P43115,Prostaglandin E2 receptor EP3 subtype,IC50,COc1ccc(Sc2c[nH]c3cccc(OCC(=O)NS(=O)(=O)c4cc(Cl)c(Cl)s4)c23)cc1,9.301029995663981
CHEMBL481984,CHEMBL3710,Prostaglandin E2 receptor EP3 subtype,IC50,=,8.2,nM,CHEMBL963081,B,Displacement of [3H]PGE2 from human EP3 receptor,CHEMBL1139279,P43115,Prostaglandin E2 receptor EP3 subtype,IC50,Cn1nnnc1Sc1c[nH]c2cccc(OCC(=O)NS(=O)(=O)c3cc(Cl)c(Cl)s3)c12,8.086186147616283
CHEMBL518110,CHEMBL3710,Prostaglandin E2 receptor EP3 subtype,IC50,=,5.2,nM,CHEMBL963081,B,Displacement of [3H]PGE2 from human EP3 receptor,CHEMBL1139279,P43115,Prostaglandin E2 receptor EP3 subtype,IC50,O=C(COc1cccc2[nH]cc(Sc3ccccc3)c12)NS(=O)(=O)c1cc(Cl)c(Cl)s1,8.2839966563652
CHEMBL465923,CHEMBL3710,Prostaglandin E2 receptor EP3 subtype,IC50,=,2.5,nM,CHEMBL963081,B,Displacement of [3H]PGE2 from human EP3 receptor,CHEMBL1139279,P43115,Prostaglandin E2 receptor EP3 subtype,IC50,Cn1c(Sc2c[nH]c3cccc(OCC(=O)NS(=O)(=O)c4cc(Cl)c(Cl)s4)c23)nc2ccccc21,8.602059991327963
CHEMBL518387,CHEMBL3710,Prostaglandin E2 receptor EP3 subtype,IC50,=,66.1,nM,CHEMBL963081,B,Displacement of [3H]PGE2 from human EP3 receptor,CHEMBL1139279,P43115,Prostaglandin E2 receptor EP3 subtype,IC50,O=C(COc1cccc2[nH]cc(Sc3ncc[nH]3)c12)NS(=O)(=O)c1cc(Cl)c(Cl)s1,7.17979854051436
CHEMBL464059,CHEMBL3710,Prostaglandin E2 receptor EP3 subtype,IC50,=,9.4,nM,CHEMBL963081,B,Displacement of [3H]PGE2 from human EP3 receptor,CHEMBL1139279,P43115,Prostaglandin E2 receptor EP3 subtype,IC50,COc1cccc(S(=O)(=O)c2c[nH]c3cccc(OCC(=O)NS(=O)(=O)c4cc(Cl)c(Cl)s4)c23)c1,8.0268721464003
CHEMBL517180,CHEMBL3710,Prostaglandin E2 receptor EP3 subtype,IC50,=,3.6,nM,CHEMBL963081,B,Displacement of [3H]PGE2 from human EP3 receptor,CHEMBL1139279,P43115,Prostaglandin E2 receptor EP3 subtype,IC50,O=C(COc1cccc2[nH]cc(S(=O)(=O)c3ccc4ccccc4c3)c12)NS(=O)(=O)c1ccc(F)c(F)c1,8.443697499232712
CHEMBL464237,CHEMBL3710,Prostaglandin E2 receptor EP3 subtype,IC50,=,18.8,nM,CHEMBL963081,B,Displacement of [3H]PGE2 from human EP3 receptor,CHEMBL1139279,P43115,Prostaglandin E2 receptor EP3 subtype,IC50,COc1ccc(OC)c(S(=O)(=O)NC(=O)COc2cccc3[nH]cc(S(=O)(=O)c4ccc5ccccc5c4)c23)c1,7.72584215073632
CHEMBL465297,CHEMBL3710,Prostaglandin E2 receptor EP3 subtype,IC50,=,79.6,nM,CHEMBL963081,B,Displacement of [3H]PGE2 from human EP3 receptor,CHEMBL1139279,P43115,Prostaglandin E2 receptor EP3 subtype,IC50,O=C(COc1cccc2[nH]cc(S(=O)(=O)c3ccc4ccccc4c3)c12)NS(=O)(=O)c1ccccc1Cl,7.099086932262331
CHEMBL465298,CHEMBL3710,Prostaglandin E2 receptor EP3 subtype,IC50,=,40.2,nM,CHEMBL963081,B,Displacement of [3H]PGE2 from human EP3 receptor,CHEMBL1139279,P43115,Prostaglandin E2 receptor EP3 subtype,IC50,O=C(COc1cccc2[nH]cc(S(=O)(=O)c3ccc4ccccc4c3)c12)NS(=O)(=O)c1cccs1,7.39577394691553
CHEMBL516708,CHEMBL3710,Prostaglandin E2 receptor EP3 subtype,IC50,=,8.8,nM,CHEMBL963081,B,Displacement of [3H]PGE2 from human EP3 receptor,CHEMBL1139279,P43115,Prostaglandin E2 receptor EP3 subtype,IC50,O=C(COc1cccc2[nH]cc(S(=O)(=O)c3ccc4ccccc4c3)c12)NS(=O)(=O)c1cc(Cl)cc(Cl)c1,8.05551732784983
CHEMBL480992,CHEMBL3710,Prostaglandin E2 receptor EP3 subtype,IC50,=,3.9,nM,CHEMBL963081,B,Displacement of [3H]PGE2 from human EP3 receptor,CHEMBL1139279,P43115,Prostaglandin E2 receptor EP3 subtype,IC50,O=C(COc1cccc2[nH]cc(S(=O)(=O)c3ccc4ccccc4c3)c12)NS(=O)(=O)c1cc(F)cc(F)c1,8.4089353929735
CHEMBL481183,CHEMBL3710,Prostaglandin E2 receptor EP3 subtype,IC50,=,41.0,nM,CHEMBL963081,B,Displacement of [3H]PGE2 from human EP3 receptor,CHEMBL1139279,P43115,Prostaglandin E2 receptor EP3 subtype,IC50,Cc1noc(C)c1S(=O)(=O)NC(=O)COc1cccc2[nH]cc(S(=O)(=O)c3ccc4ccccc4c3)c12,7.3872161432802645
CHEMBL520425,CHEMBL3710,Prostaglandin E2 receptor EP3 subtype,IC50,=,5.9,nM,CHEMBL963081,B,Displacement of [3H]PGE2 from human EP3 receptor,CHEMBL1139279,P43115,Prostaglandin E2 receptor EP3 subtype,IC50,O=C(COc1cccc2[nH]cc(S(=O)(=O)c3ccc4ccccc4c3)c12)NS(=O)(=O)c1cccc(Cl)c1,8.229147988357855
CHEMBL479427,CHEMBL3710,Prostaglandin E2 receptor EP3 subtype,IC50,=,1.7,nM,CHEMBL963081,B,Displacement of [3H]PGE2 from human EP3 receptor,CHEMBL1139279,P43115,Prostaglandin E2 receptor EP3 subtype,IC50,O=C(COc1cccc2[nH]cc(S(=O)(=O)c3ccc4ccccc4c3)c12)NS(=O)(=O)c1cc(Cl)c(Cl)s1,8.769551078621726
CHEMBL520108,CHEMBL3710,Prostaglandin E2 receptor EP3 subtype,IC50,=,544.4,nM,CHEMBL963081,B,Displacement of [3H]PGE2 from human EP3 receptor,CHEMBL1139279,P43115,Prostaglandin E2 receptor EP3 subtype,IC50,COc1ccc(S(=O)(=O)NC(=O)COc2cccc3[nH]cc(S(=O)(=O)c4ccc5ccccc5c4)c23)cc1,6.2640818834687035
CHEMBL481782,CHEMBL3710,Prostaglandin E2 receptor EP3 subtype,IC50,=,9.2,nM,CHEMBL963081,B,Displacement of [3H]PGE2 from human EP3 receptor,CHEMBL1139279,P43115,Prostaglandin E2 receptor EP3 subtype,IC50,O=C(COc1cccc2[nH]cc(S(=O)(=O)c3ccc4ccccc4c3)c12)NS(=O)(=O)c1ccc(Cl)s1,8.036212172654444
CHEMBL481783,CHEMBL3710,Prostaglandin E2 receptor EP3 subtype,IC50,=,52.0,nM,CHEMBL963081,B,Displacement of [3H]PGE2 from human EP3 receptor,CHEMBL1139279,P43115,Prostaglandin E2 receptor EP3 subtype,IC50,O=C(COc1cccc2[nH]cc(S(=O)(=O)c3ccc4ccccc4c3)c12)NS(=O)(=O)c1ccccc1,7.2839966563652006
CHEMBL480416,CHEMBL3710,Prostaglandin E2 receptor EP3 subtype,IC50,=,198.0,nM,CHEMBL963081,B,Displacement of [3H]PGE2 from human EP3 receptor,CHEMBL1139279,P43115,Prostaglandin E2 receptor EP3 subtype,IC50,Cc1nnc(S(=O)(=O)c2c[nH]c3cccc(OCC(=O)NS(=O)(=O)c4cc(Cl)c(Cl)s4)c23)s1,6.703334809738469
CHEMBL480609,CHEMBL3710,Prostaglandin E2 receptor EP3 subtype,IC50,=,44.8,nM,CHEMBL963081,B,Displacement of [3H]PGE2 from human EP3 receptor,CHEMBL1139279,P43115,Prostaglandin E2 receptor EP3 subtype,IC50,O=C(COc1cccc2[nH]cc(S(=O)(=O)c3ccc(Cl)cc3Cl)c12)NS(=O)(=O)c1cc(Cl)c(Cl)s1,7.3487219860018556
CHEMBL465915,CHEMBL3710,Prostaglandin E2 receptor EP3 subtype,IC50,=,13.8,nM,CHEMBL963081,B,Displacement of [3H]PGE2 from human EP3 receptor,CHEMBL1139279,P43115,Prostaglandin E2 receptor EP3 subtype,IC50,O=C(COc1cccc2[nH]cc(S(=O)(=O)c3ccc(F)cc3F)c12)NS(=O)(=O)c1cc(Cl)c(Cl)s1,7.860120913598763
CHEMBL518109,CHEMBL3710,Prostaglandin E2 receptor EP3 subtype,IC50,=,5.7,nM,CHEMBL963081,B,Displacement of [3H]PGE2 from human EP3 receptor,CHEMBL1139279,P43115,Prostaglandin E2 receptor EP3 subtype,IC50,Cc1ccc(S(=O)(=O)c2c[nH]c3cccc(OCC(=O)NS(=O)(=O)c4cc(Cl)c(Cl)s4)c23)c(C)c1,8.244125144327509
CHEMBL466595,CHEMBL3710,Prostaglandin E2 receptor EP3 subtype,IC50,=,6.1,nM,CHEMBL963081,B,Displacement of [3H]PGE2 from human EP3 receptor,CHEMBL1139279,P43115,Prostaglandin E2 receptor EP3 subtype,IC50,COc1ccc(OC)c(S(=O)(=O)c2c[nH]c3cccc(OCC(=O)NS(=O)(=O)c4cc(Cl)c(Cl)s4)c23)c1,8.214670164989233
CHEMBL513305,CHEMBL3710,Prostaglandin E2 receptor EP3 subtype,IC50,=,44.0,nM,CHEMBL963081,B,Displacement of [3H]PGE2 from human EP3 receptor,CHEMBL1139279,P43115,Prostaglandin E2 receptor EP3 subtype,IC50,O=C(COc1cccc2[nH]cc(S(=O)(=O)c3nc4ccccc4s3)c12)NS(=O)(=O)c1cc(Cl)c(Cl)s1,7.356547323513812
CHEMBL469303,CHEMBL3710,Prostaglandin E2 receptor EP3 subtype,IC50,=,20.2,nM,CHEMBL963081,B,Displacement of [3H]PGE2 from human EP3 receptor,CHEMBL1139279,P43115,Prostaglandin E2 receptor EP3 subtype,IC50,O=C(COc1cccc2[nH]cc(S(=O)(=O)c3ccc(F)cc3Cl)c12)NS(=O)(=O)c1cc(Cl)c(Cl)s1,7.694648630553377
CHEMBL469304,CHEMBL3710,Prostaglandin E2 receptor EP3 subtype,IC50,=,43.0,nM,CHEMBL963081,B,Displacement of [3H]PGE2 from human EP3 receptor,CHEMBL1139279,P43115,Prostaglandin E2 receptor EP3 subtype,IC50,O=C(COc1cccc2[nH]cc(S(=O)(=O)c3ccccc3Cl)c12)NS(=O)(=O)c1cc(Cl)c(Cl)s1,7.366531544420413
CHEMBL512993,CHEMBL3710,Prostaglandin E2 receptor EP3 subtype,IC50,=,11.9,nM,CHEMBL963081,B,Displacement of [3H]PGE2 from human EP3 receptor,CHEMBL1139279,P43115,Prostaglandin E2 receptor EP3 subtype,IC50,COc1ccccc1S(=O)(=O)c1c[nH]c2cccc(OCC(=O)NS(=O)(=O)c3cc(Cl)c(Cl)s3)c12,7.924453038607469
CHEMBL481590,CHEMBL3710,Prostaglandin E2 receptor EP3 subtype,IC50,=,95.0,nM,CHEMBL963081,B,Displacement of [3H]PGE2 from human EP3 receptor,CHEMBL1139279,P43115,Prostaglandin E2 receptor EP3 subtype,IC50,O=C(COc1cccc2[nH]cc(S(=O)(=O)c3ccccn3)c12)NS(=O)(=O)c1cc(Cl)c(Cl)s1,7.022276394711152
CHEMBL521103,CHEMBL3710,Prostaglandin E2 receptor EP3 subtype,IC50,=,18.8,nM,CHEMBL963081,B,Displacement of [3H]PGE2 from human EP3 receptor,CHEMBL1139279,P43115,Prostaglandin E2 receptor EP3 subtype,IC50,O=C(COc1cccc2[nH]cc(S(=O)(=O)c3ccc4ccccc4n3)c12)NS(=O)(=O)c1cc(Cl)c(Cl)s1,7.72584215073632
CHEMBL480808,CHEMBL3710,Prostaglandin E2 receptor EP3 subtype,IC50,=,236.2,nM,CHEMBL963081,B,Displacement of [3H]PGE2 from human EP3 receptor,CHEMBL1139279,P43115,Prostaglandin E2 receptor EP3 subtype,IC50,O=C(COc1cccc2[nH]cc(S(=O)(=O)c3nc[nH]n3)c12)NS(=O)(=O)c1cc(Cl)c(Cl)s1,6.6267201067225034
CHEMBL480809,CHEMBL3710,Prostaglandin E2 receptor EP3 subtype,IC50,=,4.7,nM,CHEMBL963081,B,Displacement of [3H]PGE2 from human EP3 receptor,CHEMBL1139279,P43115,Prostaglandin E2 receptor EP3 subtype,IC50,O=C(COc1cccc2[nH]cc(S(=O)(=O)c3ccc(Cl)c(Cl)c3)c12)NS(=O)(=O)c1cc(Cl)c(Cl)s1,8.327902142064282
CHEMBL516686,CHEMBL3710,Prostaglandin E2 receptor EP3 subtype,IC50,=,11.4,nM,CHEMBL963081,B,Displacement of [3H]PGE2 from human EP3 receptor,CHEMBL1139279,P43115,Prostaglandin E2 receptor EP3 subtype,IC50,COc1ccc(S(=O)(=O)c2c[nH]c3cccc(OCC(=O)NS(=O)(=O)c4cc(Cl)c(Cl)s4)c23)cc1OC,7.943095148663527
CHEMBL464042,CHEMBL3710,Prostaglandin E2 receptor EP3 subtype,IC50,=,27.8,nM,CHEMBL963081,B,Displacement of [3H]PGE2 from human EP3 receptor,CHEMBL1139279,P43115,Prostaglandin E2 receptor EP3 subtype,IC50,NC(=O)Cc1ccc(S(=O)(=O)c2c[nH]c3cccc(OCC(=O)NS(=O)(=O)c4cc(Cl)c(Cl)s4)c23)cc1,7.555955204081924
CHEMBL464905,CHEMBL3710,Prostaglandin E2 receptor EP3 subtype,IC50,=,14.3,nM,CHEMBL963081,B,Displacement of [3H]PGE2 from human EP3 receptor,CHEMBL1139279,P43115,Prostaglandin E2 receptor EP3 subtype,IC50,O=C(COc1cccc2[nH]cc(S(=O)(=O)c3ccc(Cl)cc3)c12)NS(=O)(=O)c1cc(Cl)c(Cl)s1,7.844663962534938
CHEMBL464906,CHEMBL3710,Prostaglandin E2 receptor EP3 subtype,IC50,=,30.0,nM,CHEMBL963081,B,Displacement of [3H]PGE2 from human EP3 receptor,CHEMBL1139279,P43115,Prostaglandin E2 receptor EP3 subtype,IC50,COc1ccc(S(=O)(=O)c2c[nH]c3cccc(OCC(=O)NS(=O)(=O)c4cc(Cl)c(Cl)s4)c23)cc1,7.522878745280337
CHEMBL464073,CHEMBL3710,Prostaglandin E2 receptor EP3 subtype,IC50,=,88.4,nM,CHEMBL963081,B,Displacement of [3H]PGE2 from human EP3 receptor,CHEMBL1139279,P43115,Prostaglandin E2 receptor EP3 subtype,IC50,Cn1nnnc1S(=O)(=O)c1c[nH]c2cccc(OCC(=O)NS(=O)(=O)c3cc(Cl)c(Cl)s3)c12,7.053547734986926
CHEMBL464074,CHEMBL3710,Prostaglandin E2 receptor EP3 subtype,IC50,=,16.7,nM,CHEMBL963081,B,Displacement of [3H]PGE2 from human EP3 receptor,CHEMBL1139279,P43115,Prostaglandin E2 receptor EP3 subtype,IC50,O=C(COc1cccc2[nH]cc(S(=O)(=O)c3ccccc3)c12)NS(=O)(=O)c1cc(Cl)c(Cl)s1,7.777283528852417
CHEMBL466184,CHEMBL3710,Prostaglandin E2 receptor EP3 subtype,IC50,=,0.7,nM,CHEMBL963082,B,Displacement of [3H]PGE2 from human EP3 receptor in presence of 10% human serum,CHEMBL1139279,P43115,Prostaglandin E2 receptor EP3 subtype,IC50,O=C(COc1cccc2[nH]cc(Sc3ccc4ccccc4c3)c12)NS(=O)(=O)c1ccc(F)c(F)c1,9.154901959985743
CHEMBL482379,CHEMBL3710,Prostaglandin E2 receptor EP3 subtype,IC50,=,134.0,nM,CHEMBL963082,B,Displacement of [3H]PGE2 from human EP3 receptor in presence of 10% human serum,CHEMBL1139279,P43115,Prostaglandin E2 receptor EP3 subtype,IC50,COc1ccc(OC)c(S(=O)(=O)NC(=O)COc2cccc3[nH]cc(Sc4ccc5ccccc5c4)c23)c1,6.872895201635192
CHEMBL482380,CHEMBL3710,Prostaglandin E2 receptor EP3 subtype,IC50,=,48.7,nM,CHEMBL963082,B,Displacement of [3H]PGE2 from human EP3 receptor in presence of 10% human serum,CHEMBL1139279,P43115,Prostaglandin E2 receptor EP3 subtype,IC50,O=C(COc1cccc2[nH]cc(Sc3ccc4ccccc4c3)c12)NS(=O)(=O)c1ccccc1Cl,7.3124710387853655
CHEMBL520290,CHEMBL3710,Prostaglandin E2 receptor EP3 subtype,IC50,=,27.5,nM,CHEMBL963082,B,Displacement of [3H]PGE2 from human EP3 receptor in presence of 10% human serum,CHEMBL1139279,P43115,Prostaglandin E2 receptor EP3 subtype,IC50,O=C(COc1cccc2[nH]cc(Sc3ccc4ccccc4c3)c12)NS(=O)(=O)c1cccs1,7.560667306169737
CHEMBL481589,CHEMBL3710,Prostaglandin E2 receptor EP3 subtype,IC50,=,2.3,nM,CHEMBL963082,B,Displacement of [3H]PGE2 from human EP3 receptor in presence of 10% human serum,CHEMBL1139279,P43115,Prostaglandin E2 receptor EP3 subtype,IC50,O=C(COc1cccc2[nH]cc(Sc3ccc4ccccc4c3)c12)NS(=O)(=O)c1cc(Cl)cc(Cl)c1,8.638272163982407
CHEMBL481004,CHEMBL3710,Prostaglandin E2 receptor EP3 subtype,IC50,=,4.2,nM,CHEMBL963082,B,Displacement of [3H]PGE2 from human EP3 receptor in presence of 10% human serum,CHEMBL1139279,P43115,Prostaglandin E2 receptor EP3 subtype,IC50,O=C(COc1cccc2[nH]cc(Sc3ccc4ccccc4c3)c12)NS(=O)(=O)c1cc(F)cc(F)c1,8.3767507096021
CHEMBL464031,CHEMBL3710,Prostaglandin E2 receptor EP3 subtype,IC50,=,2.2,nM,CHEMBL963082,B,Displacement of [3H]PGE2 from human EP3 receptor in presence of 10% human serum,CHEMBL1139279,P43115,Prostaglandin E2 receptor EP3 subtype,IC50,O=C(COc1cccc2[nH]cc(Sc3ccc4ccccc4c3)c12)NS(=O)(=O)c1cccc(Cl)c1,8.657577319177793
CHEMBL464032,CHEMBL3710,Prostaglandin E2 receptor EP3 subtype,IC50,=,0.3,nM,CHEMBL963082,B,Displacement of [3H]PGE2 from human EP3 receptor in presence of 10% human serum,CHEMBL1139279,P43115,Prostaglandin E2 receptor EP3 subtype,IC50,O=C(COc1cccc2[nH]cc(Sc3ccc4ccccc4c3)c12)NS(=O)(=O)c1cc(Cl)c(Cl)s1,9.522878745280337
CHEMBL465947,CHEMBL3710,Prostaglandin E2 receptor EP3 subtype,IC50,=,651.0,nM,CHEMBL963082,B,Displacement of [3H]PGE2 from human EP3 receptor in presence of 10% human serum,CHEMBL1139279,P43115,Prostaglandin E2 receptor EP3 subtype,IC50,COc1ccc(S(=O)(=O)NC(=O)COc2cccc3[nH]cc(Sc4ccc5ccccc5c4)c23)cc1,6.186419011431808
CHEMBL517165,CHEMBL3710,Prostaglandin E2 receptor EP3 subtype,IC50,=,3.6,nM,CHEMBL963082,B,Displacement of [3H]PGE2 from human EP3 receptor in presence of 10% human serum,CHEMBL1139279,P43115,Prostaglandin E2 receptor EP3 subtype,IC50,O=C(COc1cccc2[nH]cc(Sc3ccc4ccccc4c3)c12)NS(=O)(=O)c1ccc(Cl)s1,8.443697499232712
CHEMBL464063,CHEMBL3710,Prostaglandin E2 receptor EP3 subtype,IC50,=,10.1,nM,CHEMBL963082,B,Displacement of [3H]PGE2 from human EP3 receptor in presence of 10% human serum,CHEMBL1139279,P43115,Prostaglandin E2 receptor EP3 subtype,IC50,O=C(COc1cccc2[nH]cc(Sc3ccc4ccccc4c3)c12)NS(=O)(=O)c1ccccc1,7.995678626217357
CHEMBL465122,CHEMBL3710,Prostaglandin E2 receptor EP3 subtype,IC50,=,0.2,nM,CHEMBL963082,B,Displacement of [3H]PGE2 from human EP3 receptor in presence of 10% human serum,CHEMBL1139279,P43115,Prostaglandin E2 receptor EP3 subtype,IC50,O=C(COc1cccc2[nH]cc(Sc3ccc(Cl)cc3Cl)c12)NS(=O)(=O)c1cc(Cl)c(Cl)s1,9.698970004336019
CHEMBL464271,CHEMBL3710,Prostaglandin E2 receptor EP3 subtype,IC50,=,1.9,nM,CHEMBL963082,B,Displacement of [3H]PGE2 from human EP3 receptor in presence of 10% human serum,CHEMBL1139279,P43115,Prostaglandin E2 receptor EP3 subtype,IC50,O=C(COc1cccc2[nH]cc(Sc3ccc(F)cc3F)c12)NS(=O)(=O)c1cc(Cl)c(Cl)s1,8.721246399047171
CHEMBL518396,CHEMBL3710,Prostaglandin E2 receptor EP3 subtype,IC50,=,5.2,nM,CHEMBL963082,B,Displacement of [3H]PGE2 from human EP3 receptor in presence of 10% human serum,CHEMBL1139279,P43115,Prostaglandin E2 receptor EP3 subtype,IC50,Cc1ccc(Sc2c[nH]c3cccc(OCC(=O)NS(=O)(=O)c4cc(Cl)c(Cl)s4)c23)c(C)c1,8.2839966563652
CHEMBL464270,CHEMBL3710,Prostaglandin E2 receptor EP3 subtype,IC50,=,24.6,nM,CHEMBL963082,B,Displacement of [3H]PGE2 from human EP3 receptor in presence of 10% human serum,CHEMBL1139279,P43115,Prostaglandin E2 receptor EP3 subtype,IC50,COc1ccc(OC)c(Sc2c[nH]c3cccc(OCC(=O)NS(=O)(=O)c4cc(Cl)c(Cl)s4)c23)c1,7.609064892896621
CHEMBL517385,CHEMBL3710,Prostaglandin E2 receptor EP3 subtype,IC50,=,9.8,nM,CHEMBL963082,B,Displacement of [3H]PGE2 from human EP3 receptor in presence of 10% human serum,CHEMBL1139279,P43115,Prostaglandin E2 receptor EP3 subtype,IC50,O=C(COc1cccc2[nH]cc(Sc3nc4ccccc4s3)c12)NS(=O)(=O)c1cc(Cl)c(Cl)s1,8.008773924307505
CHEMBL480011,CHEMBL3710,Prostaglandin E2 receptor EP3 subtype,IC50,=,2.6,nM,CHEMBL963082,B,Displacement of [3H]PGE2 from human EP3 receptor in presence of 10% human serum,CHEMBL1139279,P43115,Prostaglandin E2 receptor EP3 subtype,IC50,O=C(COc1cccc2[nH]cc(Sc3ccc(F)cc3Cl)c12)NS(=O)(=O)c1cc(Cl)c(Cl)s1,8.585026652029182
CHEMBL480012,CHEMBL3710,Prostaglandin E2 receptor EP3 subtype,IC50,=,5.8,nM,CHEMBL963082,B,Displacement of [3H]PGE2 from human EP3 receptor in presence of 10% human serum,CHEMBL1139279,P43115,Prostaglandin E2 receptor EP3 subtype,IC50,O=C(COc1cccc2[nH]cc(Sc3ccccc3Cl)c12)NS(=O)(=O)c1cc(Cl)c(Cl)s1,8.236572006437063
CHEMBL482177,CHEMBL3710,Prostaglandin E2 receptor EP3 subtype,IC50,=,13.2,nM,CHEMBL963082,B,Displacement of [3H]PGE2 from human EP3 receptor in presence of 10% human serum,CHEMBL1139279,P43115,Prostaglandin E2 receptor EP3 subtype,IC50,COc1ccccc1Sc1c[nH]c2cccc(OCC(=O)NS(=O)(=O)c3cc(Cl)c(Cl)s3)c12,7.87942606879415
CHEMBL520933,CHEMBL3710,Prostaglandin E2 receptor EP3 subtype,IC50,=,3.9,nM,CHEMBL963082,B,Displacement of [3H]PGE2 from human EP3 receptor in presence of 10% human serum,CHEMBL1139279,P43115,Prostaglandin E2 receptor EP3 subtype,IC50,O=C(COc1cccc2[nH]cc(Sc3ccc4ccccc4n3)c12)NS(=O)(=O)c1cc(Cl)c(Cl)s1,8.4089353929735
CHEMBL519598,CHEMBL3710,Prostaglandin E2 receptor EP3 subtype,IC50,=,1.1,nM,CHEMBL963082,B,Displacement of [3H]PGE2 from human EP3 receptor in presence of 10% human serum,CHEMBL1139279,P43115,Prostaglandin E2 receptor EP3 subtype,IC50,O=C(COc1cccc2[nH]cc(Sc3ccc(Cl)c(Cl)c3)c12)NS(=O)(=O)c1cc(Cl)c(Cl)s1,8.958607314841775
CHEMBL520741,CHEMBL3710,Prostaglandin E2 receptor EP3 subtype,IC50,=,1.6,nM,CHEMBL963082,B,Displacement of [3H]PGE2 from human EP3 receptor in presence of 10% human serum,CHEMBL1139279,P43115,Prostaglandin E2 receptor EP3 subtype,IC50,COc1ccc(Sc2c[nH]c3cccc(OCC(=O)NS(=O)(=O)c4cc(Cl)c(Cl)s4)c23)cc1OC,8.795880017344075
CHEMBL479435,CHEMBL3710,Prostaglandin E2 receptor EP3 subtype,IC50,=,43.2,nM,CHEMBL963082,B,Displacement of [3H]PGE2 from human EP3 receptor in presence of 10% human serum,CHEMBL1139279,P43115,Prostaglandin E2 receptor EP3 subtype,IC50,NC(=O)Cc1ccc(Sc2c[nH]c3cccc(OCC(=O)NS(=O)(=O)c4cc(Cl)c(Cl)s4)c23)cc1,7.364516253185088
CHEMBL479433,CHEMBL3710,Prostaglandin E2 receptor EP3 subtype,IC50,=,4.1,nM,CHEMBL963082,B,Displacement of [3H]PGE2 from human EP3 receptor in presence of 10% human serum,CHEMBL1139279,P43115,Prostaglandin E2 receptor EP3 subtype,IC50,O=C(COc1cccc2[nH]cc(Sc3ccc(Cl)cc3)c12)NS(=O)(=O)c1cc(Cl)c(Cl)s1,8.387216143280265
CHEMBL479434,CHEMBL3710,Prostaglandin E2 receptor EP3 subtype,IC50,=,22.6,nM,CHEMBL963082,B,Displacement of [3H]PGE2 from human EP3 receptor in presence of 10% human serum,CHEMBL1139279,P43115,Prostaglandin E2 receptor EP3 subtype,IC50,COc1ccc(Sc2c[nH]c3cccc(OCC(=O)NS(=O)(=O)c4cc(Cl)c(Cl)s4)c23)cc1,7.645891560852599
CHEMBL481984,CHEMBL3710,Prostaglandin E2 receptor EP3 subtype,IC50,=,58.3,nM,CHEMBL963082,B,Displacement of [3H]PGE2 from human EP3 receptor in presence of 10% human serum,CHEMBL1139279,P43115,Prostaglandin E2 receptor EP3 subtype,IC50,Cn1nnnc1Sc1c[nH]c2cccc(OCC(=O)NS(=O)(=O)c3cc(Cl)c(Cl)s3)c12,7.234331445240986
CHEMBL518110,CHEMBL3710,Prostaglandin E2 receptor EP3 subtype,IC50,=,34.0,nM,CHEMBL963082,B,Displacement of [3H]PGE2 from human EP3 receptor in presence of 10% human serum,CHEMBL1139279,P43115,Prostaglandin E2 receptor EP3 subtype,IC50,O=C(COc1cccc2[nH]cc(Sc3ccccc3)c12)NS(=O)(=O)c1cc(Cl)c(Cl)s1,7.468521082957745
CHEMBL465923,CHEMBL3710,Prostaglandin E2 receptor EP3 subtype,IC50,=,10.5,nM,CHEMBL963082,B,Displacement of [3H]PGE2 from human EP3 receptor in presence of 10% human serum,CHEMBL1139279,P43115,Prostaglandin E2 receptor EP3 subtype,IC50,Cn1c(Sc2c[nH]c3cccc(OCC(=O)NS(=O)(=O)c4cc(Cl)c(Cl)s4)c23)nc2ccccc21,7.978810700930062
CHEMBL464059,CHEMBL3710,Prostaglandin E2 receptor EP3 subtype,IC50,=,33.7,nM,CHEMBL963082,B,Displacement of [3H]PGE2 from human EP3 receptor in presence of 10% human serum,CHEMBL1139279,P43115,Prostaglandin E2 receptor EP3 subtype,IC50,COc1cccc(S(=O)(=O)c2c[nH]c3cccc(OCC(=O)NS(=O)(=O)c4cc(Cl)c(Cl)s4)c23)c1,7.4723700991286615
CHEMBL517180,CHEMBL3710,Prostaglandin E2 receptor EP3 subtype,IC50,=,16.3,nM,CHEMBL963082,B,Displacement of [3H]PGE2 from human EP3 receptor in presence of 10% human serum,CHEMBL1139279,P43115,Prostaglandin E2 receptor EP3 subtype,IC50,O=C(COc1cccc2[nH]cc(S(=O)(=O)c3ccc4ccccc4c3)c12)NS(=O)(=O)c1ccc(F)c(F)c1,7.787812395596042
CHEMBL516708,CHEMBL3710,Prostaglandin E2 receptor EP3 subtype,IC50,=,14.5,nM,CHEMBL963082,B,Displacement of [3H]PGE2 from human EP3 receptor in presence of 10% human serum,CHEMBL1139279,P43115,Prostaglandin E2 receptor EP3 subtype,IC50,O=C(COc1cccc2[nH]cc(S(=O)(=O)c3ccc4ccccc4c3)c12)NS(=O)(=O)c1cc(Cl)cc(Cl)c1,7.838631997765026
CHEMBL480992,CHEMBL3710,Prostaglandin E2 receptor EP3 subtype,IC50,=,27.0,nM,CHEMBL963082,B,Displacement of [3H]PGE2 from human EP3 receptor in presence of 10% human serum,CHEMBL1139279,P43115,Prostaglandin E2 receptor EP3 subtype,IC50,O=C(COc1cccc2[nH]cc(S(=O)(=O)c3ccc4ccccc4c3)c12)NS(=O)(=O)c1cc(F)cc(F)c1,7.568636235841012
CHEMBL479427,CHEMBL3710,Prostaglandin E2 receptor EP3 subtype,IC50,=,12.9,nM,CHEMBL963082,B,Displacement of [3H]PGE2 from human EP3 receptor in presence of 10% human serum,CHEMBL1139279,P43115,Prostaglandin E2 receptor EP3 subtype,IC50,O=C(COc1cccc2[nH]cc(S(=O)(=O)c3ccc4ccccc4c3)c12)NS(=O)(=O)c1cc(Cl)c(Cl)s1,7.889410289700751
CHEMBL481782,CHEMBL3710,Prostaglandin E2 receptor EP3 subtype,IC50,=,40.3,nM,CHEMBL963082,B,Displacement of [3H]PGE2 from human EP3 receptor in presence of 10% human serum,CHEMBL1139279,P43115,Prostaglandin E2 receptor EP3 subtype,IC50,O=C(COc1cccc2[nH]cc(S(=O)(=O)c3ccc4ccccc4c3)c12)NS(=O)(=O)c1ccc(Cl)s1,7.394694953858891
CHEMBL481783,CHEMBL3710,Prostaglandin E2 receptor EP3 subtype,IC50,=,13.9,nM,CHEMBL963082,B,Displacement of [3H]PGE2 from human EP3 receptor in presence of 10% human serum,CHEMBL1139279,P43115,Prostaglandin E2 receptor EP3 subtype,IC50,O=C(COc1cccc2[nH]cc(S(=O)(=O)c3ccc4ccccc4c3)c12)NS(=O)(=O)c1ccccc1,7.856985199745905
CHEMBL480609,CHEMBL3710,Prostaglandin E2 receptor EP3 subtype,IC50,=,5.6,nM,CHEMBL963082,B,Displacement of [3H]PGE2 from human EP3 receptor in presence of 10% human serum,CHEMBL1139279,P43115,Prostaglandin E2 receptor EP3 subtype,IC50,O=C(COc1cccc2[nH]cc(S(=O)(=O)c3ccc(Cl)cc3Cl)c12)NS(=O)(=O)c1cc(Cl)c(Cl)s1,8.2518119729938
CHEMBL518109,CHEMBL3710,Prostaglandin E2 receptor EP3 subtype,IC50,=,33.2,nM,CHEMBL963082,B,Displacement of [3H]PGE2 from human EP3 receptor in presence of 10% human serum,CHEMBL1139279,P43115,Prostaglandin E2 receptor EP3 subtype,IC50,Cc1ccc(S(=O)(=O)c2c[nH]c3cccc(OCC(=O)NS(=O)(=O)c4cc(Cl)c(Cl)s4)c23)c(C)c1,7.478861916295964
CHEMBL466595,CHEMBL3710,Prostaglandin E2 receptor EP3 subtype,IC50,=,7.9,nM,CHEMBL963082,B,Displacement of [3H]PGE2 from human EP3 receptor in presence of 10% human serum,CHEMBL1139279,P43115,Prostaglandin E2 receptor EP3 subtype,IC50,COc1ccc(OC)c(S(=O)(=O)c2c[nH]c3cccc(OCC(=O)NS(=O)(=O)c4cc(Cl)c(Cl)s4)c23)c1,8.102372908709558
CHEMBL513305,CHEMBL3710,Prostaglandin E2 receptor EP3 subtype,IC50,=,7.6,nM,CHEMBL963082,B,Displacement of [3H]PGE2 from human EP3 receptor in presence of 10% human serum,CHEMBL1139279,P43115,Prostaglandin E2 receptor EP3 subtype,IC50,O=C(COc1cccc2[nH]cc(S(=O)(=O)c3nc4ccccc4s3)c12)NS(=O)(=O)c1cc(Cl)c(Cl)s1,8.119186407719209
CHEMBL469303,CHEMBL3710,Prostaglandin E2 receptor EP3 subtype,IC50,=,10.7,nM,CHEMBL963082,B,Displacement of [3H]PGE2 from human EP3 receptor in presence of 10% human serum,CHEMBL1139279,P43115,Prostaglandin E2 receptor EP3 subtype,IC50,O=C(COc1cccc2[nH]cc(S(=O)(=O)c3ccc(F)cc3Cl)c12)NS(=O)(=O)c1cc(Cl)c(Cl)s1,7.97061622231479
CHEMBL512993,CHEMBL3710,Prostaglandin E2 receptor EP3 subtype,IC50,=,19.7,nM,CHEMBL963082,B,Displacement of [3H]PGE2 from human EP3 receptor in presence of 10% human serum,CHEMBL1139279,P43115,Prostaglandin E2 receptor EP3 subtype,IC50,COc1ccccc1S(=O)(=O)c1c[nH]c2cccc(OCC(=O)NS(=O)(=O)c3cc(Cl)c(Cl)s3)c12,7.7055337738384075
CHEMBL521103,CHEMBL3710,Prostaglandin E2 receptor EP3 subtype,IC50,=,11.6,nM,CHEMBL963082,B,Displacement of [3H]PGE2 from human EP3 receptor in presence of 10% human serum,CHEMBL1139279,P43115,Prostaglandin E2 receptor EP3 subtype,IC50,O=C(COc1cccc2[nH]cc(S(=O)(=O)c3ccc4ccccc4n3)c12)NS(=O)(=O)c1cc(Cl)c(Cl)s1,7.935542010773082
CHEMBL480809,CHEMBL3710,Prostaglandin E2 receptor EP3 subtype,IC50,=,3.6,nM,CHEMBL963082,B,Displacement of [3H]PGE2 from human EP3 receptor in presence of 10% human serum,CHEMBL1139279,P43115,Prostaglandin E2 receptor EP3 subtype,IC50,O=C(COc1cccc2[nH]cc(S(=O)(=O)c3ccc(Cl)c(Cl)c3)c12)NS(=O)(=O)c1cc(Cl)c(Cl)s1,8.443697499232712
CHEMBL464042,CHEMBL3710,Prostaglandin E2 receptor EP3 subtype,IC50,=,5.0,nM,CHEMBL963082,B,Displacement of [3H]PGE2 from human EP3 receptor in presence of 10% human serum,CHEMBL1139279,P43115,Prostaglandin E2 receptor EP3 subtype,IC50,NC(=O)Cc1ccc(S(=O)(=O)c2c[nH]c3cccc(OCC(=O)NS(=O)(=O)c4cc(Cl)c(Cl)s4)c23)cc1,8.301029995663981
CHEMBL464905,CHEMBL3710,Prostaglandin E2 receptor EP3 subtype,IC50,=,31.3,nM,CHEMBL963082,B,Displacement of [3H]PGE2 from human EP3 receptor in presence of 10% human serum,CHEMBL1139279,P43115,Prostaglandin E2 receptor EP3 subtype,IC50,O=C(COc1cccc2[nH]cc(S(=O)(=O)c3ccc(Cl)cc3)c12)NS(=O)(=O)c1cc(Cl)c(Cl)s1,7.504455662453552
CHEMBL521609,CHEMBL3710,Prostaglandin E2 receptor EP3 subtype,IC50,=,7.4,nM,CHEMBL959317,B,Displacement of [3H]PGE2 from human EP3 receptor at 20 uM in presence of normal buffer,CHEMBL1153263,P43115,Prostaglandin E2 receptor EP3 subtype,IC50,Cn1cc(/C=C/C(=O)NS(=O)(=O)c2ccc(F)c(F)c2)c2c(Oc3ccc4ccccc4c3)cccc21,8.130768280269024
CHEMBL460325,CHEMBL3710,Prostaglandin E2 receptor EP3 subtype,IC50,=,9.2,nM,CHEMBL959317,B,Displacement of [3H]PGE2 from human EP3 receptor at 20 uM in presence of normal buffer,CHEMBL1153263,P43115,Prostaglandin E2 receptor EP3 subtype,IC50,Cn1cc(/C=C/C(=O)NS(=O)(=O)c2cc(F)c(F)cc2F)c2c(Oc3ccc4ccccc4c3)cccc21,8.036212172654444
CHEMBL459688,CHEMBL3710,Prostaglandin E2 receptor EP3 subtype,IC50,=,9.4,nM,CHEMBL959317,B,Displacement of [3H]PGE2 from human EP3 receptor at 20 uM in presence of normal buffer,CHEMBL1153263,P43115,Prostaglandin E2 receptor EP3 subtype,IC50,Cn1cc(/C=C/C(=O)NS(=O)(=O)c2ccc(F)cc2)c2c(Oc3ccc4ccccc4c3)cccc21,8.0268721464003
CHEMBL460321,CHEMBL3710,Prostaglandin E2 receptor EP3 subtype,IC50,=,18.4,nM,CHEMBL959317,B,Displacement of [3H]PGE2 from human EP3 receptor at 20 uM in presence of normal buffer,CHEMBL1153263,P43115,Prostaglandin E2 receptor EP3 subtype,IC50,Cn1cc(/C=C/C(=O)NS(=O)(=O)c2ccccc2Cl)c2c(Oc3ccc4ccccc4c3)cccc21,7.735182176990463
CHEMBL490692,CHEMBL3710,Prostaglandin E2 receptor EP3 subtype,IC50,=,15.7,nM,CHEMBL959317,B,Displacement of [3H]PGE2 from human EP3 receptor at 20 uM in presence of normal buffer,CHEMBL1153263,P43115,Prostaglandin E2 receptor EP3 subtype,IC50,Cn1cc(/C=C/C(=O)NS(=O)(=O)c2cccc(Cl)c2)c2c(Oc3ccc4ccccc4c3)cccc21,7.804100347590766
CHEMBL460322,CHEMBL3710,Prostaglandin E2 receptor EP3 subtype,IC50,=,11.8,nM,CHEMBL959317,B,Displacement of [3H]PGE2 from human EP3 receptor at 20 uM in presence of normal buffer,CHEMBL1153263,P43115,Prostaglandin E2 receptor EP3 subtype,IC50,Cn1cc(/C=C/C(=O)NS(=O)(=O)c2ccc(Cl)c(Cl)c2)c2c(Oc3ccc4ccccc4c3)cccc21,7.928117992693874
CHEMBL516789,CHEMBL3710,Prostaglandin E2 receptor EP3 subtype,IC50,=,54.1,nM,CHEMBL959317,B,Displacement of [3H]PGE2 from human EP3 receptor at 20 uM in presence of normal buffer,CHEMBL1153263,P43115,Prostaglandin E2 receptor EP3 subtype,IC50,Cn1cc(/C=C/C(=O)NS(=O)(=O)c2ccc(Cl)cc2Cl)c2c(Oc3ccc4ccccc4c3)cccc21,7.266802734893431
CHEMBL463815,CHEMBL3710,Prostaglandin E2 receptor EP3 subtype,IC50,=,8.7,nM,CHEMBL959317,B,Displacement of [3H]PGE2 from human EP3 receptor at 20 uM in presence of normal buffer,CHEMBL1153263,P43115,Prostaglandin E2 receptor EP3 subtype,IC50,Cn1cc(/C=C/C(=O)NS(=O)(=O)c2cc(Cl)cc(Cl)c2)c2c(Oc3ccc4ccccc4c3)cccc21,8.060480747381382
CHEMBL463816,CHEMBL3710,Prostaglandin E2 receptor EP3 subtype,IC50,=,3.5,nM,CHEMBL959317,B,Displacement of [3H]PGE2 from human EP3 receptor at 20 uM in presence of normal buffer,CHEMBL1153263,P43115,Prostaglandin E2 receptor EP3 subtype,IC50,Cn1cc(/C=C/C(=O)NS(=O)(=O)c2ccc(F)cc2F)c2c(Oc3ccc4ccccc4c3)cccc21,8.455931955649724
CHEMBL464618,CHEMBL3710,Prostaglandin E2 receptor EP3 subtype,IC50,=,6.5,nM,CHEMBL959317,B,Displacement of [3H]PGE2 from human EP3 receptor at 20 uM in presence of normal buffer,CHEMBL1153263,P43115,Prostaglandin E2 receptor EP3 subtype,IC50,Cn1cc(/C=C/C(=O)NS(=O)(=O)c2cc(F)ccc2F)c2c(Oc3ccc4ccccc4c3)cccc21,8.187086643357144
CHEMBL461807,CHEMBL3710,Prostaglandin E2 receptor EP3 subtype,IC50,=,5.9,nM,CHEMBL959317,B,Displacement of [3H]PGE2 from human EP3 receptor at 20 uM in presence of normal buffer,CHEMBL1153263,P43115,Prostaglandin E2 receptor EP3 subtype,IC50,Cn1cc(/C=C/C(=O)NS(=O)(=O)c2c(F)cccc2F)c2c(Oc3ccc4ccccc4c3)cccc21,8.229147988357855
CHEMBL517282,CHEMBL3710,Prostaglandin E2 receptor EP3 subtype,IC50,=,44.9,nM,CHEMBL959317,B,Displacement of [3H]PGE2 from human EP3 receptor at 20 uM in presence of normal buffer,CHEMBL1153263,P43115,Prostaglandin E2 receptor EP3 subtype,IC50,Cn1cc(/C=C/C(=O)NS(=O)(=O)c2cc(F)cc(F)c2)c2c(Oc3ccc4ccccc4c3)cccc21,7.347753658996677
CHEMBL461979,CHEMBL3710,Prostaglandin E2 receptor EP3 subtype,IC50,=,17.5,nM,CHEMBL959317,B,Displacement of [3H]PGE2 from human EP3 receptor at 20 uM in presence of normal buffer,CHEMBL1153263,P43115,Prostaglandin E2 receptor EP3 subtype,IC50,Cn1cc(/C=C/C(=O)NS(=O)(=O)c2cccc(F)c2)c2c(Oc3ccc4ccccc4c3)cccc21,7.756961951313706
CHEMBL461980,CHEMBL3710,Prostaglandin E2 receptor EP3 subtype,IC50,=,11.9,nM,CHEMBL959317,B,Displacement of [3H]PGE2 from human EP3 receptor at 20 uM in presence of normal buffer,CHEMBL1153263,P43115,Prostaglandin E2 receptor EP3 subtype,IC50,Cn1cc(/C=C/C(=O)NS(=O)(=O)c2ccccc2F)c2c(Oc3ccc4ccccc4c3)cccc21,7.924453038607469
CHEMBL464411,CHEMBL3710,Prostaglandin E2 receptor EP3 subtype,IC50,=,21.9,nM,CHEMBL959317,B,Displacement of [3H]PGE2 from human EP3 receptor at 20 uM in presence of normal buffer,CHEMBL1153263,P43115,Prostaglandin E2 receptor EP3 subtype,IC50,Cn1cc(/C=C/C(=O)NS(=O)(=O)c2ccc(Cl)cc2)c2c(Oc3ccc4ccccc4c3)cccc21,7.6595558851598815
CHEMBL518522,CHEMBL3710,Prostaglandin E2 receptor EP3 subtype,IC50,=,100.8,nM,CHEMBL959317,B,Displacement of [3H]PGE2 from human EP3 receptor at 20 uM in presence of normal buffer,CHEMBL1153263,P43115,Prostaglandin E2 receptor EP3 subtype,IC50,COc1ccc(S(=O)(=O)NC(=O)/C=C/c2cn(C)c3cccc(Oc4ccc5ccccc5c4)c23)cc1,6.996539467890494
CHEMBL516673,CHEMBL3710,Prostaglandin E2 receptor EP3 subtype,IC50,=,5.1,nM,CHEMBL959317,B,Displacement of [3H]PGE2 from human EP3 receptor at 20 uM in presence of normal buffer,CHEMBL1153263,P43115,Prostaglandin E2 receptor EP3 subtype,IC50,Cn1cc(/C=C/C(=O)NS(=O)(=O)c2c(F)c(F)c(F)c(F)c2F)c2c(Oc3ccc4ccccc4c3)cccc21,8.292429823902063
CHEMBL489310,CHEMBL3710,Prostaglandin E2 receptor EP3 subtype,IC50,=,12.4,nM,CHEMBL959317,B,Displacement of [3H]PGE2 from human EP3 receptor at 20 uM in presence of normal buffer,CHEMBL1153263,P43115,Prostaglandin E2 receptor EP3 subtype,IC50,Cn1cc(/C=C/C(=O)NS(=O)(=O)c2ccc(F)c(F)c2)c2c(Oc3ccc(Cl)c(Cl)c3)cccc21,7.906578314837764
CHEMBL459885,CHEMBL3710,Prostaglandin E2 receptor EP3 subtype,IC50,=,11.8,nM,CHEMBL959317,B,Displacement of [3H]PGE2 from human EP3 receptor at 20 uM in presence of normal buffer,CHEMBL1153263,P43115,Prostaglandin E2 receptor EP3 subtype,IC50,Cn1cc(/C=C/C(=O)NS(=O)(=O)c2ccc(F)c(F)c2)c2c(Oc3ccc(Cl)cc3Cl)cccc21,7.928117992693874
CHEMBL518237,CHEMBL3710,Prostaglandin E2 receptor EP3 subtype,IC50,=,27.3,nM,CHEMBL959317,B,Displacement of [3H]PGE2 from human EP3 receptor at 20 uM in presence of normal buffer,CHEMBL1153263,P43115,Prostaglandin E2 receptor EP3 subtype,IC50,Cn1cc(/C=C/C(=O)NS(=O)(=O)c2ccc(F)c(F)c2)c2c(Oc3ccc(Cl)cc3)cccc21,7.5638373529592435
CHEMBL464413,CHEMBL3710,Prostaglandin E2 receptor EP3 subtype,IC50,=,4.7,nM,CHEMBL959317,B,Displacement of [3H]PGE2 from human EP3 receptor at 20 uM in presence of normal buffer,CHEMBL1153263,P43115,Prostaglandin E2 receptor EP3 subtype,IC50,Cn1cc(/C=C/C(=O)NS(=O)(=O)c2ccc(F)c(F)c2)c2c(Oc3ccc(F)c(F)c3)cccc21,8.327902142064282
CHEMBL464414,CHEMBL3710,Prostaglandin E2 receptor EP3 subtype,IC50,=,18.5,nM,CHEMBL959317,B,Displacement of [3H]PGE2 from human EP3 receptor at 20 uM in presence of normal buffer,CHEMBL1153263,P43115,Prostaglandin E2 receptor EP3 subtype,IC50,Cn1cc(/C=C/C(=O)NS(=O)(=O)c2ccc(F)c(F)c2)c2c(Oc3ccc(F)cc3F)cccc21,7.732828271596986
CHEMBL461390,CHEMBL3710,Prostaglandin E2 receptor EP3 subtype,IC50,=,26.9,nM,CHEMBL959317,B,Displacement of [3H]PGE2 from human EP3 receptor at 20 uM in presence of normal buffer,CHEMBL1153263,P43115,Prostaglandin E2 receptor EP3 subtype,IC50,Cn1cc(/C=C/C(=O)NS(=O)(=O)c2ccc(F)c(F)c2)c2c(Oc3ccc(F)c(Cl)c3)cccc21,7.570247719997592
CHEMBL475151,CHEMBL3710,Prostaglandin E2 receptor EP3 subtype,IC50,=,23.4,nM,CHEMBL959317,B,Displacement of [3H]PGE2 from human EP3 receptor at 20 uM in presence of normal buffer,CHEMBL1153263,P43115,Prostaglandin E2 receptor EP3 subtype,IC50,Cn1cc(/C=C/C(=O)NS(=O)(=O)c2ccc(F)c(F)c2)c2c(Oc3ccc(Cl)c(F)c3)cccc21,7.6307841425898575
CHEMBL475152,CHEMBL3710,Prostaglandin E2 receptor EP3 subtype,IC50,=,7.2,nM,CHEMBL959317,B,Displacement of [3H]PGE2 from human EP3 receptor at 20 uM in presence of normal buffer,CHEMBL1153263,P43115,Prostaglandin E2 receptor EP3 subtype,IC50,Cn1cc(/C=C/C(=O)NS(=O)(=O)c2ccc(F)c(F)c2)c2c(Oc3ccc(Cl)cc3F)cccc21,8.142667503568731
CHEMBL472758,CHEMBL3710,Prostaglandin E2 receptor EP3 subtype,IC50,=,13.8,nM,CHEMBL959317,B,Displacement of [3H]PGE2 from human EP3 receptor at 20 uM in presence of normal buffer,CHEMBL1153263,P43115,Prostaglandin E2 receptor EP3 subtype,IC50,Cn1cc(/C=C/C(=O)NS(=O)(=O)c2ccc(F)c(F)c2)c2c(Oc3ccc(F)cc3Cl)cccc21,7.860120913598763
CHEMBL472957,CHEMBL3710,Prostaglandin E2 receptor EP3 subtype,IC50,=,4.4,nM,CHEMBL959317,B,Displacement of [3H]PGE2 from human EP3 receptor at 20 uM in presence of normal buffer,CHEMBL1153263,P43115,Prostaglandin E2 receptor EP3 subtype,IC50,COc1cccc(Oc2cccc3c2c(/C=C/C(=O)NS(=O)(=O)c2ccc(F)c(F)c2)cn3C)c1,8.356547323513812
CHEMBL474751,CHEMBL3710,Prostaglandin E2 receptor EP3 subtype,IC50,=,1.9,nM,CHEMBL959317,B,Displacement of [3H]PGE2 from human EP3 receptor at 20 uM in presence of normal buffer,CHEMBL1153263,P43115,Prostaglandin E2 receptor EP3 subtype,IC50,Cn1cc(/C=C/C(=O)NS(=O)(=O)c2ccc(F)c(F)c2)c2c(Oc3ccc4ncccc4c3)cccc21,8.721246399047171
CHEMBL516394,CHEMBL3710,Prostaglandin E2 receptor EP3 subtype,IC50,=,6.1,nM,CHEMBL959317,B,Displacement of [3H]PGE2 from human EP3 receptor at 20 uM in presence of normal buffer,CHEMBL1153263,P43115,Prostaglandin E2 receptor EP3 subtype,IC50,Cn1cc(/C=C/C(=O)NS(=O)(=O)c2ccc(F)c(F)c2)c2c(Oc3cnc4ccccc4n3)cccc21,8.214670164989233
CHEMBL475348,CHEMBL3710,Prostaglandin E2 receptor EP3 subtype,IC50,=,2.6,nM,CHEMBL959317,B,Displacement of [3H]PGE2 from human EP3 receptor at 20 uM in presence of normal buffer,CHEMBL1153263,P43115,Prostaglandin E2 receptor EP3 subtype,IC50,Cn1cc(/C=C/C(=O)NS(=O)(=O)c2cc(F)c(F)cc2F)c2c(Oc3ccc(Cl)c(Cl)c3)cccc21,8.585026652029182
CHEMBL475349,CHEMBL3710,Prostaglandin E2 receptor EP3 subtype,IC50,=,3.2,nM,CHEMBL959317,B,Displacement of [3H]PGE2 from human EP3 receptor at 20 uM in presence of normal buffer,CHEMBL1153263,P43115,Prostaglandin E2 receptor EP3 subtype,IC50,Cn1cc(/C=C/C(=O)NS(=O)(=O)c2cc(F)c(F)cc2F)c2c(Oc3ccc(Cl)cc3Cl)cccc21,8.494850021680094
CHEMBL474948,CHEMBL3710,Prostaglandin E2 receptor EP3 subtype,IC50,=,3.0,nM,CHEMBL959317,B,Displacement of [3H]PGE2 from human EP3 receptor at 20 uM in presence of normal buffer,CHEMBL1153263,P43115,Prostaglandin E2 receptor EP3 subtype,IC50,Cn1cc(/C=C/C(=O)NS(=O)(=O)c2cc(F)c(F)cc2F)c2c(Oc3ccc(Cl)cc3)cccc21,8.522878745280337
CHEMBL474949,CHEMBL3710,Prostaglandin E2 receptor EP3 subtype,IC50,=,3.8,nM,CHEMBL959317,B,Displacement of [3H]PGE2 from human EP3 receptor at 20 uM in presence of normal buffer,CHEMBL1153263,P43115,Prostaglandin E2 receptor EP3 subtype,IC50,Cn1cc(/C=C/C(=O)NS(=O)(=O)c2cc(F)c(F)cc2F)c2c(Oc3ccc(F)c(F)c3)cccc21,8.42021640338319
CHEMBL514808,CHEMBL3710,Prostaglandin E2 receptor EP3 subtype,IC50,=,84.8,nM,CHEMBL959317,B,Displacement of [3H]PGE2 from human EP3 receptor at 20 uM in presence of normal buffer,CHEMBL1153263,P43115,Prostaglandin E2 receptor EP3 subtype,IC50,Cn1cc(/C=C/C(=O)NS(=O)(=O)c2cc(F)c(F)cc2F)c2c(Oc3ccc(F)cc3F)cccc21,7.071604147743287
CHEMBL472754,CHEMBL3710,Prostaglandin E2 receptor EP3 subtype,IC50,=,9.7,nM,CHEMBL959317,B,Displacement of [3H]PGE2 from human EP3 receptor at 20 uM in presence of normal buffer,CHEMBL1153263,P43115,Prostaglandin E2 receptor EP3 subtype,IC50,Cn1cc(/C=C/C(=O)NS(=O)(=O)c2cc(F)c(F)cc2F)c2c(Oc3ccc(F)c(Cl)c3)cccc21,8.013228265733755
CHEMBL521777,CHEMBL3710,Prostaglandin E2 receptor EP3 subtype,IC50,=,6.7,nM,CHEMBL959317,B,Displacement of [3H]PGE2 from human EP3 receptor at 20 uM in presence of normal buffer,CHEMBL1153263,P43115,Prostaglandin E2 receptor EP3 subtype,IC50,Cn1cc(/C=C/C(=O)NS(=O)(=O)c2cc(F)c(F)cc2F)c2c(Oc3ccc(Cl)c(F)c3)cccc21,8.173925197299173
CHEMBL490896,CHEMBL3710,Prostaglandin E2 receptor EP3 subtype,IC50,=,4.4,nM,CHEMBL959317,B,Displacement of [3H]PGE2 from human EP3 receptor at 20 uM in presence of normal buffer,CHEMBL1153263,P43115,Prostaglandin E2 receptor EP3 subtype,IC50,Cn1cc(/C=C/C(=O)NS(=O)(=O)c2cc(F)c(F)cc2F)c2c(Oc3ccc(Cl)cc3F)cccc21,8.356547323513812
CHEMBL490897,CHEMBL3710,Prostaglandin E2 receptor EP3 subtype,IC50,=,18.1,nM,CHEMBL959317,B,Displacement of [3H]PGE2 from human EP3 receptor at 20 uM in presence of normal buffer,CHEMBL1153263,P43115,Prostaglandin E2 receptor EP3 subtype,IC50,Cn1cc(/C=C/C(=O)NS(=O)(=O)c2cc(F)c(F)cc2F)c2c(Oc3ccc(F)cc3Cl)cccc21,7.7423214251308154
CHEMBL489315,CHEMBL3710,Prostaglandin E2 receptor EP3 subtype,IC50,=,5.1,nM,CHEMBL959317,B,Displacement of [3H]PGE2 from human EP3 receptor at 20 uM in presence of normal buffer,CHEMBL1153263,P43115,Prostaglandin E2 receptor EP3 subtype,IC50,COc1cccc(Oc2cccc3c2c(/C=C/C(=O)NS(=O)(=O)c2cc(F)c(F)cc2F)cn3C)c1,8.292429823902063
CHEMBL523608,CHEMBL3710,Prostaglandin E2 receptor EP3 subtype,IC50,=,8.5,nM,CHEMBL959317,B,Displacement of [3H]PGE2 from human EP3 receptor at 20 uM in presence of normal buffer,CHEMBL1153263,P43115,Prostaglandin E2 receptor EP3 subtype,IC50,Cn1cc(/C=C/C(=O)NS(=O)(=O)c2cc(F)c(F)cc2F)c2c(Oc3ccc4ncccc4c3)cccc21,8.070581074285707
CHEMBL522435,CHEMBL3710,Prostaglandin E2 receptor EP3 subtype,IC50,=,7.2,nM,CHEMBL959317,B,Displacement of [3H]PGE2 from human EP3 receptor at 20 uM in presence of normal buffer,CHEMBL1153263,P43115,Prostaglandin E2 receptor EP3 subtype,IC50,Cn1cc(/C=C/C(=O)NS(=O)(=O)c2cc(F)c(F)cc2F)c2c(Oc3cnc4ccccc4n3)cccc21,8.142667503568731
CHEMBL521609,CHEMBL3710,Prostaglandin E2 receptor EP3 subtype,IC50,=,15.9,nM,CHEMBL959318,B,Displacement of [3H]PGE2 from human EP3 receptor at 20 uM in presence of 10% human serum,CHEMBL1153263,P43115,Prostaglandin E2 receptor EP3 subtype,IC50,Cn1cc(/C=C/C(=O)NS(=O)(=O)c2ccc(F)c(F)c2)c2c(Oc3ccc4ccccc4c3)cccc21,7.798602875679548
CHEMBL460325,CHEMBL3710,Prostaglandin E2 receptor EP3 subtype,IC50,=,28.0,nM,CHEMBL959318,B,Displacement of [3H]PGE2 from human EP3 receptor at 20 uM in presence of 10% human serum,CHEMBL1153263,P43115,Prostaglandin E2 receptor EP3 subtype,IC50,Cn1cc(/C=C/C(=O)NS(=O)(=O)c2cc(F)c(F)cc2F)c2c(Oc3ccc4ccccc4c3)cccc21,7.552841968657781
CHEMBL459688,CHEMBL3710,Prostaglandin E2 receptor EP3 subtype,IC50,=,182.3,nM,CHEMBL959318,B,Displacement of [3H]PGE2 from human EP3 receptor at 20 uM in presence of 10% human serum,CHEMBL1153263,P43115,Prostaglandin E2 receptor EP3 subtype,IC50,Cn1cc(/C=C/C(=O)NS(=O)(=O)c2ccc(F)cc2)c2c(Oc3ccc4ccccc4c3)cccc21,6.739213331345024
CHEMBL460321,CHEMBL3710,Prostaglandin E2 receptor EP3 subtype,IC50,=,1682.0,nM,CHEMBL959318,B,Displacement of [3H]PGE2 from human EP3 receptor at 20 uM in presence of 10% human serum,CHEMBL1153263,P43115,Prostaglandin E2 receptor EP3 subtype,IC50,Cn1cc(/C=C/C(=O)NS(=O)(=O)c2ccccc2Cl)c2c(Oc3ccc4ccccc4c3)cccc21,5.774174008538107
CHEMBL490692,CHEMBL3710,Prostaglandin E2 receptor EP3 subtype,IC50,=,35.0,nM,CHEMBL959318,B,Displacement of [3H]PGE2 from human EP3 receptor at 20 uM in presence of 10% human serum,CHEMBL1153263,P43115,Prostaglandin E2 receptor EP3 subtype,IC50,Cn1cc(/C=C/C(=O)NS(=O)(=O)c2cccc(Cl)c2)c2c(Oc3ccc4ccccc4c3)cccc21,7.455931955649724
CHEMBL460322,CHEMBL3710,Prostaglandin E2 receptor EP3 subtype,IC50,=,92.9,nM,CHEMBL959318,B,Displacement of [3H]PGE2 from human EP3 receptor at 20 uM in presence of 10% human serum,CHEMBL1153263,P43115,Prostaglandin E2 receptor EP3 subtype,IC50,Cn1cc(/C=C/C(=O)NS(=O)(=O)c2ccc(Cl)c(Cl)c2)c2c(Oc3ccc4ccccc4c3)cccc21,7.031984286006358
CHEMBL516789,CHEMBL3710,Prostaglandin E2 receptor EP3 subtype,IC50,=,1542.0,nM,CHEMBL959318,B,Displacement of [3H]PGE2 from human EP3 receptor at 20 uM in presence of 10% human serum,CHEMBL1153263,P43115,Prostaglandin E2 receptor EP3 subtype,IC50,Cn1cc(/C=C/C(=O)NS(=O)(=O)c2ccc(Cl)cc2Cl)c2c(Oc3ccc4ccccc4c3)cccc21,5.811915626285062
CHEMBL463815,CHEMBL3710,Prostaglandin E2 receptor EP3 subtype,IC50,=,321.3,nM,CHEMBL959318,B,Displacement of [3H]PGE2 from human EP3 receptor at 20 uM in presence of 10% human serum,CHEMBL1153263,P43115,Prostaglandin E2 receptor EP3 subtype,IC50,Cn1cc(/C=C/C(=O)NS(=O)(=O)c2cc(Cl)cc(Cl)c2)c2c(Oc3ccc4ccccc4c3)cccc21,6.493089274448482
CHEMBL463816,CHEMBL3710,Prostaglandin E2 receptor EP3 subtype,IC50,=,115.3,nM,CHEMBL959318,B,Displacement of [3H]PGE2 from human EP3 receptor at 20 uM in presence of 10% human serum,CHEMBL1153263,P43115,Prostaglandin E2 receptor EP3 subtype,IC50,Cn1cc(/C=C/C(=O)NS(=O)(=O)c2ccc(F)cc2F)c2c(Oc3ccc4ccccc4c3)cccc21,6.938170692705301
CHEMBL464618,CHEMBL3710,Prostaglandin E2 receptor EP3 subtype,IC50,=,156.7,nM,CHEMBL959318,B,Displacement of [3H]PGE2 from human EP3 receptor at 20 uM in presence of 10% human serum,CHEMBL1153263,P43115,Prostaglandin E2 receptor EP3 subtype,IC50,Cn1cc(/C=C/C(=O)NS(=O)(=O)c2cc(F)ccc2F)c2c(Oc3ccc4ccccc4c3)cccc21,6.80493100353141
CHEMBL461807,CHEMBL3710,Prostaglandin E2 receptor EP3 subtype,IC50,=,709.6,nM,CHEMBL959318,B,Displacement of [3H]PGE2 from human EP3 receptor at 20 uM in presence of 10% human serum,CHEMBL1153263,P43115,Prostaglandin E2 receptor EP3 subtype,IC50,Cn1cc(/C=C/C(=O)NS(=O)(=O)c2c(F)cccc2F)c2c(Oc3ccc4ccccc4c3)cccc21,6.14898639317633
CHEMBL517282,CHEMBL3710,Prostaglandin E2 receptor EP3 subtype,IC50,=,156.7,nM,CHEMBL959318,B,Displacement of [3H]PGE2 from human EP3 receptor at 20 uM in presence of 10% human serum,CHEMBL1153263,P43115,Prostaglandin E2 receptor EP3 subtype,IC50,Cn1cc(/C=C/C(=O)NS(=O)(=O)c2cc(F)cc(F)c2)c2c(Oc3ccc4ccccc4c3)cccc21,6.80493100353141
CHEMBL461979,CHEMBL3710,Prostaglandin E2 receptor EP3 subtype,IC50,=,115.5,nM,CHEMBL959318,B,Displacement of [3H]PGE2 from human EP3 receptor at 20 uM in presence of 10% human serum,CHEMBL1153263,P43115,Prostaglandin E2 receptor EP3 subtype,IC50,Cn1cc(/C=C/C(=O)NS(=O)(=O)c2cccc(F)c2)c2c(Oc3ccc4ccccc4c3)cccc21,6.937418015771836
CHEMBL461980,CHEMBL3710,Prostaglandin E2 receptor EP3 subtype,IC50,=,646.4,nM,CHEMBL959318,B,Displacement of [3H]PGE2 from human EP3 receptor at 20 uM in presence of 10% human serum,CHEMBL1153263,P43115,Prostaglandin E2 receptor EP3 subtype,IC50,Cn1cc(/C=C/C(=O)NS(=O)(=O)c2ccccc2F)c2c(Oc3ccc4ccccc4c3)cccc21,6.18949865223347
CHEMBL464411,CHEMBL3710,Prostaglandin E2 receptor EP3 subtype,IC50,=,1100.0,nM,CHEMBL959318,B,Displacement of [3H]PGE2 from human EP3 receptor at 20 uM in presence of 10% human serum,CHEMBL1153263,P43115,Prostaglandin E2 receptor EP3 subtype,IC50,Cn1cc(/C=C/C(=O)NS(=O)(=O)c2ccc(Cl)cc2)c2c(Oc3ccc4ccccc4c3)cccc21,5.958607314841775
CHEMBL489310,CHEMBL3710,Prostaglandin E2 receptor EP3 subtype,IC50,=,50.8,nM,CHEMBL959318,B,Displacement of [3H]PGE2 from human EP3 receptor at 20 uM in presence of 10% human serum,CHEMBL1153263,P43115,Prostaglandin E2 receptor EP3 subtype,IC50,Cn1cc(/C=C/C(=O)NS(=O)(=O)c2ccc(F)c(F)c2)c2c(Oc3ccc(Cl)c(Cl)c3)cccc21,7.29413628771608
CHEMBL459885,CHEMBL3710,Prostaglandin E2 receptor EP3 subtype,IC50,=,23.7,nM,CHEMBL959318,B,Displacement of [3H]PGE2 from human EP3 receptor at 20 uM in presence of 10% human serum,CHEMBL1153263,P43115,Prostaglandin E2 receptor EP3 subtype,IC50,Cn1cc(/C=C/C(=O)NS(=O)(=O)c2ccc(F)c(F)c2)c2c(Oc3ccc(Cl)cc3Cl)cccc21,7.625251653989896
CHEMBL518237,CHEMBL3710,Prostaglandin E2 receptor EP3 subtype,IC50,=,776.2,nM,CHEMBL959318,B,Displacement of [3H]PGE2 from human EP3 receptor at 20 uM in presence of 10% human serum,CHEMBL1153263,P43115,Prostaglandin E2 receptor EP3 subtype,IC50,Cn1cc(/C=C/C(=O)NS(=O)(=O)c2ccc(F)c(F)c2)c2c(Oc3ccc(Cl)cc3)cccc21,6.110026361596004
CHEMBL464413,CHEMBL3710,Prostaglandin E2 receptor EP3 subtype,IC50,=,195.9,nM,CHEMBL959318,B,Displacement of [3H]PGE2 from human EP3 receptor at 20 uM in presence of 10% human serum,CHEMBL1153263,P43115,Prostaglandin E2 receptor EP3 subtype,IC50,Cn1cc(/C=C/C(=O)NS(=O)(=O)c2ccc(F)c(F)c2)c2c(Oc3ccc(F)c(F)c3)cccc21,6.707965564005264
CHEMBL461390,CHEMBL3710,Prostaglandin E2 receptor EP3 subtype,IC50,=,81.5,nM,CHEMBL959318,B,Displacement of [3H]PGE2 from human EP3 receptor at 20 uM in presence of 10% human serum,CHEMBL1153263,P43115,Prostaglandin E2 receptor EP3 subtype,IC50,Cn1cc(/C=C/C(=O)NS(=O)(=O)c2ccc(F)c(F)c2)c2c(Oc3ccc(F)c(Cl)c3)cccc21,7.088842391260023
CHEMBL475151,CHEMBL3710,Prostaglandin E2 receptor EP3 subtype,IC50,=,612.4,nM,CHEMBL959318,B,Displacement of [3H]PGE2 from human EP3 receptor at 20 uM in presence of 10% human serum,CHEMBL1153263,P43115,Prostaglandin E2 receptor EP3 subtype,IC50,Cn1cc(/C=C/C(=O)NS(=O)(=O)c2ccc(F)c(F)c2)c2c(Oc3ccc(Cl)c(F)c3)cccc21,6.212964817973777
CHEMBL475152,CHEMBL3710,Prostaglandin E2 receptor EP3 subtype,IC50,=,124.0,nM,CHEMBL959318,B,Displacement of [3H]PGE2 from human EP3 receptor at 20 uM in presence of 10% human serum,CHEMBL1153263,P43115,Prostaglandin E2 receptor EP3 subtype,IC50,Cn1cc(/C=C/C(=O)NS(=O)(=O)c2ccc(F)c(F)c2)c2c(Oc3ccc(Cl)cc3F)cccc21,6.906578314837764
CHEMBL472758,CHEMBL3710,Prostaglandin E2 receptor EP3 subtype,IC50,=,145.8,nM,CHEMBL959318,B,Displacement of [3H]PGE2 from human EP3 receptor at 20 uM in presence of 10% human serum,CHEMBL1153263,P43115,Prostaglandin E2 receptor EP3 subtype,IC50,Cn1cc(/C=C/C(=O)NS(=O)(=O)c2ccc(F)c(F)c2)c2c(Oc3ccc(F)cc3Cl)cccc21,6.836242476018044
CHEMBL474751,CHEMBL3710,Prostaglandin E2 receptor EP3 subtype,IC50,=,129.8,nM,CHEMBL959318,B,Displacement of [3H]PGE2 from human EP3 receptor at 20 uM in presence of 10% human serum,CHEMBL1153263,P43115,Prostaglandin E2 receptor EP3 subtype,IC50,Cn1cc(/C=C/C(=O)NS(=O)(=O)c2ccc(F)c(F)c2)c2c(Oc3ccc4ncccc4c3)cccc21,6.88672530753565
CHEMBL516394,CHEMBL3710,Prostaglandin E2 receptor EP3 subtype,IC50,=,216.5,nM,CHEMBL959318,B,Displacement of [3H]PGE2 from human EP3 receptor at 20 uM in presence of 10% human serum,CHEMBL1153263,P43115,Prostaglandin E2 receptor EP3 subtype,IC50,Cn1cc(/C=C/C(=O)NS(=O)(=O)c2ccc(F)c(F)c2)c2c(Oc3cnc4ccccc4n3)cccc21,6.664542099310616
CHEMBL475348,CHEMBL3710,Prostaglandin E2 receptor EP3 subtype,IC50,=,45.2,nM,CHEMBL959318,B,Displacement of [3H]PGE2 from human EP3 receptor at 20 uM in presence of 10% human serum,CHEMBL1153263,P43115,Prostaglandin E2 receptor EP3 subtype,IC50,Cn1cc(/C=C/C(=O)NS(=O)(=O)c2cc(F)c(F)cc2F)c2c(Oc3ccc(Cl)c(Cl)c3)cccc21,7.3448615651886175
CHEMBL475349,CHEMBL3710,Prostaglandin E2 receptor EP3 subtype,IC50,=,16.7,nM,CHEMBL959318,B,Displacement of [3H]PGE2 from human EP3 receptor at 20 uM in presence of 10% human serum,CHEMBL1153263,P43115,Prostaglandin E2 receptor EP3 subtype,IC50,Cn1cc(/C=C/C(=O)NS(=O)(=O)c2cc(F)c(F)cc2F)c2c(Oc3ccc(Cl)cc3Cl)cccc21,7.777283528852417
CHEMBL474948,CHEMBL3710,Prostaglandin E2 receptor EP3 subtype,IC50,=,392.9,nM,CHEMBL959318,B,Displacement of [3H]PGE2 from human EP3 receptor at 20 uM in presence of 10% human serum,CHEMBL1153263,P43115,Prostaglandin E2 receptor EP3 subtype,IC50,Cn1cc(/C=C/C(=O)NS(=O)(=O)c2cc(F)c(F)cc2F)c2c(Oc3ccc(Cl)cc3)cccc21,6.405717971188194
CHEMBL474949,CHEMBL3710,Prostaglandin E2 receptor EP3 subtype,IC50,=,209.5,nM,CHEMBL959318,B,Displacement of [3H]PGE2 from human EP3 receptor at 20 uM in presence of 10% human serum,CHEMBL1153263,P43115,Prostaglandin E2 receptor EP3 subtype,IC50,Cn1cc(/C=C/C(=O)NS(=O)(=O)c2cc(F)c(F)cc2F)c2c(Oc3ccc(F)c(F)c3)cccc21,6.678815972697686
CHEMBL472754,CHEMBL3710,Prostaglandin E2 receptor EP3 subtype,IC50,=,61.1,nM,CHEMBL959318,B,Displacement of [3H]PGE2 from human EP3 receptor at 20 uM in presence of 10% human serum,CHEMBL1153263,P43115,Prostaglandin E2 receptor EP3 subtype,IC50,Cn1cc(/C=C/C(=O)NS(=O)(=O)c2cc(F)c(F)cc2F)c2c(Oc3ccc(F)c(Cl)c3)cccc21,7.213958789757446
CHEMBL521777,CHEMBL3710,Prostaglandin E2 receptor EP3 subtype,IC50,=,53.9,nM,CHEMBL959318,B,Displacement of [3H]PGE2 from human EP3 receptor at 20 uM in presence of 10% human serum,CHEMBL1153263,P43115,Prostaglandin E2 receptor EP3 subtype,IC50,Cn1cc(/C=C/C(=O)NS(=O)(=O)c2cc(F)c(F)cc2F)c2c(Oc3ccc(Cl)c(F)c3)cccc21,7.268411234813261
CHEMBL490896,CHEMBL3710,Prostaglandin E2 receptor EP3 subtype,IC50,=,155.7,nM,CHEMBL959318,B,Displacement of [3H]PGE2 from human EP3 receptor at 20 uM in presence of 10% human serum,CHEMBL1153263,P43115,Prostaglandin E2 receptor EP3 subtype,IC50,Cn1cc(/C=C/C(=O)NS(=O)(=O)c2cc(F)c(F)cc2F)c2c(Oc3ccc(Cl)cc3F)cccc21,6.80771138743188
CHEMBL490897,CHEMBL3710,Prostaglandin E2 receptor EP3 subtype,IC50,=,316.3,nM,CHEMBL959318,B,Displacement of [3H]PGE2 from human EP3 receptor at 20 uM in presence of 10% human serum,CHEMBL1153263,P43115,Prostaglandin E2 receptor EP3 subtype,IC50,Cn1cc(/C=C/C(=O)NS(=O)(=O)c2cc(F)c(F)cc2F)c2c(Oc3ccc(F)cc3Cl)cccc21,6.499900808084277
CHEMBL523608,CHEMBL3710,Prostaglandin E2 receptor EP3 subtype,IC50,=,167.8,nM,CHEMBL959318,B,Displacement of [3H]PGE2 from human EP3 receptor at 20 uM in presence of 10% human serum,CHEMBL1153263,P43115,Prostaglandin E2 receptor EP3 subtype,IC50,Cn1cc(/C=C/C(=O)NS(=O)(=O)c2cc(F)c(F)cc2F)c2c(Oc3ccc4ncccc4c3)cccc21,6.775208043507318
CHEMBL522435,CHEMBL3710,Prostaglandin E2 receptor EP3 subtype,IC50,=,128.2,nM,CHEMBL959318,B,Displacement of [3H]PGE2 from human EP3 receptor at 20 uM in presence of 10% human serum,CHEMBL1153263,P43115,Prostaglandin E2 receptor EP3 subtype,IC50,Cn1cc(/C=C/C(=O)NS(=O)(=O)c2cc(F)c(F)cc2F)c2c(Oc3cnc4ccccc4n3)cccc21,6.892111974817201
CHEMBL490693,CHEMBL3710,Prostaglandin E2 receptor EP3 subtype,IC50,=,4.6,nM,CHEMBL959317,B,Displacement of [3H]PGE2 from human EP3 receptor at 20 uM in presence of normal buffer,CHEMBL1153263,P43115,Prostaglandin E2 receptor EP3 subtype,IC50,Cn1cc(/C=C/C(=O)NS(=O)(=O)c2cc(Cl)c(Cl)s2)c2c(Oc3ccc4ccccc4c3)cccc21,8.337242168318426
CHEMBL490693,CHEMBL3710,Prostaglandin E2 receptor EP3 subtype,IC50,=,89.6,nM,CHEMBL959318,B,Displacement of [3H]PGE2 from human EP3 receptor at 20 uM in presence of 10% human serum,CHEMBL1153263,P43115,Prostaglandin E2 receptor EP3 subtype,IC50,Cn1cc(/C=C/C(=O)NS(=O)(=O)c2cc(Cl)c(Cl)s2)c2c(Oc3ccc4ccccc4c3)cccc21,7.047691990337874
CHEMBL461571,CHEMBL3710,Prostaglandin E2 receptor EP3 subtype,IC50,=,1220.0,nM,CHEMBL980760,B,Inhibition of prostanoid EP3 receptor,CHEMBL1139415,P43115,Prostaglandin E2 receptor EP3 subtype,IC50,Cc1c(C(=O)c2ccc(Cl)cc2)c2ccc(OC(F)(F)F)cc2n1Cc1cccc(O[C@H](C)C(=O)O)c1,5.913640169325252
CHEMBL481614,CHEMBL3710,Prostaglandin E2 receptor EP3 subtype,IC50,=,5.6,nM,CHEMBL993101,B,Displacement of [3H]PGE2 from human EP3 receptor,CHEMBL1143334,P43115,Prostaglandin E2 receptor EP3 subtype,IC50,CC12CCCC(/C=C/C(=O)NS(=O)(=O)c3cc(Cl)cc(Cl)c3)=C1N(Cc1ccc(F)c(F)c1)C(=O)C2,8.2518119729938
CHEMBL479454,CHEMBL3710,Prostaglandin E2 receptor EP3 subtype,IC50,=,9.8,nM,CHEMBL993101,B,Displacement of [3H]PGE2 from human EP3 receptor,CHEMBL1143334,P43115,Prostaglandin E2 receptor EP3 subtype,IC50,CC12CCCC(/C=C/C(=O)NS(=O)(=O)c3cc(Cl)cc(Cl)c3)=C1N(Cc1ccc(Cl)cc1Cl)C(=O)C2,8.008773924307505
CHEMBL479264,CHEMBL3710,Prostaglandin E2 receptor EP3 subtype,IC50,=,5.6,nM,CHEMBL993101,B,Displacement of [3H]PGE2 from human EP3 receptor,CHEMBL1143334,P43115,Prostaglandin E2 receptor EP3 subtype,IC50,COc1cccc(CN2C(=O)CC3(C)CCCC(/C=C/C(=O)NS(=O)(=O)c4cc(F)c(F)cc4F)=C23)c1,8.2518119729938
CHEMBL479263,CHEMBL3710,Prostaglandin E2 receptor EP3 subtype,IC50,=,7.7,nM,CHEMBL993101,B,Displacement of [3H]PGE2 from human EP3 receptor,CHEMBL1143334,P43115,Prostaglandin E2 receptor EP3 subtype,IC50,CC12CCCC(/C=C/C(=O)NS(=O)(=O)c3cc(F)c(F)cc3F)=C1N(Cc1ccc(F)c(F)c1)C(=O)C2,8.113509274827518
CHEMBL479439,CHEMBL3710,Prostaglandin E2 receptor EP3 subtype,IC50,=,3.7,nM,CHEMBL993101,B,Displacement of [3H]PGE2 from human EP3 receptor,CHEMBL1143334,P43115,Prostaglandin E2 receptor EP3 subtype,IC50,CC12CCCC(/C=C/C(=O)NS(=O)(=O)c3cc(F)c(F)cc3F)=C1N(Cc1ccc(Cl)cc1Cl)C(=O)C2,8.431798275933005
CHEMBL482018,CHEMBL3710,Prostaglandin E2 receptor EP3 subtype,IC50,=,4.3,nM,CHEMBL993101,B,Displacement of [3H]PGE2 from human EP3 receptor,CHEMBL1143334,P43115,Prostaglandin E2 receptor EP3 subtype,IC50,CC12CCCC(/C=C/C(=O)NS(=O)(=O)c3cc(F)c(F)cc3F)=C1N(Cc1cccc(Cl)c1Cl)C(=O)C2,8.366531544420413
CHEMBL481823,CHEMBL3710,Prostaglandin E2 receptor EP3 subtype,IC50,=,2.5,nM,CHEMBL993101,B,Displacement of [3H]PGE2 from human EP3 receptor,CHEMBL1143334,P43115,Prostaglandin E2 receptor EP3 subtype,IC50,CC12CCCC(/C=C/C(=O)NS(=O)(=O)c3ccc(F)c(F)c3)=C1N(Cc1ccc(F)cc1)C(=O)C2,8.602059991327963
CHEMBL479664,CHEMBL3710,Prostaglandin E2 receptor EP3 subtype,IC50,=,9.4,nM,CHEMBL993101,B,Displacement of [3H]PGE2 from human EP3 receptor,CHEMBL1143334,P43115,Prostaglandin E2 receptor EP3 subtype,IC50,CC12CCCC(/C=C/C(=O)NS(=O)(=O)c3ccc(F)c(F)c3)=C1N(Cc1ccc(F)c(F)c1)C(=O)C2,8.0268721464003
CHEMBL517994,CHEMBL3710,Prostaglandin E2 receptor EP3 subtype,IC50,=,3.4,nM,CHEMBL993101,B,Displacement of [3H]PGE2 from human EP3 receptor,CHEMBL1143334,P43115,Prostaglandin E2 receptor EP3 subtype,IC50,CC12CCCC(/C=C/C(=O)NS(=O)(=O)c3ccc(F)c(F)c3)=C1N(Cc1ccc(Cl)cc1Cl)C(=O)C2,8.468521082957745
CHEMBL519137,CHEMBL3710,Prostaglandin E2 receptor EP3 subtype,IC50,=,3.4,nM,CHEMBL993101,B,Displacement of [3H]PGE2 from human EP3 receptor,CHEMBL1143334,P43115,Prostaglandin E2 receptor EP3 subtype,IC50,CC12CCCC(/C=C/C(=O)NS(=O)(=O)c3ccc(F)c(F)c3)=C1N(Cc1cccc(Cl)c1Cl)C(=O)C2,8.468521082957745
CHEMBL482159,CHEMBL3710,Prostaglandin E2 receptor EP3 subtype,IC50,=,5.6,nM,CHEMBL993101,B,Displacement of [3H]PGE2 from human EP3 receptor,CHEMBL1143334,P43115,Prostaglandin E2 receptor EP3 subtype,IC50,COc1cccc(CN2C(=O)CC3(C)CCCC(/C=C/C(=O)NS(=O)(=O)c4cc(F)cc(F)c4)=C23)c1,8.2518119729938
CHEMBL482330,CHEMBL3710,Prostaglandin E2 receptor EP3 subtype,IC50,=,12.9,nM,CHEMBL993101,B,Displacement of [3H]PGE2 from human EP3 receptor,CHEMBL1143334,P43115,Prostaglandin E2 receptor EP3 subtype,IC50,COc1cccc(CN2C(=O)CC3(C)CCCC(/C=C/C(=O)NS(=O)(=O)c4ccc(F)c(F)c4)=C23)c1,7.889410289700751
CHEMBL482158,CHEMBL3710,Prostaglandin E2 receptor EP3 subtype,IC50,=,84.1,nM,CHEMBL993101,B,Displacement of [3H]PGE2 from human EP3 receptor,CHEMBL1143334,P43115,Prostaglandin E2 receptor EP3 subtype,IC50,CC12CCCC(/C=C/C(=O)NS(=O)(=O)c3cc(F)cc(F)c3)=C1N(Cc1ccc(F)cc1)C(=O)C2,7.075204004202088
CHEMBL472145,CHEMBL3710,Prostaglandin E2 receptor EP3 subtype,IC50,=,3.8,nM,CHEMBL993101,B,Displacement of [3H]PGE2 from human EP3 receptor,CHEMBL1143334,P43115,Prostaglandin E2 receptor EP3 subtype,IC50,CC12CCCC(/C=C/C(=O)NS(=O)(=O)c3cc(F)cc(F)c3)=C1N(Cc1cccc(Cl)c1Cl)C(=O)C2,8.42021640338319
CHEMBL482318,CHEMBL3710,Prostaglandin E2 receptor EP3 subtype,IC50,=,9.2,nM,CHEMBL993101,B,Displacement of [3H]PGE2 from human EP3 receptor,CHEMBL1143334,P43115,Prostaglandin E2 receptor EP3 subtype,IC50,CC12CCCC(/C=C/C(=O)NS(=O)(=O)c3cc(F)cc(F)c3)=C1N(Cc1ccc(F)c(F)c1)C(=O)C2,8.036212172654444
CHEMBL482156,CHEMBL3710,Prostaglandin E2 receptor EP3 subtype,IC50,=,15.2,nM,CHEMBL993101,B,Displacement of [3H]PGE2 from human EP3 receptor,CHEMBL1143334,P43115,Prostaglandin E2 receptor EP3 subtype,IC50,CC12CCCC(/C=C/C(=O)NS(=O)(=O)c3ccc(F)cc3)=C1N(Cc1ccc(Cl)cc1Cl)C(=O)C2,7.818156412055227
CHEMBL481813,CHEMBL3710,Prostaglandin E2 receptor EP3 subtype,IC50,=,6.8,nM,CHEMBL993101,B,Displacement of [3H]PGE2 from human EP3 receptor,CHEMBL1143334,P43115,Prostaglandin E2 receptor EP3 subtype,IC50,CC12CCCC(/C=C/C(=O)NS(=O)(=O)c3cc(Cl)c(Cl)s3)=C1N(Cc1ccc3ccccc3c1)C(=O)C2,8.167491087293763
CHEMBL517377,CHEMBL3710,Prostaglandin E2 receptor EP3 subtype,IC50,=,6.4,nM,CHEMBL993101,B,Displacement of [3H]PGE2 from human EP3 receptor,CHEMBL1143334,P43115,Prostaglandin E2 receptor EP3 subtype,IC50,COc1cccc(CN2C(=O)CC3(C)CCCC(/C=C/C(=O)NS(=O)(=O)c4cc(Cl)c(Cl)s4)=C23)c1,8.193820026016112
CHEMBL481987,CHEMBL3710,Prostaglandin E2 receptor EP3 subtype,IC50,=,13.4,nM,CHEMBL993101,B,Displacement of [3H]PGE2 from human EP3 receptor,CHEMBL1143334,P43115,Prostaglandin E2 receptor EP3 subtype,IC50,CC12CCCC(/C=C/C(=O)NS(=O)(=O)c3ccc(Cl)s3)=C1N(Cc1ccc(Cl)cc1Cl)C(=O)C2,7.872895201635192
CHEMBL482155,CHEMBL3710,Prostaglandin E2 receptor EP3 subtype,IC50,=,57.2,nM,CHEMBL993101,B,Displacement of [3H]PGE2 from human EP3 receptor,CHEMBL1143334,P43115,Prostaglandin E2 receptor EP3 subtype,IC50,CC12CCCC(/C=C/C(=O)NS(=O)(=O)c3cccs3)=C1N(Cc1ccc(Cl)cc1Cl)C(=O)C2,7.242603971206975
CHEMBL479633,CHEMBL3710,Prostaglandin E2 receptor EP3 subtype,IC50,=,3.8,nM,CHEMBL993101,B,Displacement of [3H]PGE2 from human EP3 receptor,CHEMBL1143334,P43115,Prostaglandin E2 receptor EP3 subtype,IC50,CC12CCCC(/C=C/C(=O)NS(=O)(=O)c3cc(Cl)c(Cl)s3)=C1N(Cc1ccc(F)cc1)C(=O)C2,8.42021640338319
CHEMBL479632,CHEMBL3710,Prostaglandin E2 receptor EP3 subtype,IC50,=,3.5,nM,CHEMBL993101,B,Displacement of [3H]PGE2 from human EP3 receptor,CHEMBL1143334,P43115,Prostaglandin E2 receptor EP3 subtype,IC50,CC12CCCC(/C=C/C(=O)NS(=O)(=O)c3cc(Cl)c(Cl)s3)=C1N(Cc1ccc(F)c(F)c1)C(=O)C2,8.455931955649724
CHEMBL517369,CHEMBL3710,Prostaglandin E2 receptor EP3 subtype,IC50,=,9.5,nM,CHEMBL993101,B,Displacement of [3H]PGE2 from human EP3 receptor,CHEMBL1143334,P43115,Prostaglandin E2 receptor EP3 subtype,IC50,CC12CCCC(/C=C/C(=O)NS(=O)(=O)c3cc(Cl)c(Cl)s3)=C1N(Cc1cccc(F)c1)C(=O)C2,8.022276394711152
CHEMBL480251,CHEMBL3710,Prostaglandin E2 receptor EP3 subtype,IC50,=,2.3,nM,CHEMBL993101,B,Displacement of [3H]PGE2 from human EP3 receptor,CHEMBL1143334,P43115,Prostaglandin E2 receptor EP3 subtype,IC50,CC12CCCC(/C=C/C(=O)NS(=O)(=O)c3cc(Cl)c(Cl)s3)=C1N(Cc1ccc(Cl)cc1Cl)C(=O)C2,8.638272163982407
CHEMBL516765,CHEMBL3710,Prostaglandin E2 receptor EP3 subtype,IC50,=,4.4,nM,CHEMBL993101,B,Displacement of [3H]PGE2 from human EP3 receptor,CHEMBL1143334,P43115,Prostaglandin E2 receptor EP3 subtype,IC50,CC12CCCC(/C=C/C(=O)NS(=O)(=O)c3cc(Cl)c(Cl)s3)=C1N(Cc1cccc(Cl)c1Cl)C(=O)C2,8.356547323513812
CHEMBL473655,CHEMBL3710,Prostaglandin E2 receptor EP3 subtype,IC50,=,11.2,nM,CHEMBL993101,B,Displacement of [3H]PGE2 from human EP3 receptor,CHEMBL1143334,P43115,Prostaglandin E2 receptor EP3 subtype,IC50,COC(=O)C12CCCC(/C=C/C(=O)NS(=O)(=O)c3cc(F)c(F)cc3F)=C1N(Cc1ccc(Cl)cc1Cl)C(=O)C2,7.950781977329818
CHEMBL514311,CHEMBL3710,Prostaglandin E2 receptor EP3 subtype,IC50,=,20.6,nM,CHEMBL993101,B,Displacement of [3H]PGE2 from human EP3 receptor,CHEMBL1143334,P43115,Prostaglandin E2 receptor EP3 subtype,IC50,COC(=O)C12CCCC(/C=C/C(=O)NS(=O)(=O)c3ccc(F)c(F)c3)=C1N(Cc1ccc(Cl)cc1Cl)C(=O)C2,7.686132779630847
CHEMBL479657,CHEMBL3710,Prostaglandin E2 receptor EP3 subtype,IC50,=,29.9,nM,CHEMBL993101,B,Displacement of [3H]PGE2 from human EP3 receptor,CHEMBL1143334,P43115,Prostaglandin E2 receptor EP3 subtype,IC50,COC(=O)C12CCCC(/C=C/C(=O)NS(=O)(=O)c3cc(Cl)c(Cl)s3)=C1N(Cc1ccc(F)c(F)c1)C(=O)C2,7.52432881167557
CHEMBL473242,CHEMBL3710,Prostaglandin E2 receptor EP3 subtype,IC50,=,556.9,nM,CHEMBL993101,B,Displacement of [3H]PGE2 from human EP3 receptor,CHEMBL1143334,P43115,Prostaglandin E2 receptor EP3 subtype,IC50,C[C@]12CCC[C@@H](CCC(=O)NS(=O)(=O)c3cc(F)c(F)cc3F)[C@H]1N(Cc1ccc(F)c(F)c1)C(=O)C2,6.254222782110241
CHEMBL480635,CHEMBL3710,Prostaglandin E2 receptor EP3 subtype,IC50,=,1.8,nM,CHEMBL993101,B,Displacement of [3H]PGE2 from human EP3 receptor,CHEMBL1143334,P43115,Prostaglandin E2 receptor EP3 subtype,IC50,CC12CCCC(CCC(=O)NS(=O)(=O)c3cc(F)c(F)cc3F)=C1N(Cc1ccc(F)c(F)c1)C(=O)C2,8.744727494896694
CHEMBL479275,CHEMBL3710,Prostaglandin E2 receptor EP3 subtype,IC50,=,2.2,nM,CHEMBL993101,B,Displacement of [3H]PGE2 from human EP3 receptor,CHEMBL1143334,P43115,Prostaglandin E2 receptor EP3 subtype,IC50,CC12CCCC(/C=C/C(=O)NS(=O)(=O)c3cc(Cl)c(Cl)s3)=C1N(Cc1cccc(Cl)c1)C(=O)C2,8.657577319177793
CHEMBL467114,CHEMBL3710,Prostaglandin E2 receptor EP3 subtype,IC50,=,1258.93,nM,CHEMBL1009658,B,Inhibition of EP3 receptor by FLIPR assay,CHEMBL1138602,P43115,Prostaglandin E2 receptor EP3 subtype,IC50,O=C([O-])c1cccc(Cc2cc(Cl)ccc2OCc2ccc(Cl)cc2F)n1.[Na+],5.899998417198648
CHEMBL565591,CHEMBL3710,Prostaglandin E2 receptor EP3 subtype,IC50,=,4.6,nM,CHEMBL1042657,B,Displacement of [3H]PGE2 from human EP3 receptor after 60 mins repeated washing by liquid scintillation counting,CHEMBL1156787,P43115,Prostaglandin E2 receptor EP3 subtype,IC50,Cc1cn(Cc2ccc(Cl)cc2Cl)c2c(/C=C/C(=O)NS(=O)(=O)c3cc(Cl)c(Cl)s3)cc(F)cc12,8.337242168318426
CHEMBL565591,CHEMBL3710,Prostaglandin E2 receptor EP3 subtype,IC50,=,6.0,nM,CHEMBL1042645,B,Displacement of [3H]PGE2 from human EP3 receptor after 1 hr by liquid scintillation counting in presence of 10% human serum,CHEMBL1156787,P43115,Prostaglandin E2 receptor EP3 subtype,IC50,Cc1cn(Cc2ccc(Cl)cc2Cl)c2c(/C=C/C(=O)NS(=O)(=O)c3cc(Cl)c(Cl)s3)cc(F)cc12,8.221848749616356
CHEMBL565591,CHEMBL3710,Prostaglandin E2 receptor EP3 subtype,IC50,=,4.6,nM,CHEMBL1042648,B,Displacement of [3H]PGE2 from human EP3 receptor after 1 hr by liquid scintillation counting,CHEMBL1156787,P43115,Prostaglandin E2 receptor EP3 subtype,IC50,Cc1cn(Cc2ccc(Cl)cc2Cl)c2c(/C=C/C(=O)NS(=O)(=O)c3cc(Cl)c(Cl)s3)cc(F)cc12,8.337242168318426
CHEMBL566202,CHEMBL3710,Prostaglandin E2 receptor EP3 subtype,IC50,=,682.0,nM,CHEMBL1042645,B,Displacement of [3H]PGE2 from human EP3 receptor after 1 hr by liquid scintillation counting in presence of 10% human serum,CHEMBL1156787,P43115,Prostaglandin E2 receptor EP3 subtype,IC50,Cc1cn(Cc2cn3ccccc3n2)c2c(/C=C/C(=O)NS(=O)(=O)c3cc(Cl)c(Cl)s3)cc(F)cc12,6.166215625343521
CHEMBL566202,CHEMBL3710,Prostaglandin E2 receptor EP3 subtype,IC50,=,1.3,nM,CHEMBL1042648,B,Displacement of [3H]PGE2 from human EP3 receptor after 1 hr by liquid scintillation counting,CHEMBL1156787,P43115,Prostaglandin E2 receptor EP3 subtype,IC50,Cc1cn(Cc2cn3ccccc3n2)c2c(/C=C/C(=O)NS(=O)(=O)c3cc(Cl)c(Cl)s3)cc(F)cc12,8.886056647693163
CHEMBL584488,CHEMBL3710,Prostaglandin E2 receptor EP3 subtype,IC50,=,595.0,nM,CHEMBL1042645,B,Displacement of [3H]PGE2 from human EP3 receptor after 1 hr by liquid scintillation counting in presence of 10% human serum,CHEMBL1156787,P43115,Prostaglandin E2 receptor EP3 subtype,IC50,Cc1cn(Cc2ccc(C#N)cc2)c2c(/C=C/C(=O)NS(=O)(=O)c3cc(Cl)c(Cl)s3)cc(F)cc12,6.22548303427145
CHEMBL584488,CHEMBL3710,Prostaglandin E2 receptor EP3 subtype,IC50,=,6.6,nM,CHEMBL1042648,B,Displacement of [3H]PGE2 from human EP3 receptor after 1 hr by liquid scintillation counting,CHEMBL1156787,P43115,Prostaglandin E2 receptor EP3 subtype,IC50,Cc1cn(Cc2ccc(C#N)cc2)c2c(/C=C/C(=O)NS(=O)(=O)c3cc(Cl)c(Cl)s3)cc(F)cc12,8.18045606445813
CHEMBL566006,CHEMBL3710,Prostaglandin E2 receptor EP3 subtype,IC50,=,466.0,nM,CHEMBL1042645,B,Displacement of [3H]PGE2 from human EP3 receptor after 1 hr by liquid scintillation counting in presence of 10% human serum,CHEMBL1156787,P43115,Prostaglandin E2 receptor EP3 subtype,IC50,Cc1cn(Cc2cccc(C#N)c2)c2c(/C=C/C(=O)NS(=O)(=O)c3cc(Cl)c(Cl)s3)cc(F)cc12,6.33161408331
CHEMBL566006,CHEMBL3710,Prostaglandin E2 receptor EP3 subtype,IC50,=,3.7,nM,CHEMBL1042648,B,Displacement of [3H]PGE2 from human EP3 receptor after 1 hr by liquid scintillation counting,CHEMBL1156787,P43115,Prostaglandin E2 receptor EP3 subtype,IC50,Cc1cn(Cc2cccc(C#N)c2)c2c(/C=C/C(=O)NS(=O)(=O)c3cc(Cl)c(Cl)s3)cc(F)cc12,8.431798275933005
CHEMBL482390,CHEMBL3710,Prostaglandin E2 receptor EP3 subtype,IC50,=,180.0,nM,CHEMBL1042648,B,Displacement of [3H]PGE2 from human EP3 receptor after 1 hr by liquid scintillation counting,CHEMBL1156787,P43115,Prostaglandin E2 receptor EP3 subtype,IC50,Cc1cn(Cc2ccc(F)cc2)c2c(/C=C/C(=O)NS(=O)(=O)c3cc(Cl)c(Cl)s3)cc(F)cc12,6.7447274948966935
CHEMBL566221,CHEMBL3710,Prostaglandin E2 receptor EP3 subtype,IC50,=,299.0,nM,CHEMBL1042645,B,Displacement of [3H]PGE2 from human EP3 receptor after 1 hr by liquid scintillation counting in presence of 10% human serum,CHEMBL1156787,P43115,Prostaglandin E2 receptor EP3 subtype,IC50,CC1=CC(Cc2ccc(Cl)cc2Cl)c2c(/C=C/C(=O)NS(=O)(=O)c3cccs3)cc(F)cc21,6.52432881167557
CHEMBL566221,CHEMBL3710,Prostaglandin E2 receptor EP3 subtype,IC50,=,3.0,nM,CHEMBL1042648,B,Displacement of [3H]PGE2 from human EP3 receptor after 1 hr by liquid scintillation counting,CHEMBL1156787,P43115,Prostaglandin E2 receptor EP3 subtype,IC50,CC1=CC(Cc2ccc(Cl)cc2Cl)c2c(/C=C/C(=O)NS(=O)(=O)c3cccs3)cc(F)cc21,8.522878745280337
CHEMBL566631,CHEMBL3710,Prostaglandin E2 receptor EP3 subtype,IC50,=,619.0,nM,CHEMBL1042645,B,Displacement of [3H]PGE2 from human EP3 receptor after 1 hr by liquid scintillation counting in presence of 10% human serum,CHEMBL1156787,P43115,Prostaglandin E2 receptor EP3 subtype,IC50,Cc1cn(Cc2ccc3ccccc3c2)c2c(/C=C/C(=O)NS(=O)(=O)c3cccs3)cc(F)cc12,6.2083093509798815
CHEMBL566631,CHEMBL3710,Prostaglandin E2 receptor EP3 subtype,IC50,=,14.0,nM,CHEMBL1042648,B,Displacement of [3H]PGE2 from human EP3 receptor after 1 hr by liquid scintillation counting,CHEMBL1156787,P43115,Prostaglandin E2 receptor EP3 subtype,IC50,Cc1cn(Cc2ccc3ccccc3c2)c2c(/C=C/C(=O)NS(=O)(=O)c3cccs3)cc(F)cc12,7.853871964321762
CHEMBL567266,CHEMBL3710,Prostaglandin E2 receptor EP3 subtype,IC50,=,2252.0,nM,CHEMBL1042645,B,Displacement of [3H]PGE2 from human EP3 receptor after 1 hr by liquid scintillation counting in presence of 10% human serum,CHEMBL1156787,P43115,Prostaglandin E2 receptor EP3 subtype,IC50,CN1C(=O)C(NC(=O)c2ccc3ccccc3c2)c2c(/C=C/C(=O)NS(=O)(=O)c3cc(Cl)c(Cl)s3)cccc21,5.647431613820691
CHEMBL567266,CHEMBL3710,Prostaglandin E2 receptor EP3 subtype,IC50,=,14.6,nM,CHEMBL1042648,B,Displacement of [3H]PGE2 from human EP3 receptor after 1 hr by liquid scintillation counting,CHEMBL1156787,P43115,Prostaglandin E2 receptor EP3 subtype,IC50,CN1C(=O)C(NC(=O)c2ccc3ccccc3c2)c2c(/C=C/C(=O)NS(=O)(=O)c3cc(Cl)c(Cl)s3)cccc21,7.835647144215563
CHEMBL585507,CHEMBL3710,Prostaglandin E2 receptor EP3 subtype,IC50,=,880.0,nM,CHEMBL1042645,B,Displacement of [3H]PGE2 from human EP3 receptor after 1 hr by liquid scintillation counting in presence of 10% human serum,CHEMBL1156787,P43115,Prostaglandin E2 receptor EP3 subtype,IC50,O=C(/C=C/c1cccc2c1N(Cc1ccc(Cl)cc1Cl)C(=O)C21NCCS1)NS(=O)(=O)c1cc(Cl)c(Cl)s1,6.055517327849831
CHEMBL585507,CHEMBL3710,Prostaglandin E2 receptor EP3 subtype,IC50,=,4.9,nM,CHEMBL1042648,B,Displacement of [3H]PGE2 from human EP3 receptor after 1 hr by liquid scintillation counting,CHEMBL1156787,P43115,Prostaglandin E2 receptor EP3 subtype,IC50,O=C(/C=C/c1cccc2c1N(Cc1ccc(Cl)cc1Cl)C(=O)C21NCCS1)NS(=O)(=O)c1cc(Cl)c(Cl)s1,8.309803919971486
CHEMBL585582,CHEMBL3710,Prostaglandin E2 receptor EP3 subtype,IC50,=,1683.0,nM,CHEMBL1042645,B,Displacement of [3H]PGE2 from human EP3 receptor after 1 hr by liquid scintillation counting in presence of 10% human serum,CHEMBL1156787,P43115,Prostaglandin E2 receptor EP3 subtype,IC50,Cn1nc(NC(=O)c2ccc3ccccc3c2)c2c(/C=C/C(=O)NS(=O)(=O)c3cc(Cl)c(Cl)s3)cccc21,5.773915884024176
CHEMBL585582,CHEMBL3710,Prostaglandin E2 receptor EP3 subtype,IC50,=,27.6,nM,CHEMBL1042648,B,Displacement of [3H]PGE2 from human EP3 receptor after 1 hr by liquid scintillation counting,CHEMBL1156787,P43115,Prostaglandin E2 receptor EP3 subtype,IC50,Cn1nc(NC(=O)c2ccc3ccccc3c2)c2c(/C=C/C(=O)NS(=O)(=O)c3cc(Cl)c(Cl)s3)cccc21,7.559090917934782
CHEMBL565604,CHEMBL3710,Prostaglandin E2 receptor EP3 subtype,IC50,=,7260.0,nM,CHEMBL1042645,B,Displacement of [3H]PGE2 from human EP3 receptor after 1 hr by liquid scintillation counting in presence of 10% human serum,CHEMBL1156787,P43115,Prostaglandin E2 receptor EP3 subtype,IC50,O=C(COc1cccc2ccc(=O)n(Cc3ccc4ccccc4c3)c12)NS(=O)(=O)c1cccs1,5.139063379299906
CHEMBL565604,CHEMBL3710,Prostaglandin E2 receptor EP3 subtype,IC50,=,27.0,nM,CHEMBL1042648,B,Displacement of [3H]PGE2 from human EP3 receptor after 1 hr by liquid scintillation counting,CHEMBL1156787,P43115,Prostaglandin E2 receptor EP3 subtype,IC50,O=C(COc1cccc2ccc(=O)n(Cc3ccc4ccccc4c3)c12)NS(=O)(=O)c1cccs1,7.568636235841012
CHEMBL567484,CHEMBL3710,Prostaglandin E2 receptor EP3 subtype,IC50,=,1552.0,nM,CHEMBL1042645,B,Displacement of [3H]PGE2 from human EP3 receptor after 1 hr by liquid scintillation counting in presence of 10% human serum,CHEMBL1156787,P43115,Prostaglandin E2 receptor EP3 subtype,IC50,O=C(/C=C/c1cccc2c1N(S(=O)(=O)c1ccc3ccccc3c1)CC2)NS(=O)(=O)c1cccs1,5.80910828307783
CHEMBL567484,CHEMBL3710,Prostaglandin E2 receptor EP3 subtype,IC50,=,36.0,nM,CHEMBL1042648,B,Displacement of [3H]PGE2 from human EP3 receptor after 1 hr by liquid scintillation counting,CHEMBL1156787,P43115,Prostaglandin E2 receptor EP3 subtype,IC50,O=C(/C=C/c1cccc2c1N(S(=O)(=O)c1ccc3ccccc3c1)CC2)NS(=O)(=O)c1cccs1,7.443697499232712
CHEMBL567051,CHEMBL3710,Prostaglandin E2 receptor EP3 subtype,IC50,=,2751.0,nM,CHEMBL1042645,B,Displacement of [3H]PGE2 from human EP3 receptor after 1 hr by liquid scintillation counting in presence of 10% human serum,CHEMBL1156787,P43115,Prostaglandin E2 receptor EP3 subtype,IC50,O=C(COc1cccc2occ(S(=O)(=O)c3ccc4ccccc4c3)c12)NS(=O)(=O)c1cc(Cl)c(Cl)s1,5.560509409610317
CHEMBL567051,CHEMBL3710,Prostaglandin E2 receptor EP3 subtype,IC50,=,8.9,nM,CHEMBL1042648,B,Displacement of [3H]PGE2 from human EP3 receptor after 1 hr by liquid scintillation counting,CHEMBL1156787,P43115,Prostaglandin E2 receptor EP3 subtype,IC50,O=C(COc1cccc2occ(S(=O)(=O)c3ccc4ccccc4c3)c12)NS(=O)(=O)c1cc(Cl)c(Cl)s1,8.050609993355087
CHEMBL565992,CHEMBL3710,Prostaglandin E2 receptor EP3 subtype,IC50,=,1.1,nM,CHEMBL1042657,B,Displacement of [3H]PGE2 from human EP3 receptor after 60 mins repeated washing by liquid scintillation counting,CHEMBL1156787,P43115,Prostaglandin E2 receptor EP3 subtype,IC50,O=C(COc1cccc2ncn(Cc3ccc(Cl)cc3Cl)c12)NS(=O)(=O)c1cc(Cl)c(Cl)s1,8.958607314841775
CHEMBL565992,CHEMBL3710,Prostaglandin E2 receptor EP3 subtype,IC50,=,79.0,nM,CHEMBL1042645,B,Displacement of [3H]PGE2 from human EP3 receptor after 1 hr by liquid scintillation counting in presence of 10% human serum,CHEMBL1156787,P43115,Prostaglandin E2 receptor EP3 subtype,IC50,O=C(COc1cccc2ncn(Cc3ccc(Cl)cc3Cl)c12)NS(=O)(=O)c1cc(Cl)c(Cl)s1,7.102372908709558
CHEMBL565992,CHEMBL3710,Prostaglandin E2 receptor EP3 subtype,IC50,=,1.1,nM,CHEMBL1042648,B,Displacement of [3H]PGE2 from human EP3 receptor after 1 hr by liquid scintillation counting,CHEMBL1156787,P43115,Prostaglandin E2 receptor EP3 subtype,IC50,O=C(COc1cccc2ncn(Cc3ccc(Cl)cc3Cl)c12)NS(=O)(=O)c1cc(Cl)c(Cl)s1,8.958607314841775
CHEMBL565991,CHEMBL3710,Prostaglandin E2 receptor EP3 subtype,IC50,=,635.0,nM,CHEMBL1042645,B,Displacement of [3H]PGE2 from human EP3 receptor after 1 hr by liquid scintillation counting in presence of 10% human serum,CHEMBL1156787,P43115,Prostaglandin E2 receptor EP3 subtype,IC50,CN1C(=O)C(Cc2ccc3ccccc3c2)c2c(CCC(=O)NS(=O)(=O)c3cc(Cl)c(Cl)s3)cccc21,6.197226274708024
CHEMBL565991,CHEMBL3710,Prostaglandin E2 receptor EP3 subtype,IC50,=,3.0,nM,CHEMBL1042648,B,Displacement of [3H]PGE2 from human EP3 receptor after 1 hr by liquid scintillation counting,CHEMBL1156787,P43115,Prostaglandin E2 receptor EP3 subtype,IC50,CN1C(=O)C(Cc2ccc3ccccc3c2)c2c(CCC(=O)NS(=O)(=O)c3cc(Cl)c(Cl)s3)cccc21,8.522878745280337
CHEMBL566016,CHEMBL3710,Prostaglandin E2 receptor EP3 subtype,IC50,=,2730.0,nM,CHEMBL1042645,B,Displacement of [3H]PGE2 from human EP3 receptor after 1 hr by liquid scintillation counting in presence of 10% human serum,CHEMBL1156787,P43115,Prostaglandin E2 receptor EP3 subtype,IC50,Cc1cn(CCC(=O)NS(=O)(=O)c2cc(Cl)c(Cl)s2)c2c(Oc3ccc4ccccc4c3)cc(F)cc12,5.5638373529592435
CHEMBL566016,CHEMBL3710,Prostaglandin E2 receptor EP3 subtype,IC50,=,2.2,nM,CHEMBL1042648,B,Displacement of [3H]PGE2 from human EP3 receptor after 1 hr by liquid scintillation counting,CHEMBL1156787,P43115,Prostaglandin E2 receptor EP3 subtype,IC50,Cc1cn(CCC(=O)NS(=O)(=O)c2cc(Cl)c(Cl)s2)c2c(Oc3ccc4ccccc4c3)cc(F)cc12,8.657577319177793
CHEMBL585100,CHEMBL3710,Prostaglandin E2 receptor EP3 subtype,IC50,=,1146.0,nM,CHEMBL1042645,B,Displacement of [3H]PGE2 from human EP3 receptor after 1 hr by liquid scintillation counting in presence of 10% human serum,CHEMBL1156787,P43115,Prostaglandin E2 receptor EP3 subtype,IC50,Cc1cn(Cc2ccc3ccccc3c2)c2c(CCC(=O)NS(=O)(=O)c3cccs3)cc(F)cc12,5.940815382368629
CHEMBL585100,CHEMBL3710,Prostaglandin E2 receptor EP3 subtype,IC50,=,22.0,nM,CHEMBL1042648,B,Displacement of [3H]PGE2 from human EP3 receptor after 1 hr by liquid scintillation counting,CHEMBL1156787,P43115,Prostaglandin E2 receptor EP3 subtype,IC50,Cc1cn(Cc2ccc3ccccc3c2)c2c(CCC(=O)NS(=O)(=O)c3cccs3)cc(F)cc12,7.657577319177793
CHEMBL467632,CHEMBL3710,Prostaglandin E2 receptor EP3 subtype,IC50,=,3.0,nM,CHEMBL1042657,B,Displacement of [3H]PGE2 from human EP3 receptor after 60 mins repeated washing by liquid scintillation counting,CHEMBL1156787,P43115,Prostaglandin E2 receptor EP3 subtype,IC50,O=C(COc1cccc2[nH]cc(Cc3ccc4ccccc4c3)c12)NS(=O)(=O)c1cc(Cl)c(Cl)s1,8.522878745280337
CHEMBL467632,CHEMBL3710,Prostaglandin E2 receptor EP3 subtype,IC50,=,5.0,nM,CHEMBL1042645,B,Displacement of [3H]PGE2 from human EP3 receptor after 1 hr by liquid scintillation counting in presence of 10% human serum,CHEMBL1156787,P43115,Prostaglandin E2 receptor EP3 subtype,IC50,O=C(COc1cccc2[nH]cc(Cc3ccc4ccccc4c3)c12)NS(=O)(=O)c1cc(Cl)c(Cl)s1,8.301029995663981
CHEMBL467632,CHEMBL3710,Prostaglandin E2 receptor EP3 subtype,IC50,=,3.0,nM,CHEMBL1042648,B,Displacement of [3H]PGE2 from human EP3 receptor after 1 hr by liquid scintillation counting,CHEMBL1156787,P43115,Prostaglandin E2 receptor EP3 subtype,IC50,O=C(COc1cccc2[nH]cc(Cc3ccc4ccccc4c3)c12)NS(=O)(=O)c1cc(Cl)c(Cl)s1,8.522878745280337
CHEMBL585766,CHEMBL3710,Prostaglandin E2 receptor EP3 subtype,IC50,=,2.5,nM,CHEMBL1042648,B,Displacement of [3H]PGE2 from human EP3 receptor after 1 hr by liquid scintillation counting,CHEMBL1156787,P43115,Prostaglandin E2 receptor EP3 subtype,IC50,Cn1cc(Cc2ccc3ccccc3c2)c2c(CCC(=O)NS(=O)(=O)c3cc(Cl)c(Cl)s3)cccc21,8.602059991327963
CHEMBL567905,CHEMBL3710,Prostaglandin E2 receptor EP3 subtype,IC50,=,2.4,nM,CHEMBL1042648,B,Displacement of [3H]PGE2 from human EP3 receptor after 1 hr by liquid scintillation counting,CHEMBL1156787,P43115,Prostaglandin E2 receptor EP3 subtype,IC50,O=C(CCc1cccc2[nH]cc(Cc3ccc4ccccc4c3)c12)NS(=O)(=O)c1cc(Cl)c(Cl)s1,8.619788758288394
CHEMBL566421,CHEMBL3710,Prostaglandin E2 receptor EP3 subtype,IC50,=,2.7,nM,CHEMBL1042648,B,Displacement of [3H]PGE2 from human EP3 receptor after 1 hr by liquid scintillation counting,CHEMBL1156787,P43115,Prostaglandin E2 receptor EP3 subtype,IC50,Cn1cc(Cc2ccc3ccccc3c2)c2c(/C=C/C(=O)NS(=O)(=O)c3cc(Cl)c(Cl)s3)cccc21,8.568636235841012
CHEMBL584492,CHEMBL3710,Prostaglandin E2 receptor EP3 subtype,IC50,=,2.5,nM,CHEMBL1042648,B,Displacement of [3H]PGE2 from human EP3 receptor after 1 hr by liquid scintillation counting,CHEMBL1156787,P43115,Prostaglandin E2 receptor EP3 subtype,IC50,O=C(/C=C/c1cccc2[nH]cc(Cc3ccc4ccccc4c3)c12)NS(=O)(=O)c1cc(Cl)c(Cl)s1,8.602059991327963
CHEMBL565384,CHEMBL3710,Prostaglandin E2 receptor EP3 subtype,IC50,=,10091.0,nM,CHEMBL1042648,B,Displacement of [3H]PGE2 from human EP3 receptor after 1 hr by liquid scintillation counting,CHEMBL1156787,P43115,Prostaglandin E2 receptor EP3 subtype,IC50,Cc1cn(Cc2ccccn2)c2c(/C=C/C(=O)NS(=O)(=O)c3cccs3)cccc12,4.996065793826292
CHEMBL566423,CHEMBL3710,Prostaglandin E2 receptor EP3 subtype,IC50,=,2838.0,nM,CHEMBL1042648,B,Displacement of [3H]PGE2 from human EP3 receptor after 1 hr by liquid scintillation counting,CHEMBL1156787,P43115,Prostaglandin E2 receptor EP3 subtype,IC50,Cc1cn(Cc2cccnc2)c2c(/C=C/C(=O)NS(=O)(=O)c3cccs3)cccc12,5.546987608878545
CHEMBL584484,CHEMBL3710,Prostaglandin E2 receptor EP3 subtype,IC50,=,4044.0,nM,CHEMBL1042648,B,Displacement of [3H]PGE2 from human EP3 receptor after 1 hr by liquid scintillation counting,CHEMBL1156787,P43115,Prostaglandin E2 receptor EP3 subtype,IC50,O=C(/C=C/c1cccc2ccn(Cc3cccnc3)c12)NS(=O)(=O)c1cccs1,5.393188853081036
CHEMBL584495,CHEMBL3710,Prostaglandin E2 receptor EP3 subtype,IC50,=,5568.0,nM,CHEMBL1042645,B,Displacement of [3H]PGE2 from human EP3 receptor after 1 hr by liquid scintillation counting in presence of 10% human serum,CHEMBL1156787,P43115,Prostaglandin E2 receptor EP3 subtype,IC50,COc1ccc(Cn2ccc3cccc(/C=C/C(=O)NS(=O)(=O)c4cccs4)c32)cc1,5.254300773397494
CHEMBL584495,CHEMBL3710,Prostaglandin E2 receptor EP3 subtype,IC50,=,34.0,nM,CHEMBL1042648,B,Displacement of [3H]PGE2 from human EP3 receptor after 1 hr by liquid scintillation counting,CHEMBL1156787,P43115,Prostaglandin E2 receptor EP3 subtype,IC50,COc1ccc(Cn2ccc3cccc(/C=C/C(=O)NS(=O)(=O)c4cccs4)c32)cc1,7.468521082957745
CHEMBL565797,CHEMBL3710,Prostaglandin E2 receptor EP3 subtype,IC50,=,326.0,nM,CHEMBL1042648,B,Displacement of [3H]PGE2 from human EP3 receptor after 1 hr by liquid scintillation counting,CHEMBL1156787,P43115,Prostaglandin E2 receptor EP3 subtype,IC50,O=C(/C=C/c1cccc2ccn(Cc3ccccc3-c3ccccc3)c12)NS(=O)(=O)c1cccs1,6.486782399932061
CHEMBL584279,CHEMBL3710,Prostaglandin E2 receptor EP3 subtype,IC50,=,2710.0,nM,CHEMBL1042645,B,Displacement of [3H]PGE2 from human EP3 receptor after 1 hr by liquid scintillation counting in presence of 10% human serum,CHEMBL1156787,P43115,Prostaglandin E2 receptor EP3 subtype,IC50,O=C(/C=C/c1cccc2ccn(Cc3ccccc3C(F)(F)F)c12)NS(=O)(=O)c1cccs1,5.567030709125595
CHEMBL584279,CHEMBL3710,Prostaglandin E2 receptor EP3 subtype,IC50,=,42.0,nM,CHEMBL1042648,B,Displacement of [3H]PGE2 from human EP3 receptor after 1 hr by liquid scintillation counting,CHEMBL1156787,P43115,Prostaglandin E2 receptor EP3 subtype,IC50,O=C(/C=C/c1cccc2ccn(Cc3ccccc3C(F)(F)F)c12)NS(=O)(=O)c1cccs1,7.376750709602099
CHEMBL585091,CHEMBL3710,Prostaglandin E2 receptor EP3 subtype,IC50,=,4048.0,nM,CHEMBL1042645,B,Displacement of [3H]PGE2 from human EP3 receptor after 1 hr by liquid scintillation counting in presence of 10% human serum,CHEMBL1156787,P43115,Prostaglandin E2 receptor EP3 subtype,IC50,O=C(/C=C/c1cccc2ccn(Cc3cccc(C(F)(F)F)c3)c12)NS(=O)(=O)c1cccs1,5.3927594961682574
CHEMBL585091,CHEMBL3710,Prostaglandin E2 receptor EP3 subtype,IC50,=,25.0,nM,CHEMBL1042648,B,Displacement of [3H]PGE2 from human EP3 receptor after 1 hr by liquid scintillation counting,CHEMBL1156787,P43115,Prostaglandin E2 receptor EP3 subtype,IC50,O=C(/C=C/c1cccc2ccn(Cc3cccc(C(F)(F)F)c3)c12)NS(=O)(=O)c1cccs1,7.6020599913279625
CHEMBL566015,CHEMBL3710,Prostaglandin E2 receptor EP3 subtype,IC50,=,2208.0,nM,CHEMBL1042645,B,Displacement of [3H]PGE2 from human EP3 receptor after 1 hr by liquid scintillation counting in presence of 10% human serum,CHEMBL1156787,P43115,Prostaglandin E2 receptor EP3 subtype,IC50,O=C(/C=C/c1cccc2ccn(Cc3ccc4c(c3)OCO4)c12)NS(=O)(=O)c1cccs1,5.656000930942838
CHEMBL566015,CHEMBL3710,Prostaglandin E2 receptor EP3 subtype,IC50,=,14.0,nM,CHEMBL1042648,B,Displacement of [3H]PGE2 from human EP3 receptor after 1 hr by liquid scintillation counting,CHEMBL1156787,P43115,Prostaglandin E2 receptor EP3 subtype,IC50,O=C(/C=C/c1cccc2ccn(Cc3ccc4c(c3)OCO4)c12)NS(=O)(=O)c1cccs1,7.853871964321762
CHEMBL565598,CHEMBL3710,Prostaglandin E2 receptor EP3 subtype,IC50,=,88.0,nM,CHEMBL1042648,B,Displacement of [3H]PGE2 from human EP3 receptor after 1 hr by liquid scintillation counting,CHEMBL1156787,P43115,Prostaglandin E2 receptor EP3 subtype,IC50,COc1cc(Cn2ccc3cccc(/C=C/C(=O)NS(=O)(=O)c4cccs4)c32)cc(OC)c1,7.055517327849831
CHEMBL565988,CHEMBL3710,Prostaglandin E2 receptor EP3 subtype,IC50,=,4223.0,nM,CHEMBL1042645,B,Displacement of [3H]PGE2 from human EP3 receptor after 1 hr by liquid scintillation counting in presence of 10% human serum,CHEMBL1156787,P43115,Prostaglandin E2 receptor EP3 subtype,IC50,Cc1ccc(Cn2ccc3cccc(/C=C/C(=O)NS(=O)(=O)c4cccs4)c32)cc1C,5.374378918575092
CHEMBL565988,CHEMBL3710,Prostaglandin E2 receptor EP3 subtype,IC50,=,71.0,nM,CHEMBL1042648,B,Displacement of [3H]PGE2 from human EP3 receptor after 1 hr by liquid scintillation counting,CHEMBL1156787,P43115,Prostaglandin E2 receptor EP3 subtype,IC50,Cc1ccc(Cn2ccc3cccc(/C=C/C(=O)NS(=O)(=O)c4cccs4)c32)cc1C,7.1487416512809245
CHEMBL585099,CHEMBL3710,Prostaglandin E2 receptor EP3 subtype,IC50,=,5.0,nM,CHEMBL1042648,B,Displacement of [3H]PGE2 from human EP3 receptor after 1 hr by liquid scintillation counting,CHEMBL1156787,P43115,Prostaglandin E2 receptor EP3 subtype,IC50,Cc1cn(Cc2ccc(Cl)cc2Cl)c2c(/C=C/C(=O)NS(=O)(=O)c3cccs3)cccc12,8.301029995663981
CHEMBL585483,CHEMBL3710,Prostaglandin E2 receptor EP3 subtype,IC50,=,420.0,nM,CHEMBL1042648,B,Displacement of [3H]PGE2 from human EP3 receptor after 1 hr by liquid scintillation counting,CHEMBL1156787,P43115,Prostaglandin E2 receptor EP3 subtype,IC50,O=C(/C=C/c1cccc2ccn(Cc3c(Cl)cccc3Cl)c12)NS(=O)(=O)c1cccs1,6.376750709602099
CHEMBL585581,CHEMBL3710,Prostaglandin E2 receptor EP3 subtype,IC50,=,2.0,nM,CHEMBL1042657,B,Displacement of [3H]PGE2 from human EP3 receptor after 60 mins repeated washing by liquid scintillation counting,CHEMBL1156787,P43115,Prostaglandin E2 receptor EP3 subtype,IC50,O=C(/C=C/c1cccc2ccn(Cc3ccc(Cl)cc3Cl)c12)NS(=O)(=O)c1cccs1,8.698970004336019
CHEMBL585581,CHEMBL3710,Prostaglandin E2 receptor EP3 subtype,IC50,=,357.0,nM,CHEMBL1042645,B,Displacement of [3H]PGE2 from human EP3 receptor after 1 hr by liquid scintillation counting in presence of 10% human serum,CHEMBL1156787,P43115,Prostaglandin E2 receptor EP3 subtype,IC50,O=C(/C=C/c1cccc2ccn(Cc3ccc(Cl)cc3Cl)c12)NS(=O)(=O)c1cccs1,6.447331783887806
CHEMBL585581,CHEMBL3710,Prostaglandin E2 receptor EP3 subtype,IC50,=,2.0,nM,CHEMBL1042648,B,Displacement of [3H]PGE2 from human EP3 receptor after 1 hr by liquid scintillation counting,CHEMBL1156787,P43115,Prostaglandin E2 receptor EP3 subtype,IC50,O=C(/C=C/c1cccc2ccn(Cc3ccc(Cl)cc3Cl)c12)NS(=O)(=O)c1cccs1,8.698970004336019
CHEMBL565597,CHEMBL3710,Prostaglandin E2 receptor EP3 subtype,IC50,=,7155.0,nM,CHEMBL1042645,B,Displacement of [3H]PGE2 from human EP3 receptor after 1 hr by liquid scintillation counting in presence of 10% human serum,CHEMBL1156787,P43115,Prostaglandin E2 receptor EP3 subtype,IC50,Cc1cn(Cc2ccc(Cl)c(Cl)c2)c2c(/C=C/C(=O)NS(=O)(=O)c3cccs3)cccc12,5.145390361904205
CHEMBL565597,CHEMBL3710,Prostaglandin E2 receptor EP3 subtype,IC50,=,14.2,nM,CHEMBL1042648,B,Displacement of [3H]PGE2 from human EP3 receptor after 1 hr by liquid scintillation counting,CHEMBL1156787,P43115,Prostaglandin E2 receptor EP3 subtype,IC50,Cc1cn(Cc2ccc(Cl)c(Cl)c2)c2c(/C=C/C(=O)NS(=O)(=O)c3cccs3)cccc12,7.847711655616943
CHEMBL566211,CHEMBL3710,Prostaglandin E2 receptor EP3 subtype,IC50,=,6129.0,nM,CHEMBL1042645,B,Displacement of [3H]PGE2 from human EP3 receptor after 1 hr by liquid scintillation counting in presence of 10% human serum,CHEMBL1156787,P43115,Prostaglandin E2 receptor EP3 subtype,IC50,O=C(/C=C/c1cccc2ccn(Cc3ccccc3)c12)NS(=O)(=O)c1cccs1,5.21261037864789
CHEMBL566211,CHEMBL3710,Prostaglandin E2 receptor EP3 subtype,IC50,=,98.0,nM,CHEMBL1042648,B,Displacement of [3H]PGE2 from human EP3 receptor after 1 hr by liquid scintillation counting,CHEMBL1156787,P43115,Prostaglandin E2 receptor EP3 subtype,IC50,O=C(/C=C/c1cccc2ccn(Cc3ccccc3)c12)NS(=O)(=O)c1cccs1,7.008773924307505
CHEMBL567274,CHEMBL3710,Prostaglandin E2 receptor EP3 subtype,IC50,=,378.0,nM,CHEMBL1042645,B,Displacement of [3H]PGE2 from human EP3 receptor after 1 hr by liquid scintillation counting in presence of 10% human serum,CHEMBL1156787,P43115,Prostaglandin E2 receptor EP3 subtype,IC50,O=C(/C=C/c1cccc2ccn(Cc3ccc4ccccc4c3)c12)NS(=O)(=O)c1cccs1,6.422508200162775
CHEMBL585765,CHEMBL3710,Prostaglandin E2 receptor EP3 subtype,IC50,=,5950.0,nM,CHEMBL1042648,B,Displacement of [3H]PGE2 from human EP3 receptor after 1 hr by liquid scintillation counting,CHEMBL1156787,P43115,Prostaglandin E2 receptor EP3 subtype,IC50,O=C(NS(=O)(=O)c1cccs1)C1Cc2ccccc2N1S(=O)(=O)c1ccc2ccccc2c1,5.22548303427145
CHEMBL566014,CHEMBL3710,Prostaglandin E2 receptor EP3 subtype,IC50,=,34860.0,nM,CHEMBL1042648,B,Displacement of [3H]PGE2 from human EP3 receptor after 1 hr by liquid scintillation counting,CHEMBL1156787,P43115,Prostaglandin E2 receptor EP3 subtype,IC50,CC(C)c1cccc(COc2cccc(C(=O)NS(=O)(=O)c3cccs3)c2)c1,4.4576726172260255
CHEMBL567265,CHEMBL3710,Prostaglandin E2 receptor EP3 subtype,IC50,=,6400.0,nM,CHEMBL1042648,B,Displacement of [3H]PGE2 from human EP3 receptor after 1 hr by liquid scintillation counting,CHEMBL1156787,P43115,Prostaglandin E2 receptor EP3 subtype,IC50,O=C(NS(=O)(=O)c1cccs1)c1cccc(CN2CCCCN(Cc3ccc4ccccc4c3)S2(=O)=O)c1,5.1938200260161125
CHEMBL576509,CHEMBL3710,Prostaglandin E2 receptor EP3 subtype,IC50,=,7200.0,nM,CHEMBL1042648,B,Displacement of [3H]PGE2 from human EP3 receptor after 1 hr by liquid scintillation counting,CHEMBL1156787,P43115,Prostaglandin E2 receptor EP3 subtype,IC50,O=C(/C=C/c1ccc(CCc2ccccc2)o1)NS(=O)(=O)c1cccs1,5.142667503568731
CHEMBL567273,CHEMBL3710,Prostaglandin E2 receptor EP3 subtype,IC50,=,17710.0,nM,CHEMBL1042648,B,Displacement of [3H]PGE2 from human EP3 receptor after 1 hr by liquid scintillation counting,CHEMBL1156787,P43115,Prostaglandin E2 receptor EP3 subtype,IC50,O=C(Cc1csc(/C=C/c2ccccc2)n1)NS(=O)(=O)c1cccs1,4.7517814388099255
CHEMBL584705,CHEMBL3710,Prostaglandin E2 receptor EP3 subtype,IC50,=,6490.0,nM,CHEMBL1042648,B,Displacement of [3H]PGE2 from human EP3 receptor after 1 hr by liquid scintillation counting,CHEMBL1156787,P43115,Prostaglandin E2 receptor EP3 subtype,IC50,O=C(NS(=O)(=O)c1cccs1)c1ccc(-c2csc(NCc3ccc4ccccc4c3)n2)cc1,5.187755303199631
CHEMBL567690,CHEMBL3710,Prostaglandin E2 receptor EP3 subtype,IC50,=,65.7,nM,CHEMBL1042648,B,Displacement of [3H]PGE2 from human EP3 receptor after 1 hr by liquid scintillation counting,CHEMBL1156787,P43115,Prostaglandin E2 receptor EP3 subtype,IC50,CN1C(=O)C(Nc2ccc(Cl)c(Cl)c2)c2c(OCC(=O)NS(=O)(=O)c3cc(Cl)c(Cl)s3)cccc21,7.182434630440219
CHEMBL567272,CHEMBL3710,Prostaglandin E2 receptor EP3 subtype,IC50,=,89.5,nM,CHEMBL1042648,B,Displacement of [3H]PGE2 from human EP3 receptor after 1 hr by liquid scintillation counting,CHEMBL1156787,P43115,Prostaglandin E2 receptor EP3 subtype,IC50,O=C(CCc1csc2ncc(/C=C/c3ccc4ccccc4c3)n12)NS(=O)(=O)c1cc(Cl)c(Cl)s1,7.048176964684088
CHEMBL566429,CHEMBL3710,Prostaglandin E2 receptor EP3 subtype,IC50,=,2045.0,nM,CHEMBL1042645,B,Displacement of [3H]PGE2 from human EP3 receptor after 1 hr by liquid scintillation counting in presence of 10% human serum,CHEMBL1156787,P43115,Prostaglandin E2 receptor EP3 subtype,IC50,Cc1cn(Cc2cn3ccccc3n2)c2c(/C=C/C(=O)NS(=O)(=O)c3cc(F)cc(F)c3)cc(F)cc12,5.689306687656639
CHEMBL566429,CHEMBL3710,Prostaglandin E2 receptor EP3 subtype,IC50,=,3.6,nM,CHEMBL1042648,B,Displacement of [3H]PGE2 from human EP3 receptor after 1 hr by liquid scintillation counting,CHEMBL1156787,P43115,Prostaglandin E2 receptor EP3 subtype,IC50,Cc1cn(Cc2cn3ccccc3n2)c2c(/C=C/C(=O)NS(=O)(=O)c3cc(F)cc(F)c3)cc(F)cc12,8.443697499232712
CHEMBL566013,CHEMBL3710,Prostaglandin E2 receptor EP3 subtype,IC50,=,6939.0,nM,CHEMBL1042645,B,Displacement of [3H]PGE2 from human EP3 receptor after 1 hr by liquid scintillation counting in presence of 10% human serum,CHEMBL1156787,P43115,Prostaglandin E2 receptor EP3 subtype,IC50,Cc1cn(Cc2cn3ccccc3n2)c2c(/C=C/C(=O)NS(=O)(=O)c3ccc(F)cc3)cc(F)cc12,5.158703112509718
CHEMBL566013,CHEMBL3710,Prostaglandin E2 receptor EP3 subtype,IC50,=,46.4,nM,CHEMBL1042648,B,Displacement of [3H]PGE2 from human EP3 receptor after 1 hr by liquid scintillation counting,CHEMBL1156787,P43115,Prostaglandin E2 receptor EP3 subtype,IC50,Cc1cn(Cc2cn3ccccc3n2)c2c(/C=C/C(=O)NS(=O)(=O)c3ccc(F)cc3)cc(F)cc12,7.333482019445119
CHEMBL566197,CHEMBL3710,Prostaglandin E2 receptor EP3 subtype,IC50,=,393.0,nM,CHEMBL1042645,B,Displacement of [3H]PGE2 from human EP3 receptor after 1 hr by liquid scintillation counting in presence of 10% human serum,CHEMBL1156787,P43115,Prostaglandin E2 receptor EP3 subtype,IC50,Cc1cn(Cc2cn3ccccc3n2)c2c(/C=C/C(=O)NS(=O)(=O)c3ccc(F)c(F)c3)cc(F)cc12,6.405607449624574
CHEMBL566197,CHEMBL3710,Prostaglandin E2 receptor EP3 subtype,IC50,=,2.3,nM,CHEMBL1042648,B,Displacement of [3H]PGE2 from human EP3 receptor after 1 hr by liquid scintillation counting,CHEMBL1156787,P43115,Prostaglandin E2 receptor EP3 subtype,IC50,Cc1cn(Cc2cn3ccccc3n2)c2c(/C=C/C(=O)NS(=O)(=O)c3ccc(F)c(F)c3)cc(F)cc12,8.638272163982407
CHEMBL566643,CHEMBL3710,Prostaglandin E2 receptor EP3 subtype,IC50,=,4790.0,nM,CHEMBL1042645,B,Displacement of [3H]PGE2 from human EP3 receptor after 1 hr by liquid scintillation counting in presence of 10% human serum,CHEMBL1156787,P43115,Prostaglandin E2 receptor EP3 subtype,IC50,Cc1noc(C)c1Cn1cc(C)c2cc(F)cc(/C=C/C(=O)NS(=O)(=O)c3ccc(F)c(F)c3)c21,5.319664486585436
CHEMBL566643,CHEMBL3710,Prostaglandin E2 receptor EP3 subtype,IC50,=,14.5,nM,CHEMBL1042648,B,Displacement of [3H]PGE2 from human EP3 receptor after 1 hr by liquid scintillation counting,CHEMBL1156787,P43115,Prostaglandin E2 receptor EP3 subtype,IC50,Cc1noc(C)c1Cn1cc(C)c2cc(F)cc(/C=C/C(=O)NS(=O)(=O)c3ccc(F)c(F)c3)c21,7.838631997765026
CHEMBL584904,CHEMBL3710,Prostaglandin E2 receptor EP3 subtype,IC50,=,147.0,nM,CHEMBL1042645,B,Displacement of [3H]PGE2 from human EP3 receptor after 1 hr by liquid scintillation counting in presence of 10% human serum,CHEMBL1156787,P43115,Prostaglandin E2 receptor EP3 subtype,IC50,COc1cccc(Cn2cc(C)c3cc(F)cc(/C=C/C(=O)NS(=O)(=O)c4ccc(F)c(F)c4)c32)c1,6.8326826652518236
CHEMBL584904,CHEMBL3710,Prostaglandin E2 receptor EP3 subtype,IC50,=,1.0,nM,CHEMBL1042648,B,Displacement of [3H]PGE2 from human EP3 receptor after 1 hr by liquid scintillation counting,CHEMBL1156787,P43115,Prostaglandin E2 receptor EP3 subtype,IC50,COc1cccc(Cn2cc(C)c3cc(F)cc(/C=C/C(=O)NS(=O)(=O)c4ccc(F)c(F)c4)c32)c1,9.0
CHEMBL480029,CHEMBL3710,Prostaglandin E2 receptor EP3 subtype,IC50,=,261.0,nM,CHEMBL1042645,B,Displacement of [3H]PGE2 from human EP3 receptor after 1 hr by liquid scintillation counting in presence of 10% human serum,CHEMBL1156787,P43115,Prostaglandin E2 receptor EP3 subtype,IC50,COc1cccc(Cn2cc(C)c3cc(F)cc(/C=C/C(=O)NS(=O)(=O)c4cc(F)c(F)cc4F)c32)c1,6.583359492661719
CHEMBL480029,CHEMBL3710,Prostaglandin E2 receptor EP3 subtype,IC50,=,5.7,nM,CHEMBL1042648,B,Displacement of [3H]PGE2 from human EP3 receptor after 1 hr by liquid scintillation counting,CHEMBL1156787,P43115,Prostaglandin E2 receptor EP3 subtype,IC50,COc1cccc(Cn2cc(C)c3cc(F)cc(/C=C/C(=O)NS(=O)(=O)c4cc(F)c(F)cc4F)c32)c1,8.244125144327509
CHEMBL566226,CHEMBL3710,Prostaglandin E2 receptor EP3 subtype,IC50,=,501.0,nM,CHEMBL1042648,B,Displacement of [3H]PGE2 from human EP3 receptor after 1 hr by liquid scintillation counting,CHEMBL1156787,P43115,Prostaglandin E2 receptor EP3 subtype,IC50,Cc1cn(Cc2ccc(F)c(F)c2)c2c(/C=C/C(=O)NS(=O)(=O)c3cc(Cl)c(Cl)s3)cc(F)cc12,6.300162274132754
CHEMBL481228,CHEMBL3710,Prostaglandin E2 receptor EP3 subtype,IC50,=,267.4,nM,CHEMBL1042648,B,Displacement of [3H]PGE2 from human EP3 receptor after 1 hr by liquid scintillation counting,CHEMBL1156787,P43115,Prostaglandin E2 receptor EP3 subtype,IC50,Cc1cn(Cc2ccc(F)c(F)c2)c2c(/C=C/C(=O)NS(=O)(=O)c3cc(F)c(F)cc3F)cc(F)cc12,6.572838597074035
CHEMBL565791,CHEMBL3710,Prostaglandin E2 receptor EP3 subtype,IC50,=,13.8,nM,CHEMBL1042648,B,Displacement of [3H]PGE2 from human EP3 receptor after 1 hr by liquid scintillation counting,CHEMBL1156787,P43115,Prostaglandin E2 receptor EP3 subtype,IC50,Cc1cn(Cc2ccc(Cl)cc2Cl)c2c(/C=C/C(=O)NS(=O)(=O)c3cc(F)c(F)cc3F)cc(F)cc12,7.860120913598763
CHEMBL520918,CHEMBL3710,Prostaglandin E2 receptor EP3 subtype,IC50,=,314.0,nM,CHEMBL1042648,B,Displacement of [3H]PGE2 from human EP3 receptor after 1 hr by liquid scintillation counting,CHEMBL1156787,P43115,Prostaglandin E2 receptor EP3 subtype,IC50,Cc1cn(Cc2ccc(F)c(F)c2)c2c(/C=C/C(=O)NS(=O)(=O)c3cc(F)cc(F)c3)cc(F)cc12,6.503070351926786
CHEMBL566005,CHEMBL3710,Prostaglandin E2 receptor EP3 subtype,IC50,=,2.0,nM,CHEMBL1042648,B,Displacement of [3H]PGE2 from human EP3 receptor after 1 hr by liquid scintillation counting,CHEMBL1156787,P43115,Prostaglandin E2 receptor EP3 subtype,IC50,Cc1cn(Cc2ccc(Cl)cc2Cl)c2c(/C=C/C(=O)NS(=O)(=O)c3cc(F)cc(F)c3)cc(F)cc12,8.698970004336019
CHEMBL565799,CHEMBL3710,Prostaglandin E2 receptor EP3 subtype,IC50,=,7.0,nM,CHEMBL1042657,B,Displacement of [3H]PGE2 from human EP3 receptor after 60 mins repeated washing by liquid scintillation counting,CHEMBL1156787,P43115,Prostaglandin E2 receptor EP3 subtype,IC50,Cc1cn(Cc2ccc3ccccc3c2)c2c(/C=C/C(=O)NS(=O)(=O)c3cc(Cl)c(Cl)s3)cc(F)cc12,8.154901959985743
CHEMBL565799,CHEMBL3710,Prostaglandin E2 receptor EP3 subtype,IC50,=,36.0,nM,CHEMBL1042645,B,Displacement of [3H]PGE2 from human EP3 receptor after 1 hr by liquid scintillation counting in presence of 10% human serum,CHEMBL1156787,P43115,Prostaglandin E2 receptor EP3 subtype,IC50,Cc1cn(Cc2ccc3ccccc3c2)c2c(/C=C/C(=O)NS(=O)(=O)c3cc(Cl)c(Cl)s3)cc(F)cc12,7.443697499232712
CHEMBL565799,CHEMBL3710,Prostaglandin E2 receptor EP3 subtype,IC50,=,7.0,nM,CHEMBL1042648,B,Displacement of [3H]PGE2 from human EP3 receptor after 1 hr by liquid scintillation counting,CHEMBL1156787,P43115,Prostaglandin E2 receptor EP3 subtype,IC50,Cc1cn(Cc2ccc3ccccc3c2)c2c(/C=C/C(=O)NS(=O)(=O)c3cc(Cl)c(Cl)s3)cc(F)cc12,8.154901959985743
CHEMBL565591,CHEMBL3710,Prostaglandin E2 receptor EP3 subtype,IC50,=,4.6,nM,CHEMBL1101699,B,Displacement of [3H]PGE2 from human EP3 receptor,CHEMBL1154363,P43115,Prostaglandin E2 receptor EP3 subtype,IC50,Cc1cn(Cc2ccc(Cl)cc2Cl)c2c(/C=C/C(=O)NS(=O)(=O)c3cc(Cl)c(Cl)s3)cc(F)cc12,8.337242168318426
CHEMBL1080619,CHEMBL3710,Prostaglandin E2 receptor EP3 subtype,IC50,=,2.0,nM,CHEMBL1101699,B,Displacement of [3H]PGE2 from human EP3 receptor,CHEMBL1154363,P43115,Prostaglandin E2 receptor EP3 subtype,IC50,Cc1cn(Cc2ccc(Cl)cc2Cl)c2c(-c3ccc(NS(=O)(=O)c4cc(Cl)c(Cl)s4)nc3)cc(F)cc12,8.698970004336019
CHEMBL1079555,CHEMBL3710,Prostaglandin E2 receptor EP3 subtype,IC50,=,10.0,nM,CHEMBL1101699,B,Displacement of [3H]PGE2 from human EP3 receptor,CHEMBL1154363,P43115,Prostaglandin E2 receptor EP3 subtype,IC50,Cc1cn(Cc2ccc(Cl)cc2Cl)c2c(-c3nnc(NS(=O)(=O)c4cc(Cl)c(Cl)s4)o3)cc(F)cc12,8.0
CHEMBL1079732,CHEMBL3710,Prostaglandin E2 receptor EP3 subtype,IC50,=,24.0,nM,CHEMBL1101699,B,Displacement of [3H]PGE2 from human EP3 receptor,CHEMBL1154363,P43115,Prostaglandin E2 receptor EP3 subtype,IC50,Cc1cn(Cc2ccc(Cl)cc2Cl)c2c(-c3nc(NS(=O)(=O)c4cc(Cl)c(Cl)s4)no3)cc(F)cc12,7.619788758288394
CHEMBL1081902,CHEMBL3710,Prostaglandin E2 receptor EP3 subtype,IC50,=,59.0,nM,CHEMBL1101699,B,Displacement of [3H]PGE2 from human EP3 receptor,CHEMBL1154363,P43115,Prostaglandin E2 receptor EP3 subtype,IC50,Cc1cn(Cc2ccc(F)c(F)c2)c2c(-c3cc(NS(=O)(=O)c4cc(Cl)c(Cl)s4)no3)cc(F)cc12,7.229147988357855
CHEMBL1082084,CHEMBL3710,Prostaglandin E2 receptor EP3 subtype,IC50,=,5.0,nM,CHEMBL1101699,B,Displacement of [3H]PGE2 from human EP3 receptor,CHEMBL1154363,P43115,Prostaglandin E2 receptor EP3 subtype,IC50,Cc1cn(Cc2ccc(Cl)cc2Cl)c2c(-c3cc(NS(=O)(=O)c4cc(Cl)c(Cl)s4)no3)cc(F)cc12,8.301029995663981
CHEMBL1081185,CHEMBL3710,Prostaglandin E2 receptor EP3 subtype,IC50,=,1.0,nM,CHEMBL1101699,B,Displacement of [3H]PGE2 from human EP3 receptor,CHEMBL1154363,P43115,Prostaglandin E2 receptor EP3 subtype,IC50,Cc1cn(Cc2ccc3ccccc3c2)c2c(-c3cc(NS(=O)(=O)c4cc(Cl)c(Cl)s4)no3)cc(F)cc12,9.0
CHEMBL1081360,CHEMBL3710,Prostaglandin E2 receptor EP3 subtype,IC50,=,1978.0,nM,CHEMBL1101699,B,Displacement of [3H]PGE2 from human EP3 receptor,CHEMBL1154363,P43115,Prostaglandin E2 receptor EP3 subtype,IC50,Cc1cn(Cc2ccc(F)c(F)c2)c2c(-c3cc(NS(=O)(=O)c4cc(Cl)c(Cl)s4)nn3C)cc(F)cc12,5.7037737127388395
CHEMBL1080819,CHEMBL3710,Prostaglandin E2 receptor EP3 subtype,IC50,=,8.0,nM,CHEMBL1101699,B,Displacement of [3H]PGE2 from human EP3 receptor,CHEMBL1154363,P43115,Prostaglandin E2 receptor EP3 subtype,IC50,Cc1cn(Cc2ccc3ccccc3c2)c2c(-c3cc(NS(=O)(=O)c4cc(F)c(F)cc4F)no3)cc(F)cc12,8.096910013008056
CHEMBL1080105,CHEMBL3710,Prostaglandin E2 receptor EP3 subtype,IC50,=,3.0,nM,CHEMBL1101699,B,Displacement of [3H]PGE2 from human EP3 receptor,CHEMBL1154363,P43115,Prostaglandin E2 receptor EP3 subtype,IC50,Cc1cn(Cc2ccc(Cl)cc2Cl)c2c(-c3cc(NS(=O)(=O)c4cc(F)c(F)cc4F)no3)cc(F)cc12,8.522878745280337
CHEMBL1080106,CHEMBL3710,Prostaglandin E2 receptor EP3 subtype,IC50,=,2.0,nM,CHEMBL1101699,B,Displacement of [3H]PGE2 from human EP3 receptor,CHEMBL1154363,P43115,Prostaglandin E2 receptor EP3 subtype,IC50,Cc1cn(Cc2ccc(Cl)cc2Cl)c2c(-c3nnc(NS(=O)(=O)c4cc(F)c(F)cc4F)o3)cc(F)cc12,8.698970004336019
CHEMBL1079381,CHEMBL3710,Prostaglandin E2 receptor EP3 subtype,IC50,=,11.0,nM,CHEMBL1101699,B,Displacement of [3H]PGE2 from human EP3 receptor,CHEMBL1154363,P43115,Prostaglandin E2 receptor EP3 subtype,IC50,Cc1cn(Cc2ccc3ccccc3c2)c2c(-c3cc(NS(=O)(=O)c4ccc(Cl)c(Cl)c4)no3)cc(F)cc12,7.958607314841775
CHEMBL1081545,CHEMBL3710,Prostaglandin E2 receptor EP3 subtype,IC50,=,1.0,nM,CHEMBL1101699,B,Displacement of [3H]PGE2 from human EP3 receptor,CHEMBL1154363,P43115,Prostaglandin E2 receptor EP3 subtype,IC50,Cc1cn(Cc2ccc(Cl)cc2Cl)c2c(-c3cc(NS(=O)(=O)c4ccc(Cl)c(Cl)c4)no3)cc(F)cc12,9.0
CHEMBL1081724,CHEMBL3710,Prostaglandin E2 receptor EP3 subtype,IC50,=,4.0,nM,CHEMBL1101699,B,Displacement of [3H]PGE2 from human EP3 receptor,CHEMBL1154363,P43115,Prostaglandin E2 receptor EP3 subtype,IC50,Cc1cn(Cc2ccc(Cl)cc2Cl)c2c(-c3nnc(NS(=O)(=O)c4ccc(Cl)c(Cl)c4)o3)cc(F)cc12,8.397940008672037
CHEMBL1081186,CHEMBL3710,Prostaglandin E2 receptor EP3 subtype,IC50,=,1.0,nM,CHEMBL1101699,B,Displacement of [3H]PGE2 from human EP3 receptor,CHEMBL1154363,P43115,Prostaglandin E2 receptor EP3 subtype,IC50,Cc1cn(Cc2ccc(Cl)cc2Cl)c2c(-c3cc(NS(=O)(=O)c4ccc(F)c(F)c4)no3)cc(F)cc12,9.0
CHEMBL1081187,CHEMBL3710,Prostaglandin E2 receptor EP3 subtype,IC50,=,1.0,nM,CHEMBL1101699,B,Displacement of [3H]PGE2 from human EP3 receptor,CHEMBL1154363,P43115,Prostaglandin E2 receptor EP3 subtype,IC50,Cc1cn(Cc2ccc3ccccc3c2)c2c(-c3cc(NS(=O)(=O)c4ccc(F)c(F)c4)no3)cc(F)cc12,9.0
CHEMBL1080281,CHEMBL3710,Prostaglandin E2 receptor EP3 subtype,IC50,=,20.0,nM,CHEMBL1101699,B,Displacement of [3H]PGE2 from human EP3 receptor,CHEMBL1154363,P43115,Prostaglandin E2 receptor EP3 subtype,IC50,Cc1cn(Cc2ccc(Cl)cc2Cl)c2c(-c3nnc(NS(=O)(=O)c4ccc(F)c(F)c4)o3)cc(F)cc12,7.698970004336019
CHEMBL1079409,CHEMBL3710,Prostaglandin E2 receptor EP3 subtype,IC50,=,12.0,nM,CHEMBL1101699,B,Displacement of [3H]PGE2 from human EP3 receptor,CHEMBL1154363,P43115,Prostaglandin E2 receptor EP3 subtype,IC50,Cc1cn(Cc2ccc(F)c(F)c2)c2c(-c3cc(NS(=O)(=O)c4ccc(F)c(F)c4F)no3)cc(F)cc12,7.920818753952375
CHEMBL1079767,CHEMBL3710,Prostaglandin E2 receptor EP3 subtype,IC50,=,44.0,nM,CHEMBL1101699,B,Displacement of [3H]PGE2 from human EP3 receptor,CHEMBL1154363,P43115,Prostaglandin E2 receptor EP3 subtype,IC50,Cc1cn(Cc2ccc(F)c(F)c2)c2c(-c3cc(NS(=O)(=O)c4ccc(F)c(F)c4)no3)cc(F)cc12,7.356547323513812
CHEMBL1079936,CHEMBL3710,Prostaglandin E2 receptor EP3 subtype,IC50,=,664.0,nM,CHEMBL1101699,B,Displacement of [3H]PGE2 from human EP3 receptor,CHEMBL1154363,P43115,Prostaglandin E2 receptor EP3 subtype,IC50,Cc1cn(Cc2ccc(Cl)cc2Cl)c2c(-c3nnc(NC(=O)c4ccc(F)c(F)c4)o3)cc(F)cc12,6.1778319206319825
CHEMBL1079937,CHEMBL3710,Prostaglandin E2 receptor EP3 subtype,IC50,=,1315.0,nM,CHEMBL1101699,B,Displacement of [3H]PGE2 from human EP3 receptor,CHEMBL1154363,P43115,Prostaglandin E2 receptor EP3 subtype,IC50,Cc1cn(Cc2ccc(Cl)cc2Cl)c2c(-c3nnc(NC(=O)c4ccc(Cl)cc4Cl)o3)cc(F)cc12,5.881074247174223
CHEMBL1087149,CHEMBL3710,Prostaglandin E2 receptor EP3 subtype,IC50,=,1020.0,nM,CHEMBL1101699,B,Displacement of [3H]PGE2 from human EP3 receptor,CHEMBL1154363,P43115,Prostaglandin E2 receptor EP3 subtype,IC50,Cc1cn(Cc2ccc(Cl)cc2Cl)c2c(-c3nnc(NC(=O)c4ccc(F)cc4F)o3)cc(F)cc12,5.991399828238082
CHEMBL1086633,CHEMBL3710,Prostaglandin E2 receptor EP3 subtype,IC50,=,363.0,nM,CHEMBL1101699,B,Displacement of [3H]PGE2 from human EP3 receptor,CHEMBL1154363,P43115,Prostaglandin E2 receptor EP3 subtype,IC50,Cc1cn(Cc2ccc(Cl)cc2Cl)c2c(-c3nnc(NC(=O)c4ccco4)o3)cc(F)cc12,6.440093374963888
CHEMBL1086634,CHEMBL3710,Prostaglandin E2 receptor EP3 subtype,IC50,=,244.0,nM,CHEMBL1101699,B,Displacement of [3H]PGE2 from human EP3 receptor,CHEMBL1154363,P43115,Prostaglandin E2 receptor EP3 subtype,IC50,Cc1cn(Cc2ccc(Cl)cc2Cl)c2c(-c3nnc(NC(=O)c4ccc5c(c4)OC(F)(F)O5)o3)cc(F)cc12,6.61261017366127
CHEMBL1086762,CHEMBL3710,Prostaglandin E2 receptor EP3 subtype,IC50,=,2570.0,nM,CHEMBL1101699,B,Displacement of [3H]PGE2 from human EP3 receptor,CHEMBL1154363,P43115,Prostaglandin E2 receptor EP3 subtype,IC50,Cc1cn(Cc2ccc(Cl)cc2Cl)c2c(-c3nnc(NS(C)(=O)=O)o3)cc(F)cc12,5.590066876668706
CHEMBL1088322,CHEMBL3710,Prostaglandin E2 receptor EP3 subtype,IC50,=,17850.0,nM,CHEMBL1101699,B,Displacement of [3H]PGE2 from human EP3 receptor,CHEMBL1154363,P43115,Prostaglandin E2 receptor EP3 subtype,IC50,Cc1cn(Cc2ccc(F)cc2F)c2c(-c3cc(NS(C)(=O)=O)on3)cc(F)cc12,4.748361779551788
CHEMBL1089806,CHEMBL3710,Prostaglandin E2 receptor EP3 subtype,IC50,=,2.4,nM,CHEMBL1107234,B,Displacement of [3H]PGE2 from human EP3 receptor in buffer,CHEMBL1156157,P43115,Prostaglandin E2 receptor EP3 subtype,IC50,CC1C(=O)N(Cc2ccc(Cl)cc2Cl)c2c(/C=C/C(=O)NS(=O)(=O)c3cccs3)cccc21,8.619788758288394
CHEMBL1089807,CHEMBL3710,Prostaglandin E2 receptor EP3 subtype,IC50,=,3.4,nM,CHEMBL1107234,B,Displacement of [3H]PGE2 from human EP3 receptor in buffer,CHEMBL1156157,P43115,Prostaglandin E2 receptor EP3 subtype,IC50,CC1C(=O)N(Cc2ccc(Cl)cc2Cl)c2c(/C=C/C(=O)NS(=O)(=O)c3cc(Cl)c(Cl)s3)cccc21,8.468521082957745
CHEMBL1091164,CHEMBL3710,Prostaglandin E2 receptor EP3 subtype,IC50,=,0.4,nM,CHEMBL1107234,B,Displacement of [3H]PGE2 from human EP3 receptor in buffer,CHEMBL1156157,P43115,Prostaglandin E2 receptor EP3 subtype,IC50,CC1C(=O)N(Cc2ccc(Cl)cc2Cl)c2c(/C=C/C(=O)NS(=O)(=O)c3ccc(F)c(F)c3)cccc21,9.397940008672037
CHEMBL1090507,CHEMBL3710,Prostaglandin E2 receptor EP3 subtype,IC50,=,0.9,nM,CHEMBL1107234,B,Displacement of [3H]PGE2 from human EP3 receptor in buffer,CHEMBL1156157,P43115,Prostaglandin E2 receptor EP3 subtype,IC50,CC1C(=O)N(Cc2ccc(Cl)cc2Cl)c2c(/C=C/C(=O)NS(=O)(=O)c3ccc(Cl)c(Cl)c3)cccc21,9.045757490560675
CHEMBL1089161,CHEMBL3710,Prostaglandin E2 receptor EP3 subtype,IC50,=,0.5,nM,CHEMBL1107234,B,Displacement of [3H]PGE2 from human EP3 receptor in buffer,CHEMBL1156157,P43115,Prostaglandin E2 receptor EP3 subtype,IC50,CC1C(=O)N(Cc2ccc(Cl)cc2Cl)c2c(/C=C/C(=O)NS(=O)(=O)c3cccc(Cl)c3)cccc21,9.301029995663981
CHEMBL1089491,CHEMBL3710,Prostaglandin E2 receptor EP3 subtype,IC50,=,0.5,nM,CHEMBL1107234,B,Displacement of [3H]PGE2 from human EP3 receptor in buffer,CHEMBL1156157,P43115,Prostaglandin E2 receptor EP3 subtype,IC50,CC1C(=O)N(Cc2ccc(Cl)cc2Cl)c2c(/C=C/C(=O)NS(=O)(=O)c3cc(F)c(F)cc3F)cccc21,9.301029995663981
CHEMBL1090342,CHEMBL3710,Prostaglandin E2 receptor EP3 subtype,IC50,=,3.5,nM,CHEMBL1107234,B,Displacement of [3H]PGE2 from human EP3 receptor in buffer,CHEMBL1156157,P43115,Prostaglandin E2 receptor EP3 subtype,IC50,CC1C(=O)N(Cc2ccc3ccccc3c2)c2c(/C=C/C(=O)NS(=O)(=O)c3cccs3)cccc21,8.455931955649724
CHEMBL1090458,CHEMBL3710,Prostaglandin E2 receptor EP3 subtype,IC50,=,4.4,nM,CHEMBL1107234,B,Displacement of [3H]PGE2 from human EP3 receptor in buffer,CHEMBL1156157,P43115,Prostaglandin E2 receptor EP3 subtype,IC50,CC1C(=O)N(Cc2ccc3ccccc3c2)c2c(/C=C/C(=O)NS(=O)(=O)c3cc(Cl)c(Cl)s3)cccc21,8.356547323513812
CHEMBL1090459,CHEMBL3710,Prostaglandin E2 receptor EP3 subtype,IC50,=,0.6,nM,CHEMBL1107234,B,Displacement of [3H]PGE2 from human EP3 receptor in buffer,CHEMBL1156157,P43115,Prostaglandin E2 receptor EP3 subtype,IC50,CC1C(=O)N(Cc2ccc3ccccc3c2)c2c(/C=C/C(=O)NS(=O)(=O)c3ccc(F)c(F)c3)cccc21,9.221848749616356
CHEMBL1090460,CHEMBL3710,Prostaglandin E2 receptor EP3 subtype,IC50,=,0.3,nM,CHEMBL1107234,B,Displacement of [3H]PGE2 from human EP3 receptor in buffer,CHEMBL1156157,P43115,Prostaglandin E2 receptor EP3 subtype,IC50,CC1C(=O)N(Cc2ccc3ccccc3c2)c2c(/C=C/C(=O)NS(=O)(=O)c3cc(F)c(F)cc3F)cccc21,9.522878745280337
CHEMBL1089454,CHEMBL3710,Prostaglandin E2 receptor EP3 subtype,IC50,=,0.4,nM,CHEMBL1107234,B,Displacement of [3H]PGE2 from human EP3 receptor in buffer,CHEMBL1156157,P43115,Prostaglandin E2 receptor EP3 subtype,IC50,CC1C(=O)N(Cc2ccc3ccccc3c2)c2c(/C=C/C(=O)NS(=O)(=O)c3cccc(Cl)c3)cccc21,9.397940008672037
CHEMBL1089455,CHEMBL3710,Prostaglandin E2 receptor EP3 subtype,IC50,=,0.6,nM,CHEMBL1107234,B,Displacement of [3H]PGE2 from human EP3 receptor in buffer,CHEMBL1156157,P43115,Prostaglandin E2 receptor EP3 subtype,IC50,CC1C(=O)N(Cc2ccc3ccccc3c2)c2c(/C=C/C(=O)NS(=O)(=O)c3ccc(Cl)c(Cl)c3)cccc21,9.221848749616356
CHEMBL1093124,CHEMBL3710,Prostaglandin E2 receptor EP3 subtype,IC50,=,0.9,nM,CHEMBL1107234,B,Displacement of [3H]PGE2 from human EP3 receptor in buffer,CHEMBL1156157,P43115,Prostaglandin E2 receptor EP3 subtype,IC50,CC1C(=O)N(Cc2ccc(F)c(F)c2)c2c(/C=C/C(=O)NS(=O)(=O)c3ccc(Cl)c(Cl)c3)cccc21,9.045757490560675
CHEMBL479868,CHEMBL3710,Prostaglandin E2 receptor EP3 subtype,IC50,=,1.4,nM,CHEMBL1107234,B,Displacement of [3H]PGE2 from human EP3 receptor in buffer,CHEMBL1156157,P43115,Prostaglandin E2 receptor EP3 subtype,IC50,CC1C(=O)N(Cc2ccc(F)c(F)c2)c2c(/C=C/C(=O)NS(=O)(=O)c3cc(F)c(F)cc3F)cccc21,8.853871964321762
CHEMBL1090498,CHEMBL3710,Prostaglandin E2 receptor EP3 subtype,IC50,=,4.0,nM,CHEMBL1107234,B,Displacement of [3H]PGE2 from human EP3 receptor in buffer,CHEMBL1156157,P43115,Prostaglandin E2 receptor EP3 subtype,IC50,CC1C(=O)N(Cc2ccc(F)c(F)c2)c2c(/C=C/C(=O)NS(=O)(=O)c3cccc(Cl)c3)cccc21,8.397940008672037
CHEMBL1090499,CHEMBL3710,Prostaglandin E2 receptor EP3 subtype,IC50,=,3.8,nM,CHEMBL1107234,B,Displacement of [3H]PGE2 from human EP3 receptor in buffer,CHEMBL1156157,P43115,Prostaglandin E2 receptor EP3 subtype,IC50,O=C(/C=C/c1cccc2c1N(Cc1ccc(Cl)cc1Cl)C(=O)C2(F)F)NS(=O)(=O)c1cc(Cl)c(Cl)s1,8.42021640338319
CHEMBL1090500,CHEMBL3710,Prostaglandin E2 receptor EP3 subtype,IC50,=,237.0,nM,CHEMBL1107234,B,Displacement of [3H]PGE2 from human EP3 receptor in buffer,CHEMBL1156157,P43115,Prostaglandin E2 receptor EP3 subtype,IC50,O=C(/C=C/c1cccc2c1N(Cc1ccc(Cl)cc1Cl)C(=O)C2(F)F)NS(=O)(=O)c1cccs1,6.625251653989896
CHEMBL1090501,CHEMBL3710,Prostaglandin E2 receptor EP3 subtype,IC50,=,0.2,nM,CHEMBL1107234,B,Displacement of [3H]PGE2 from human EP3 receptor in buffer,CHEMBL1156157,P43115,Prostaglandin E2 receptor EP3 subtype,IC50,O=C(/C=C/c1cccc2c1N(Cc1ccc(Cl)cc1Cl)C(=O)C2(F)F)NS(=O)(=O)c1cc(F)c(F)cc1F,9.698970004336019
CHEMBL1088780,CHEMBL3710,Prostaglandin E2 receptor EP3 subtype,IC50,=,0.2,nM,CHEMBL1107234,B,Displacement of [3H]PGE2 from human EP3 receptor in buffer,CHEMBL1156157,P43115,Prostaglandin E2 receptor EP3 subtype,IC50,O=C(/C=C/c1cccc2c1N(Cc1ccc(Cl)cc1Cl)C(=O)C2(F)F)NS(=O)(=O)c1ccc(F)c(F)c1,9.698970004336019
CHEMBL1089094,CHEMBL3710,Prostaglandin E2 receptor EP3 subtype,IC50,=,0.2,nM,CHEMBL1107234,B,Displacement of [3H]PGE2 from human EP3 receptor in buffer,CHEMBL1156157,P43115,Prostaglandin E2 receptor EP3 subtype,IC50,O=C(/C=C/c1cccc2c1N(Cc1ccc(Cl)cc1Cl)C(=O)C2(F)F)NS(=O)(=O)c1ccc(Cl)c(Cl)c1,9.698970004336019
CHEMBL1089095,CHEMBL3710,Prostaglandin E2 receptor EP3 subtype,IC50,=,0.2,nM,CHEMBL1107234,B,Displacement of [3H]PGE2 from human EP3 receptor in buffer,CHEMBL1156157,P43115,Prostaglandin E2 receptor EP3 subtype,IC50,O=C(/C=C/c1cccc2c1N(Cc1ccc(Cl)cc1Cl)C(=O)C2(F)F)NS(=O)(=O)c1cccc(Cl)c1,9.698970004336019
CHEMBL1091606,CHEMBL3710,Prostaglandin E2 receptor EP3 subtype,IC50,=,1.1,nM,CHEMBL1107234,B,Displacement of [3H]PGE2 from human EP3 receptor in buffer,CHEMBL1156157,P43115,Prostaglandin E2 receptor EP3 subtype,IC50,O=C(/C=C/c1cccc2c1N(Cc1ccc(Cl)cc1Cl)C(=O)C2(F)F)NS(=O)(=O)c1ccc(Cl)cc1,8.958607314841775
CHEMBL1093239,CHEMBL3710,Prostaglandin E2 receptor EP3 subtype,IC50,=,0.2,nM,CHEMBL1107234,B,Displacement of [3H]PGE2 from human EP3 receptor in buffer,CHEMBL1156157,P43115,Prostaglandin E2 receptor EP3 subtype,IC50,O=C(/C=C/c1cccc2c1N(Cc1ccc(Cl)cc1Cl)C(=O)C2(F)F)NS(=O)(=O)c1ccc(F)cc1,9.698970004336019
CHEMBL1093240,CHEMBL3710,Prostaglandin E2 receptor EP3 subtype,IC50,=,11.6,nM,CHEMBL1107234,B,Displacement of [3H]PGE2 from human EP3 receptor in buffer,CHEMBL1156157,P43115,Prostaglandin E2 receptor EP3 subtype,IC50,O=C(/C=C/c1cccc2c1N(Cc1ccc3ccccc3c1)C(=O)C2(F)F)NS(=O)(=O)c1cc(Cl)c(Cl)s1,7.935542010773082
CHEMBL1089555,CHEMBL3710,Prostaglandin E2 receptor EP3 subtype,IC50,=,201.8,nM,CHEMBL1107234,B,Displacement of [3H]PGE2 from human EP3 receptor in buffer,CHEMBL1156157,P43115,Prostaglandin E2 receptor EP3 subtype,IC50,O=C(/C=C/c1cccc2c1N(Cc1ccc3ccccc3c1)C(=O)C2(F)F)NS(=O)(=O)c1cccs1,6.695078838099109
CHEMBL1093559,CHEMBL3710,Prostaglandin E2 receptor EP3 subtype,IC50,=,0.3,nM,CHEMBL1107234,B,Displacement of [3H]PGE2 from human EP3 receptor in buffer,CHEMBL1156157,P43115,Prostaglandin E2 receptor EP3 subtype,IC50,O=C(/C=C/c1cccc2c1N(Cc1ccc3ccccc3c1)C(=O)C2(F)F)NS(=O)(=O)c1cc(F)c(F)cc1F,9.522878745280337
CHEMBL1093843,CHEMBL3710,Prostaglandin E2 receptor EP3 subtype,IC50,=,0.2,nM,CHEMBL1107234,B,Displacement of [3H]PGE2 from human EP3 receptor in buffer,CHEMBL1156157,P43115,Prostaglandin E2 receptor EP3 subtype,IC50,O=C(/C=C/c1cccc2c1N(Cc1ccc3ccccc3c1)C(=O)C2(F)F)NS(=O)(=O)c1ccc(F)c(F)c1,9.698970004336019
CHEMBL1090222,CHEMBL3710,Prostaglandin E2 receptor EP3 subtype,IC50,=,0.3,nM,CHEMBL1107234,B,Displacement of [3H]PGE2 from human EP3 receptor in buffer,CHEMBL1156157,P43115,Prostaglandin E2 receptor EP3 subtype,IC50,O=C(/C=C/c1cccc2c1N(Cc1ccc3ccccc3c1)C(=O)C2(F)F)NS(=O)(=O)c1ccc(Cl)c(Cl)c1,9.522878745280337
CHEMBL1093897,CHEMBL3710,Prostaglandin E2 receptor EP3 subtype,IC50,=,0.1,nM,CHEMBL1107234,B,Displacement of [3H]PGE2 from human EP3 receptor in buffer,CHEMBL1156157,P43115,Prostaglandin E2 receptor EP3 subtype,IC50,O=C(/C=C/c1cccc2c1N(Cc1ccc3ccccc3c1)C(=O)C2(F)F)NS(=O)(=O)c1cccc(Cl)c1,10.0
CHEMBL1090888,CHEMBL3710,Prostaglandin E2 receptor EP3 subtype,IC50,=,2.7,nM,CHEMBL1107234,B,Displacement of [3H]PGE2 from human EP3 receptor in buffer,CHEMBL1156157,P43115,Prostaglandin E2 receptor EP3 subtype,IC50,O=C(/C=C/c1cccc2c1N(Cc1ccc3ccccc3c1)C(=O)C2(F)F)NS(=O)(=O)c1ccc(F)cc1,8.568636235841012
CHEMBL1090889,CHEMBL3710,Prostaglandin E2 receptor EP3 subtype,IC50,=,5.5,nM,CHEMBL1107234,B,Displacement of [3H]PGE2 from human EP3 receptor in buffer,CHEMBL1156157,P43115,Prostaglandin E2 receptor EP3 subtype,IC50,O=C(/C=C/c1cccc2c1N(Cc1ccc3ccccc3c1)C(=O)C2(F)F)NS(=O)(=O)c1ccc(Cl)cc1,8.259637310505756
CHEMBL1092990,CHEMBL3710,Prostaglandin E2 receptor EP3 subtype,IC50,=,7.2,nM,CHEMBL1107234,B,Displacement of [3H]PGE2 from human EP3 receptor in buffer,CHEMBL1156157,P43115,Prostaglandin E2 receptor EP3 subtype,IC50,O=C(/C=C/c1cccc2c1N(Cc1ccc(F)c(F)c1)C(=O)C2(F)F)NS(=O)(=O)c1cc(Cl)c(Cl)s1,8.142667503568731
CHEMBL1092991,CHEMBL3710,Prostaglandin E2 receptor EP3 subtype,IC50,=,16.5,nM,CHEMBL1107234,B,Displacement of [3H]PGE2 from human EP3 receptor in buffer,CHEMBL1156157,P43115,Prostaglandin E2 receptor EP3 subtype,IC50,O=C(/C=C/c1cccc2c1N(Cc1ccc(F)c(F)c1)C(=O)C2(F)F)NS(=O)(=O)c1cc(F)c(F)cc1F,7.782516055786093
CHEMBL1091621,CHEMBL3710,Prostaglandin E2 receptor EP3 subtype,IC50,=,1.3,nM,CHEMBL1107234,B,Displacement of [3H]PGE2 from human EP3 receptor in buffer,CHEMBL1156157,P43115,Prostaglandin E2 receptor EP3 subtype,IC50,O=C(/C=C/c1cccc2c1N(Cc1ccc(F)c(F)c1)C(=O)C2(F)F)NS(=O)(=O)c1ccc(F)c(F)c1,8.886056647693163
CHEMBL1091622,CHEMBL3710,Prostaglandin E2 receptor EP3 subtype,IC50,=,1.3,nM,CHEMBL1107234,B,Displacement of [3H]PGE2 from human EP3 receptor in buffer,CHEMBL1156157,P43115,Prostaglandin E2 receptor EP3 subtype,IC50,O=C(/C=C/c1cccc2c1N(Cc1ccc(F)c(F)c1)C(=O)C2(F)F)NS(=O)(=O)c1ccc(Cl)c(Cl)c1,8.886056647693163
CHEMBL1091892,CHEMBL3710,Prostaglandin E2 receptor EP3 subtype,IC50,=,5.0,nM,CHEMBL1107234,B,Displacement of [3H]PGE2 from human EP3 receptor in buffer,CHEMBL1156157,P43115,Prostaglandin E2 receptor EP3 subtype,IC50,O=C(/C=C/c1cccc2c1N(Cc1ccc(F)c(F)c1)C(=O)C2(F)F)NS(=O)(=O)c1cccc(Cl)c1,8.301029995663981
CHEMBL1091893,CHEMBL3710,Prostaglandin E2 receptor EP3 subtype,IC50,=,2.9,nM,CHEMBL1107234,B,Displacement of [3H]PGE2 from human EP3 receptor in buffer,CHEMBL1156157,P43115,Prostaglandin E2 receptor EP3 subtype,IC50,O=C(/C=C/c1cccc2c1N(Cc1ccc(Cl)cc1Cl)C(=O)C2)NS(=O)(=O)c1cc(Cl)c(Cl)s1,8.537602002101044
CHEMBL1092229,CHEMBL3710,Prostaglandin E2 receptor EP3 subtype,IC50,=,56.0,nM,CHEMBL1107234,B,Displacement of [3H]PGE2 from human EP3 receptor in buffer,CHEMBL1156157,P43115,Prostaglandin E2 receptor EP3 subtype,IC50,O=C(/C=C/c1cccc2c1N(Cc1ccc(Cl)cc1Cl)C(=O)C2)NS(=O)(=O)c1cccs1,7.251811972993799
CHEMBL1092230,CHEMBL3710,Prostaglandin E2 receptor EP3 subtype,IC50,=,0.5,nM,CHEMBL1107234,B,Displacement of [3H]PGE2 from human EP3 receptor in buffer,CHEMBL1156157,P43115,Prostaglandin E2 receptor EP3 subtype,IC50,O=C(/C=C/c1cccc2c1N(Cc1ccc(Cl)cc1Cl)C(=O)C2)NS(=O)(=O)c1cccc(Cl)c1,9.301029995663981
CHEMBL1090112,CHEMBL3710,Prostaglandin E2 receptor EP3 subtype,IC50,=,0.2,nM,CHEMBL1107234,B,Displacement of [3H]PGE2 from human EP3 receptor in buffer,CHEMBL1156157,P43115,Prostaglandin E2 receptor EP3 subtype,IC50,O=C(/C=C/c1cccc2c1N(Cc1ccc(Cl)cc1Cl)C(=O)C2)NS(=O)(=O)c1cc(F)c(F)cc1F,9.698970004336019
CHEMBL1090113,CHEMBL3710,Prostaglandin E2 receptor EP3 subtype,IC50,=,0.7,nM,CHEMBL1107234,B,Displacement of [3H]PGE2 from human EP3 receptor in buffer,CHEMBL1156157,P43115,Prostaglandin E2 receptor EP3 subtype,IC50,O=C(/C=C/c1cccc2c1N(Cc1ccc(Cl)cc1Cl)C(=O)C2)NS(=O)(=O)c1ccc(F)c(F)c1,9.154901959985743
CHEMBL1093797,CHEMBL3710,Prostaglandin E2 receptor EP3 subtype,IC50,=,1.2,nM,CHEMBL1107234,B,Displacement of [3H]PGE2 from human EP3 receptor in buffer,CHEMBL1156157,P43115,Prostaglandin E2 receptor EP3 subtype,IC50,O=C(/C=C/c1cccc2c1N(Cc1ccc(Cl)cc1Cl)C(=O)C2)NS(=O)(=O)c1ccc(Cl)c(Cl)c1,8.920818753952375
CHEMBL1088785,CHEMBL3710,Prostaglandin E2 receptor EP3 subtype,IC50,=,1.3,nM,CHEMBL1107234,B,Displacement of [3H]PGE2 from human EP3 receptor in buffer,CHEMBL1156157,P43115,Prostaglandin E2 receptor EP3 subtype,IC50,O=C(/C=C/c1cccc2c1N(Cc1ccc3ccccc3c1)C(=O)C2)NS(=O)(=O)c1cc(Cl)c(Cl)s1,8.886056647693163
CHEMBL1088814,CHEMBL3710,Prostaglandin E2 receptor EP3 subtype,IC50,=,23.6,nM,CHEMBL1107234,B,Displacement of [3H]PGE2 from human EP3 receptor in buffer,CHEMBL1156157,P43115,Prostaglandin E2 receptor EP3 subtype,IC50,O=C(/C=C/c1cccc2c1N(Cc1ccc3ccccc3c1)C(=O)C2)NS(=O)(=O)c1cccs1,7.627087997029893
CHEMBL1088815,CHEMBL3710,Prostaglandin E2 receptor EP3 subtype,IC50,=,0.3,nM,CHEMBL1107234,B,Displacement of [3H]PGE2 from human EP3 receptor in buffer,CHEMBL1156157,P43115,Prostaglandin E2 receptor EP3 subtype,IC50,O=C(/C=C/c1cccc2c1N(Cc1ccc3ccccc3c1)C(=O)C2)NS(=O)(=O)c1cc(F)c(F)cc1F,9.522878745280337
CHEMBL1088822,CHEMBL3710,Prostaglandin E2 receptor EP3 subtype,IC50,=,0.4,nM,CHEMBL1107234,B,Displacement of [3H]PGE2 from human EP3 receptor in buffer,CHEMBL1156157,P43115,Prostaglandin E2 receptor EP3 subtype,IC50,O=C(/C=C/c1cccc2c1N(Cc1ccc3ccccc3c1)C(=O)C2)NS(=O)(=O)c1ccc(F)c(F)c1,9.397940008672037
CHEMBL1088823,CHEMBL3710,Prostaglandin E2 receptor EP3 subtype,IC50,=,0.5,nM,CHEMBL1107234,B,Displacement of [3H]PGE2 from human EP3 receptor in buffer,CHEMBL1156157,P43115,Prostaglandin E2 receptor EP3 subtype,IC50,O=C(/C=C/c1cccc2c1N(Cc1ccc3ccccc3c1)C(=O)C2)NS(=O)(=O)c1ccc(Cl)c(Cl)c1,9.301029995663981
CHEMBL1088846,CHEMBL3710,Prostaglandin E2 receptor EP3 subtype,IC50,=,0.6,nM,CHEMBL1107234,B,Displacement of [3H]PGE2 from human EP3 receptor in buffer,CHEMBL1156157,P43115,Prostaglandin E2 receptor EP3 subtype,IC50,O=C(/C=C/c1cccc2c1N(Cc1ccc3ccccc3c1)C(=O)C2)NS(=O)(=O)c1cccc(Cl)c1,9.221848749616356
CHEMBL1088847,CHEMBL3710,Prostaglandin E2 receptor EP3 subtype,IC50,=,0.9,nM,CHEMBL1107234,B,Displacement of [3H]PGE2 from human EP3 receptor in buffer,CHEMBL1156157,P43115,Prostaglandin E2 receptor EP3 subtype,IC50,O=C(/C=C/c1cccc2c1N(Cc1ccc(F)c(F)c1)C(=O)C2)NS(=O)(=O)c1ccc(F)c(F)c1,9.045757490560675
CHEMBL1092871,CHEMBL3710,Prostaglandin E2 receptor EP3 subtype,IC50,=,0.3,nM,CHEMBL1107234,B,Displacement of [3H]PGE2 from human EP3 receptor in buffer,CHEMBL1156157,P43115,Prostaglandin E2 receptor EP3 subtype,IC50,O=C(/C=C/c1cccc2c1N(Cc1ccc(F)c(F)c1)C(=O)C2)NS(=O)(=O)c1ccc(Cl)c(Cl)c1,9.522878745280337
CHEMBL1088848,CHEMBL3710,Prostaglandin E2 receptor EP3 subtype,IC50,=,0.4,nM,CHEMBL1107234,B,Displacement of [3H]PGE2 from human EP3 receptor in buffer,CHEMBL1156157,P43115,Prostaglandin E2 receptor EP3 subtype,IC50,O=C(/C=C/c1cccc2c1N(Cc1ccc(F)c(F)c1)C(=O)C2)NS(=O)(=O)c1cccc(Cl)c1,9.397940008672037
CHEMBL1091145,CHEMBL3710,Prostaglandin E2 receptor EP3 subtype,IC50,=,0.7,nM,CHEMBL1107234,B,Displacement of [3H]PGE2 from human EP3 receptor in buffer,CHEMBL1156157,P43115,Prostaglandin E2 receptor EP3 subtype,IC50,O=C(/C=C/c1cccc2c1N(Cc1ccc(F)c(F)c1)C(=O)C2)NS(=O)(=O)c1cc(F)c(F)cc1F,9.154901959985743
CHEMBL1091146,CHEMBL3710,Prostaglandin E2 receptor EP3 subtype,IC50,=,0.4,nM,CHEMBL1107234,B,Displacement of [3H]PGE2 from human EP3 receptor in buffer,CHEMBL1156157,P43115,Prostaglandin E2 receptor EP3 subtype,IC50,O=C(/C=C/c1cccc2c1N(Cc1ccc(F)c(F)c1)C(=O)C2)NS(=O)(=O)c1cc(Cl)c(Cl)s1,9.397940008672037
CHEMBL1089780,CHEMBL3710,Prostaglandin E2 receptor EP3 subtype,IC50,=,2.3,nM,CHEMBL1107234,B,Displacement of [3H]PGE2 from human EP3 receptor in buffer,CHEMBL1156157,P43115,Prostaglandin E2 receptor EP3 subtype,IC50,O=C(/C=C/c1cccc2c1N(Cc1ccc3ccccc3c1)C(=O)C2(CO)CO)NS(=O)(=O)c1cc(Cl)c(Cl)s1,8.638272163982407
CHEMBL1089313,CHEMBL3710,Prostaglandin E2 receptor EP3 subtype,IC50,=,11.6,nM,CHEMBL1107234,B,Displacement of [3H]PGE2 from human EP3 receptor in buffer,CHEMBL1156157,P43115,Prostaglandin E2 receptor EP3 subtype,IC50,O=C(/C=C/c1cccc2c1N(Cc1ccc3ccccc3c1)C(=O)C2(CO)CO)NS(=O)(=O)c1ccc(F)c(F)c1,7.935542010773082
CHEMBL1089114,CHEMBL3710,Prostaglandin E2 receptor EP3 subtype,IC50,=,45.4,nM,CHEMBL1107234,B,Displacement of [3H]PGE2 from human EP3 receptor in buffer,CHEMBL1156157,P43115,Prostaglandin E2 receptor EP3 subtype,IC50,O=C(/C=C/c1cccc2c1N(Cc1ccc(F)c(F)c1)C(=O)C2(CO)CO)NS(=O)(=O)c1ccc(F)c(F)c1,7.342944147142896
CHEMBL1089115,CHEMBL3710,Prostaglandin E2 receptor EP3 subtype,IC50,=,3.8,nM,CHEMBL1107234,B,Displacement of [3H]PGE2 from human EP3 receptor in buffer,CHEMBL1156157,P43115,Prostaglandin E2 receptor EP3 subtype,IC50,O=C(/C=C/c1cccc2c1N(Cc1ccc(Cl)cc1Cl)C(=O)C21OCCO1)NS(=O)(=O)c1cc(Cl)c(Cl)s1,8.42021640338319
CHEMBL1089446,CHEMBL3710,Prostaglandin E2 receptor EP3 subtype,IC50,=,13.0,nM,CHEMBL1107234,B,Displacement of [3H]PGE2 from human EP3 receptor in buffer,CHEMBL1156157,P43115,Prostaglandin E2 receptor EP3 subtype,IC50,O=C(/C=C/c1cccc2c1N(Cc1ccc3ccccc3c1)C(=O)C21OCCO1)NS(=O)(=O)c1cccs1,7.886056647693163
CHEMBL1091165,CHEMBL3710,Prostaglandin E2 receptor EP3 subtype,IC50,=,7.9,nM,CHEMBL1107234,B,Displacement of [3H]PGE2 from human EP3 receptor in buffer,CHEMBL1156157,P43115,Prostaglandin E2 receptor EP3 subtype,IC50,O=C(/C=C/c1cccc2c1N(Cc1ccc3ccccc3c1)C(=O)C21OCCO1)NS(=O)(=O)c1cc(Cl)c(Cl)s1,8.102372908709558
CHEMBL585507,CHEMBL3710,Prostaglandin E2 receptor EP3 subtype,IC50,=,4.9,nM,CHEMBL1107234,B,Displacement of [3H]PGE2 from human EP3 receptor in buffer,CHEMBL1156157,P43115,Prostaglandin E2 receptor EP3 subtype,IC50,O=C(/C=C/c1cccc2c1N(Cc1ccc(Cl)cc1Cl)C(=O)C21NCCS1)NS(=O)(=O)c1cc(Cl)c(Cl)s1,8.309803919971486
CHEMBL1089481,CHEMBL3710,Prostaglandin E2 receptor EP3 subtype,IC50,=,6.5,nM,CHEMBL1107234,B,Displacement of [3H]PGE2 from human EP3 receptor in buffer,CHEMBL1156157,P43115,Prostaglandin E2 receptor EP3 subtype,IC50,O=C(/C=C/c1cccc2c1N(Cc1ccc(Cl)cc1Cl)C(=O)C2=O)NS(=O)(=O)c1cc(Cl)c(Cl)s1,8.187086643357144
CHEMBL1090102,CHEMBL3710,Prostaglandin E2 receptor EP3 subtype,IC50,=,13.7,nM,CHEMBL1107234,B,Displacement of [3H]PGE2 from human EP3 receptor in buffer,CHEMBL1156157,P43115,Prostaglandin E2 receptor EP3 subtype,IC50,O=C(/C=C/c1cccc2c1N(Cc1ccc3ccccc3c1)C(=O)C2=O)NS(=O)(=O)c1cccs1,7.863279432843593
CHEMBL1090454,CHEMBL3710,Prostaglandin E2 receptor EP3 subtype,IC50,=,12.3,nM,CHEMBL1107234,B,Displacement of [3H]PGE2 from human EP3 receptor in buffer,CHEMBL1156157,P43115,Prostaglandin E2 receptor EP3 subtype,IC50,O=C(/C=C/c1cccc2c1N(Cc1ccc3ccccc3c1)C(=O)C2=O)NS(=O)(=O)c1cc(Cl)c(Cl)s1,7.910094888560602
CHEMBL1090455,CHEMBL3710,Prostaglandin E2 receptor EP3 subtype,IC50,=,1.6,nM,CHEMBL1107234,B,Displacement of [3H]PGE2 from human EP3 receptor in buffer,CHEMBL1156157,P43115,Prostaglandin E2 receptor EP3 subtype,IC50,O=C(/C=C/c1cccc2c1N(Cc1ccc3ccccc3c1)C(=O)C2=O)NS(=O)(=O)c1ccc(F)cc1,8.795880017344075
CHEMBL1093133,CHEMBL3710,Prostaglandin E2 receptor EP3 subtype,IC50,=,1.0,nM,CHEMBL1107234,B,Displacement of [3H]PGE2 from human EP3 receptor in buffer,CHEMBL1156157,P43115,Prostaglandin E2 receptor EP3 subtype,IC50,O=C(/C=C/c1cccc2c1N(Cc1ccc3ccccc3c1)C(=O)C2=O)NS(=O)(=O)c1ccc(Cl)c(Cl)c1,9.0
CHEMBL1093790,CHEMBL3710,Prostaglandin E2 receptor EP3 subtype,IC50,=,0.6,nM,CHEMBL1107234,B,Displacement of [3H]PGE2 from human EP3 receptor in buffer,CHEMBL1156157,P43115,Prostaglandin E2 receptor EP3 subtype,IC50,O=C(/C=C/c1cccc2c1N(Cc1ccc3ccccc3c1)C(=O)C2=O)NS(=O)(=O)c1cc(F)c(F)cc1F,9.221848749616356
CHEMBL1093791,CHEMBL3710,Prostaglandin E2 receptor EP3 subtype,IC50,=,0.9,nM,CHEMBL1107234,B,Displacement of [3H]PGE2 from human EP3 receptor in buffer,CHEMBL1156157,P43115,Prostaglandin E2 receptor EP3 subtype,IC50,O=C(/C=C/c1cccc2c1N(Cc1ccc3ccccc3c1)C(=O)C2O)NS(=O)(=O)c1ccc(F)cc1,9.045757490560675
CHEMBL1093792,CHEMBL3710,Prostaglandin E2 receptor EP3 subtype,IC50,=,1.6,nM,CHEMBL1107234,B,Displacement of [3H]PGE2 from human EP3 receptor in buffer,CHEMBL1156157,P43115,Prostaglandin E2 receptor EP3 subtype,IC50,O=C(/C=C/c1cccc2c1N(Cc1ccc3ccccc3c1)C(=O)C2O)NS(=O)(=O)c1ccc(F)c(F)c1,8.795880017344075
CHEMBL1093125,CHEMBL3710,Prostaglandin E2 receptor EP3 subtype,IC50,=,0.6,nM,CHEMBL1107234,B,Displacement of [3H]PGE2 from human EP3 receptor in buffer,CHEMBL1156157,P43115,Prostaglandin E2 receptor EP3 subtype,IC50,O=C(/C=C/c1cccc2c1N(Cc1ccc3ccccc3c1)C(=O)C2O)NS(=O)(=O)c1cc(F)c(F)cc1F,9.221848749616356
CHEMBL1089806,CHEMBL3710,Prostaglandin E2 receptor EP3 subtype,IC50,=,660.0,nM,CHEMBL1107235,B,Displacement of [3H]PGE2 from human EP3 receptor in presence of 10% human serum,CHEMBL1156157,P43115,Prostaglandin E2 receptor EP3 subtype,IC50,CC1C(=O)N(Cc2ccc(Cl)cc2Cl)c2c(/C=C/C(=O)NS(=O)(=O)c3cccs3)cccc21,6.180456064458131
CHEMBL1089807,CHEMBL3710,Prostaglandin E2 receptor EP3 subtype,IC50,=,23.9,nM,CHEMBL1107235,B,Displacement of [3H]PGE2 from human EP3 receptor in presence of 10% human serum,CHEMBL1156157,P43115,Prostaglandin E2 receptor EP3 subtype,IC50,CC1C(=O)N(Cc2ccc(Cl)cc2Cl)c2c(/C=C/C(=O)NS(=O)(=O)c3cc(Cl)c(Cl)s3)cccc21,7.621602099051862
CHEMBL1091164,CHEMBL3710,Prostaglandin E2 receptor EP3 subtype,IC50,=,3.3,nM,CHEMBL1107235,B,Displacement of [3H]PGE2 from human EP3 receptor in presence of 10% human serum,CHEMBL1156157,P43115,Prostaglandin E2 receptor EP3 subtype,IC50,CC1C(=O)N(Cc2ccc(Cl)cc2Cl)c2c(/C=C/C(=O)NS(=O)(=O)c3ccc(F)c(F)c3)cccc21,8.481486060122112
CHEMBL1090507,CHEMBL3710,Prostaglandin E2 receptor EP3 subtype,IC50,=,9.8,nM,CHEMBL1107235,B,Displacement of [3H]PGE2 from human EP3 receptor in presence of 10% human serum,CHEMBL1156157,P43115,Prostaglandin E2 receptor EP3 subtype,IC50,CC1C(=O)N(Cc2ccc(Cl)cc2Cl)c2c(/C=C/C(=O)NS(=O)(=O)c3ccc(Cl)c(Cl)c3)cccc21,8.008773924307505
CHEMBL1089161,CHEMBL3710,Prostaglandin E2 receptor EP3 subtype,IC50,=,6.8,nM,CHEMBL1107235,B,Displacement of [3H]PGE2 from human EP3 receptor in presence of 10% human serum,CHEMBL1156157,P43115,Prostaglandin E2 receptor EP3 subtype,IC50,CC1C(=O)N(Cc2ccc(Cl)cc2Cl)c2c(/C=C/C(=O)NS(=O)(=O)c3cccc(Cl)c3)cccc21,8.167491087293763
CHEMBL1089491,CHEMBL3710,Prostaglandin E2 receptor EP3 subtype,IC50,=,4.3,nM,CHEMBL1107235,B,Displacement of [3H]PGE2 from human EP3 receptor in presence of 10% human serum,CHEMBL1156157,P43115,Prostaglandin E2 receptor EP3 subtype,IC50,CC1C(=O)N(Cc2ccc(Cl)cc2Cl)c2c(/C=C/C(=O)NS(=O)(=O)c3cc(F)c(F)cc3F)cccc21,8.366531544420413
CHEMBL1090342,CHEMBL3710,Prostaglandin E2 receptor EP3 subtype,IC50,=,96.5,nM,CHEMBL1107235,B,Displacement of [3H]PGE2 from human EP3 receptor in presence of 10% human serum,CHEMBL1156157,P43115,Prostaglandin E2 receptor EP3 subtype,IC50,CC1C(=O)N(Cc2ccc3ccccc3c2)c2c(/C=C/C(=O)NS(=O)(=O)c3cccs3)cccc21,7.015472686656207
CHEMBL1090458,CHEMBL3710,Prostaglandin E2 receptor EP3 subtype,IC50,=,3.2,nM,CHEMBL1107235,B,Displacement of [3H]PGE2 from human EP3 receptor in presence of 10% human serum,CHEMBL1156157,P43115,Prostaglandin E2 receptor EP3 subtype,IC50,CC1C(=O)N(Cc2ccc3ccccc3c2)c2c(/C=C/C(=O)NS(=O)(=O)c3cc(Cl)c(Cl)s3)cccc21,8.494850021680094
CHEMBL1090459,CHEMBL3710,Prostaglandin E2 receptor EP3 subtype,IC50,=,20.0,nM,CHEMBL1107235,B,Displacement of [3H]PGE2 from human EP3 receptor in presence of 10% human serum,CHEMBL1156157,P43115,Prostaglandin E2 receptor EP3 subtype,IC50,CC1C(=O)N(Cc2ccc3ccccc3c2)c2c(/C=C/C(=O)NS(=O)(=O)c3ccc(F)c(F)c3)cccc21,7.698970004336019
CHEMBL1090460,CHEMBL3710,Prostaglandin E2 receptor EP3 subtype,IC50,=,5.4,nM,CHEMBL1107235,B,Displacement of [3H]PGE2 from human EP3 receptor in presence of 10% human serum,CHEMBL1156157,P43115,Prostaglandin E2 receptor EP3 subtype,IC50,CC1C(=O)N(Cc2ccc3ccccc3c2)c2c(/C=C/C(=O)NS(=O)(=O)c3cc(F)c(F)cc3F)cccc21,8.267606240177031
CHEMBL1089454,CHEMBL3710,Prostaglandin E2 receptor EP3 subtype,IC50,=,2.8,nM,CHEMBL1107235,B,Displacement of [3H]PGE2 from human EP3 receptor in presence of 10% human serum,CHEMBL1156157,P43115,Prostaglandin E2 receptor EP3 subtype,IC50,CC1C(=O)N(Cc2ccc3ccccc3c2)c2c(/C=C/C(=O)NS(=O)(=O)c3cccc(Cl)c3)cccc21,8.55284196865778
CHEMBL1089455,CHEMBL3710,Prostaglandin E2 receptor EP3 subtype,IC50,=,4.1,nM,CHEMBL1107235,B,Displacement of [3H]PGE2 from human EP3 receptor in presence of 10% human serum,CHEMBL1156157,P43115,Prostaglandin E2 receptor EP3 subtype,IC50,CC1C(=O)N(Cc2ccc3ccccc3c2)c2c(/C=C/C(=O)NS(=O)(=O)c3ccc(Cl)c(Cl)c3)cccc21,8.387216143280265
CHEMBL1093124,CHEMBL3710,Prostaglandin E2 receptor EP3 subtype,IC50,=,95.8,nM,CHEMBL1107235,B,Displacement of [3H]PGE2 from human EP3 receptor in presence of 10% human serum,CHEMBL1156157,P43115,Prostaglandin E2 receptor EP3 subtype,IC50,CC1C(=O)N(Cc2ccc(F)c(F)c2)c2c(/C=C/C(=O)NS(=O)(=O)c3ccc(Cl)c(Cl)c3)cccc21,7.018634490921455
CHEMBL479868,CHEMBL3710,Prostaglandin E2 receptor EP3 subtype,IC50,=,10.7,nM,CHEMBL1107235,B,Displacement of [3H]PGE2 from human EP3 receptor in presence of 10% human serum,CHEMBL1156157,P43115,Prostaglandin E2 receptor EP3 subtype,IC50,CC1C(=O)N(Cc2ccc(F)c(F)c2)c2c(/C=C/C(=O)NS(=O)(=O)c3cc(F)c(F)cc3F)cccc21,7.97061622231479
CHEMBL1090498,CHEMBL3710,Prostaglandin E2 receptor EP3 subtype,IC50,=,39.0,nM,CHEMBL1107235,B,Displacement of [3H]PGE2 from human EP3 receptor in presence of 10% human serum,CHEMBL1156157,P43115,Prostaglandin E2 receptor EP3 subtype,IC50,CC1C(=O)N(Cc2ccc(F)c(F)c2)c2c(/C=C/C(=O)NS(=O)(=O)c3cccc(Cl)c3)cccc21,7.4089353929735005
CHEMBL1090499,CHEMBL3710,Prostaglandin E2 receptor EP3 subtype,IC50,=,64.0,nM,CHEMBL1107235,B,Displacement of [3H]PGE2 from human EP3 receptor in presence of 10% human serum,CHEMBL1156157,P43115,Prostaglandin E2 receptor EP3 subtype,IC50,O=C(/C=C/c1cccc2c1N(Cc1ccc(Cl)cc1Cl)C(=O)C2(F)F)NS(=O)(=O)c1cc(Cl)c(Cl)s1,7.1938200260161125
CHEMBL1090501,CHEMBL3710,Prostaglandin E2 receptor EP3 subtype,IC50,=,5.6,nM,CHEMBL1107235,B,Displacement of [3H]PGE2 from human EP3 receptor in presence of 10% human serum,CHEMBL1156157,P43115,Prostaglandin E2 receptor EP3 subtype,IC50,O=C(/C=C/c1cccc2c1N(Cc1ccc(Cl)cc1Cl)C(=O)C2(F)F)NS(=O)(=O)c1cc(F)c(F)cc1F,8.2518119729938
CHEMBL1088780,CHEMBL3710,Prostaglandin E2 receptor EP3 subtype,IC50,=,6.5,nM,CHEMBL1107235,B,Displacement of [3H]PGE2 from human EP3 receptor in presence of 10% human serum,CHEMBL1156157,P43115,Prostaglandin E2 receptor EP3 subtype,IC50,O=C(/C=C/c1cccc2c1N(Cc1ccc(Cl)cc1Cl)C(=O)C2(F)F)NS(=O)(=O)c1ccc(F)c(F)c1,8.187086643357144
CHEMBL1089094,CHEMBL3710,Prostaglandin E2 receptor EP3 subtype,IC50,=,5.5,nM,CHEMBL1107235,B,Displacement of [3H]PGE2 from human EP3 receptor in presence of 10% human serum,CHEMBL1156157,P43115,Prostaglandin E2 receptor EP3 subtype,IC50,O=C(/C=C/c1cccc2c1N(Cc1ccc(Cl)cc1Cl)C(=O)C2(F)F)NS(=O)(=O)c1ccc(Cl)c(Cl)c1,8.259637310505756
CHEMBL1089095,CHEMBL3710,Prostaglandin E2 receptor EP3 subtype,IC50,=,7.7,nM,CHEMBL1107235,B,Displacement of [3H]PGE2 from human EP3 receptor in presence of 10% human serum,CHEMBL1156157,P43115,Prostaglandin E2 receptor EP3 subtype,IC50,O=C(/C=C/c1cccc2c1N(Cc1ccc(Cl)cc1Cl)C(=O)C2(F)F)NS(=O)(=O)c1cccc(Cl)c1,8.113509274827518
CHEMBL1091606,CHEMBL3710,Prostaglandin E2 receptor EP3 subtype,IC50,=,251.0,nM,CHEMBL1107235,B,Displacement of [3H]PGE2 from human EP3 receptor in presence of 10% human serum,CHEMBL1156157,P43115,Prostaglandin E2 receptor EP3 subtype,IC50,O=C(/C=C/c1cccc2c1N(Cc1ccc(Cl)cc1Cl)C(=O)C2(F)F)NS(=O)(=O)c1ccc(Cl)cc1,6.600326278518962
CHEMBL1093239,CHEMBL3710,Prostaglandin E2 receptor EP3 subtype,IC50,=,64.7,nM,CHEMBL1107235,B,Displacement of [3H]PGE2 from human EP3 receptor in presence of 10% human serum,CHEMBL1156157,P43115,Prostaglandin E2 receptor EP3 subtype,IC50,O=C(/C=C/c1cccc2c1N(Cc1ccc(Cl)cc1Cl)C(=O)C2(F)F)NS(=O)(=O)c1ccc(F)cc1,7.189095719331299
CHEMBL1093240,CHEMBL3710,Prostaglandin E2 receptor EP3 subtype,IC50,=,20.8,nM,CHEMBL1107235,B,Displacement of [3H]PGE2 from human EP3 receptor in presence of 10% human serum,CHEMBL1156157,P43115,Prostaglandin E2 receptor EP3 subtype,IC50,O=C(/C=C/c1cccc2c1N(Cc1ccc3ccccc3c1)C(=O)C2(F)F)NS(=O)(=O)c1cc(Cl)c(Cl)s1,7.681936665037238
CHEMBL1093559,CHEMBL3710,Prostaglandin E2 receptor EP3 subtype,IC50,=,9.3,nM,CHEMBL1107235,B,Displacement of [3H]PGE2 from human EP3 receptor in presence of 10% human serum,CHEMBL1156157,P43115,Prostaglandin E2 receptor EP3 subtype,IC50,O=C(/C=C/c1cccc2c1N(Cc1ccc3ccccc3c1)C(=O)C2(F)F)NS(=O)(=O)c1cc(F)c(F)cc1F,8.031517051446064
CHEMBL1093843,CHEMBL3710,Prostaglandin E2 receptor EP3 subtype,IC50,=,5.0,nM,CHEMBL1107235,B,Displacement of [3H]PGE2 from human EP3 receptor in presence of 10% human serum,CHEMBL1156157,P43115,Prostaglandin E2 receptor EP3 subtype,IC50,O=C(/C=C/c1cccc2c1N(Cc1ccc3ccccc3c1)C(=O)C2(F)F)NS(=O)(=O)c1ccc(F)c(F)c1,8.301029995663981
CHEMBL1090222,CHEMBL3710,Prostaglandin E2 receptor EP3 subtype,IC50,=,4.5,nM,CHEMBL1107235,B,Displacement of [3H]PGE2 from human EP3 receptor in presence of 10% human serum,CHEMBL1156157,P43115,Prostaglandin E2 receptor EP3 subtype,IC50,O=C(/C=C/c1cccc2c1N(Cc1ccc3ccccc3c1)C(=O)C2(F)F)NS(=O)(=O)c1ccc(Cl)c(Cl)c1,8.346787486224656
CHEMBL1093897,CHEMBL3710,Prostaglandin E2 receptor EP3 subtype,IC50,=,1.9,nM,CHEMBL1107235,B,Displacement of [3H]PGE2 from human EP3 receptor in presence of 10% human serum,CHEMBL1156157,P43115,Prostaglandin E2 receptor EP3 subtype,IC50,O=C(/C=C/c1cccc2c1N(Cc1ccc3ccccc3c1)C(=O)C2(F)F)NS(=O)(=O)c1cccc(Cl)c1,8.721246399047171
CHEMBL1090888,CHEMBL3710,Prostaglandin E2 receptor EP3 subtype,IC50,=,27.2,nM,CHEMBL1107235,B,Displacement of [3H]PGE2 from human EP3 receptor in presence of 10% human serum,CHEMBL1156157,P43115,Prostaglandin E2 receptor EP3 subtype,IC50,O=C(/C=C/c1cccc2c1N(Cc1ccc3ccccc3c1)C(=O)C2(F)F)NS(=O)(=O)c1ccc(F)cc1,7.565431095965801
CHEMBL1090889,CHEMBL3710,Prostaglandin E2 receptor EP3 subtype,IC50,=,125.1,nM,CHEMBL1107235,B,Displacement of [3H]PGE2 from human EP3 receptor in presence of 10% human serum,CHEMBL1156157,P43115,Prostaglandin E2 receptor EP3 subtype,IC50,O=C(/C=C/c1cccc2c1N(Cc1ccc3ccccc3c1)C(=O)C2(F)F)NS(=O)(=O)c1ccc(Cl)cc1,6.90274269030658
CHEMBL1092990,CHEMBL3710,Prostaglandin E2 receptor EP3 subtype,IC50,=,979.9,nM,CHEMBL1107235,B,Displacement of [3H]PGE2 from human EP3 receptor in presence of 10% human serum,CHEMBL1156157,P43115,Prostaglandin E2 receptor EP3 subtype,IC50,O=C(/C=C/c1cccc2c1N(Cc1ccc(F)c(F)c1)C(=O)C2(F)F)NS(=O)(=O)c1cc(Cl)c(Cl)s1,6.0088182423321275
CHEMBL1092991,CHEMBL3710,Prostaglandin E2 receptor EP3 subtype,IC50,=,720.9,nM,CHEMBL1107235,B,Displacement of [3H]PGE2 from human EP3 receptor in presence of 10% human serum,CHEMBL1156157,P43115,Prostaglandin E2 receptor EP3 subtype,IC50,O=C(/C=C/c1cccc2c1N(Cc1ccc(F)c(F)c1)C(=O)C2(F)F)NS(=O)(=O)c1cc(F)c(F)cc1F,6.142124974476438
CHEMBL1091621,CHEMBL3710,Prostaglandin E2 receptor EP3 subtype,IC50,=,251.1,nM,CHEMBL1107235,B,Displacement of [3H]PGE2 from human EP3 receptor in presence of 10% human serum,CHEMBL1156157,P43115,Prostaglandin E2 receptor EP3 subtype,IC50,O=C(/C=C/c1cccc2c1N(Cc1ccc(F)c(F)c1)C(=O)C2(F)F)NS(=O)(=O)c1ccc(F)c(F)c1,6.600153287287077
CHEMBL1091892,CHEMBL3710,Prostaglandin E2 receptor EP3 subtype,IC50,=,416.3,nM,CHEMBL1107235,B,Displacement of [3H]PGE2 from human EP3 receptor in presence of 10% human serum,CHEMBL1156157,P43115,Prostaglandin E2 receptor EP3 subtype,IC50,O=C(/C=C/c1cccc2c1N(Cc1ccc(F)c(F)c1)C(=O)C2(F)F)NS(=O)(=O)c1cccc(Cl)c1,6.380593589113222
CHEMBL1091893,CHEMBL3710,Prostaglandin E2 receptor EP3 subtype,IC50,=,92.8,nM,CHEMBL1107235,B,Displacement of [3H]PGE2 from human EP3 receptor in presence of 10% human serum,CHEMBL1156157,P43115,Prostaglandin E2 receptor EP3 subtype,IC50,O=C(/C=C/c1cccc2c1N(Cc1ccc(Cl)cc1Cl)C(=O)C2)NS(=O)(=O)c1cc(Cl)c(Cl)s1,7.032452023781138
CHEMBL1092230,CHEMBL3710,Prostaglandin E2 receptor EP3 subtype,IC50,=,9.4,nM,CHEMBL1107235,B,Displacement of [3H]PGE2 from human EP3 receptor in presence of 10% human serum,CHEMBL1156157,P43115,Prostaglandin E2 receptor EP3 subtype,IC50,O=C(/C=C/c1cccc2c1N(Cc1ccc(Cl)cc1Cl)C(=O)C2)NS(=O)(=O)c1cccc(Cl)c1,8.0268721464003
CHEMBL1090112,CHEMBL3710,Prostaglandin E2 receptor EP3 subtype,IC50,=,4.4,nM,CHEMBL1107235,B,Displacement of [3H]PGE2 from human EP3 receptor in presence of 10% human serum,CHEMBL1156157,P43115,Prostaglandin E2 receptor EP3 subtype,IC50,O=C(/C=C/c1cccc2c1N(Cc1ccc(Cl)cc1Cl)C(=O)C2)NS(=O)(=O)c1cc(F)c(F)cc1F,8.356547323513812
CHEMBL1090113,CHEMBL3710,Prostaglandin E2 receptor EP3 subtype,IC50,=,3.3,nM,CHEMBL1107235,B,Displacement of [3H]PGE2 from human EP3 receptor in presence of 10% human serum,CHEMBL1156157,P43115,Prostaglandin E2 receptor EP3 subtype,IC50,O=C(/C=C/c1cccc2c1N(Cc1ccc(Cl)cc1Cl)C(=O)C2)NS(=O)(=O)c1ccc(F)c(F)c1,8.481486060122112
CHEMBL1093797,CHEMBL3710,Prostaglandin E2 receptor EP3 subtype,IC50,=,3.3,nM,CHEMBL1107235,B,Displacement of [3H]PGE2 from human EP3 receptor in presence of 10% human serum,CHEMBL1156157,P43115,Prostaglandin E2 receptor EP3 subtype,IC50,O=C(/C=C/c1cccc2c1N(Cc1ccc(Cl)cc1Cl)C(=O)C2)NS(=O)(=O)c1ccc(Cl)c(Cl)c1,8.481486060122112
CHEMBL1088785,CHEMBL3710,Prostaglandin E2 receptor EP3 subtype,IC50,=,5.4,nM,CHEMBL1107235,B,Displacement of [3H]PGE2 from human EP3 receptor in presence of 10% human serum,CHEMBL1156157,P43115,Prostaglandin E2 receptor EP3 subtype,IC50,O=C(/C=C/c1cccc2c1N(Cc1ccc3ccccc3c1)C(=O)C2)NS(=O)(=O)c1cc(Cl)c(Cl)s1,8.267606240177031
CHEMBL1088815,CHEMBL3710,Prostaglandin E2 receptor EP3 subtype,IC50,=,10.2,nM,CHEMBL1107235,B,Displacement of [3H]PGE2 from human EP3 receptor in presence of 10% human serum,CHEMBL1156157,P43115,Prostaglandin E2 receptor EP3 subtype,IC50,O=C(/C=C/c1cccc2c1N(Cc1ccc3ccccc3c1)C(=O)C2)NS(=O)(=O)c1cc(F)c(F)cc1F,7.991399828238082
CHEMBL1088822,CHEMBL3710,Prostaglandin E2 receptor EP3 subtype,IC50,=,6.9,nM,CHEMBL1107235,B,Displacement of [3H]PGE2 from human EP3 receptor in presence of 10% human serum,CHEMBL1156157,P43115,Prostaglandin E2 receptor EP3 subtype,IC50,O=C(/C=C/c1cccc2c1N(Cc1ccc3ccccc3c1)C(=O)C2)NS(=O)(=O)c1ccc(F)c(F)c1,8.161150909262744
CHEMBL1088823,CHEMBL3710,Prostaglandin E2 receptor EP3 subtype,IC50,=,5.2,nM,CHEMBL1107235,B,Displacement of [3H]PGE2 from human EP3 receptor in presence of 10% human serum,CHEMBL1156157,P43115,Prostaglandin E2 receptor EP3 subtype,IC50,O=C(/C=C/c1cccc2c1N(Cc1ccc3ccccc3c1)C(=O)C2)NS(=O)(=O)c1ccc(Cl)c(Cl)c1,8.2839966563652
CHEMBL1088846,CHEMBL3710,Prostaglandin E2 receptor EP3 subtype,IC50,=,8.1,nM,CHEMBL1107235,B,Displacement of [3H]PGE2 from human EP3 receptor in presence of 10% human serum,CHEMBL1156157,P43115,Prostaglandin E2 receptor EP3 subtype,IC50,O=C(/C=C/c1cccc2c1N(Cc1ccc3ccccc3c1)C(=O)C2)NS(=O)(=O)c1cccc(Cl)c1,8.09151498112135
CHEMBL1088847,CHEMBL3710,Prostaglandin E2 receptor EP3 subtype,IC50,=,47.8,nM,CHEMBL1107235,B,Displacement of [3H]PGE2 from human EP3 receptor in presence of 10% human serum,CHEMBL1156157,P43115,Prostaglandin E2 receptor EP3 subtype,IC50,O=C(/C=C/c1cccc2c1N(Cc1ccc(F)c(F)c1)C(=O)C2)NS(=O)(=O)c1ccc(F)c(F)c1,7.320572103387882
CHEMBL1092871,CHEMBL3710,Prostaglandin E2 receptor EP3 subtype,IC50,=,55.4,nM,CHEMBL1107235,B,Displacement of [3H]PGE2 from human EP3 receptor in presence of 10% human serum,CHEMBL1156157,P43115,Prostaglandin E2 receptor EP3 subtype,IC50,O=C(/C=C/c1cccc2c1N(Cc1ccc(F)c(F)c1)C(=O)C2)NS(=O)(=O)c1ccc(Cl)c(Cl)c1,7.2564902352715706
CHEMBL1088848,CHEMBL3710,Prostaglandin E2 receptor EP3 subtype,IC50,=,35.5,nM,CHEMBL1107235,B,Displacement of [3H]PGE2 from human EP3 receptor in presence of 10% human serum,CHEMBL1156157,P43115,Prostaglandin E2 receptor EP3 subtype,IC50,O=C(/C=C/c1cccc2c1N(Cc1ccc(F)c(F)c1)C(=O)C2)NS(=O)(=O)c1cccc(Cl)c1,7.449771646944906
CHEMBL1091145,CHEMBL3710,Prostaglandin E2 receptor EP3 subtype,IC50,=,42.0,nM,CHEMBL1107235,B,Displacement of [3H]PGE2 from human EP3 receptor in presence of 10% human serum,CHEMBL1156157,P43115,Prostaglandin E2 receptor EP3 subtype,IC50,O=C(/C=C/c1cccc2c1N(Cc1ccc(F)c(F)c1)C(=O)C2)NS(=O)(=O)c1cc(F)c(F)cc1F,7.376750709602099
CHEMBL1091146,CHEMBL3710,Prostaglandin E2 receptor EP3 subtype,IC50,=,55.4,nM,CHEMBL1107235,B,Displacement of [3H]PGE2 from human EP3 receptor in presence of 10% human serum,CHEMBL1156157,P43115,Prostaglandin E2 receptor EP3 subtype,IC50,O=C(/C=C/c1cccc2c1N(Cc1ccc(F)c(F)c1)C(=O)C2)NS(=O)(=O)c1cc(Cl)c(Cl)s1,7.2564902352715706
CHEMBL1089780,CHEMBL3710,Prostaglandin E2 receptor EP3 subtype,IC50,=,243.1,nM,CHEMBL1107235,B,Displacement of [3H]PGE2 from human EP3 receptor in presence of 10% human serum,CHEMBL1156157,P43115,Prostaglandin E2 receptor EP3 subtype,IC50,O=C(/C=C/c1cccc2c1N(Cc1ccc3ccccc3c1)C(=O)C2(CO)CO)NS(=O)(=O)c1cc(Cl)c(Cl)s1,6.6142150411566645
CHEMBL1089313,CHEMBL3710,Prostaglandin E2 receptor EP3 subtype,IC50,=,186.9,nM,CHEMBL1107235,B,Displacement of [3H]PGE2 from human EP3 receptor in presence of 10% human serum,CHEMBL1156157,P43115,Prostaglandin E2 receptor EP3 subtype,IC50,O=C(/C=C/c1cccc2c1N(Cc1ccc3ccccc3c1)C(=O)C2(CO)CO)NS(=O)(=O)c1ccc(F)c(F)c1,6.728390698621168
CHEMBL1089446,CHEMBL3710,Prostaglandin E2 receptor EP3 subtype,IC50,=,679.0,nM,CHEMBL1107235,B,Displacement of [3H]PGE2 from human EP3 receptor in presence of 10% human serum,CHEMBL1156157,P43115,Prostaglandin E2 receptor EP3 subtype,IC50,O=C(/C=C/c1cccc2c1N(Cc1ccc3ccccc3c1)C(=O)C21OCCO1)NS(=O)(=O)c1cccs1,6.168130225719498
CHEMBL1091165,CHEMBL3710,Prostaglandin E2 receptor EP3 subtype,IC50,=,82.4,nM,CHEMBL1107235,B,Displacement of [3H]PGE2 from human EP3 receptor in presence of 10% human serum,CHEMBL1156157,P43115,Prostaglandin E2 receptor EP3 subtype,IC50,O=C(/C=C/c1cccc2c1N(Cc1ccc3ccccc3c1)C(=O)C21OCCO1)NS(=O)(=O)c1cc(Cl)c(Cl)s1,7.084072788302884
CHEMBL585507,CHEMBL3710,Prostaglandin E2 receptor EP3 subtype,IC50,=,880.0,nM,CHEMBL1107235,B,Displacement of [3H]PGE2 from human EP3 receptor in presence of 10% human serum,CHEMBL1156157,P43115,Prostaglandin E2 receptor EP3 subtype,IC50,O=C(/C=C/c1cccc2c1N(Cc1ccc(Cl)cc1Cl)C(=O)C21NCCS1)NS(=O)(=O)c1cc(Cl)c(Cl)s1,6.055517327849831
CHEMBL1089481,CHEMBL3710,Prostaglandin E2 receptor EP3 subtype,IC50,=,136.5,nM,CHEMBL1107235,B,Displacement of [3H]PGE2 from human EP3 receptor in presence of 10% human serum,CHEMBL1156157,P43115,Prostaglandin E2 receptor EP3 subtype,IC50,O=C(/C=C/c1cccc2c1N(Cc1ccc(Cl)cc1Cl)C(=O)C2=O)NS(=O)(=O)c1cc(Cl)c(Cl)s1,6.864867348623225
CHEMBL1090102,CHEMBL3710,Prostaglandin E2 receptor EP3 subtype,IC50,=,260.0,nM,CHEMBL1107235,B,Displacement of [3H]PGE2 from human EP3 receptor in presence of 10% human serum,CHEMBL1156157,P43115,Prostaglandin E2 receptor EP3 subtype,IC50,O=C(/C=C/c1cccc2c1N(Cc1ccc3ccccc3c1)C(=O)C2=O)NS(=O)(=O)c1cccs1,6.585026652029182
CHEMBL1090454,CHEMBL3710,Prostaglandin E2 receptor EP3 subtype,IC50,=,15.0,nM,CHEMBL1107235,B,Displacement of [3H]PGE2 from human EP3 receptor in presence of 10% human serum,CHEMBL1156157,P43115,Prostaglandin E2 receptor EP3 subtype,IC50,O=C(/C=C/c1cccc2c1N(Cc1ccc3ccccc3c1)C(=O)C2=O)NS(=O)(=O)c1cc(Cl)c(Cl)s1,7.823908740944319
CHEMBL1090455,CHEMBL3710,Prostaglandin E2 receptor EP3 subtype,IC50,=,33.9,nM,CHEMBL1107235,B,Displacement of [3H]PGE2 from human EP3 receptor in presence of 10% human serum,CHEMBL1156157,P43115,Prostaglandin E2 receptor EP3 subtype,IC50,O=C(/C=C/c1cccc2c1N(Cc1ccc3ccccc3c1)C(=O)C2=O)NS(=O)(=O)c1ccc(F)cc1,7.4698003017969175
CHEMBL1093133,CHEMBL3710,Prostaglandin E2 receptor EP3 subtype,IC50,=,12.7,nM,CHEMBL1107235,B,Displacement of [3H]PGE2 from human EP3 receptor in presence of 10% human serum,CHEMBL1156157,P43115,Prostaglandin E2 receptor EP3 subtype,IC50,O=C(/C=C/c1cccc2c1N(Cc1ccc3ccccc3c1)C(=O)C2=O)NS(=O)(=O)c1ccc(Cl)c(Cl)c1,7.896196279044043
CHEMBL1093790,CHEMBL3710,Prostaglandin E2 receptor EP3 subtype,IC50,=,17.4,nM,CHEMBL1107235,B,Displacement of [3H]PGE2 from human EP3 receptor in presence of 10% human serum,CHEMBL1156157,P43115,Prostaglandin E2 receptor EP3 subtype,IC50,O=C(/C=C/c1cccc2c1N(Cc1ccc3ccccc3c1)C(=O)C2=O)NS(=O)(=O)c1cc(F)c(F)cc1F,7.7594507517174005
CHEMBL1093791,CHEMBL3710,Prostaglandin E2 receptor EP3 subtype,IC50,=,19.4,nM,CHEMBL1107235,B,Displacement of [3H]PGE2 from human EP3 receptor in presence of 10% human serum,CHEMBL1156157,P43115,Prostaglandin E2 receptor EP3 subtype,IC50,O=C(/C=C/c1cccc2c1N(Cc1ccc3ccccc3c1)C(=O)C2O)NS(=O)(=O)c1ccc(F)cc1,7.7121982700697735
CHEMBL1093792,CHEMBL3710,Prostaglandin E2 receptor EP3 subtype,IC50,=,7.6,nM,CHEMBL1107235,B,Displacement of [3H]PGE2 from human EP3 receptor in presence of 10% human serum,CHEMBL1156157,P43115,Prostaglandin E2 receptor EP3 subtype,IC50,O=C(/C=C/c1cccc2c1N(Cc1ccc3ccccc3c1)C(=O)C2O)NS(=O)(=O)c1ccc(F)c(F)c1,8.119186407719209
CHEMBL1093125,CHEMBL3710,Prostaglandin E2 receptor EP3 subtype,IC50,=,9.4,nM,CHEMBL1107235,B,Displacement of [3H]PGE2 from human EP3 receptor in presence of 10% human serum,CHEMBL1156157,P43115,Prostaglandin E2 receptor EP3 subtype,IC50,O=C(/C=C/c1cccc2c1N(Cc1ccc3ccccc3c1)C(=O)C2O)NS(=O)(=O)c1cc(F)c(F)cc1F,8.0268721464003
CHEMBL548,CHEMBL3710,Prostaglandin E2 receptor EP3 subtype,IC50,=,0.94,nM,CHEMBL1120702,B,Binding affinity to EP3 receptor,CHEMBL1155461,P43115,Prostaglandin E2 receptor EP3 subtype,IC50,CCCCC[C@H](O)/C=C/[C@H]1[C@H](O)CC(=O)[C@@H]1C/C=C\CCCC(=O)O,9.0268721464003
CHEMBL3586309,CHEMBL3710,Prostaglandin E2 receptor EP3 subtype,IC50,=,23000.0,nM,CHEMBL3588434,B,Displacement of [3H]-PGE2 from human EP3 receptor overexpressed in human ECV304 cell membranes by scintillation proximity assay,CHEMBL3585259,P43115,Prostaglandin E2 receptor EP3 subtype,IC50,COc1cc(-c2csc3ccccc23)cc2c1OCCN(Cc1cccnc1)C2,4.638272163982407
CHEMBL3966610,CHEMBL3710,Prostaglandin E2 receptor EP3 subtype,IC50,=,1700.0,nM,CHEMBL3887099,B,"Radioligand Binding: HEK-293 cells stably expressing the human or feline FP receptor, or EP1, EP2, EP3, or EP4 receptors were washed with TME buffer, scraped from the bottom of the flasks, and homogenized for 30 sec using a Brinkman PT 10/35 polytron. TME buffer was added to achieve a final 40 ml volume in the centrifuge tubes (the composition of TME is 100 mM TRIS base, 20 mM MgCl2, 2M EDTA; 10 N HCl is added to achieve a pH of 7.4).The cell homogenate was centrifuged at 19000 r.p.m. for 20 min at 4 C. using a Beckman Ti-60 rotor. The resultant pellet was resuspended in TME buffer to give a final 1 mg/ml protein concentration, as determined by Biorad assay. Radioligand binding competition assays vs. [3H-]17-phenyl PGF2 (5 nM) were performed in a 100 ul volume for 60 min. Binding reactions were started by adding plasma membrane fraction. The reaction was terminated by the addition of 4 ml ice-cold TRIS-HCl buffer and rapid filtration through glass fiber GF/B filters using a Brandel cell.",CHEMBL3886165,P43115,Prostaglandin E2 receptor EP3 subtype,IC50,CCCCC[C@H](O)/C=C/[C@@H]1[C@@H](CC#CCCCC(=O)O)C(=O)C(C)(C)[C@H]1O,5.769551078621726
CHEMBL3895324,CHEMBL3710,Prostaglandin E2 receptor EP3 subtype,IC50,=,300.0,nM,CHEMBL3887099,B,"Radioligand Binding: HEK-293 cells stably expressing the human or feline FP receptor, or EP1, EP2, EP3, or EP4 receptors were washed with TME buffer, scraped from the bottom of the flasks, and homogenized for 30 sec using a Brinkman PT 10/35 polytron. TME buffer was added to achieve a final 40 ml volume in the centrifuge tubes (the composition of TME is 100 mM TRIS base, 20 mM MgCl2, 2M EDTA; 10 N HCl is added to achieve a pH of 7.4).The cell homogenate was centrifuged at 19000 r.p.m. for 20 min at 4 C. using a Beckman Ti-60 rotor. The resultant pellet was resuspended in TME buffer to give a final 1 mg/ml protein concentration, as determined by Biorad assay. Radioligand binding competition assays vs. [3H-]17-phenyl PGF2 (5 nM) were performed in a 100 ul volume for 60 min. Binding reactions were started by adding plasma membrane fraction. The reaction was terminated by the addition of 4 ml ice-cold TRIS-HCl buffer and rapid filtration through glass fiber GF/B filters using a Brandel cell.",CHEMBL3886165,P43115,Prostaglandin E2 receptor EP3 subtype,IC50,CCCCC[C@H](O)/C=C/[C@@H]1[C@@H](C/C=C\CCCC(=O)O)C(=O)C(C)(C)[C@H]1O,6.522878745280337
CHEMBL3928703,CHEMBL3710,Prostaglandin E2 receptor EP3 subtype,IC50,=,6607.0,nM,CHEMBL3887099,B,"Radioligand Binding: HEK-293 cells stably expressing the human or feline FP receptor, or EP1, EP2, EP3, or EP4 receptors were washed with TME buffer, scraped from the bottom of the flasks, and homogenized for 30 sec using a Brinkman PT 10/35 polytron. TME buffer was added to achieve a final 40 ml volume in the centrifuge tubes (the composition of TME is 100 mM TRIS base, 20 mM MgCl2, 2M EDTA; 10 N HCl is added to achieve a pH of 7.4).The cell homogenate was centrifuged at 19000 r.p.m. for 20 min at 4 C. using a Beckman Ti-60 rotor. The resultant pellet was resuspended in TME buffer to give a final 1 mg/ml protein concentration, as determined by Biorad assay. Radioligand binding competition assays vs. [3H-]17-phenyl PGF2 (5 nM) were performed in a 100 ul volume for 60 min. Binding reactions were started by adding plasma membrane fraction. The reaction was terminated by the addition of 4 ml ice-cold TRIS-HCl buffer and rapid filtration through glass fiber GF/B filters using a Brandel cell.",CHEMBL3886165,P43115,Prostaglandin E2 receptor EP3 subtype,IC50,COC(=O)CCC/C=C\C[C@H]1C(=O)C(C)(C)[C@@H](O)[C@@H]1/C=C/C(O)CCc1ccccc1,5.179995693191682
CHEMBL3922155,CHEMBL3710,Prostaglandin E2 receptor EP3 subtype,IC50,=,4700.0,nM,CHEMBL3887099,B,"Radioligand Binding: HEK-293 cells stably expressing the human or feline FP receptor, or EP1, EP2, EP3, or EP4 receptors were washed with TME buffer, scraped from the bottom of the flasks, and homogenized for 30 sec using a Brinkman PT 10/35 polytron. TME buffer was added to achieve a final 40 ml volume in the centrifuge tubes (the composition of TME is 100 mM TRIS base, 20 mM MgCl2, 2M EDTA; 10 N HCl is added to achieve a pH of 7.4).The cell homogenate was centrifuged at 19000 r.p.m. for 20 min at 4 C. using a Beckman Ti-60 rotor. The resultant pellet was resuspended in TME buffer to give a final 1 mg/ml protein concentration, as determined by Biorad assay. Radioligand binding competition assays vs. [3H-]17-phenyl PGF2 (5 nM) were performed in a 100 ul volume for 60 min. Binding reactions were started by adding plasma membrane fraction. The reaction was terminated by the addition of 4 ml ice-cold TRIS-HCl buffer and rapid filtration through glass fiber GF/B filters using a Brandel cell.",CHEMBL3886165,P43115,Prostaglandin E2 receptor EP3 subtype,IC50,CC1(C)C(=O)[C@H](C/C=C\CCCC(=O)O)[C@@H](/C=C/C(O)Cc2cc3ccccc3s2)[C@@H]1O,5.327902142064282
CHEMBL1800685,CHEMBL3710,Prostaglandin E2 receptor EP3 subtype,IC50,=,9270.0,nM,CHEMBL4882980,B,Prostanoid EP3 Eurofins-Panlabs radioligand binding assay,CHEMBL4507292,P43115,Prostaglandin E2 receptor EP3 subtype,IC50,O=C(O)c1cc(-c2ccc(C3CCNCC3)cc2)c2ccc(-c3ccc(C(F)(F)F)cc3)cc2c1,5.032920265855503
CHEMBL218071,CHEMBL3710,Prostaglandin E2 receptor EP3 subtype,IC50,=,33.02,nM,CHEMBL5321026,B,Antagonist activity at EP3 receptor (unknown origin),CHEMBL5316375,P43115,Prostaglandin E2 receptor EP3 subtype,IC50,COc1ccc(Br)cc1S(=O)(=O)NC(=O)/C=C/c1ccccc1Cc1ccc2ccccc2c1,7.4812229310732254
CHEMBL3754586,CHEMBL3710,Prostaglandin E2 receptor EP3 subtype,EC50,=,310.0,nM,CHEMBL3757318,B,Agonist activity at human EP3 receptor,CHEMBL3751723,P43115,Prostaglandin E2 receptor EP3 subtype,EC50,CCCC[C@H](C)C[C@H](O)/C=C/[C@H]1CCC(=O)N1CCSc1nc(C(=O)O)cs1,6.508638306165727
CHEMBL3752377,CHEMBL3710,Prostaglandin E2 receptor EP3 subtype,EC50,=,8.4,nM,CHEMBL3757318,B,Agonist activity at human EP3 receptor,CHEMBL3751723,P43115,Prostaglandin E2 receptor EP3 subtype,EC50,CCCCC(C)(C)[C@H](O)/C=C/[C@H]1CCC(=O)N1CCSc1nc(C(=O)O)cs1,8.075720713938118
CHEMBL3753853,CHEMBL3710,Prostaglandin E2 receptor EP3 subtype,EC50,=,50.0,nM,CHEMBL3757318,B,Agonist activity at human EP3 receptor,CHEMBL3751723,P43115,Prostaglandin E2 receptor EP3 subtype,EC50,CCCCC(C)(C)[C@H](O)/C=C/[C@H]1COC(=O)N1CCSc1nc(C(=O)O)cs1,7.301029995663981
CHEMBL3752406,CHEMBL3710,Prostaglandin E2 receptor EP3 subtype,EC50,=,4.7,nM,CHEMBL3757318,B,Agonist activity at human EP3 receptor,CHEMBL3751723,P43115,Prostaglandin E2 receptor EP3 subtype,EC50,CC(C)(CCCCF)[C@H](O)/C=C/[C@H]1COC(=O)N1CCSc1nc(C(=O)O)cs1,8.327902142064282
CHEMBL3753221,CHEMBL3710,Prostaglandin E2 receptor EP3 subtype,EC50,=,3.9,nM,CHEMBL3757318,B,Agonist activity at human EP3 receptor,CHEMBL3751723,P43115,Prostaglandin E2 receptor EP3 subtype,EC50,CCCCC1([C@H](O)/C=C/[C@H]2COC(=O)N2CCSc2nc(C(=O)O)cs2)CCC1,8.4089353929735
CHEMBL3751951,CHEMBL3710,Prostaglandin E2 receptor EP3 subtype,EC50,=,10.0,nM,CHEMBL3757318,B,Agonist activity at human EP3 receptor,CHEMBL3751723,P43115,Prostaglandin E2 receptor EP3 subtype,EC50,O=C(O)c1csc(SCCN2C(=O)OC[C@@H]2/C=C/[C@@H](O)C2(CCCCF)CCC2)n1,8.0
CHEMBL3753788,CHEMBL3710,Prostaglandin E2 receptor EP3 subtype,EC50,=,25.0,nM,CHEMBL3757318,B,Agonist activity at human EP3 receptor,CHEMBL3751723,P43115,Prostaglandin E2 receptor EP3 subtype,EC50,COCCCC1([C@H](O)/C=C/[C@H]2COC(=O)N2CCSc2nc(C(=O)O)cs2)CCC1,7.6020599913279625
CHEMBL3753898,CHEMBL3710,Prostaglandin E2 receptor EP3 subtype,EC50,=,2606.0,nM,CHEMBL3757318,B,Agonist activity at human EP3 receptor,CHEMBL3751723,P43115,Prostaglandin E2 receptor EP3 subtype,EC50,CCOCCC1([C@H](O)/C=C/[C@H]2COC(=O)N2CCSc2nc(C(=O)O)cs2)CCC1,5.584025588623434
CHEMBL3753622,CHEMBL3710,Prostaglandin E2 receptor EP3 subtype,EC50,=,27.0,nM,CHEMBL3757318,B,Agonist activity at human EP3 receptor,CHEMBL3751723,P43115,Prostaglandin E2 receptor EP3 subtype,EC50,O=C(O)c1csc(SCCN2C(=O)OC[C@@H]2/C=C/[C@@H](O)C2(CCc3ccccc3)CCC2)n1,7.568636235841012
CHEMBL3754197,CHEMBL3710,Prostaglandin E2 receptor EP3 subtype,EC50,=,7.4,nM,CHEMBL3757318,B,Agonist activity at human EP3 receptor,CHEMBL3751723,P43115,Prostaglandin E2 receptor EP3 subtype,EC50,O=C(O)c1csc(SCCN2C(=O)OC[C@@H]2/C=C/[C@@H](O)C2(CCC3CCCCC3)CCC2)n1,8.130768280269024
CHEMBL3753268,CHEMBL3710,Prostaglandin E2 receptor EP3 subtype,EC50,=,18.0,nM,CHEMBL3757318,B,Agonist activity at human EP3 receptor,CHEMBL3751723,P43115,Prostaglandin E2 receptor EP3 subtype,EC50,CC#CCC1([C@H](O)/C=C/[C@H]2COC(=O)N2CCSc2nc(C(=O)O)cs2)CCC1,7.7447274948966935
CHEMBL3752435,CHEMBL3710,Prostaglandin E2 receptor EP3 subtype,EC50,=,6.7,nM,CHEMBL3757318,B,Agonist activity at human EP3 receptor,CHEMBL3751723,P43115,Prostaglandin E2 receptor EP3 subtype,EC50,CC(C)(C)CCC1([C@H](O)/C=C/[C@H]2COC(=O)N2CCSc2nc(C(=O)O)cs2)CCC1,8.173925197299173
CHEMBL3889855,CHEMBL3710,Prostaglandin E2 receptor EP3 subtype,EC50,=,559.0,nM,CHEMBL3887099,B,"Radioligand Binding: HEK-293 cells stably expressing the human or feline FP receptor, or EP1, EP2, EP3, or EP4 receptors were washed with TME buffer, scraped from the bottom of the flasks, and homogenized for 30 sec using a Brinkman PT 10/35 polytron. TME buffer was added to achieve a final 40 ml volume in the centrifuge tubes (the composition of TME is 100 mM TRIS base, 20 mM MgCl2, 2M EDTA; 10 N HCl is added to achieve a pH of 7.4).The cell homogenate was centrifuged at 19000 r.p.m. for 20 min at 4 C. using a Beckman Ti-60 rotor. The resultant pellet was resuspended in TME buffer to give a final 1 mg/ml protein concentration, as determined by Biorad assay. Radioligand binding competition assays vs. [3H-]17-phenyl PGF2 (5 nM) were performed in a 100 ul volume for 60 min. Binding reactions were started by adding plasma membrane fraction. The reaction was terminated by the addition of 4 ml ice-cold TRIS-HCl buffer and rapid filtration through glass fiber GF/B filters using a Brandel cell.",CHEMBL3886165,P43115,Prostaglandin E2 receptor EP3 subtype,EC50,CCCCC[C@H](O)/C=C/[C@@H]1[C@@H](CC#CCCCC(=O)OC)C(=O)C(C)(C)[C@H]1O,6.252588192113577
CHEMBL3966610,CHEMBL3710,Prostaglandin E2 receptor EP3 subtype,EC50,=,11.0,nM,CHEMBL3887099,B,"Radioligand Binding: HEK-293 cells stably expressing the human or feline FP receptor, or EP1, EP2, EP3, or EP4 receptors were washed with TME buffer, scraped from the bottom of the flasks, and homogenized for 30 sec using a Brinkman PT 10/35 polytron. TME buffer was added to achieve a final 40 ml volume in the centrifuge tubes (the composition of TME is 100 mM TRIS base, 20 mM MgCl2, 2M EDTA; 10 N HCl is added to achieve a pH of 7.4).The cell homogenate was centrifuged at 19000 r.p.m. for 20 min at 4 C. using a Beckman Ti-60 rotor. The resultant pellet was resuspended in TME buffer to give a final 1 mg/ml protein concentration, as determined by Biorad assay. Radioligand binding competition assays vs. [3H-]17-phenyl PGF2 (5 nM) were performed in a 100 ul volume for 60 min. Binding reactions were started by adding plasma membrane fraction. The reaction was terminated by the addition of 4 ml ice-cold TRIS-HCl buffer and rapid filtration through glass fiber GF/B filters using a Brandel cell.",CHEMBL3886165,P43115,Prostaglandin E2 receptor EP3 subtype,EC50,CCCCC[C@H](O)/C=C/[C@@H]1[C@@H](CC#CCCCC(=O)O)C(=O)C(C)(C)[C@H]1O,7.958607314841775
CHEMBL3895324,CHEMBL3710,Prostaglandin E2 receptor EP3 subtype,EC50,=,4.6,nM,CHEMBL3887099,B,"Radioligand Binding: HEK-293 cells stably expressing the human or feline FP receptor, or EP1, EP2, EP3, or EP4 receptors were washed with TME buffer, scraped from the bottom of the flasks, and homogenized for 30 sec using a Brinkman PT 10/35 polytron. TME buffer was added to achieve a final 40 ml volume in the centrifuge tubes (the composition of TME is 100 mM TRIS base, 20 mM MgCl2, 2M EDTA; 10 N HCl is added to achieve a pH of 7.4).The cell homogenate was centrifuged at 19000 r.p.m. for 20 min at 4 C. using a Beckman Ti-60 rotor. The resultant pellet was resuspended in TME buffer to give a final 1 mg/ml protein concentration, as determined by Biorad assay. Radioligand binding competition assays vs. [3H-]17-phenyl PGF2 (5 nM) were performed in a 100 ul volume for 60 min. Binding reactions were started by adding plasma membrane fraction. The reaction was terminated by the addition of 4 ml ice-cold TRIS-HCl buffer and rapid filtration through glass fiber GF/B filters using a Brandel cell.",CHEMBL3886165,P43115,Prostaglandin E2 receptor EP3 subtype,EC50,CCCCC[C@H](O)/C=C/[C@@H]1[C@@H](C/C=C\CCCC(=O)O)C(=O)C(C)(C)[C@H]1O,8.337242168318426
CHEMBL3978305,CHEMBL3710,Prostaglandin E2 receptor EP3 subtype,EC50,=,531.0,nM,CHEMBL3887099,B,"Radioligand Binding: HEK-293 cells stably expressing the human or feline FP receptor, or EP1, EP2, EP3, or EP4 receptors were washed with TME buffer, scraped from the bottom of the flasks, and homogenized for 30 sec using a Brinkman PT 10/35 polytron. TME buffer was added to achieve a final 40 ml volume in the centrifuge tubes (the composition of TME is 100 mM TRIS base, 20 mM MgCl2, 2M EDTA; 10 N HCl is added to achieve a pH of 7.4).The cell homogenate was centrifuged at 19000 r.p.m. for 20 min at 4 C. using a Beckman Ti-60 rotor. The resultant pellet was resuspended in TME buffer to give a final 1 mg/ml protein concentration, as determined by Biorad assay. Radioligand binding competition assays vs. [3H-]17-phenyl PGF2 (5 nM) were performed in a 100 ul volume for 60 min. Binding reactions were started by adding plasma membrane fraction. The reaction was terminated by the addition of 4 ml ice-cold TRIS-HCl buffer and rapid filtration through glass fiber GF/B filters using a Brandel cell.",CHEMBL3886165,P43115,Prostaglandin E2 receptor EP3 subtype,EC50,CCCCC[C@H](O)/C=C/[C@@H]1[C@@H](C/C=C\CCCC(=O)OC)C(=O)C(C)(C)[C@H]1O,6.274905478918531
CHEMBL3964563,CHEMBL3710,Prostaglandin E2 receptor EP3 subtype,EC50,=,589.0,nM,CHEMBL3887099,B,"Radioligand Binding: HEK-293 cells stably expressing the human or feline FP receptor, or EP1, EP2, EP3, or EP4 receptors were washed with TME buffer, scraped from the bottom of the flasks, and homogenized for 30 sec using a Brinkman PT 10/35 polytron. TME buffer was added to achieve a final 40 ml volume in the centrifuge tubes (the composition of TME is 100 mM TRIS base, 20 mM MgCl2, 2M EDTA; 10 N HCl is added to achieve a pH of 7.4).The cell homogenate was centrifuged at 19000 r.p.m. for 20 min at 4 C. using a Beckman Ti-60 rotor. The resultant pellet was resuspended in TME buffer to give a final 1 mg/ml protein concentration, as determined by Biorad assay. Radioligand binding competition assays vs. [3H-]17-phenyl PGF2 (5 nM) were performed in a 100 ul volume for 60 min. Binding reactions were started by adding plasma membrane fraction. The reaction was terminated by the addition of 4 ml ice-cold TRIS-HCl buffer and rapid filtration through glass fiber GF/B filters using a Brandel cell.",CHEMBL3886165,P43115,Prostaglandin E2 receptor EP3 subtype,EC50,CC1(C)C(=O)[C@H](C/C=C\CCCC(=O)O)[C@@H](/C=C/C(O)Cc2ccccc2)[C@@H]1O,6.229884705212898
CHEMBL3946494,CHEMBL3710,Prostaglandin E2 receptor EP3 subtype,EC50,=,60.0,nM,CHEMBL3887099,B,"Radioligand Binding: HEK-293 cells stably expressing the human or feline FP receptor, or EP1, EP2, EP3, or EP4 receptors were washed with TME buffer, scraped from the bottom of the flasks, and homogenized for 30 sec using a Brinkman PT 10/35 polytron. TME buffer was added to achieve a final 40 ml volume in the centrifuge tubes (the composition of TME is 100 mM TRIS base, 20 mM MgCl2, 2M EDTA; 10 N HCl is added to achieve a pH of 7.4).The cell homogenate was centrifuged at 19000 r.p.m. for 20 min at 4 C. using a Beckman Ti-60 rotor. The resultant pellet was resuspended in TME buffer to give a final 1 mg/ml protein concentration, as determined by Biorad assay. Radioligand binding competition assays vs. [3H-]17-phenyl PGF2 (5 nM) were performed in a 100 ul volume for 60 min. Binding reactions were started by adding plasma membrane fraction. The reaction was terminated by the addition of 4 ml ice-cold TRIS-HCl buffer and rapid filtration through glass fiber GF/B filters using a Brandel cell.",CHEMBL3886165,P43115,Prostaglandin E2 receptor EP3 subtype,EC50,CC1(C)C(=O)[C@H](C/C=C\CCCC(=O)O)[C@@H](/C=C/C(O)CCc2ccccc2)[C@@H]1O,7.221848749616356
CHEMBL3946494,CHEMBL3710,Prostaglandin E2 receptor EP3 subtype,EC50,=,1862.0,nM,CHEMBL3887099,B,"Radioligand Binding: HEK-293 cells stably expressing the human or feline FP receptor, or EP1, EP2, EP3, or EP4 receptors were washed with TME buffer, scraped from the bottom of the flasks, and homogenized for 30 sec using a Brinkman PT 10/35 polytron. TME buffer was added to achieve a final 40 ml volume in the centrifuge tubes (the composition of TME is 100 mM TRIS base, 20 mM MgCl2, 2M EDTA; 10 N HCl is added to achieve a pH of 7.4).The cell homogenate was centrifuged at 19000 r.p.m. for 20 min at 4 C. using a Beckman Ti-60 rotor. The resultant pellet was resuspended in TME buffer to give a final 1 mg/ml protein concentration, as determined by Biorad assay. Radioligand binding competition assays vs. [3H-]17-phenyl PGF2 (5 nM) were performed in a 100 ul volume for 60 min. Binding reactions were started by adding plasma membrane fraction. The reaction was terminated by the addition of 4 ml ice-cold TRIS-HCl buffer and rapid filtration through glass fiber GF/B filters using a Brandel cell.",CHEMBL3886165,P43115,Prostaglandin E2 receptor EP3 subtype,EC50,CC1(C)C(=O)[C@H](C/C=C\CCCC(=O)O)[C@@H](/C=C/C(O)CCc2ccccc2)[C@@H]1O,5.730020323354676
CHEMBL4297633,CHEMBL3710,Prostaglandin E2 receptor EP3 subtype,EC50,=,10.0,nM,CHEMBL5242759,B,Agonist activity at EP3 (unknown origin),CHEMBL5241102,P43115,Prostaglandin E2 receptor EP3 subtype,EC50,CC(C)OC(=O)CCC[C@H]1CC[C@@H]2[C@@H](/C=C/[C@@H](O)COc3cc(F)ccc3F)[C@H](O)C[C@@H]2OC1,8.0
CHEMBL5095395,CHEMBL3710,Prostaglandin E2 receptor EP3 subtype,EC50,=,28.6,nM,CHEMBL5242759,B,Agonist activity at EP3 (unknown origin),CHEMBL5241102,P43115,Prostaglandin E2 receptor EP3 subtype,EC50,O=C(O)CCC[C@H]1CC[C@@H]2[C@@H](/C=C/[C@@H](O)COc3cc(F)ccc3F)[C@H](O)C[C@@H]2OC1,7.543633966870956
