molecule_chembl_id,target_chembl_id,target_pref_name,standard_type,standard_relation,standard_value,standard_units,assay_chembl_id,assay_type,assay_description,document_chembl_id,uniprot_id,target_pref_name,readout,smiles,pActivity
CHEMBL1800685,CHEMBL4518,Purinergic receptor P2Y14,IC50,=,7.96,nM,CHEMBL4189951,B,Displacement of MRS4174 from human P2Y14R expressed in CHO cells preincubated for 30 mins followed by MRS4174 addition measured after 30 mins by flow cytometric method,CHEMBL4184336,Q15391,Purinergic receptor P2Y14,IC50,O=C(O)c1cc(-c2ccc(C3CCNCC3)cc2)c2ccc(-c3ccc(C(F)(F)F)cc3)cc2c1,8.099086932262331
CHEMBL4212441,CHEMBL4518,Purinergic receptor P2Y14,IC50,=,763.0,nM,CHEMBL4189951,B,Displacement of MRS4174 from human P2Y14R expressed in CHO cells preincubated for 30 mins followed by MRS4174 addition measured after 30 mins by flow cytometric method,CHEMBL4184336,Q15391,Purinergic receptor P2Y14,IC50,C#CCCCCN1CCC(c2ccc(-c3cc(C(=O)O)cc4cc(-c5ccc(C(F)(F)F)cc5)ccc34)cc2)CC1,6.117475462045119
CHEMBL4217398,CHEMBL4518,Purinergic receptor P2Y14,IC50,=,133.0,nM,CHEMBL4189951,B,Displacement of MRS4174 from human P2Y14R expressed in CHO cells preincubated for 30 mins followed by MRS4174 addition measured after 30 mins by flow cytometric method,CHEMBL4184336,Q15391,Purinergic receptor P2Y14,IC50,CC(C)(C)OC(=O)NCCCCCCn1cc(CCCCN2CCC(c3ccc(-c4cc(C(=O)O)cc5cc(-c6ccc(C(F)(F)F)cc6)ccc45)cc3)CC2)nn1,6.876148359032914
CHEMBL4216870,CHEMBL4518,Purinergic receptor P2Y14,IC50,=,25.4,nM,CHEMBL4189951,B,Displacement of MRS4174 from human P2Y14R expressed in CHO cells preincubated for 30 mins followed by MRS4174 addition measured after 30 mins by flow cytometric method,CHEMBL4184336,Q15391,Purinergic receptor P2Y14,IC50,NCCCCCCn1cc(CCCCN2CCC(c3ccc(-c4cc(C(=O)O)cc5cc(-c6ccc(C(F)(F)F)cc6)ccc45)cc3)CC2)nn1,7.5951662833800615
CHEMBL4218967,CHEMBL4518,Purinergic receptor P2Y14,IC50,=,83.5,nM,CHEMBL4189951,B,Displacement of MRS4174 from human P2Y14R expressed in CHO cells preincubated for 30 mins followed by MRS4174 addition measured after 30 mins by flow cytometric method,CHEMBL4184336,Q15391,Purinergic receptor P2Y14,IC50,CC(=O)NCCCCCCn1cc(CCCCN2CCC(c3ccc(-c4cc(C(=O)O)cc5cc(-c6ccc(C(F)(F)F)cc6)ccc45)cc3)CC2)nn1,7.078313524516398
CHEMBL4204678,CHEMBL4518,Purinergic receptor P2Y14,IC50,=,5920.0,nM,CHEMBL4189951,B,Displacement of MRS4174 from human P2Y14R expressed in CHO cells preincubated for 30 mins followed by MRS4174 addition measured after 30 mins by flow cytometric method,CHEMBL4184336,Q15391,Purinergic receptor P2Y14,IC50,CC(C)(C)OC(=O)NCCNS(=O)(=O)c1ccc(-c2cc(C(=O)O)cc(-n3cc(-c4ccc(C(F)(F)F)cc4)nn3)c2)s1,5.22767829327708
CHEMBL4209538,CHEMBL4518,Purinergic receptor P2Y14,IC50,=,2260.0,nM,CHEMBL4189951,B,Displacement of MRS4174 from human P2Y14R expressed in CHO cells preincubated for 30 mins followed by MRS4174 addition measured after 30 mins by flow cytometric method,CHEMBL4184336,Q15391,Purinergic receptor P2Y14,IC50,NCCNS(=O)(=O)c1ccc(-c2cc(C(=O)O)cc(-n3cc(-c4ccc(C(F)(F)F)cc4)nn3)c2)s1,5.645891560852599
CHEMBL4214191,CHEMBL4518,Purinergic receptor P2Y14,IC50,=,9330.0,nM,CHEMBL4189951,B,Displacement of MRS4174 from human P2Y14R expressed in CHO cells preincubated for 30 mins followed by MRS4174 addition measured after 30 mins by flow cytometric method,CHEMBL4184336,Q15391,Purinergic receptor P2Y14,IC50,CC(C)(C)OC(=O)NCCCNS(=O)(=O)c1ccc(-c2cc(C(=O)O)cc(-n3cc(-c4ccc(C(F)(F)F)cc4)nn3)c2)s1,5.0301183562534995
CHEMBL4211995,CHEMBL4518,Purinergic receptor P2Y14,IC50,=,756.0,nM,CHEMBL4189951,B,Displacement of MRS4174 from human P2Y14R expressed in CHO cells preincubated for 30 mins followed by MRS4174 addition measured after 30 mins by flow cytometric method,CHEMBL4184336,Q15391,Purinergic receptor P2Y14,IC50,NCCCNS(=O)(=O)c1ccc(-c2cc(C(=O)O)cc(-n3cc(-c4ccc(C(F)(F)F)cc4)nn3)c2)s1,6.121478204498794
CHEMBL4209607,CHEMBL4518,Purinergic receptor P2Y14,IC50,=,13600.0,nM,CHEMBL4189951,B,Displacement of MRS4174 from human P2Y14R expressed in CHO cells preincubated for 30 mins followed by MRS4174 addition measured after 30 mins by flow cytometric method,CHEMBL4184336,Q15391,Purinergic receptor P2Y14,IC50,CC(C)(C)OC(=O)NCCCCNS(=O)(=O)c1ccc(-c2cc(C(=O)O)cc(-n3cc(-c4ccc(C(F)(F)F)cc4)nn3)c2)s1,4.866461091629782
CHEMBL4204741,CHEMBL4518,Purinergic receptor P2Y14,IC50,=,2180.0,nM,CHEMBL4189951,B,Displacement of MRS4174 from human P2Y14R expressed in CHO cells preincubated for 30 mins followed by MRS4174 addition measured after 30 mins by flow cytometric method,CHEMBL4184336,Q15391,Purinergic receptor P2Y14,IC50,NCCCCNS(=O)(=O)c1ccc(-c2cc(C(=O)O)cc(-n3cc(-c4ccc(C(F)(F)F)cc4)nn3)c2)s1,5.661543506395395
CHEMBL4214011,CHEMBL4518,Purinergic receptor P2Y14,IC50,=,8420.0,nM,CHEMBL4189951,B,Displacement of MRS4174 from human P2Y14R expressed in CHO cells preincubated for 30 mins followed by MRS4174 addition measured after 30 mins by flow cytometric method,CHEMBL4184336,Q15391,Purinergic receptor P2Y14,IC50,O=C(O)c1cc(-c2ccc(S(=O)(=O)NCCCCO)s2)cc(-n2cc(-c3ccc(C(F)(F)F)cc3)nn2)c1,5.0746879085003505
CHEMBL4208103,CHEMBL4518,Purinergic receptor P2Y14,IC50,=,54700.0,nM,CHEMBL4189951,B,Displacement of MRS4174 from human P2Y14R expressed in CHO cells preincubated for 30 mins followed by MRS4174 addition measured after 30 mins by flow cytometric method,CHEMBL4184336,Q15391,Purinergic receptor P2Y14,IC50,CC(C)(C)OC(=O)N1CCN(S(=O)(=O)c2ccc(-c3cc(C(=O)O)cc(-n4cc(-c5ccc(C(F)(F)F)cc5)nn4)c3)s2)CC1,4.262012673666569
CHEMBL4218414,CHEMBL4518,Purinergic receptor P2Y14,IC50,=,1510.0,nM,CHEMBL4189951,B,Displacement of MRS4174 from human P2Y14R expressed in CHO cells preincubated for 30 mins followed by MRS4174 addition measured after 30 mins by flow cytometric method,CHEMBL4184336,Q15391,Purinergic receptor P2Y14,IC50,O=C(O)c1cc(-c2ccc(S(=O)(=O)N3CCNCC3)s2)cc(-n2cc(-c3ccc(C(F)(F)F)cc3)nn2)c1,5.821023052706831
CHEMBL4213485,CHEMBL4518,Purinergic receptor P2Y14,IC50,=,6440.0,nM,CHEMBL4189951,B,Displacement of MRS4174 from human P2Y14R expressed in CHO cells preincubated for 30 mins followed by MRS4174 addition measured after 30 mins by flow cytometric method,CHEMBL4184336,Q15391,Purinergic receptor P2Y14,IC50,CCN(CC)CC.NS(=O)(=O)c1ccc(-c2cc(C(=O)O)cc(-n3cc(-c4ccc(C(F)(F)F)cc4)nn3)c2)s1,5.1911141326401875
CHEMBL4217880,CHEMBL4518,Purinergic receptor P2Y14,IC50,=,1640.0,nM,CHEMBL4189951,B,Displacement of MRS4174 from human P2Y14R expressed in CHO cells preincubated for 30 mins followed by MRS4174 addition measured after 30 mins by flow cytometric method,CHEMBL4184336,Q15391,Purinergic receptor P2Y14,IC50,O=C(O)c1cc(-c2ccc(S(=O)(=O)N3CCNCC3)cc2)cc(-n2cc(-c3ccc(C(F)(F)F)cc3)nn2)c1,5.785156151952302
CHEMBL4214536,CHEMBL4518,Purinergic receptor P2Y14,IC50,=,608.0,nM,CHEMBL4189951,B,Displacement of MRS4174 from human P2Y14R expressed in CHO cells preincubated for 30 mins followed by MRS4174 addition measured after 30 mins by flow cytometric method,CHEMBL4184336,Q15391,Purinergic receptor P2Y14,IC50,CCN(CC)CC.NS(=O)(=O)c1ccc(-c2cc(C(=O)O)cc(-n3cc(-c4ccc(C(F)(F)F)cc4)nn3)c2)cc1,6.216096420727265
CHEMBL4205655,CHEMBL4518,Purinergic receptor P2Y14,IC50,=,67200.0,nM,CHEMBL4189951,B,Displacement of MRS4174 from human P2Y14R expressed in CHO cells preincubated for 30 mins followed by MRS4174 addition measured after 30 mins by flow cytometric method,CHEMBL4184336,Q15391,Purinergic receptor P2Y14,IC50,CC(C)(C)OC(=O)N1CCN(Cc2ccc(-c3cc(C(=O)O)cc(-n4cc(-c5ccc(C(F)(F)F)cc5)nn4)c3)s2)CC1,4.172630726946175
CHEMBL4203557,CHEMBL4518,Purinergic receptor P2Y14,IC50,=,1960.0,nM,CHEMBL4189951,B,Displacement of MRS4174 from human P2Y14R expressed in CHO cells preincubated for 30 mins followed by MRS4174 addition measured after 30 mins by flow cytometric method,CHEMBL4184336,Q15391,Purinergic receptor P2Y14,IC50,O=C(O)c1cc(-c2ccc(CN3CCNCC3)s2)cc(-n2cc(-c3ccc(C(F)(F)F)cc3)nn2)c1,5.707743928643524
CHEMBL4211740,CHEMBL4518,Purinergic receptor P2Y14,IC50,=,2280.0,nM,CHEMBL4189951,B,Displacement of MRS4174 from human P2Y14R expressed in CHO cells preincubated for 30 mins followed by MRS4174 addition measured after 30 mins by flow cytometric method,CHEMBL4184336,Q15391,Purinergic receptor P2Y14,IC50,CC(C)(C)OC(=O)NCCCNC(=O)c1ccc(-c2cc(C(=O)O)cc(-n3cc(-c4ccc(C(F)(F)F)cc4)nn3)c2)s1,5.642065152999546
CHEMBL4212721,CHEMBL4518,Purinergic receptor P2Y14,IC50,=,169.0,nM,CHEMBL4189951,B,Displacement of MRS4174 from human P2Y14R expressed in CHO cells preincubated for 30 mins followed by MRS4174 addition measured after 30 mins by flow cytometric method,CHEMBL4184336,Q15391,Purinergic receptor P2Y14,IC50,NCCCNC(=O)c1ccc(-c2cc(C(=O)O)cc(-n3cc(-c4ccc(C(F)(F)F)cc4)nn3)c2)s1,6.772113295386326
CHEMBL4205258,CHEMBL4518,Purinergic receptor P2Y14,IC50,=,53000.0,nM,CHEMBL4189951,B,Displacement of MRS4174 from human P2Y14R expressed in CHO cells preincubated for 30 mins followed by MRS4174 addition measured after 30 mins by flow cytometric method,CHEMBL4184336,Q15391,Purinergic receptor P2Y14,IC50,CC(C)(C)OC(=O)N1CCN(C(=O)c2ccc(-c3cc(C(=O)O)cc(-n4cc(-c5ccc(C(F)(F)F)cc5)nn4)c3)s2)CC1,4.275724130399211
CHEMBL4214132,CHEMBL4518,Purinergic receptor P2Y14,IC50,=,12600.0,nM,CHEMBL4189951,B,Displacement of MRS4174 from human P2Y14R expressed in CHO cells preincubated for 30 mins followed by MRS4174 addition measured after 30 mins by flow cytometric method,CHEMBL4184336,Q15391,Purinergic receptor P2Y14,IC50,O=C(O)c1cc(-c2ccc(C(=O)N3CCNCC3)s2)cc(-n2cc(-c3ccc(C(F)(F)F)cc3)nn2)c1,4.8996294548824375
CHEMBL4204811,CHEMBL4518,Purinergic receptor P2Y14,IC50,=,10900.0,nM,CHEMBL4189951,B,Displacement of MRS4174 from human P2Y14R expressed in CHO cells preincubated for 30 mins followed by MRS4174 addition measured after 30 mins by flow cytometric method,CHEMBL4184336,Q15391,Purinergic receptor P2Y14,IC50,NCCCNC(=O)c1ccc(-c2cc(C(=O)O)cc(-n3cc(-c4ccc(C(F)(F)F)cc4)nn3)c2)o1,4.962573502059376
CHEMBL4209732,CHEMBL4518,Purinergic receptor P2Y14,IC50,=,3110.0,nM,CHEMBL4189951,B,Displacement of MRS4174 from human P2Y14R expressed in CHO cells preincubated for 30 mins followed by MRS4174 addition measured after 30 mins by flow cytometric method,CHEMBL4184336,Q15391,Purinergic receptor P2Y14,IC50,CCN(CC)CC.NC(=O)c1ccc(-c2cc(C(=O)O)cc(-n3cc(-c4ccc(C(F)(F)F)cc4)nn3)c2)o1,5.507239610973162
CHEMBL4207098,CHEMBL4518,Purinergic receptor P2Y14,IC50,=,735.0,nM,CHEMBL4189951,B,Displacement of MRS4174 from human P2Y14R expressed in CHO cells preincubated for 30 mins followed by MRS4174 addition measured after 30 mins by flow cytometric method,CHEMBL4184336,Q15391,Purinergic receptor P2Y14,IC50,NCCCNC(=O)c1csc(-c2cc(C(=O)O)cc(-n3cc(-c4ccc(C(F)(F)F)cc4)nn3)c2)c1,6.133712660915805
CHEMBL4206291,CHEMBL4518,Purinergic receptor P2Y14,IC50,=,1750.0,nM,CHEMBL4189951,B,Displacement of MRS4174 from human P2Y14R expressed in CHO cells preincubated for 30 mins followed by MRS4174 addition measured after 30 mins by flow cytometric method,CHEMBL4184336,Q15391,Purinergic receptor P2Y14,IC50,NCCCNC(=O)c1cc(-c2cc(C(=O)O)cc(-n3cc(-c4ccc(C(F)(F)F)cc4)nn3)c2)cs1,5.756961951313706
CHEMBL4211172,CHEMBL4518,Purinergic receptor P2Y14,IC50,=,516.0,nM,CHEMBL4189951,B,Displacement of MRS4174 from human P2Y14R expressed in CHO cells preincubated for 30 mins followed by MRS4174 addition measured after 30 mins by flow cytometric method,CHEMBL4184336,Q15391,Purinergic receptor P2Y14,IC50,NC(=O)c1ccc(-c2cc(C(=O)[O-])cc(-n3cc(-c4ccc(C(F)(F)F)cc4)nn3)c2)nc1.[Na+],6.287350298372789
CHEMBL4207803,CHEMBL4518,Purinergic receptor P2Y14,IC50,=,1410.0,nM,CHEMBL4189951,B,Displacement of MRS4174 from human P2Y14R expressed in CHO cells preincubated for 30 mins followed by MRS4174 addition measured after 30 mins by flow cytometric method,CHEMBL4184336,Q15391,Purinergic receptor P2Y14,IC50,NC(=O)c1ccc(-c2cc(C(=O)[O-])cc(-n3cc(-c4ccc(C(F)(F)F)cc4)nn3)c2)cn1.[Na+],5.85078088734462
CHEMBL4213423,CHEMBL4518,Purinergic receptor P2Y14,IC50,=,566.0,nM,CHEMBL4189951,B,Displacement of MRS4174 from human P2Y14R expressed in CHO cells preincubated for 30 mins followed by MRS4174 addition measured after 30 mins by flow cytometric method,CHEMBL4184336,Q15391,Purinergic receptor P2Y14,IC50,NC(=O)c1cnc(-c2cc(C(=O)[O-])cc(-n3cc(-c4ccc(C(F)(F)F)cc4)nn3)c2)cn1.[Na+],6.247183568811728
CHEMBL4211068,CHEMBL4518,Purinergic receptor P2Y14,IC50,=,269.0,nM,CHEMBL4189951,B,Displacement of MRS4174 from human P2Y14R expressed in CHO cells preincubated for 30 mins followed by MRS4174 addition measured after 30 mins by flow cytometric method,CHEMBL4184336,Q15391,Purinergic receptor P2Y14,IC50,CCN(CC)CC.NC(=O)c1ccc(-c2cc(C(=O)O)cc(-n3cc(-c4ccc(C(F)(F)F)cc4)nn3)c2)cc1,6.570247719997592
CHEMBL4204183,CHEMBL4518,Purinergic receptor P2Y14,IC50,=,563.0,nM,CHEMBL4189951,B,Displacement of MRS4174 from human P2Y14R expressed in CHO cells preincubated for 30 mins followed by MRS4174 addition measured after 30 mins by flow cytometric method,CHEMBL4184336,Q15391,Purinergic receptor P2Y14,IC50,CNC(=O)c1ccc(-c2cc(C(=O)[O-])cc(-n3cc(-c4ccc(C(F)(F)F)cc4)nn3)c2)cc1.[Na+],6.249491605148654
CHEMBL4212481,CHEMBL4518,Purinergic receptor P2Y14,IC50,=,899.0,nM,CHEMBL4189951,B,Displacement of MRS4174 from human P2Y14R expressed in CHO cells preincubated for 30 mins followed by MRS4174 addition measured after 30 mins by flow cytometric method,CHEMBL4184336,Q15391,Purinergic receptor P2Y14,IC50,CCNC(=O)c1ccc(-c2cc(C(=O)[O-])cc(-n3cc(-c4ccc(C(F)(F)F)cc4)nn3)c2)cc1.[Na+],6.046240308266771
CHEMBL4216270,CHEMBL4518,Purinergic receptor P2Y14,IC50,=,1490.0,nM,CHEMBL4189951,B,Displacement of MRS4174 from human P2Y14R expressed in CHO cells preincubated for 30 mins followed by MRS4174 addition measured after 30 mins by flow cytometric method,CHEMBL4184336,Q15391,Purinergic receptor P2Y14,IC50,CCCNC(=O)c1ccc(-c2cc(C(=O)[O-])cc(-n3cc(-c4ccc(C(F)(F)F)cc4)nn3)c2)cc1.[Na+],5.826813731587726
CHEMBL4207890,CHEMBL4518,Purinergic receptor P2Y14,IC50,=,7530.0,nM,CHEMBL4189951,B,Displacement of MRS4174 from human P2Y14R expressed in CHO cells preincubated for 30 mins followed by MRS4174 addition measured after 30 mins by flow cytometric method,CHEMBL4184336,Q15391,Purinergic receptor P2Y14,IC50,CC(C)(C)NC(=O)c1ccc(-c2cc(C(=O)[O-])cc(-n3cc(-c4ccc(C(F)(F)F)cc4)nn3)c2)cc1.[Na+],5.123205023799299
CHEMBL4206519,CHEMBL4518,Purinergic receptor P2Y14,IC50,=,958.0,nM,CHEMBL4189951,B,Displacement of MRS4174 from human P2Y14R expressed in CHO cells preincubated for 30 mins followed by MRS4174 addition measured after 30 mins by flow cytometric method,CHEMBL4184336,Q15391,Purinergic receptor P2Y14,IC50,FC(F)(F)c1ccc(-c2cn(-c3cc(-c4ccc(C5CCNCC5)cc4)cc(-c4nnn[nH]4)c3)nn2)cc1,6.018634490921455
CHEMBL4213231,CHEMBL4518,Purinergic receptor P2Y14,IC50,=,1190.0,nM,CHEMBL4189951,B,Displacement of MRS4174 from human P2Y14R expressed in CHO cells preincubated for 30 mins followed by MRS4174 addition measured after 30 mins by flow cytometric method,CHEMBL4184336,Q15391,Purinergic receptor P2Y14,IC50,NCCCNC(=O)c1ccc(-c2cc(-c3nnn[nH]3)cc(-n3cc(-c4ccc(C(F)(F)F)cc4)nn3)c2)s1,5.924453038607469
CHEMBL4207940,CHEMBL4518,Purinergic receptor P2Y14,IC50,=,2430.0,nM,CHEMBL4189951,B,Displacement of MRS4174 from human P2Y14R expressed in CHO cells preincubated for 30 mins followed by MRS4174 addition measured after 30 mins by flow cytometric method,CHEMBL4184336,Q15391,Purinergic receptor P2Y14,IC50,NC(=O)c1ccc(-c2cc(-c3nnn[nH]3)cc(-n3cc(-c4ccc(C(F)(F)F)cc4)nn3)c2)cc1,5.614393726401688
CHEMBL4208014,CHEMBL4518,Purinergic receptor P2Y14,IC50,=,20700.0,nM,CHEMBL4189951,B,Displacement of MRS4174 from human P2Y14R expressed in CHO cells preincubated for 30 mins followed by MRS4174 addition measured after 30 mins by flow cytometric method,CHEMBL4184336,Q15391,Purinergic receptor P2Y14,IC50,CC(C)(C)NC(=O)c1ccc(-c2cc(-c3nnn[nH]3)cc(-n3cc(-c4ccc(C(F)(F)F)cc4)nn3)c2)cc1,4.684029654543083
CHEMBL4204323,CHEMBL4518,Purinergic receptor P2Y14,IC50,=,16400.0,nM,CHEMBL4189951,B,Displacement of MRS4174 from human P2Y14R expressed in CHO cells preincubated for 30 mins followed by MRS4174 addition measured after 30 mins by flow cytometric method,CHEMBL4184336,Q15391,Purinergic receptor P2Y14,IC50,O=C(O)c1cc(O)cc(-n2cc(-c3ccc(C(F)(F)F)cc3)nn2)c1,4.785156151952302
CHEMBL4217776,CHEMBL4518,Purinergic receptor P2Y14,IC50,=,26800.0,nM,CHEMBL4189951,B,Displacement of MRS4174 from human P2Y14R expressed in CHO cells preincubated for 30 mins followed by MRS4174 addition measured after 30 mins by flow cytometric method,CHEMBL4184336,Q15391,Purinergic receptor P2Y14,IC50,O=C(O)c1cc(Br)cc(-n2cc(-c3ccc(C(F)(F)F)cc3)nn2)c1,4.5718652059712115
CHEMBL4214014,CHEMBL4518,Purinergic receptor P2Y14,IC50,=,33100.0,nM,CHEMBL4189951,B,Displacement of MRS4174 from human P2Y14R expressed in CHO cells preincubated for 30 mins followed by MRS4174 addition measured after 30 mins by flow cytometric method,CHEMBL4184336,Q15391,Purinergic receptor P2Y14,IC50,FC(F)(F)c1ccc(-c2cn(-c3cc(Br)cc(-c4nnn[nH]4)c3)nn2)cc1,4.480172006224281
CHEMBL4205190,CHEMBL4518,Purinergic receptor P2Y14,IC50,=,3200.0,nM,CHEMBL4189951,B,Displacement of MRS4174 from human P2Y14R expressed in CHO cells preincubated for 30 mins followed by MRS4174 addition measured after 30 mins by flow cytometric method,CHEMBL4184336,Q15391,Purinergic receptor P2Y14,IC50,O=C(O)c1cc(O)c2ccc(-c3ccc(C(F)(F)F)cc3)cc2c1,5.494850021680094
CHEMBL3606064,CHEMBL4518,Purinergic receptor P2Y14,IC50,=,362.0,nM,CHEMBL4392271,B,"Displacement of 6-Amino-9-(2-carboxy-4-((6-(4-(4-(4-(4-(3-carboxy-6-(4-(trifluoromethyl)phenyl)-naphthalen-1-yl)phenyl)piperidin-1-yl)butyl)-1H-1,2,3-triazol-1-yl)hexyl)carbamoyl)-phenyl)-3-iminio-5-sulfo-3H-xanthene-4-sulfonate from recombinant human P2Y14 receptor expressed in CHO cells preincubated for 30 mins followed by tracer addition and measured after 30 mins by flow cytometry",CHEMBL4390678,Q15391,Purinergic receptor P2Y14,IC50,O=c1[nH]c(=O)n([C@@H]2O[C@H](COP(=O)(O)CP(=O)(O)O)[C@@H](O)[C@H]2O)cc1F,6.441291429466834
CHEMBL4483379,CHEMBL4518,Purinergic receptor P2Y14,IC50,=,6660.0,nM,CHEMBL4392271,B,"Displacement of 6-Amino-9-(2-carboxy-4-((6-(4-(4-(4-(4-(3-carboxy-6-(4-(trifluoromethyl)phenyl)-naphthalen-1-yl)phenyl)piperidin-1-yl)butyl)-1H-1,2,3-triazol-1-yl)hexyl)carbamoyl)-phenyl)-3-iminio-5-sulfo-3H-xanthene-4-sulfonate from recombinant human P2Y14 receptor expressed in CHO cells preincubated for 30 mins followed by tracer addition and measured after 30 mins by flow cytometry",CHEMBL4390678,Q15391,Purinergic receptor P2Y14,IC50,O=C(Nc1ccn([C@@H]2O[C@H](COP(=O)(O)CP(=O)(O)O)[C@@H](O)[C@H]2O)c(=O)n1)c1ccccc1,5.176525770829699
CHEMBL1800685,CHEMBL4518,Purinergic receptor P2Y14,IC50,=,6.0,nM,CHEMBL4426523,B,"Displacement of 6-Amino-9-(2-carboxy-4-((6-(4-(4-(4-(4-(3-carboxy-6-(4-(trifluoromethyl)phenyl)-naphthalen-1-yl)phenyl)piperidin-1-yl)-butyl)-1H-1,2,3-triazol-1-yl)hexyl)carbamoyl)-phenyl)-3-iminio-5-sulfo-3H-xanthene-4-sulfonate from human P2Y14R expressed in CHO cells measured after 15 mins by flow cytometric analysis",CHEMBL4425123,Q15391,Purinergic receptor P2Y14,IC50,O=C(O)c1cc(-c2ccc(C3CCNCC3)cc2)c2ccc(-c3ccc(C(F)(F)F)cc3)cc2c1,8.221848749616356
CHEMBL4454538,CHEMBL4518,Purinergic receptor P2Y14,IC50,=,31.7,nM,CHEMBL4426523,B,"Displacement of 6-Amino-9-(2-carboxy-4-((6-(4-(4-(4-(4-(3-carboxy-6-(4-(trifluoromethyl)phenyl)-naphthalen-1-yl)phenyl)piperidin-1-yl)-butyl)-1H-1,2,3-triazol-1-yl)hexyl)carbamoyl)-phenyl)-3-iminio-5-sulfo-3H-xanthene-4-sulfonate from human P2Y14R expressed in CHO cells measured after 15 mins by flow cytometric analysis",CHEMBL4425123,Q15391,Purinergic receptor P2Y14,IC50,O=C(O)c1cc(-c2ccc(C3CCNCC3)cc2)cc(-n2cc(-c3ccc(C(F)(F)F)cc3)nn2)c1,7.498940737782249
CHEMBL4554777,CHEMBL4518,Purinergic receptor P2Y14,IC50,=,290.0,nM,CHEMBL4426523,B,"Displacement of 6-Amino-9-(2-carboxy-4-((6-(4-(4-(4-(4-(3-carboxy-6-(4-(trifluoromethyl)phenyl)-naphthalen-1-yl)phenyl)piperidin-1-yl)-butyl)-1H-1,2,3-triazol-1-yl)hexyl)carbamoyl)-phenyl)-3-iminio-5-sulfo-3H-xanthene-4-sulfonate from human P2Y14R expressed in CHO cells measured after 15 mins by flow cytometric analysis",CHEMBL4425123,Q15391,Purinergic receptor P2Y14,IC50,O=C(O)c1cc(-c2ccc(C3CCNCC3)cc2)cc(-n2cc(-c3ccc(Cl)cc3)nn2)c1,6.537602002101044
CHEMBL4465763,CHEMBL4518,Purinergic receptor P2Y14,IC50,=,115.0,nM,CHEMBL4426523,B,"Displacement of 6-Amino-9-(2-carboxy-4-((6-(4-(4-(4-(4-(3-carboxy-6-(4-(trifluoromethyl)phenyl)-naphthalen-1-yl)phenyl)piperidin-1-yl)-butyl)-1H-1,2,3-triazol-1-yl)hexyl)carbamoyl)-phenyl)-3-iminio-5-sulfo-3H-xanthene-4-sulfonate from human P2Y14R expressed in CHO cells measured after 15 mins by flow cytometric analysis",CHEMBL4425123,Q15391,Purinergic receptor P2Y14,IC50,O=C(O)c1cc(-c2ccc(C3CCNCC3)cc2)cc(-n2cc(-c3ccc(Br)cc3)nn2)c1,6.939302159646388
CHEMBL4472517,CHEMBL4518,Purinergic receptor P2Y14,IC50,=,91.0,nM,CHEMBL4426523,B,"Displacement of 6-Amino-9-(2-carboxy-4-((6-(4-(4-(4-(4-(3-carboxy-6-(4-(trifluoromethyl)phenyl)-naphthalen-1-yl)phenyl)piperidin-1-yl)-butyl)-1H-1,2,3-triazol-1-yl)hexyl)carbamoyl)-phenyl)-3-iminio-5-sulfo-3H-xanthene-4-sulfonate from human P2Y14R expressed in CHO cells measured after 15 mins by flow cytometric analysis",CHEMBL4425123,Q15391,Purinergic receptor P2Y14,IC50,O=C(O)c1cc(-c2ccc(C3CCNCC3)cc2)cc(-n2cc(-c3ccc(Br)s3)nn2)c1,7.040958607678906
CHEMBL4443391,CHEMBL4518,Purinergic receptor P2Y14,IC50,=,237.0,nM,CHEMBL4426523,B,"Displacement of 6-Amino-9-(2-carboxy-4-((6-(4-(4-(4-(4-(3-carboxy-6-(4-(trifluoromethyl)phenyl)-naphthalen-1-yl)phenyl)piperidin-1-yl)-butyl)-1H-1,2,3-triazol-1-yl)hexyl)carbamoyl)-phenyl)-3-iminio-5-sulfo-3H-xanthene-4-sulfonate from human P2Y14R expressed in CHO cells measured after 15 mins by flow cytometric analysis",CHEMBL4425123,Q15391,Purinergic receptor P2Y14,IC50,Cc1ccc(-c2cn(-c3cc(C(=O)O)cc(-c4ccc(C5CCNCC5)cc4)c3)nn2)cc1,6.625251653989896
CHEMBL4441075,CHEMBL4518,Purinergic receptor P2Y14,IC50,=,72.4,nM,CHEMBL4426523,B,"Displacement of 6-Amino-9-(2-carboxy-4-((6-(4-(4-(4-(4-(3-carboxy-6-(4-(trifluoromethyl)phenyl)-naphthalen-1-yl)phenyl)piperidin-1-yl)-butyl)-1H-1,2,3-triazol-1-yl)hexyl)carbamoyl)-phenyl)-3-iminio-5-sulfo-3H-xanthene-4-sulfonate from human P2Y14R expressed in CHO cells measured after 15 mins by flow cytometric analysis",CHEMBL4425123,Q15391,Purinergic receptor P2Y14,IC50,CCCc1ccc(-c2cn(-c3cc(C(=O)O)cc(-c4ccc(C5CCNCC5)cc4)c3)nn2)cc1,7.140261433802853
CHEMBL4558911,CHEMBL4518,Purinergic receptor P2Y14,IC50,=,481.0,nM,CHEMBL4426523,B,"Displacement of 6-Amino-9-(2-carboxy-4-((6-(4-(4-(4-(4-(3-carboxy-6-(4-(trifluoromethyl)phenyl)-naphthalen-1-yl)phenyl)piperidin-1-yl)-butyl)-1H-1,2,3-triazol-1-yl)hexyl)carbamoyl)-phenyl)-3-iminio-5-sulfo-3H-xanthene-4-sulfonate from human P2Y14R expressed in CHO cells measured after 15 mins by flow cytometric analysis",CHEMBL4425123,Q15391,Purinergic receptor P2Y14,IC50,CC(C)c1ccc(-c2cn(-c3cc(C(=O)O)cc(-c4ccc(C5CCNCC5)cc4)c3)nn2)cc1,6.317854923626168
CHEMBL4462380,CHEMBL4518,Purinergic receptor P2Y14,IC50,=,224.0,nM,CHEMBL4426523,B,"Displacement of 6-Amino-9-(2-carboxy-4-((6-(4-(4-(4-(4-(3-carboxy-6-(4-(trifluoromethyl)phenyl)-naphthalen-1-yl)phenyl)piperidin-1-yl)-butyl)-1H-1,2,3-triazol-1-yl)hexyl)carbamoyl)-phenyl)-3-iminio-5-sulfo-3H-xanthene-4-sulfonate from human P2Y14R expressed in CHO cells measured after 15 mins by flow cytometric analysis",CHEMBL4425123,Q15391,Purinergic receptor P2Y14,IC50,CC(C)(C)c1ccc(-c2cn(-c3cc(C(=O)O)cc(-c4ccc(C5CCNCC5)cc4)c3)nn2)cc1,6.649751981665837
CHEMBL4587611,CHEMBL4518,Purinergic receptor P2Y14,IC50,=,162.0,nM,CHEMBL4426523,B,"Displacement of 6-Amino-9-(2-carboxy-4-((6-(4-(4-(4-(4-(3-carboxy-6-(4-(trifluoromethyl)phenyl)-naphthalen-1-yl)phenyl)piperidin-1-yl)-butyl)-1H-1,2,3-triazol-1-yl)hexyl)carbamoyl)-phenyl)-3-iminio-5-sulfo-3H-xanthene-4-sulfonate from human P2Y14R expressed in CHO cells measured after 15 mins by flow cytometric analysis",CHEMBL4425123,Q15391,Purinergic receptor P2Y14,IC50,CCCCCOc1ccc(-c2cn(-c3cc(C(=O)O)cc(-c4ccc(C5CCNCC5)cc4)c3)nn2)cc1,6.790484985457369
CHEMBL4458050,CHEMBL4518,Purinergic receptor P2Y14,IC50,=,131.0,nM,CHEMBL4426523,B,"Displacement of 6-Amino-9-(2-carboxy-4-((6-(4-(4-(4-(4-(3-carboxy-6-(4-(trifluoromethyl)phenyl)-naphthalen-1-yl)phenyl)piperidin-1-yl)-butyl)-1H-1,2,3-triazol-1-yl)hexyl)carbamoyl)-phenyl)-3-iminio-5-sulfo-3H-xanthene-4-sulfonate from human P2Y14R expressed in CHO cells measured after 15 mins by flow cytometric analysis",CHEMBL4425123,Q15391,Purinergic receptor P2Y14,IC50,O=C(O)c1cc(-c2ccc(C3CCNCC3)cc2)cc(-n2cc(-c3ccc(OC(F)(F)F)cc3)nn2)c1,6.882728704344236
CHEMBL4568641,CHEMBL4518,Purinergic receptor P2Y14,IC50,=,228.0,nM,CHEMBL4426523,B,"Displacement of 6-Amino-9-(2-carboxy-4-((6-(4-(4-(4-(4-(3-carboxy-6-(4-(trifluoromethyl)phenyl)-naphthalen-1-yl)phenyl)piperidin-1-yl)-butyl)-1H-1,2,3-triazol-1-yl)hexyl)carbamoyl)-phenyl)-3-iminio-5-sulfo-3H-xanthene-4-sulfonate from human P2Y14R expressed in CHO cells measured after 15 mins by flow cytometric analysis",CHEMBL4425123,Q15391,Purinergic receptor P2Y14,IC50,O=C(O)c1cc(-c2ccc(C3CCNCC3)cc2)cc(-n2cc(-c3ccc(F)c(F)c3)nn2)c1,6.642065152999546
CHEMBL4212721,CHEMBL4518,Purinergic receptor P2Y14,IC50,=,169.0,nM,CHEMBL4619169,B,"Displacement of Alexafluor488 labeled 4-(4-(1-(4-(1-(6-(4-(6-amino-3-imino-4,5-disulfo-3H-xanthen-9-yl)-3-carboxybenzamido)hexyl)-1H-1,2,3-triazol-4-yl)butyl)piperidin-4-yl)phenyl)-7-(4-(trifluoromethyl)phenyl)-2-naphthoic acid from human P2Y14 expressed in CHO cells measured after 30 mins by FACScalibur flow cytometry analysis",CHEMBL4616709,Q15391,Purinergic receptor P2Y14,IC50,NCCCNC(=O)c1ccc(-c2cc(C(=O)O)cc(-n3cc(-c4ccc(C(F)(F)F)cc4)nn3)c2)s1,6.772113295386326
CHEMBL4633982,CHEMBL4518,Purinergic receptor P2Y14,IC50,=,664.0,nM,CHEMBL4619169,B,"Displacement of Alexafluor488 labeled 4-(4-(1-(4-(1-(6-(4-(6-amino-3-imino-4,5-disulfo-3H-xanthen-9-yl)-3-carboxybenzamido)hexyl)-1H-1,2,3-triazol-4-yl)butyl)piperidin-4-yl)phenyl)-7-(4-(trifluoromethyl)phenyl)-2-naphthoic acid from human P2Y14 expressed in CHO cells measured after 30 mins by FACScalibur flow cytometry analysis",CHEMBL4616709,Q15391,Purinergic receptor P2Y14,IC50,O=C(O)c1cc(-c2ccc(C3CCNCC3)cc2)cc(-c2cn(-c3ccc(C(F)(F)F)cc3)nn2)c1,6.1778319206319825
CHEMBL4454538,CHEMBL4518,Purinergic receptor P2Y14,IC50,=,31.7,nM,CHEMBL4619169,B,"Displacement of Alexafluor488 labeled 4-(4-(1-(4-(1-(6-(4-(6-amino-3-imino-4,5-disulfo-3H-xanthen-9-yl)-3-carboxybenzamido)hexyl)-1H-1,2,3-triazol-4-yl)butyl)piperidin-4-yl)phenyl)-7-(4-(trifluoromethyl)phenyl)-2-naphthoic acid from human P2Y14 expressed in CHO cells measured after 30 mins by FACScalibur flow cytometry analysis",CHEMBL4616709,Q15391,Purinergic receptor P2Y14,IC50,O=C(O)c1cc(-c2ccc(C3CCNCC3)cc2)cc(-n2cc(-c3ccc(C(F)(F)F)cc3)nn2)c1,7.498940737782249
CHEMBL4649855,CHEMBL4518,Purinergic receptor P2Y14,IC50,=,41.8,nM,CHEMBL4619169,B,"Displacement of Alexafluor488 labeled 4-(4-(1-(4-(1-(6-(4-(6-amino-3-imino-4,5-disulfo-3H-xanthen-9-yl)-3-carboxybenzamido)hexyl)-1H-1,2,3-triazol-4-yl)butyl)piperidin-4-yl)phenyl)-7-(4-(trifluoromethyl)phenyl)-2-naphthoic acid from human P2Y14 expressed in CHO cells measured after 30 mins by FACScalibur flow cytometry analysis",CHEMBL4616709,Q15391,Purinergic receptor P2Y14,IC50,CCC(=O)N1CCC(c2ccc(-c3cc(C(=O)O)cc4cc(-c5ccc(C(F)(F)F)cc5)ccc34)cc2)CC1,7.3788237182249645
CHEMBL4642592,CHEMBL4518,Purinergic receptor P2Y14,IC50,=,27.6,nM,CHEMBL4619169,B,"Displacement of Alexafluor488 labeled 4-(4-(1-(4-(1-(6-(4-(6-amino-3-imino-4,5-disulfo-3H-xanthen-9-yl)-3-carboxybenzamido)hexyl)-1H-1,2,3-triazol-4-yl)butyl)piperidin-4-yl)phenyl)-7-(4-(trifluoromethyl)phenyl)-2-naphthoic acid from human P2Y14 expressed in CHO cells measured after 30 mins by FACScalibur flow cytometry analysis",CHEMBL4616709,Q15391,Purinergic receptor P2Y14,IC50,CC(=O)N1CCC(c2ccc(-c3cc(C(=O)O)cc4cc(-c5ccc(C(F)(F)F)cc5)ccc34)cc2)CC1,7.559090917934782
CHEMBL4212441,CHEMBL4518,Purinergic receptor P2Y14,IC50,=,76.3,nM,CHEMBL4619169,B,"Displacement of Alexafluor488 labeled 4-(4-(1-(4-(1-(6-(4-(6-amino-3-imino-4,5-disulfo-3H-xanthen-9-yl)-3-carboxybenzamido)hexyl)-1H-1,2,3-triazol-4-yl)butyl)piperidin-4-yl)phenyl)-7-(4-(trifluoromethyl)phenyl)-2-naphthoic acid from human P2Y14 expressed in CHO cells measured after 30 mins by FACScalibur flow cytometry analysis",CHEMBL4616709,Q15391,Purinergic receptor P2Y14,IC50,C#CCCCCN1CCC(c2ccc(-c3cc(C(=O)O)cc4cc(-c5ccc(C(F)(F)F)cc5)ccc34)cc2)CC1,7.117475462045119
CHEMBL4205190,CHEMBL4518,Purinergic receptor P2Y14,IC50,=,3200.0,nM,CHEMBL4619169,B,"Displacement of Alexafluor488 labeled 4-(4-(1-(4-(1-(6-(4-(6-amino-3-imino-4,5-disulfo-3H-xanthen-9-yl)-3-carboxybenzamido)hexyl)-1H-1,2,3-triazol-4-yl)butyl)piperidin-4-yl)phenyl)-7-(4-(trifluoromethyl)phenyl)-2-naphthoic acid from human P2Y14 expressed in CHO cells measured after 30 mins by FACScalibur flow cytometry analysis",CHEMBL4616709,Q15391,Purinergic receptor P2Y14,IC50,O=C(O)c1cc(O)c2ccc(-c3ccc(C(F)(F)F)cc3)cc2c1,5.494850021680094
CHEMBL1800685,CHEMBL4518,Purinergic receptor P2Y14,IC50,=,6.0,nM,CHEMBL4619169,B,"Displacement of Alexafluor488 labeled 4-(4-(1-(4-(1-(6-(4-(6-amino-3-imino-4,5-disulfo-3H-xanthen-9-yl)-3-carboxybenzamido)hexyl)-1H-1,2,3-triazol-4-yl)butyl)piperidin-4-yl)phenyl)-7-(4-(trifluoromethyl)phenyl)-2-naphthoic acid from human P2Y14 expressed in CHO cells measured after 30 mins by FACScalibur flow cytometry analysis",CHEMBL4616709,Q15391,Purinergic receptor P2Y14,IC50,O=C(O)c1cc(-c2ccc(C3CCNCC3)cc2)c2ccc(-c3ccc(C(F)(F)F)cc3)cc2c1,8.221848749616356
CHEMBL4645854,CHEMBL4518,Purinergic receptor P2Y14,IC50,=,133.0,nM,CHEMBL4622293,B,Inhibition of MRS4174 binding to human P2Y14R expressed in CHO cells pre-incubated for 30 mins before MRS4174 addition and further incubated for 30 mins at pH 7.4 by flow cytomtery based competitive fluorescence assay,CHEMBL4619807,Q15391,Purinergic receptor P2Y14,IC50,CCCN1CCC(c2ccc(-c3cc(C(=O)O)cc4cc(-c5ccc(C(F)(F)F)cc5)ccc34)cc2)CC1,6.876148359032914
CHEMBL4638909,CHEMBL4518,Purinergic receptor P2Y14,IC50,=,139.0,nM,CHEMBL4622293,B,Inhibition of MRS4174 binding to human P2Y14R expressed in CHO cells pre-incubated for 30 mins before MRS4174 addition and further incubated for 30 mins at pH 7.4 by flow cytomtery based competitive fluorescence assay,CHEMBL4619807,Q15391,Purinergic receptor P2Y14,IC50,C#CCN1CCC(c2ccc(-c3cc(C(=O)O)cc4cc(-c5ccc(C(F)(F)F)cc5)ccc34)cc2)CC1,6.856985199745905
CHEMBL4212441,CHEMBL4518,Purinergic receptor P2Y14,IC50,=,76.3,nM,CHEMBL4622293,B,Inhibition of MRS4174 binding to human P2Y14R expressed in CHO cells pre-incubated for 30 mins before MRS4174 addition and further incubated for 30 mins at pH 7.4 by flow cytomtery based competitive fluorescence assay,CHEMBL4619807,Q15391,Purinergic receptor P2Y14,IC50,C#CCCCCN1CCC(c2ccc(-c3cc(C(=O)O)cc4cc(-c5ccc(C(F)(F)F)cc5)ccc34)cc2)CC1,7.117475462045119
CHEMBL4649700,CHEMBL4518,Purinergic receptor P2Y14,IC50,=,195.0,nM,CHEMBL4622293,B,Inhibition of MRS4174 binding to human P2Y14R expressed in CHO cells pre-incubated for 30 mins before MRS4174 addition and further incubated for 30 mins at pH 7.4 by flow cytomtery based competitive fluorescence assay,CHEMBL4619807,Q15391,Purinergic receptor P2Y14,IC50,CN1CCC(c2ccc(-c3cc(C(=O)O)cc4cc(-c5ccc(C(F)(F)F)cc5)ccc34)cc2)CC1,6.709965388637482
CHEMBL4644135,CHEMBL4518,Purinergic receptor P2Y14,IC50,=,18.0,nM,CHEMBL4622293,B,Inhibition of MRS4174 binding to human P2Y14R expressed in CHO cells pre-incubated for 30 mins before MRS4174 addition and further incubated for 30 mins at pH 7.4 by flow cytomtery based competitive fluorescence assay,CHEMBL4619807,Q15391,Purinergic receptor P2Y14,IC50,O=C(O)c1cc(-c2ccc(C3=CCNCC3)cc2)c2ccc(-c3ccc(C(F)(F)F)cc3)cc2c1,7.7447274948966935
CHEMBL4645987,CHEMBL4518,Purinergic receptor P2Y14,IC50,=,233.0,nM,CHEMBL4622293,B,Inhibition of MRS4174 binding to human P2Y14R expressed in CHO cells pre-incubated for 30 mins before MRS4174 addition and further incubated for 30 mins at pH 7.4 by flow cytomtery based competitive fluorescence assay,CHEMBL4619807,Q15391,Purinergic receptor P2Y14,IC50,O=C(O)c1cc(-c2ccc(N3CCNCC3)cc2)cc(-n2cc(-c3ccc(C(F)(F)F)cc3)nn2)c1,6.632644078973981
CHEMBL4639693,CHEMBL4518,Purinergic receptor P2Y14,IC50,=,11100.0,nM,CHEMBL4622293,B,Inhibition of MRS4174 binding to human P2Y14R expressed in CHO cells pre-incubated for 30 mins before MRS4174 addition and further incubated for 30 mins at pH 7.4 by flow cytomtery based competitive fluorescence assay,CHEMBL4619807,Q15391,Purinergic receptor P2Y14,IC50,O=C(O)c1[nH]c(-c2ccc(C3CCNCC3)cc2)cc1-c1cn(-c2ccc(C(F)(F)F)cc2)nn1,4.954677021213342
CHEMBL4644647,CHEMBL4518,Purinergic receptor P2Y14,IC50,=,24400.0,nM,CHEMBL4622293,B,Inhibition of MRS4174 binding to human P2Y14R expressed in CHO cells pre-incubated for 30 mins before MRS4174 addition and further incubated for 30 mins at pH 7.4 by flow cytomtery based competitive fluorescence assay,CHEMBL4619807,Q15391,Purinergic receptor P2Y14,IC50,NC(=O)c1ccc(-c2cc(C(=O)O)cc(C(=O)Nc3nc4cc(C(F)(F)F)ccc4[nH]3)c2)cc1,4.61261017366127
CHEMBL4648409,CHEMBL4518,Purinergic receptor P2Y14,IC50,=,2030.0,nM,CHEMBL4622293,B,Inhibition of MRS4174 binding to human P2Y14R expressed in CHO cells pre-incubated for 30 mins before MRS4174 addition and further incubated for 30 mins at pH 7.4 by flow cytomtery based competitive fluorescence assay,CHEMBL4619807,Q15391,Purinergic receptor P2Y14,IC50,NC(=O)c1ccc(-c2cc(C(=O)O)cc(C(=O)Nc3cc4ccc(C(F)(F)F)cc4[nH]3)c2)cc1,5.692503962086787
CHEMBL4635846,CHEMBL4518,Purinergic receptor P2Y14,IC50,=,2440.0,nM,CHEMBL4622293,B,Inhibition of MRS4174 binding to human P2Y14R expressed in CHO cells pre-incubated for 30 mins before MRS4174 addition and further incubated for 30 mins at pH 7.4 by flow cytomtery based competitive fluorescence assay,CHEMBL4619807,Q15391,Purinergic receptor P2Y14,IC50,NC(=O)c1ccc(-c2cc(C(=O)O)cc(C(=O)Nc3cc4cc(C(F)(F)F)ccc4[nH]3)c2)cc1,5.61261017366127
CHEMBL4642765,CHEMBL4518,Purinergic receptor P2Y14,IC50,=,6040.0,nM,CHEMBL4622293,B,Inhibition of MRS4174 binding to human P2Y14R expressed in CHO cells pre-incubated for 30 mins before MRS4174 addition and further incubated for 30 mins at pH 7.4 by flow cytomtery based competitive fluorescence assay,CHEMBL4619807,Q15391,Purinergic receptor P2Y14,IC50,NC(=O)c1ccc(-c2cc(C(=O)O)cc(C(=O)Nc3ccc(C(F)(F)F)cc3)c2)cc1,5.218963061378869
CHEMBL4635586,CHEMBL4518,Purinergic receptor P2Y14,IC50,=,3050.0,nM,CHEMBL4622293,B,Inhibition of MRS4174 binding to human P2Y14R expressed in CHO cells pre-incubated for 30 mins before MRS4174 addition and further incubated for 30 mins at pH 7.4 by flow cytomtery based competitive fluorescence assay,CHEMBL4619807,Q15391,Purinergic receptor P2Y14,IC50,NC(=O)c1ccc(-c2cc(NC(=O)c3ccc(C(F)(F)F)cc3)cc(C(=O)O)c2)cc1,5.515700160653214
CHEMBL4647020,CHEMBL4518,Purinergic receptor P2Y14,IC50,=,2600.0,nM,CHEMBL4622293,B,Inhibition of MRS4174 binding to human P2Y14R expressed in CHO cells pre-incubated for 30 mins before MRS4174 addition and further incubated for 30 mins at pH 7.4 by flow cytomtery based competitive fluorescence assay,CHEMBL4619807,Q15391,Purinergic receptor P2Y14,IC50,NCCCNC(=O)c1ccc(-c2cc(C(=O)O)cc(-c3cn(-c4ccc(C(F)(F)F)cc4)nn3)c2)cc1,5.585026652029182
CHEMBL4642215,CHEMBL4518,Purinergic receptor P2Y14,IC50,=,1680.0,nM,CHEMBL4622293,B,Inhibition of MRS4174 binding to human P2Y14R expressed in CHO cells pre-incubated for 30 mins before MRS4174 addition and further incubated for 30 mins at pH 7.4 by flow cytomtery based competitive fluorescence assay,CHEMBL4619807,Q15391,Purinergic receptor P2Y14,IC50,NC(=O)c1ccc(-c2cc(C(=O)O)cc(-c3cn(-c4ccc(C(F)(F)F)cc4)nn3)c2)cc1,5.774690718274137
CHEMBL4640370,CHEMBL4518,Purinergic receptor P2Y14,IC50,=,38.3,nM,CHEMBL4622293,B,Inhibition of MRS4174 binding to human P2Y14R expressed in CHO cells pre-incubated for 30 mins before MRS4174 addition and further incubated for 30 mins at pH 7.4 by flow cytomtery based competitive fluorescence assay,CHEMBL4619807,Q15391,Purinergic receptor P2Y14,IC50,C[N+]12CCC(c3ccc(-c4cc(C(=O)O)cc5cc(-c6ccc(C(F)(F)F)cc6)ccc45)cc3)(CC1)CC2,7.416801226031377
CHEMBL4647874,CHEMBL4518,Purinergic receptor P2Y14,IC50,=,639.0,nM,CHEMBL4622293,B,Inhibition of MRS4174 binding to human P2Y14R expressed in CHO cells pre-incubated for 30 mins before MRS4174 addition and further incubated for 30 mins at pH 7.4 by flow cytomtery based competitive fluorescence assay,CHEMBL4619807,Q15391,Purinergic receptor P2Y14,IC50,O=C(O)c1cc(-c2ccc(C34CCNCC3C4(F)F)cc2)cc(-n2cc(-c3ccc(C(F)(F)F)cc3)nn2)c1,6.1944991418416
CHEMBL4637158,CHEMBL4518,Purinergic receptor P2Y14,IC50,=,359.0,nM,CHEMBL4622293,B,Inhibition of MRS4174 binding to human P2Y14R expressed in CHO cells pre-incubated for 30 mins before MRS4174 addition and further incubated for 30 mins at pH 7.4 by flow cytomtery based competitive fluorescence assay,CHEMBL4619807,Q15391,Purinergic receptor P2Y14,IC50,O=C(O)c1cc(-c2ccc(C34CCNCC3C4)cc2)cc(-n2cc(-c3ccc(C(F)(F)F)cc3)nn2)c1,6.44490555142168
CHEMBL4646514,CHEMBL4518,Purinergic receptor P2Y14,IC50,=,105.0,nM,CHEMBL4622293,B,Inhibition of MRS4174 binding to human P2Y14R expressed in CHO cells pre-incubated for 30 mins before MRS4174 addition and further incubated for 30 mins at pH 7.4 by flow cytomtery based competitive fluorescence assay,CHEMBL4619807,Q15391,Purinergic receptor P2Y14,IC50,O=C(O)c1cc(-c2ccc(C34CCN(CC3)CC4)cc2)cc(-n2cc(-c3ccc(C(F)(F)F)cc3)nn2)c1,6.978810700930062
CHEMBL4645216,CHEMBL4518,Purinergic receptor P2Y14,IC50,=,20.0,nM,CHEMBL4622293,B,Inhibition of MRS4174 binding to human P2Y14R expressed in CHO cells pre-incubated for 30 mins before MRS4174 addition and further incubated for 30 mins at pH 7.4 by flow cytomtery based competitive fluorescence assay,CHEMBL4619807,Q15391,Purinergic receptor P2Y14,IC50,O=C(O)c1cc(-c2ccc(C34CCN(CC3)CC4)cc2)c2ccc(-c3ccc(C(F)(F)F)cc3)cc2c1,7.698970004336019
CHEMBL4639356,CHEMBL4518,Purinergic receptor P2Y14,IC50,=,42100.0,nM,CHEMBL4622293,B,Inhibition of MRS4174 binding to human P2Y14R expressed in CHO cells pre-incubated for 30 mins before MRS4174 addition and further incubated for 30 mins at pH 7.4 by flow cytomtery based competitive fluorescence assay,CHEMBL4619807,Q15391,Purinergic receptor P2Y14,IC50,N#Cc1cc(-c2ccc(C3CCNCC3)cc2)cc(-n2cc(-c3ccc(C(F)(F)F)cc3)nn2)c1,4.375717904164332
CHEMBL4647092,CHEMBL4518,Purinergic receptor P2Y14,IC50,=,2830.0,nM,CHEMBL4622293,B,Inhibition of MRS4174 binding to human P2Y14R expressed in CHO cells pre-incubated for 30 mins before MRS4174 addition and further incubated for 30 mins at pH 7.4 by flow cytomtery based competitive fluorescence assay,CHEMBL4619807,Q15391,Purinergic receptor P2Y14,IC50,CC(C)(C)OC(=O)NCCOCCOCCOCCOCCOCCOCCOCCC(=O)N1CCC(c2ccc(-c3cc(C(=O)O)cc4cc(-c5ccc(C(F)(F)F)cc5)ccc34)cc2)CC1,5.548213564475709
CHEMBL4633795,CHEMBL4518,Purinergic receptor P2Y14,IC50,=,979.0,nM,CHEMBL4622293,B,Inhibition of MRS4174 binding to human P2Y14R expressed in CHO cells pre-incubated for 30 mins before MRS4174 addition and further incubated for 30 mins at pH 7.4 by flow cytomtery based competitive fluorescence assay,CHEMBL4619807,Q15391,Purinergic receptor P2Y14,IC50,CC(=O)NCCOCCOCCOCCOCCOCCOCCOCCC(=O)N1CCC(c2ccc(-c3cc(C(=O)O)cc4cc(-c5ccc(C(F)(F)F)cc5)ccc34)cc2)CC1,6.009217308196862
CHEMBL4649194,CHEMBL4518,Purinergic receptor P2Y14,IC50,=,963.0,nM,CHEMBL4622293,B,Inhibition of MRS4174 binding to human P2Y14R expressed in CHO cells pre-incubated for 30 mins before MRS4174 addition and further incubated for 30 mins at pH 7.4 by flow cytomtery based competitive fluorescence assay,CHEMBL4619807,Q15391,Purinergic receptor P2Y14,IC50,NCCOCCOCCOCCOCCOCCOCCOCCC(=O)N1CCC(c2ccc(-c3cc(C(=O)O)cc4cc(-c5ccc(C(F)(F)F)cc5)ccc34)cc2)CC1,6.016373712875465
CHEMBL4649076,CHEMBL4518,Purinergic receptor P2Y14,IC50,=,1410.0,nM,CHEMBL4622293,B,Inhibition of MRS4174 binding to human P2Y14R expressed in CHO cells pre-incubated for 30 mins before MRS4174 addition and further incubated for 30 mins at pH 7.4 by flow cytomtery based competitive fluorescence assay,CHEMBL4619807,Q15391,Purinergic receptor P2Y14,IC50,COCCOCCOCCOCCOCCOCCOCCC(=O)N1CCC(c2ccc(-c3cc(C(=O)O)cc4cc(-c5ccc(C(F)(F)F)cc5)ccc34)cc2)CC1,5.85078088734462
CHEMBL4641243,CHEMBL4518,Purinergic receptor P2Y14,IC50,=,2440.0,nM,CHEMBL4622293,B,Inhibition of MRS4174 binding to human P2Y14R expressed in CHO cells pre-incubated for 30 mins before MRS4174 addition and further incubated for 30 mins at pH 7.4 by flow cytomtery based competitive fluorescence assay,CHEMBL4619807,Q15391,Purinergic receptor P2Y14,IC50,CC(C)(C)OC(=O)N1CCC(c2ccc(-c3cc(C(=O)O)cc4cc(-c5ccc(C(F)(F)F)cc5)ccc34)cc2)CC1,5.61261017366127
CHEMBL4647290,CHEMBL4518,Purinergic receptor P2Y14,IC50,=,131.0,nM,CHEMBL4622293,B,Inhibition of MRS4174 binding to human P2Y14R expressed in CHO cells pre-incubated for 30 mins before MRS4174 addition and further incubated for 30 mins at pH 7.4 by flow cytomtery based competitive fluorescence assay,CHEMBL4619807,Q15391,Purinergic receptor P2Y14,IC50,CCCCCCN1CCC(c2ccc(-c3cc(C(=O)O)cc4cc(-c5ccc(C(F)(F)F)cc5)ccc34)cc2)CC1,6.882728704344236
CHEMBL1800685,CHEMBL4518,Purinergic receptor P2Y14,IC50,=,9.75,nM,CHEMBL4622345,B,Inhibition of MRS4174 binding to human P2Y14R expressed in CHO cells pre-incubated for 30 mins before MRS4174 addition and further incubated for 30 mins at pH 7 by flow cytomtery based competitive fluorescence assay,CHEMBL4619807,Q15391,Purinergic receptor P2Y14,IC50,O=C(O)c1cc(-c2ccc(C3CCNCC3)cc2)c2ccc(-c3ccc(C(F)(F)F)cc3)cc2c1,8.010995384301463
CHEMBL4645216,CHEMBL4518,Purinergic receptor P2Y14,IC50,=,38.1,nM,CHEMBL4622345,B,Inhibition of MRS4174 binding to human P2Y14R expressed in CHO cells pre-incubated for 30 mins before MRS4174 addition and further incubated for 30 mins at pH 7 by flow cytomtery based competitive fluorescence assay,CHEMBL4619807,Q15391,Purinergic receptor P2Y14,IC50,O=C(O)c1cc(-c2ccc(C34CCN(CC3)CC4)cc2)c2ccc(-c3ccc(C(F)(F)F)cc3)cc2c1,7.41907502432438
CHEMBL1800685,CHEMBL4518,Purinergic receptor P2Y14,IC50,=,14.5,nM,CHEMBL4622346,B,Inhibition of MRS4174 binding to human P2Y14R expressed in CHO cells pre-incubated for 30 mins before MRS4174 addition and further incubated for 30 mins at pH 6.5 by flow cytomtery based competitive fluorescence assay,CHEMBL4619807,Q15391,Purinergic receptor P2Y14,IC50,O=C(O)c1cc(-c2ccc(C3CCNCC3)cc2)c2ccc(-c3ccc(C(F)(F)F)cc3)cc2c1,7.838631997765026
CHEMBL4645216,CHEMBL4518,Purinergic receptor P2Y14,IC50,=,57.0,nM,CHEMBL4622346,B,Inhibition of MRS4174 binding to human P2Y14R expressed in CHO cells pre-incubated for 30 mins before MRS4174 addition and further incubated for 30 mins at pH 6.5 by flow cytomtery based competitive fluorescence assay,CHEMBL4619807,Q15391,Purinergic receptor P2Y14,IC50,O=C(O)c1cc(-c2ccc(C34CCN(CC3)CC4)cc2)c2ccc(-c3ccc(C(F)(F)F)cc3)cc2c1,7.2441251443275085
CHEMBL1800685,CHEMBL4518,Purinergic receptor P2Y14,IC50,=,19.0,nM,CHEMBL4622347,B,Inhibition of MRS4174 binding to human P2Y14R expressed in CHO cells pre-incubated for 30 mins before MRS4174 addition and further incubated for 30 mins at pH 6 by flow cytomtery based competitive fluorescence assay,CHEMBL4619807,Q15391,Purinergic receptor P2Y14,IC50,O=C(O)c1cc(-c2ccc(C3CCNCC3)cc2)c2ccc(-c3ccc(C(F)(F)F)cc3)cc2c1,7.721246399047171
CHEMBL4645216,CHEMBL4518,Purinergic receptor P2Y14,IC50,=,84.5,nM,CHEMBL4622347,B,Inhibition of MRS4174 binding to human P2Y14R expressed in CHO cells pre-incubated for 30 mins before MRS4174 addition and further incubated for 30 mins at pH 6 by flow cytomtery based competitive fluorescence assay,CHEMBL4619807,Q15391,Purinergic receptor P2Y14,IC50,O=C(O)c1cc(-c2ccc(C34CCN(CC3)CC4)cc2)c2ccc(-c3ccc(C(F)(F)F)cc3)cc2c1,7.073143291050307
CHEMBL4848380,CHEMBL4518,Purinergic receptor P2Y14,IC50,=,36.6,nM,CHEMBL4808686,B,Inhibition of fluorescent antagonist binding to human P2Y14 receptor expressed in CHO cells preincubated with compound for 30 mins followed by fluorescent antagonist addition and measured after 30 mins by flow cytometry analysis,CHEMBL4808172,Q15391,Purinergic receptor P2Y14,IC50,O=CN1CCC(c2ccc(-c3cc(C(=O)O)cc4cc(-c5ccc(C(F)(F)F)cc5)ccc34)cc2)CC1,7.436518914605589
CHEMBL4871298,CHEMBL4518,Purinergic receptor P2Y14,IC50,=,240.0,nM,CHEMBL4808686,B,Inhibition of fluorescent antagonist binding to human P2Y14 receptor expressed in CHO cells preincubated with compound for 30 mins followed by fluorescent antagonist addition and measured after 30 mins by flow cytometry analysis,CHEMBL4808172,Q15391,Purinergic receptor P2Y14,IC50,O=C(O)c1cc(-c2ccc(C3CCN(C(=O)C(F)(F)F)CC3)cc2)c2ccc(-c3ccc(C(F)(F)F)cc3)cc2c1,6.619788758288394
CHEMBL4879099,CHEMBL4518,Purinergic receptor P2Y14,IC50,=,60500.0,nM,CHEMBL4808686,B,Inhibition of fluorescent antagonist binding to human P2Y14 receptor expressed in CHO cells preincubated with compound for 30 mins followed by fluorescent antagonist addition and measured after 30 mins by flow cytometry analysis,CHEMBL4808172,Q15391,Purinergic receptor P2Y14,IC50,O=P(O)(O)OCc1cc(-c2ccc(C3CCNCC3)cc2)cc(-n2cc(-c3ccc(C(F)(F)F)cc3)nn2)c1,4.218244625347531
CHEMBL4877496,CHEMBL4518,Purinergic receptor P2Y14,IC50,=,1480.0,nM,CHEMBL4808686,B,Inhibition of fluorescent antagonist binding to human P2Y14 receptor expressed in CHO cells preincubated with compound for 30 mins followed by fluorescent antagonist addition and measured after 30 mins by flow cytometry analysis,CHEMBL4808172,Q15391,Purinergic receptor P2Y14,IC50,Nc1ccc(-c2cc(C(=O)O)cc(-n3cc(-c4ccc(C(F)(F)F)cc4)nn3)c2)cc1,5.8297382846050425
CHEMBL4853085,CHEMBL4518,Purinergic receptor P2Y14,IC50,=,811.0,nM,CHEMBL4808686,B,Inhibition of fluorescent antagonist binding to human P2Y14 receptor expressed in CHO cells preincubated with compound for 30 mins followed by fluorescent antagonist addition and measured after 30 mins by flow cytometry analysis,CHEMBL4808172,Q15391,Purinergic receptor P2Y14,IC50,CC(=O)Nc1ccc(-c2cc(C(=O)O)cc(-n3cc(-c4ccc(C(F)(F)F)cc4)nn3)c2)cc1,6.090979145788844
CHEMBL4851241,CHEMBL4518,Purinergic receptor P2Y14,IC50,=,1860.0,nM,CHEMBL4808686,B,Inhibition of fluorescent antagonist binding to human P2Y14 receptor expressed in CHO cells preincubated with compound for 30 mins followed by fluorescent antagonist addition and measured after 30 mins by flow cytometry analysis,CHEMBL4808172,Q15391,Purinergic receptor P2Y14,IC50,O=C(O)c1cc(-c2ccc(NC(=O)c3ccccc3)cc2)cc(-n2cc(-c3ccc(C(F)(F)F)cc3)nn2)c1,5.730487055782084
CHEMBL4863984,CHEMBL4518,Purinergic receptor P2Y14,IC50,=,3160.0,nM,CHEMBL4808686,B,Inhibition of fluorescent antagonist binding to human P2Y14 receptor expressed in CHO cells preincubated with compound for 30 mins followed by fluorescent antagonist addition and measured after 30 mins by flow cytometry analysis,CHEMBL4808172,Q15391,Purinergic receptor P2Y14,IC50,CC(C)(C)OC(=O)Nc1ccc(-c2cc(C(=O)O)cc(-n3cc(-c4ccc(C(F)(F)F)cc4)nn3)c2)cc1,5.500312917381596
CHEMBL4872692,CHEMBL4518,Purinergic receptor P2Y14,IC50,=,197.0,nM,CHEMBL4808686,B,Inhibition of fluorescent antagonist binding to human P2Y14 receptor expressed in CHO cells preincubated with compound for 30 mins followed by fluorescent antagonist addition and measured after 30 mins by flow cytometry analysis,CHEMBL4808172,Q15391,Purinergic receptor P2Y14,IC50,O=C(O)c1cc(-c2ccc(NC(=O)C3CCNCC3)cc2)cc(-n2cc(-c3ccc(C(F)(F)F)cc3)nn2)c1,6.7055337738384075
CHEMBL4857504,CHEMBL4518,Purinergic receptor P2Y14,IC50,=,22500.0,nM,CHEMBL4808686,B,Inhibition of fluorescent antagonist binding to human P2Y14 receptor expressed in CHO cells preincubated with compound for 30 mins followed by fluorescent antagonist addition and measured after 30 mins by flow cytometry analysis,CHEMBL4808172,Q15391,Purinergic receptor P2Y14,IC50,CC(C)(C)OC(=O)N1CCC(C(=O)Nc2ccc(-c3cc(C(=O)O)cc(-n4cc(-c5ccc(C(F)(F)F)cc5)nn4)c3)cc2)CC1,4.647817481888637
CHEMBL4872737,CHEMBL4518,Purinergic receptor P2Y14,IC50,=,632.0,nM,CHEMBL4808686,B,Inhibition of fluorescent antagonist binding to human P2Y14 receptor expressed in CHO cells preincubated with compound for 30 mins followed by fluorescent antagonist addition and measured after 30 mins by flow cytometry analysis,CHEMBL4808172,Q15391,Purinergic receptor P2Y14,IC50,O=C(O)c1ccc(-c2cc(C(=O)O)cc(-n3cc(-c4ccc(C(F)(F)F)cc4)nn3)c2)cc1,6.199282921717614
CHEMBL4869802,CHEMBL4518,Purinergic receptor P2Y14,IC50,=,588.0,nM,CHEMBL4808686,B,Inhibition of fluorescent antagonist binding to human P2Y14 receptor expressed in CHO cells preincubated with compound for 30 mins followed by fluorescent antagonist addition and measured after 30 mins by flow cytometry analysis,CHEMBL4808172,Q15391,Purinergic receptor P2Y14,IC50,NCCCNC(=O)c1ccc(-c2cc(C(=O)O)cc(-n3cc(-c4ccc(C(F)(F)F)cc4)nn3)c2)cc1,6.230622673923861
CHEMBL4854060,CHEMBL4518,Purinergic receptor P2Y14,IC50,=,1290.0,nM,CHEMBL4808686,B,Inhibition of fluorescent antagonist binding to human P2Y14 receptor expressed in CHO cells preincubated with compound for 30 mins followed by fluorescent antagonist addition and measured after 30 mins by flow cytometry analysis,CHEMBL4808172,Q15391,Purinergic receptor P2Y14,IC50,NC(=O)Cc1ccc(-c2cc(C(=O)O)cc(-n3cc(-c4ccc(C(F)(F)F)cc4)nn3)c2)cc1,5.889410289700751
CHEMBL4877577,CHEMBL4518,Purinergic receptor P2Y14,IC50,=,17800.0,nM,CHEMBL4808686,B,Inhibition of fluorescent antagonist binding to human P2Y14 receptor expressed in CHO cells preincubated with compound for 30 mins followed by fluorescent antagonist addition and measured after 30 mins by flow cytometry analysis,CHEMBL4808172,Q15391,Purinergic receptor P2Y14,IC50,N#CCCc1ccc(-c2cc(C(=O)O)cc(-n3cc(-c4ccc(C(F)(F)F)cc4)nn3)c2)cc1,4.749579997691106
CHEMBL4868306,CHEMBL4518,Purinergic receptor P2Y14,IC50,=,292.0,nM,CHEMBL4808686,B,Inhibition of fluorescent antagonist binding to human P2Y14 receptor expressed in CHO cells preincubated with compound for 30 mins followed by fluorescent antagonist addition and measured after 30 mins by flow cytometry analysis,CHEMBL4808172,Q15391,Purinergic receptor P2Y14,IC50,NCCCc1ccc(-c2cc(C(=O)O)cc(-n3cc(-c4ccc(C(F)(F)F)cc4)nn3)c2)cc1,6.534617148551582
CHEMBL4866107,CHEMBL4518,Purinergic receptor P2Y14,IC50,=,308.0,nM,CHEMBL4808686,B,Inhibition of fluorescent antagonist binding to human P2Y14 receptor expressed in CHO cells preincubated with compound for 30 mins followed by fluorescent antagonist addition and measured after 30 mins by flow cytometry analysis,CHEMBL4808172,Q15391,Purinergic receptor P2Y14,IC50,NCC#Cc1ccc(-c2cc(C(=O)O)cc(-n3cc(-c4ccc(C(F)(F)F)cc4)nn3)c2)cc1,6.511449283499555
CHEMBL4869611,CHEMBL4518,Purinergic receptor P2Y14,IC50,=,42500.0,nM,CHEMBL4808686,B,Inhibition of fluorescent antagonist binding to human P2Y14 receptor expressed in CHO cells preincubated with compound for 30 mins followed by fluorescent antagonist addition and measured after 30 mins by flow cytometry analysis,CHEMBL4808172,Q15391,Purinergic receptor P2Y14,IC50,CC(C)(C)OC(=O)NCCCc1ccc(-c2cc(C(=O)O)cc(-n3cc(-c4ccc(C(F)(F)F)cc4)nn3)c2)cc1,4.371611069949688
CHEMBL4877136,CHEMBL4518,Purinergic receptor P2Y14,IC50,=,9220.0,nM,CHEMBL4808686,B,Inhibition of fluorescent antagonist binding to human P2Y14 receptor expressed in CHO cells preincubated with compound for 30 mins followed by fluorescent antagonist addition and measured after 30 mins by flow cytometry analysis,CHEMBL4808172,Q15391,Purinergic receptor P2Y14,IC50,O=C(O)c1cc(-c2ccc(CCCCO)cc2)cc(-n2cc(-c3ccc(C(F)(F)F)cc3)nn2)c1,5.035269078946371
CHEMBL4859398,CHEMBL4518,Purinergic receptor P2Y14,IC50,=,14100.0,nM,CHEMBL4808686,B,Inhibition of fluorescent antagonist binding to human P2Y14 receptor expressed in CHO cells preincubated with compound for 30 mins followed by fluorescent antagonist addition and measured after 30 mins by flow cytometry analysis,CHEMBL4808172,Q15391,Purinergic receptor P2Y14,IC50,NC1(c2ccc(-c3cc(C(=O)O)cc(-n4cc(-c5ccc(C(F)(F)F)cc5)nn4)c3)cc2)CC1,4.85078088734462
CHEMBL4852625,CHEMBL4518,Purinergic receptor P2Y14,IC50,=,8910.0,nM,CHEMBL4808686,B,Inhibition of fluorescent antagonist binding to human P2Y14 receptor expressed in CHO cells preincubated with compound for 30 mins followed by fluorescent antagonist addition and measured after 30 mins by flow cytometry analysis,CHEMBL4808172,Q15391,Purinergic receptor P2Y14,IC50,NCC1(c2ccc(-c3cc(C(=O)O)cc(-n4cc(-c5ccc(C(F)(F)F)cc5)nn4)c3)cc2)CC1,5.050122295963125
CHEMBL4855087,CHEMBL4518,Purinergic receptor P2Y14,IC50,=,18800.0,nM,CHEMBL4808686,B,Inhibition of fluorescent antagonist binding to human P2Y14 receptor expressed in CHO cells preincubated with compound for 30 mins followed by fluorescent antagonist addition and measured after 30 mins by flow cytometry analysis,CHEMBL4808172,Q15391,Purinergic receptor P2Y14,IC50,CC(C)(C)OC(=O)NCC1(c2ccc(-c3cc(C(=O)O)cc(-n4cc(-c5ccc(C(F)(F)F)cc5)nn4)c3)cc2)CC1,4.72584215073632
CHEMBL4857222,CHEMBL4518,Purinergic receptor P2Y14,IC50,=,2000.0,nM,CHEMBL4808686,B,Inhibition of fluorescent antagonist binding to human P2Y14 receptor expressed in CHO cells preincubated with compound for 30 mins followed by fluorescent antagonist addition and measured after 30 mins by flow cytometry analysis,CHEMBL4808172,Q15391,Purinergic receptor P2Y14,IC50,NC1(c2ccc(-c3cc(C(=O)O)cc(-n4cc(-c5ccc(C(F)(F)F)cc5)nn4)c3)cc2)CCC1,5.698970004336019
CHEMBL4868552,CHEMBL4518,Purinergic receptor P2Y14,IC50,=,2860.0,nM,CHEMBL4808686,B,Inhibition of fluorescent antagonist binding to human P2Y14 receptor expressed in CHO cells preincubated with compound for 30 mins followed by fluorescent antagonist addition and measured after 30 mins by flow cytometry analysis,CHEMBL4808172,Q15391,Purinergic receptor P2Y14,IC50,O=C(O)c1cc(-c2ccc(C3(CO)COC3)cc2)cc(-n2cc(-c3ccc(C(F)(F)F)cc3)nn2)c1,5.543633966870956
CHEMBL4876369,CHEMBL4518,Purinergic receptor P2Y14,IC50,=,2230.0,nM,CHEMBL4808686,B,Inhibition of fluorescent antagonist binding to human P2Y14 receptor expressed in CHO cells preincubated with compound for 30 mins followed by fluorescent antagonist addition and measured after 30 mins by flow cytometry analysis,CHEMBL4808172,Q15391,Purinergic receptor P2Y14,IC50,O=C(O)c1cc(-c2ccc(-c3ccon3)cc2)cc(-n2cc(-c3ccc(C(F)(F)F)cc3)nn2)c1,5.651695136951839
CHEMBL4853466,CHEMBL4518,Purinergic receptor P2Y14,IC50,=,296.0,nM,CHEMBL4808686,B,Inhibition of fluorescent antagonist binding to human P2Y14 receptor expressed in CHO cells preincubated with compound for 30 mins followed by fluorescent antagonist addition and measured after 30 mins by flow cytometry analysis,CHEMBL4808172,Q15391,Purinergic receptor P2Y14,IC50,O=C(O)c1cc(-c2ccc(-c3cc(CO)on3)cc2)cc(-n2cc(-c3ccc(C(F)(F)F)cc3)nn2)c1,6.528708288941061
CHEMBL4847409,CHEMBL4518,Purinergic receptor P2Y14,IC50,=,389.0,nM,CHEMBL4808686,B,Inhibition of fluorescent antagonist binding to human P2Y14 receptor expressed in CHO cells preincubated with compound for 30 mins followed by fluorescent antagonist addition and measured after 30 mins by flow cytometry analysis,CHEMBL4808172,Q15391,Purinergic receptor P2Y14,IC50,O=C(O)c1cc(-c2ccc(-c3cc(CCO)on3)cc2)cc(-n2cc(-c3ccc(C(F)(F)F)cc3)nn2)c1,6.410050398674292
CHEMBL4877701,CHEMBL4518,Purinergic receptor P2Y14,IC50,=,895.0,nM,CHEMBL4808686,B,Inhibition of fluorescent antagonist binding to human P2Y14 receptor expressed in CHO cells preincubated with compound for 30 mins followed by fluorescent antagonist addition and measured after 30 mins by flow cytometry analysis,CHEMBL4808172,Q15391,Purinergic receptor P2Y14,IC50,O=C(O)c1cc(-c2ccc(-c3nnn[nH]3)cc2)cc(-n2cc(-c3ccc(C(F)(F)F)cc3)nn2)c1,6.048176964684088
CHEMBL4864408,CHEMBL4518,Purinergic receptor P2Y14,IC50,=,15.0,nM,CHEMBL4808686,B,Inhibition of fluorescent antagonist binding to human P2Y14 receptor expressed in CHO cells preincubated with compound for 30 mins followed by fluorescent antagonist addition and measured after 30 mins by flow cytometry analysis,CHEMBL4808172,Q15391,Purinergic receptor P2Y14,IC50,O=C(O)c1cc(-c2ccc(-c3cc(CO)on3)cc2)c2ccc(-c3ccc(C(F)(F)F)cc3)cc2c1,7.823908740944319
CHEMBL4854794,CHEMBL4518,Purinergic receptor P2Y14,IC50,=,7400.0,nM,CHEMBL4808686,B,Inhibition of fluorescent antagonist binding to human P2Y14 receptor expressed in CHO cells preincubated with compound for 30 mins followed by fluorescent antagonist addition and measured after 30 mins by flow cytometry analysis,CHEMBL4808172,Q15391,Purinergic receptor P2Y14,IC50,O=C(O)c1cc(NC(=O)c2ccc(C(F)(F)F)cc2)cc(-c2ccc(-c3cc(CO)on3)cc2)c1,5.130768280269024
CHEMBL4870627,CHEMBL4518,Purinergic receptor P2Y14,IC50,=,1690.0,nM,CHEMBL4808686,B,Inhibition of fluorescent antagonist binding to human P2Y14 receptor expressed in CHO cells preincubated with compound for 30 mins followed by fluorescent antagonist addition and measured after 30 mins by flow cytometry analysis,CHEMBL4808172,Q15391,Purinergic receptor P2Y14,IC50,O=C(O)c1cc(-c2ccc(C3CCNCC3)cc2)cc(-n2cc(-c3ccc(C(F)(F)F)cc3)nn2)n1,5.772113295386326
CHEMBL4868823,CHEMBL4518,Purinergic receptor P2Y14,IC50,=,4900.0,nM,CHEMBL4808686,B,Inhibition of fluorescent antagonist binding to human P2Y14 receptor expressed in CHO cells preincubated with compound for 30 mins followed by fluorescent antagonist addition and measured after 30 mins by flow cytometry analysis,CHEMBL4808172,Q15391,Purinergic receptor P2Y14,IC50,O=C(O)c1cc(-c2ccc(C3CCNCC3)cc2)nc(-n2cc(-c3ccc(C(F)(F)F)cc3)nn2)c1,5.309803919971486
CHEMBL4849653,CHEMBL4518,Purinergic receptor P2Y14,IC50,=,2920.0,nM,CHEMBL4808686,B,Inhibition of fluorescent antagonist binding to human P2Y14 receptor expressed in CHO cells preincubated with compound for 30 mins followed by fluorescent antagonist addition and measured after 30 mins by flow cytometry analysis,CHEMBL4808172,Q15391,Purinergic receptor P2Y14,IC50,O=C(O)c1cc(-n2cc(-c3ccc(C(F)(F)F)cc3)nn2)cc(-c2ccc(C3CCNCC3)cc2)n1,5.534617148551582
CHEMBL4877929,CHEMBL4518,Purinergic receptor P2Y14,IC50,=,11.0,nM,CHEMBL4823006,B,Binding affinity to human P2Y14 expressed in CHO cells,CHEMBL4819144,Q15391,Purinergic receptor P2Y14,IC50,CCN(CC)CC.CCN(CC)CC.O=c1ccn([C@@H]2O[C@H](COP(=O)(O)CP(=O)(O)O)[C@@H](O)[C@H]2O)c(=O)[nH]1,7.958607314841775
CHEMBL4875504,CHEMBL4518,Purinergic receptor P2Y14,IC50,=,362.0,nM,CHEMBL4823006,B,Binding affinity to human P2Y14 expressed in CHO cells,CHEMBL4819144,Q15391,Purinergic receptor P2Y14,IC50,CCN(CC)CC.CCN(CC)CC.O=c1[nH]c(=O)n([C@@H]2O[C@H](COP(=O)(O)CP(=O)(O)O)[C@@H](O)[C@H]2O)cc1F,6.441291429466834
CHEMBL4849188,CHEMBL4518,Purinergic receptor P2Y14,IC50,=,16600.0,nM,CHEMBL4823006,B,Binding affinity to human P2Y14 expressed in CHO cells,CHEMBL4819144,Q15391,Purinergic receptor P2Y14,IC50,CCN(CC)CC.CCN(CC)CC.O=c1[nH]c(=O)n([C@@H]2O[C@H](COP(=O)(O)CP(=O)(O)O)[C@@H](O)[C@H]2O)cc1Cl,4.779891911959945
CHEMBL4871928,CHEMBL4518,Purinergic receptor P2Y14,IC50,=,21500.0,nM,CHEMBL4823006,B,Binding affinity to human P2Y14 expressed in CHO cells,CHEMBL4819144,Q15391,Purinergic receptor P2Y14,IC50,CCN(CC)CC.CCN(CC)CC.O=c1[nH]/c(=N\OCc2ccccc2)c(F)cn1[C@@H]1O[C@H](COP(=O)(O)CP(=O)(O)O)[C@@H](O)[C@H]1O,4.667561540084395
CHEMBL4860557,CHEMBL4518,Purinergic receptor P2Y14,IC50,=,6660.0,nM,CHEMBL4823006,B,Binding affinity to human P2Y14 expressed in CHO cells,CHEMBL4819144,Q15391,Purinergic receptor P2Y14,IC50,CCN(CC)CC.CCN(CC)CC.O=C(/N=c1/ccn([C@@H]2O[C@H](COP(=O)(O)CP(=O)(O)O)[C@@H](O)[C@H]2O)c(=O)[nH]1)c1ccccc1,5.176525770829699
CHEMBL1800685,CHEMBL4518,Purinergic receptor P2Y14,IC50,=,0.5,nM,CHEMBL4882989,B,FLIPR assay,CHEMBL4507292,Q15391,Purinergic receptor P2Y14,IC50,O=C(O)c1cc(-c2ccc(C3CCNCC3)cc2)c2ccc(-c3ccc(C(F)(F)F)cc3)cc2c1,9.301029995663981
CHEMBL4566600,CHEMBL4518,Purinergic receptor P2Y14,IC50,=,4381.0,nM,CHEMBL4882989,B,FLIPR assay,CHEMBL4507292,Q15391,Purinergic receptor P2Y14,IC50,Cc1c(C(=O)O)cc(-c2ccc(C3CCNCC3)cc2)c2ccc(-c3ccc(C(F)(F)F)cc3)cc12,5.3584267468218245
CHEMBL5081827,CHEMBL4518,Purinergic receptor P2Y14,IC50,=,442.0,nM,CHEMBL5045601,B,"Inhibition of fluorescent antagonist binding to human P2Y14R expressed in CHO cells preincubated for 30 mins followed by 6-amino-9-(2-carboxy-4-((6-(4-(4-(4-(4-(3-carboxy 6-(4-(trifluoromethyl)phenyl)naphthalen-1-yl)phenyl)piperidin-1-yl)butyl)-1H-1,2,3-triazol-1-yl)hexyl)carbamoyl)phenyl)-3-iminio-5-sulfo-3H-xanthene-4-sulfonate addition and measured after 30 mins by BD FACSCalibur flow cytometry analysis",CHEMBL5042543,Q15391,Purinergic receptor P2Y14,IC50,CCOC(=O)N1C[C@H]2C[C@@H]1C[C@@H]2c1ccc(-c2cc(C(=O)O)cc3cc(-c4ccc(C(F)(F)F)cc4)ccc23)cc1,6.354577730650908
CHEMBL5087161,CHEMBL4518,Purinergic receptor P2Y14,IC50,=,165.0,nM,CHEMBL5045601,B,"Inhibition of fluorescent antagonist binding to human P2Y14R expressed in CHO cells preincubated for 30 mins followed by 6-amino-9-(2-carboxy-4-((6-(4-(4-(4-(4-(3-carboxy 6-(4-(trifluoromethyl)phenyl)naphthalen-1-yl)phenyl)piperidin-1-yl)butyl)-1H-1,2,3-triazol-1-yl)hexyl)carbamoyl)phenyl)-3-iminio-5-sulfo-3H-xanthene-4-sulfonate addition and measured after 30 mins by BD FACSCalibur flow cytometry analysis",CHEMBL5042543,Q15391,Purinergic receptor P2Y14,IC50,N[C@@H]1C[C@H](C(=O)O)C[C@H]1c1ccc(-c2cc(C(=O)O)cc3cc(-c4ccc(C(F)(F)F)cc4)ccc23)cc1,6.782516055786093
CHEMBL5076127,CHEMBL4518,Purinergic receptor P2Y14,IC50,=,39.5,nM,CHEMBL5045601,B,"Inhibition of fluorescent antagonist binding to human P2Y14R expressed in CHO cells preincubated for 30 mins followed by 6-amino-9-(2-carboxy-4-((6-(4-(4-(4-(4-(3-carboxy 6-(4-(trifluoromethyl)phenyl)naphthalen-1-yl)phenyl)piperidin-1-yl)butyl)-1H-1,2,3-triazol-1-yl)hexyl)carbamoyl)phenyl)-3-iminio-5-sulfo-3H-xanthene-4-sulfonate addition and measured after 30 mins by BD FACSCalibur flow cytometry analysis",CHEMBL5042543,Q15391,Purinergic receptor P2Y14,IC50,O=C(O)c1cc(-c2ccc([C@@H]3C[C@@H]4C[C@H]3C(=O)N4)cc2)c2ccc(-c3ccc(C(F)(F)F)cc3)cc2c1,7.403402904373539
CHEMBL5075741,CHEMBL4518,Purinergic receptor P2Y14,IC50,=,64.1,nM,CHEMBL5045601,B,"Inhibition of fluorescent antagonist binding to human P2Y14R expressed in CHO cells preincubated for 30 mins followed by 6-amino-9-(2-carboxy-4-((6-(4-(4-(4-(4-(3-carboxy 6-(4-(trifluoromethyl)phenyl)naphthalen-1-yl)phenyl)piperidin-1-yl)butyl)-1H-1,2,3-triazol-1-yl)hexyl)carbamoyl)phenyl)-3-iminio-5-sulfo-3H-xanthene-4-sulfonate addition and measured after 30 mins by BD FACSCalibur flow cytometry analysis",CHEMBL5042543,Q15391,Purinergic receptor P2Y14,IC50,CC(=O)N1C[C@@H]2C[C@H]1C[C@H]2c1ccc(-c2cc(C(=O)O)cc3cc(-c4ccc(C(F)(F)F)cc4)ccc23)cc1,7.193141970481182
CHEMBL5094130,CHEMBL4518,Purinergic receptor P2Y14,IC50,=,31.5,nM,CHEMBL5045601,B,"Inhibition of fluorescent antagonist binding to human P2Y14R expressed in CHO cells preincubated for 30 mins followed by 6-amino-9-(2-carboxy-4-((6-(4-(4-(4-(4-(3-carboxy 6-(4-(trifluoromethyl)phenyl)naphthalen-1-yl)phenyl)piperidin-1-yl)butyl)-1H-1,2,3-triazol-1-yl)hexyl)carbamoyl)phenyl)-3-iminio-5-sulfo-3H-xanthene-4-sulfonate addition and measured after 30 mins by BD FACSCalibur flow cytometry analysis",CHEMBL5042543,Q15391,Purinergic receptor P2Y14,IC50,O=C(O)c1cc(-c2ccc(C3CCNC3)cc2)c2ccc(-c3ccc(C(F)(F)F)cc3)cc2c1,7.501689446210399
CHEMBL5087295,CHEMBL4518,Purinergic receptor P2Y14,IC50,=,9.8,nM,CHEMBL5045601,B,"Inhibition of fluorescent antagonist binding to human P2Y14R expressed in CHO cells preincubated for 30 mins followed by 6-amino-9-(2-carboxy-4-((6-(4-(4-(4-(4-(3-carboxy 6-(4-(trifluoromethyl)phenyl)naphthalen-1-yl)phenyl)piperidin-1-yl)butyl)-1H-1,2,3-triazol-1-yl)hexyl)carbamoyl)phenyl)-3-iminio-5-sulfo-3H-xanthene-4-sulfonate addition and measured after 30 mins by BD FACSCalibur flow cytometry analysis",CHEMBL5042543,Q15391,Purinergic receptor P2Y14,IC50,O=C(O)c1cc(-c2ccc([C@@H]3C[C@H]4CN[C@@H]3C4)cc2)c2ccc(-c3ccc(C(F)(F)F)cc3)cc2c1,8.008773924307505
CHEMBL5085823,CHEMBL4518,Purinergic receptor P2Y14,IC50,=,3.11,nM,CHEMBL5045601,B,"Inhibition of fluorescent antagonist binding to human P2Y14R expressed in CHO cells preincubated for 30 mins followed by 6-amino-9-(2-carboxy-4-((6-(4-(4-(4-(4-(3-carboxy 6-(4-(trifluoromethyl)phenyl)naphthalen-1-yl)phenyl)piperidin-1-yl)butyl)-1H-1,2,3-triazol-1-yl)hexyl)carbamoyl)phenyl)-3-iminio-5-sulfo-3H-xanthene-4-sulfonate addition and measured after 30 mins by BD FACSCalibur flow cytometry analysis",CHEMBL5042543,Q15391,Purinergic receptor P2Y14,IC50,O=C(O)c1cc(-c2ccc([C@H]3C[C@H]4C[C@@H]3CN4)cc2)c2ccc(-c3ccc(C(F)(F)F)cc3)cc2c1,8.507239610973162
CHEMBL5085823,CHEMBL4518,Purinergic receptor P2Y14,IC50,=,5.9,nM,CHEMBL5045601,B,"Inhibition of fluorescent antagonist binding to human P2Y14R expressed in CHO cells preincubated for 30 mins followed by 6-amino-9-(2-carboxy-4-((6-(4-(4-(4-(4-(3-carboxy 6-(4-(trifluoromethyl)phenyl)naphthalen-1-yl)phenyl)piperidin-1-yl)butyl)-1H-1,2,3-triazol-1-yl)hexyl)carbamoyl)phenyl)-3-iminio-5-sulfo-3H-xanthene-4-sulfonate addition and measured after 30 mins by BD FACSCalibur flow cytometry analysis",CHEMBL5042543,Q15391,Purinergic receptor P2Y14,IC50,O=C(O)c1cc(-c2ccc([C@H]3C[C@H]4C[C@@H]3CN4)cc2)c2ccc(-c3ccc(C(F)(F)F)cc3)cc2c1,8.229147988357855
CHEMBL5086761,CHEMBL4518,Purinergic receptor P2Y14,IC50,=,269.0,nM,CHEMBL5045601,B,"Inhibition of fluorescent antagonist binding to human P2Y14R expressed in CHO cells preincubated for 30 mins followed by 6-amino-9-(2-carboxy-4-((6-(4-(4-(4-(4-(3-carboxy 6-(4-(trifluoromethyl)phenyl)naphthalen-1-yl)phenyl)piperidin-1-yl)butyl)-1H-1,2,3-triazol-1-yl)hexyl)carbamoyl)phenyl)-3-iminio-5-sulfo-3H-xanthene-4-sulfonate addition and measured after 30 mins by BD FACSCalibur flow cytometry analysis",CHEMBL5042543,Q15391,Purinergic receptor P2Y14,IC50,N[C@H]1C[C@@H](C(=O)O)C[C@@H]1c1ccc(-c2cc(C(=O)O)cc3cc(-c4ccc(C(F)(F)F)cc4)ccc23)cc1,6.570247719997592
CHEMBL5079515,CHEMBL4518,Purinergic receptor P2Y14,IC50,=,102.0,nM,CHEMBL5045601,B,"Inhibition of fluorescent antagonist binding to human P2Y14R expressed in CHO cells preincubated for 30 mins followed by 6-amino-9-(2-carboxy-4-((6-(4-(4-(4-(4-(3-carboxy 6-(4-(trifluoromethyl)phenyl)naphthalen-1-yl)phenyl)piperidin-1-yl)butyl)-1H-1,2,3-triazol-1-yl)hexyl)carbamoyl)phenyl)-3-iminio-5-sulfo-3H-xanthene-4-sulfonate addition and measured after 30 mins by BD FACSCalibur flow cytometry analysis",CHEMBL5042543,Q15391,Purinergic receptor P2Y14,IC50,N[C@H]1C[C@@H](C(=O)O)[C@H](c2ccc(-c3cc(C(=O)O)cc4cc(-c5ccc(C(F)(F)F)cc5)ccc34)cc2)C1,6.991399828238082
CHEMBL5081782,CHEMBL4518,Purinergic receptor P2Y14,IC50,=,101.0,nM,CHEMBL5045601,B,"Inhibition of fluorescent antagonist binding to human P2Y14R expressed in CHO cells preincubated for 30 mins followed by 6-amino-9-(2-carboxy-4-((6-(4-(4-(4-(4-(3-carboxy 6-(4-(trifluoromethyl)phenyl)naphthalen-1-yl)phenyl)piperidin-1-yl)butyl)-1H-1,2,3-triazol-1-yl)hexyl)carbamoyl)phenyl)-3-iminio-5-sulfo-3H-xanthene-4-sulfonate addition and measured after 30 mins by BD FACSCalibur flow cytometry analysis",CHEMBL5042543,Q15391,Purinergic receptor P2Y14,IC50,O=C(O)c1cc(-c2ccc([C@H]3C[C@H]4C[C@@H]3C(=O)N4)cc2)c2ccc(-c3ccc(C(F)(F)F)cc3)cc2c1,6.995678626217357
CHEMBL5093465,CHEMBL4518,Purinergic receptor P2Y14,IC50,=,99.3,nM,CHEMBL5045601,B,"Inhibition of fluorescent antagonist binding to human P2Y14R expressed in CHO cells preincubated for 30 mins followed by 6-amino-9-(2-carboxy-4-((6-(4-(4-(4-(4-(3-carboxy 6-(4-(trifluoromethyl)phenyl)naphthalen-1-yl)phenyl)piperidin-1-yl)butyl)-1H-1,2,3-triazol-1-yl)hexyl)carbamoyl)phenyl)-3-iminio-5-sulfo-3H-xanthene-4-sulfonate addition and measured after 30 mins by BD FACSCalibur flow cytometry analysis",CHEMBL5042543,Q15391,Purinergic receptor P2Y14,IC50,CC(=O)N1C[C@H]2C[C@@H]1C[C@@H]2c1ccc(-c2cc(C(=O)O)cc3cc(-c4ccc(C(F)(F)F)cc4)ccc23)cc1,7.0030507515046185
CHEMBL4645216,CHEMBL4518,Purinergic receptor P2Y14,IC50,=,20.0,nM,CHEMBL5045601,B,"Inhibition of fluorescent antagonist binding to human P2Y14R expressed in CHO cells preincubated for 30 mins followed by 6-amino-9-(2-carboxy-4-((6-(4-(4-(4-(4-(3-carboxy 6-(4-(trifluoromethyl)phenyl)naphthalen-1-yl)phenyl)piperidin-1-yl)butyl)-1H-1,2,3-triazol-1-yl)hexyl)carbamoyl)phenyl)-3-iminio-5-sulfo-3H-xanthene-4-sulfonate addition and measured after 30 mins by BD FACSCalibur flow cytometry analysis",CHEMBL5042543,Q15391,Purinergic receptor P2Y14,IC50,O=C(O)c1cc(-c2ccc(C34CCN(CC3)CC4)cc2)c2ccc(-c3ccc(C(F)(F)F)cc3)cc2c1,7.698970004336019
CHEMBL5074765,CHEMBL4518,Purinergic receptor P2Y14,IC50,=,8.62,nM,CHEMBL5045601,B,"Inhibition of fluorescent antagonist binding to human P2Y14R expressed in CHO cells preincubated for 30 mins followed by 6-amino-9-(2-carboxy-4-((6-(4-(4-(4-(4-(3-carboxy 6-(4-(trifluoromethyl)phenyl)naphthalen-1-yl)phenyl)piperidin-1-yl)butyl)-1H-1,2,3-triazol-1-yl)hexyl)carbamoyl)phenyl)-3-iminio-5-sulfo-3H-xanthene-4-sulfonate addition and measured after 30 mins by BD FACSCalibur flow cytometry analysis",CHEMBL5042543,Q15391,Purinergic receptor P2Y14,IC50,O=C(O)c1cc(-c2ccc([C@@H]3C[C@@H]4C[C@H]3CN4)cc2)c2ccc(-c3ccc(C(F)(F)F)cc3)cc2c1,8.064492734175287
CHEMBL5075741,CHEMBL4518,Purinergic receptor P2Y14,IC50,=,29.4,nM,CHEMBL5045601,B,"Inhibition of fluorescent antagonist binding to human P2Y14R expressed in CHO cells preincubated for 30 mins followed by 6-amino-9-(2-carboxy-4-((6-(4-(4-(4-(4-(3-carboxy 6-(4-(trifluoromethyl)phenyl)naphthalen-1-yl)phenyl)piperidin-1-yl)butyl)-1H-1,2,3-triazol-1-yl)hexyl)carbamoyl)phenyl)-3-iminio-5-sulfo-3H-xanthene-4-sulfonate addition and measured after 30 mins by BD FACSCalibur flow cytometry analysis",CHEMBL5042543,Q15391,Purinergic receptor P2Y14,IC50,CC(=O)N1C[C@@H]2C[C@H]1C[C@H]2c1ccc(-c2cc(C(=O)O)cc3cc(-c4ccc(C(F)(F)F)cc4)ccc23)cc1,7.531652669587842
CHEMBL5080028,CHEMBL4518,Purinergic receptor P2Y14,IC50,=,61.8,nM,CHEMBL5045601,B,"Inhibition of fluorescent antagonist binding to human P2Y14R expressed in CHO cells preincubated for 30 mins followed by 6-amino-9-(2-carboxy-4-((6-(4-(4-(4-(4-(3-carboxy 6-(4-(trifluoromethyl)phenyl)naphthalen-1-yl)phenyl)piperidin-1-yl)butyl)-1H-1,2,3-triazol-1-yl)hexyl)carbamoyl)phenyl)-3-iminio-5-sulfo-3H-xanthene-4-sulfonate addition and measured after 30 mins by BD FACSCalibur flow cytometry analysis",CHEMBL5042543,Q15391,Purinergic receptor P2Y14,IC50,O=C(O)c1cc(-c2ccc([C@@H]3CCN[C@@H]4C[C@@H]43)cc2)c2ccc(-c3ccc(C(F)(F)F)cc3)cc2c1,7.209011524911184
CHEMBL5076678,CHEMBL4518,Purinergic receptor P2Y14,IC50,=,49.6,nM,CHEMBL5045601,B,"Inhibition of fluorescent antagonist binding to human P2Y14R expressed in CHO cells preincubated for 30 mins followed by 6-amino-9-(2-carboxy-4-((6-(4-(4-(4-(4-(3-carboxy 6-(4-(trifluoromethyl)phenyl)naphthalen-1-yl)phenyl)piperidin-1-yl)butyl)-1H-1,2,3-triazol-1-yl)hexyl)carbamoyl)phenyl)-3-iminio-5-sulfo-3H-xanthene-4-sulfonate addition and measured after 30 mins by BD FACSCalibur flow cytometry analysis",CHEMBL5042543,Q15391,Purinergic receptor P2Y14,IC50,N[C@@H]1C[C@H](C(=O)O)[C@@H](c2ccc(-c3cc(C(=O)O)cc4cc(-c5ccc(C(F)(F)F)cc5)ccc34)cc2)C1,7.304518323509803
CHEMBL5091500,CHEMBL4518,Purinergic receptor P2Y14,IC50,=,25.9,nM,CHEMBL5045601,B,"Inhibition of fluorescent antagonist binding to human P2Y14R expressed in CHO cells preincubated for 30 mins followed by 6-amino-9-(2-carboxy-4-((6-(4-(4-(4-(4-(3-carboxy 6-(4-(trifluoromethyl)phenyl)naphthalen-1-yl)phenyl)piperidin-1-yl)butyl)-1H-1,2,3-triazol-1-yl)hexyl)carbamoyl)phenyl)-3-iminio-5-sulfo-3H-xanthene-4-sulfonate addition and measured after 30 mins by BD FACSCalibur flow cytometry analysis",CHEMBL5042543,Q15391,Purinergic receptor P2Y14,IC50,O=C(O)c1cc(-c2ccc([C@H]3C[C@@H]4CN[C@H]3C4)cc2)c2ccc(-c3ccc(C(F)(F)F)cc3)cc2c1,7.586700235918748
CHEMBL5078197,CHEMBL4518,Purinergic receptor P2Y14,IC50,=,20.9,nM,CHEMBL5045601,B,"Inhibition of fluorescent antagonist binding to human P2Y14R expressed in CHO cells preincubated for 30 mins followed by 6-amino-9-(2-carboxy-4-((6-(4-(4-(4-(4-(3-carboxy 6-(4-(trifluoromethyl)phenyl)naphthalen-1-yl)phenyl)piperidin-1-yl)butyl)-1H-1,2,3-triazol-1-yl)hexyl)carbamoyl)phenyl)-3-iminio-5-sulfo-3H-xanthene-4-sulfonate addition and measured after 30 mins by BD FACSCalibur flow cytometry analysis",CHEMBL5042543,Q15391,Purinergic receptor P2Y14,IC50,CC1CNCCC1c1ccc(-c2cc(C(=O)O)cc3cc(-c4ccc(C(F)(F)F)cc4)ccc23)cc1,7.679853713888946
CHEMBL5086827,CHEMBL4518,Purinergic receptor P2Y14,IC50,=,17.8,nM,CHEMBL5045601,B,"Inhibition of fluorescent antagonist binding to human P2Y14R expressed in CHO cells preincubated for 30 mins followed by 6-amino-9-(2-carboxy-4-((6-(4-(4-(4-(4-(3-carboxy 6-(4-(trifluoromethyl)phenyl)naphthalen-1-yl)phenyl)piperidin-1-yl)butyl)-1H-1,2,3-triazol-1-yl)hexyl)carbamoyl)phenyl)-3-iminio-5-sulfo-3H-xanthene-4-sulfonate addition and measured after 30 mins by BD FACSCalibur flow cytometry analysis",CHEMBL5042543,Q15391,Purinergic receptor P2Y14,IC50,CC1CC(c2ccc(-c3cc(C(=O)O)cc4cc(-c5ccc(C(F)(F)F)cc5)ccc34)cc2)CCN1,7.7495799976911055
CHEMBL5077557,CHEMBL4518,Purinergic receptor P2Y14,IC50,=,45.5,nM,CHEMBL5045601,B,"Inhibition of fluorescent antagonist binding to human P2Y14R expressed in CHO cells preincubated for 30 mins followed by 6-amino-9-(2-carboxy-4-((6-(4-(4-(4-(4-(3-carboxy 6-(4-(trifluoromethyl)phenyl)naphthalen-1-yl)phenyl)piperidin-1-yl)butyl)-1H-1,2,3-triazol-1-yl)hexyl)carbamoyl)phenyl)-3-iminio-5-sulfo-3H-xanthene-4-sulfonate addition and measured after 30 mins by BD FACSCalibur flow cytometry analysis",CHEMBL5042543,Q15391,Purinergic receptor P2Y14,IC50,O=C(O)c1cc(-c2ccc(C34CCNCC3C4)cc2)c2ccc(-c3ccc(C(F)(F)F)cc3)cc2c1,7.341988603342887
CHEMBL5089848,CHEMBL4518,Purinergic receptor P2Y14,IC50,=,211.0,nM,CHEMBL5045601,B,"Inhibition of fluorescent antagonist binding to human P2Y14R expressed in CHO cells preincubated for 30 mins followed by 6-amino-9-(2-carboxy-4-((6-(4-(4-(4-(4-(3-carboxy 6-(4-(trifluoromethyl)phenyl)naphthalen-1-yl)phenyl)piperidin-1-yl)butyl)-1H-1,2,3-triazol-1-yl)hexyl)carbamoyl)phenyl)-3-iminio-5-sulfo-3H-xanthene-4-sulfonate addition and measured after 30 mins by BD FACSCalibur flow cytometry analysis",CHEMBL5042543,Q15391,Purinergic receptor P2Y14,IC50,O=C(O)c1cc(-c2ccc(C34CCNCC3C4(F)F)cc2)c2ccc(-c3ccc(C(F)(F)F)cc3)cc2c1,6.675717544702307
CHEMBL5081216,CHEMBL4518,Purinergic receptor P2Y14,IC50,=,42.4,nM,CHEMBL5045601,B,"Inhibition of fluorescent antagonist binding to human P2Y14R expressed in CHO cells preincubated for 30 mins followed by 6-amino-9-(2-carboxy-4-((6-(4-(4-(4-(4-(3-carboxy 6-(4-(trifluoromethyl)phenyl)naphthalen-1-yl)phenyl)piperidin-1-yl)butyl)-1H-1,2,3-triazol-1-yl)hexyl)carbamoyl)phenyl)-3-iminio-5-sulfo-3H-xanthene-4-sulfonate addition and measured after 30 mins by BD FACSCalibur flow cytometry analysis",CHEMBL5042543,Q15391,Purinergic receptor P2Y14,IC50,O=C(O)c1cc(-c2ccc([C@H]3CCN[C@@H]4C[C@H]34)cc2)c2ccc(-c3ccc(C(F)(F)F)cc3)cc2c1,7.372634143407267
CHEMBL5077574,CHEMBL4518,Purinergic receptor P2Y14,IC50,=,125.0,nM,CHEMBL5045601,B,"Inhibition of fluorescent antagonist binding to human P2Y14R expressed in CHO cells preincubated for 30 mins followed by 6-amino-9-(2-carboxy-4-((6-(4-(4-(4-(4-(3-carboxy 6-(4-(trifluoromethyl)phenyl)naphthalen-1-yl)phenyl)piperidin-1-yl)butyl)-1H-1,2,3-triazol-1-yl)hexyl)carbamoyl)phenyl)-3-iminio-5-sulfo-3H-xanthene-4-sulfonate addition and measured after 30 mins by BD FACSCalibur flow cytometry analysis",CHEMBL5042543,Q15391,Purinergic receptor P2Y14,IC50,N[C@H]1C[C@@H](CO)C[C@@H]1c1ccc(-c2cc(C(=O)O)cc3cc(-c4ccc(C(F)(F)F)cc4)ccc23)cc1,6.903089986991944
CHEMBL5093569,CHEMBL4518,Purinergic receptor P2Y14,IC50,=,100.0,nM,CHEMBL5045601,B,"Inhibition of fluorescent antagonist binding to human P2Y14R expressed in CHO cells preincubated for 30 mins followed by 6-amino-9-(2-carboxy-4-((6-(4-(4-(4-(4-(3-carboxy 6-(4-(trifluoromethyl)phenyl)naphthalen-1-yl)phenyl)piperidin-1-yl)butyl)-1H-1,2,3-triazol-1-yl)hexyl)carbamoyl)phenyl)-3-iminio-5-sulfo-3H-xanthene-4-sulfonate addition and measured after 30 mins by BD FACSCalibur flow cytometry analysis",CHEMBL5042543,Q15391,Purinergic receptor P2Y14,IC50,N[C@@H]1C[C@H](CO)C[C@H]1c1ccc(-c2cc(C(=O)O)cc3cc(-c4ccc(C(F)(F)F)cc4)ccc23)cc1,7.0
CHEMBL5085145,CHEMBL4518,Purinergic receptor P2Y14,IC50,=,12.6,nM,CHEMBL5045601,B,"Inhibition of fluorescent antagonist binding to human P2Y14R expressed in CHO cells preincubated for 30 mins followed by 6-amino-9-(2-carboxy-4-((6-(4-(4-(4-(4-(3-carboxy 6-(4-(trifluoromethyl)phenyl)naphthalen-1-yl)phenyl)piperidin-1-yl)butyl)-1H-1,2,3-triazol-1-yl)hexyl)carbamoyl)phenyl)-3-iminio-5-sulfo-3H-xanthene-4-sulfonate addition and measured after 30 mins by BD FACSCalibur flow cytometry analysis",CHEMBL5042543,Q15391,Purinergic receptor P2Y14,IC50,N[C@H]1C[C@@H](CO)[C@H](c2ccc(-c3cc(C(=O)O)cc4cc(-c5ccc(C(F)(F)F)cc5)ccc34)cc2)C1,7.899629454882437
CHEMBL5083619,CHEMBL4518,Purinergic receptor P2Y14,IC50,=,10.8,nM,CHEMBL5045601,B,"Inhibition of fluorescent antagonist binding to human P2Y14R expressed in CHO cells preincubated for 30 mins followed by 6-amino-9-(2-carboxy-4-((6-(4-(4-(4-(4-(3-carboxy 6-(4-(trifluoromethyl)phenyl)naphthalen-1-yl)phenyl)piperidin-1-yl)butyl)-1H-1,2,3-triazol-1-yl)hexyl)carbamoyl)phenyl)-3-iminio-5-sulfo-3H-xanthene-4-sulfonate addition and measured after 30 mins by BD FACSCalibur flow cytometry analysis",CHEMBL5042543,Q15391,Purinergic receptor P2Y14,IC50,N[C@@H]1C[C@H](CO)[C@@H](c2ccc(-c3cc(C(=O)O)cc4cc(-c5ccc(C(F)(F)F)cc5)ccc34)cc2)C1,7.966576244513051
CHEMBL5084659,CHEMBL4518,Purinergic receptor P2Y14,IC50,=,8900.0,nM,CHEMBL5045601,B,"Inhibition of fluorescent antagonist binding to human P2Y14R expressed in CHO cells preincubated for 30 mins followed by 6-amino-9-(2-carboxy-4-((6-(4-(4-(4-(4-(3-carboxy 6-(4-(trifluoromethyl)phenyl)naphthalen-1-yl)phenyl)piperidin-1-yl)butyl)-1H-1,2,3-triazol-1-yl)hexyl)carbamoyl)phenyl)-3-iminio-5-sulfo-3H-xanthene-4-sulfonate addition and measured after 30 mins by BD FACSCalibur flow cytometry analysis",CHEMBL5042543,Q15391,Purinergic receptor P2Y14,IC50,O=C(O)c1cc(-c2cc(C34CCN(CC3)CC4)ccc2Br)c2ccc(-c3ccc(C(F)(F)F)cc3)cc2c1,5.050609993355087
CHEMBL5074947,CHEMBL4518,Purinergic receptor P2Y14,IC50,=,25.1,nM,CHEMBL5045601,B,"Inhibition of fluorescent antagonist binding to human P2Y14R expressed in CHO cells preincubated for 30 mins followed by 6-amino-9-(2-carboxy-4-((6-(4-(4-(4-(4-(3-carboxy 6-(4-(trifluoromethyl)phenyl)naphthalen-1-yl)phenyl)piperidin-1-yl)butyl)-1H-1,2,3-triazol-1-yl)hexyl)carbamoyl)phenyl)-3-iminio-5-sulfo-3H-xanthene-4-sulfonate addition and measured after 30 mins by BD FACSCalibur flow cytometry analysis",CHEMBL5042543,Q15391,Purinergic receptor P2Y14,IC50,O=C(O)c1cc(-c2ccc(C3CC4CCC3CN4)cc2)c2ccc(-c3ccc(C(F)(F)F)cc3)cc2c1,7.600326278518962
CHEMBL5084539,CHEMBL4518,Purinergic receptor P2Y14,IC50,=,23.9,nM,CHEMBL5045601,B,"Inhibition of fluorescent antagonist binding to human P2Y14R expressed in CHO cells preincubated for 30 mins followed by 6-amino-9-(2-carboxy-4-((6-(4-(4-(4-(4-(3-carboxy 6-(4-(trifluoromethyl)phenyl)naphthalen-1-yl)phenyl)piperidin-1-yl)butyl)-1H-1,2,3-triazol-1-yl)hexyl)carbamoyl)phenyl)-3-iminio-5-sulfo-3H-xanthene-4-sulfonate addition and measured after 30 mins by BD FACSCalibur flow cytometry analysis",CHEMBL5042543,Q15391,Purinergic receptor P2Y14,IC50,O=C(O)c1cc(-c2ccc(C3=C[C@H]4CC[C@@H]3CN4)cc2)c2ccc(-c3ccc(C(F)(F)F)cc3)cc2c1,7.621602099051862
CHEMBL5092515,CHEMBL4518,Purinergic receptor P2Y14,IC50,=,15.6,nM,CHEMBL5045601,B,"Inhibition of fluorescent antagonist binding to human P2Y14R expressed in CHO cells preincubated for 30 mins followed by 6-amino-9-(2-carboxy-4-((6-(4-(4-(4-(4-(3-carboxy 6-(4-(trifluoromethyl)phenyl)naphthalen-1-yl)phenyl)piperidin-1-yl)butyl)-1H-1,2,3-triazol-1-yl)hexyl)carbamoyl)phenyl)-3-iminio-5-sulfo-3H-xanthene-4-sulfonate addition and measured after 30 mins by BD FACSCalibur flow cytometry analysis",CHEMBL5042543,Q15391,Purinergic receptor P2Y14,IC50,O=C(O)c1cc(-c2ccc([C@@]3(O)C[C@H]4CC[C@@H]3CN4)cc2)c2ccc(-c3ccc(C(F)(F)F)cc3)cc2c1,7.806875401645538
CHEMBL5074788,CHEMBL4518,Purinergic receptor P2Y14,IC50,=,114.0,nM,CHEMBL5045601,B,"Inhibition of fluorescent antagonist binding to human P2Y14R expressed in CHO cells preincubated for 30 mins followed by 6-amino-9-(2-carboxy-4-((6-(4-(4-(4-(4-(3-carboxy 6-(4-(trifluoromethyl)phenyl)naphthalen-1-yl)phenyl)piperidin-1-yl)butyl)-1H-1,2,3-triazol-1-yl)hexyl)carbamoyl)phenyl)-3-iminio-5-sulfo-3H-xanthene-4-sulfonate addition and measured after 30 mins by BD FACSCalibur flow cytometry analysis",CHEMBL5042543,Q15391,Purinergic receptor P2Y14,IC50,O=C(O)c1cc(-c2ccc([C@]3(O)C[C@H]4CC[C@@H]3CN4)cc2)c2ccc(-c3ccc(C(F)(F)F)cc3)cc2c1,6.943095148663527
CHEMBL5092333,CHEMBL4518,Purinergic receptor P2Y14,IC50,=,696.0,nM,CHEMBL5045601,B,"Inhibition of fluorescent antagonist binding to human P2Y14R expressed in CHO cells preincubated for 30 mins followed by 6-amino-9-(2-carboxy-4-((6-(4-(4-(4-(4-(3-carboxy 6-(4-(trifluoromethyl)phenyl)naphthalen-1-yl)phenyl)piperidin-1-yl)butyl)-1H-1,2,3-triazol-1-yl)hexyl)carbamoyl)phenyl)-3-iminio-5-sulfo-3H-xanthene-4-sulfonate addition and measured after 30 mins by BD FACSCalibur flow cytometry analysis",CHEMBL5042543,Q15391,Purinergic receptor P2Y14,IC50,O=C(O)c1cc(-c2ccc(C3[C@H]4CC[C@H]3CNC4)cc2)c2ccc(-c3ccc(C(F)(F)F)cc3)cc2c1,6.157390760389438
CHEMBL5079780,CHEMBL4518,Purinergic receptor P2Y14,IC50,=,44.6,nM,CHEMBL5045601,B,"Inhibition of fluorescent antagonist binding to human P2Y14R expressed in CHO cells preincubated for 30 mins followed by 6-amino-9-(2-carboxy-4-((6-(4-(4-(4-(4-(3-carboxy 6-(4-(trifluoromethyl)phenyl)naphthalen-1-yl)phenyl)piperidin-1-yl)butyl)-1H-1,2,3-triazol-1-yl)hexyl)carbamoyl)phenyl)-3-iminio-5-sulfo-3H-xanthene-4-sulfonate addition and measured after 30 mins by BD FACSCalibur flow cytometry analysis",CHEMBL5042543,Q15391,Purinergic receptor P2Y14,IC50,COC1(c2ccc(-c3cc(C(=O)O)cc4cc(-c5ccc(C(F)(F)F)cc5)ccc34)cc2)[C@H]2CC[C@H]1CNC2,7.350665141287858
CHEMBL5079102,CHEMBL4518,Purinergic receptor P2Y14,IC50,=,21.3,nM,CHEMBL5045601,B,"Inhibition of fluorescent antagonist binding to human P2Y14R expressed in CHO cells preincubated for 30 mins followed by 6-amino-9-(2-carboxy-4-((6-(4-(4-(4-(4-(3-carboxy 6-(4-(trifluoromethyl)phenyl)naphthalen-1-yl)phenyl)piperidin-1-yl)butyl)-1H-1,2,3-triazol-1-yl)hexyl)carbamoyl)phenyl)-3-iminio-5-sulfo-3H-xanthene-4-sulfonate addition and measured after 30 mins by BD FACSCalibur flow cytometry analysis",CHEMBL5042543,Q15391,Purinergic receptor P2Y14,IC50,O=C(O)c1cc(-c2ccc(C3(O)[C@H]4CC[C@H]3CNC4)cc2)c2ccc(-c3ccc(C(F)(F)F)cc3)cc2c1,7.671620396561262
CHEMBL5078543,CHEMBL4518,Purinergic receptor P2Y14,IC50,=,38.3,nM,CHEMBL5045601,B,"Inhibition of fluorescent antagonist binding to human P2Y14R expressed in CHO cells preincubated for 30 mins followed by 6-amino-9-(2-carboxy-4-((6-(4-(4-(4-(4-(3-carboxy 6-(4-(trifluoromethyl)phenyl)naphthalen-1-yl)phenyl)piperidin-1-yl)butyl)-1H-1,2,3-triazol-1-yl)hexyl)carbamoyl)phenyl)-3-iminio-5-sulfo-3H-xanthene-4-sulfonate addition and measured after 30 mins by BD FACSCalibur flow cytometry analysis",CHEMBL5042543,Q15391,Purinergic receptor P2Y14,IC50,O=C(O)c1cc(-c2ccc(C3CC4CCC(C3)N4)cc2)c2ccc(-c3ccc(C(F)(F)F)cc3)cc2c1,7.416801226031377
CHEMBL5075522,CHEMBL4518,Purinergic receptor P2Y14,IC50,=,466.0,nM,CHEMBL5045601,B,"Inhibition of fluorescent antagonist binding to human P2Y14R expressed in CHO cells preincubated for 30 mins followed by 6-amino-9-(2-carboxy-4-((6-(4-(4-(4-(4-(3-carboxy 6-(4-(trifluoromethyl)phenyl)naphthalen-1-yl)phenyl)piperidin-1-yl)butyl)-1H-1,2,3-triazol-1-yl)hexyl)carbamoyl)phenyl)-3-iminio-5-sulfo-3H-xanthene-4-sulfonate addition and measured after 30 mins by BD FACSCalibur flow cytometry analysis",CHEMBL5042543,Q15391,Purinergic receptor P2Y14,IC50,O=C(O)c1cc(-c2ccc(C3(O)[C@H]4CC[C@H]3CN(Cc3ccccc3)C4)cc2)c2ccc(-c3ccc(C(F)(F)F)cc3)cc2c1,6.33161408331
CHEMBL5078289,CHEMBL4518,Purinergic receptor P2Y14,IC50,=,34.9,nM,CHEMBL5045601,B,"Inhibition of fluorescent antagonist binding to human P2Y14R expressed in CHO cells preincubated for 30 mins followed by 6-amino-9-(2-carboxy-4-((6-(4-(4-(4-(4-(3-carboxy 6-(4-(trifluoromethyl)phenyl)naphthalen-1-yl)phenyl)piperidin-1-yl)butyl)-1H-1,2,3-triazol-1-yl)hexyl)carbamoyl)phenyl)-3-iminio-5-sulfo-3H-xanthene-4-sulfonate addition and measured after 30 mins by BD FACSCalibur flow cytometry analysis",CHEMBL5042543,Q15391,Purinergic receptor P2Y14,IC50,O=C(O)c1cc(-c2ccc(C3=CC4CCC(C3)N4)cc2)c2ccc(-c3ccc(C(F)(F)F)cc3)cc2c1,7.45717457304082
CHEMBL5083835,CHEMBL4518,Purinergic receptor P2Y14,IC50,=,117.0,nM,CHEMBL5045601,B,"Inhibition of fluorescent antagonist binding to human P2Y14R expressed in CHO cells preincubated for 30 mins followed by 6-amino-9-(2-carboxy-4-((6-(4-(4-(4-(4-(3-carboxy 6-(4-(trifluoromethyl)phenyl)naphthalen-1-yl)phenyl)piperidin-1-yl)butyl)-1H-1,2,3-triazol-1-yl)hexyl)carbamoyl)phenyl)-3-iminio-5-sulfo-3H-xanthene-4-sulfonate addition and measured after 30 mins by BD FACSCalibur flow cytometry analysis",CHEMBL5042543,Q15391,Purinergic receptor P2Y14,IC50,O=C(O)c1cc(-c2ccc([C@@]3(O)C[C@H]4CC[C@@H](C3)N4)cc2)c2ccc(-c3ccc(C(F)(F)F)cc3)cc2c1,6.931814138253838
CHEMBL5090079,CHEMBL4518,Purinergic receptor P2Y14,IC50,=,497.0,nM,CHEMBL5045601,B,"Inhibition of fluorescent antagonist binding to human P2Y14R expressed in CHO cells preincubated for 30 mins followed by 6-amino-9-(2-carboxy-4-((6-(4-(4-(4-(4-(3-carboxy 6-(4-(trifluoromethyl)phenyl)naphthalen-1-yl)phenyl)piperidin-1-yl)butyl)-1H-1,2,3-triazol-1-yl)hexyl)carbamoyl)phenyl)-3-iminio-5-sulfo-3H-xanthene-4-sulfonate addition and measured after 30 mins by BD FACSCalibur flow cytometry analysis",CHEMBL5042543,Q15391,Purinergic receptor P2Y14,IC50,CS(=O)(=O)C1C[C@H]2C[C@@H]1C[C@@H]2c1ccc(-c2cc(C(=O)O)cc3cc(-c4ccc(C(F)(F)F)cc4)ccc23)cc1,6.303643611266668
CHEMBL5079653,CHEMBL4518,Purinergic receptor P2Y14,IC50,=,58.6,nM,CHEMBL5045601,B,"Inhibition of fluorescent antagonist binding to human P2Y14R expressed in CHO cells preincubated for 30 mins followed by 6-amino-9-(2-carboxy-4-((6-(4-(4-(4-(4-(3-carboxy 6-(4-(trifluoromethyl)phenyl)naphthalen-1-yl)phenyl)piperidin-1-yl)butyl)-1H-1,2,3-triazol-1-yl)hexyl)carbamoyl)phenyl)-3-iminio-5-sulfo-3H-xanthene-4-sulfonate addition and measured after 30 mins by BD FACSCalibur flow cytometry analysis",CHEMBL5042543,Q15391,Purinergic receptor P2Y14,IC50,O=C(O)c1cc(-c2ccc([C@H]3C[C@H]4C[C@@H]3NC4=O)cc2)c2ccc(-c3ccc(C(F)(F)F)cc3)cc2c1,7.23210238398191
CHEMBL5083773,CHEMBL4518,Purinergic receptor P2Y14,IC50,=,37.3,nM,CHEMBL5045601,B,"Inhibition of fluorescent antagonist binding to human P2Y14R expressed in CHO cells preincubated for 30 mins followed by 6-amino-9-(2-carboxy-4-((6-(4-(4-(4-(4-(3-carboxy 6-(4-(trifluoromethyl)phenyl)naphthalen-1-yl)phenyl)piperidin-1-yl)butyl)-1H-1,2,3-triazol-1-yl)hexyl)carbamoyl)phenyl)-3-iminio-5-sulfo-3H-xanthene-4-sulfonate addition and measured after 30 mins by BD FACSCalibur flow cytometry analysis",CHEMBL5042543,Q15391,Purinergic receptor P2Y14,IC50,O=C(O)c1cc(-c2ccc([C@@H]3C[C@@H]4C[C@H]3NC4=O)cc2)c2ccc(-c3ccc(C(F)(F)F)cc3)cc2c1,7.428291168191312
CHEMBL1800685,CHEMBL4518,Purinergic receptor P2Y14,IC50,=,8.0,nM,CHEMBL5045647,B,Inhibition of fluorescent antagonist binding to human P2Y14 expressed in CHO cells incubated for 30 mins,CHEMBL5042543,Q15391,Purinergic receptor P2Y14,IC50,O=C(O)c1cc(-c2ccc(C3CCNCC3)cc2)c2ccc(-c3ccc(C(F)(F)F)cc3)cc2c1,8.096910013008056
CHEMBL4743495,CHEMBL4518,Purinergic receptor P2Y14,IC50,=,0.5,nM,CHEMBL5210552,B,Affinity Biochemical interaction (FLIPR assay) EUB0000274bCl P2RY14,CHEMBL5210307,Q15391,Purinergic receptor P2Y14,IC50,Cl.O=C(O)c1cc(-c2ccc(C3CCNCC3)cc2)c2ccc(-c3ccc(C(F)(F)F)cc3)cc2c1,9.301029995663981
CHEMBL4745071,CHEMBL4518,Purinergic receptor P2Y14,IC50,=,4381.0,nM,CHEMBL5210559,B,Affinity Biochemical interaction (FLIPR assay) EUB0000337aCl P2RY14,CHEMBL5210307,Q15391,Purinergic receptor P2Y14,IC50,Cc1c(C(=O)O)cc(-c2ccc(C3CCNCC3)cc2)c2ccc(-c3ccc(C(F)(F)F)cc3)cc12.Cl,5.3584267468218245
CHEMBL1774882,CHEMBL4518,Purinergic receptor P2Y14,IC50,=,3500.0,nM,CHEMBL5257773,B,Antagonist activity at human P2Y14 using UDP-Glc as substrate,CHEMBL5257031,Q15391,Purinergic receptor P2Y14,IC50,O=C(O)c1cc(-c2ccccc2)c2ccc(OCc3ccccc3)cc2c1,5.455931955649724
CHEMBL5421072,CHEMBL4518,Purinergic receptor P2Y14,IC50,=,65.9,nM,CHEMBL5334868,B,"Displacement of fluorescent tracer 4-(4-(1-(4-(1-(6-(3-carboxylato-4-(3-iminio-3H-xanthen-9-yl)benzamido)hexyl)-4,5-dihydro-1H-pyrrol-3-yl)butyl)piperidin-1-ium-4-yl)phenyl)-7-(4-(trifluoromethyl)phenyl)-2-naphthoate from human P2Y14R stably expressed in CHO cells by flow cytometry",CHEMBL5331128,Q15391,Purinergic receptor P2Y14,IC50,O=C(O)c1cc(-c2ccc(C3CNC3)cc2)c2ccc(-c3ccc(C(F)(F)F)cc3)cc2c1,7.18111458540599
CHEMBL5430460,CHEMBL4518,Purinergic receptor P2Y14,IC50,=,46.6,nM,CHEMBL5334868,B,"Displacement of fluorescent tracer 4-(4-(1-(4-(1-(6-(3-carboxylato-4-(3-iminio-3H-xanthen-9-yl)benzamido)hexyl)-4,5-dihydro-1H-pyrrol-3-yl)butyl)piperidin-1-ium-4-yl)phenyl)-7-(4-(trifluoromethyl)phenyl)-2-naphthoate from human P2Y14R stably expressed in CHO cells by flow cytometry",CHEMBL5331128,Q15391,Purinergic receptor P2Y14,IC50,O=C(O)c1cc(-c2ccc(C3CC4(CNC4)C3)cc2)c2ccc(-c3ccc(C(F)(F)F)cc3)cc2c1,7.33161408331
CHEMBL5438846,CHEMBL4518,Purinergic receptor P2Y14,IC50,=,9.69,nM,CHEMBL5334868,B,"Displacement of fluorescent tracer 4-(4-(1-(4-(1-(6-(3-carboxylato-4-(3-iminio-3H-xanthen-9-yl)benzamido)hexyl)-4,5-dihydro-1H-pyrrol-3-yl)butyl)piperidin-1-ium-4-yl)phenyl)-7-(4-(trifluoromethyl)phenyl)-2-naphthoate from human P2Y14R stably expressed in CHO cells by flow cytometry",CHEMBL5331128,Q15391,Purinergic receptor P2Y14,IC50,O=C(O)c1cc(-c2ccc(C3=CC4(CNC4)C3)cc2)c2ccc(-c3ccc(C(F)(F)F)cc3)cc2c1,8.013676222949234
CHEMBL5416286,CHEMBL4518,Purinergic receptor P2Y14,IC50,=,20.8,nM,CHEMBL5334868,B,"Displacement of fluorescent tracer 4-(4-(1-(4-(1-(6-(3-carboxylato-4-(3-iminio-3H-xanthen-9-yl)benzamido)hexyl)-4,5-dihydro-1H-pyrrol-3-yl)butyl)piperidin-1-ium-4-yl)phenyl)-7-(4-(trifluoromethyl)phenyl)-2-naphthoate from human P2Y14R stably expressed in CHO cells by flow cytometry",CHEMBL5331128,Q15391,Purinergic receptor P2Y14,IC50,O=C(O)c1cc(-c2ccc(C3(O)CC4(CNC4)C3)cc2)c2ccc(-c3ccc(C(F)(F)F)cc3)cc2c1,7.681936665037238
CHEMBL5406075,CHEMBL4518,Purinergic receptor P2Y14,IC50,=,46.5,nM,CHEMBL5334868,B,"Displacement of fluorescent tracer 4-(4-(1-(4-(1-(6-(3-carboxylato-4-(3-iminio-3H-xanthen-9-yl)benzamido)hexyl)-4,5-dihydro-1H-pyrrol-3-yl)butyl)piperidin-1-ium-4-yl)phenyl)-7-(4-(trifluoromethyl)phenyl)-2-naphthoate from human P2Y14R stably expressed in CHO cells by flow cytometry",CHEMBL5331128,Q15391,Purinergic receptor P2Y14,IC50,COC1(c2ccc(-c3cc(C(=O)O)cc4cc(-c5ccc(C(F)(F)F)cc5)ccc34)cc2)CC2(CNC2)C1,7.332547047110046
CHEMBL5094130,CHEMBL4518,Purinergic receptor P2Y14,IC50,=,31.5,nM,CHEMBL5334868,B,"Displacement of fluorescent tracer 4-(4-(1-(4-(1-(6-(3-carboxylato-4-(3-iminio-3H-xanthen-9-yl)benzamido)hexyl)-4,5-dihydro-1H-pyrrol-3-yl)butyl)piperidin-1-ium-4-yl)phenyl)-7-(4-(trifluoromethyl)phenyl)-2-naphthoate from human P2Y14R stably expressed in CHO cells by flow cytometry",CHEMBL5331128,Q15391,Purinergic receptor P2Y14,IC50,O=C(O)c1cc(-c2ccc(C3CCNC3)cc2)c2ccc(-c3ccc(C(F)(F)F)cc3)cc2c1,7.501689446210399
CHEMBL5404195,CHEMBL4518,Purinergic receptor P2Y14,IC50,=,9.48,nM,CHEMBL5334868,B,"Displacement of fluorescent tracer 4-(4-(1-(4-(1-(6-(3-carboxylato-4-(3-iminio-3H-xanthen-9-yl)benzamido)hexyl)-4,5-dihydro-1H-pyrrol-3-yl)butyl)piperidin-1-ium-4-yl)phenyl)-7-(4-(trifluoromethyl)phenyl)-2-naphthoate from human P2Y14R stably expressed in CHO cells by flow cytometry",CHEMBL5331128,Q15391,Purinergic receptor P2Y14,IC50,O=C(O)c1cc(-c2ccc(C3(O)C[C@H]4CNC[C@@H]4C3)cc2)c2ccc(-c3ccc(C(F)(F)F)cc3)cc2c1,8.023191662661933
CHEMBL5420363,CHEMBL4518,Purinergic receptor P2Y14,IC50,=,16.6,nM,CHEMBL5334868,B,"Displacement of fluorescent tracer 4-(4-(1-(4-(1-(6-(3-carboxylato-4-(3-iminio-3H-xanthen-9-yl)benzamido)hexyl)-4,5-dihydro-1H-pyrrol-3-yl)butyl)piperidin-1-ium-4-yl)phenyl)-7-(4-(trifluoromethyl)phenyl)-2-naphthoate from human P2Y14R stably expressed in CHO cells by flow cytometry",CHEMBL5331128,Q15391,Purinergic receptor P2Y14,IC50,O=C(O)c1cc(-c2ccc(C3=C[C@H]4CNC[C@@H]4C3)cc2)c2ccc(-c3ccc(C(F)(F)F)cc3)cc2c1,7.779891911959945
CHEMBL5405201,CHEMBL4518,Purinergic receptor P2Y14,IC50,=,32.0,nM,CHEMBL5334868,B,"Displacement of fluorescent tracer 4-(4-(1-(4-(1-(6-(3-carboxylato-4-(3-iminio-3H-xanthen-9-yl)benzamido)hexyl)-4,5-dihydro-1H-pyrrol-3-yl)butyl)piperidin-1-ium-4-yl)phenyl)-7-(4-(trifluoromethyl)phenyl)-2-naphthoate from human P2Y14R stably expressed in CHO cells by flow cytometry",CHEMBL5331128,Q15391,Purinergic receptor P2Y14,IC50,O=C(O)c1cc(-c2ccc(C3C[C@H]4CNC[C@@H]4C3)cc2)c2ccc(-c3ccc(C(F)(F)F)cc3)cc2c1,7.494850021680094
CHEMBL5420703,CHEMBL4518,Purinergic receptor P2Y14,IC50,=,524.0,nM,CHEMBL5334868,B,"Displacement of fluorescent tracer 4-(4-(1-(4-(1-(6-(3-carboxylato-4-(3-iminio-3H-xanthen-9-yl)benzamido)hexyl)-4,5-dihydro-1H-pyrrol-3-yl)butyl)piperidin-1-ium-4-yl)phenyl)-7-(4-(trifluoromethyl)phenyl)-2-naphthoate from human P2Y14R stably expressed in CHO cells by flow cytometry",CHEMBL5331128,Q15391,Purinergic receptor P2Y14,IC50,O=C(O)c1cc(-c2ccc([C@@H]3[C@@H]4CNC[C@H]3C4)cc2)c2ccc(-c3ccc(C(F)(F)F)cc3)cc2c1,6.280668713016274
CHEMBL5399275,CHEMBL4518,Purinergic receptor P2Y14,IC50,=,5.92,nM,CHEMBL5334868,B,"Displacement of fluorescent tracer 4-(4-(1-(4-(1-(6-(3-carboxylato-4-(3-iminio-3H-xanthen-9-yl)benzamido)hexyl)-4,5-dihydro-1H-pyrrol-3-yl)butyl)piperidin-1-ium-4-yl)phenyl)-7-(4-(trifluoromethyl)phenyl)-2-naphthoate from human P2Y14R stably expressed in CHO cells by flow cytometry",CHEMBL5331128,Q15391,Purinergic receptor P2Y14,IC50,O=C(O)c1cc(-c2ccc([C@]3(O)[C@@H]4CNC[C@H]3C4)cc2)c2ccc(-c3ccc(C(F)(F)F)cc3)cc2c1,8.22767829327708
CHEMBL5417310,CHEMBL4518,Purinergic receptor P2Y14,IC50,=,9.58,nM,CHEMBL5334868,B,"Displacement of fluorescent tracer 4-(4-(1-(4-(1-(6-(3-carboxylato-4-(3-iminio-3H-xanthen-9-yl)benzamido)hexyl)-4,5-dihydro-1H-pyrrol-3-yl)butyl)piperidin-1-ium-4-yl)phenyl)-7-(4-(trifluoromethyl)phenyl)-2-naphthoate from human P2Y14R stably expressed in CHO cells by flow cytometry",CHEMBL5331128,Q15391,Purinergic receptor P2Y14,IC50,O=C(O)c1cc(-c2ccc(C3CCCNCC3)cc2)c2ccc(-c3ccc(C(F)(F)F)cc3)cc2c1,8.018634490921455
CHEMBL5432717,CHEMBL4518,Purinergic receptor P2Y14,IC50,=,18.5,nM,CHEMBL5334868,B,"Displacement of fluorescent tracer 4-(4-(1-(4-(1-(6-(3-carboxylato-4-(3-iminio-3H-xanthen-9-yl)benzamido)hexyl)-4,5-dihydro-1H-pyrrol-3-yl)butyl)piperidin-1-ium-4-yl)phenyl)-7-(4-(trifluoromethyl)phenyl)-2-naphthoate from human P2Y14R stably expressed in CHO cells by flow cytometry",CHEMBL5331128,Q15391,Purinergic receptor P2Y14,IC50,O=C(O)c1cc(-c2ccc(C3CCCNCCC3)cc2)c2ccc(-c3ccc(C(F)(F)F)cc3)cc2c1,7.732828271596986
CHEMBL5417313,CHEMBL4518,Purinergic receptor P2Y14,IC50,=,58.4,nM,CHEMBL5334868,B,"Displacement of fluorescent tracer 4-(4-(1-(4-(1-(6-(3-carboxylato-4-(3-iminio-3H-xanthen-9-yl)benzamido)hexyl)-4,5-dihydro-1H-pyrrol-3-yl)butyl)piperidin-1-ium-4-yl)phenyl)-7-(4-(trifluoromethyl)phenyl)-2-naphthoate from human P2Y14R stably expressed in CHO cells by flow cytometry",CHEMBL5331128,Q15391,Purinergic receptor P2Y14,IC50,O=C(O)c1cc(-c2ccc(/C3=C/CCNCCC3)cc2)c2ccc(-c3ccc(C(F)(F)F)cc3)cc2c1,7.2335871528876
CHEMBL5418872,CHEMBL4518,Purinergic receptor P2Y14,IC50,=,1780.0,nM,CHEMBL5334868,B,"Displacement of fluorescent tracer 4-(4-(1-(4-(1-(6-(3-carboxylato-4-(3-iminio-3H-xanthen-9-yl)benzamido)hexyl)-4,5-dihydro-1H-pyrrol-3-yl)butyl)piperidin-1-ium-4-yl)phenyl)-7-(4-(trifluoromethyl)phenyl)-2-naphthoate from human P2Y14R stably expressed in CHO cells by flow cytometry",CHEMBL5331128,Q15391,Purinergic receptor P2Y14,IC50,O=C(O)c1cc(-c2ccc(C3(O)CCCNCCC3)cc2)c2ccc(-c3ccc(C(F)(F)F)cc3)cc2c1,5.7495799976911055
CHEMBL5432914,CHEMBL4518,Purinergic receptor P2Y14,IC50,=,4810.0,nM,CHEMBL5334868,B,"Displacement of fluorescent tracer 4-(4-(1-(4-(1-(6-(3-carboxylato-4-(3-iminio-3H-xanthen-9-yl)benzamido)hexyl)-4,5-dihydro-1H-pyrrol-3-yl)butyl)piperidin-1-ium-4-yl)phenyl)-7-(4-(trifluoromethyl)phenyl)-2-naphthoate from human P2Y14R stably expressed in CHO cells by flow cytometry",CHEMBL5331128,Q15391,Purinergic receptor P2Y14,IC50,CN(C)C(=O)COC(=O)c1cc(-c2ccc([C@]3(O)[C@@H]4CNC[C@H]3C4)cc2)c2ccc(-c3ccc(C(F)(F)F)cc3)cc2c1,5.317854923626168
CHEMBL5420879,CHEMBL4518,Purinergic receptor P2Y14,IC50,=,81.6,nM,CHEMBL5334868,B,"Displacement of fluorescent tracer 4-(4-(1-(4-(1-(6-(3-carboxylato-4-(3-iminio-3H-xanthen-9-yl)benzamido)hexyl)-4,5-dihydro-1H-pyrrol-3-yl)butyl)piperidin-1-ium-4-yl)phenyl)-7-(4-(trifluoromethyl)phenyl)-2-naphthoate from human P2Y14R stably expressed in CHO cells by flow cytometry",CHEMBL5331128,Q15391,Purinergic receptor P2Y14,IC50,CCOC(=O)N1C[C@H]2C[C@@H](C1)[C@@]2(O)c1ccc(-c2cc(C(=O)O)cc3cc(-c4ccc(C(F)(F)F)cc4)ccc23)cc1,7.088309841246139
CHEMBL5437512,CHEMBL4518,Purinergic receptor P2Y14,IC50,=,25900.0,nM,CHEMBL5334868,B,"Displacement of fluorescent tracer 4-(4-(1-(4-(1-(6-(3-carboxylato-4-(3-iminio-3H-xanthen-9-yl)benzamido)hexyl)-4,5-dihydro-1H-pyrrol-3-yl)butyl)piperidin-1-ium-4-yl)phenyl)-7-(4-(trifluoromethyl)phenyl)-2-naphthoate from human P2Y14R stably expressed in CHO cells by flow cytometry",CHEMBL5331128,Q15391,Purinergic receptor P2Y14,IC50,C[Si]1(C)C2=CC(=[N+]3CCC3)C=CC2=C(c2cc(C(=O)NCCCCCCn3cc(CCCCN4CCC(c5ccc(-c6cc(C(=O)O)cc7cc(-c8ccc(C(F)(F)F)cc8)ccc67)cc5)CC4)nn3)ccc2C(=O)[O-])c2ccc(N3CCC3)cc21,4.586700235918748
CHEMBL4217398,CHEMBL4518,Purinergic receptor P2Y14,IC50,=,424.0,nM,CHEMBL5334868,B,"Displacement of fluorescent tracer 4-(4-(1-(4-(1-(6-(3-carboxylato-4-(3-iminio-3H-xanthen-9-yl)benzamido)hexyl)-4,5-dihydro-1H-pyrrol-3-yl)butyl)piperidin-1-ium-4-yl)phenyl)-7-(4-(trifluoromethyl)phenyl)-2-naphthoate from human P2Y14R stably expressed in CHO cells by flow cytometry",CHEMBL5331128,Q15391,Purinergic receptor P2Y14,IC50,CC(C)(C)OC(=O)NCCCCCCn1cc(CCCCN2CCC(c3ccc(-c4cc(C(=O)O)cc5cc(-c6ccc(C(F)(F)F)cc6)ccc45)cc3)CC2)nn1,6.372634143407268
CHEMBL4216870,CHEMBL4518,Purinergic receptor P2Y14,IC50,=,116.0,nM,CHEMBL5334868,B,"Displacement of fluorescent tracer 4-(4-(1-(4-(1-(6-(3-carboxylato-4-(3-iminio-3H-xanthen-9-yl)benzamido)hexyl)-4,5-dihydro-1H-pyrrol-3-yl)butyl)piperidin-1-ium-4-yl)phenyl)-7-(4-(trifluoromethyl)phenyl)-2-naphthoate from human P2Y14R stably expressed in CHO cells by flow cytometry",CHEMBL5331128,Q15391,Purinergic receptor P2Y14,IC50,NCCCCCCn1cc(CCCCN2CCC(c3ccc(-c4cc(C(=O)O)cc5cc(-c6ccc(C(F)(F)F)cc6)ccc45)cc3)CC2)nn1,6.935542010773082
CHEMBL375951,CHEMBL4518,Purinergic receptor P2Y14,EC50,=,400000.0,nM,CHEMBL3592309,B,Agonist activity at recombinant human P2Y14 receptor expressed in African green monkey COS7 cells co-transfected with Galphaqi assessed as stimulation of phospholipase Cbeta,CHEMBL3588816,Q15391,Purinergic receptor P2Y14,EC50,O=c1ccn([C@@H]2O[C@H](COP(=O)(O)OP(=O)(O)O[C@H]3O[C@H](CO)[C@@H](O)[C@H](O)[C@H]3O)[C@@H](O)[C@H]2O)c(=O)[nH]1,3.3979400086720375
CHEMBL130266,CHEMBL4518,Purinergic receptor P2Y14,EC50,=,160000.0,nM,CHEMBL3592309,B,Agonist activity at recombinant human P2Y14 receptor expressed in African green monkey COS7 cells co-transfected with Galphaqi assessed as stimulation of phospholipase Cbeta,CHEMBL3588816,Q15391,Purinergic receptor P2Y14,EC50,O=c1ccn([C@@H]2O[C@H](COP(=O)(O)OP(=O)(O)O)[C@@H](O)[C@H]2O)c(=O)[nH]1,3.795880017344075
CHEMBL216011,CHEMBL4518,Purinergic receptor P2Y14,EC50,=,1920.0,nM,CHEMBL3592309,B,Agonist activity at recombinant human P2Y14 receptor expressed in African green monkey COS7 cells co-transfected with Galphaqi assessed as stimulation of phospholipase Cbeta,CHEMBL3588816,Q15391,Purinergic receptor P2Y14,EC50,O=c1ccn([C@@H]2O[C@H](COP(=O)(O)OP(=O)(O)O)[C@@H](O)[C@H]2O)c(=S)[nH]1,5.71669877129645
CHEMBL228111,CHEMBL4518,Purinergic receptor P2Y14,EC50,=,11000.0,nM,CHEMBL3592309,B,Agonist activity at recombinant human P2Y14 receptor expressed in African green monkey COS7 cells co-transfected with Galphaqi assessed as stimulation of phospholipase Cbeta,CHEMBL3588816,Q15391,Purinergic receptor P2Y14,EC50,O=c1ccn([C@@H]2O[C@H](COP(=O)(O)OP(=O)(O)O[C@H]3O[C@H](CO)[C@@H](O)[C@H](O)[C@H]3O)[C@@H](O)[C@H]2O)c(=S)[nH]1,4.958607314841775
CHEMBL1199733,CHEMBL4518,Purinergic receptor P2Y14,EC50,=,5160000.0,nM,CHEMBL3592309,B,Agonist activity at recombinant human P2Y14 receptor expressed in African green monkey COS7 cells co-transfected with Galphaqi assessed as stimulation of phospholipase Cbeta,CHEMBL3588816,Q15391,Purinergic receptor P2Y14,EC50,O=c1ccn([C@@H]2O[C@H](COP(=O)(O)OP(=O)(O)OC3CCCCC3)[C@@H](O)[C@H]2O)c(=O)[nH]1,2.2873502983727887
CHEMBL593830,CHEMBL4518,Purinergic receptor P2Y14,EC50,=,2500000.0,nM,CHEMBL3592309,B,Agonist activity at recombinant human P2Y14 receptor expressed in African green monkey COS7 cells co-transfected with Galphaqi assessed as stimulation of phospholipase Cbeta,CHEMBL3588816,Q15391,Purinergic receptor P2Y14,EC50,O=c1ccn([C@@H]2O[C@H](COP(=O)(O)OP(=O)(O)O[C@H]3O[C@H](CO)[C@@H](O)[C@H](O)[C@H]3F)[C@@H](O)[C@H]2O)c(=O)[nH]1,2.6020599913279625
CHEMBL594064,CHEMBL4518,Purinergic receptor P2Y14,EC50,=,361000.0,nM,CHEMBL3592309,B,Agonist activity at recombinant human P2Y14 receptor expressed in African green monkey COS7 cells co-transfected with Galphaqi assessed as stimulation of phospholipase Cbeta,CHEMBL3588816,Q15391,Purinergic receptor P2Y14,EC50,O=c1ccn([C@@H]2O[C@H](COP(=O)(O)OP(=O)(O)O[C@H]3O[C@H](CO)[C@@H](O)[C@H](F)[C@H]3O)[C@@H](O)[C@H]2O)c(=O)[nH]1,3.4424927980943423
CHEMBL593125,CHEMBL4518,Purinergic receptor P2Y14,EC50,=,567000.0,nM,CHEMBL3592309,B,Agonist activity at recombinant human P2Y14 receptor expressed in African green monkey COS7 cells co-transfected with Galphaqi assessed as stimulation of phospholipase Cbeta,CHEMBL3588816,Q15391,Purinergic receptor P2Y14,EC50,O=c1ccn([C@@H]2O[C@H](COP(=O)(O)OP(=O)(O)O[C@H]3O[C@H](CO)[C@@H](F)[C@H](O)[C@H]3O)[C@@H](O)[C@H]2O)c(=O)[nH]1,3.2464169411070936
CHEMBL593126,CHEMBL4518,Purinergic receptor P2Y14,EC50,=,905000.0,nM,CHEMBL3592309,B,Agonist activity at recombinant human P2Y14 receptor expressed in African green monkey COS7 cells co-transfected with Galphaqi assessed as stimulation of phospholipase Cbeta,CHEMBL3588816,Q15391,Purinergic receptor P2Y14,EC50,O=c1ccn([C@@H]2O[C@H](COP(=O)(O)OP(=O)(O)O[C@H]3O[C@H](CF)[C@@H](O)[C@H](O)[C@H]3O)[C@@H](O)[C@H]2O)c(=O)[nH]1,3.0433514207947967
CHEMBL130266,CHEMBL4518,Purinergic receptor P2Y14,EC50,=,74.0,nM,CHEMBL5257770,B,Agonist activity at human P2Y14 expressed in HEK293 cells,CHEMBL5257031,Q15391,Purinergic receptor P2Y14,EC50,O=c1ccn([C@@H]2O[C@H](COP(=O)(O)OP(=O)(O)O)[C@@H](O)[C@H]2O)c(=O)[nH]1,7.130768280269024
CHEMBL130266,CHEMBL4518,Purinergic receptor P2Y14,EC50,=,29.0,nM,CHEMBL5257771,B,Agonist activity at human P2Y14 expressed in rat C6 cells,CHEMBL5257031,Q15391,Purinergic receptor P2Y14,EC50,O=c1ccn([C@@H]2O[C@H](COP(=O)(O)OP(=O)(O)O)[C@@H](O)[C@H]2O)c(=O)[nH]1,7.537602002101044
CHEMBL130266,CHEMBL4518,Purinergic receptor P2Y14,EC50,=,33.0,nM,CHEMBL5257772,B,Agonist activity at human P2Y14 expressed in rat CHO cells,CHEMBL5257031,Q15391,Purinergic receptor P2Y14,EC50,O=c1ccn([C@@H]2O[C@H](COP(=O)(O)OP(=O)(O)O)[C@@H](O)[C@H]2O)c(=O)[nH]1,7.481486060122112
