molecule_chembl_id,target_chembl_id,target_pref_name,standard_type,standard_relation,standard_value,standard_units,assay_chembl_id,assay_type,assay_description,document_chembl_id,uniprot_id,target_pref_name,readout,smiles,pActivity
CHEMBL48667,CHEMBL3911,Leukotriene B4 receptor 1,IC50,=,4.8,nM,CHEMBL709312,B,In vitro binding affinity using [3H]LTB4 radioligand binding to leukotriene B4 receptor in human neutrophil binding assay,CHEMBL1126386,Q15722,Leukotriene B4 receptor 1,IC50,CCOc1cc(CC)c(OCCCCCC(C)(C)c2nn[n-]n2)cc1O.[Na+],8.318758762624412
CHEMBL416277,CHEMBL3911,Leukotriene B4 receptor 1,IC50,=,4.2,nM,CHEMBL709312,B,In vitro binding affinity using [3H]LTB4 radioligand binding to leukotriene B4 receptor in human neutrophil binding assay,CHEMBL1126386,Q15722,Leukotriene B4 receptor 1,IC50,CCCc1c(OCCCOc2cc(O)c(OCC)cc2CC)ccc2c1OC(C(=O)O)CC2,8.3767507096021
CHEMBL294987,CHEMBL3911,Leukotriene B4 receptor 1,IC50,=,2.9,nM,CHEMBL709312,B,In vitro binding affinity using [3H]LTB4 radioligand binding to leukotriene B4 receptor in human neutrophil binding assay,CHEMBL1126386,Q15722,Leukotriene B4 receptor 1,IC50,CCCc1c(OCCCOc2cc(O)c(OC)cc2CC)ccc2c1OC(C(=O)O)CC2,8.537602002101044
CHEMBL46820,CHEMBL3911,Leukotriene B4 receptor 1,IC50,=,6.0,nM,CHEMBL709312,B,In vitro binding affinity using [3H]LTB4 radioligand binding to leukotriene B4 receptor in human neutrophil binding assay,CHEMBL1126386,Q15722,Leukotriene B4 receptor 1,IC50,CCc1cc(OC)c(O)cc1OCCCCCC(C)(C)c1nn[n-]n1.[Na+],8.221848749616356
CHEMBL126463,CHEMBL3911,Leukotriene B4 receptor 1,IC50,=,7.0,nM,CHEMBL706537,B,Inhibitory concentration of compound against Leukotriene B4 receptor binding to human neutrophils was determined,CHEMBL1130364,Q15722,Leukotriene B4 receptor 1,IC50,COc1cc(C(=O)N(C(C)C)C(C)C)ccc1OCCCCOc1ccc2c(N)noc2c1,8.154901959985743
CHEMBL419948,CHEMBL3911,Leukotriene B4 receptor 1,IC50,=,1.3,nM,CHEMBL709304,B,Compound was tested for inhibitory activity against human neutrophil LTB4 receptor binding,CHEMBL1129361,Q15722,Leukotriene B4 receptor 1,IC50,CCCc1c(OCCCOc2ccc(C(=O)NC)c(OC)c2CC2CC2)ccc2c1O[C@H](CCC(=O)O)CC2,8.886056647693163
CHEMBL90788,CHEMBL3911,Leukotriene B4 receptor 1,IC50,=,39.6,nM,CHEMBL709304,B,Compound was tested for inhibitory activity against human neutrophil LTB4 receptor binding,CHEMBL1129361,Q15722,Leukotriene B4 receptor 1,IC50,CCCc1c(OCCCOc2cc(O)c(C(C)=O)cc2CC)ccc2c1OC(C(=O)O)CC2,7.402304814074488
CHEMBL14823,CHEMBL3911,Leukotriene B4 receptor 1,IC50,=,20.0,nM,CHEMBL709303,B,Compound was tested for inhibitory activity against LTB4 (leukotriene) binding,CHEMBL1129361,Q15722,Leukotriene B4 receptor 1,IC50,CCCc1c(OCCCOc2ccc(C(C)=O)c(OC)c2CCC)ccc2c1OC(C(=O)O)CC2,7.698970004336019
CHEMBL328492,CHEMBL3911,Leukotriene B4 receptor 1,IC50,=,1.5,nM,CHEMBL709304,B,Compound was tested for inhibitory activity against human neutrophil LTB4 receptor binding,CHEMBL1129361,Q15722,Leukotriene B4 receptor 1,IC50,CCCc1c(OCCCOc2ccc(C(=O)NC)c(OC)c2CC2CC2)ccc2c1OC(CCC(=O)O)CC2,8.823908740944319
CHEMBL88337,CHEMBL3911,Leukotriene B4 receptor 1,IC50,=,4.0,nM,CHEMBL709304,B,Compound was tested for inhibitory activity against human neutrophil LTB4 receptor binding,CHEMBL1129361,Q15722,Leukotriene B4 receptor 1,IC50,CCc1cc(C(C)=O)c(O)cc1OCCCOc1ccc2c(=O)c3cc(C(=O)O)ccc3oc2c1CCC(=O)O,8.397940008672037
CHEMBL51770,CHEMBL3911,Leukotriene B4 receptor 1,IC50,=,8.4,nM,CHEMBL706922,B,Compound was tested for inhibitory activity against Leukotriene B4 receptor binding,CHEMBL1129361,Q15722,Leukotriene B4 receptor 1,IC50,O=C(O)C1(c2ccc3c(c2)OC[C@H](Cc2ccc(-c4ccccc4)cc2)[C@H]3O)CCCC1,8.075720713938118
CHEMBL89326,CHEMBL3911,Leukotriene B4 receptor 1,IC50,=,4.0,nM,CHEMBL706922,B,Compound was tested for inhibitory activity against Leukotriene B4 receptor binding,CHEMBL1129361,Q15722,Leukotriene B4 receptor 1,IC50,COc1cc(C(=O)N(C(C)C)C(C)C)ccc1OCCCCCOc1ccc(C(=N)N)cc1,8.397940008672037
CHEMBL320258,CHEMBL3911,Leukotriene B4 receptor 1,IC50,=,700.0,nM,CHEMBL706964,B,Capability to inhibit the binding of [3H]LTB4 to guinea pig spleen Leukotriene B4 receptor at the concentration of 10e-5 M,CHEMBL1126193,Q15722,Leukotriene B4 receptor 1,IC50,Cc1cc(CCCCCCC(=O)O)c(CCCc2ccccc2)s1,6.154901959985743
CHEMBL109016,CHEMBL3911,Leukotriene B4 receptor 1,IC50,=,4500.0,nM,CHEMBL706964,B,Capability to inhibit the binding of [3H]LTB4 to guinea pig spleen Leukotriene B4 receptor at the concentration of 10e-5 M,CHEMBL1126193,Q15722,Leukotriene B4 receptor 1,IC50,O=C(O)CCCCCc1sccc1CCCc1ccccc1,5.346787486224656
CHEMBL326000,CHEMBL3911,Leukotriene B4 receptor 1,IC50,=,3000.0,nM,CHEMBL706964,B,Capability to inhibit the binding of [3H]LTB4 to guinea pig spleen Leukotriene B4 receptor at the concentration of 10e-5 M,CHEMBL1126193,Q15722,Leukotriene B4 receptor 1,IC50,COc1ccc(CCCc2sccc2CCCCCCC(=O)O)cc1,5.522878745280337
CHEMBL53967,CHEMBL3911,Leukotriene B4 receptor 1,IC50,=,3800.0,nM,CHEMBL706533,B,Compound was tested for its antagonist activity in a LTB4 human neutrophil receptor binding assay using the natural ligand itself,CHEMBL1125981,Q15722,Leukotriene B4 receptor 1,IC50,CCCCC/C=C\C[C@@H](C)/C=C/C=C/C=C/[C@@H](O)CCCC(=O)O,5.42021640338319
CHEMBL322985,CHEMBL3911,Leukotriene B4 receptor 1,IC50,=,1200.0,nM,CHEMBL706964,B,Capability to inhibit the binding of [3H]LTB4 to guinea pig spleen Leukotriene B4 receptor at the concentration of 10e-5 M,CHEMBL1126193,Q15722,Leukotriene B4 receptor 1,IC50,CC(C)(CCCCCc1cc(-c2ccccc2)sc1CCCc1ccccc1)C(=O)O,5.920818753952375
CHEMBL107781,CHEMBL3911,Leukotriene B4 receptor 1,IC50,=,5000.0,nM,CHEMBL706964,B,Capability to inhibit the binding of [3H]LTB4 to guinea pig spleen Leukotriene B4 receptor at the concentration of 10e-5 M,CHEMBL1126193,Q15722,Leukotriene B4 receptor 1,IC50,O=C(O)CCCCCCc1csc(CCCc2ccc(O)cc2)c1,5.301029995663981
CHEMBL107760,CHEMBL3911,Leukotriene B4 receptor 1,IC50,=,1000.0,nM,CHEMBL706964,B,Capability to inhibit the binding of [3H]LTB4 to guinea pig spleen Leukotriene B4 receptor at the concentration of 10e-5 M,CHEMBL1126193,Q15722,Leukotriene B4 receptor 1,IC50,O=C(O)CCCCCCc1ccsc1CCCc1ccc(Cl)cc1,6.0
CHEMBL109129,CHEMBL3911,Leukotriene B4 receptor 1,IC50,=,3000.0,nM,CHEMBL706964,B,Capability to inhibit the binding of [3H]LTB4 to guinea pig spleen Leukotriene B4 receptor at the concentration of 10e-5 M,CHEMBL1126193,Q15722,Leukotriene B4 receptor 1,IC50,Cc1cc(CCCc2ccccc2)c(SCCCCCC(=O)O)s1,5.522878745280337
CHEMBL110767,CHEMBL3911,Leukotriene B4 receptor 1,IC50,=,110.0,nM,CHEMBL706964,B,Capability to inhibit the binding of [3H]LTB4 to guinea pig spleen Leukotriene B4 receptor at the concentration of 10e-5 M,CHEMBL1126193,Q15722,Leukotriene B4 receptor 1,IC50,CC(CCCCCc1sccc1CCCc1ccccc1)C(=O)O,6.958607314841775
CHEMBL110402,CHEMBL3911,Leukotriene B4 receptor 1,IC50,=,1000.0,nM,CHEMBL706965,B,Capability of compound to inhibit the binding of [3H]LTB4 to guinea pig spleen Leukotriene B4 receptors at the concentration of 10e-5 M,CHEMBL1126193,Q15722,Leukotriene B4 receptor 1,IC50,O=C(O)CCCCCCc1ccsc1CCCc1ccccc1,6.0
CHEMBL108094,CHEMBL3911,Leukotriene B4 receptor 1,IC50,=,3500.0,nM,CHEMBL706964,B,Capability to inhibit the binding of [3H]LTB4 to guinea pig spleen Leukotriene B4 receptor at the concentration of 10e-5 M,CHEMBL1126193,Q15722,Leukotriene B4 receptor 1,IC50,O=C(O)CCCCc1sccc1CCCc1ccccc1,5.455931955649724
CHEMBL106055,CHEMBL3911,Leukotriene B4 receptor 1,IC50,=,10000.0,nM,CHEMBL706964,B,Capability to inhibit the binding of [3H]LTB4 to guinea pig spleen Leukotriene B4 receptor at the concentration of 10e-5 M,CHEMBL1126193,Q15722,Leukotriene B4 receptor 1,IC50,O=C(O)CCCCCCc1csc(CCc2ccccc2)c1,5.0
CHEMBL109015,CHEMBL3911,Leukotriene B4 receptor 1,IC50,=,1000.0,nM,CHEMBL706964,B,Capability to inhibit the binding of [3H]LTB4 to guinea pig spleen Leukotriene B4 receptor at the concentration of 10e-5 M,CHEMBL1126193,Q15722,Leukotriene B4 receptor 1,IC50,O=C(O)CCCCCCc1csc(CCCc2ccc(Cl)cc2)c1,6.0
CHEMBL110707,CHEMBL3911,Leukotriene B4 receptor 1,IC50,=,1000.0,nM,CHEMBL706964,B,Capability to inhibit the binding of [3H]LTB4 to guinea pig spleen Leukotriene B4 receptor at the concentration of 10e-5 M,CHEMBL1126193,Q15722,Leukotriene B4 receptor 1,IC50,O=C(O)CCCCCCc1sc(-c2ccccc2)cc1CCCc1ccccc1,6.0
CHEMBL326650,CHEMBL3911,Leukotriene B4 receptor 1,IC50,=,300.0,nM,CHEMBL706964,B,Capability to inhibit the binding of [3H]LTB4 to guinea pig spleen Leukotriene B4 receptor at the concentration of 10e-5 M,CHEMBL1126193,Q15722,Leukotriene B4 receptor 1,IC50,Cc1cc(CCCc2ccccc2)c(CCCCCC(C)C(=O)O)s1,6.522878745280337
CHEMBL110243,CHEMBL3911,Leukotriene B4 receptor 1,IC50,=,200.0,nM,CHEMBL706963,B,Capability of compound to inhibit the binding of [3H]LTB4 to guinea pig spleen Leukotriene B4 receptor at the concentration of 10e-5 M,CHEMBL1126193,Q15722,Leukotriene B4 receptor 1,IC50,Cc1cc(CCCc2ccccc2)c(CCCCCC(C)(C)C(=O)O)s1,6.698970004336019
CHEMBL109128,CHEMBL3911,Leukotriene B4 receptor 1,IC50,=,6000.0,nM,CHEMBL706964,B,Capability to inhibit the binding of [3H]LTB4 to guinea pig spleen Leukotriene B4 receptor at the concentration of 10e-5 M,CHEMBL1126193,Q15722,Leukotriene B4 receptor 1,IC50,O=C(O)CCCCCC(O)c1sccc1CCCc1ccccc1,5.221848749616356
CHEMBL322290,CHEMBL3911,Leukotriene B4 receptor 1,IC50,=,10000.0,nM,CHEMBL706964,B,Capability to inhibit the binding of [3H]LTB4 to guinea pig spleen Leukotriene B4 receptor at the concentration of 10e-5 M,CHEMBL1126193,Q15722,Leukotriene B4 receptor 1,IC50,O=C(O)CCCCCCc1csc(Cc2ccccc2)c1,5.0
CHEMBL265563,CHEMBL3911,Leukotriene B4 receptor 1,IC50,=,300.0,nM,CHEMBL706964,B,Capability to inhibit the binding of [3H]LTB4 to guinea pig spleen Leukotriene B4 receptor at the concentration of 10e-5 M,CHEMBL1126193,Q15722,Leukotriene B4 receptor 1,IC50,Cc1cc(CCCCCC(C)C(=O)O)c(CCCc2ccccc2)s1,6.522878745280337
CHEMBL108415,CHEMBL3911,Leukotriene B4 receptor 1,IC50,=,60.0,nM,CHEMBL706964,B,Capability to inhibit the binding of [3H]LTB4 to guinea pig spleen Leukotriene B4 receptor at the concentration of 10e-5 M,CHEMBL1126193,Q15722,Leukotriene B4 receptor 1,IC50,CC(C)(CCCCCc1sccc1CCCc1ccccc1)C(=O)O,7.221848749616356
CHEMBL109176,CHEMBL3911,Leukotriene B4 receptor 1,IC50,=,1000.0,nM,CHEMBL706964,B,Capability to inhibit the binding of [3H]LTB4 to guinea pig spleen Leukotriene B4 receptor at the concentration of 10e-5 M,CHEMBL1126193,Q15722,Leukotriene B4 receptor 1,IC50,O=C(O)CCCCCCc1sccc1CCCc1ccccc1,6.0
CHEMBL430520,CHEMBL3911,Leukotriene B4 receptor 1,IC50,=,800.0,nM,CHEMBL706964,B,Capability to inhibit the binding of [3H]LTB4 to guinea pig spleen Leukotriene B4 receptor at the concentration of 10e-5 M,CHEMBL1126193,Q15722,Leukotriene B4 receptor 1,IC50,CC(C)(CCCCCc1sc(-c2ccccc2)cc1CCCc1ccccc1)C(=O)O,6.096910013008056
CHEMBL110708,CHEMBL3911,Leukotriene B4 receptor 1,IC50,=,1500.0,nM,CHEMBL706964,B,Capability to inhibit the binding of [3H]LTB4 to guinea pig spleen Leukotriene B4 receptor at the concentration of 10e-5 M,CHEMBL1126193,Q15722,Leukotriene B4 receptor 1,IC50,Cc1cc(CCCc2ccccc2)c(CCCCCCC(=O)O)s1,5.823908740944319
CHEMBL49302,CHEMBL3911,Leukotriene B4 receptor 1,IC50,=,12.0,nM,CHEMBL879635,B,Binding affinity to leukotriene B4 receptor on intact human PMNs by displacing radioligand [3H]LTB4,CHEMBL1127355,Q15722,Leukotriene B4 receptor 1,IC50,COc1ccc(/C=C/CCCCOc2ccc(C(=O)c3cccc(C(=O)O)c3)cc2CCC(=O)O)cc1,7.920818753952375
CHEMBL49302,CHEMBL3911,Leukotriene B4 receptor 1,IC50,=,13.0,nM,CHEMBL706534,B,In vitro antagonistic activity towards LTB4 receptor was evaluated by inhibition of binding of [3H]LTB4 to human neutrophils,CHEMBL1127112,Q15722,Leukotriene B4 receptor 1,IC50,COc1ccc(/C=C/CCCCOc2ccc(C(=O)c3cccc(C(=O)O)c3)cc2CCC(=O)O)cc1,7.886056647693163
CHEMBL49210,CHEMBL3911,Leukotriene B4 receptor 1,IC50,=,6.2,nM,CHEMBL706534,B,In vitro antagonistic activity towards LTB4 receptor was evaluated by inhibition of binding of [3H]LTB4 to human neutrophils,CHEMBL1127112,Q15722,Leukotriene B4 receptor 1,IC50,COc1ccc(/C=C/CCCCOc2ccc3c(=O)c4cc(C(=O)O)ccc4oc3c2CCC(=O)O)cc1,8.207608310501746
CHEMBL58534,CHEMBL3911,Leukotriene B4 receptor 1,IC50,=,190.0,nM,CHEMBL706534,B,In vitro antagonistic activity towards LTB4 receptor was evaluated by inhibition of binding of [3H]LTB4 to human neutrophils,CHEMBL1127112,Q15722,Leukotriene B4 receptor 1,IC50,CCc1cc(C(C)=O)c([O-])cc1OCCCOc1ccc2c(=O)c3cc(C(=O)[O-])ccc3oc2c1.[Na+].[Na+],6.721246399047171
CHEMBL292768,CHEMBL3911,Leukotriene B4 receptor 1,IC50,=,4.0,nM,CHEMBL706534,B,In vitro antagonistic activity towards LTB4 receptor was evaluated by inhibition of binding of [3H]LTB4 to human neutrophils,CHEMBL1127112,Q15722,Leukotriene B4 receptor 1,IC50,CCc1cc(C(C)=O)c([O-])cc1OCCCOc1ccc2c(=O)c3cc(C(=O)[O-])ccc3oc2c1CCC(=O)[O-].[Na+].[Na+].[Na+],8.397940008672037
CHEMBL15766,CHEMBL3911,Leukotriene B4 receptor 1,IC50,=,85.0,nM,CHEMBL706534,B,In vitro antagonistic activity towards LTB4 receptor was evaluated by inhibition of binding of [3H]LTB4 to human neutrophils,CHEMBL1127112,Q15722,Leukotriene B4 receptor 1,IC50,CCc1cc(C(C)=O)c(O)cc1OCCCCCC(C)(C)c1nn[nH]n1,7.070581074285707
CHEMBL60881,CHEMBL3911,Leukotriene B4 receptor 1,IC50,=,46.0,nM,CHEMBL706534,B,In vitro antagonistic activity towards LTB4 receptor was evaluated by inhibition of binding of [3H]LTB4 to human neutrophils,CHEMBL1127112,Q15722,Leukotriene B4 receptor 1,IC50,CCc1cc(C(C)=O)c([O-])cc1OCCCOc1ccc(C(=O)c2cccc(C(=O)[O-])c2)cc1CCC(=O)[O-].[Na+].[Na+].[Na+],7.337242168318426
CHEMBL65061,CHEMBL3911,Leukotriene B4 receptor 1,IC50,=,1.9,nM,CHEMBL706534,B,In vitro antagonistic activity towards LTB4 receptor was evaluated by inhibition of binding of [3H]LTB4 to human neutrophils,CHEMBL1127112,Q15722,Leukotriene B4 receptor 1,IC50,CCCCC/C=C\C[C@@H](O)/C=C/C=C/C=C\[C@@H](O)CCCC(=O)O,8.721246399047171
CHEMBL78605,CHEMBL3911,Leukotriene B4 receptor 1,IC50,=,11.0,nM,CHEMBL704422,B,Inhibition of [3H]Leukotriene B4 binding to human PMN,CHEMBL1127596,Q15722,Leukotriene B4 receptor 1,IC50,CCc1cc(-c2cc[nH]n2)c(O)cc1OCCCOc1cccc(CC(=O)O)c1,7.958607314841775
CHEMBL121748,CHEMBL3911,Leukotriene B4 receptor 1,IC50,=,900.0,nM,CHEMBL707235,B,Compound tested for binding affinity against Leukotriene B4 receptor using radioligand binding assay from Human PMN cells,CHEMBL1129645,Q15722,Leukotriene B4 receptor 1,IC50,CN(CCc1ccccc1)C(=O)Cc1ccc(OCc2ccccc2)cc1,6.045757490560675
CHEMBL420576,CHEMBL3911,Leukotriene B4 receptor 1,IC50,=,87.0,nM,CHEMBL704422,B,Inhibition of [3H]Leukotriene B4 binding to human PMN,CHEMBL1127596,Q15722,Leukotriene B4 receptor 1,IC50,CCc1cc(-c2cc[nH]n2)c(O)cc1OCCCOc1ccc(CCC(=O)O)cc1,7.060480747381382
CHEMBL81489,CHEMBL3911,Leukotriene B4 receptor 1,IC50,=,82.0,nM,CHEMBL704422,B,Inhibition of [3H]Leukotriene B4 binding to human PMN,CHEMBL1127596,Q15722,Leukotriene B4 receptor 1,IC50,CCc1cc(-c2cc[nH]n2)c(O)cc1OCCCCCOc1ccc(C(=O)O)cc1,7.086186147616283
CHEMBL78859,CHEMBL3911,Leukotriene B4 receptor 1,IC50,=,319.0,nM,CHEMBL704422,B,Inhibition of [3H]Leukotriene B4 binding to human PMN,CHEMBL1127596,Q15722,Leukotriene B4 receptor 1,IC50,CCCc1c(OCCCOc2cc(O)c(C(=O)/C=C/N(C)C)cc2CC)ccc2c1OC(C(=O)O)CC2,6.496209316942819
CHEMBL309883,CHEMBL3911,Leukotriene B4 receptor 1,IC50,=,55.0,nM,CHEMBL704422,B,Inhibition of [3H]Leukotriene B4 binding to human PMN,CHEMBL1127596,Q15722,Leukotriene B4 receptor 1,IC50,CCc1cc(-c2cc[nH]n2)c(O)cc1OCCCCCOc1ccc(CC(=O)O)cc1,7.259637310505756
CHEMBL328712,CHEMBL3911,Leukotriene B4 receptor 1,IC50,=,4.7,nM,CHEMBL707235,B,Compound tested for binding affinity against Leukotriene B4 receptor using radioligand binding assay from Human PMN cells,CHEMBL1129645,Q15722,Leukotriene B4 receptor 1,IC50,CN(CCc1ccccc1)C(=O)Cc1cc(C(=O)O)cc2c(OCc3ccccc3)cccc12,8.327902142064282
CHEMBL78966,CHEMBL3911,Leukotriene B4 receptor 1,IC50,=,107.0,nM,CHEMBL704422,B,Inhibition of [3H]Leukotriene B4 binding to human PMN,CHEMBL1127596,Q15722,Leukotriene B4 receptor 1,IC50,CCc1cc(-c2ccnn2C)c(O)cc1OCCCCCC(C)(C)c1nnn[nH]1,6.97061622231479
CHEMBL124717,CHEMBL3911,Leukotriene B4 receptor 1,IC50,=,50.0,nM,CHEMBL707235,B,Compound tested for binding affinity against Leukotriene B4 receptor using radioligand binding assay from Human PMN cells,CHEMBL1129645,Q15722,Leukotriene B4 receptor 1,IC50,CN(CCc1ccccc1)C(=O)Cc1cccc(/C=C/C(=O)O)c1,7.301029995663981
CHEMBL81817,CHEMBL3911,Leukotriene B4 receptor 1,IC50,=,54.0,nM,CHEMBL704422,B,Inhibition of [3H]Leukotriene B4 binding to human PMN,CHEMBL1127596,Q15722,Leukotriene B4 receptor 1,IC50,CCc1cc(-c2ccn[nH]2)c(O)cc1OCCCOc1ccc(CC(=O)O)cc1,7.267606240177031
CHEMBL81503,CHEMBL3911,Leukotriene B4 receptor 1,IC50,=,28.0,nM,CHEMBL704422,B,Inhibition of [3H]Leukotriene B4 binding to human PMN,CHEMBL1127596,Q15722,Leukotriene B4 receptor 1,IC50,CCc1cc(-c2cc[nH]n2)c(O)cc1OCCCCCOc1ccc(CCC(=O)O)cc1,7.552841968657781
CHEMBL81401,CHEMBL3911,Leukotriene B4 receptor 1,IC50,=,4.5,nM,CHEMBL704422,B,Inhibition of [3H]Leukotriene B4 binding to human PMN,CHEMBL1127596,Q15722,Leukotriene B4 receptor 1,IC50,CCCc1c(OCCCOc2cc(O)c(-c3cc[nH]n3)cc2CC)ccc2c1OC(C(=O)O)CC2,8.346787486224656
CHEMBL310870,CHEMBL3911,Leukotriene B4 receptor 1,IC50,=,12.0,nM,CHEMBL704422,B,Inhibition of [3H]Leukotriene B4 binding to human PMN,CHEMBL1127596,Q15722,Leukotriene B4 receptor 1,IC50,CCc1cc(-c2cc[nH]n2)c(O)cc1OCCCOc1ccccc1CC(=O)O,7.920818753952375
CHEMBL79233,CHEMBL3911,Leukotriene B4 receptor 1,IC50,=,834.0,nM,CHEMBL704422,B,Inhibition of [3H]Leukotriene B4 binding to human PMN,CHEMBL1127596,Q15722,Leukotriene B4 receptor 1,IC50,CCCc1c(CCC(=O)O)cccc1OCCCOc1cc(O)c(-c2cc[nH]n2)cc1CC,6.078833949362261
CHEMBL432363,CHEMBL3911,Leukotriene B4 receptor 1,IC50,=,738.0,nM,CHEMBL704422,B,Inhibition of [3H]Leukotriene B4 binding to human PMN,CHEMBL1127596,Q15722,Leukotriene B4 receptor 1,IC50,CCCc1ccc(CCC(=O)O)cc1OCCCOc1cc(O)c(-c2cc[nH]n2)cc1CC,6.131943638176958
CHEMBL79991,CHEMBL3911,Leukotriene B4 receptor 1,IC50,=,5.7,nM,CHEMBL704422,B,Inhibition of [3H]Leukotriene B4 binding to human PMN,CHEMBL1127596,Q15722,Leukotriene B4 receptor 1,IC50,CCc1cc(-c2cc[nH]n2)c(O)cc1OCCCOc1cccc(CCC(=O)O)c1,8.244125144327509
CHEMBL407983,CHEMBL3911,Leukotriene B4 receptor 1,IC50,=,6.4,nM,CHEMBL704422,B,Inhibition of [3H]Leukotriene B4 binding to human PMN,CHEMBL1127596,Q15722,Leukotriene B4 receptor 1,IC50,CCc1cc(-c2cc[nH]n2)c(O)cc1OCCCCCC(C)(C)c1nnn[nH]1,8.193820026016112
CHEMBL312483,CHEMBL3911,Leukotriene B4 receptor 1,IC50,=,9.3,nM,CHEMBL704422,B,Inhibition of [3H]Leukotriene B4 binding to human PMN,CHEMBL1127596,Q15722,Leukotriene B4 receptor 1,IC50,CCc1cc(-c2ccn(C)n2)c(O)cc1OCCCCCC(C)(C)c1nnn[nH]1,8.031517051446064
CHEMBL15766,CHEMBL3911,Leukotriene B4 receptor 1,IC50,=,85.1,nM,CHEMBL704422,B,Inhibition of [3H]Leukotriene B4 binding to human PMN,CHEMBL1127596,Q15722,Leukotriene B4 receptor 1,IC50,CCc1cc(C(C)=O)c(O)cc1OCCCCCC(C)(C)c1nn[nH]n1,7.070070439915412
CHEMBL52,CHEMBL3911,Leukotriene B4 receptor 1,IC50,=,85.0,nM,CHEMBL879502,B,The compound was tested for its inhibitory activity against LTB4 in human PMN,CHEMBL1125428,Q15722,Leukotriene B4 receptor 1,IC50,CC(Cc1ccc(O)c(O)c1)C(C)Cc1ccc(O)c(O)c1,7.070581074285707
CHEMBL49210,CHEMBL3911,Leukotriene B4 receptor 1,IC50,=,6.2,nM,CHEMBL704425,B,Inhibition of specific binding of LTB4 ( 0.1 nM) to receptors on intact human neutrophils,CHEMBL1126712,Q15722,Leukotriene B4 receptor 1,IC50,COc1ccc(/C=C/CCCCOc2ccc3c(=O)c4cc(C(=O)O)ccc4oc3c2CCC(=O)O)cc1,8.207608310501746
CHEMBL49302,CHEMBL3911,Leukotriene B4 receptor 1,IC50,=,13.2,nM,CHEMBL704427,B,Inhibition of specific binding of [3H]LTB4 ( 0.1 nM) to LTB4 receptor on intact human neutrophils,CHEMBL1126712,Q15722,Leukotriene B4 receptor 1,IC50,COc1ccc(/C=C/CCCCOc2ccc(C(=O)c3cccc(C(=O)O)c3)cc2CCC(=O)O)cc1,7.87942606879415
CHEMBL49302,CHEMBL3911,Leukotriene B4 receptor 1,IC50,=,1.9,nM,CHEMBL704424,B,Inhibition of binding of [3H]LTB4 to receptor on nonradioactive LTB4,CHEMBL1126712,Q15722,Leukotriene B4 receptor 1,IC50,COc1ccc(/C=C/CCCCOc2ccc(C(=O)c3cccc(C(=O)O)c3)cc2CCC(=O)O)cc1,8.721246399047171
CHEMBL49209,CHEMBL3911,Leukotriene B4 receptor 1,IC50,=,2097.0,nM,CHEMBL704425,B,Inhibition of specific binding of LTB4 ( 0.1 nM) to receptors on intact human neutrophils,CHEMBL1126712,Q15722,Leukotriene B4 receptor 1,IC50,CCCCCCCCCCOc1ccc2c(=O)c3cccc(C(=O)O)c3oc2c1CCC(=O)O,5.678401569534657
CHEMBL288758,CHEMBL3911,Leukotriene B4 receptor 1,IC50,=,43.0,nM,CHEMBL704425,B,Inhibition of specific binding of LTB4 ( 0.1 nM) to receptors on intact human neutrophils,CHEMBL1126712,Q15722,Leukotriene B4 receptor 1,IC50,CCCCCCCCCCOc1ccc2c(=O)c3cc(C(=O)O)ccc3oc2c1CCC(=O)O,7.366531544420413
CHEMBL296869,CHEMBL3911,Leukotriene B4 receptor 1,IC50,=,832.0,nM,CHEMBL704425,B,Inhibition of specific binding of LTB4 ( 0.1 nM) to receptors on intact human neutrophils,CHEMBL1126712,Q15722,Leukotriene B4 receptor 1,IC50,CCCCCCCCCCOc1cc2oc3ccc(C(=O)O)cc3c(=O)c2cc1CCC(=O)O,6.0798766737092755
CHEMBL48068,CHEMBL3911,Leukotriene B4 receptor 1,IC50,=,210.0,nM,CHEMBL704425,B,Inhibition of specific binding of LTB4 ( 0.1 nM) to receptors on intact human neutrophils,CHEMBL1126712,Q15722,Leukotriene B4 receptor 1,IC50,CCCCCCCCCCOc1ccc(C(=O)c2cccc(C(=O)O)c2)cc1CCC(=O)O,6.6777807052660805
CHEMBL297501,CHEMBL3911,Leukotriene B4 receptor 1,IC50,=,1766.0,nM,CHEMBL704425,B,Inhibition of specific binding of LTB4 ( 0.1 nM) to receptors on intact human neutrophils,CHEMBL1126712,Q15722,Leukotriene B4 receptor 1,IC50,CCCCCCCCCCOc1cc2oc3c(C(=O)O)cccc3c(=O)c2cc1CCC(=O)O,5.75300930075845
CHEMBL422598,CHEMBL3911,Leukotriene B4 receptor 1,IC50,=,131.0,nM,CHEMBL704428,B,Inhibitory concentration against LTB4 receptors in human PMNs,CHEMBL1127025,Q15722,Leukotriene B4 receptor 1,IC50,COc1ccc(CCCCCCCCOc2ccc(CSCc3cccc(C(=O)O)c3)nc2/C=C/C(=O)O)cc1,6.882728704344236
CHEMBL49302,CHEMBL3911,Leukotriene B4 receptor 1,IC50,=,12.0,nM,CHEMBL704429,B,Inhibitory concentration against leukotriene receptor B4 (LTB4) in human polymorphonuclear cells (PMNs),CHEMBL1127025,Q15722,Leukotriene B4 receptor 1,IC50,COc1ccc(/C=C/CCCCOc2ccc(C(=O)c3cccc(C(=O)O)c3)cc2CCC(=O)O)cc1,7.920818753952375
CHEMBL14823,CHEMBL3911,Leukotriene B4 receptor 1,IC50,=,300.0,nM,CHEMBL704429,B,Inhibitory concentration against leukotriene receptor B4 (LTB4) in human polymorphonuclear cells (PMNs),CHEMBL1127025,Q15722,Leukotriene B4 receptor 1,IC50,CCCc1c(OCCCOc2ccc(C(C)=O)c(OC)c2CCC)ccc2c1OC(C(=O)O)CC2,6.522878745280337
CHEMBL169446,CHEMBL3911,Leukotriene B4 receptor 1,IC50,=,1100.0,nM,CHEMBL708405,B,Binding affinity for Leukotriene B4 (LTB4) receptor,CHEMBL1128264,Q15722,Leukotriene B4 receptor 1,IC50,CCCc1c(OCCCOc2ccc(-c3coc(C)n3)c(OC)c2CCC)ccc2c1OC(C(=O)O)CC2,5.958607314841775
CHEMBL435665,CHEMBL3911,Leukotriene B4 receptor 1,IC50,=,15.5,nM,CHEMBL708407,B,Binding affinity towards Leukotriene B4 (LTB4) Receptor. Experiment conducted in the absence of NDGA.,CHEMBL1128264,Q15722,Leukotriene B4 receptor 1,IC50,CCCc1c(OCCCOc2ccc(-c3cscn3)c(OC)c2CC2CC2)ccc2c1OC2C(=O)O,7.809668301829708
CHEMBL168944,CHEMBL3911,Leukotriene B4 receptor 1,IC50,=,93.0,nM,CHEMBL708405,B,Binding affinity for Leukotriene B4 (LTB4) receptor,CHEMBL1128264,Q15722,Leukotriene B4 receptor 1,IC50,CCCc1c(OCCCOc2ccc(-c3cscn3)c(OC)c2CCC)ccc2c1OC(C(=O)O)CC2,7.031517051446065
CHEMBL355503,CHEMBL3911,Leukotriene B4 receptor 1,IC50,=,25.0,nM,CHEMBL708405,B,Binding affinity for Leukotriene B4 (LTB4) receptor,CHEMBL1128264,Q15722,Leukotriene B4 receptor 1,IC50,C=CCc1c(OCCCOc2ccc3c(c2CCC)OC(C(=O)O)CC3)ccc(-c2cscn2)c1OC,7.6020599913279625
CHEMBL169120,CHEMBL3911,Leukotriene B4 receptor 1,IC50,=,320.0,nM,CHEMBL708405,B,Binding affinity for Leukotriene B4 (LTB4) receptor,CHEMBL1128264,Q15722,Leukotriene B4 receptor 1,IC50,CCCc1c(OCCCOc2ccc(-c3csc(N)n3)c(OC)c2CCC)ccc2c1OC(C(=O)O)CC2,6.494850021680094
CHEMBL166699,CHEMBL3911,Leukotriene B4 receptor 1,IC50,=,140.0,nM,CHEMBL708405,B,Binding affinity for Leukotriene B4 (LTB4) receptor,CHEMBL1128264,Q15722,Leukotriene B4 receptor 1,IC50,CCCc1c(OCCCOc2ccc(C(N)=O)c(OC)c2CCC)ccc2c1OC(C(=O)O)CC2,6.853871964321762
CHEMBL169835,CHEMBL3911,Leukotriene B4 receptor 1,IC50,=,1150.0,nM,CHEMBL708405,B,Binding affinity for Leukotriene B4 (LTB4) receptor,CHEMBL1128264,Q15722,Leukotriene B4 receptor 1,IC50,CCCc1c(OCCCOc2ccc(-c3csc(OC)n3)c(OC)c2CCC)ccc2c1OC(C(=O)O)CC2,5.939302159646388
CHEMBL354553,CHEMBL3911,Leukotriene B4 receptor 1,IC50,=,5.2,nM,CHEMBL708407,B,Binding affinity towards Leukotriene B4 (LTB4) Receptor. Experiment conducted in the absence of NDGA.,CHEMBL1128264,Q15722,Leukotriene B4 receptor 1,IC50,CCCc1c(OCCCOc2ccc(-c3c[nH]nn3)c(OC)c2CCC)ccc2c1OC(C(=O)O)CC2,8.2839966563652
CHEMBL168658,CHEMBL3911,Leukotriene B4 receptor 1,IC50,=,100.0,nM,CHEMBL708405,B,Binding affinity for Leukotriene B4 (LTB4) receptor,CHEMBL1128264,Q15722,Leukotriene B4 receptor 1,IC50,CCCc1c(OCCCOc2ccc(-c3cocn3)c(OC)c2CCC)ccc2c1OC(C(=O)O)CC2,7.0
CHEMBL171780,CHEMBL3911,Leukotriene B4 receptor 1,IC50,=,2800.0,nM,CHEMBL708405,B,Binding affinity for Leukotriene B4 (LTB4) receptor,CHEMBL1128264,Q15722,Leukotriene B4 receptor 1,IC50,CCCc1c(OCCCOc2ccc(-c3csc(SC)n3)c(OC)c2CCC)ccc2c1OC(C(=O)O)CC2,5.552841968657781
CHEMBL99099,CHEMBL3911,Leukotriene B4 receptor 1,IC50,=,3.2,nM,CHEMBL708407,B,Binding affinity towards Leukotriene B4 (LTB4) Receptor. Experiment conducted in the absence of NDGA.,CHEMBL1128264,Q15722,Leukotriene B4 receptor 1,IC50,CCCc1c(OCCCOc2ccc(-c3cscn3)c(OC)c2CC2CC2)ccc2c1OC(C(=O)O)CC2,8.494850021680094
CHEMBL368540,CHEMBL3911,Leukotriene B4 receptor 1,IC50,=,750.0,nM,CHEMBL708407,B,Binding affinity towards Leukotriene B4 (LTB4) Receptor. Experiment conducted in the absence of NDGA.,CHEMBL1128264,Q15722,Leukotriene B4 receptor 1,IC50,CCCc1c(OCCCOc2ccc(-c3c[nH]c(SCc4ccccc4)n3)c(OC)c2CCC)ccc2c1OC(C(=O)O)CC2,6.1249387366083
CHEMBL169683,CHEMBL3911,Leukotriene B4 receptor 1,IC50,=,610.0,nM,CHEMBL708405,B,Binding affinity for Leukotriene B4 (LTB4) receptor,CHEMBL1128264,Q15722,Leukotriene B4 receptor 1,IC50,CCCc1c(OCCCOc2ccc(-c3cc[nH]n3)c(OC)c2CCC)ccc2c1OC(C(=O)O)CC2,6.214670164989233
CHEMBL172628,CHEMBL3911,Leukotriene B4 receptor 1,IC50,=,770.0,nM,CHEMBL708405,B,Binding affinity for Leukotriene B4 (LTB4) receptor,CHEMBL1128264,Q15722,Leukotriene B4 receptor 1,IC50,CCCc1c(OCCCOc2ccc(-c3ccno3)c(OC)c2CCC)ccc2c1OC(C(=O)O)CC2,6.113509274827518
CHEMBL436047,CHEMBL3911,Leukotriene B4 receptor 1,IC50,=,26.0,nM,CHEMBL708405,B,Binding affinity for Leukotriene B4 (LTB4) receptor,CHEMBL1128264,Q15722,Leukotriene B4 receptor 1,IC50,CCCc1c(OCCCOc2ccc(-c3cscn3)c(OC)c2CCC)ccc2c1OC(CCC(=O)O)CC2,7.585026652029182
CHEMBL172168,CHEMBL3911,Leukotriene B4 receptor 1,IC50,=,12.3,nM,CHEMBL708407,B,Binding affinity towards Leukotriene B4 (LTB4) Receptor. Experiment conducted in the absence of NDGA.,CHEMBL1128264,Q15722,Leukotriene B4 receptor 1,IC50,CCCc1c(OCCCOc2ccc(-c3cscn3)c(OC)c2CC2CC2)ccc2c1OC(CCC(=O)O)CC2,7.910094888560602
CHEMBL169722,CHEMBL3911,Leukotriene B4 receptor 1,IC50,=,890.0,nM,CHEMBL708405,B,Binding affinity for Leukotriene B4 (LTB4) receptor,CHEMBL1128264,Q15722,Leukotriene B4 receptor 1,IC50,CCCc1c(OCCCOc2ccc(-c3csc(S)n3)c(OC)c2CCC)ccc2c1OC(C(=O)O)CC2,6.050609993355087
CHEMBL14823,CHEMBL3911,Leukotriene B4 receptor 1,IC50,=,320.0,nM,CHEMBL708405,B,Binding affinity for Leukotriene B4 (LTB4) receptor,CHEMBL1128264,Q15722,Leukotriene B4 receptor 1,IC50,CCCc1c(OCCCOc2ccc(C(C)=O)c(OC)c2CCC)ccc2c1OC(C(=O)O)CC2,6.494850021680094
CHEMBL14823,CHEMBL3911,Leukotriene B4 receptor 1,IC50,=,43.0,nM,CHEMBL708406,B,Binding affinity towards Leukotriene B4 (LTB4) Receptor. (Experiment conducted in the absence of NDGA),CHEMBL1128264,Q15722,Leukotriene B4 receptor 1,IC50,CCCc1c(OCCCOc2ccc(C(C)=O)c(OC)c2CCC)ccc2c1OC(C(=O)O)CC2,7.366531544420413
CHEMBL352863,CHEMBL3911,Leukotriene B4 receptor 1,IC50,=,520.0,nM,CHEMBL708405,B,Binding affinity for Leukotriene B4 (LTB4) receptor,CHEMBL1128264,Q15722,Leukotriene B4 receptor 1,IC50,CCCc1c(OCCCOc2ccc(-c3c[nH]cn3)c(OC)c2CCC)ccc2c1OC(C(=O)O)CC2,6.2839966563652006
CHEMBL169246,CHEMBL3911,Leukotriene B4 receptor 1,IC50,=,5800.0,nM,CHEMBL708405,B,Binding affinity for Leukotriene B4 (LTB4) receptor,CHEMBL1128264,Q15722,Leukotriene B4 receptor 1,IC50,CCCc1c(OCCCOc2ccc(-c3csc(SCc4ccccc4)n3)c(OC)c2CCC)ccc2c1OC(C(=O)O)CC2,5.236572006437063
CHEMBL99099,CHEMBL3911,Leukotriene B4 receptor 1,IC50,=,4.5,nM,CHEMBL708407,B,Binding affinity towards Leukotriene B4 (LTB4) Receptor. Experiment conducted in the absence of NDGA.,CHEMBL1128264,Q15722,Leukotriene B4 receptor 1,IC50,CCCc1c(OCCCOc2ccc(-c3cscn3)c(OC)c2CC2CC2)ccc2c1OC(C(=O)O)CC2,8.346787486224656
CHEMBL99099,CHEMBL3911,Leukotriene B4 receptor 1,IC50,=,42.0,nM,CHEMBL708405,B,Binding affinity for Leukotriene B4 (LTB4) receptor,CHEMBL1128264,Q15722,Leukotriene B4 receptor 1,IC50,CCCc1c(OCCCOc2ccc(-c3cscn3)c(OC)c2CC2CC2)ccc2c1OC(C(=O)O)CC2,7.376750709602099
CHEMBL14823,CHEMBL3911,Leukotriene B4 receptor 1,IC50,=,300.0,nM,CHEMBL707242,B,Compound was evaluated in a human neutrophil leukotriene B4 receptor binding assay,CHEMBL1124474,Q15722,Leukotriene B4 receptor 1,IC50,CCCc1c(OCCCOc2ccc(C(C)=O)c(OC)c2CCC)ccc2c1OC(C(=O)O)CC2,6.522878745280337
CHEMBL65061,CHEMBL3911,Leukotriene B4 receptor 1,IC50,=,1.9,nM,CHEMBL704426,B,Inhibition of specific binding of [3H]LTB4 to Leukotriene B4 receptor in human neutrophils,CHEMBL1124984,Q15722,Leukotriene B4 receptor 1,IC50,CCCCC/C=C\C[C@@H](O)/C=C/C=C/C=C\[C@@H](O)CCCC(=O)O,8.721246399047171
CHEMBL90214,CHEMBL3911,Leukotriene B4 receptor 1,IC50,=,3250.0,nM,CHEMBL709310,B,Inhibitory concentration against LTB4 with [3H]- fMLP in receptor binding assay,CHEMBL1129796,Q15722,Leukotriene B4 receptor 1,IC50,O=C(O)/C=C/c1nc(CSc2c(Cl)cccc2Cl)ccc1OCCc1ccccc1,5.488116639021126
CHEMBL90214,CHEMBL3911,Leukotriene B4 receptor 1,IC50,=,16800.0,nM,CHEMBL709309,B,Inhibitory concentration LTB4 with [3H]LTD4 in LTD4 receptor binding assay,CHEMBL1129796,Q15722,Leukotriene B4 receptor 1,IC50,O=C(O)/C=C/c1nc(CSc2c(Cl)cccc2Cl)ccc1OCCc1ccccc1,4.774690718274137
CHEMBL340180,CHEMBL3911,Leukotriene B4 receptor 1,IC50,=,80.0,nM,CHEMBL704370,B,"Compound was evaluated for Leukotriene B4 receptor binding, obtained from radioligand binding assay using guinea pig spleen cell membrane",CHEMBL1129646,Q15722,Leukotriene B4 receptor 1,IC50,CN(CCc1ccccc1)C(=O)Cn1cc(C=O)c2cc(OCc3ccccc3)ccc21,7.096910013008056
CHEMBL125611,CHEMBL3911,Leukotriene B4 receptor 1,IC50,=,10.0,nM,CHEMBL704370,B,"Compound was evaluated for Leukotriene B4 receptor binding, obtained from radioligand binding assay using guinea pig spleen cell membrane",CHEMBL1129646,Q15722,Leukotriene B4 receptor 1,IC50,CN(O)C(=O)c1cc(CC(=O)N(C)CCc2ccccc2)c2cccc(OCc3ccccc3)c2c1,8.0
CHEMBL125611,CHEMBL3911,Leukotriene B4 receptor 1,IC50,=,60.0,nM,CHEMBL707239,B,"Compound was evaluated for LTB4 receptor binding, obtained from radioligand binding assay using human intact neutrophils PMN",CHEMBL1129646,Q15722,Leukotriene B4 receptor 1,IC50,CN(O)C(=O)c1cc(CC(=O)N(C)CCc2ccccc2)c2cccc(OCc3ccccc3)c2c1,7.221848749616356
CHEMBL49302,CHEMBL3911,Leukotriene B4 receptor 1,IC50,=,13.2,nM,CHEMBL704426,B,Inhibition of specific binding of [3H]LTB4 to Leukotriene B4 receptor in human neutrophils,CHEMBL1124984,Q15722,Leukotriene B4 receptor 1,IC50,COc1ccc(/C=C/CCCCOc2ccc(C(=O)c3cccc(C(=O)O)c3)cc2CCC(=O)O)cc1,7.87942606879415
CHEMBL45460,CHEMBL3911,Leukotriene B4 receptor 1,IC50,=,85.1,nM,CHEMBL707241,B,Compound was evaluated for receptor binding against [3H]LTB4 radioligand to Leukotriene B4 receptor in human neutrophil binding assay,CHEMBL1126385,Q15722,Leukotriene B4 receptor 1,IC50,CCc1cc(C(C)=O)c(O)cc1OCCCCCC(C)(C)c1nn[n-]n1.[Na+],7.070070439915412
CHEMBL295799,CHEMBL3911,Leukotriene B4 receptor 1,IC50,=,35.6,nM,CHEMBL707241,B,Compound was evaluated for receptor binding against [3H]LTB4 radioligand to Leukotriene B4 receptor in human neutrophil binding assay,CHEMBL1126385,Q15722,Leukotriene B4 receptor 1,IC50,CCc1cc(OCCC(C)C)c(O)cc1OCCCCCC(C)(C)c1nn[n-]n1.[Na+],7.448550002027124
CHEMBL48667,CHEMBL3911,Leukotriene B4 receptor 1,IC50,=,4.8,nM,CHEMBL707241,B,Compound was evaluated for receptor binding against [3H]LTB4 radioligand to Leukotriene B4 receptor in human neutrophil binding assay,CHEMBL1126385,Q15722,Leukotriene B4 receptor 1,IC50,CCOc1cc(CC)c(OCCCCCC(C)(C)c2nn[n-]n2)cc1O.[Na+],8.318758762624412
CHEMBL46820,CHEMBL3911,Leukotriene B4 receptor 1,IC50,=,6.0,nM,CHEMBL707241,B,Compound was evaluated for receptor binding against [3H]LTB4 radioligand to Leukotriene B4 receptor in human neutrophil binding assay,CHEMBL1126385,Q15722,Leukotriene B4 receptor 1,IC50,CCc1cc(OC)c(O)cc1OCCCCCC(C)(C)c1nn[n-]n1.[Na+],8.221848749616356
CHEMBL47716,CHEMBL3911,Leukotriene B4 receptor 1,IC50,=,12.0,nM,CHEMBL707241,B,Compound was evaluated for receptor binding against [3H]LTB4 radioligand to Leukotriene B4 receptor in human neutrophil binding assay,CHEMBL1126385,Q15722,Leukotriene B4 receptor 1,IC50,CCc1cc(OC(C)C)c(O)cc1OCCCCCC(C)(C)c1nn[n-]n1.[Na+],7.920818753952375
CHEMBL47726,CHEMBL3911,Leukotriene B4 receptor 1,IC50,=,41.5,nM,CHEMBL707241,B,Compound was evaluated for receptor binding against [3H]LTB4 radioligand to Leukotriene B4 receptor in human neutrophil binding assay,CHEMBL1126385,Q15722,Leukotriene B4 receptor 1,IC50,CCc1cc(OC2CCCC2)c(O)cc1OCCCCCC(C)(C)c1nn[n-]n1.[Na+],7.3819519032879075
CHEMBL416259,CHEMBL3911,Leukotriene B4 receptor 1,IC50,=,6.6,nM,CHEMBL707241,B,Compound was evaluated for receptor binding against [3H]LTB4 radioligand to Leukotriene B4 receptor in human neutrophil binding assay,CHEMBL1126385,Q15722,Leukotriene B4 receptor 1,IC50,CCCCCOc1cc(CC)c(OCCCCCC(C)(C)c2nn[n-]n2)cc1O.[Na+],8.18045606445813
CHEMBL47725,CHEMBL3911,Leukotriene B4 receptor 1,IC50,=,30.8,nM,CHEMBL707241,B,Compound was evaluated for receptor binding against [3H]LTB4 radioligand to Leukotriene B4 receptor in human neutrophil binding assay,CHEMBL1126385,Q15722,Leukotriene B4 receptor 1,IC50,CCc1cc(OCc2ccc(F)cc2)c(O)cc1OCCCCCC(C)(C)c1nn[n-]n1.[Na+],7.511449283499555
CHEMBL342416,CHEMBL3911,Leukotriene B4 receptor 1,IC50,=,6.0,nM,CHEMBL704376,B,Inhibition of [3H]LTB4 binding to Leukotriene B4 receptor of human polymorphonuclear leukocytes,CHEMBL1125359,Q15722,Leukotriene B4 receptor 1,IC50,CC(CCCCOc1cc(-c2ccccc2)cc(-c2ccccc2Cl)n1)C(=O)O,8.221848749616356
CHEMBL137307,CHEMBL3911,Leukotriene B4 receptor 1,IC50,=,700.0,nM,CHEMBL704375,B,Inhibition of [3H]LTB4 binding to Leukotriene B4 receptor in the guinea pig spleen membranes.,CHEMBL1125359,Q15722,Leukotriene B4 receptor 1,IC50,N#CCCCCCOc1cc(-c2ccccc2)cc(-c2ccccc2)n1,6.154901959985743
CHEMBL424290,CHEMBL3911,Leukotriene B4 receptor 1,IC50,=,800.0,nM,CHEMBL704430,B,Inhibitory concentration against LTB4 receptor determined in human neutrophils PMN assay,CHEMBL1145756,Q15722,Leukotriene B4 receptor 1,IC50,COc1cc(C(=O)O)ccc1Cc1cn(C(c2ccccc2)c2ccccc2)c2ccc(C#N)cc12,6.096910013008056
CHEMBL424290,CHEMBL3911,Leukotriene B4 receptor 1,IC50,=,2100.0,nM,CHEMBL705073,B,Inhibitory concentration against LTB4 receptor determined in mast cell line MC-9 assay,CHEMBL1145756,Q15722,Leukotriene B4 receptor 1,IC50,COc1cc(C(=O)O)ccc1Cc1cn(C(c2ccccc2)c2ccccc2)c2ccc(C#N)cc12,5.6777807052660805
CHEMBL137494,CHEMBL3911,Leukotriene B4 receptor 1,IC50,=,5.0,nM,CHEMBL704375,B,Inhibition of [3H]LTB4 binding to Leukotriene B4 receptor in the guinea pig spleen membranes.,CHEMBL1125359,Q15722,Leukotriene B4 receptor 1,IC50,CC(CCCCOc1cc(-c2ccc(Cl)cc2)cc(-c2ccccc2)n1)C(=O)O,8.301029995663981
CHEMBL137494,CHEMBL3911,Leukotriene B4 receptor 1,IC50,=,40.0,nM,CHEMBL705078,B,Inhibition of [3H]-LTB4 binding to Leukotriene B4 receptor in the human polymorphonuclear leukocytes.,CHEMBL1125359,Q15722,Leukotriene B4 receptor 1,IC50,CC(CCCCOc1cc(-c2ccc(Cl)cc2)cc(-c2ccccc2)n1)C(=O)O,7.3979400086720375
CHEMBL343124,CHEMBL3911,Leukotriene B4 receptor 1,IC50,=,400.0,nM,CHEMBL704430,B,Inhibitory concentration against LTB4 receptor determined in human neutrophils PMN assay,CHEMBL1145756,Q15722,Leukotriene B4 receptor 1,IC50,COc1cc(C(=O)O)ccc1Cc1cn(C(c2ccccc2)c2ccccc2)c2ccc(Cl)cc12,6.3979400086720375
CHEMBL343124,CHEMBL3911,Leukotriene B4 receptor 1,IC50,=,1600.0,nM,CHEMBL705073,B,Inhibitory concentration against LTB4 receptor determined in mast cell line MC-9 assay,CHEMBL1145756,Q15722,Leukotriene B4 receptor 1,IC50,COc1cc(C(=O)O)ccc1Cc1cn(C(c2ccccc2)c2ccccc2)c2ccc(Cl)cc12,5.795880017344075
CHEMBL137531,CHEMBL3911,Leukotriene B4 receptor 1,IC50,=,4.0,nM,CHEMBL704375,B,Inhibition of [3H]LTB4 binding to Leukotriene B4 receptor in the guinea pig spleen membranes.,CHEMBL1125359,Q15722,Leukotriene B4 receptor 1,IC50,COc1ccc(-c2cc(OCCCCC(C)C(=O)O)nc(-c3ccccc3)c2)cc1,8.397940008672037
CHEMBL137531,CHEMBL3911,Leukotriene B4 receptor 1,IC50,=,11.0,nM,CHEMBL705078,B,Inhibition of [3H]-LTB4 binding to Leukotriene B4 receptor in the human polymorphonuclear leukocytes.,CHEMBL1125359,Q15722,Leukotriene B4 receptor 1,IC50,COc1ccc(-c2cc(OCCCCC(C)C(=O)O)nc(-c3ccccc3)c2)cc1,7.958607314841775
CHEMBL136991,CHEMBL3911,Leukotriene B4 receptor 1,IC50,=,2.0,nM,CHEMBL704375,B,Inhibition of [3H]LTB4 binding to Leukotriene B4 receptor in the guinea pig spleen membranes.,CHEMBL1125359,Q15722,Leukotriene B4 receptor 1,IC50,Nc1ccc(-c2cc(OCCCCCC(=O)O)nc(-c3ccccc3)c2)cc1,8.698970004336019
CHEMBL136991,CHEMBL3911,Leukotriene B4 receptor 1,IC50,=,45.0,nM,CHEMBL705078,B,Inhibition of [3H]-LTB4 binding to Leukotriene B4 receptor in the human polymorphonuclear leukocytes.,CHEMBL1125359,Q15722,Leukotriene B4 receptor 1,IC50,Nc1ccc(-c2cc(OCCCCCC(=O)O)nc(-c3ccccc3)c2)cc1,7.346787486224656
CHEMBL137472,CHEMBL3911,Leukotriene B4 receptor 1,IC50,=,5.0,nM,CHEMBL704375,B,Inhibition of [3H]LTB4 binding to Leukotriene B4 receptor in the guinea pig spleen membranes.,CHEMBL1125359,Q15722,Leukotriene B4 receptor 1,IC50,CNc1ccc(-c2cc(OCCCCCC(=O)O)nc(-c3ccccc3)c2)cc1,8.301029995663981
CHEMBL137472,CHEMBL3911,Leukotriene B4 receptor 1,IC50,=,150.0,nM,CHEMBL705078,B,Inhibition of [3H]-LTB4 binding to Leukotriene B4 receptor in the human polymorphonuclear leukocytes.,CHEMBL1125359,Q15722,Leukotriene B4 receptor 1,IC50,CNc1ccc(-c2cc(OCCCCCC(=O)O)nc(-c3ccccc3)c2)cc1,6.823908740944319
CHEMBL140539,CHEMBL3911,Leukotriene B4 receptor 1,IC50,=,400.0,nM,CHEMBL704430,B,Inhibitory concentration against LTB4 receptor determined in human neutrophils PMN assay,CHEMBL1145756,Q15722,Leukotriene B4 receptor 1,IC50,COc1cc(C(=O)O)ccc1Cc1cn(C(c2ccccc2)c2ccccc2)c2ccc(Br)cc12,6.3979400086720375
CHEMBL140539,CHEMBL3911,Leukotriene B4 receptor 1,IC50,=,1100.0,nM,CHEMBL705073,B,Inhibitory concentration against LTB4 receptor determined in mast cell line MC-9 assay,CHEMBL1145756,Q15722,Leukotriene B4 receptor 1,IC50,COc1cc(C(=O)O)ccc1Cc1cn(C(c2ccccc2)c2ccccc2)c2ccc(Br)cc12,5.958607314841775
CHEMBL137201,CHEMBL3911,Leukotriene B4 receptor 1,IC50,=,50.0,nM,CHEMBL704375,B,Inhibition of [3H]LTB4 binding to Leukotriene B4 receptor in the guinea pig spleen membranes.,CHEMBL1125359,Q15722,Leukotriene B4 receptor 1,IC50,O=C(O)CCCCOc1cc(-c2ccccc2)cc(-c2ccccc2)n1,7.301029995663981
CHEMBL137201,CHEMBL3911,Leukotriene B4 receptor 1,IC50,=,300.0,nM,CHEMBL705078,B,Inhibition of [3H]-LTB4 binding to Leukotriene B4 receptor in the human polymorphonuclear leukocytes.,CHEMBL1125359,Q15722,Leukotriene B4 receptor 1,IC50,O=C(O)CCCCOc1cc(-c2ccccc2)cc(-c2ccccc2)n1,6.522878745280337
CHEMBL136955,CHEMBL3911,Leukotriene B4 receptor 1,IC50,=,22.0,nM,CHEMBL704375,B,Inhibition of [3H]LTB4 binding to Leukotriene B4 receptor in the guinea pig spleen membranes.,CHEMBL1125359,Q15722,Leukotriene B4 receptor 1,IC50,CC(C)Nc1ccc(-c2cc(OCCCCCC(=O)O)nc(-c3ccccc3)c2)cc1,7.657577319177793
CHEMBL136955,CHEMBL3911,Leukotriene B4 receptor 1,IC50,=,300.0,nM,CHEMBL705078,B,Inhibition of [3H]-LTB4 binding to Leukotriene B4 receptor in the human polymorphonuclear leukocytes.,CHEMBL1125359,Q15722,Leukotriene B4 receptor 1,IC50,CC(C)Nc1ccc(-c2cc(OCCCCCC(=O)O)nc(-c3ccccc3)c2)cc1,6.522878745280337
CHEMBL137336,CHEMBL3911,Leukotriene B4 receptor 1,IC50,=,2.0,nM,CHEMBL704375,B,Inhibition of [3H]LTB4 binding to Leukotriene B4 receptor in the guinea pig spleen membranes.,CHEMBL1125359,Q15722,Leukotriene B4 receptor 1,IC50,COc1cccc(-c2cc(OCCCCC(C)C(=O)O)nc(-c3ccccc3)c2)c1,8.698970004336019
CHEMBL137336,CHEMBL3911,Leukotriene B4 receptor 1,IC50,=,7.0,nM,CHEMBL705078,B,Inhibition of [3H]-LTB4 binding to Leukotriene B4 receptor in the human polymorphonuclear leukocytes.,CHEMBL1125359,Q15722,Leukotriene B4 receptor 1,IC50,COc1cccc(-c2cc(OCCCCC(C)C(=O)O)nc(-c3ccccc3)c2)c1,8.154901959985743
CHEMBL415687,CHEMBL3911,Leukotriene B4 receptor 1,IC50,=,300.0,nM,CHEMBL704375,B,Inhibition of [3H]LTB4 binding to Leukotriene B4 receptor in the guinea pig spleen membranes.,CHEMBL1125359,Q15722,Leukotriene B4 receptor 1,IC50,Cc1ccc(-c2cc(-c3ccccc3)cc(OCCCCCC(=O)O)n2)cc1,6.522878745280337
CHEMBL137341,CHEMBL3911,Leukotriene B4 receptor 1,IC50,=,4.2,nM,CHEMBL704375,B,Inhibition of [3H]LTB4 binding to Leukotriene B4 receptor in the guinea pig spleen membranes.,CHEMBL1125359,Q15722,Leukotriene B4 receptor 1,IC50,CC(CCCCOc1cc(-c2ccc3c(c2)OCO3)cc(-c2ccccc2)n1)C(=O)O,8.3767507096021
CHEMBL137341,CHEMBL3911,Leukotriene B4 receptor 1,IC50,=,6.6,nM,CHEMBL705078,B,Inhibition of [3H]-LTB4 binding to Leukotriene B4 receptor in the human polymorphonuclear leukocytes.,CHEMBL1125359,Q15722,Leukotriene B4 receptor 1,IC50,CC(CCCCOc1cc(-c2ccc3c(c2)OCO3)cc(-c2ccccc2)n1)C(=O)O,8.18045606445813
CHEMBL137330,CHEMBL3911,Leukotriene B4 receptor 1,IC50,=,7.0,nM,CHEMBL704375,B,Inhibition of [3H]LTB4 binding to Leukotriene B4 receptor in the guinea pig spleen membranes.,CHEMBL1125359,Q15722,Leukotriene B4 receptor 1,IC50,CC(C)(CCCCOc1cc(-c2ccc3c(c2)OCO3)cc(-c2ccccc2)n1)C(=O)O,8.154901959985743
CHEMBL137330,CHEMBL3911,Leukotriene B4 receptor 1,IC50,=,20.0,nM,CHEMBL705078,B,Inhibition of [3H]-LTB4 binding to Leukotriene B4 receptor in the human polymorphonuclear leukocytes.,CHEMBL1125359,Q15722,Leukotriene B4 receptor 1,IC50,CC(C)(CCCCOc1cc(-c2ccc3c(c2)OCO3)cc(-c2ccccc2)n1)C(=O)O,7.698970004336019
CHEMBL344230,CHEMBL3911,Leukotriene B4 receptor 1,IC50,=,4.0,nM,CHEMBL704375,B,Inhibition of [3H]LTB4 binding to Leukotriene B4 receptor in the guinea pig spleen membranes.,CHEMBL1125359,Q15722,Leukotriene B4 receptor 1,IC50,CC(CCCCOc1cc(-c2ccccc2)cc(-c2ccccc2F)n1)C(=O)O,8.397940008672037
CHEMBL344230,CHEMBL3911,Leukotriene B4 receptor 1,IC50,=,18.0,nM,CHEMBL705078,B,Inhibition of [3H]-LTB4 binding to Leukotriene B4 receptor in the human polymorphonuclear leukocytes.,CHEMBL1125359,Q15722,Leukotriene B4 receptor 1,IC50,CC(CCCCOc1cc(-c2ccccc2)cc(-c2ccccc2F)n1)C(=O)O,7.7447274948966935
CHEMBL138174,CHEMBL3911,Leukotriene B4 receptor 1,IC50,=,40.0,nM,CHEMBL704375,B,Inhibition of [3H]LTB4 binding to Leukotriene B4 receptor in the guinea pig spleen membranes.,CHEMBL1125359,Q15722,Leukotriene B4 receptor 1,IC50,COC(=O)CCCCCOc1cc(-c2ccccc2)cc(-c2ccccc2)n1,7.3979400086720375
CHEMBL138174,CHEMBL3911,Leukotriene B4 receptor 1,IC50,=,100.0,nM,CHEMBL705078,B,Inhibition of [3H]-LTB4 binding to Leukotriene B4 receptor in the human polymorphonuclear leukocytes.,CHEMBL1125359,Q15722,Leukotriene B4 receptor 1,IC50,COC(=O)CCCCCOc1cc(-c2ccccc2)cc(-c2ccccc2)n1,7.0
CHEMBL135431,CHEMBL3911,Leukotriene B4 receptor 1,IC50,=,30.0,nM,CHEMBL704375,B,Inhibition of [3H]LTB4 binding to Leukotriene B4 receptor in the guinea pig spleen membranes.,CHEMBL1125359,Q15722,Leukotriene B4 receptor 1,IC50,CN(C)c1ccc(-c2cc(OCCCCCC(=O)O)nc(-c3ccccc3)c2)cc1,7.522878745280337
CHEMBL135431,CHEMBL3911,Leukotriene B4 receptor 1,IC50,=,110.0,nM,CHEMBL705078,B,Inhibition of [3H]-LTB4 binding to Leukotriene B4 receptor in the human polymorphonuclear leukocytes.,CHEMBL1125359,Q15722,Leukotriene B4 receptor 1,IC50,CN(C)c1ccc(-c2cc(OCCCCCC(=O)O)nc(-c3ccccc3)c2)cc1,6.958607314841775
CHEMBL137342,CHEMBL3911,Leukotriene B4 receptor 1,IC50,=,1000.0,nM,CHEMBL704375,B,Inhibition of [3H]LTB4 binding to Leukotriene B4 receptor in the guinea pig spleen membranes.,CHEMBL1125359,Q15722,Leukotriene B4 receptor 1,IC50,COc1ccc(-c2cc(-c3ccccc3)cc(OCCCCCC(=O)O)n2)cc1,6.0
CHEMBL135671,CHEMBL3911,Leukotriene B4 receptor 1,IC50,=,5.0,nM,CHEMBL704375,B,Inhibition of [3H]LTB4 binding to Leukotriene B4 receptor in the guinea pig spleen membranes.,CHEMBL1125359,Q15722,Leukotriene B4 receptor 1,IC50,CC(C)(CCCCOc1cc(-c2ccccc2)cc(-c2ccccc2)n1)C(=O)O,8.301029995663981
CHEMBL135671,CHEMBL3911,Leukotriene B4 receptor 1,IC50,=,30.0,nM,CHEMBL705078,B,Inhibition of [3H]-LTB4 binding to Leukotriene B4 receptor in the human polymorphonuclear leukocytes.,CHEMBL1125359,Q15722,Leukotriene B4 receptor 1,IC50,CC(C)(CCCCOc1cc(-c2ccccc2)cc(-c2ccccc2)n1)C(=O)O,7.522878745280337
CHEMBL136094,CHEMBL3911,Leukotriene B4 receptor 1,IC50,=,10.0,nM,CHEMBL704375,B,Inhibition of [3H]LTB4 binding to Leukotriene B4 receptor in the guinea pig spleen membranes.,CHEMBL1125359,Q15722,Leukotriene B4 receptor 1,IC50,O=C(O)CCCCCOc1cc(-c2ccccc2F)cc(-c2ccccc2)n1,8.0
CHEMBL136094,CHEMBL3911,Leukotriene B4 receptor 1,IC50,=,30.0,nM,CHEMBL705078,B,Inhibition of [3H]-LTB4 binding to Leukotriene B4 receptor in the human polymorphonuclear leukocytes.,CHEMBL1125359,Q15722,Leukotriene B4 receptor 1,IC50,O=C(O)CCCCCOc1cc(-c2ccccc2F)cc(-c2ccccc2)n1,7.522878745280337
CHEMBL136953,CHEMBL3911,Leukotriene B4 receptor 1,IC50,=,160.0,nM,CHEMBL704375,B,Inhibition of [3H]LTB4 binding to Leukotriene B4 receptor in the guinea pig spleen membranes.,CHEMBL1125359,Q15722,Leukotriene B4 receptor 1,IC50,NC(=O)CCCCCOc1cc(-c2ccccc2)cc(-c2ccccc2)n1,6.795880017344075
CHEMBL136953,CHEMBL3911,Leukotriene B4 receptor 1,IC50,=,150.0,nM,CHEMBL705078,B,Inhibition of [3H]-LTB4 binding to Leukotriene B4 receptor in the human polymorphonuclear leukocytes.,CHEMBL1125359,Q15722,Leukotriene B4 receptor 1,IC50,NC(=O)CCCCCOc1cc(-c2ccccc2)cc(-c2ccccc2)n1,6.823908740944319
CHEMBL137504,CHEMBL3911,Leukotriene B4 receptor 1,IC50,=,3.0,nM,CHEMBL704375,B,Inhibition of [3H]LTB4 binding to Leukotriene B4 receptor in the guinea pig spleen membranes.,CHEMBL1125359,Q15722,Leukotriene B4 receptor 1,IC50,O=C(O)CCCCCOc1cc(-c2ccccc2)cc(-c2ccccc2)n1,8.522878745280337
CHEMBL137504,CHEMBL3911,Leukotriene B4 receptor 1,IC50,=,30.0,nM,CHEMBL705078,B,Inhibition of [3H]-LTB4 binding to Leukotriene B4 receptor in the human polymorphonuclear leukocytes.,CHEMBL1125359,Q15722,Leukotriene B4 receptor 1,IC50,O=C(O)CCCCCOc1cc(-c2ccccc2)cc(-c2ccccc2)n1,7.522878745280337
CHEMBL135612,CHEMBL3911,Leukotriene B4 receptor 1,IC50,=,22.0,nM,CHEMBL704375,B,Inhibition of [3H]LTB4 binding to Leukotriene B4 receptor in the guinea pig spleen membranes.,CHEMBL1125359,Q15722,Leukotriene B4 receptor 1,IC50,CC(C)(CCCCCCOc1cc(-c2ccccc2)cc(-c2ccccc2)n1)C(=O)O,7.657577319177793
CHEMBL135612,CHEMBL3911,Leukotriene B4 receptor 1,IC50,=,60.0,nM,CHEMBL705078,B,Inhibition of [3H]-LTB4 binding to Leukotriene B4 receptor in the human polymorphonuclear leukocytes.,CHEMBL1125359,Q15722,Leukotriene B4 receptor 1,IC50,CC(C)(CCCCCCOc1cc(-c2ccccc2)cc(-c2ccccc2)n1)C(=O)O,7.221848749616356
CHEMBL343710,CHEMBL3911,Leukotriene B4 receptor 1,IC50,=,200.0,nM,CHEMBL704375,B,Inhibition of [3H]LTB4 binding to Leukotriene B4 receptor in the guinea pig spleen membranes.,CHEMBL1125359,Q15722,Leukotriene B4 receptor 1,IC50,O=C(O)CCCCCOc1cc(-c2ccccc2Cl)cc(-c2ccccc2)n1,6.698970004336019
CHEMBL137104,CHEMBL3911,Leukotriene B4 receptor 1,IC50,=,6.6,nM,CHEMBL704375,B,Inhibition of [3H]LTB4 binding to Leukotriene B4 receptor in the guinea pig spleen membranes.,CHEMBL1125359,Q15722,Leukotriene B4 receptor 1,IC50,CC(C)(CCCCOc1cc(-c2ccc(N)cc2)cc(-c2ccccc2)n1)C(=O)O,8.18045606445813
CHEMBL137104,CHEMBL3911,Leukotriene B4 receptor 1,IC50,=,9.5,nM,CHEMBL705078,B,Inhibition of [3H]-LTB4 binding to Leukotriene B4 receptor in the human polymorphonuclear leukocytes.,CHEMBL1125359,Q15722,Leukotriene B4 receptor 1,IC50,CC(C)(CCCCOc1cc(-c2ccc(N)cc2)cc(-c2ccccc2)n1)C(=O)O,8.022276394711152
CHEMBL49302,CHEMBL3911,Leukotriene B4 receptor 1,IC50,=,2.0,nM,CHEMBL704375,B,Inhibition of [3H]LTB4 binding to Leukotriene B4 receptor in the guinea pig spleen membranes.,CHEMBL1125359,Q15722,Leukotriene B4 receptor 1,IC50,COc1ccc(/C=C/CCCCOc2ccc(C(=O)c3cccc(C(=O)O)c3)cc2CCC(=O)O)cc1,8.698970004336019
CHEMBL49302,CHEMBL3911,Leukotriene B4 receptor 1,IC50,=,3.5,nM,CHEMBL705078,B,Inhibition of [3H]-LTB4 binding to Leukotriene B4 receptor in the human polymorphonuclear leukocytes.,CHEMBL1125359,Q15722,Leukotriene B4 receptor 1,IC50,COc1ccc(/C=C/CCCCOc2ccc(C(=O)c3cccc(C(=O)O)c3)cc2CCC(=O)O)cc1,8.455931955649724
CHEMBL336303,CHEMBL3911,Leukotriene B4 receptor 1,IC50,=,150.0,nM,CHEMBL704375,B,Inhibition of [3H]LTB4 binding to Leukotriene B4 receptor in the guinea pig spleen membranes.,CHEMBL1125359,Q15722,Leukotriene B4 receptor 1,IC50,O=C(O)CCCCCOc1cc(-c2ccc(NC(=O)C(F)(F)F)cc2)cc(-c2ccccc2)n1,6.823908740944319
CHEMBL337563,CHEMBL3911,Leukotriene B4 receptor 1,IC50,=,7.0,nM,CHEMBL704375,B,Inhibition of [3H]LTB4 binding to Leukotriene B4 receptor in the guinea pig spleen membranes.,CHEMBL1125359,Q15722,Leukotriene B4 receptor 1,IC50,CC(CCCCOc1cc(-c2ccccc2)cc(-c2ccccc2)n1)n1cnnn1,8.154901959985743
CHEMBL337563,CHEMBL3911,Leukotriene B4 receptor 1,IC50,=,20.0,nM,CHEMBL705078,B,Inhibition of [3H]-LTB4 binding to Leukotriene B4 receptor in the human polymorphonuclear leukocytes.,CHEMBL1125359,Q15722,Leukotriene B4 receptor 1,IC50,CC(CCCCOc1cc(-c2ccccc2)cc(-c2ccccc2)n1)n1cnnn1,7.698970004336019
CHEMBL137581,CHEMBL3911,Leukotriene B4 receptor 1,IC50,=,4.0,nM,CHEMBL704375,B,Inhibition of [3H]LTB4 binding to Leukotriene B4 receptor in the guinea pig spleen membranes.,CHEMBL1125359,Q15722,Leukotriene B4 receptor 1,IC50,CC(CCCCOc1cc(-c2ccccc2)cc(-c2ccccc2)n1)C(=O)O,8.397940008672037
CHEMBL137581,CHEMBL3911,Leukotriene B4 receptor 1,IC50,=,30.0,nM,CHEMBL705078,B,Inhibition of [3H]-LTB4 binding to Leukotriene B4 receptor in the human polymorphonuclear leukocytes.,CHEMBL1125359,Q15722,Leukotriene B4 receptor 1,IC50,CC(CCCCOc1cc(-c2ccccc2)cc(-c2ccccc2)n1)C(=O)O,7.522878745280337
CHEMBL137089,CHEMBL3911,Leukotriene B4 receptor 1,IC50,=,13.0,nM,CHEMBL704375,B,Inhibition of [3H]LTB4 binding to Leukotriene B4 receptor in the guinea pig spleen membranes.,CHEMBL1125359,Q15722,Leukotriene B4 receptor 1,IC50,Cc1ccc(-c2cc(OCCCCC(C)C(=O)O)nc(-c3ccccc3)c2)cc1,7.886056647693163
CHEMBL137089,CHEMBL3911,Leukotriene B4 receptor 1,IC50,=,30.0,nM,CHEMBL705078,B,Inhibition of [3H]-LTB4 binding to Leukotriene B4 receptor in the human polymorphonuclear leukocytes.,CHEMBL1125359,Q15722,Leukotriene B4 receptor 1,IC50,Cc1ccc(-c2cc(OCCCCC(C)C(=O)O)nc(-c3ccccc3)c2)cc1,7.522878745280337
CHEMBL136960,CHEMBL3911,Leukotriene B4 receptor 1,IC50,=,5.0,nM,CHEMBL704375,B,Inhibition of [3H]LTB4 binding to Leukotriene B4 receptor in the guinea pig spleen membranes.,CHEMBL1125359,Q15722,Leukotriene B4 receptor 1,IC50,CC(CCCCOc1cc(-c2cccc(Cl)c2)cc(-c2ccccc2)n1)C(=O)O,8.301029995663981
CHEMBL136960,CHEMBL3911,Leukotriene B4 receptor 1,IC50,=,40.0,nM,CHEMBL705078,B,Inhibition of [3H]-LTB4 binding to Leukotriene B4 receptor in the human polymorphonuclear leukocytes.,CHEMBL1125359,Q15722,Leukotriene B4 receptor 1,IC50,CC(CCCCOc1cc(-c2cccc(Cl)c2)cc(-c2ccccc2)n1)C(=O)O,7.3979400086720375
CHEMBL337790,CHEMBL3911,Leukotriene B4 receptor 1,IC50,=,400.0,nM,CHEMBL704430,B,Inhibitory concentration against LTB4 receptor determined in human neutrophils PMN assay,CHEMBL1145756,Q15722,Leukotriene B4 receptor 1,IC50,COc1cc(C(=O)O)ccc1Cc1cn(C(c2ccccc2)c2ccccc2)c2ccc(C)cc12,6.3979400086720375
CHEMBL337790,CHEMBL3911,Leukotriene B4 receptor 1,IC50,=,900.0,nM,CHEMBL705073,B,Inhibitory concentration against LTB4 receptor determined in mast cell line MC-9 assay,CHEMBL1145756,Q15722,Leukotriene B4 receptor 1,IC50,COc1cc(C(=O)O)ccc1Cc1cn(C(c2ccccc2)c2ccccc2)c2ccc(C)cc12,6.045757490560675
CHEMBL137303,CHEMBL3911,Leukotriene B4 receptor 1,IC50,=,10.0,nM,CHEMBL704375,B,Inhibition of [3H]LTB4 binding to Leukotriene B4 receptor in the guinea pig spleen membranes.,CHEMBL1125359,Q15722,Leukotriene B4 receptor 1,IC50,O=C(O)CCCCCOc1cc(-c2ccc(C(F)(F)F)cc2)cc(-c2ccccc2)n1,8.0
CHEMBL137303,CHEMBL3911,Leukotriene B4 receptor 1,IC50,=,150.0,nM,CHEMBL705078,B,Inhibition of [3H]-LTB4 binding to Leukotriene B4 receptor in the human polymorphonuclear leukocytes.,CHEMBL1125359,Q15722,Leukotriene B4 receptor 1,IC50,O=C(O)CCCCCOc1cc(-c2ccc(C(F)(F)F)cc2)cc(-c2ccccc2)n1,6.823908740944319
CHEMBL341565,CHEMBL3911,Leukotriene B4 receptor 1,IC50,=,500.0,nM,CHEMBL704375,B,Inhibition of [3H]LTB4 binding to Leukotriene B4 receptor in the guinea pig spleen membranes.,CHEMBL1125359,Q15722,Leukotriene B4 receptor 1,IC50,COc1cccc(-c2cc(-c3ccccc3)cc(OCCCCCC(=O)O)n2)c1,6.301029995663981
CHEMBL137633,CHEMBL3911,Leukotriene B4 receptor 1,IC50,=,300.0,nM,CHEMBL704375,B,Inhibition of [3H]LTB4 binding to Leukotriene B4 receptor in the guinea pig spleen membranes.,CHEMBL1125359,Q15722,Leukotriene B4 receptor 1,IC50,O=C(O)CCCOc1cc(-c2ccccc2)cc(-c2ccccc2)n1,6.522878745280337
CHEMBL135434,CHEMBL3911,Leukotriene B4 receptor 1,IC50,=,25.0,nM,CHEMBL704375,B,Inhibition of [3H]LTB4 binding to Leukotriene B4 receptor in the guinea pig spleen membranes.,CHEMBL1125359,Q15722,Leukotriene B4 receptor 1,IC50,O=C(O)CCCCCCOc1cc(-c2ccccc2)cc(-c2ccccc2)n1,7.6020599913279625
CHEMBL135434,CHEMBL3911,Leukotriene B4 receptor 1,IC50,=,15.0,nM,CHEMBL705078,B,Inhibition of [3H]-LTB4 binding to Leukotriene B4 receptor in the human polymorphonuclear leukocytes.,CHEMBL1125359,Q15722,Leukotriene B4 receptor 1,IC50,O=C(O)CCCCCCOc1cc(-c2ccccc2)cc(-c2ccccc2)n1,7.823908740944319
CHEMBL137247,CHEMBL3911,Leukotriene B4 receptor 1,IC50,=,5.0,nM,CHEMBL704375,B,Inhibition of [3H]LTB4 binding to Leukotriene B4 receptor in the guinea pig spleen membranes.,CHEMBL1125359,Q15722,Leukotriene B4 receptor 1,IC50,CC(CCCCOc1cc(-c2ccc(N)cc2)cc(-c2ccccc2)n1)C(=O)O,8.301029995663981
CHEMBL137247,CHEMBL3911,Leukotriene B4 receptor 1,IC50,=,30.0,nM,CHEMBL705078,B,Inhibition of [3H]-LTB4 binding to Leukotriene B4 receptor in the human polymorphonuclear leukocytes.,CHEMBL1125359,Q15722,Leukotriene B4 receptor 1,IC50,CC(CCCCOc1cc(-c2ccc(N)cc2)cc(-c2ccccc2)n1)C(=O)O,7.522878745280337
CHEMBL138380,CHEMBL3911,Leukotriene B4 receptor 1,IC50,=,15.0,nM,CHEMBL704375,B,Inhibition of [3H]LTB4 binding to Leukotriene B4 receptor in the guinea pig spleen membranes.,CHEMBL1125359,Q15722,Leukotriene B4 receptor 1,IC50,CC(C)(CCCCCOc1cc(-c2ccccc2)cc(-c2ccccc2)n1)C(=O)O,7.823908740944319
CHEMBL138380,CHEMBL3911,Leukotriene B4 receptor 1,IC50,=,50.0,nM,CHEMBL705078,B,Inhibition of [3H]-LTB4 binding to Leukotriene B4 receptor in the human polymorphonuclear leukocytes.,CHEMBL1125359,Q15722,Leukotriene B4 receptor 1,IC50,CC(C)(CCCCCOc1cc(-c2ccccc2)cc(-c2ccccc2)n1)C(=O)O,7.301029995663981
CHEMBL137480,CHEMBL3911,Leukotriene B4 receptor 1,IC50,=,1200.0,nM,CHEMBL704375,B,Inhibition of [3H]LTB4 binding to Leukotriene B4 receptor in the guinea pig spleen membranes.,CHEMBL1125359,Q15722,Leukotriene B4 receptor 1,IC50,O=C(O)CCCCCOc1cc(-c2ccccc2)cc(-c2ccc(C(F)(F)F)cc2)n1,5.920818753952375
CHEMBL136243,CHEMBL3911,Leukotriene B4 receptor 1,IC50,=,10.0,nM,CHEMBL704375,B,Inhibition of [3H]LTB4 binding to Leukotriene B4 receptor in the guinea pig spleen membranes.,CHEMBL1125359,Q15722,Leukotriene B4 receptor 1,IC50,c1ccc(-c2cc(OCCCCCn3cnnn3)nc(-c3ccccc3)c2)cc1,8.0
CHEMBL136243,CHEMBL3911,Leukotriene B4 receptor 1,IC50,=,50.0,nM,CHEMBL705078,B,Inhibition of [3H]-LTB4 binding to Leukotriene B4 receptor in the human polymorphonuclear leukocytes.,CHEMBL1125359,Q15722,Leukotriene B4 receptor 1,IC50,c1ccc(-c2cc(OCCCCCn3cnnn3)nc(-c3ccccc3)c2)cc1,7.301029995663981
CHEMBL137074,CHEMBL3911,Leukotriene B4 receptor 1,IC50,=,2.0,nM,CHEMBL704375,B,Inhibition of [3H]LTB4 binding to Leukotriene B4 receptor in the guinea pig spleen membranes.,CHEMBL1125359,Q15722,Leukotriene B4 receptor 1,IC50,CC(CCCCOc1cc(-c2ccc3c(c2)OCO3)cc(-c2ccccc2Cl)n1)C(=O)O,8.698970004336019
CHEMBL137074,CHEMBL3911,Leukotriene B4 receptor 1,IC50,=,12.0,nM,CHEMBL705078,B,Inhibition of [3H]-LTB4 binding to Leukotriene B4 receptor in the human polymorphonuclear leukocytes.,CHEMBL1125359,Q15722,Leukotriene B4 receptor 1,IC50,CC(CCCCOc1cc(-c2ccc3c(c2)OCO3)cc(-c2ccccc2Cl)n1)C(=O)O,7.920818753952375
CHEMBL137759,CHEMBL3911,Leukotriene B4 receptor 1,IC50,=,1.0,nM,CHEMBL704375,B,Inhibition of [3H]LTB4 binding to Leukotriene B4 receptor in the guinea pig spleen membranes.,CHEMBL1125359,Q15722,Leukotriene B4 receptor 1,IC50,O=C(O)CCCCCOc1cc(-c2ccc3c(c2)OCO3)cc(-c2ccccc2)n1,9.0
CHEMBL137759,CHEMBL3911,Leukotriene B4 receptor 1,IC50,=,6.0,nM,CHEMBL705078,B,Inhibition of [3H]-LTB4 binding to Leukotriene B4 receptor in the human polymorphonuclear leukocytes.,CHEMBL1125359,Q15722,Leukotriene B4 receptor 1,IC50,O=C(O)CCCCCOc1cc(-c2ccc3c(c2)OCO3)cc(-c2ccccc2)n1,8.221848749616356
CHEMBL137801,CHEMBL3911,Leukotriene B4 receptor 1,IC50,=,30.0,nM,CHEMBL704375,B,Inhibition of [3H]LTB4 binding to Leukotriene B4 receptor in the guinea pig spleen membranes.,CHEMBL1125359,Q15722,Leukotriene B4 receptor 1,IC50,O=C(O)CCCCCOc1cc(-c2ccccc2)cc(-c2ccc(F)cc2)n1,7.522878745280337
CHEMBL137801,CHEMBL3911,Leukotriene B4 receptor 1,IC50,=,30.0,nM,CHEMBL705078,B,Inhibition of [3H]-LTB4 binding to Leukotriene B4 receptor in the human polymorphonuclear leukocytes.,CHEMBL1125359,Q15722,Leukotriene B4 receptor 1,IC50,O=C(O)CCCCCOc1cc(-c2ccccc2)cc(-c2ccc(F)cc2)n1,7.522878745280337
CHEMBL137594,CHEMBL3911,Leukotriene B4 receptor 1,IC50,=,50.0,nM,CHEMBL704375,B,Inhibition of [3H]LTB4 binding to Leukotriene B4 receptor in the guinea pig spleen membranes.,CHEMBL1125359,Q15722,Leukotriene B4 receptor 1,IC50,O=C(O)CCCCCOc1cc(-c2ccc([N+](=O)[O-])cc2)cc(-c2ccccc2)n1,7.301029995663981
CHEMBL137594,CHEMBL3911,Leukotriene B4 receptor 1,IC50,=,600.0,nM,CHEMBL705078,B,Inhibition of [3H]-LTB4 binding to Leukotriene B4 receptor in the human polymorphonuclear leukocytes.,CHEMBL1125359,Q15722,Leukotriene B4 receptor 1,IC50,O=C(O)CCCCCOc1cc(-c2ccc([N+](=O)[O-])cc2)cc(-c2ccccc2)n1,6.221848749616356
CHEMBL344176,CHEMBL3911,Leukotriene B4 receptor 1,IC50,=,500.0,nM,CHEMBL704430,B,Inhibitory concentration against LTB4 receptor determined in human neutrophils PMN assay,CHEMBL1145756,Q15722,Leukotriene B4 receptor 1,IC50,COc1cc(C(=O)O)ccc1Cc1cn(C(c2ccccc2)c2ccccc2)c2ccc([N+](=O)[O-])cc12,6.301029995663981
CHEMBL344176,CHEMBL3911,Leukotriene B4 receptor 1,IC50,=,2800.0,nM,CHEMBL705073,B,Inhibitory concentration against LTB4 receptor determined in mast cell line MC-9 assay,CHEMBL1145756,Q15722,Leukotriene B4 receptor 1,IC50,COc1cc(C(=O)O)ccc1Cc1cn(C(c2ccccc2)c2ccccc2)c2ccc([N+](=O)[O-])cc12,5.552841968657781
CHEMBL93,CHEMBL3911,Leukotriene B4 receptor 1,IC50,=,420.0,nM,CHEMBL706765,B,In vitro activities of Leukotriene B4 receptor (LTB4) in human neutrophils,CHEMBL1129263,Q15722,Leukotriene B4 receptor 1,IC50,CC(c1cc2ccccc2s1)N(O)C(N)=O,6.376750709602099
CHEMBL49302,CHEMBL3911,Leukotriene B4 receptor 1,IC50,=,2.0,nM,CHEMBL704374,B,Inhibition of [3H]LTB4 binding to Leukotriene B4 receptor in the guinea pig spleen membranes,CHEMBL1126259,Q15722,Leukotriene B4 receptor 1,IC50,COc1ccc(/C=C/CCCCOc2ccc(C(=O)c3cccc(C(=O)O)c3)cc2CCC(=O)O)cc1,8.698970004336019
CHEMBL49302,CHEMBL3911,Leukotriene B4 receptor 1,IC50,=,3.5,nM,CHEMBL705077,B,Inhibition of [3H]LTB4 binding to Leukotriene B4 receptor in the human polymorphonuclear leukocytes,CHEMBL1126259,Q15722,Leukotriene B4 receptor 1,IC50,COc1ccc(/C=C/CCCCOc2ccc(C(=O)c3cccc(C(=O)O)c3)cc2CCC(=O)O)cc1,8.455931955649724
CHEMBL169055,CHEMBL3911,Leukotriene B4 receptor 1,IC50,=,40.0,nM,CHEMBL873871,B,Compound was tested for inhibition against binding of radioligand [3H]LTB4 to Leukotriene B4 receptor in human neutrophil membranes,CHEMBL1133339,Q15722,Leukotriene B4 receptor 1,IC50,CN(C)C(=O)CC1(O)CCCC(/C=C/C(O)CCCCc2ccccc2)C1,7.3979400086720375
CHEMBL167465,CHEMBL3911,Leukotriene B4 receptor 1,IC50,=,2000.0,nM,CHEMBL873871,B,Compound was tested for inhibition against binding of radioligand [3H]LTB4 to Leukotriene B4 receptor in human neutrophil membranes,CHEMBL1133339,Q15722,Leukotriene B4 receptor 1,IC50,CN(C)C(=O)CC1(O)CCCC(/C=C/C(O)CCCCc2ccc(N=[N+]=[N-])cc2)C1,5.698970004336019
CHEMBL138018,CHEMBL3911,Leukotriene B4 receptor 1,IC50,=,300.0,nM,CHEMBL704374,B,Inhibition of [3H]LTB4 binding to Leukotriene B4 receptor in the guinea pig spleen membranes,CHEMBL1126259,Q15722,Leukotriene B4 receptor 1,IC50,CC(C)(CCCCOc1cc(-c2ccc(C(F)(F)F)cc2)c2ccccc2n1)C(=O)O,6.522878745280337
CHEMBL134698,CHEMBL3911,Leukotriene B4 receptor 1,IC50,=,150.0,nM,CHEMBL704374,B,Inhibition of [3H]LTB4 binding to Leukotriene B4 receptor in the guinea pig spleen membranes,CHEMBL1126259,Q15722,Leukotriene B4 receptor 1,IC50,CC(C)(CCCCOc1cc(-c2ccc([N+](=O)[O-])cc2)c2ccccc2n1)C(=O)O,6.823908740944319
CHEMBL434810,CHEMBL3911,Leukotriene B4 receptor 1,IC50,=,300.0,nM,CHEMBL704374,B,Inhibition of [3H]LTB4 binding to Leukotriene B4 receptor in the guinea pig spleen membranes,CHEMBL1126259,Q15722,Leukotriene B4 receptor 1,IC50,COc1cccc(-c2cc(OCCCCC(C)(C)C(=O)O)nc3ccccc23)c1,6.522878745280337
CHEMBL137248,CHEMBL3911,Leukotriene B4 receptor 1,IC50,=,30.0,nM,CHEMBL704374,B,Inhibition of [3H]LTB4 binding to Leukotriene B4 receptor in the guinea pig spleen membranes,CHEMBL1126259,Q15722,Leukotriene B4 receptor 1,IC50,CC(C)(CCCCOc1cc(-c2ccc(Cl)cc2)c2ccccc2n1)c1nnn[nH]1,7.522878745280337
CHEMBL137248,CHEMBL3911,Leukotriene B4 receptor 1,IC50,=,50.0,nM,CHEMBL705077,B,Inhibition of [3H]LTB4 binding to Leukotriene B4 receptor in the human polymorphonuclear leukocytes,CHEMBL1126259,Q15722,Leukotriene B4 receptor 1,IC50,CC(C)(CCCCOc1cc(-c2ccc(Cl)cc2)c2ccccc2n1)c1nnn[nH]1,7.301029995663981
CHEMBL318809,CHEMBL3911,Leukotriene B4 receptor 1,IC50,=,30.0,nM,CHEMBL705075,B,Tested for inhibitory activity against leukotriene B4 (LTB4) receptor in human neutrophils,CHEMBL1127462,Q15722,Leukotriene B4 receptor 1,IC50,Cc1c(O)c(C)c2sc(NCc3ccc(S(N)(=O)=O)cc3)nc2c1C,7.522878745280337
CHEMBL164721,CHEMBL3911,Leukotriene B4 receptor 1,IC50,=,2000.0,nM,CHEMBL873871,B,Compound was tested for inhibition against binding of radioligand [3H]LTB4 to Leukotriene B4 receptor in human neutrophil membranes,CHEMBL1133339,Q15722,Leukotriene B4 receptor 1,IC50,[N-]=[N+]=Nc1ccc(CCCCC(O)/C=C/C2CCCC(O)(CC(=O)O)C2)cc1,5.698970004336019
CHEMBL345047,CHEMBL3911,Leukotriene B4 receptor 1,IC50,=,800.0,nM,CHEMBL704374,B,Inhibition of [3H]LTB4 binding to Leukotriene B4 receptor in the guinea pig spleen membranes,CHEMBL1126259,Q15722,Leukotriene B4 receptor 1,IC50,CC(C)(CCCCOc1cc(-c2ccccc2F)c2ccccc2n1)C(=O)O,6.096910013008056
CHEMBL137625,CHEMBL3911,Leukotriene B4 receptor 1,IC50,=,700.0,nM,CHEMBL704374,B,Inhibition of [3H]LTB4 binding to Leukotriene B4 receptor in the guinea pig spleen membranes,CHEMBL1126259,Q15722,Leukotriene B4 receptor 1,IC50,O=C(O)CCCCCOc1cc(-c2ccccc2)c2ccccc2n1,6.154901959985743
CHEMBL354872,CHEMBL3911,Leukotriene B4 receptor 1,IC50,=,300.0,nM,CHEMBL873871,B,Compound was tested for inhibition against binding of radioligand [3H]LTB4 to Leukotriene B4 receptor in human neutrophil membranes,CHEMBL1133339,Q15722,Leukotriene B4 receptor 1,IC50,O=C(O)CC1(O)CCCC(/C=C/C(O)CCCCc2ccccc2)C1,6.522878745280337
CHEMBL105139,CHEMBL3911,Leukotriene B4 receptor 1,IC50,=,210.0,nM,CHEMBL705075,B,Tested for inhibitory activity against leukotriene B4 (LTB4) receptor in human neutrophils,CHEMBL1127462,Q15722,Leukotriene B4 receptor 1,IC50,CNc1nc2c(Cc3cccnc3)c(C)c(O)c(C)c2s1,6.6777807052660805
CHEMBL137570,CHEMBL3911,Leukotriene B4 receptor 1,IC50,=,550.0,nM,CHEMBL704374,B,Inhibition of [3H]LTB4 binding to Leukotriene B4 receptor in the guinea pig spleen membranes,CHEMBL1126259,Q15722,Leukotriene B4 receptor 1,IC50,CC(CCCCOc1cc(-c2ccccc2)c2ccccc2n1)C(=O)O,6.259637310505756
CHEMBL136805,CHEMBL3911,Leukotriene B4 receptor 1,IC50,=,10.0,nM,CHEMBL704374,B,Inhibition of [3H]LTB4 binding to Leukotriene B4 receptor in the guinea pig spleen membranes,CHEMBL1126259,Q15722,Leukotriene B4 receptor 1,IC50,COc1ccc(-c2cc(OCCCCC(C)(C)C(=O)O)nc3ccccc23)cc1,8.0
CHEMBL136805,CHEMBL3911,Leukotriene B4 receptor 1,IC50,=,140.0,nM,CHEMBL705077,B,Inhibition of [3H]LTB4 binding to Leukotriene B4 receptor in the human polymorphonuclear leukocytes,CHEMBL1126259,Q15722,Leukotriene B4 receptor 1,IC50,COc1ccc(-c2cc(OCCCCC(C)(C)C(=O)O)nc3ccccc23)cc1,6.853871964321762
CHEMBL137030,CHEMBL3911,Leukotriene B4 receptor 1,IC50,=,400.0,nM,CHEMBL704374,B,Inhibition of [3H]LTB4 binding to Leukotriene B4 receptor in the guinea pig spleen membranes,CHEMBL1126259,Q15722,Leukotriene B4 receptor 1,IC50,CC(C)(CCCCOc1cc(-c2ccccc2)c2ccccc2n1)c1nnn[nH]1,6.3979400086720375
CHEMBL137676,CHEMBL3911,Leukotriene B4 receptor 1,IC50,=,2000.0,nM,CHEMBL704374,B,Inhibition of [3H]LTB4 binding to Leukotriene B4 receptor in the guinea pig spleen membranes,CHEMBL1126259,Q15722,Leukotriene B4 receptor 1,IC50,O=C(O)CCCCCCCOc1cc(-c2ccccc2)c2ccccc2n1,5.698970004336019
CHEMBL167465,CHEMBL3911,Leukotriene B4 receptor 1,IC50,=,700.0,nM,CHEMBL873871,B,Compound was tested for inhibition against binding of radioligand [3H]LTB4 to Leukotriene B4 receptor in human neutrophil membranes,CHEMBL1133339,Q15722,Leukotriene B4 receptor 1,IC50,CN(C)C(=O)CC1(O)CCCC(/C=C/C(O)CCCCc2ccc(N=[N+]=[N-])cc2)C1,6.154901959985743
CHEMBL352717,CHEMBL3911,Leukotriene B4 receptor 1,IC50,=,6000.0,nM,CHEMBL873871,B,Compound was tested for inhibition against binding of radioligand [3H]LTB4 to Leukotriene B4 receptor in human neutrophil membranes,CHEMBL1133339,Q15722,Leukotriene B4 receptor 1,IC50,CN(C)C(=O)CC1(O)CCCC(/C=C/C(O)CCCCc2ccc(N=[N+]=[N-])c(I)c2)C1,5.221848749616356
CHEMBL137168,CHEMBL3911,Leukotriene B4 receptor 1,IC50,=,30.0,nM,CHEMBL704374,B,Inhibition of [3H]LTB4 binding to Leukotriene B4 receptor in the guinea pig spleen membranes,CHEMBL1126259,Q15722,Leukotriene B4 receptor 1,IC50,O=C(O)CCCCCOc1cc(-c2ccc(Cl)cc2)c2ccccc2n1,7.522878745280337
CHEMBL137168,CHEMBL3911,Leukotriene B4 receptor 1,IC50,=,150.0,nM,CHEMBL705077,B,Inhibition of [3H]LTB4 binding to Leukotriene B4 receptor in the human polymorphonuclear leukocytes,CHEMBL1126259,Q15722,Leukotriene B4 receptor 1,IC50,O=C(O)CCCCCOc1cc(-c2ccc(Cl)cc2)c2ccccc2n1,6.823908740944319
CHEMBL134697,CHEMBL3911,Leukotriene B4 receptor 1,IC50,=,40.0,nM,CHEMBL704374,B,Inhibition of [3H]LTB4 binding to Leukotriene B4 receptor in the guinea pig spleen membranes,CHEMBL1126259,Q15722,Leukotriene B4 receptor 1,IC50,CC(C)(CCCCOc1cc(-c2ccc(N)cc2)c2ccccc2n1)C(=O)O,7.3979400086720375
CHEMBL134697,CHEMBL3911,Leukotriene B4 receptor 1,IC50,=,250.0,nM,CHEMBL705077,B,Inhibition of [3H]LTB4 binding to Leukotriene B4 receptor in the human polymorphonuclear leukocytes,CHEMBL1126259,Q15722,Leukotriene B4 receptor 1,IC50,CC(C)(CCCCOc1cc(-c2ccc(N)cc2)c2ccccc2n1)C(=O)O,6.6020599913279625
CHEMBL136433,CHEMBL3911,Leukotriene B4 receptor 1,IC50,=,1800.0,nM,CHEMBL704374,B,Inhibition of [3H]LTB4 binding to Leukotriene B4 receptor in the guinea pig spleen membranes,CHEMBL1126259,Q15722,Leukotriene B4 receptor 1,IC50,O=C(O)CCCCCCOc1cc(-c2ccccc2)c2ccccc2n1,5.7447274948966935
CHEMBL342688,CHEMBL3911,Leukotriene B4 receptor 1,IC50,=,30.0,nM,CHEMBL704374,B,Inhibition of [3H]LTB4 binding to Leukotriene B4 receptor in the guinea pig spleen membranes,CHEMBL1126259,Q15722,Leukotriene B4 receptor 1,IC50,Cc1ccc(-c2cc(OCCCCC(C)(C)C(=O)O)nc3ccccc23)cc1,7.522878745280337
CHEMBL342688,CHEMBL3911,Leukotriene B4 receptor 1,IC50,=,100.0,nM,CHEMBL705077,B,Inhibition of [3H]LTB4 binding to Leukotriene B4 receptor in the human polymorphonuclear leukocytes,CHEMBL1126259,Q15722,Leukotriene B4 receptor 1,IC50,Cc1ccc(-c2cc(OCCCCC(C)(C)C(=O)O)nc3ccccc23)cc1,7.0
CHEMBL137234,CHEMBL3911,Leukotriene B4 receptor 1,IC50,=,500.0,nM,CHEMBL704374,B,Inhibition of [3H]LTB4 binding to Leukotriene B4 receptor in the guinea pig spleen membranes,CHEMBL1126259,Q15722,Leukotriene B4 receptor 1,IC50,c1ccc(-c2cc(OCCCCCc3nnn[nH]3)nc3ccccc23)cc1,6.301029995663981
CHEMBL137654,CHEMBL3911,Leukotriene B4 receptor 1,IC50,=,2500.0,nM,CHEMBL704374,B,Inhibition of [3H]LTB4 binding to Leukotriene B4 receptor in the guinea pig spleen membranes,CHEMBL1126259,Q15722,Leukotriene B4 receptor 1,IC50,CC(C)(CCCCOc1cc(-c2ccccc2)c2cc(Cl)ccc2n1)C(=O)O,5.6020599913279625
CHEMBL137497,CHEMBL3911,Leukotriene B4 receptor 1,IC50,=,15.0,nM,CHEMBL704374,B,Inhibition of [3H]LTB4 binding to Leukotriene B4 receptor in the guinea pig spleen membranes,CHEMBL1126259,Q15722,Leukotriene B4 receptor 1,IC50,CC(C)(CCCCOc1cc(-c2ccc(Cl)cc2)c2ccccc2n1)C(=O)O,7.823908740944319
CHEMBL422282,CHEMBL3911,Leukotriene B4 receptor 1,IC50,=,1100.0,nM,CHEMBL704374,B,Inhibition of [3H]LTB4 binding to Leukotriene B4 receptor in the guinea pig spleen membranes,CHEMBL1126259,Q15722,Leukotriene B4 receptor 1,IC50,CC(C)(CCCCOc1cc(-c2cccc(Cl)c2)c2ccccc2n1)C(=O)O,5.958607314841775
CHEMBL335142,CHEMBL3911,Leukotriene B4 receptor 1,IC50,=,2000.0,nM,CHEMBL704374,B,Inhibition of [3H]LTB4 binding to Leukotriene B4 receptor in the guinea pig spleen membranes,CHEMBL1126259,Q15722,Leukotriene B4 receptor 1,IC50,CC(C)(CCCCOc1cc(-c2ccccc2)c2ccc(Cl)cc2n1)C(=O)O,5.698970004336019
CHEMBL335525,CHEMBL3911,Leukotriene B4 receptor 1,IC50,=,183.0,nM,CHEMBL704374,B,Inhibition of [3H]LTB4 binding to Leukotriene B4 receptor in the guinea pig spleen membranes,CHEMBL1126259,Q15722,Leukotriene B4 receptor 1,IC50,CC(C)(CCCCOc1cc(-c2ccccc2)c2ccccc2n1)C(=O)O,6.73754891026957
CHEMBL335525,CHEMBL3911,Leukotriene B4 receptor 1,IC50,=,4000.0,nM,CHEMBL705077,B,Inhibition of [3H]LTB4 binding to Leukotriene B4 receptor in the human polymorphonuclear leukocytes,CHEMBL1126259,Q15722,Leukotriene B4 receptor 1,IC50,CC(C)(CCCCOc1cc(-c2ccccc2)c2ccccc2n1)C(=O)O,5.3979400086720375
CHEMBL137346,CHEMBL3911,Leukotriene B4 receptor 1,IC50,=,8000.0,nM,CHEMBL704374,B,Inhibition of [3H]LTB4 binding to Leukotriene B4 receptor in the guinea pig spleen membranes,CHEMBL1126259,Q15722,Leukotriene B4 receptor 1,IC50,Cc1c(OCCCCC(C)(C)C(=O)O)nc2ccccc2c1-c1ccccc1,5.096910013008056
CHEMBL15766,CHEMBL3911,Leukotriene B4 receptor 1,IC50,=,85.1,nM,CHEMBL706536,B,Inhibition against LTB4 receptor in human neutrophil,CHEMBL1126963,Q15722,Leukotriene B4 receptor 1,IC50,CCc1cc(C(C)=O)c(O)cc1OCCCCCC(C)(C)c1nn[nH]n1,7.070070439915412
CHEMBL15299,CHEMBL3911,Leukotriene B4 receptor 1,IC50,=,23.0,nM,CHEMBL706536,B,Inhibition against LTB4 receptor in human neutrophil,CHEMBL1126963,Q15722,Leukotriene B4 receptor 1,IC50,CCCc1c(OCCCOc2cc(O)c(C(C)=O)cc2CC)cccc1OC(C)C(=O)O,7.638272163982407
CHEMBL15559,CHEMBL3911,Leukotriene B4 receptor 1,IC50,=,39.6,nM,CHEMBL706536,B,Inhibition against LTB4 receptor in human neutrophil,CHEMBL1126963,Q15722,Leukotriene B4 receptor 1,IC50,CCCc1c(OCCCOc2cc(O)c(C(C)=O)cc2CC)ccc2c1OC(C(=O)[O-])CC2.[Na+],7.402304814074488
CHEMBL15817,CHEMBL3911,Leukotriene B4 receptor 1,IC50,=,41.3,nM,CHEMBL706536,B,Inhibition against LTB4 receptor in human neutrophil,CHEMBL1126963,Q15722,Leukotriene B4 receptor 1,IC50,CCCc1cc(OCCCOc2ccc(C(C)=O)c(OC)c2CCC)cc2c1OC(C(=O)O)CC2,7.384049948343599
CHEMBL15648,CHEMBL3911,Leukotriene B4 receptor 1,IC50,=,67.0,nM,CHEMBL706536,B,Inhibition against LTB4 receptor in human neutrophil,CHEMBL1126963,Q15722,Leukotriene B4 receptor 1,IC50,CCCc1c(OCCCOc2cc(O)c(C(C)=O)cc2CC)cccc1OCC(=O)O,7.173925197299173
CHEMBL15295,CHEMBL3911,Leukotriene B4 receptor 1,IC50,=,36.0,nM,CHEMBL706536,B,Inhibition against LTB4 receptor in human neutrophil,CHEMBL1126963,Q15722,Leukotriene B4 receptor 1,IC50,CCCc1c(OCCCOc2cc(O)c(C(C)=O)cc2CC)cccc1OC(CC)C(=O)O,7.443697499232712
CHEMBL328712,CHEMBL3911,Leukotriene B4 receptor 1,IC50,=,4.7,nM,CHEMBL709308,B,Concentration inhibiting the binding of [3H]LTB4 to human whole cell neutrophils,CHEMBL1126258,Q15722,Leukotriene B4 receptor 1,IC50,CN(CCc1ccccc1)C(=O)Cc1cc(C(=O)O)cc2c(OCc3ccccc3)cccc12,8.327902142064282
CHEMBL14823,CHEMBL3911,Leukotriene B4 receptor 1,IC50,=,300.0,nM,CHEMBL709307,B,Concentration inhibiting the binding of [3H]LTB4 to human neutrophils,CHEMBL1126258,Q15722,Leukotriene B4 receptor 1,IC50,CCCc1c(OCCCOc2ccc(C(C)=O)c(OC)c2CCC)ccc2c1OC(C(=O)O)CC2,6.522878745280337
CHEMBL174638,CHEMBL3911,Leukotriene B4 receptor 1,IC50,=,190.0,nM,CHEMBL706535,B,In vitro binding affinity towards LTB4 receptor determined by measuring the displacement of [3H]LTB4 from isolated neutrophils,CHEMBL1129903,Q15722,Leukotriene B4 receptor 1,IC50,CCOc1ccc(C(=O)O)cc1NC(=O)/C=C/c1ccc(-c2ccccc2)cc1,6.721246399047171
CHEMBL176747,CHEMBL3911,Leukotriene B4 receptor 1,IC50,=,1220.0,nM,CHEMBL706535,B,In vitro binding affinity towards LTB4 receptor determined by measuring the displacement of [3H]LTB4 from isolated neutrophils,CHEMBL1129903,Q15722,Leukotriene B4 receptor 1,IC50,COc1ccc(C(=O)O)cc1NC(=O)/C=C/c1ccc(-c2ccccc2)c(C)c1,5.913640169325252
CHEMBL167804,CHEMBL3911,Leukotriene B4 receptor 1,IC50,=,0.85,nM,CHEMBL709306,B,Inhibitory activity against leukotriene B4 receptor,CHEMBL1150529,Q15722,Leukotriene B4 receptor 1,IC50,CCCc1c(OCCCOc2ccc(C(=O)NC)c(OC)c2CCC)ccc2c1OC(C(=O)O)CC2,9.070581074285707
CHEMBL176974,CHEMBL3911,Leukotriene B4 receptor 1,IC50,=,830.0,nM,CHEMBL706535,B,In vitro binding affinity towards LTB4 receptor determined by measuring the displacement of [3H]LTB4 from isolated neutrophils,CHEMBL1129903,Q15722,Leukotriene B4 receptor 1,IC50,O=C(/C=C/c1ccc(-c2ccccc2)cc1)Nc1ccccc1C(=O)O,6.080921907623926
CHEMBL328492,CHEMBL3911,Leukotriene B4 receptor 1,IC50,=,10.9,nM,CHEMBL709306,B,Inhibitory activity against leukotriene B4 receptor,CHEMBL1150529,Q15722,Leukotriene B4 receptor 1,IC50,CCCc1c(OCCCOc2ccc(C(=O)NC)c(OC)c2CC2CC2)ccc2c1OC(CCC(=O)O)CC2,7.962573502059376
CHEMBL424779,CHEMBL3911,Leukotriene B4 receptor 1,IC50,=,16.7,nM,CHEMBL706535,B,In vitro binding affinity towards LTB4 receptor determined by measuring the displacement of [3H]LTB4 from isolated neutrophils,CHEMBL1129903,Q15722,Leukotriene B4 receptor 1,IC50,COc1ccc(-c2nn[nH]n2)cc1NC(=O)/C=C/c1ccc(-c2ccccc2)cc1,7.777283528852417
CHEMBL167669,CHEMBL3911,Leukotriene B4 receptor 1,IC50,=,8.5,nM,CHEMBL709306,B,Inhibitory activity against leukotriene B4 receptor,CHEMBL1150529,Q15722,Leukotriene B4 receptor 1,IC50,CCCc1c(OCCCOc2ccc(C(=O)NC)c(OC)c2CC2CC2)ccc2c1O[C@@H](CCC(=O)O)CC2,8.070581074285707
CHEMBL422388,CHEMBL3911,Leukotriene B4 receptor 1,IC50,=,0.1,nM,CHEMBL709306,B,Inhibitory activity against leukotriene B4 receptor,CHEMBL1150529,Q15722,Leukotriene B4 receptor 1,IC50,CCCc1c(OCCCOc2ccc(C(=O)NC(C)C)c(OC)c2CCC)ccc2c1OC(C(=O)O)CC2,10.0
CHEMBL176903,CHEMBL3911,Leukotriene B4 receptor 1,IC50,=,908.0,nM,CHEMBL706535,B,In vitro binding affinity towards LTB4 receptor determined by measuring the displacement of [3H]LTB4 from isolated neutrophils,CHEMBL1129903,Q15722,Leukotriene B4 receptor 1,IC50,O=C(/C=C/c1ccc(-c2ccccc2)cc1)Nc1cc(C(=O)O)ccc1Cl,6.041914151478915
CHEMBL14823,CHEMBL3911,Leukotriene B4 receptor 1,IC50,=,1.0,nM,CHEMBL709306,B,Inhibitory activity against leukotriene B4 receptor,CHEMBL1150529,Q15722,Leukotriene B4 receptor 1,IC50,CCCc1c(OCCCOc2ccc(C(C)=O)c(OC)c2CCC)ccc2c1OC(C(=O)O)CC2,9.0
CHEMBL167474,CHEMBL3911,Leukotriene B4 receptor 1,IC50,=,5.3,nM,CHEMBL709306,B,Inhibitory activity against leukotriene B4 receptor,CHEMBL1150529,Q15722,Leukotriene B4 receptor 1,IC50,CCCc1c(OCCCOc2ccc(C(=O)NC)c(OC)c2CC2CC2)ccc2c1OC(C(=O)O)CC2,8.275724130399212
CHEMBL175073,CHEMBL3911,Leukotriene B4 receptor 1,IC50,=,15.9,nM,CHEMBL706535,B,In vitro binding affinity towards LTB4 receptor determined by measuring the displacement of [3H]LTB4 from isolated neutrophils,CHEMBL1129903,Q15722,Leukotriene B4 receptor 1,IC50,COc1ccc(C(=O)O)cc1NC(=O)/C=C(\C)c1ccc(-c2ccccc2)cc1,7.798602875679548
CHEMBL166699,CHEMBL3911,Leukotriene B4 receptor 1,IC50,=,2.4,nM,CHEMBL709306,B,Inhibitory activity against leukotriene B4 receptor,CHEMBL1150529,Q15722,Leukotriene B4 receptor 1,IC50,CCCc1c(OCCCOc2ccc(C(N)=O)c(OC)c2CCC)ccc2c1OC(C(=O)O)CC2,8.619788758288394
CHEMBL172091,CHEMBL3911,Leukotriene B4 receptor 1,IC50,=,1510.0,nM,CHEMBL706535,B,In vitro binding affinity towards LTB4 receptor determined by measuring the displacement of [3H]LTB4 from isolated neutrophils,CHEMBL1129903,Q15722,Leukotriene B4 receptor 1,IC50,COc1ccc(C(=O)O)cc1NC(=O)CCc1ccc(-c2ccccc2)cc1,5.821023052706831
CHEMBL176748,CHEMBL3911,Leukotriene B4 receptor 1,IC50,=,4570.0,nM,CHEMBL706535,B,In vitro binding affinity towards LTB4 receptor determined by measuring the displacement of [3H]LTB4 from isolated neutrophils,CHEMBL1129903,Q15722,Leukotriene B4 receptor 1,IC50,COc1ccc(C(=O)O)cc1NC(=O)/C=C/c1ccc(-c2ccccc2C)cc1,5.34008379993015
CHEMBL367291,CHEMBL3911,Leukotriene B4 receptor 1,IC50,=,1180.0,nM,CHEMBL706535,B,In vitro binding affinity towards LTB4 receptor determined by measuring the displacement of [3H]LTB4 from isolated neutrophils,CHEMBL1129903,Q15722,Leukotriene B4 receptor 1,IC50,COc1cccc(C(=O)O)c1NC(=O)/C=C/c1ccc(-c2ccccc2)cc1,5.928117992693874
CHEMBL167350,CHEMBL3911,Leukotriene B4 receptor 1,IC50,=,0.15,nM,CHEMBL709306,B,Inhibitory activity against leukotriene B4 receptor,CHEMBL1150529,Q15722,Leukotriene B4 receptor 1,IC50,CCCc1c(OCCCOc2ccc(C(=O)N(C)C)c(OC)c2CCC)ccc2c1OC(C(=O)O)CC2,9.823908740944319
CHEMBL426773,CHEMBL3911,Leukotriene B4 receptor 1,IC50,=,784.0,nM,CHEMBL706535,B,In vitro binding affinity towards LTB4 receptor determined by measuring the displacement of [3H]LTB4 from isolated neutrophils,CHEMBL1129903,Q15722,Leukotriene B4 receptor 1,IC50,COc1ccc(C(=O)O)cc1NC(=O)CC(=O)c1ccc(-c2ccccc2)cc1,6.105683937315561
CHEMBL367943,CHEMBL3911,Leukotriene B4 receptor 1,IC50,=,68.2,nM,CHEMBL706535,B,In vitro binding affinity towards LTB4 receptor determined by measuring the displacement of [3H]LTB4 from isolated neutrophils,CHEMBL1129903,Q15722,Leukotriene B4 receptor 1,IC50,COc1ccc(C(=O)O)cc1NC(=O)/C=C/c1ccc(-c2ccccc2)cc1,7.166215625343521
CHEMBL65061,CHEMBL3911,Leukotriene B4 receptor 1,IC50,=,32.0,nM,CHEMBL709306,B,Inhibitory activity against leukotriene B4 receptor,CHEMBL1150529,Q15722,Leukotriene B4 receptor 1,IC50,CCCCC/C=C\C[C@@H](O)/C=C/C=C/C=C\[C@@H](O)CCCC(=O)O,7.494850021680094
CHEMBL172201,CHEMBL3911,Leukotriene B4 receptor 1,IC50,=,1180.0,nM,CHEMBL706535,B,In vitro binding affinity towards LTB4 receptor determined by measuring the displacement of [3H]LTB4 from isolated neutrophils,CHEMBL1129903,Q15722,Leukotriene B4 receptor 1,IC50,O=C(/C=C/c1ccc(-c2ccccc2)cc1)Nc1cccc(C(=O)O)c1,5.928117992693874
CHEMBL175128,CHEMBL3911,Leukotriene B4 receptor 1,IC50,=,932.0,nM,CHEMBL706535,B,In vitro binding affinity towards LTB4 receptor determined by measuring the displacement of [3H]LTB4 from isolated neutrophils,CHEMBL1129903,Q15722,Leukotriene B4 receptor 1,IC50,COc1ccc(C(=O)O)cc1NC(=O)[C@H]1C[C@@H]1c1ccc(-c2ccccc2)cc1,6.030584087646019
CHEMBL172974,CHEMBL3911,Leukotriene B4 receptor 1,IC50,=,276.0,nM,CHEMBL706535,B,In vitro binding affinity towards LTB4 receptor determined by measuring the displacement of [3H]LTB4 from isolated neutrophils,CHEMBL1129903,Q15722,Leukotriene B4 receptor 1,IC50,COc1ccc(C(=O)O)cc1NC(=O)/C=C/c1ccc(-c2ccc(C)cc2)cc1,6.559090917934782
CHEMBL419948,CHEMBL3911,Leukotriene B4 receptor 1,IC50,=,14.5,nM,CHEMBL709306,B,Inhibitory activity against leukotriene B4 receptor,CHEMBL1150529,Q15722,Leukotriene B4 receptor 1,IC50,CCCc1c(OCCCOc2ccc(C(=O)NC)c(OC)c2CC2CC2)ccc2c1O[C@H](CCC(=O)O)CC2,7.838631997765026
CHEMBL51770,CHEMBL3911,Leukotriene B4 receptor 1,IC50,=,5.6,nM,CHEMBL705074,B,Tested for binding activity against [3H]LTB4 to whole human neutrophil with halh maximal inhibition,CHEMBL1127793,Q15722,Leukotriene B4 receptor 1,IC50,O=C(O)C1(c2ccc3c(c2)OC[C@H](Cc2ccc(-c4ccccc4)cc2)[C@H]3O)CCCC1,8.2518119729938
CHEMBL305933,CHEMBL3911,Leukotriene B4 receptor 1,IC50,=,70000.0,nM,CHEMBL709171,B,Compound was evaluated for inhibitory activity against LTB4 receptor in human neutrophil membranes using [3H]- LTB4 as radioligand,CHEMBL1129702,Q15722,Leukotriene B4 receptor 1,IC50,CCCCCC(O)/C=C/[C@H]1CCC[C@@](O)(CCCC(=O)[O-])C1.[Na+],4.154901959985743
CHEMBL77513,CHEMBL3911,Leukotriene B4 receptor 1,IC50,=,800.0,nM,CHEMBL709171,B,Compound was evaluated for inhibitory activity against LTB4 receptor in human neutrophil membranes using [3H]- LTB4 as radioligand,CHEMBL1129702,Q15722,Leukotriene B4 receptor 1,IC50,O=C([O-])C[C@]1(O)CCC[C@H](/C=C/C(O)CCCCc2ccccc2)C1.[Na+],6.096910013008056
CHEMBL76530,CHEMBL3911,Leukotriene B4 receptor 1,IC50,=,8000.0,nM,CHEMBL709171,B,Compound was evaluated for inhibitory activity against LTB4 receptor in human neutrophil membranes using [3H]- LTB4 as radioligand,CHEMBL1129702,Q15722,Leukotriene B4 receptor 1,IC50,CCCCCC(O)/C=C/[C@H]1CCC[C@@](O)(CC(=O)[O-])C1.[Na+],5.096910013008056
CHEMBL80541,CHEMBL3911,Leukotriene B4 receptor 1,IC50,=,1000.0,nM,CHEMBL709171,B,Compound was evaluated for inhibitory activity against LTB4 receptor in human neutrophil membranes using [3H]- LTB4 as radioligand,CHEMBL1129702,Q15722,Leukotriene B4 receptor 1,IC50,CCCCCCCCC(O)/C=C/[C@H]1CCC[C@@](O)(CC(=O)[O-])C1.[Na+],6.0
CHEMBL77513,CHEMBL3911,Leukotriene B4 receptor 1,IC50,=,70000.0,nM,CHEMBL709171,B,Compound was evaluated for inhibitory activity against LTB4 receptor in human neutrophil membranes using [3H]- LTB4 as radioligand,CHEMBL1129702,Q15722,Leukotriene B4 receptor 1,IC50,O=C([O-])C[C@]1(O)CCC[C@H](/C=C/C(O)CCCCc2ccccc2)C1.[Na+],4.154901959985743
CHEMBL77513,CHEMBL3911,Leukotriene B4 receptor 1,IC50,=,300.0,nM,CHEMBL709171,B,Compound was evaluated for inhibitory activity against LTB4 receptor in human neutrophil membranes using [3H]- LTB4 as radioligand,CHEMBL1129702,Q15722,Leukotriene B4 receptor 1,IC50,O=C([O-])C[C@]1(O)CCC[C@H](/C=C/C(O)CCCCc2ccccc2)C1.[Na+],6.522878745280337
CHEMBL380555,CHEMBL3911,Leukotriene B4 receptor 1,IC50,=,20.0,nM,CHEMBL881484,B,"Inhibitory concentration against human leukotriene B4 receptor using competing agent [3H]-LTB4 as radioligand in pH 7.2 buffer, for 1 hr at 37 degree C",CHEMBL1141115,Q15722,Leukotriene B4 receptor 1,IC50,CC(C)(CCCCOc1cc(-c2ccccc2)cc(-c2ccccc2)n1)c1nnn[nH]1,7.698970004336019
CHEMBL412510,CHEMBL3911,Leukotriene B4 receptor 1,IC50,=,8.0,nM,CHEMBL881668,B,"Inhibitory concentration against human leukotriene B4 receptor using competing agent [3H]-LTB4 as radioligand in pH 7.2 buffer, for 1 h at 37 degree C; (n=2)",CHEMBL1141115,Q15722,Leukotriene B4 receptor 1,IC50,CC(C)(CCCCOc1cc(-c2ccccc2)cc(-c2ccccc2)n1)c1nnnn1CCCCC(=O)NCCCOCCOCCOCCCNC(=O)[C@H](CS(=O)(=O)O)NC(=O)[C@H](CS(=O)(=O)O)NC(=O)[C@H](CS(=O)(=O)O)NC(=O)[C@H](CS(=O)(=O)O)NC(=O)CC[C@H](N)C(=O)N[C@@H](CS(=O)(=O)O)C(=O)N[C@@H](CS(=O)(=O)O)C(=O)N[C@@H](CS(=O)(=O)O)C(=O)N[C@@H](CS(=O)(=O)O)C(=O)NCCCOCCOCCOCCCNC(=O)CCCCn1nnnc1C(C)(C)CCCCOc1cc(-c2ccccc2)cc(-c2ccccc2)n1,8.096910013008056
CHEMBL415548,CHEMBL3911,Leukotriene B4 receptor 1,IC50,=,54.0,nM,CHEMBL881668,B,"Inhibitory concentration against human leukotriene B4 receptor using competing agent [3H]-LTB4 as radioligand in pH 7.2 buffer, for 1 h at 37 degree C; (n=2)",CHEMBL1141115,Q15722,Leukotriene B4 receptor 1,IC50,CC(C)(CCCCOc1cc(-c2ccccc2)cc(-c2ccccc2)n1)c1nnnn1CCCCC(=O)NCCCOCCOCCOCCCNC(=O)[C@H](CS(=O)(=O)O)NC(=O)[C@H](CS(=O)(=O)O)NC(=O)[C@H](CS(=O)(=O)O)NC(=O)[C@H](CS(=O)(=O)O)NC(=O)CC[C@H](NC(=O)CN(CCN(CCN(CC(=O)O)CC(=O)O)CC(=O)O)CC(=O)O)C(=O)N[C@@H](CS(=O)(=O)O)C(=O)N[C@@H](CS(=O)(=O)O)C(=O)N[C@@H](CS(=O)(=O)O)C(=O)N[C@@H](CS(=O)(=O)O)C(=O)NCCCOCCOCCOCCCNC(=O)CCCCn1nnnc1C(C)(C)CCCCOc1cc(-c2ccccc2)cc(-c2ccccc2)n1,7.267606240177031
CHEMBL415548,CHEMBL3911,Leukotriene B4 receptor 1,IC50,=,30.0,nM,CHEMBL882595,B,"Inhibitory concentration against human leukotriene B4 receptor using competing agent [111In]-(17)] as radioligand in pH 7.2 buffer, for 1 hr at 37 degree C; (n=2)",CHEMBL1141115,Q15722,Leukotriene B4 receptor 1,IC50,CC(C)(CCCCOc1cc(-c2ccccc2)cc(-c2ccccc2)n1)c1nnnn1CCCCC(=O)NCCCOCCOCCOCCCNC(=O)[C@H](CS(=O)(=O)O)NC(=O)[C@H](CS(=O)(=O)O)NC(=O)[C@H](CS(=O)(=O)O)NC(=O)[C@H](CS(=O)(=O)O)NC(=O)CC[C@H](NC(=O)CN(CCN(CCN(CC(=O)O)CC(=O)O)CC(=O)O)CC(=O)O)C(=O)N[C@@H](CS(=O)(=O)O)C(=O)N[C@@H](CS(=O)(=O)O)C(=O)N[C@@H](CS(=O)(=O)O)C(=O)N[C@@H](CS(=O)(=O)O)C(=O)NCCCOCCOCCOCCCNC(=O)CCCCn1nnnc1C(C)(C)CCCCOc1cc(-c2ccccc2)cc(-c2ccccc2)n1,7.522878745280337
CHEMBL406432,CHEMBL3911,Leukotriene B4 receptor 1,IC50,=,16.0,nM,CHEMBL882595,B,"Inhibitory concentration against human leukotriene B4 receptor using competing agent [111In]-(17)] as radioligand in pH 7.2 buffer, for 1 hr at 37 degree C; (n=2)",CHEMBL1141115,Q15722,Leukotriene B4 receptor 1,IC50,CC(C)(CCCCOc1cc(-c2ccccc2)cc(-c2ccccc2)n1)c1nnnn1CCCCC(=O)NCCCOCCOCCOCCCNC(=O)[C@H](CS(=O)(=O)O)NC(=O)[C@H](CS(=O)(=O)O)NC(=O)[C@H](CS(=O)(=O)O)NC(=O)[C@H](CS(=O)(=O)O)NC(=O)c1ccc(N/N=C/c2ccccc2)nc1,7.795880017344075
CHEMBL384950,CHEMBL3911,Leukotriene B4 receptor 1,IC50,=,45.0,nM,CHEMBL881669,B,Inhibitory concentration against human leukotriene B4 receptor using competing agent [3H]-LTB4 as radioligand in pH 7.2 buffer upon incubation for 1 hr at 37 degree C; (n=4),CHEMBL1141115,Q15722,Leukotriene B4 receptor 1,IC50,CC(C)(CCCCOc1cc(-c2ccccc2)cc(-c2ccccc2)n1)c1nnnn1CCCCC(=O)NCCCOCCOCCOCCCNC(=O)c1ccc(N/N=C/c2ccccc2S(=O)(=O)[O-])nc1.[Na+],7.346787486224656
CHEMBL384950,CHEMBL3911,Leukotriene B4 receptor 1,IC50,=,44.0,nM,CHEMBL882595,B,"Inhibitory concentration against human leukotriene B4 receptor using competing agent [111In]-(17)] as radioligand in pH 7.2 buffer, for 1 hr at 37 degree C; (n=2)",CHEMBL1141115,Q15722,Leukotriene B4 receptor 1,IC50,CC(C)(CCCCOc1cc(-c2ccccc2)cc(-c2ccccc2)n1)c1nnnn1CCCCC(=O)NCCCOCCOCCOCCCNC(=O)c1ccc(N/N=C/c2ccccc2S(=O)(=O)[O-])nc1.[Na+],7.356547323513812
CHEMBL437275,CHEMBL3911,Leukotriene B4 receptor 1,IC50,=,230.0,nM,CHEMBL882595,B,"Inhibitory concentration against human leukotriene B4 receptor using competing agent [111In]-(17)] as radioligand in pH 7.2 buffer, for 1 hr at 37 degree C; (n=2)",CHEMBL1141115,Q15722,Leukotriene B4 receptor 1,IC50,CC(C)(CCCCOc1cc(-c2ccccc2)cc(-c2ccccc2)n1)c1nnnn1CCCCC(=O)NCCCOCCOCCOCCCNC(=O)[C@H](CS(=O)(=O)O)NC(=O)[C@H](CS(=O)(=O)O)NC(=O)[C@H](CS(=O)(=O)O)NC(=O)[C@H](CS(=O)(=O)O)NC(=O)CC[C@H](NC(=O)c1ccc(N/N=C/c2ccccc2)nc1)C(=O)N[C@@H](CS(=O)(=O)O)C(=O)N[C@@H](CS(=O)(=O)O)C(=O)N[C@@H](CS(=O)(=O)O)C(=O)N[C@@H](CS(=O)(=O)O)C(=O)NCCCOCCOCCOCCCNC(=O)CCCCn1nnnc1C(C)(C)CCCCOc1cc(-c2ccccc2)cc(-c2ccccc2)n1,6.638272163982407
CHEMBL462734,CHEMBL3911,Leukotriene B4 receptor 1,IC50,=,44500.0,nM,CHEMBL1026654,B,Displacement of [3H]LTB4 from LTB4 receptor in human neutrophils,CHEMBL1159265,Q15722,Leukotriene B4 receptor 1,IC50,CC1(C)CCC[C@]2(C)[C@H]3Cc4c(OS(=O)(=O)[O-])ccc(OS(=O)(=O)[O-])c4CO[C@]3(C)CC[C@@H]12.[Na+].[Na+],4.351639989019068
CHEMBL111825,CHEMBL3911,Leukotriene B4 receptor 1,IC50,=,4000.0,nM,CHEMBL1017343,B,Displacement of [3H]LTB4 from LTB4 receptor expressed in human U937 cell membrane,CHEMBL1147335,Q15722,Leukotriene B4 receptor 1,IC50,Cn1c(N)nc(Cc2ccc3c(c2)OCO3)c1Cc1ccc2c(c1)OCO2,5.3979400086720375
CHEMBL485054,CHEMBL3911,Leukotriene B4 receptor 1,IC50,=,15600.0,nM,CHEMBL1017343,B,Displacement of [3H]LTB4 from LTB4 receptor expressed in human U937 cell membrane,CHEMBL1147335,Q15722,Leukotriene B4 receptor 1,IC50,CN1C(=N)N(C)/C(=N/c2nc(Cc3ccc4c(c3)OCO4)c(Cc3ccc4c(c3)OCO4)n2C)C1=O,4.806875401645539
CHEMBL111825,CHEMBL3911,Leukotriene B4 receptor 1,IC50,=,750.0,nM,CHEMBL1017344,B,Binding affinity to LTB4 receptor in human U937 cells by whole cell assay,CHEMBL1147335,Q15722,Leukotriene B4 receptor 1,IC50,Cn1c(N)nc(Cc2ccc3c(c2)OCO3)c1Cc1ccc2c(c1)OCO2,6.1249387366083
CHEMBL3331100,CHEMBL3911,Leukotriene B4 receptor 1,IC50,=,26200000.0,nM,CHEMBL4407214,B,Inhibition of LTB4 (unknown origin) by EIA,CHEMBL4406802,Q15722,Leukotriene B4 receptor 1,IC50,CCC(C)C(=O)c1c(O)cc(O)c(C/C=C(\C)CCC=C(C)C)c1O,1.5816987086802543
CHEMBL3286797,CHEMBL3911,Leukotriene B4 receptor 1,IC50,=,9700.0,nM,CHEMBL4887003,B,LTB4 (h) (BLT1) CEREP ligand profiling,CHEMBL4507298,Q15722,Leukotriene B4 receptor 1,IC50,COc1ccc2cc(OCC3(C(=O)O)CN(C(=O)c4ccc(F)cc4)C3)ccc2c1,5.013228265733755
CHEMBL3286797,CHEMBL3911,Leukotriene B4 receptor 1,IC50,=,9700.0,nM,CHEMBL5214409,B,Selectivity interaction (CEREP ligand profiling ) EUB0000351a LTB4R,CHEMBL5212743,Q15722,Leukotriene B4 receptor 1,IC50,COc1ccc2cc(OCC3(C(=O)O)CN(C(=O)c4ccc(F)cc4)C3)ccc2c1,5.013228265733755
CHEMBL5898576,CHEMBL3911,Leukotriene B4 receptor 1,EC50,=,650.0,nM,CHEMBL5734216,B,"BLT-1 cAMP Assay: The ability of compounds to antagonize the human BLT1 receptor was determined using a kit to measure changes in intracellular cyclic AMP levels (cAMP dynamic assay kit, Cisbio Cat. No. 62AM4PEC). HEK293 cells recombinantly expressing human BLT1 receptor, previously frozen in Recovery Medium (Life Technologies, Cat. No. 12648-010) were thawed and diluted into assay medium (HBSS (Hyclone SH 30268.01), 20 mM HEPES (Gibco 15630-106), 800 μM IBMX (Sigma I5879), 0.1% DTPA BSA (Perkin Elmer CR84-100)). The cell suspension was centrifuged at 200×g for 10 min and then resuspended in fresh assay medium to a density of 2.5×105 cells/mL. A Labcyte Echo 550 acoustic dispenser was used to transfer 25 nL of test compound dissolved in DMSO into the wells of a dry 384-well plate (Greiner 784075). All subsequent liquid additions were performed using a BIORAPTR (FRD; Beckman Coulter). Next, 5 μL of cell suspension was added and incubated for 20 min. at 37° C. and 5% CO2 in a humidified plastic tray. To test for agonist activity 51 μL of assay buffer containing forskolin (Sigma F-6886. 4 μM for BLT1) was added and incubated for 30 minutes at 37° C. and 5% CO2 in a humidified plastic tray. To test for antagonist activity 5 μL of assay buffer containing forskolin (Sigma F-6886. 4 μM for BLT1) and either LTB4 (Sigma Aldrich L0517; 2 nM BLT1) was added and incubated for 30 minutes at 37° C. and 5% CO2 in a humidified plastic tray.The levels of cAMP were detected using the CisBio kit following the manufacturer's instructions: cAMP-d2 vial was reconstituted with distilled water and then diluted accordingly with conjugate & lysis buffer. 5 μL of cAMP-d2 working solution was added to all of the wells of the assay plate. cAMP-Cryptate vial was reconstituted with distilled water and then diluted accordingly with conjugate & lysis buffer. 5 μL of cAMP-Cryptate working solution were added to the assay plate. The assay plate was shaken for 3 minutes and incubated at room temperature for 45 minutes, then read on Perkin Elmer Envision. cAMP standard curve and fit data were plotted using a 4 parameter dose response curve fitting algorithm to fit curve. A 4-parameter curve fit (Max, min, log EC50 and slope) was used to transform fluorescent 665 nm/615 nm ratio signal to cAMP concentration. After normalization to treated and untreated controls, the percent effect of signal at each compound concentration was calculated. The plot of percent effect versus the log of compound concentration was fit with a 4-parameter concentration response equation to calculate EC50 values. Compound concentrations tested were 10 000, 3 333, 1 111, 370.4, 123.4, 41.2, 13.7, 4.6, 1.5 and 0.5 nM with 0.25% residual DMSO.",CHEMBL5727202,Q15722,Leukotriene B4 receptor 1,EC50,O=C(NS(=O)(=O)C(F)(F)F)c1ccc(F)cc1-c1ccc2c(c1)OC[C@@H](Cc1ccccn1)[C@@H]2O,6.187086643357144
CHEMBL5901558,CHEMBL3911,Leukotriene B4 receptor 1,EC50,=,6.0,nM,CHEMBL5734216,B,"BLT-1 cAMP Assay: The ability of compounds to antagonize the human BLT1 receptor was determined using a kit to measure changes in intracellular cyclic AMP levels (cAMP dynamic assay kit, Cisbio Cat. No. 62AM4PEC). HEK293 cells recombinantly expressing human BLT1 receptor, previously frozen in Recovery Medium (Life Technologies, Cat. No. 12648-010) were thawed and diluted into assay medium (HBSS (Hyclone SH 30268.01), 20 mM HEPES (Gibco 15630-106), 800 μM IBMX (Sigma I5879), 0.1% DTPA BSA (Perkin Elmer CR84-100)). The cell suspension was centrifuged at 200×g for 10 min and then resuspended in fresh assay medium to a density of 2.5×105 cells/mL. A Labcyte Echo 550 acoustic dispenser was used to transfer 25 nL of test compound dissolved in DMSO into the wells of a dry 384-well plate (Greiner 784075). All subsequent liquid additions were performed using a BIORAPTR (FRD; Beckman Coulter). Next, 5 μL of cell suspension was added and incubated for 20 min. at 37° C. and 5% CO2 in a humidified plastic tray. To test for agonist activity 51 μL of assay buffer containing forskolin (Sigma F-6886. 4 μM for BLT1) was added and incubated for 30 minutes at 37° C. and 5% CO2 in a humidified plastic tray. To test for antagonist activity 5 μL of assay buffer containing forskolin (Sigma F-6886. 4 μM for BLT1) and either LTB4 (Sigma Aldrich L0517; 2 nM BLT1) was added and incubated for 30 minutes at 37° C. and 5% CO2 in a humidified plastic tray.The levels of cAMP were detected using the CisBio kit following the manufacturer's instructions: cAMP-d2 vial was reconstituted with distilled water and then diluted accordingly with conjugate & lysis buffer. 5 μL of cAMP-d2 working solution was added to all of the wells of the assay plate. cAMP-Cryptate vial was reconstituted with distilled water and then diluted accordingly with conjugate & lysis buffer. 5 μL of cAMP-Cryptate working solution were added to the assay plate. The assay plate was shaken for 3 minutes and incubated at room temperature for 45 minutes, then read on Perkin Elmer Envision. cAMP standard curve and fit data were plotted using a 4 parameter dose response curve fitting algorithm to fit curve. A 4-parameter curve fit (Max, min, log EC50 and slope) was used to transform fluorescent 665 nm/615 nm ratio signal to cAMP concentration. After normalization to treated and untreated controls, the percent effect of signal at each compound concentration was calculated. The plot of percent effect versus the log of compound concentration was fit with a 4-parameter concentration response equation to calculate EC50 values. Compound concentrations tested were 10 000, 3 333, 1 111, 370.4, 123.4, 41.2, 13.7, 4.6, 1.5 and 0.5 nM with 0.25% residual DMSO.",CHEMBL5727202,Q15722,Leukotriene B4 receptor 1,EC50,O=C(NS(=O)(=O)C(F)(F)F)c1ccc(F)cc1-c1ccc2c(c1)OC[C@H](Cc1ccccn1)[C@H]2O,8.221848749616356
CHEMBL5814084,CHEMBL3911,Leukotriene B4 receptor 1,EC50,=,1717.0,nM,CHEMBL5734216,B,"BLT-1 cAMP Assay: The ability of compounds to antagonize the human BLT1 receptor was determined using a kit to measure changes in intracellular cyclic AMP levels (cAMP dynamic assay kit, Cisbio Cat. No. 62AM4PEC). HEK293 cells recombinantly expressing human BLT1 receptor, previously frozen in Recovery Medium (Life Technologies, Cat. No. 12648-010) were thawed and diluted into assay medium (HBSS (Hyclone SH 30268.01), 20 mM HEPES (Gibco 15630-106), 800 μM IBMX (Sigma I5879), 0.1% DTPA BSA (Perkin Elmer CR84-100)). The cell suspension was centrifuged at 200×g for 10 min and then resuspended in fresh assay medium to a density of 2.5×105 cells/mL. A Labcyte Echo 550 acoustic dispenser was used to transfer 25 nL of test compound dissolved in DMSO into the wells of a dry 384-well plate (Greiner 784075). All subsequent liquid additions were performed using a BIORAPTR (FRD; Beckman Coulter). Next, 5 μL of cell suspension was added and incubated for 20 min. at 37° C. and 5% CO2 in a humidified plastic tray. To test for agonist activity 51 μL of assay buffer containing forskolin (Sigma F-6886. 4 μM for BLT1) was added and incubated for 30 minutes at 37° C. and 5% CO2 in a humidified plastic tray. To test for antagonist activity 5 μL of assay buffer containing forskolin (Sigma F-6886. 4 μM for BLT1) and either LTB4 (Sigma Aldrich L0517; 2 nM BLT1) was added and incubated for 30 minutes at 37° C. and 5% CO2 in a humidified plastic tray.The levels of cAMP were detected using the CisBio kit following the manufacturer's instructions: cAMP-d2 vial was reconstituted with distilled water and then diluted accordingly with conjugate & lysis buffer. 5 μL of cAMP-d2 working solution was added to all of the wells of the assay plate. cAMP-Cryptate vial was reconstituted with distilled water and then diluted accordingly with conjugate & lysis buffer. 5 μL of cAMP-Cryptate working solution were added to the assay plate. The assay plate was shaken for 3 minutes and incubated at room temperature for 45 minutes, then read on Perkin Elmer Envision. cAMP standard curve and fit data were plotted using a 4 parameter dose response curve fitting algorithm to fit curve. A 4-parameter curve fit (Max, min, log EC50 and slope) was used to transform fluorescent 665 nm/615 nm ratio signal to cAMP concentration. After normalization to treated and untreated controls, the percent effect of signal at each compound concentration was calculated. The plot of percent effect versus the log of compound concentration was fit with a 4-parameter concentration response equation to calculate EC50 values. Compound concentrations tested were 10 000, 3 333, 1 111, 370.4, 123.4, 41.2, 13.7, 4.6, 1.5 and 0.5 nM with 0.25% residual DMSO.",CHEMBL5727202,Q15722,Leukotriene B4 receptor 1,EC50,CS(=O)(=O)NC(=O)c1ccc(F)cc1-c1ccc2c(c1)OC[C@@H](Cc1ccccn1)[C@@H]2O,5.765229704839084
CHEMBL5838550,CHEMBL3911,Leukotriene B4 receptor 1,EC50,=,93.0,nM,CHEMBL5734216,B,"BLT-1 cAMP Assay: The ability of compounds to antagonize the human BLT1 receptor was determined using a kit to measure changes in intracellular cyclic AMP levels (cAMP dynamic assay kit, Cisbio Cat. No. 62AM4PEC). HEK293 cells recombinantly expressing human BLT1 receptor, previously frozen in Recovery Medium (Life Technologies, Cat. No. 12648-010) were thawed and diluted into assay medium (HBSS (Hyclone SH 30268.01), 20 mM HEPES (Gibco 15630-106), 800 μM IBMX (Sigma I5879), 0.1% DTPA BSA (Perkin Elmer CR84-100)). The cell suspension was centrifuged at 200×g for 10 min and then resuspended in fresh assay medium to a density of 2.5×105 cells/mL. A Labcyte Echo 550 acoustic dispenser was used to transfer 25 nL of test compound dissolved in DMSO into the wells of a dry 384-well plate (Greiner 784075). All subsequent liquid additions were performed using a BIORAPTR (FRD; Beckman Coulter). Next, 5 μL of cell suspension was added and incubated for 20 min. at 37° C. and 5% CO2 in a humidified plastic tray. To test for agonist activity 51 μL of assay buffer containing forskolin (Sigma F-6886. 4 μM for BLT1) was added and incubated for 30 minutes at 37° C. and 5% CO2 in a humidified plastic tray. To test for antagonist activity 5 μL of assay buffer containing forskolin (Sigma F-6886. 4 μM for BLT1) and either LTB4 (Sigma Aldrich L0517; 2 nM BLT1) was added and incubated for 30 minutes at 37° C. and 5% CO2 in a humidified plastic tray.The levels of cAMP were detected using the CisBio kit following the manufacturer's instructions: cAMP-d2 vial was reconstituted with distilled water and then diluted accordingly with conjugate & lysis buffer. 5 μL of cAMP-d2 working solution was added to all of the wells of the assay plate. cAMP-Cryptate vial was reconstituted with distilled water and then diluted accordingly with conjugate & lysis buffer. 5 μL of cAMP-Cryptate working solution were added to the assay plate. The assay plate was shaken for 3 minutes and incubated at room temperature for 45 minutes, then read on Perkin Elmer Envision. cAMP standard curve and fit data were plotted using a 4 parameter dose response curve fitting algorithm to fit curve. A 4-parameter curve fit (Max, min, log EC50 and slope) was used to transform fluorescent 665 nm/615 nm ratio signal to cAMP concentration. After normalization to treated and untreated controls, the percent effect of signal at each compound concentration was calculated. The plot of percent effect versus the log of compound concentration was fit with a 4-parameter concentration response equation to calculate EC50 values. Compound concentrations tested were 10 000, 3 333, 1 111, 370.4, 123.4, 41.2, 13.7, 4.6, 1.5 and 0.5 nM with 0.25% residual DMSO.",CHEMBL5727202,Q15722,Leukotriene B4 receptor 1,EC50,CS(=O)(=O)NC(=O)c1ccc(F)cc1-c1ccc2c(c1)OC[C@H](Cc1ccccn1)[C@H]2O,7.031517051446065
CHEMBL5918725,CHEMBL3911,Leukotriene B4 receptor 1,EC50,=,2171.0,nM,CHEMBL5734216,B,"BLT-1 cAMP Assay: The ability of compounds to antagonize the human BLT1 receptor was determined using a kit to measure changes in intracellular cyclic AMP levels (cAMP dynamic assay kit, Cisbio Cat. No. 62AM4PEC). HEK293 cells recombinantly expressing human BLT1 receptor, previously frozen in Recovery Medium (Life Technologies, Cat. No. 12648-010) were thawed and diluted into assay medium (HBSS (Hyclone SH 30268.01), 20 mM HEPES (Gibco 15630-106), 800 μM IBMX (Sigma I5879), 0.1% DTPA BSA (Perkin Elmer CR84-100)). The cell suspension was centrifuged at 200×g for 10 min and then resuspended in fresh assay medium to a density of 2.5×105 cells/mL. A Labcyte Echo 550 acoustic dispenser was used to transfer 25 nL of test compound dissolved in DMSO into the wells of a dry 384-well plate (Greiner 784075). All subsequent liquid additions were performed using a BIORAPTR (FRD; Beckman Coulter). Next, 5 μL of cell suspension was added and incubated for 20 min. at 37° C. and 5% CO2 in a humidified plastic tray. To test for agonist activity 51 μL of assay buffer containing forskolin (Sigma F-6886. 4 μM for BLT1) was added and incubated for 30 minutes at 37° C. and 5% CO2 in a humidified plastic tray. To test for antagonist activity 5 μL of assay buffer containing forskolin (Sigma F-6886. 4 μM for BLT1) and either LTB4 (Sigma Aldrich L0517; 2 nM BLT1) was added and incubated for 30 minutes at 37° C. and 5% CO2 in a humidified plastic tray.The levels of cAMP were detected using the CisBio kit following the manufacturer's instructions: cAMP-d2 vial was reconstituted with distilled water and then diluted accordingly with conjugate & lysis buffer. 5 μL of cAMP-d2 working solution was added to all of the wells of the assay plate. cAMP-Cryptate vial was reconstituted with distilled water and then diluted accordingly with conjugate & lysis buffer. 5 μL of cAMP-Cryptate working solution were added to the assay plate. The assay plate was shaken for 3 minutes and incubated at room temperature for 45 minutes, then read on Perkin Elmer Envision. cAMP standard curve and fit data were plotted using a 4 parameter dose response curve fitting algorithm to fit curve. A 4-parameter curve fit (Max, min, log EC50 and slope) was used to transform fluorescent 665 nm/615 nm ratio signal to cAMP concentration. After normalization to treated and untreated controls, the percent effect of signal at each compound concentration was calculated. The plot of percent effect versus the log of compound concentration was fit with a 4-parameter concentration response equation to calculate EC50 values. Compound concentrations tested were 10 000, 3 333, 1 111, 370.4, 123.4, 41.2, 13.7, 4.6, 1.5 and 0.5 nM with 0.25% residual DMSO.",CHEMBL5727202,Q15722,Leukotriene B4 receptor 1,EC50,O=C(NS(=O)(=O)C1CC1)c1ccccc1-c1ccc2c(c1)OC[C@@H](Cc1ccccn1)[C@@H]2O,5.66334017654558
CHEMBL5777423,CHEMBL3911,Leukotriene B4 receptor 1,EC50,=,28.0,nM,CHEMBL5734216,B,"BLT-1 cAMP Assay: The ability of compounds to antagonize the human BLT1 receptor was determined using a kit to measure changes in intracellular cyclic AMP levels (cAMP dynamic assay kit, Cisbio Cat. No. 62AM4PEC). HEK293 cells recombinantly expressing human BLT1 receptor, previously frozen in Recovery Medium (Life Technologies, Cat. No. 12648-010) were thawed and diluted into assay medium (HBSS (Hyclone SH 30268.01), 20 mM HEPES (Gibco 15630-106), 800 μM IBMX (Sigma I5879), 0.1% DTPA BSA (Perkin Elmer CR84-100)). The cell suspension was centrifuged at 200×g for 10 min and then resuspended in fresh assay medium to a density of 2.5×105 cells/mL. A Labcyte Echo 550 acoustic dispenser was used to transfer 25 nL of test compound dissolved in DMSO into the wells of a dry 384-well plate (Greiner 784075). All subsequent liquid additions were performed using a BIORAPTR (FRD; Beckman Coulter). Next, 5 μL of cell suspension was added and incubated for 20 min. at 37° C. and 5% CO2 in a humidified plastic tray. To test for agonist activity 51 μL of assay buffer containing forskolin (Sigma F-6886. 4 μM for BLT1) was added and incubated for 30 minutes at 37° C. and 5% CO2 in a humidified plastic tray. To test for antagonist activity 5 μL of assay buffer containing forskolin (Sigma F-6886. 4 μM for BLT1) and either LTB4 (Sigma Aldrich L0517; 2 nM BLT1) was added and incubated for 30 minutes at 37° C. and 5% CO2 in a humidified plastic tray.The levels of cAMP were detected using the CisBio kit following the manufacturer's instructions: cAMP-d2 vial was reconstituted with distilled water and then diluted accordingly with conjugate & lysis buffer. 5 μL of cAMP-d2 working solution was added to all of the wells of the assay plate. cAMP-Cryptate vial was reconstituted with distilled water and then diluted accordingly with conjugate & lysis buffer. 5 μL of cAMP-Cryptate working solution were added to the assay plate. The assay plate was shaken for 3 minutes and incubated at room temperature for 45 minutes, then read on Perkin Elmer Envision. cAMP standard curve and fit data were plotted using a 4 parameter dose response curve fitting algorithm to fit curve. A 4-parameter curve fit (Max, min, log EC50 and slope) was used to transform fluorescent 665 nm/615 nm ratio signal to cAMP concentration. After normalization to treated and untreated controls, the percent effect of signal at each compound concentration was calculated. The plot of percent effect versus the log of compound concentration was fit with a 4-parameter concentration response equation to calculate EC50 values. Compound concentrations tested were 10 000, 3 333, 1 111, 370.4, 123.4, 41.2, 13.7, 4.6, 1.5 and 0.5 nM with 0.25% residual DMSO.",CHEMBL5727202,Q15722,Leukotriene B4 receptor 1,EC50,O=C(NS(=O)(=O)C1CC1)c1ccccc1-c1ccc2c(c1)OC[C@H](Cc1ccccn1)[C@H]2O,7.552841968657781
CHEMBL5958510,CHEMBL3911,Leukotriene B4 receptor 1,EC50,=,1266.0,nM,CHEMBL5734216,B,"BLT-1 cAMP Assay: The ability of compounds to antagonize the human BLT1 receptor was determined using a kit to measure changes in intracellular cyclic AMP levels (cAMP dynamic assay kit, Cisbio Cat. No. 62AM4PEC). HEK293 cells recombinantly expressing human BLT1 receptor, previously frozen in Recovery Medium (Life Technologies, Cat. No. 12648-010) were thawed and diluted into assay medium (HBSS (Hyclone SH 30268.01), 20 mM HEPES (Gibco 15630-106), 800 μM IBMX (Sigma I5879), 0.1% DTPA BSA (Perkin Elmer CR84-100)). The cell suspension was centrifuged at 200×g for 10 min and then resuspended in fresh assay medium to a density of 2.5×105 cells/mL. A Labcyte Echo 550 acoustic dispenser was used to transfer 25 nL of test compound dissolved in DMSO into the wells of a dry 384-well plate (Greiner 784075). All subsequent liquid additions were performed using a BIORAPTR (FRD; Beckman Coulter). Next, 5 μL of cell suspension was added and incubated for 20 min. at 37° C. and 5% CO2 in a humidified plastic tray. To test for agonist activity 51 μL of assay buffer containing forskolin (Sigma F-6886. 4 μM for BLT1) was added and incubated for 30 minutes at 37° C. and 5% CO2 in a humidified plastic tray. To test for antagonist activity 5 μL of assay buffer containing forskolin (Sigma F-6886. 4 μM for BLT1) and either LTB4 (Sigma Aldrich L0517; 2 nM BLT1) was added and incubated for 30 minutes at 37° C. and 5% CO2 in a humidified plastic tray.The levels of cAMP were detected using the CisBio kit following the manufacturer's instructions: cAMP-d2 vial was reconstituted with distilled water and then diluted accordingly with conjugate & lysis buffer. 5 μL of cAMP-d2 working solution was added to all of the wells of the assay plate. cAMP-Cryptate vial was reconstituted with distilled water and then diluted accordingly with conjugate & lysis buffer. 5 μL of cAMP-Cryptate working solution were added to the assay plate. The assay plate was shaken for 3 minutes and incubated at room temperature for 45 minutes, then read on Perkin Elmer Envision. cAMP standard curve and fit data were plotted using a 4 parameter dose response curve fitting algorithm to fit curve. A 4-parameter curve fit (Max, min, log EC50 and slope) was used to transform fluorescent 665 nm/615 nm ratio signal to cAMP concentration. After normalization to treated and untreated controls, the percent effect of signal at each compound concentration was calculated. The plot of percent effect versus the log of compound concentration was fit with a 4-parameter concentration response equation to calculate EC50 values. Compound concentrations tested were 10 000, 3 333, 1 111, 370.4, 123.4, 41.2, 13.7, 4.6, 1.5 and 0.5 nM with 0.25% residual DMSO.",CHEMBL5727202,Q15722,Leukotriene B4 receptor 1,EC50,CC1(S(=O)(=O)NC(=O)c2ccccc2-c2ccc3c(c2)OC[C@@H](Cc2ccccn2)[C@@H]3O)CC1,5.897566294318663
CHEMBL6008718,CHEMBL3911,Leukotriene B4 receptor 1,EC50,=,22.0,nM,CHEMBL5734216,B,"BLT-1 cAMP Assay: The ability of compounds to antagonize the human BLT1 receptor was determined using a kit to measure changes in intracellular cyclic AMP levels (cAMP dynamic assay kit, Cisbio Cat. No. 62AM4PEC). HEK293 cells recombinantly expressing human BLT1 receptor, previously frozen in Recovery Medium (Life Technologies, Cat. No. 12648-010) were thawed and diluted into assay medium (HBSS (Hyclone SH 30268.01), 20 mM HEPES (Gibco 15630-106), 800 μM IBMX (Sigma I5879), 0.1% DTPA BSA (Perkin Elmer CR84-100)). The cell suspension was centrifuged at 200×g for 10 min and then resuspended in fresh assay medium to a density of 2.5×105 cells/mL. A Labcyte Echo 550 acoustic dispenser was used to transfer 25 nL of test compound dissolved in DMSO into the wells of a dry 384-well plate (Greiner 784075). All subsequent liquid additions were performed using a BIORAPTR (FRD; Beckman Coulter). Next, 5 μL of cell suspension was added and incubated for 20 min. at 37° C. and 5% CO2 in a humidified plastic tray. To test for agonist activity 51 μL of assay buffer containing forskolin (Sigma F-6886. 4 μM for BLT1) was added and incubated for 30 minutes at 37° C. and 5% CO2 in a humidified plastic tray. To test for antagonist activity 5 μL of assay buffer containing forskolin (Sigma F-6886. 4 μM for BLT1) and either LTB4 (Sigma Aldrich L0517; 2 nM BLT1) was added and incubated for 30 minutes at 37° C. and 5% CO2 in a humidified plastic tray.The levels of cAMP were detected using the CisBio kit following the manufacturer's instructions: cAMP-d2 vial was reconstituted with distilled water and then diluted accordingly with conjugate & lysis buffer. 5 μL of cAMP-d2 working solution was added to all of the wells of the assay plate. cAMP-Cryptate vial was reconstituted with distilled water and then diluted accordingly with conjugate & lysis buffer. 5 μL of cAMP-Cryptate working solution were added to the assay plate. The assay plate was shaken for 3 minutes and incubated at room temperature for 45 minutes, then read on Perkin Elmer Envision. cAMP standard curve and fit data were plotted using a 4 parameter dose response curve fitting algorithm to fit curve. A 4-parameter curve fit (Max, min, log EC50 and slope) was used to transform fluorescent 665 nm/615 nm ratio signal to cAMP concentration. After normalization to treated and untreated controls, the percent effect of signal at each compound concentration was calculated. The plot of percent effect versus the log of compound concentration was fit with a 4-parameter concentration response equation to calculate EC50 values. Compound concentrations tested were 10 000, 3 333, 1 111, 370.4, 123.4, 41.2, 13.7, 4.6, 1.5 and 0.5 nM with 0.25% residual DMSO.",CHEMBL5727202,Q15722,Leukotriene B4 receptor 1,EC50,CC1(S(=O)(=O)NC(=O)c2ccccc2-c2ccc3c(c2)OC[C@H](Cc2ccccn2)[C@H]3O)CC1,7.657577319177793
CHEMBL5967177,CHEMBL3911,Leukotriene B4 receptor 1,EC50,=,4.0,nM,CHEMBL5734216,B,"BLT-1 cAMP Assay: The ability of compounds to antagonize the human BLT1 receptor was determined using a kit to measure changes in intracellular cyclic AMP levels (cAMP dynamic assay kit, Cisbio Cat. No. 62AM4PEC). HEK293 cells recombinantly expressing human BLT1 receptor, previously frozen in Recovery Medium (Life Technologies, Cat. No. 12648-010) were thawed and diluted into assay medium (HBSS (Hyclone SH 30268.01), 20 mM HEPES (Gibco 15630-106), 800 μM IBMX (Sigma I5879), 0.1% DTPA BSA (Perkin Elmer CR84-100)). The cell suspension was centrifuged at 200×g for 10 min and then resuspended in fresh assay medium to a density of 2.5×105 cells/mL. A Labcyte Echo 550 acoustic dispenser was used to transfer 25 nL of test compound dissolved in DMSO into the wells of a dry 384-well plate (Greiner 784075). All subsequent liquid additions were performed using a BIORAPTR (FRD; Beckman Coulter). Next, 5 μL of cell suspension was added and incubated for 20 min. at 37° C. and 5% CO2 in a humidified plastic tray. To test for agonist activity 51 μL of assay buffer containing forskolin (Sigma F-6886. 4 μM for BLT1) was added and incubated for 30 minutes at 37° C. and 5% CO2 in a humidified plastic tray. To test for antagonist activity 5 μL of assay buffer containing forskolin (Sigma F-6886. 4 μM for BLT1) and either LTB4 (Sigma Aldrich L0517; 2 nM BLT1) was added and incubated for 30 minutes at 37° C. and 5% CO2 in a humidified plastic tray.The levels of cAMP were detected using the CisBio kit following the manufacturer's instructions: cAMP-d2 vial was reconstituted with distilled water and then diluted accordingly with conjugate & lysis buffer. 5 μL of cAMP-d2 working solution was added to all of the wells of the assay plate. cAMP-Cryptate vial was reconstituted with distilled water and then diluted accordingly with conjugate & lysis buffer. 5 μL of cAMP-Cryptate working solution were added to the assay plate. The assay plate was shaken for 3 minutes and incubated at room temperature for 45 minutes, then read on Perkin Elmer Envision. cAMP standard curve and fit data were plotted using a 4 parameter dose response curve fitting algorithm to fit curve. A 4-parameter curve fit (Max, min, log EC50 and slope) was used to transform fluorescent 665 nm/615 nm ratio signal to cAMP concentration. After normalization to treated and untreated controls, the percent effect of signal at each compound concentration was calculated. The plot of percent effect versus the log of compound concentration was fit with a 4-parameter concentration response equation to calculate EC50 values. Compound concentrations tested were 10 000, 3 333, 1 111, 370.4, 123.4, 41.2, 13.7, 4.6, 1.5 and 0.5 nM with 0.25% residual DMSO.",CHEMBL5727202,Q15722,Leukotriene B4 receptor 1,EC50,CC1(S(=O)(=O)NC(=O)c2ccc(F)cc2-c2ccc3c(c2)OC[C@H](Cc2ccccn2)[C@H]3O)CC1,8.397940008672037
CHEMBL6024246,CHEMBL3911,Leukotriene B4 receptor 1,EC50,=,870.0,nM,CHEMBL5734216,B,"BLT-1 cAMP Assay: The ability of compounds to antagonize the human BLT1 receptor was determined using a kit to measure changes in intracellular cyclic AMP levels (cAMP dynamic assay kit, Cisbio Cat. No. 62AM4PEC). HEK293 cells recombinantly expressing human BLT1 receptor, previously frozen in Recovery Medium (Life Technologies, Cat. No. 12648-010) were thawed and diluted into assay medium (HBSS (Hyclone SH 30268.01), 20 mM HEPES (Gibco 15630-106), 800 μM IBMX (Sigma I5879), 0.1% DTPA BSA (Perkin Elmer CR84-100)). The cell suspension was centrifuged at 200×g for 10 min and then resuspended in fresh assay medium to a density of 2.5×105 cells/mL. A Labcyte Echo 550 acoustic dispenser was used to transfer 25 nL of test compound dissolved in DMSO into the wells of a dry 384-well plate (Greiner 784075). All subsequent liquid additions were performed using a BIORAPTR (FRD; Beckman Coulter). Next, 5 μL of cell suspension was added and incubated for 20 min. at 37° C. and 5% CO2 in a humidified plastic tray. To test for agonist activity 51 μL of assay buffer containing forskolin (Sigma F-6886. 4 μM for BLT1) was added and incubated for 30 minutes at 37° C. and 5% CO2 in a humidified plastic tray. To test for antagonist activity 5 μL of assay buffer containing forskolin (Sigma F-6886. 4 μM for BLT1) and either LTB4 (Sigma Aldrich L0517; 2 nM BLT1) was added and incubated for 30 minutes at 37° C. and 5% CO2 in a humidified plastic tray.The levels of cAMP were detected using the CisBio kit following the manufacturer's instructions: cAMP-d2 vial was reconstituted with distilled water and then diluted accordingly with conjugate & lysis buffer. 5 μL of cAMP-d2 working solution was added to all of the wells of the assay plate. cAMP-Cryptate vial was reconstituted with distilled water and then diluted accordingly with conjugate & lysis buffer. 5 μL of cAMP-Cryptate working solution were added to the assay plate. The assay plate was shaken for 3 minutes and incubated at room temperature for 45 minutes, then read on Perkin Elmer Envision. cAMP standard curve and fit data were plotted using a 4 parameter dose response curve fitting algorithm to fit curve. A 4-parameter curve fit (Max, min, log EC50 and slope) was used to transform fluorescent 665 nm/615 nm ratio signal to cAMP concentration. After normalization to treated and untreated controls, the percent effect of signal at each compound concentration was calculated. The plot of percent effect versus the log of compound concentration was fit with a 4-parameter concentration response equation to calculate EC50 values. Compound concentrations tested were 10 000, 3 333, 1 111, 370.4, 123.4, 41.2, 13.7, 4.6, 1.5 and 0.5 nM with 0.25% residual DMSO.",CHEMBL5727202,Q15722,Leukotriene B4 receptor 1,EC50,CC1(S(=O)(=O)NC(=O)c2ccc(F)cc2-c2ccc3c(c2)OC[C@@H](Cc2ccccn2)[C@@H]3O)CC1,6.060480747381382
CHEMBL5767262,CHEMBL3911,Leukotriene B4 receptor 1,EC50,=,144.0,nM,CHEMBL5734216,B,"BLT-1 cAMP Assay: The ability of compounds to antagonize the human BLT1 receptor was determined using a kit to measure changes in intracellular cyclic AMP levels (cAMP dynamic assay kit, Cisbio Cat. No. 62AM4PEC). HEK293 cells recombinantly expressing human BLT1 receptor, previously frozen in Recovery Medium (Life Technologies, Cat. No. 12648-010) were thawed and diluted into assay medium (HBSS (Hyclone SH 30268.01), 20 mM HEPES (Gibco 15630-106), 800 μM IBMX (Sigma I5879), 0.1% DTPA BSA (Perkin Elmer CR84-100)). The cell suspension was centrifuged at 200×g for 10 min and then resuspended in fresh assay medium to a density of 2.5×105 cells/mL. A Labcyte Echo 550 acoustic dispenser was used to transfer 25 nL of test compound dissolved in DMSO into the wells of a dry 384-well plate (Greiner 784075). All subsequent liquid additions were performed using a BIORAPTR (FRD; Beckman Coulter). Next, 5 μL of cell suspension was added and incubated for 20 min. at 37° C. and 5% CO2 in a humidified plastic tray. To test for agonist activity 51 μL of assay buffer containing forskolin (Sigma F-6886. 4 μM for BLT1) was added and incubated for 30 minutes at 37° C. and 5% CO2 in a humidified plastic tray. To test for antagonist activity 5 μL of assay buffer containing forskolin (Sigma F-6886. 4 μM for BLT1) and either LTB4 (Sigma Aldrich L0517; 2 nM BLT1) was added and incubated for 30 minutes at 37° C. and 5% CO2 in a humidified plastic tray.The levels of cAMP were detected using the CisBio kit following the manufacturer's instructions: cAMP-d2 vial was reconstituted with distilled water and then diluted accordingly with conjugate & lysis buffer. 5 μL of cAMP-d2 working solution was added to all of the wells of the assay plate. cAMP-Cryptate vial was reconstituted with distilled water and then diluted accordingly with conjugate & lysis buffer. 5 μL of cAMP-Cryptate working solution were added to the assay plate. The assay plate was shaken for 3 minutes and incubated at room temperature for 45 minutes, then read on Perkin Elmer Envision. cAMP standard curve and fit data were plotted using a 4 parameter dose response curve fitting algorithm to fit curve. A 4-parameter curve fit (Max, min, log EC50 and slope) was used to transform fluorescent 665 nm/615 nm ratio signal to cAMP concentration. After normalization to treated and untreated controls, the percent effect of signal at each compound concentration was calculated. The plot of percent effect versus the log of compound concentration was fit with a 4-parameter concentration response equation to calculate EC50 values. Compound concentrations tested were 10 000, 3 333, 1 111, 370.4, 123.4, 41.2, 13.7, 4.6, 1.5 and 0.5 nM with 0.25% residual DMSO.",CHEMBL5727202,Q15722,Leukotriene B4 receptor 1,EC50,CC(C)(C)S(=O)(=O)NC(=O)c1ccccc1-c1ccc2c(c1)OC[C@@H](Cc1ccccn1)[C@@H]2O,6.84163750790475
CHEMBL5771505,CHEMBL3911,Leukotriene B4 receptor 1,EC50,=,17.0,nM,CHEMBL5734216,B,"BLT-1 cAMP Assay: The ability of compounds to antagonize the human BLT1 receptor was determined using a kit to measure changes in intracellular cyclic AMP levels (cAMP dynamic assay kit, Cisbio Cat. No. 62AM4PEC). HEK293 cells recombinantly expressing human BLT1 receptor, previously frozen in Recovery Medium (Life Technologies, Cat. No. 12648-010) were thawed and diluted into assay medium (HBSS (Hyclone SH 30268.01), 20 mM HEPES (Gibco 15630-106), 800 μM IBMX (Sigma I5879), 0.1% DTPA BSA (Perkin Elmer CR84-100)). The cell suspension was centrifuged at 200×g for 10 min and then resuspended in fresh assay medium to a density of 2.5×105 cells/mL. A Labcyte Echo 550 acoustic dispenser was used to transfer 25 nL of test compound dissolved in DMSO into the wells of a dry 384-well plate (Greiner 784075). All subsequent liquid additions were performed using a BIORAPTR (FRD; Beckman Coulter). Next, 5 μL of cell suspension was added and incubated for 20 min. at 37° C. and 5% CO2 in a humidified plastic tray. To test for agonist activity 51 μL of assay buffer containing forskolin (Sigma F-6886. 4 μM for BLT1) was added and incubated for 30 minutes at 37° C. and 5% CO2 in a humidified plastic tray. To test for antagonist activity 5 μL of assay buffer containing forskolin (Sigma F-6886. 4 μM for BLT1) and either LTB4 (Sigma Aldrich L0517; 2 nM BLT1) was added and incubated for 30 minutes at 37° C. and 5% CO2 in a humidified plastic tray.The levels of cAMP were detected using the CisBio kit following the manufacturer's instructions: cAMP-d2 vial was reconstituted with distilled water and then diluted accordingly with conjugate & lysis buffer. 5 μL of cAMP-d2 working solution was added to all of the wells of the assay plate. cAMP-Cryptate vial was reconstituted with distilled water and then diluted accordingly with conjugate & lysis buffer. 5 μL of cAMP-Cryptate working solution were added to the assay plate. The assay plate was shaken for 3 minutes and incubated at room temperature for 45 minutes, then read on Perkin Elmer Envision. cAMP standard curve and fit data were plotted using a 4 parameter dose response curve fitting algorithm to fit curve. A 4-parameter curve fit (Max, min, log EC50 and slope) was used to transform fluorescent 665 nm/615 nm ratio signal to cAMP concentration. After normalization to treated and untreated controls, the percent effect of signal at each compound concentration was calculated. The plot of percent effect versus the log of compound concentration was fit with a 4-parameter concentration response equation to calculate EC50 values. Compound concentrations tested were 10 000, 3 333, 1 111, 370.4, 123.4, 41.2, 13.7, 4.6, 1.5 and 0.5 nM with 0.25% residual DMSO.",CHEMBL5727202,Q15722,Leukotriene B4 receptor 1,EC50,CC(C)(C)S(=O)(=O)NC(=O)c1ccccc1-c1ccc2c(c1)OC[C@H](Cc1ccccn1)[C@H]2O,7.769551078621726
CHEMBL5800483,CHEMBL3911,Leukotriene B4 receptor 1,EC50,=,441.0,nM,CHEMBL5734216,B,"BLT-1 cAMP Assay: The ability of compounds to antagonize the human BLT1 receptor was determined using a kit to measure changes in intracellular cyclic AMP levels (cAMP dynamic assay kit, Cisbio Cat. No. 62AM4PEC). HEK293 cells recombinantly expressing human BLT1 receptor, previously frozen in Recovery Medium (Life Technologies, Cat. No. 12648-010) were thawed and diluted into assay medium (HBSS (Hyclone SH 30268.01), 20 mM HEPES (Gibco 15630-106), 800 μM IBMX (Sigma I5879), 0.1% DTPA BSA (Perkin Elmer CR84-100)). The cell suspension was centrifuged at 200×g for 10 min and then resuspended in fresh assay medium to a density of 2.5×105 cells/mL. A Labcyte Echo 550 acoustic dispenser was used to transfer 25 nL of test compound dissolved in DMSO into the wells of a dry 384-well plate (Greiner 784075). All subsequent liquid additions were performed using a BIORAPTR (FRD; Beckman Coulter). Next, 5 μL of cell suspension was added and incubated for 20 min. at 37° C. and 5% CO2 in a humidified plastic tray. To test for agonist activity 51 μL of assay buffer containing forskolin (Sigma F-6886. 4 μM for BLT1) was added and incubated for 30 minutes at 37° C. and 5% CO2 in a humidified plastic tray. To test for antagonist activity 5 μL of assay buffer containing forskolin (Sigma F-6886. 4 μM for BLT1) and either LTB4 (Sigma Aldrich L0517; 2 nM BLT1) was added and incubated for 30 minutes at 37° C. and 5% CO2 in a humidified plastic tray.The levels of cAMP were detected using the CisBio kit following the manufacturer's instructions: cAMP-d2 vial was reconstituted with distilled water and then diluted accordingly with conjugate & lysis buffer. 5 μL of cAMP-d2 working solution was added to all of the wells of the assay plate. cAMP-Cryptate vial was reconstituted with distilled water and then diluted accordingly with conjugate & lysis buffer. 5 μL of cAMP-Cryptate working solution were added to the assay plate. The assay plate was shaken for 3 minutes and incubated at room temperature for 45 minutes, then read on Perkin Elmer Envision. cAMP standard curve and fit data were plotted using a 4 parameter dose response curve fitting algorithm to fit curve. A 4-parameter curve fit (Max, min, log EC50 and slope) was used to transform fluorescent 665 nm/615 nm ratio signal to cAMP concentration. After normalization to treated and untreated controls, the percent effect of signal at each compound concentration was calculated. The plot of percent effect versus the log of compound concentration was fit with a 4-parameter concentration response equation to calculate EC50 values. Compound concentrations tested were 10 000, 3 333, 1 111, 370.4, 123.4, 41.2, 13.7, 4.6, 1.5 and 0.5 nM with 0.25% residual DMSO.",CHEMBL5727202,Q15722,Leukotriene B4 receptor 1,EC50,CC(C)S(=O)(=O)NC(=O)c1ccc(F)cc1-c1ccc2c(c1)OC[C@@H](Cc1ccccn1)[C@@H]2O,6.355561410532161
CHEMBL6030437,CHEMBL3911,Leukotriene B4 receptor 1,EC50,=,2.0,nM,CHEMBL5734216,B,"BLT-1 cAMP Assay: The ability of compounds to antagonize the human BLT1 receptor was determined using a kit to measure changes in intracellular cyclic AMP levels (cAMP dynamic assay kit, Cisbio Cat. No. 62AM4PEC). HEK293 cells recombinantly expressing human BLT1 receptor, previously frozen in Recovery Medium (Life Technologies, Cat. No. 12648-010) were thawed and diluted into assay medium (HBSS (Hyclone SH 30268.01), 20 mM HEPES (Gibco 15630-106), 800 μM IBMX (Sigma I5879), 0.1% DTPA BSA (Perkin Elmer CR84-100)). The cell suspension was centrifuged at 200×g for 10 min and then resuspended in fresh assay medium to a density of 2.5×105 cells/mL. A Labcyte Echo 550 acoustic dispenser was used to transfer 25 nL of test compound dissolved in DMSO into the wells of a dry 384-well plate (Greiner 784075). All subsequent liquid additions were performed using a BIORAPTR (FRD; Beckman Coulter). Next, 5 μL of cell suspension was added and incubated for 20 min. at 37° C. and 5% CO2 in a humidified plastic tray. To test for agonist activity 51 μL of assay buffer containing forskolin (Sigma F-6886. 4 μM for BLT1) was added and incubated for 30 minutes at 37° C. and 5% CO2 in a humidified plastic tray. To test for antagonist activity 5 μL of assay buffer containing forskolin (Sigma F-6886. 4 μM for BLT1) and either LTB4 (Sigma Aldrich L0517; 2 nM BLT1) was added and incubated for 30 minutes at 37° C. and 5% CO2 in a humidified plastic tray.The levels of cAMP were detected using the CisBio kit following the manufacturer's instructions: cAMP-d2 vial was reconstituted with distilled water and then diluted accordingly with conjugate & lysis buffer. 5 μL of cAMP-d2 working solution was added to all of the wells of the assay plate. cAMP-Cryptate vial was reconstituted with distilled water and then diluted accordingly with conjugate & lysis buffer. 5 μL of cAMP-Cryptate working solution were added to the assay plate. The assay plate was shaken for 3 minutes and incubated at room temperature for 45 minutes, then read on Perkin Elmer Envision. cAMP standard curve and fit data were plotted using a 4 parameter dose response curve fitting algorithm to fit curve. A 4-parameter curve fit (Max, min, log EC50 and slope) was used to transform fluorescent 665 nm/615 nm ratio signal to cAMP concentration. After normalization to treated and untreated controls, the percent effect of signal at each compound concentration was calculated. The plot of percent effect versus the log of compound concentration was fit with a 4-parameter concentration response equation to calculate EC50 values. Compound concentrations tested were 10 000, 3 333, 1 111, 370.4, 123.4, 41.2, 13.7, 4.6, 1.5 and 0.5 nM with 0.25% residual DMSO.",CHEMBL5727202,Q15722,Leukotriene B4 receptor 1,EC50,CC(C)(C)S(=O)(=O)NC(=O)c1ccc(F)cc1-c1ccc2c(c1)OC[C@H](Cc1ccccn1)[C@H]2O,8.698970004336019
CHEMBL5843946,CHEMBL3911,Leukotriene B4 receptor 1,EC50,=,480.0,nM,CHEMBL5734216,B,"BLT-1 cAMP Assay: The ability of compounds to antagonize the human BLT1 receptor was determined using a kit to measure changes in intracellular cyclic AMP levels (cAMP dynamic assay kit, Cisbio Cat. No. 62AM4PEC). HEK293 cells recombinantly expressing human BLT1 receptor, previously frozen in Recovery Medium (Life Technologies, Cat. No. 12648-010) were thawed and diluted into assay medium (HBSS (Hyclone SH 30268.01), 20 mM HEPES (Gibco 15630-106), 800 μM IBMX (Sigma I5879), 0.1% DTPA BSA (Perkin Elmer CR84-100)). The cell suspension was centrifuged at 200×g for 10 min and then resuspended in fresh assay medium to a density of 2.5×105 cells/mL. A Labcyte Echo 550 acoustic dispenser was used to transfer 25 nL of test compound dissolved in DMSO into the wells of a dry 384-well plate (Greiner 784075). All subsequent liquid additions were performed using a BIORAPTR (FRD; Beckman Coulter). Next, 5 μL of cell suspension was added and incubated for 20 min. at 37° C. and 5% CO2 in a humidified plastic tray. To test for agonist activity 51 μL of assay buffer containing forskolin (Sigma F-6886. 4 μM for BLT1) was added and incubated for 30 minutes at 37° C. and 5% CO2 in a humidified plastic tray. To test for antagonist activity 5 μL of assay buffer containing forskolin (Sigma F-6886. 4 μM for BLT1) and either LTB4 (Sigma Aldrich L0517; 2 nM BLT1) was added and incubated for 30 minutes at 37° C. and 5% CO2 in a humidified plastic tray.The levels of cAMP were detected using the CisBio kit following the manufacturer's instructions: cAMP-d2 vial was reconstituted with distilled water and then diluted accordingly with conjugate & lysis buffer. 5 μL of cAMP-d2 working solution was added to all of the wells of the assay plate. cAMP-Cryptate vial was reconstituted with distilled water and then diluted accordingly with conjugate & lysis buffer. 5 μL of cAMP-Cryptate working solution were added to the assay plate. The assay plate was shaken for 3 minutes and incubated at room temperature for 45 minutes, then read on Perkin Elmer Envision. cAMP standard curve and fit data were plotted using a 4 parameter dose response curve fitting algorithm to fit curve. A 4-parameter curve fit (Max, min, log EC50 and slope) was used to transform fluorescent 665 nm/615 nm ratio signal to cAMP concentration. After normalization to treated and untreated controls, the percent effect of signal at each compound concentration was calculated. The plot of percent effect versus the log of compound concentration was fit with a 4-parameter concentration response equation to calculate EC50 values. Compound concentrations tested were 10 000, 3 333, 1 111, 370.4, 123.4, 41.2, 13.7, 4.6, 1.5 and 0.5 nM with 0.25% residual DMSO.",CHEMBL5727202,Q15722,Leukotriene B4 receptor 1,EC50,O=C(NS(=O)(=O)C1CC1)c1ccc(F)cc1-c1ccc2c(c1)OC[C@@H](Cc1ccccn1)[C@@H]2O,6.318758762624412
CHEMBL5984305,CHEMBL3911,Leukotriene B4 receptor 1,EC50,=,4.0,nM,CHEMBL5734216,B,"BLT-1 cAMP Assay: The ability of compounds to antagonize the human BLT1 receptor was determined using a kit to measure changes in intracellular cyclic AMP levels (cAMP dynamic assay kit, Cisbio Cat. No. 62AM4PEC). HEK293 cells recombinantly expressing human BLT1 receptor, previously frozen in Recovery Medium (Life Technologies, Cat. No. 12648-010) were thawed and diluted into assay medium (HBSS (Hyclone SH 30268.01), 20 mM HEPES (Gibco 15630-106), 800 μM IBMX (Sigma I5879), 0.1% DTPA BSA (Perkin Elmer CR84-100)). The cell suspension was centrifuged at 200×g for 10 min and then resuspended in fresh assay medium to a density of 2.5×105 cells/mL. A Labcyte Echo 550 acoustic dispenser was used to transfer 25 nL of test compound dissolved in DMSO into the wells of a dry 384-well plate (Greiner 784075). All subsequent liquid additions were performed using a BIORAPTR (FRD; Beckman Coulter). Next, 5 μL of cell suspension was added and incubated for 20 min. at 37° C. and 5% CO2 in a humidified plastic tray. To test for agonist activity 51 μL of assay buffer containing forskolin (Sigma F-6886. 4 μM for BLT1) was added and incubated for 30 minutes at 37° C. and 5% CO2 in a humidified plastic tray. To test for antagonist activity 5 μL of assay buffer containing forskolin (Sigma F-6886. 4 μM for BLT1) and either LTB4 (Sigma Aldrich L0517; 2 nM BLT1) was added and incubated for 30 minutes at 37° C. and 5% CO2 in a humidified plastic tray.The levels of cAMP were detected using the CisBio kit following the manufacturer's instructions: cAMP-d2 vial was reconstituted with distilled water and then diluted accordingly with conjugate & lysis buffer. 5 μL of cAMP-d2 working solution was added to all of the wells of the assay plate. cAMP-Cryptate vial was reconstituted with distilled water and then diluted accordingly with conjugate & lysis buffer. 5 μL of cAMP-Cryptate working solution were added to the assay plate. The assay plate was shaken for 3 minutes and incubated at room temperature for 45 minutes, then read on Perkin Elmer Envision. cAMP standard curve and fit data were plotted using a 4 parameter dose response curve fitting algorithm to fit curve. A 4-parameter curve fit (Max, min, log EC50 and slope) was used to transform fluorescent 665 nm/615 nm ratio signal to cAMP concentration. After normalization to treated and untreated controls, the percent effect of signal at each compound concentration was calculated. The plot of percent effect versus the log of compound concentration was fit with a 4-parameter concentration response equation to calculate EC50 values. Compound concentrations tested were 10 000, 3 333, 1 111, 370.4, 123.4, 41.2, 13.7, 4.6, 1.5 and 0.5 nM with 0.25% residual DMSO.",CHEMBL5727202,Q15722,Leukotriene B4 receptor 1,EC50,O=C(NS(=O)(=O)C1CC1)c1ccc(F)cc1-c1ccc2c(c1)OC[C@H](Cc1ccccn1)[C@H]2O,8.397940008672037
CHEMBL5829108,CHEMBL3911,Leukotriene B4 receptor 1,EC50,=,24.0,nM,CHEMBL5734216,B,"BLT-1 cAMP Assay: The ability of compounds to antagonize the human BLT1 receptor was determined using a kit to measure changes in intracellular cyclic AMP levels (cAMP dynamic assay kit, Cisbio Cat. No. 62AM4PEC). HEK293 cells recombinantly expressing human BLT1 receptor, previously frozen in Recovery Medium (Life Technologies, Cat. No. 12648-010) were thawed and diluted into assay medium (HBSS (Hyclone SH 30268.01), 20 mM HEPES (Gibco 15630-106), 800 μM IBMX (Sigma I5879), 0.1% DTPA BSA (Perkin Elmer CR84-100)). The cell suspension was centrifuged at 200×g for 10 min and then resuspended in fresh assay medium to a density of 2.5×105 cells/mL. A Labcyte Echo 550 acoustic dispenser was used to transfer 25 nL of test compound dissolved in DMSO into the wells of a dry 384-well plate (Greiner 784075). All subsequent liquid additions were performed using a BIORAPTR (FRD; Beckman Coulter). Next, 5 μL of cell suspension was added and incubated for 20 min. at 37° C. and 5% CO2 in a humidified plastic tray. To test for agonist activity 51 μL of assay buffer containing forskolin (Sigma F-6886. 4 μM for BLT1) was added and incubated for 30 minutes at 37° C. and 5% CO2 in a humidified plastic tray. To test for antagonist activity 5 μL of assay buffer containing forskolin (Sigma F-6886. 4 μM for BLT1) and either LTB4 (Sigma Aldrich L0517; 2 nM BLT1) was added and incubated for 30 minutes at 37° C. and 5% CO2 in a humidified plastic tray.The levels of cAMP were detected using the CisBio kit following the manufacturer's instructions: cAMP-d2 vial was reconstituted with distilled water and then diluted accordingly with conjugate & lysis buffer. 5 μL of cAMP-d2 working solution was added to all of the wells of the assay plate. cAMP-Cryptate vial was reconstituted with distilled water and then diluted accordingly with conjugate & lysis buffer. 5 μL of cAMP-Cryptate working solution were added to the assay plate. The assay plate was shaken for 3 minutes and incubated at room temperature for 45 minutes, then read on Perkin Elmer Envision. cAMP standard curve and fit data were plotted using a 4 parameter dose response curve fitting algorithm to fit curve. A 4-parameter curve fit (Max, min, log EC50 and slope) was used to transform fluorescent 665 nm/615 nm ratio signal to cAMP concentration. After normalization to treated and untreated controls, the percent effect of signal at each compound concentration was calculated. The plot of percent effect versus the log of compound concentration was fit with a 4-parameter concentration response equation to calculate EC50 values. Compound concentrations tested were 10 000, 3 333, 1 111, 370.4, 123.4, 41.2, 13.7, 4.6, 1.5 and 0.5 nM with 0.25% residual DMSO.",CHEMBL5727202,Q15722,Leukotriene B4 receptor 1,EC50,CC(C)CS(=O)(=O)NC(=O)c1ccccc1-c1ccc2c(c1)OCC(Cc1ccccn1)C2O,7.619788758288394
CHEMBL5832407,CHEMBL3911,Leukotriene B4 receptor 1,EC50,=,23.0,nM,CHEMBL5734216,B,"BLT-1 cAMP Assay: The ability of compounds to antagonize the human BLT1 receptor was determined using a kit to measure changes in intracellular cyclic AMP levels (cAMP dynamic assay kit, Cisbio Cat. No. 62AM4PEC). HEK293 cells recombinantly expressing human BLT1 receptor, previously frozen in Recovery Medium (Life Technologies, Cat. No. 12648-010) were thawed and diluted into assay medium (HBSS (Hyclone SH 30268.01), 20 mM HEPES (Gibco 15630-106), 800 μM IBMX (Sigma I5879), 0.1% DTPA BSA (Perkin Elmer CR84-100)). The cell suspension was centrifuged at 200×g for 10 min and then resuspended in fresh assay medium to a density of 2.5×105 cells/mL. A Labcyte Echo 550 acoustic dispenser was used to transfer 25 nL of test compound dissolved in DMSO into the wells of a dry 384-well plate (Greiner 784075). All subsequent liquid additions were performed using a BIORAPTR (FRD; Beckman Coulter). Next, 5 μL of cell suspension was added and incubated for 20 min. at 37° C. and 5% CO2 in a humidified plastic tray. To test for agonist activity 51 μL of assay buffer containing forskolin (Sigma F-6886. 4 μM for BLT1) was added and incubated for 30 minutes at 37° C. and 5% CO2 in a humidified plastic tray. To test for antagonist activity 5 μL of assay buffer containing forskolin (Sigma F-6886. 4 μM for BLT1) and either LTB4 (Sigma Aldrich L0517; 2 nM BLT1) was added and incubated for 30 minutes at 37° C. and 5% CO2 in a humidified plastic tray.The levels of cAMP were detected using the CisBio kit following the manufacturer's instructions: cAMP-d2 vial was reconstituted with distilled water and then diluted accordingly with conjugate & lysis buffer. 5 μL of cAMP-d2 working solution was added to all of the wells of the assay plate. cAMP-Cryptate vial was reconstituted with distilled water and then diluted accordingly with conjugate & lysis buffer. 5 μL of cAMP-Cryptate working solution were added to the assay plate. The assay plate was shaken for 3 minutes and incubated at room temperature for 45 minutes, then read on Perkin Elmer Envision. cAMP standard curve and fit data were plotted using a 4 parameter dose response curve fitting algorithm to fit curve. A 4-parameter curve fit (Max, min, log EC50 and slope) was used to transform fluorescent 665 nm/615 nm ratio signal to cAMP concentration. After normalization to treated and untreated controls, the percent effect of signal at each compound concentration was calculated. The plot of percent effect versus the log of compound concentration was fit with a 4-parameter concentration response equation to calculate EC50 values. Compound concentrations tested were 10 000, 3 333, 1 111, 370.4, 123.4, 41.2, 13.7, 4.6, 1.5 and 0.5 nM with 0.25% residual DMSO.",CHEMBL5727202,Q15722,Leukotriene B4 receptor 1,EC50,O=C(NS(=O)(=O)CC1CC1)c1ccccc1-c1ccc2c(c1)OCC(Cc1ccccn1)C2O,7.638272163982407
CHEMBL6062896,CHEMBL3911,Leukotriene B4 receptor 1,EC50,=,48.0,nM,CHEMBL5734216,B,"BLT-1 cAMP Assay: The ability of compounds to antagonize the human BLT1 receptor was determined using a kit to measure changes in intracellular cyclic AMP levels (cAMP dynamic assay kit, Cisbio Cat. No. 62AM4PEC). HEK293 cells recombinantly expressing human BLT1 receptor, previously frozen in Recovery Medium (Life Technologies, Cat. No. 12648-010) were thawed and diluted into assay medium (HBSS (Hyclone SH 30268.01), 20 mM HEPES (Gibco 15630-106), 800 μM IBMX (Sigma I5879), 0.1% DTPA BSA (Perkin Elmer CR84-100)). The cell suspension was centrifuged at 200×g for 10 min and then resuspended in fresh assay medium to a density of 2.5×105 cells/mL. A Labcyte Echo 550 acoustic dispenser was used to transfer 25 nL of test compound dissolved in DMSO into the wells of a dry 384-well plate (Greiner 784075). All subsequent liquid additions were performed using a BIORAPTR (FRD; Beckman Coulter). Next, 5 μL of cell suspension was added and incubated for 20 min. at 37° C. and 5% CO2 in a humidified plastic tray. To test for agonist activity 51 μL of assay buffer containing forskolin (Sigma F-6886. 4 μM for BLT1) was added and incubated for 30 minutes at 37° C. and 5% CO2 in a humidified plastic tray. To test for antagonist activity 5 μL of assay buffer containing forskolin (Sigma F-6886. 4 μM for BLT1) and either LTB4 (Sigma Aldrich L0517; 2 nM BLT1) was added and incubated for 30 minutes at 37° C. and 5% CO2 in a humidified plastic tray.The levels of cAMP were detected using the CisBio kit following the manufacturer's instructions: cAMP-d2 vial was reconstituted with distilled water and then diluted accordingly with conjugate & lysis buffer. 5 μL of cAMP-d2 working solution was added to all of the wells of the assay plate. cAMP-Cryptate vial was reconstituted with distilled water and then diluted accordingly with conjugate & lysis buffer. 5 μL of cAMP-Cryptate working solution were added to the assay plate. The assay plate was shaken for 3 minutes and incubated at room temperature for 45 minutes, then read on Perkin Elmer Envision. cAMP standard curve and fit data were plotted using a 4 parameter dose response curve fitting algorithm to fit curve. A 4-parameter curve fit (Max, min, log EC50 and slope) was used to transform fluorescent 665 nm/615 nm ratio signal to cAMP concentration. After normalization to treated and untreated controls, the percent effect of signal at each compound concentration was calculated. The plot of percent effect versus the log of compound concentration was fit with a 4-parameter concentration response equation to calculate EC50 values. Compound concentrations tested were 10 000, 3 333, 1 111, 370.4, 123.4, 41.2, 13.7, 4.6, 1.5 and 0.5 nM with 0.25% residual DMSO.",CHEMBL5727202,Q15722,Leukotriene B4 receptor 1,EC50,O=C(NS(=O)(=O)C1CCCC1)c1ccccc1-c1ccc2c(c1)OCC(Cc1ccccn1)C2O,7.318758762624412
CHEMBL5993991,CHEMBL3911,Leukotriene B4 receptor 1,EC50,=,44.0,nM,CHEMBL5734216,B,"BLT-1 cAMP Assay: The ability of compounds to antagonize the human BLT1 receptor was determined using a kit to measure changes in intracellular cyclic AMP levels (cAMP dynamic assay kit, Cisbio Cat. No. 62AM4PEC). HEK293 cells recombinantly expressing human BLT1 receptor, previously frozen in Recovery Medium (Life Technologies, Cat. No. 12648-010) were thawed and diluted into assay medium (HBSS (Hyclone SH 30268.01), 20 mM HEPES (Gibco 15630-106), 800 μM IBMX (Sigma I5879), 0.1% DTPA BSA (Perkin Elmer CR84-100)). The cell suspension was centrifuged at 200×g for 10 min and then resuspended in fresh assay medium to a density of 2.5×105 cells/mL. A Labcyte Echo 550 acoustic dispenser was used to transfer 25 nL of test compound dissolved in DMSO into the wells of a dry 384-well plate (Greiner 784075). All subsequent liquid additions were performed using a BIORAPTR (FRD; Beckman Coulter). Next, 5 μL of cell suspension was added and incubated for 20 min. at 37° C. and 5% CO2 in a humidified plastic tray. To test for agonist activity 51 μL of assay buffer containing forskolin (Sigma F-6886. 4 μM for BLT1) was added and incubated for 30 minutes at 37° C. and 5% CO2 in a humidified plastic tray. To test for antagonist activity 5 μL of assay buffer containing forskolin (Sigma F-6886. 4 μM for BLT1) and either LTB4 (Sigma Aldrich L0517; 2 nM BLT1) was added and incubated for 30 minutes at 37° C. and 5% CO2 in a humidified plastic tray.The levels of cAMP were detected using the CisBio kit following the manufacturer's instructions: cAMP-d2 vial was reconstituted with distilled water and then diluted accordingly with conjugate & lysis buffer. 5 μL of cAMP-d2 working solution was added to all of the wells of the assay plate. cAMP-Cryptate vial was reconstituted with distilled water and then diluted accordingly with conjugate & lysis buffer. 5 μL of cAMP-Cryptate working solution were added to the assay plate. The assay plate was shaken for 3 minutes and incubated at room temperature for 45 minutes, then read on Perkin Elmer Envision. cAMP standard curve and fit data were plotted using a 4 parameter dose response curve fitting algorithm to fit curve. A 4-parameter curve fit (Max, min, log EC50 and slope) was used to transform fluorescent 665 nm/615 nm ratio signal to cAMP concentration. After normalization to treated and untreated controls, the percent effect of signal at each compound concentration was calculated. The plot of percent effect versus the log of compound concentration was fit with a 4-parameter concentration response equation to calculate EC50 values. Compound concentrations tested were 10 000, 3 333, 1 111, 370.4, 123.4, 41.2, 13.7, 4.6, 1.5 and 0.5 nM with 0.25% residual DMSO.",CHEMBL5727202,Q15722,Leukotriene B4 receptor 1,EC50,CC(C)(C)CS(=O)(=O)NC(=O)c1ccccc1-c1ccc2c(c1)OCC(Cc1ccccn1)C2O,7.356547323513812
CHEMBL5853748,CHEMBL3911,Leukotriene B4 receptor 1,EC50,=,2037.0,nM,CHEMBL5734216,B,"BLT-1 cAMP Assay: The ability of compounds to antagonize the human BLT1 receptor was determined using a kit to measure changes in intracellular cyclic AMP levels (cAMP dynamic assay kit, Cisbio Cat. No. 62AM4PEC). HEK293 cells recombinantly expressing human BLT1 receptor, previously frozen in Recovery Medium (Life Technologies, Cat. No. 12648-010) were thawed and diluted into assay medium (HBSS (Hyclone SH 30268.01), 20 mM HEPES (Gibco 15630-106), 800 μM IBMX (Sigma I5879), 0.1% DTPA BSA (Perkin Elmer CR84-100)). The cell suspension was centrifuged at 200×g for 10 min and then resuspended in fresh assay medium to a density of 2.5×105 cells/mL. A Labcyte Echo 550 acoustic dispenser was used to transfer 25 nL of test compound dissolved in DMSO into the wells of a dry 384-well plate (Greiner 784075). All subsequent liquid additions were performed using a BIORAPTR (FRD; Beckman Coulter). Next, 5 μL of cell suspension was added and incubated for 20 min. at 37° C. and 5% CO2 in a humidified plastic tray. To test for agonist activity 51 μL of assay buffer containing forskolin (Sigma F-6886. 4 μM for BLT1) was added and incubated for 30 minutes at 37° C. and 5% CO2 in a humidified plastic tray. To test for antagonist activity 5 μL of assay buffer containing forskolin (Sigma F-6886. 4 μM for BLT1) and either LTB4 (Sigma Aldrich L0517; 2 nM BLT1) was added and incubated for 30 minutes at 37° C. and 5% CO2 in a humidified plastic tray.The levels of cAMP were detected using the CisBio kit following the manufacturer's instructions: cAMP-d2 vial was reconstituted with distilled water and then diluted accordingly with conjugate & lysis buffer. 5 μL of cAMP-d2 working solution was added to all of the wells of the assay plate. cAMP-Cryptate vial was reconstituted with distilled water and then diluted accordingly with conjugate & lysis buffer. 5 μL of cAMP-Cryptate working solution were added to the assay plate. The assay plate was shaken for 3 minutes and incubated at room temperature for 45 minutes, then read on Perkin Elmer Envision. cAMP standard curve and fit data were plotted using a 4 parameter dose response curve fitting algorithm to fit curve. A 4-parameter curve fit (Max, min, log EC50 and slope) was used to transform fluorescent 665 nm/615 nm ratio signal to cAMP concentration. After normalization to treated and untreated controls, the percent effect of signal at each compound concentration was calculated. The plot of percent effect versus the log of compound concentration was fit with a 4-parameter concentration response equation to calculate EC50 values. Compound concentrations tested were 10 000, 3 333, 1 111, 370.4, 123.4, 41.2, 13.7, 4.6, 1.5 and 0.5 nM with 0.25% residual DMSO.",CHEMBL5727202,Q15722,Leukotriene B4 receptor 1,EC50,CC1(S(=O)(=O)NC(=O)c2ccccc2-c2ccc3c(c2)OC[C@@H](Cc2ccccc2)[C@@H]3O)CC1,5.691008970999835
CHEMBL5946262,CHEMBL3911,Leukotriene B4 receptor 1,EC50,=,15.0,nM,CHEMBL5734216,B,"BLT-1 cAMP Assay: The ability of compounds to antagonize the human BLT1 receptor was determined using a kit to measure changes in intracellular cyclic AMP levels (cAMP dynamic assay kit, Cisbio Cat. No. 62AM4PEC). HEK293 cells recombinantly expressing human BLT1 receptor, previously frozen in Recovery Medium (Life Technologies, Cat. No. 12648-010) were thawed and diluted into assay medium (HBSS (Hyclone SH 30268.01), 20 mM HEPES (Gibco 15630-106), 800 μM IBMX (Sigma I5879), 0.1% DTPA BSA (Perkin Elmer CR84-100)). The cell suspension was centrifuged at 200×g for 10 min and then resuspended in fresh assay medium to a density of 2.5×105 cells/mL. A Labcyte Echo 550 acoustic dispenser was used to transfer 25 nL of test compound dissolved in DMSO into the wells of a dry 384-well plate (Greiner 784075). All subsequent liquid additions were performed using a BIORAPTR (FRD; Beckman Coulter). Next, 5 μL of cell suspension was added and incubated for 20 min. at 37° C. and 5% CO2 in a humidified plastic tray. To test for agonist activity 51 μL of assay buffer containing forskolin (Sigma F-6886. 4 μM for BLT1) was added and incubated for 30 minutes at 37° C. and 5% CO2 in a humidified plastic tray. To test for antagonist activity 5 μL of assay buffer containing forskolin (Sigma F-6886. 4 μM for BLT1) and either LTB4 (Sigma Aldrich L0517; 2 nM BLT1) was added and incubated for 30 minutes at 37° C. and 5% CO2 in a humidified plastic tray.The levels of cAMP were detected using the CisBio kit following the manufacturer's instructions: cAMP-d2 vial was reconstituted with distilled water and then diluted accordingly with conjugate & lysis buffer. 5 μL of cAMP-d2 working solution was added to all of the wells of the assay plate. cAMP-Cryptate vial was reconstituted with distilled water and then diluted accordingly with conjugate & lysis buffer. 5 μL of cAMP-Cryptate working solution were added to the assay plate. The assay plate was shaken for 3 minutes and incubated at room temperature for 45 minutes, then read on Perkin Elmer Envision. cAMP standard curve and fit data were plotted using a 4 parameter dose response curve fitting algorithm to fit curve. A 4-parameter curve fit (Max, min, log EC50 and slope) was used to transform fluorescent 665 nm/615 nm ratio signal to cAMP concentration. After normalization to treated and untreated controls, the percent effect of signal at each compound concentration was calculated. The plot of percent effect versus the log of compound concentration was fit with a 4-parameter concentration response equation to calculate EC50 values. Compound concentrations tested were 10 000, 3 333, 1 111, 370.4, 123.4, 41.2, 13.7, 4.6, 1.5 and 0.5 nM with 0.25% residual DMSO.",CHEMBL5727202,Q15722,Leukotriene B4 receptor 1,EC50,CC1(S(=O)(=O)NC(=O)c2ccccc2-c2ccc3c(c2)OC[C@H](Cc2ccccc2)[C@H]3O)CC1,7.823908740944319
CHEMBL6018820,CHEMBL3911,Leukotriene B4 receptor 1,EC50,=,2818.0,nM,CHEMBL5734216,B,"BLT-1 cAMP Assay: The ability of compounds to antagonize the human BLT1 receptor was determined using a kit to measure changes in intracellular cyclic AMP levels (cAMP dynamic assay kit, Cisbio Cat. No. 62AM4PEC). HEK293 cells recombinantly expressing human BLT1 receptor, previously frozen in Recovery Medium (Life Technologies, Cat. No. 12648-010) were thawed and diluted into assay medium (HBSS (Hyclone SH 30268.01), 20 mM HEPES (Gibco 15630-106), 800 μM IBMX (Sigma I5879), 0.1% DTPA BSA (Perkin Elmer CR84-100)). The cell suspension was centrifuged at 200×g for 10 min and then resuspended in fresh assay medium to a density of 2.5×105 cells/mL. A Labcyte Echo 550 acoustic dispenser was used to transfer 25 nL of test compound dissolved in DMSO into the wells of a dry 384-well plate (Greiner 784075). All subsequent liquid additions were performed using a BIORAPTR (FRD; Beckman Coulter). Next, 5 μL of cell suspension was added and incubated for 20 min. at 37° C. and 5% CO2 in a humidified plastic tray. To test for agonist activity 51 μL of assay buffer containing forskolin (Sigma F-6886. 4 μM for BLT1) was added and incubated for 30 minutes at 37° C. and 5% CO2 in a humidified plastic tray. To test for antagonist activity 5 μL of assay buffer containing forskolin (Sigma F-6886. 4 μM for BLT1) and either LTB4 (Sigma Aldrich L0517; 2 nM BLT1) was added and incubated for 30 minutes at 37° C. and 5% CO2 in a humidified plastic tray.The levels of cAMP were detected using the CisBio kit following the manufacturer's instructions: cAMP-d2 vial was reconstituted with distilled water and then diluted accordingly with conjugate & lysis buffer. 5 μL of cAMP-d2 working solution was added to all of the wells of the assay plate. cAMP-Cryptate vial was reconstituted with distilled water and then diluted accordingly with conjugate & lysis buffer. 5 μL of cAMP-Cryptate working solution were added to the assay plate. The assay plate was shaken for 3 minutes and incubated at room temperature for 45 minutes, then read on Perkin Elmer Envision. cAMP standard curve and fit data were plotted using a 4 parameter dose response curve fitting algorithm to fit curve. A 4-parameter curve fit (Max, min, log EC50 and slope) was used to transform fluorescent 665 nm/615 nm ratio signal to cAMP concentration. After normalization to treated and untreated controls, the percent effect of signal at each compound concentration was calculated. The plot of percent effect versus the log of compound concentration was fit with a 4-parameter concentration response equation to calculate EC50 values. Compound concentrations tested were 10 000, 3 333, 1 111, 370.4, 123.4, 41.2, 13.7, 4.6, 1.5 and 0.5 nM with 0.25% residual DMSO.",CHEMBL5727202,Q15722,Leukotriene B4 receptor 1,EC50,O=C(NS(=O)(=O)C1CC1)c1ccccc1-c1ccc2c(c1)OC[C@@H](Cc1ccccc1)[C@@H]2O,5.550059011226662
CHEMBL6032566,CHEMBL3911,Leukotriene B4 receptor 1,EC50,=,17.0,nM,CHEMBL5734216,B,"BLT-1 cAMP Assay: The ability of compounds to antagonize the human BLT1 receptor was determined using a kit to measure changes in intracellular cyclic AMP levels (cAMP dynamic assay kit, Cisbio Cat. No. 62AM4PEC). HEK293 cells recombinantly expressing human BLT1 receptor, previously frozen in Recovery Medium (Life Technologies, Cat. No. 12648-010) were thawed and diluted into assay medium (HBSS (Hyclone SH 30268.01), 20 mM HEPES (Gibco 15630-106), 800 μM IBMX (Sigma I5879), 0.1% DTPA BSA (Perkin Elmer CR84-100)). The cell suspension was centrifuged at 200×g for 10 min and then resuspended in fresh assay medium to a density of 2.5×105 cells/mL. A Labcyte Echo 550 acoustic dispenser was used to transfer 25 nL of test compound dissolved in DMSO into the wells of a dry 384-well plate (Greiner 784075). All subsequent liquid additions were performed using a BIORAPTR (FRD; Beckman Coulter). Next, 5 μL of cell suspension was added and incubated for 20 min. at 37° C. and 5% CO2 in a humidified plastic tray. To test for agonist activity 51 μL of assay buffer containing forskolin (Sigma F-6886. 4 μM for BLT1) was added and incubated for 30 minutes at 37° C. and 5% CO2 in a humidified plastic tray. To test for antagonist activity 5 μL of assay buffer containing forskolin (Sigma F-6886. 4 μM for BLT1) and either LTB4 (Sigma Aldrich L0517; 2 nM BLT1) was added and incubated for 30 minutes at 37° C. and 5% CO2 in a humidified plastic tray.The levels of cAMP were detected using the CisBio kit following the manufacturer's instructions: cAMP-d2 vial was reconstituted with distilled water and then diluted accordingly with conjugate & lysis buffer. 5 μL of cAMP-d2 working solution was added to all of the wells of the assay plate. cAMP-Cryptate vial was reconstituted with distilled water and then diluted accordingly with conjugate & lysis buffer. 5 μL of cAMP-Cryptate working solution were added to the assay plate. The assay plate was shaken for 3 minutes and incubated at room temperature for 45 minutes, then read on Perkin Elmer Envision. cAMP standard curve and fit data were plotted using a 4 parameter dose response curve fitting algorithm to fit curve. A 4-parameter curve fit (Max, min, log EC50 and slope) was used to transform fluorescent 665 nm/615 nm ratio signal to cAMP concentration. After normalization to treated and untreated controls, the percent effect of signal at each compound concentration was calculated. The plot of percent effect versus the log of compound concentration was fit with a 4-parameter concentration response equation to calculate EC50 values. Compound concentrations tested were 10 000, 3 333, 1 111, 370.4, 123.4, 41.2, 13.7, 4.6, 1.5 and 0.5 nM with 0.25% residual DMSO.",CHEMBL5727202,Q15722,Leukotriene B4 receptor 1,EC50,O=C(NS(=O)(=O)C1CC1)c1ccccc1-c1ccc2c(c1)OC[C@H](Cc1ccccc1)[C@H]2O,7.769551078621726
CHEMBL5790534,CHEMBL3911,Leukotriene B4 receptor 1,EC50,=,16.0,nM,CHEMBL5734216,B,"BLT-1 cAMP Assay: The ability of compounds to antagonize the human BLT1 receptor was determined using a kit to measure changes in intracellular cyclic AMP levels (cAMP dynamic assay kit, Cisbio Cat. No. 62AM4PEC). HEK293 cells recombinantly expressing human BLT1 receptor, previously frozen in Recovery Medium (Life Technologies, Cat. No. 12648-010) were thawed and diluted into assay medium (HBSS (Hyclone SH 30268.01), 20 mM HEPES (Gibco 15630-106), 800 μM IBMX (Sigma I5879), 0.1% DTPA BSA (Perkin Elmer CR84-100)). The cell suspension was centrifuged at 200×g for 10 min and then resuspended in fresh assay medium to a density of 2.5×105 cells/mL. A Labcyte Echo 550 acoustic dispenser was used to transfer 25 nL of test compound dissolved in DMSO into the wells of a dry 384-well plate (Greiner 784075). All subsequent liquid additions were performed using a BIORAPTR (FRD; Beckman Coulter). Next, 5 μL of cell suspension was added and incubated for 20 min. at 37° C. and 5% CO2 in a humidified plastic tray. To test for agonist activity 51 μL of assay buffer containing forskolin (Sigma F-6886. 4 μM for BLT1) was added and incubated for 30 minutes at 37° C. and 5% CO2 in a humidified plastic tray. To test for antagonist activity 5 μL of assay buffer containing forskolin (Sigma F-6886. 4 μM for BLT1) and either LTB4 (Sigma Aldrich L0517; 2 nM BLT1) was added and incubated for 30 minutes at 37° C. and 5% CO2 in a humidified plastic tray.The levels of cAMP were detected using the CisBio kit following the manufacturer's instructions: cAMP-d2 vial was reconstituted with distilled water and then diluted accordingly with conjugate & lysis buffer. 5 μL of cAMP-d2 working solution was added to all of the wells of the assay plate. cAMP-Cryptate vial was reconstituted with distilled water and then diluted accordingly with conjugate & lysis buffer. 5 μL of cAMP-Cryptate working solution were added to the assay plate. The assay plate was shaken for 3 minutes and incubated at room temperature for 45 minutes, then read on Perkin Elmer Envision. cAMP standard curve and fit data were plotted using a 4 parameter dose response curve fitting algorithm to fit curve. A 4-parameter curve fit (Max, min, log EC50 and slope) was used to transform fluorescent 665 nm/615 nm ratio signal to cAMP concentration. After normalization to treated and untreated controls, the percent effect of signal at each compound concentration was calculated. The plot of percent effect versus the log of compound concentration was fit with a 4-parameter concentration response equation to calculate EC50 values. Compound concentrations tested were 10 000, 3 333, 1 111, 370.4, 123.4, 41.2, 13.7, 4.6, 1.5 and 0.5 nM with 0.25% residual DMSO.",CHEMBL5727202,Q15722,Leukotriene B4 receptor 1,EC50,CC1(S(=O)(=O)NC(=O)c2ccccc2-c2ccc3c(c2)OC[C@H](Cc2cscn2)[C@H]3O)CC1,7.795880017344075
CHEMBL5813502,CHEMBL3911,Leukotriene B4 receptor 1,EC50,=,770.0,nM,CHEMBL5734216,B,"BLT-1 cAMP Assay: The ability of compounds to antagonize the human BLT1 receptor was determined using a kit to measure changes in intracellular cyclic AMP levels (cAMP dynamic assay kit, Cisbio Cat. No. 62AM4PEC). HEK293 cells recombinantly expressing human BLT1 receptor, previously frozen in Recovery Medium (Life Technologies, Cat. No. 12648-010) were thawed and diluted into assay medium (HBSS (Hyclone SH 30268.01), 20 mM HEPES (Gibco 15630-106), 800 μM IBMX (Sigma I5879), 0.1% DTPA BSA (Perkin Elmer CR84-100)). The cell suspension was centrifuged at 200×g for 10 min and then resuspended in fresh assay medium to a density of 2.5×105 cells/mL. A Labcyte Echo 550 acoustic dispenser was used to transfer 25 nL of test compound dissolved in DMSO into the wells of a dry 384-well plate (Greiner 784075). All subsequent liquid additions were performed using a BIORAPTR (FRD; Beckman Coulter). Next, 5 μL of cell suspension was added and incubated for 20 min. at 37° C. and 5% CO2 in a humidified plastic tray. To test for agonist activity 51 μL of assay buffer containing forskolin (Sigma F-6886. 4 μM for BLT1) was added and incubated for 30 minutes at 37° C. and 5% CO2 in a humidified plastic tray. To test for antagonist activity 5 μL of assay buffer containing forskolin (Sigma F-6886. 4 μM for BLT1) and either LTB4 (Sigma Aldrich L0517; 2 nM BLT1) was added and incubated for 30 minutes at 37° C. and 5% CO2 in a humidified plastic tray.The levels of cAMP were detected using the CisBio kit following the manufacturer's instructions: cAMP-d2 vial was reconstituted with distilled water and then diluted accordingly with conjugate & lysis buffer. 5 μL of cAMP-d2 working solution was added to all of the wells of the assay plate. cAMP-Cryptate vial was reconstituted with distilled water and then diluted accordingly with conjugate & lysis buffer. 5 μL of cAMP-Cryptate working solution were added to the assay plate. The assay plate was shaken for 3 minutes and incubated at room temperature for 45 minutes, then read on Perkin Elmer Envision. cAMP standard curve and fit data were plotted using a 4 parameter dose response curve fitting algorithm to fit curve. A 4-parameter curve fit (Max, min, log EC50 and slope) was used to transform fluorescent 665 nm/615 nm ratio signal to cAMP concentration. After normalization to treated and untreated controls, the percent effect of signal at each compound concentration was calculated. The plot of percent effect versus the log of compound concentration was fit with a 4-parameter concentration response equation to calculate EC50 values. Compound concentrations tested were 10 000, 3 333, 1 111, 370.4, 123.4, 41.2, 13.7, 4.6, 1.5 and 0.5 nM with 0.25% residual DMSO.",CHEMBL5727202,Q15722,Leukotriene B4 receptor 1,EC50,CC1(S(=O)(=O)NC(=O)c2ccccc2-c2ccc3c(c2)OC[C@@H](Cc2cscn2)[C@@H]3O)CC1,6.113509274827518
CHEMBL6052451,CHEMBL3911,Leukotriene B4 receptor 1,EC50,=,26.0,nM,CHEMBL5734216,B,"BLT-1 cAMP Assay: The ability of compounds to antagonize the human BLT1 receptor was determined using a kit to measure changes in intracellular cyclic AMP levels (cAMP dynamic assay kit, Cisbio Cat. No. 62AM4PEC). HEK293 cells recombinantly expressing human BLT1 receptor, previously frozen in Recovery Medium (Life Technologies, Cat. No. 12648-010) were thawed and diluted into assay medium (HBSS (Hyclone SH 30268.01), 20 mM HEPES (Gibco 15630-106), 800 μM IBMX (Sigma I5879), 0.1% DTPA BSA (Perkin Elmer CR84-100)). The cell suspension was centrifuged at 200×g for 10 min and then resuspended in fresh assay medium to a density of 2.5×105 cells/mL. A Labcyte Echo 550 acoustic dispenser was used to transfer 25 nL of test compound dissolved in DMSO into the wells of a dry 384-well plate (Greiner 784075). All subsequent liquid additions were performed using a BIORAPTR (FRD; Beckman Coulter). Next, 5 μL of cell suspension was added and incubated for 20 min. at 37° C. and 5% CO2 in a humidified plastic tray. To test for agonist activity 51 μL of assay buffer containing forskolin (Sigma F-6886. 4 μM for BLT1) was added and incubated for 30 minutes at 37° C. and 5% CO2 in a humidified plastic tray. To test for antagonist activity 5 μL of assay buffer containing forskolin (Sigma F-6886. 4 μM for BLT1) and either LTB4 (Sigma Aldrich L0517; 2 nM BLT1) was added and incubated for 30 minutes at 37° C. and 5% CO2 in a humidified plastic tray.The levels of cAMP were detected using the CisBio kit following the manufacturer's instructions: cAMP-d2 vial was reconstituted with distilled water and then diluted accordingly with conjugate & lysis buffer. 5 μL of cAMP-d2 working solution was added to all of the wells of the assay plate. cAMP-Cryptate vial was reconstituted with distilled water and then diluted accordingly with conjugate & lysis buffer. 5 μL of cAMP-Cryptate working solution were added to the assay plate. The assay plate was shaken for 3 minutes and incubated at room temperature for 45 minutes, then read on Perkin Elmer Envision. cAMP standard curve and fit data were plotted using a 4 parameter dose response curve fitting algorithm to fit curve. A 4-parameter curve fit (Max, min, log EC50 and slope) was used to transform fluorescent 665 nm/615 nm ratio signal to cAMP concentration. After normalization to treated and untreated controls, the percent effect of signal at each compound concentration was calculated. The plot of percent effect versus the log of compound concentration was fit with a 4-parameter concentration response equation to calculate EC50 values. Compound concentrations tested were 10 000, 3 333, 1 111, 370.4, 123.4, 41.2, 13.7, 4.6, 1.5 and 0.5 nM with 0.25% residual DMSO.",CHEMBL5727202,Q15722,Leukotriene B4 receptor 1,EC50,CC1(S(=O)(=O)NC(=O)c2ccccc2-c2ccc3c(c2)OC[C@@H](Cc2cscn2)[C@H]3O)CC1,7.585026652029182
CHEMBL5768307,CHEMBL3911,Leukotriene B4 receptor 1,EC50,=,360.0,nM,CHEMBL5734216,B,"BLT-1 cAMP Assay: The ability of compounds to antagonize the human BLT1 receptor was determined using a kit to measure changes in intracellular cyclic AMP levels (cAMP dynamic assay kit, Cisbio Cat. No. 62AM4PEC). HEK293 cells recombinantly expressing human BLT1 receptor, previously frozen in Recovery Medium (Life Technologies, Cat. No. 12648-010) were thawed and diluted into assay medium (HBSS (Hyclone SH 30268.01), 20 mM HEPES (Gibco 15630-106), 800 μM IBMX (Sigma I5879), 0.1% DTPA BSA (Perkin Elmer CR84-100)). The cell suspension was centrifuged at 200×g for 10 min and then resuspended in fresh assay medium to a density of 2.5×105 cells/mL. A Labcyte Echo 550 acoustic dispenser was used to transfer 25 nL of test compound dissolved in DMSO into the wells of a dry 384-well plate (Greiner 784075). All subsequent liquid additions were performed using a BIORAPTR (FRD; Beckman Coulter). Next, 5 μL of cell suspension was added and incubated for 20 min. at 37° C. and 5% CO2 in a humidified plastic tray. To test for agonist activity 51 μL of assay buffer containing forskolin (Sigma F-6886. 4 μM for BLT1) was added and incubated for 30 minutes at 37° C. and 5% CO2 in a humidified plastic tray. To test for antagonist activity 5 μL of assay buffer containing forskolin (Sigma F-6886. 4 μM for BLT1) and either LTB4 (Sigma Aldrich L0517; 2 nM BLT1) was added and incubated for 30 minutes at 37° C. and 5% CO2 in a humidified plastic tray.The levels of cAMP were detected using the CisBio kit following the manufacturer's instructions: cAMP-d2 vial was reconstituted with distilled water and then diluted accordingly with conjugate & lysis buffer. 5 μL of cAMP-d2 working solution was added to all of the wells of the assay plate. cAMP-Cryptate vial was reconstituted with distilled water and then diluted accordingly with conjugate & lysis buffer. 5 μL of cAMP-Cryptate working solution were added to the assay plate. The assay plate was shaken for 3 minutes and incubated at room temperature for 45 minutes, then read on Perkin Elmer Envision. cAMP standard curve and fit data were plotted using a 4 parameter dose response curve fitting algorithm to fit curve. A 4-parameter curve fit (Max, min, log EC50 and slope) was used to transform fluorescent 665 nm/615 nm ratio signal to cAMP concentration. After normalization to treated and untreated controls, the percent effect of signal at each compound concentration was calculated. The plot of percent effect versus the log of compound concentration was fit with a 4-parameter concentration response equation to calculate EC50 values. Compound concentrations tested were 10 000, 3 333, 1 111, 370.4, 123.4, 41.2, 13.7, 4.6, 1.5 and 0.5 nM with 0.25% residual DMSO.",CHEMBL5727202,Q15722,Leukotriene B4 receptor 1,EC50,Cn1nccc1C[C@H]1COc2cc(-c3ccccc3C(=O)NS(=O)(=O)C3(C)CC3)ccc2[C@@H]1O,6.443697499232712
CHEMBL5894397,CHEMBL3911,Leukotriene B4 receptor 1,EC50,=,740.0,nM,CHEMBL5734216,B,"BLT-1 cAMP Assay: The ability of compounds to antagonize the human BLT1 receptor was determined using a kit to measure changes in intracellular cyclic AMP levels (cAMP dynamic assay kit, Cisbio Cat. No. 62AM4PEC). HEK293 cells recombinantly expressing human BLT1 receptor, previously frozen in Recovery Medium (Life Technologies, Cat. No. 12648-010) were thawed and diluted into assay medium (HBSS (Hyclone SH 30268.01), 20 mM HEPES (Gibco 15630-106), 800 μM IBMX (Sigma I5879), 0.1% DTPA BSA (Perkin Elmer CR84-100)). The cell suspension was centrifuged at 200×g for 10 min and then resuspended in fresh assay medium to a density of 2.5×105 cells/mL. A Labcyte Echo 550 acoustic dispenser was used to transfer 25 nL of test compound dissolved in DMSO into the wells of a dry 384-well plate (Greiner 784075). All subsequent liquid additions were performed using a BIORAPTR (FRD; Beckman Coulter). Next, 5 μL of cell suspension was added and incubated for 20 min. at 37° C. and 5% CO2 in a humidified plastic tray. To test for agonist activity 51 μL of assay buffer containing forskolin (Sigma F-6886. 4 μM for BLT1) was added and incubated for 30 minutes at 37° C. and 5% CO2 in a humidified plastic tray. To test for antagonist activity 5 μL of assay buffer containing forskolin (Sigma F-6886. 4 μM for BLT1) and either LTB4 (Sigma Aldrich L0517; 2 nM BLT1) was added and incubated for 30 minutes at 37° C. and 5% CO2 in a humidified plastic tray.The levels of cAMP were detected using the CisBio kit following the manufacturer's instructions: cAMP-d2 vial was reconstituted with distilled water and then diluted accordingly with conjugate & lysis buffer. 5 μL of cAMP-d2 working solution was added to all of the wells of the assay plate. cAMP-Cryptate vial was reconstituted with distilled water and then diluted accordingly with conjugate & lysis buffer. 5 μL of cAMP-Cryptate working solution were added to the assay plate. The assay plate was shaken for 3 minutes and incubated at room temperature for 45 minutes, then read on Perkin Elmer Envision. cAMP standard curve and fit data were plotted using a 4 parameter dose response curve fitting algorithm to fit curve. A 4-parameter curve fit (Max, min, log EC50 and slope) was used to transform fluorescent 665 nm/615 nm ratio signal to cAMP concentration. After normalization to treated and untreated controls, the percent effect of signal at each compound concentration was calculated. The plot of percent effect versus the log of compound concentration was fit with a 4-parameter concentration response equation to calculate EC50 values. Compound concentrations tested were 10 000, 3 333, 1 111, 370.4, 123.4, 41.2, 13.7, 4.6, 1.5 and 0.5 nM with 0.25% residual DMSO.",CHEMBL5727202,Q15722,Leukotriene B4 receptor 1,EC50,Cc1nnc(C[C@H]2COc3cc(-c4ccccc4C(=O)NS(=O)(=O)C4(C)CC4)ccc3[C@@H]2O)s1,6.130768280269024
CHEMBL5800809,CHEMBL3911,Leukotriene B4 receptor 1,EC50,=,538.0,nM,CHEMBL5734216,B,"BLT-1 cAMP Assay: The ability of compounds to antagonize the human BLT1 receptor was determined using a kit to measure changes in intracellular cyclic AMP levels (cAMP dynamic assay kit, Cisbio Cat. No. 62AM4PEC). HEK293 cells recombinantly expressing human BLT1 receptor, previously frozen in Recovery Medium (Life Technologies, Cat. No. 12648-010) were thawed and diluted into assay medium (HBSS (Hyclone SH 30268.01), 20 mM HEPES (Gibco 15630-106), 800 μM IBMX (Sigma I5879), 0.1% DTPA BSA (Perkin Elmer CR84-100)). The cell suspension was centrifuged at 200×g for 10 min and then resuspended in fresh assay medium to a density of 2.5×105 cells/mL. A Labcyte Echo 550 acoustic dispenser was used to transfer 25 nL of test compound dissolved in DMSO into the wells of a dry 384-well plate (Greiner 784075). All subsequent liquid additions were performed using a BIORAPTR (FRD; Beckman Coulter). Next, 5 μL of cell suspension was added and incubated for 20 min. at 37° C. and 5% CO2 in a humidified plastic tray. To test for agonist activity 51 μL of assay buffer containing forskolin (Sigma F-6886. 4 μM for BLT1) was added and incubated for 30 minutes at 37° C. and 5% CO2 in a humidified plastic tray. To test for antagonist activity 5 μL of assay buffer containing forskolin (Sigma F-6886. 4 μM for BLT1) and either LTB4 (Sigma Aldrich L0517; 2 nM BLT1) was added and incubated for 30 minutes at 37° C. and 5% CO2 in a humidified plastic tray.The levels of cAMP were detected using the CisBio kit following the manufacturer's instructions: cAMP-d2 vial was reconstituted with distilled water and then diluted accordingly with conjugate & lysis buffer. 5 μL of cAMP-d2 working solution was added to all of the wells of the assay plate. cAMP-Cryptate vial was reconstituted with distilled water and then diluted accordingly with conjugate & lysis buffer. 5 μL of cAMP-Cryptate working solution were added to the assay plate. The assay plate was shaken for 3 minutes and incubated at room temperature for 45 minutes, then read on Perkin Elmer Envision. cAMP standard curve and fit data were plotted using a 4 parameter dose response curve fitting algorithm to fit curve. A 4-parameter curve fit (Max, min, log EC50 and slope) was used to transform fluorescent 665 nm/615 nm ratio signal to cAMP concentration. After normalization to treated and untreated controls, the percent effect of signal at each compound concentration was calculated. The plot of percent effect versus the log of compound concentration was fit with a 4-parameter concentration response equation to calculate EC50 values. Compound concentrations tested were 10 000, 3 333, 1 111, 370.4, 123.4, 41.2, 13.7, 4.6, 1.5 and 0.5 nM with 0.25% residual DMSO.",CHEMBL5727202,Q15722,Leukotriene B4 receptor 1,EC50,CCn1nccc1C[C@@H]1COc2cc(-c3ccccc3C(=O)NS(=O)(=O)C3(C)CC3)ccc2[C@H]1O,6.269217724333611
CHEMBL6061998,CHEMBL3911,Leukotriene B4 receptor 1,EC50,=,556.0,nM,CHEMBL5734216,B,"BLT-1 cAMP Assay: The ability of compounds to antagonize the human BLT1 receptor was determined using a kit to measure changes in intracellular cyclic AMP levels (cAMP dynamic assay kit, Cisbio Cat. No. 62AM4PEC). HEK293 cells recombinantly expressing human BLT1 receptor, previously frozen in Recovery Medium (Life Technologies, Cat. No. 12648-010) were thawed and diluted into assay medium (HBSS (Hyclone SH 30268.01), 20 mM HEPES (Gibco 15630-106), 800 μM IBMX (Sigma I5879), 0.1% DTPA BSA (Perkin Elmer CR84-100)). The cell suspension was centrifuged at 200×g for 10 min and then resuspended in fresh assay medium to a density of 2.5×105 cells/mL. A Labcyte Echo 550 acoustic dispenser was used to transfer 25 nL of test compound dissolved in DMSO into the wells of a dry 384-well plate (Greiner 784075). All subsequent liquid additions were performed using a BIORAPTR (FRD; Beckman Coulter). Next, 5 μL of cell suspension was added and incubated for 20 min. at 37° C. and 5% CO2 in a humidified plastic tray. To test for agonist activity 51 μL of assay buffer containing forskolin (Sigma F-6886. 4 μM for BLT1) was added and incubated for 30 minutes at 37° C. and 5% CO2 in a humidified plastic tray. To test for antagonist activity 5 μL of assay buffer containing forskolin (Sigma F-6886. 4 μM for BLT1) and either LTB4 (Sigma Aldrich L0517; 2 nM BLT1) was added and incubated for 30 minutes at 37° C. and 5% CO2 in a humidified plastic tray.The levels of cAMP were detected using the CisBio kit following the manufacturer's instructions: cAMP-d2 vial was reconstituted with distilled water and then diluted accordingly with conjugate & lysis buffer. 5 μL of cAMP-d2 working solution was added to all of the wells of the assay plate. cAMP-Cryptate vial was reconstituted with distilled water and then diluted accordingly with conjugate & lysis buffer. 5 μL of cAMP-Cryptate working solution were added to the assay plate. The assay plate was shaken for 3 minutes and incubated at room temperature for 45 minutes, then read on Perkin Elmer Envision. cAMP standard curve and fit data were plotted using a 4 parameter dose response curve fitting algorithm to fit curve. A 4-parameter curve fit (Max, min, log EC50 and slope) was used to transform fluorescent 665 nm/615 nm ratio signal to cAMP concentration. After normalization to treated and untreated controls, the percent effect of signal at each compound concentration was calculated. The plot of percent effect versus the log of compound concentration was fit with a 4-parameter concentration response equation to calculate EC50 values. Compound concentrations tested were 10 000, 3 333, 1 111, 370.4, 123.4, 41.2, 13.7, 4.6, 1.5 and 0.5 nM with 0.25% residual DMSO.",CHEMBL5727202,Q15722,Leukotriene B4 receptor 1,EC50,Cc1nnc(C[C@H]2COc3cc(-c4ccccc4C(=O)NS(=O)(=O)C(C)(C)C)ccc3[C@@H]2O)s1,6.2549252084179425
CHEMBL6016434,CHEMBL3911,Leukotriene B4 receptor 1,EC50,=,11.0,nM,CHEMBL5734216,B,"BLT-1 cAMP Assay: The ability of compounds to antagonize the human BLT1 receptor was determined using a kit to measure changes in intracellular cyclic AMP levels (cAMP dynamic assay kit, Cisbio Cat. No. 62AM4PEC). HEK293 cells recombinantly expressing human BLT1 receptor, previously frozen in Recovery Medium (Life Technologies, Cat. No. 12648-010) were thawed and diluted into assay medium (HBSS (Hyclone SH 30268.01), 20 mM HEPES (Gibco 15630-106), 800 μM IBMX (Sigma I5879), 0.1% DTPA BSA (Perkin Elmer CR84-100)). The cell suspension was centrifuged at 200×g for 10 min and then resuspended in fresh assay medium to a density of 2.5×105 cells/mL. A Labcyte Echo 550 acoustic dispenser was used to transfer 25 nL of test compound dissolved in DMSO into the wells of a dry 384-well plate (Greiner 784075). All subsequent liquid additions were performed using a BIORAPTR (FRD; Beckman Coulter). Next, 5 μL of cell suspension was added and incubated for 20 min. at 37° C. and 5% CO2 in a humidified plastic tray. To test for agonist activity 51 μL of assay buffer containing forskolin (Sigma F-6886. 4 μM for BLT1) was added and incubated for 30 minutes at 37° C. and 5% CO2 in a humidified plastic tray. To test for antagonist activity 5 μL of assay buffer containing forskolin (Sigma F-6886. 4 μM for BLT1) and either LTB4 (Sigma Aldrich L0517; 2 nM BLT1) was added and incubated for 30 minutes at 37° C. and 5% CO2 in a humidified plastic tray.The levels of cAMP were detected using the CisBio kit following the manufacturer's instructions: cAMP-d2 vial was reconstituted with distilled water and then diluted accordingly with conjugate & lysis buffer. 5 μL of cAMP-d2 working solution was added to all of the wells of the assay plate. cAMP-Cryptate vial was reconstituted with distilled water and then diluted accordingly with conjugate & lysis buffer. 5 μL of cAMP-Cryptate working solution were added to the assay plate. The assay plate was shaken for 3 minutes and incubated at room temperature for 45 minutes, then read on Perkin Elmer Envision. cAMP standard curve and fit data were plotted using a 4 parameter dose response curve fitting algorithm to fit curve. A 4-parameter curve fit (Max, min, log EC50 and slope) was used to transform fluorescent 665 nm/615 nm ratio signal to cAMP concentration. After normalization to treated and untreated controls, the percent effect of signal at each compound concentration was calculated. The plot of percent effect versus the log of compound concentration was fit with a 4-parameter concentration response equation to calculate EC50 values. Compound concentrations tested were 10 000, 3 333, 1 111, 370.4, 123.4, 41.2, 13.7, 4.6, 1.5 and 0.5 nM with 0.25% residual DMSO.",CHEMBL5727202,Q15722,Leukotriene B4 receptor 1,EC50,CC(C)(C)S(=O)(=O)NC(=O)c1ccccc1-c1ccc2c(c1)OC[C@H](Cc1cscn1)[C@H]2O,7.958607314841775
CHEMBL5815539,CHEMBL3911,Leukotriene B4 receptor 1,EC50,=,808.0,nM,CHEMBL5734216,B,"BLT-1 cAMP Assay: The ability of compounds to antagonize the human BLT1 receptor was determined using a kit to measure changes in intracellular cyclic AMP levels (cAMP dynamic assay kit, Cisbio Cat. No. 62AM4PEC). HEK293 cells recombinantly expressing human BLT1 receptor, previously frozen in Recovery Medium (Life Technologies, Cat. No. 12648-010) were thawed and diluted into assay medium (HBSS (Hyclone SH 30268.01), 20 mM HEPES (Gibco 15630-106), 800 μM IBMX (Sigma I5879), 0.1% DTPA BSA (Perkin Elmer CR84-100)). The cell suspension was centrifuged at 200×g for 10 min and then resuspended in fresh assay medium to a density of 2.5×105 cells/mL. A Labcyte Echo 550 acoustic dispenser was used to transfer 25 nL of test compound dissolved in DMSO into the wells of a dry 384-well plate (Greiner 784075). All subsequent liquid additions were performed using a BIORAPTR (FRD; Beckman Coulter). Next, 5 μL of cell suspension was added and incubated for 20 min. at 37° C. and 5% CO2 in a humidified plastic tray. To test for agonist activity 51 μL of assay buffer containing forskolin (Sigma F-6886. 4 μM for BLT1) was added and incubated for 30 minutes at 37° C. and 5% CO2 in a humidified plastic tray. To test for antagonist activity 5 μL of assay buffer containing forskolin (Sigma F-6886. 4 μM for BLT1) and either LTB4 (Sigma Aldrich L0517; 2 nM BLT1) was added and incubated for 30 minutes at 37° C. and 5% CO2 in a humidified plastic tray.The levels of cAMP were detected using the CisBio kit following the manufacturer's instructions: cAMP-d2 vial was reconstituted with distilled water and then diluted accordingly with conjugate & lysis buffer. 5 μL of cAMP-d2 working solution was added to all of the wells of the assay plate. cAMP-Cryptate vial was reconstituted with distilled water and then diluted accordingly with conjugate & lysis buffer. 5 μL of cAMP-Cryptate working solution were added to the assay plate. The assay plate was shaken for 3 minutes and incubated at room temperature for 45 minutes, then read on Perkin Elmer Envision. cAMP standard curve and fit data were plotted using a 4 parameter dose response curve fitting algorithm to fit curve. A 4-parameter curve fit (Max, min, log EC50 and slope) was used to transform fluorescent 665 nm/615 nm ratio signal to cAMP concentration. After normalization to treated and untreated controls, the percent effect of signal at each compound concentration was calculated. The plot of percent effect versus the log of compound concentration was fit with a 4-parameter concentration response equation to calculate EC50 values. Compound concentrations tested were 10 000, 3 333, 1 111, 370.4, 123.4, 41.2, 13.7, 4.6, 1.5 and 0.5 nM with 0.25% residual DMSO.",CHEMBL5727202,Q15722,Leukotriene B4 receptor 1,EC50,CC(C)(C)S(=O)(=O)NC(=O)c1ccccc1-c1ccc2c(c1)OC[C@@H](Cc1cscn1)[C@@H]2O,6.092588639225414
CHEMBL6016434,CHEMBL3911,Leukotriene B4 receptor 1,EC50,=,9.0,nM,CHEMBL5734216,B,"BLT-1 cAMP Assay: The ability of compounds to antagonize the human BLT1 receptor was determined using a kit to measure changes in intracellular cyclic AMP levels (cAMP dynamic assay kit, Cisbio Cat. No. 62AM4PEC). HEK293 cells recombinantly expressing human BLT1 receptor, previously frozen in Recovery Medium (Life Technologies, Cat. No. 12648-010) were thawed and diluted into assay medium (HBSS (Hyclone SH 30268.01), 20 mM HEPES (Gibco 15630-106), 800 μM IBMX (Sigma I5879), 0.1% DTPA BSA (Perkin Elmer CR84-100)). The cell suspension was centrifuged at 200×g for 10 min and then resuspended in fresh assay medium to a density of 2.5×105 cells/mL. A Labcyte Echo 550 acoustic dispenser was used to transfer 25 nL of test compound dissolved in DMSO into the wells of a dry 384-well plate (Greiner 784075). All subsequent liquid additions were performed using a BIORAPTR (FRD; Beckman Coulter). Next, 5 μL of cell suspension was added and incubated for 20 min. at 37° C. and 5% CO2 in a humidified plastic tray. To test for agonist activity 51 μL of assay buffer containing forskolin (Sigma F-6886. 4 μM for BLT1) was added and incubated for 30 minutes at 37° C. and 5% CO2 in a humidified plastic tray. To test for antagonist activity 5 μL of assay buffer containing forskolin (Sigma F-6886. 4 μM for BLT1) and either LTB4 (Sigma Aldrich L0517; 2 nM BLT1) was added and incubated for 30 minutes at 37° C. and 5% CO2 in a humidified plastic tray.The levels of cAMP were detected using the CisBio kit following the manufacturer's instructions: cAMP-d2 vial was reconstituted with distilled water and then diluted accordingly with conjugate & lysis buffer. 5 μL of cAMP-d2 working solution was added to all of the wells of the assay plate. cAMP-Cryptate vial was reconstituted with distilled water and then diluted accordingly with conjugate & lysis buffer. 5 μL of cAMP-Cryptate working solution were added to the assay plate. The assay plate was shaken for 3 minutes and incubated at room temperature for 45 minutes, then read on Perkin Elmer Envision. cAMP standard curve and fit data were plotted using a 4 parameter dose response curve fitting algorithm to fit curve. A 4-parameter curve fit (Max, min, log EC50 and slope) was used to transform fluorescent 665 nm/615 nm ratio signal to cAMP concentration. After normalization to treated and untreated controls, the percent effect of signal at each compound concentration was calculated. The plot of percent effect versus the log of compound concentration was fit with a 4-parameter concentration response equation to calculate EC50 values. Compound concentrations tested were 10 000, 3 333, 1 111, 370.4, 123.4, 41.2, 13.7, 4.6, 1.5 and 0.5 nM with 0.25% residual DMSO.",CHEMBL5727202,Q15722,Leukotriene B4 receptor 1,EC50,CC(C)(C)S(=O)(=O)NC(=O)c1ccccc1-c1ccc2c(c1)OC[C@H](Cc1cscn1)[C@H]2O,8.045757490560675
CHEMBL6018632,CHEMBL3911,Leukotriene B4 receptor 1,EC50,=,95.0,nM,CHEMBL5734216,B,"BLT-1 cAMP Assay: The ability of compounds to antagonize the human BLT1 receptor was determined using a kit to measure changes in intracellular cyclic AMP levels (cAMP dynamic assay kit, Cisbio Cat. No. 62AM4PEC). HEK293 cells recombinantly expressing human BLT1 receptor, previously frozen in Recovery Medium (Life Technologies, Cat. No. 12648-010) were thawed and diluted into assay medium (HBSS (Hyclone SH 30268.01), 20 mM HEPES (Gibco 15630-106), 800 μM IBMX (Sigma I5879), 0.1% DTPA BSA (Perkin Elmer CR84-100)). The cell suspension was centrifuged at 200×g for 10 min and then resuspended in fresh assay medium to a density of 2.5×105 cells/mL. A Labcyte Echo 550 acoustic dispenser was used to transfer 25 nL of test compound dissolved in DMSO into the wells of a dry 384-well plate (Greiner 784075). All subsequent liquid additions were performed using a BIORAPTR (FRD; Beckman Coulter). Next, 5 μL of cell suspension was added and incubated for 20 min. at 37° C. and 5% CO2 in a humidified plastic tray. To test for agonist activity 51 μL of assay buffer containing forskolin (Sigma F-6886. 4 μM for BLT1) was added and incubated for 30 minutes at 37° C. and 5% CO2 in a humidified plastic tray. To test for antagonist activity 5 μL of assay buffer containing forskolin (Sigma F-6886. 4 μM for BLT1) and either LTB4 (Sigma Aldrich L0517; 2 nM BLT1) was added and incubated for 30 minutes at 37° C. and 5% CO2 in a humidified plastic tray.The levels of cAMP were detected using the CisBio kit following the manufacturer's instructions: cAMP-d2 vial was reconstituted with distilled water and then diluted accordingly with conjugate & lysis buffer. 5 μL of cAMP-d2 working solution was added to all of the wells of the assay plate. cAMP-Cryptate vial was reconstituted with distilled water and then diluted accordingly with conjugate & lysis buffer. 5 μL of cAMP-Cryptate working solution were added to the assay plate. The assay plate was shaken for 3 minutes and incubated at room temperature for 45 minutes, then read on Perkin Elmer Envision. cAMP standard curve and fit data were plotted using a 4 parameter dose response curve fitting algorithm to fit curve. A 4-parameter curve fit (Max, min, log EC50 and slope) was used to transform fluorescent 665 nm/615 nm ratio signal to cAMP concentration. After normalization to treated and untreated controls, the percent effect of signal at each compound concentration was calculated. The plot of percent effect versus the log of compound concentration was fit with a 4-parameter concentration response equation to calculate EC50 values. Compound concentrations tested were 10 000, 3 333, 1 111, 370.4, 123.4, 41.2, 13.7, 4.6, 1.5 and 0.5 nM with 0.25% residual DMSO.",CHEMBL5727202,Q15722,Leukotriene B4 receptor 1,EC50,Cn1nccc1C[C@H]1COc2cc(-c3ccccc3C(=O)NS(=O)(=O)C(C)(C)C)ccc2[C@@H]1O,7.022276394711152
CHEMBL5990008,CHEMBL3911,Leukotriene B4 receptor 1,EC50,=,81.0,nM,CHEMBL5734216,B,"BLT-1 cAMP Assay: The ability of compounds to antagonize the human BLT1 receptor was determined using a kit to measure changes in intracellular cyclic AMP levels (cAMP dynamic assay kit, Cisbio Cat. No. 62AM4PEC). HEK293 cells recombinantly expressing human BLT1 receptor, previously frozen in Recovery Medium (Life Technologies, Cat. No. 12648-010) were thawed and diluted into assay medium (HBSS (Hyclone SH 30268.01), 20 mM HEPES (Gibco 15630-106), 800 μM IBMX (Sigma I5879), 0.1% DTPA BSA (Perkin Elmer CR84-100)). The cell suspension was centrifuged at 200×g for 10 min and then resuspended in fresh assay medium to a density of 2.5×105 cells/mL. A Labcyte Echo 550 acoustic dispenser was used to transfer 25 nL of test compound dissolved in DMSO into the wells of a dry 384-well plate (Greiner 784075). All subsequent liquid additions were performed using a BIORAPTR (FRD; Beckman Coulter). Next, 5 μL of cell suspension was added and incubated for 20 min. at 37° C. and 5% CO2 in a humidified plastic tray. To test for agonist activity 51 μL of assay buffer containing forskolin (Sigma F-6886. 4 μM for BLT1) was added and incubated for 30 minutes at 37° C. and 5% CO2 in a humidified plastic tray. To test for antagonist activity 5 μL of assay buffer containing forskolin (Sigma F-6886. 4 μM for BLT1) and either LTB4 (Sigma Aldrich L0517; 2 nM BLT1) was added and incubated for 30 minutes at 37° C. and 5% CO2 in a humidified plastic tray.The levels of cAMP were detected using the CisBio kit following the manufacturer's instructions: cAMP-d2 vial was reconstituted with distilled water and then diluted accordingly with conjugate & lysis buffer. 5 μL of cAMP-d2 working solution was added to all of the wells of the assay plate. cAMP-Cryptate vial was reconstituted with distilled water and then diluted accordingly with conjugate & lysis buffer. 5 μL of cAMP-Cryptate working solution were added to the assay plate. The assay plate was shaken for 3 minutes and incubated at room temperature for 45 minutes, then read on Perkin Elmer Envision. cAMP standard curve and fit data were plotted using a 4 parameter dose response curve fitting algorithm to fit curve. A 4-parameter curve fit (Max, min, log EC50 and slope) was used to transform fluorescent 665 nm/615 nm ratio signal to cAMP concentration. After normalization to treated and untreated controls, the percent effect of signal at each compound concentration was calculated. The plot of percent effect versus the log of compound concentration was fit with a 4-parameter concentration response equation to calculate EC50 values. Compound concentrations tested were 10 000, 3 333, 1 111, 370.4, 123.4, 41.2, 13.7, 4.6, 1.5 and 0.5 nM with 0.25% residual DMSO.",CHEMBL5727202,Q15722,Leukotriene B4 receptor 1,EC50,CCn1nccc1C[C@H]1COc2cc(-c3ccccc3C(=O)NS(=O)(=O)C(C)(C)C)ccc2[C@@H]1O,7.0915149811213505
CHEMBL5990008,CHEMBL3911,Leukotriene B4 receptor 1,EC50,=,36.0,nM,CHEMBL5734216,B,"BLT-1 cAMP Assay: The ability of compounds to antagonize the human BLT1 receptor was determined using a kit to measure changes in intracellular cyclic AMP levels (cAMP dynamic assay kit, Cisbio Cat. No. 62AM4PEC). HEK293 cells recombinantly expressing human BLT1 receptor, previously frozen in Recovery Medium (Life Technologies, Cat. No. 12648-010) were thawed and diluted into assay medium (HBSS (Hyclone SH 30268.01), 20 mM HEPES (Gibco 15630-106), 800 μM IBMX (Sigma I5879), 0.1% DTPA BSA (Perkin Elmer CR84-100)). The cell suspension was centrifuged at 200×g for 10 min and then resuspended in fresh assay medium to a density of 2.5×105 cells/mL. A Labcyte Echo 550 acoustic dispenser was used to transfer 25 nL of test compound dissolved in DMSO into the wells of a dry 384-well plate (Greiner 784075). All subsequent liquid additions were performed using a BIORAPTR (FRD; Beckman Coulter). Next, 5 μL of cell suspension was added and incubated for 20 min. at 37° C. and 5% CO2 in a humidified plastic tray. To test for agonist activity 51 μL of assay buffer containing forskolin (Sigma F-6886. 4 μM for BLT1) was added and incubated for 30 minutes at 37° C. and 5% CO2 in a humidified plastic tray. To test for antagonist activity 5 μL of assay buffer containing forskolin (Sigma F-6886. 4 μM for BLT1) and either LTB4 (Sigma Aldrich L0517; 2 nM BLT1) was added and incubated for 30 minutes at 37° C. and 5% CO2 in a humidified plastic tray.The levels of cAMP were detected using the CisBio kit following the manufacturer's instructions: cAMP-d2 vial was reconstituted with distilled water and then diluted accordingly with conjugate & lysis buffer. 5 μL of cAMP-d2 working solution was added to all of the wells of the assay plate. cAMP-Cryptate vial was reconstituted with distilled water and then diluted accordingly with conjugate & lysis buffer. 5 μL of cAMP-Cryptate working solution were added to the assay plate. The assay plate was shaken for 3 minutes and incubated at room temperature for 45 minutes, then read on Perkin Elmer Envision. cAMP standard curve and fit data were plotted using a 4 parameter dose response curve fitting algorithm to fit curve. A 4-parameter curve fit (Max, min, log EC50 and slope) was used to transform fluorescent 665 nm/615 nm ratio signal to cAMP concentration. After normalization to treated and untreated controls, the percent effect of signal at each compound concentration was calculated. The plot of percent effect versus the log of compound concentration was fit with a 4-parameter concentration response equation to calculate EC50 values. Compound concentrations tested were 10 000, 3 333, 1 111, 370.4, 123.4, 41.2, 13.7, 4.6, 1.5 and 0.5 nM with 0.25% residual DMSO.",CHEMBL5727202,Q15722,Leukotriene B4 receptor 1,EC50,CCn1nccc1C[C@H]1COc2cc(-c3ccccc3C(=O)NS(=O)(=O)C(C)(C)C)ccc2[C@@H]1O,7.443697499232712
CHEMBL5944902,CHEMBL3911,Leukotriene B4 receptor 1,EC50,=,1162.0,nM,CHEMBL5734216,B,"BLT-1 cAMP Assay: The ability of compounds to antagonize the human BLT1 receptor was determined using a kit to measure changes in intracellular cyclic AMP levels (cAMP dynamic assay kit, Cisbio Cat. No. 62AM4PEC). HEK293 cells recombinantly expressing human BLT1 receptor, previously frozen in Recovery Medium (Life Technologies, Cat. No. 12648-010) were thawed and diluted into assay medium (HBSS (Hyclone SH 30268.01), 20 mM HEPES (Gibco 15630-106), 800 μM IBMX (Sigma I5879), 0.1% DTPA BSA (Perkin Elmer CR84-100)). The cell suspension was centrifuged at 200×g for 10 min and then resuspended in fresh assay medium to a density of 2.5×105 cells/mL. A Labcyte Echo 550 acoustic dispenser was used to transfer 25 nL of test compound dissolved in DMSO into the wells of a dry 384-well plate (Greiner 784075). All subsequent liquid additions were performed using a BIORAPTR (FRD; Beckman Coulter). Next, 5 μL of cell suspension was added and incubated for 20 min. at 37° C. and 5% CO2 in a humidified plastic tray. To test for agonist activity 51 μL of assay buffer containing forskolin (Sigma F-6886. 4 μM for BLT1) was added and incubated for 30 minutes at 37° C. and 5% CO2 in a humidified plastic tray. To test for antagonist activity 5 μL of assay buffer containing forskolin (Sigma F-6886. 4 μM for BLT1) and either LTB4 (Sigma Aldrich L0517; 2 nM BLT1) was added and incubated for 30 minutes at 37° C. and 5% CO2 in a humidified plastic tray.The levels of cAMP were detected using the CisBio kit following the manufacturer's instructions: cAMP-d2 vial was reconstituted with distilled water and then diluted accordingly with conjugate & lysis buffer. 5 μL of cAMP-d2 working solution was added to all of the wells of the assay plate. cAMP-Cryptate vial was reconstituted with distilled water and then diluted accordingly with conjugate & lysis buffer. 5 μL of cAMP-Cryptate working solution were added to the assay plate. The assay plate was shaken for 3 minutes and incubated at room temperature for 45 minutes, then read on Perkin Elmer Envision. cAMP standard curve and fit data were plotted using a 4 parameter dose response curve fitting algorithm to fit curve. A 4-parameter curve fit (Max, min, log EC50 and slope) was used to transform fluorescent 665 nm/615 nm ratio signal to cAMP concentration. After normalization to treated and untreated controls, the percent effect of signal at each compound concentration was calculated. The plot of percent effect versus the log of compound concentration was fit with a 4-parameter concentration response equation to calculate EC50 values. Compound concentrations tested were 10 000, 3 333, 1 111, 370.4, 123.4, 41.2, 13.7, 4.6, 1.5 and 0.5 nM with 0.25% residual DMSO.",CHEMBL5727202,Q15722,Leukotriene B4 receptor 1,EC50,CCn1nccc1C[C@@H]1COc2cc(-c3ccccc3C(=O)NS(=O)(=O)C(C)(C)C)ccc2[C@H]1O,5.934793871945688
CHEMBL5795871,CHEMBL3911,Leukotriene B4 receptor 1,EC50,=,37.0,nM,CHEMBL5734216,B,"BLT-1 cAMP Assay: The ability of compounds to antagonize the human BLT1 receptor was determined using a kit to measure changes in intracellular cyclic AMP levels (cAMP dynamic assay kit, Cisbio Cat. No. 62AM4PEC). HEK293 cells recombinantly expressing human BLT1 receptor, previously frozen in Recovery Medium (Life Technologies, Cat. No. 12648-010) were thawed and diluted into assay medium (HBSS (Hyclone SH 30268.01), 20 mM HEPES (Gibco 15630-106), 800 μM IBMX (Sigma I5879), 0.1% DTPA BSA (Perkin Elmer CR84-100)). The cell suspension was centrifuged at 200×g for 10 min and then resuspended in fresh assay medium to a density of 2.5×105 cells/mL. A Labcyte Echo 550 acoustic dispenser was used to transfer 25 nL of test compound dissolved in DMSO into the wells of a dry 384-well plate (Greiner 784075). All subsequent liquid additions were performed using a BIORAPTR (FRD; Beckman Coulter). Next, 5 μL of cell suspension was added and incubated for 20 min. at 37° C. and 5% CO2 in a humidified plastic tray. To test for agonist activity 51 μL of assay buffer containing forskolin (Sigma F-6886. 4 μM for BLT1) was added and incubated for 30 minutes at 37° C. and 5% CO2 in a humidified plastic tray. To test for antagonist activity 5 μL of assay buffer containing forskolin (Sigma F-6886. 4 μM for BLT1) and either LTB4 (Sigma Aldrich L0517; 2 nM BLT1) was added and incubated for 30 minutes at 37° C. and 5% CO2 in a humidified plastic tray.The levels of cAMP were detected using the CisBio kit following the manufacturer's instructions: cAMP-d2 vial was reconstituted with distilled water and then diluted accordingly with conjugate & lysis buffer. 5 μL of cAMP-d2 working solution was added to all of the wells of the assay plate. cAMP-Cryptate vial was reconstituted with distilled water and then diluted accordingly with conjugate & lysis buffer. 5 μL of cAMP-Cryptate working solution were added to the assay plate. The assay plate was shaken for 3 minutes and incubated at room temperature for 45 minutes, then read on Perkin Elmer Envision. cAMP standard curve and fit data were plotted using a 4 parameter dose response curve fitting algorithm to fit curve. A 4-parameter curve fit (Max, min, log EC50 and slope) was used to transform fluorescent 665 nm/615 nm ratio signal to cAMP concentration. After normalization to treated and untreated controls, the percent effect of signal at each compound concentration was calculated. The plot of percent effect versus the log of compound concentration was fit with a 4-parameter concentration response equation to calculate EC50 values. Compound concentrations tested were 10 000, 3 333, 1 111, 370.4, 123.4, 41.2, 13.7, 4.6, 1.5 and 0.5 nM with 0.25% residual DMSO.",CHEMBL5727202,Q15722,Leukotriene B4 receptor 1,EC50,O=C(NS(=O)(=O)C(F)(F)F)c1ccc(F)cc1-c1ccc2c(c1)OC[C@@H](Cc1ccc(-c3ccccc3)cc1)[C@H]2O,7.431798275933005
CHEMBL5784190,CHEMBL3911,Leukotriene B4 receptor 1,EC50,=,9.0,nM,CHEMBL5734216,B,"BLT-1 cAMP Assay: The ability of compounds to antagonize the human BLT1 receptor was determined using a kit to measure changes in intracellular cyclic AMP levels (cAMP dynamic assay kit, Cisbio Cat. No. 62AM4PEC). HEK293 cells recombinantly expressing human BLT1 receptor, previously frozen in Recovery Medium (Life Technologies, Cat. No. 12648-010) were thawed and diluted into assay medium (HBSS (Hyclone SH 30268.01), 20 mM HEPES (Gibco 15630-106), 800 μM IBMX (Sigma I5879), 0.1% DTPA BSA (Perkin Elmer CR84-100)). The cell suspension was centrifuged at 200×g for 10 min and then resuspended in fresh assay medium to a density of 2.5×105 cells/mL. A Labcyte Echo 550 acoustic dispenser was used to transfer 25 nL of test compound dissolved in DMSO into the wells of a dry 384-well plate (Greiner 784075). All subsequent liquid additions were performed using a BIORAPTR (FRD; Beckman Coulter). Next, 5 μL of cell suspension was added and incubated for 20 min. at 37° C. and 5% CO2 in a humidified plastic tray. To test for agonist activity 51 μL of assay buffer containing forskolin (Sigma F-6886. 4 μM for BLT1) was added and incubated for 30 minutes at 37° C. and 5% CO2 in a humidified plastic tray. To test for antagonist activity 5 μL of assay buffer containing forskolin (Sigma F-6886. 4 μM for BLT1) and either LTB4 (Sigma Aldrich L0517; 2 nM BLT1) was added and incubated for 30 minutes at 37° C. and 5% CO2 in a humidified plastic tray.The levels of cAMP were detected using the CisBio kit following the manufacturer's instructions: cAMP-d2 vial was reconstituted with distilled water and then diluted accordingly with conjugate & lysis buffer. 5 μL of cAMP-d2 working solution was added to all of the wells of the assay plate. cAMP-Cryptate vial was reconstituted with distilled water and then diluted accordingly with conjugate & lysis buffer. 5 μL of cAMP-Cryptate working solution were added to the assay plate. The assay plate was shaken for 3 minutes and incubated at room temperature for 45 minutes, then read on Perkin Elmer Envision. cAMP standard curve and fit data were plotted using a 4 parameter dose response curve fitting algorithm to fit curve. A 4-parameter curve fit (Max, min, log EC50 and slope) was used to transform fluorescent 665 nm/615 nm ratio signal to cAMP concentration. After normalization to treated and untreated controls, the percent effect of signal at each compound concentration was calculated. The plot of percent effect versus the log of compound concentration was fit with a 4-parameter concentration response equation to calculate EC50 values. Compound concentrations tested were 10 000, 3 333, 1 111, 370.4, 123.4, 41.2, 13.7, 4.6, 1.5 and 0.5 nM with 0.25% residual DMSO.",CHEMBL5727202,Q15722,Leukotriene B4 receptor 1,EC50,O=C(NS(=O)(=O)C(F)(F)F)c1ccc(F)cc1-c1ccc2c(c1)OC[C@@H](Cc1ccc(-c3ccccc3)cc1)[C@@H]2O,8.045757490560675
CHEMBL5784190,CHEMBL3911,Leukotriene B4 receptor 1,EC50,=,11.0,nM,CHEMBL5734216,B,"BLT-1 cAMP Assay: The ability of compounds to antagonize the human BLT1 receptor was determined using a kit to measure changes in intracellular cyclic AMP levels (cAMP dynamic assay kit, Cisbio Cat. No. 62AM4PEC). HEK293 cells recombinantly expressing human BLT1 receptor, previously frozen in Recovery Medium (Life Technologies, Cat. No. 12648-010) were thawed and diluted into assay medium (HBSS (Hyclone SH 30268.01), 20 mM HEPES (Gibco 15630-106), 800 μM IBMX (Sigma I5879), 0.1% DTPA BSA (Perkin Elmer CR84-100)). The cell suspension was centrifuged at 200×g for 10 min and then resuspended in fresh assay medium to a density of 2.5×105 cells/mL. A Labcyte Echo 550 acoustic dispenser was used to transfer 25 nL of test compound dissolved in DMSO into the wells of a dry 384-well plate (Greiner 784075). All subsequent liquid additions were performed using a BIORAPTR (FRD; Beckman Coulter). Next, 5 μL of cell suspension was added and incubated for 20 min. at 37° C. and 5% CO2 in a humidified plastic tray. To test for agonist activity 51 μL of assay buffer containing forskolin (Sigma F-6886. 4 μM for BLT1) was added and incubated for 30 minutes at 37° C. and 5% CO2 in a humidified plastic tray. To test for antagonist activity 5 μL of assay buffer containing forskolin (Sigma F-6886. 4 μM for BLT1) and either LTB4 (Sigma Aldrich L0517; 2 nM BLT1) was added and incubated for 30 minutes at 37° C. and 5% CO2 in a humidified plastic tray.The levels of cAMP were detected using the CisBio kit following the manufacturer's instructions: cAMP-d2 vial was reconstituted with distilled water and then diluted accordingly with conjugate & lysis buffer. 5 μL of cAMP-d2 working solution was added to all of the wells of the assay plate. cAMP-Cryptate vial was reconstituted with distilled water and then diluted accordingly with conjugate & lysis buffer. 5 μL of cAMP-Cryptate working solution were added to the assay plate. The assay plate was shaken for 3 minutes and incubated at room temperature for 45 minutes, then read on Perkin Elmer Envision. cAMP standard curve and fit data were plotted using a 4 parameter dose response curve fitting algorithm to fit curve. A 4-parameter curve fit (Max, min, log EC50 and slope) was used to transform fluorescent 665 nm/615 nm ratio signal to cAMP concentration. After normalization to treated and untreated controls, the percent effect of signal at each compound concentration was calculated. The plot of percent effect versus the log of compound concentration was fit with a 4-parameter concentration response equation to calculate EC50 values. Compound concentrations tested were 10 000, 3 333, 1 111, 370.4, 123.4, 41.2, 13.7, 4.6, 1.5 and 0.5 nM with 0.25% residual DMSO.",CHEMBL5727202,Q15722,Leukotriene B4 receptor 1,EC50,O=C(NS(=O)(=O)C(F)(F)F)c1ccc(F)cc1-c1ccc2c(c1)OC[C@@H](Cc1ccc(-c3ccccc3)cc1)[C@@H]2O,7.958607314841775
CHEMBL5786451,CHEMBL3911,Leukotriene B4 receptor 1,EC50,=,35.0,nM,CHEMBL5734216,B,"BLT-1 cAMP Assay: The ability of compounds to antagonize the human BLT1 receptor was determined using a kit to measure changes in intracellular cyclic AMP levels (cAMP dynamic assay kit, Cisbio Cat. No. 62AM4PEC). HEK293 cells recombinantly expressing human BLT1 receptor, previously frozen in Recovery Medium (Life Technologies, Cat. No. 12648-010) were thawed and diluted into assay medium (HBSS (Hyclone SH 30268.01), 20 mM HEPES (Gibco 15630-106), 800 μM IBMX (Sigma I5879), 0.1% DTPA BSA (Perkin Elmer CR84-100)). The cell suspension was centrifuged at 200×g for 10 min and then resuspended in fresh assay medium to a density of 2.5×105 cells/mL. A Labcyte Echo 550 acoustic dispenser was used to transfer 25 nL of test compound dissolved in DMSO into the wells of a dry 384-well plate (Greiner 784075). All subsequent liquid additions were performed using a BIORAPTR (FRD; Beckman Coulter). Next, 5 μL of cell suspension was added and incubated for 20 min. at 37° C. and 5% CO2 in a humidified plastic tray. To test for agonist activity 51 μL of assay buffer containing forskolin (Sigma F-6886. 4 μM for BLT1) was added and incubated for 30 minutes at 37° C. and 5% CO2 in a humidified plastic tray. To test for antagonist activity 5 μL of assay buffer containing forskolin (Sigma F-6886. 4 μM for BLT1) and either LTB4 (Sigma Aldrich L0517; 2 nM BLT1) was added and incubated for 30 minutes at 37° C. and 5% CO2 in a humidified plastic tray.The levels of cAMP were detected using the CisBio kit following the manufacturer's instructions: cAMP-d2 vial was reconstituted with distilled water and then diluted accordingly with conjugate & lysis buffer. 5 μL of cAMP-d2 working solution was added to all of the wells of the assay plate. cAMP-Cryptate vial was reconstituted with distilled water and then diluted accordingly with conjugate & lysis buffer. 5 μL of cAMP-Cryptate working solution were added to the assay plate. The assay plate was shaken for 3 minutes and incubated at room temperature for 45 minutes, then read on Perkin Elmer Envision. cAMP standard curve and fit data were plotted using a 4 parameter dose response curve fitting algorithm to fit curve. A 4-parameter curve fit (Max, min, log EC50 and slope) was used to transform fluorescent 665 nm/615 nm ratio signal to cAMP concentration. After normalization to treated and untreated controls, the percent effect of signal at each compound concentration was calculated. The plot of percent effect versus the log of compound concentration was fit with a 4-parameter concentration response equation to calculate EC50 values. Compound concentrations tested were 10 000, 3 333, 1 111, 370.4, 123.4, 41.2, 13.7, 4.6, 1.5 and 0.5 nM with 0.25% residual DMSO.",CHEMBL5727202,Q15722,Leukotriene B4 receptor 1,EC50,O=C(NS(=O)(=O)C(F)(F)F)c1ccc(F)cc1-c1ccc2c(c1)OC[C@H](Cc1ccc(-c3ccccc3)cc1)[C@H]2O,7.455931955649724
CHEMBL6043859,CHEMBL3911,Leukotriene B4 receptor 1,EC50,=,19.0,nM,CHEMBL5734216,B,"BLT-1 cAMP Assay: The ability of compounds to antagonize the human BLT1 receptor was determined using a kit to measure changes in intracellular cyclic AMP levels (cAMP dynamic assay kit, Cisbio Cat. No. 62AM4PEC). HEK293 cells recombinantly expressing human BLT1 receptor, previously frozen in Recovery Medium (Life Technologies, Cat. No. 12648-010) were thawed and diluted into assay medium (HBSS (Hyclone SH 30268.01), 20 mM HEPES (Gibco 15630-106), 800 μM IBMX (Sigma I5879), 0.1% DTPA BSA (Perkin Elmer CR84-100)). The cell suspension was centrifuged at 200×g for 10 min and then resuspended in fresh assay medium to a density of 2.5×105 cells/mL. A Labcyte Echo 550 acoustic dispenser was used to transfer 25 nL of test compound dissolved in DMSO into the wells of a dry 384-well plate (Greiner 784075). All subsequent liquid additions were performed using a BIORAPTR (FRD; Beckman Coulter). Next, 5 μL of cell suspension was added and incubated for 20 min. at 37° C. and 5% CO2 in a humidified plastic tray. To test for agonist activity 51 μL of assay buffer containing forskolin (Sigma F-6886. 4 μM for BLT1) was added and incubated for 30 minutes at 37° C. and 5% CO2 in a humidified plastic tray. To test for antagonist activity 5 μL of assay buffer containing forskolin (Sigma F-6886. 4 μM for BLT1) and either LTB4 (Sigma Aldrich L0517; 2 nM BLT1) was added and incubated for 30 minutes at 37° C. and 5% CO2 in a humidified plastic tray.The levels of cAMP were detected using the CisBio kit following the manufacturer's instructions: cAMP-d2 vial was reconstituted with distilled water and then diluted accordingly with conjugate & lysis buffer. 5 μL of cAMP-d2 working solution was added to all of the wells of the assay plate. cAMP-Cryptate vial was reconstituted with distilled water and then diluted accordingly with conjugate & lysis buffer. 5 μL of cAMP-Cryptate working solution were added to the assay plate. The assay plate was shaken for 3 minutes and incubated at room temperature for 45 minutes, then read on Perkin Elmer Envision. cAMP standard curve and fit data were plotted using a 4 parameter dose response curve fitting algorithm to fit curve. A 4-parameter curve fit (Max, min, log EC50 and slope) was used to transform fluorescent 665 nm/615 nm ratio signal to cAMP concentration. After normalization to treated and untreated controls, the percent effect of signal at each compound concentration was calculated. The plot of percent effect versus the log of compound concentration was fit with a 4-parameter concentration response equation to calculate EC50 values. Compound concentrations tested were 10 000, 3 333, 1 111, 370.4, 123.4, 41.2, 13.7, 4.6, 1.5 and 0.5 nM with 0.25% residual DMSO.",CHEMBL5727202,Q15722,Leukotriene B4 receptor 1,EC50,CC1(S(=O)(=O)NC(=O)c2ccccc2-c2ccc3c(c2)OC[C@H](Cc2coc(-c4ccccc4)n2)[C@H]3O)CC1,7.721246399047171
CHEMBL5814970,CHEMBL3911,Leukotriene B4 receptor 1,EC50,=,60.0,nM,CHEMBL5734216,B,"BLT-1 cAMP Assay: The ability of compounds to antagonize the human BLT1 receptor was determined using a kit to measure changes in intracellular cyclic AMP levels (cAMP dynamic assay kit, Cisbio Cat. No. 62AM4PEC). HEK293 cells recombinantly expressing human BLT1 receptor, previously frozen in Recovery Medium (Life Technologies, Cat. No. 12648-010) were thawed and diluted into assay medium (HBSS (Hyclone SH 30268.01), 20 mM HEPES (Gibco 15630-106), 800 μM IBMX (Sigma I5879), 0.1% DTPA BSA (Perkin Elmer CR84-100)). The cell suspension was centrifuged at 200×g for 10 min and then resuspended in fresh assay medium to a density of 2.5×105 cells/mL. A Labcyte Echo 550 acoustic dispenser was used to transfer 25 nL of test compound dissolved in DMSO into the wells of a dry 384-well plate (Greiner 784075). All subsequent liquid additions were performed using a BIORAPTR (FRD; Beckman Coulter). Next, 5 μL of cell suspension was added and incubated for 20 min. at 37° C. and 5% CO2 in a humidified plastic tray. To test for agonist activity 51 μL of assay buffer containing forskolin (Sigma F-6886. 4 μM for BLT1) was added and incubated for 30 minutes at 37° C. and 5% CO2 in a humidified plastic tray. To test for antagonist activity 5 μL of assay buffer containing forskolin (Sigma F-6886. 4 μM for BLT1) and either LTB4 (Sigma Aldrich L0517; 2 nM BLT1) was added and incubated for 30 minutes at 37° C. and 5% CO2 in a humidified plastic tray.The levels of cAMP were detected using the CisBio kit following the manufacturer's instructions: cAMP-d2 vial was reconstituted with distilled water and then diluted accordingly with conjugate & lysis buffer. 5 μL of cAMP-d2 working solution was added to all of the wells of the assay plate. cAMP-Cryptate vial was reconstituted with distilled water and then diluted accordingly with conjugate & lysis buffer. 5 μL of cAMP-Cryptate working solution were added to the assay plate. The assay plate was shaken for 3 minutes and incubated at room temperature for 45 minutes, then read on Perkin Elmer Envision. cAMP standard curve and fit data were plotted using a 4 parameter dose response curve fitting algorithm to fit curve. A 4-parameter curve fit (Max, min, log EC50 and slope) was used to transform fluorescent 665 nm/615 nm ratio signal to cAMP concentration. After normalization to treated and untreated controls, the percent effect of signal at each compound concentration was calculated. The plot of percent effect versus the log of compound concentration was fit with a 4-parameter concentration response equation to calculate EC50 values. Compound concentrations tested were 10 000, 3 333, 1 111, 370.4, 123.4, 41.2, 13.7, 4.6, 1.5 and 0.5 nM with 0.25% residual DMSO.",CHEMBL5727202,Q15722,Leukotriene B4 receptor 1,EC50,CC1(S(=O)(=O)NC(=O)c2ccccc2-c2ccc3c(c2)OC[C@@H](Cc2coc(-c4ccccc4)n2)[C@@H]3O)CC1,7.221848749616356
CHEMBL5855453,CHEMBL3911,Leukotriene B4 receptor 1,EC50,=,3.0,nM,CHEMBL5734216,B,"BLT-1 cAMP Assay: The ability of compounds to antagonize the human BLT1 receptor was determined using a kit to measure changes in intracellular cyclic AMP levels (cAMP dynamic assay kit, Cisbio Cat. No. 62AM4PEC). HEK293 cells recombinantly expressing human BLT1 receptor, previously frozen in Recovery Medium (Life Technologies, Cat. No. 12648-010) were thawed and diluted into assay medium (HBSS (Hyclone SH 30268.01), 20 mM HEPES (Gibco 15630-106), 800 μM IBMX (Sigma I5879), 0.1% DTPA BSA (Perkin Elmer CR84-100)). The cell suspension was centrifuged at 200×g for 10 min and then resuspended in fresh assay medium to a density of 2.5×105 cells/mL. A Labcyte Echo 550 acoustic dispenser was used to transfer 25 nL of test compound dissolved in DMSO into the wells of a dry 384-well plate (Greiner 784075). All subsequent liquid additions were performed using a BIORAPTR (FRD; Beckman Coulter). Next, 5 μL of cell suspension was added and incubated for 20 min. at 37° C. and 5% CO2 in a humidified plastic tray. To test for agonist activity 51 μL of assay buffer containing forskolin (Sigma F-6886. 4 μM for BLT1) was added and incubated for 30 minutes at 37° C. and 5% CO2 in a humidified plastic tray. To test for antagonist activity 5 μL of assay buffer containing forskolin (Sigma F-6886. 4 μM for BLT1) and either LTB4 (Sigma Aldrich L0517; 2 nM BLT1) was added and incubated for 30 minutes at 37° C. and 5% CO2 in a humidified plastic tray.The levels of cAMP were detected using the CisBio kit following the manufacturer's instructions: cAMP-d2 vial was reconstituted with distilled water and then diluted accordingly with conjugate & lysis buffer. 5 μL of cAMP-d2 working solution was added to all of the wells of the assay plate. cAMP-Cryptate vial was reconstituted with distilled water and then diluted accordingly with conjugate & lysis buffer. 5 μL of cAMP-Cryptate working solution were added to the assay plate. The assay plate was shaken for 3 minutes and incubated at room temperature for 45 minutes, then read on Perkin Elmer Envision. cAMP standard curve and fit data were plotted using a 4 parameter dose response curve fitting algorithm to fit curve. A 4-parameter curve fit (Max, min, log EC50 and slope) was used to transform fluorescent 665 nm/615 nm ratio signal to cAMP concentration. After normalization to treated and untreated controls, the percent effect of signal at each compound concentration was calculated. The plot of percent effect versus the log of compound concentration was fit with a 4-parameter concentration response equation to calculate EC50 values. Compound concentrations tested were 10 000, 3 333, 1 111, 370.4, 123.4, 41.2, 13.7, 4.6, 1.5 and 0.5 nM with 0.25% residual DMSO.",CHEMBL5727202,Q15722,Leukotriene B4 receptor 1,EC50,CC1(S(=O)(=O)NC(=O)c2ccccc2-c2ccc3c(c2)OC[C@@H](Cc2coc(-c4ccccc4)n2)[C@H]3O)CC1,8.522878745280337
CHEMBL6023951,CHEMBL3911,Leukotriene B4 receptor 1,EC50,=,15.0,nM,CHEMBL5734216,B,"BLT-1 cAMP Assay: The ability of compounds to antagonize the human BLT1 receptor was determined using a kit to measure changes in intracellular cyclic AMP levels (cAMP dynamic assay kit, Cisbio Cat. No. 62AM4PEC). HEK293 cells recombinantly expressing human BLT1 receptor, previously frozen in Recovery Medium (Life Technologies, Cat. No. 12648-010) were thawed and diluted into assay medium (HBSS (Hyclone SH 30268.01), 20 mM HEPES (Gibco 15630-106), 800 μM IBMX (Sigma I5879), 0.1% DTPA BSA (Perkin Elmer CR84-100)). The cell suspension was centrifuged at 200×g for 10 min and then resuspended in fresh assay medium to a density of 2.5×105 cells/mL. A Labcyte Echo 550 acoustic dispenser was used to transfer 25 nL of test compound dissolved in DMSO into the wells of a dry 384-well plate (Greiner 784075). All subsequent liquid additions were performed using a BIORAPTR (FRD; Beckman Coulter). Next, 5 μL of cell suspension was added and incubated for 20 min. at 37° C. and 5% CO2 in a humidified plastic tray. To test for agonist activity 51 μL of assay buffer containing forskolin (Sigma F-6886. 4 μM for BLT1) was added and incubated for 30 minutes at 37° C. and 5% CO2 in a humidified plastic tray. To test for antagonist activity 5 μL of assay buffer containing forskolin (Sigma F-6886. 4 μM for BLT1) and either LTB4 (Sigma Aldrich L0517; 2 nM BLT1) was added and incubated for 30 minutes at 37° C. and 5% CO2 in a humidified plastic tray.The levels of cAMP were detected using the CisBio kit following the manufacturer's instructions: cAMP-d2 vial was reconstituted with distilled water and then diluted accordingly with conjugate & lysis buffer. 5 μL of cAMP-d2 working solution was added to all of the wells of the assay plate. cAMP-Cryptate vial was reconstituted with distilled water and then diluted accordingly with conjugate & lysis buffer. 5 μL of cAMP-Cryptate working solution were added to the assay plate. The assay plate was shaken for 3 minutes and incubated at room temperature for 45 minutes, then read on Perkin Elmer Envision. cAMP standard curve and fit data were plotted using a 4 parameter dose response curve fitting algorithm to fit curve. A 4-parameter curve fit (Max, min, log EC50 and slope) was used to transform fluorescent 665 nm/615 nm ratio signal to cAMP concentration. After normalization to treated and untreated controls, the percent effect of signal at each compound concentration was calculated. The plot of percent effect versus the log of compound concentration was fit with a 4-parameter concentration response equation to calculate EC50 values. Compound concentrations tested were 10 000, 3 333, 1 111, 370.4, 123.4, 41.2, 13.7, 4.6, 1.5 and 0.5 nM with 0.25% residual DMSO.",CHEMBL5727202,Q15722,Leukotriene B4 receptor 1,EC50,CC(C)(C)S(=O)(=O)NC(=O)c1ccccc1-c1ccc2c(c1)OC[C@@H](Cc1coc(-c3ccccc3)n1)[C@@H]2O,7.823908740944319
CHEMBL6023951,CHEMBL3911,Leukotriene B4 receptor 1,EC50,=,75.0,nM,CHEMBL5734216,B,"BLT-1 cAMP Assay: The ability of compounds to antagonize the human BLT1 receptor was determined using a kit to measure changes in intracellular cyclic AMP levels (cAMP dynamic assay kit, Cisbio Cat. No. 62AM4PEC). HEK293 cells recombinantly expressing human BLT1 receptor, previously frozen in Recovery Medium (Life Technologies, Cat. No. 12648-010) were thawed and diluted into assay medium (HBSS (Hyclone SH 30268.01), 20 mM HEPES (Gibco 15630-106), 800 μM IBMX (Sigma I5879), 0.1% DTPA BSA (Perkin Elmer CR84-100)). The cell suspension was centrifuged at 200×g for 10 min and then resuspended in fresh assay medium to a density of 2.5×105 cells/mL. A Labcyte Echo 550 acoustic dispenser was used to transfer 25 nL of test compound dissolved in DMSO into the wells of a dry 384-well plate (Greiner 784075). All subsequent liquid additions were performed using a BIORAPTR (FRD; Beckman Coulter). Next, 5 μL of cell suspension was added and incubated for 20 min. at 37° C. and 5% CO2 in a humidified plastic tray. To test for agonist activity 51 μL of assay buffer containing forskolin (Sigma F-6886. 4 μM for BLT1) was added and incubated for 30 minutes at 37° C. and 5% CO2 in a humidified plastic tray. To test for antagonist activity 5 μL of assay buffer containing forskolin (Sigma F-6886. 4 μM for BLT1) and either LTB4 (Sigma Aldrich L0517; 2 nM BLT1) was added and incubated for 30 minutes at 37° C. and 5% CO2 in a humidified plastic tray.The levels of cAMP were detected using the CisBio kit following the manufacturer's instructions: cAMP-d2 vial was reconstituted with distilled water and then diluted accordingly with conjugate & lysis buffer. 5 μL of cAMP-d2 working solution was added to all of the wells of the assay plate. cAMP-Cryptate vial was reconstituted with distilled water and then diluted accordingly with conjugate & lysis buffer. 5 μL of cAMP-Cryptate working solution were added to the assay plate. The assay plate was shaken for 3 minutes and incubated at room temperature for 45 minutes, then read on Perkin Elmer Envision. cAMP standard curve and fit data were plotted using a 4 parameter dose response curve fitting algorithm to fit curve. A 4-parameter curve fit (Max, min, log EC50 and slope) was used to transform fluorescent 665 nm/615 nm ratio signal to cAMP concentration. After normalization to treated and untreated controls, the percent effect of signal at each compound concentration was calculated. The plot of percent effect versus the log of compound concentration was fit with a 4-parameter concentration response equation to calculate EC50 values. Compound concentrations tested were 10 000, 3 333, 1 111, 370.4, 123.4, 41.2, 13.7, 4.6, 1.5 and 0.5 nM with 0.25% residual DMSO.",CHEMBL5727202,Q15722,Leukotriene B4 receptor 1,EC50,CC(C)(C)S(=O)(=O)NC(=O)c1ccccc1-c1ccc2c(c1)OC[C@@H](Cc1coc(-c3ccccc3)n1)[C@@H]2O,7.1249387366083
CHEMBL5884501,CHEMBL3911,Leukotriene B4 receptor 1,EC50,=,5.0,nM,CHEMBL5734216,B,"BLT-1 cAMP Assay: The ability of compounds to antagonize the human BLT1 receptor was determined using a kit to measure changes in intracellular cyclic AMP levels (cAMP dynamic assay kit, Cisbio Cat. No. 62AM4PEC). HEK293 cells recombinantly expressing human BLT1 receptor, previously frozen in Recovery Medium (Life Technologies, Cat. No. 12648-010) were thawed and diluted into assay medium (HBSS (Hyclone SH 30268.01), 20 mM HEPES (Gibco 15630-106), 800 μM IBMX (Sigma I5879), 0.1% DTPA BSA (Perkin Elmer CR84-100)). The cell suspension was centrifuged at 200×g for 10 min and then resuspended in fresh assay medium to a density of 2.5×105 cells/mL. A Labcyte Echo 550 acoustic dispenser was used to transfer 25 nL of test compound dissolved in DMSO into the wells of a dry 384-well plate (Greiner 784075). All subsequent liquid additions were performed using a BIORAPTR (FRD; Beckman Coulter). Next, 5 μL of cell suspension was added and incubated for 20 min. at 37° C. and 5% CO2 in a humidified plastic tray. To test for agonist activity 51 μL of assay buffer containing forskolin (Sigma F-6886. 4 μM for BLT1) was added and incubated for 30 minutes at 37° C. and 5% CO2 in a humidified plastic tray. To test for antagonist activity 5 μL of assay buffer containing forskolin (Sigma F-6886. 4 μM for BLT1) and either LTB4 (Sigma Aldrich L0517; 2 nM BLT1) was added and incubated for 30 minutes at 37° C. and 5% CO2 in a humidified plastic tray.The levels of cAMP were detected using the CisBio kit following the manufacturer's instructions: cAMP-d2 vial was reconstituted with distilled water and then diluted accordingly with conjugate & lysis buffer. 5 μL of cAMP-d2 working solution was added to all of the wells of the assay plate. cAMP-Cryptate vial was reconstituted with distilled water and then diluted accordingly with conjugate & lysis buffer. 5 μL of cAMP-Cryptate working solution were added to the assay plate. The assay plate was shaken for 3 minutes and incubated at room temperature for 45 minutes, then read on Perkin Elmer Envision. cAMP standard curve and fit data were plotted using a 4 parameter dose response curve fitting algorithm to fit curve. A 4-parameter curve fit (Max, min, log EC50 and slope) was used to transform fluorescent 665 nm/615 nm ratio signal to cAMP concentration. After normalization to treated and untreated controls, the percent effect of signal at each compound concentration was calculated. The plot of percent effect versus the log of compound concentration was fit with a 4-parameter concentration response equation to calculate EC50 values. Compound concentrations tested were 10 000, 3 333, 1 111, 370.4, 123.4, 41.2, 13.7, 4.6, 1.5 and 0.5 nM with 0.25% residual DMSO.",CHEMBL5727202,Q15722,Leukotriene B4 receptor 1,EC50,CC(C)(C)S(=O)(=O)NC(=O)c1ccccc1-c1ccc2c(c1)OC[C@H](Cc1coc(-c3ccccc3)n1)[C@H]2O,8.301029995663981
CHEMBL5893231,CHEMBL3911,Leukotriene B4 receptor 1,EC50,=,154.0,nM,CHEMBL5734216,B,"BLT-1 cAMP Assay: The ability of compounds to antagonize the human BLT1 receptor was determined using a kit to measure changes in intracellular cyclic AMP levels (cAMP dynamic assay kit, Cisbio Cat. No. 62AM4PEC). HEK293 cells recombinantly expressing human BLT1 receptor, previously frozen in Recovery Medium (Life Technologies, Cat. No. 12648-010) were thawed and diluted into assay medium (HBSS (Hyclone SH 30268.01), 20 mM HEPES (Gibco 15630-106), 800 μM IBMX (Sigma I5879), 0.1% DTPA BSA (Perkin Elmer CR84-100)). The cell suspension was centrifuged at 200×g for 10 min and then resuspended in fresh assay medium to a density of 2.5×105 cells/mL. A Labcyte Echo 550 acoustic dispenser was used to transfer 25 nL of test compound dissolved in DMSO into the wells of a dry 384-well plate (Greiner 784075). All subsequent liquid additions were performed using a BIORAPTR (FRD; Beckman Coulter). Next, 5 μL of cell suspension was added and incubated for 20 min. at 37° C. and 5% CO2 in a humidified plastic tray. To test for agonist activity 51 μL of assay buffer containing forskolin (Sigma F-6886. 4 μM for BLT1) was added and incubated for 30 minutes at 37° C. and 5% CO2 in a humidified plastic tray. To test for antagonist activity 5 μL of assay buffer containing forskolin (Sigma F-6886. 4 μM for BLT1) and either LTB4 (Sigma Aldrich L0517; 2 nM BLT1) was added and incubated for 30 minutes at 37° C. and 5% CO2 in a humidified plastic tray.The levels of cAMP were detected using the CisBio kit following the manufacturer's instructions: cAMP-d2 vial was reconstituted with distilled water and then diluted accordingly with conjugate & lysis buffer. 5 μL of cAMP-d2 working solution was added to all of the wells of the assay plate. cAMP-Cryptate vial was reconstituted with distilled water and then diluted accordingly with conjugate & lysis buffer. 5 μL of cAMP-Cryptate working solution were added to the assay plate. The assay plate was shaken for 3 minutes and incubated at room temperature for 45 minutes, then read on Perkin Elmer Envision. cAMP standard curve and fit data were plotted using a 4 parameter dose response curve fitting algorithm to fit curve. A 4-parameter curve fit (Max, min, log EC50 and slope) was used to transform fluorescent 665 nm/615 nm ratio signal to cAMP concentration. After normalization to treated and untreated controls, the percent effect of signal at each compound concentration was calculated. The plot of percent effect versus the log of compound concentration was fit with a 4-parameter concentration response equation to calculate EC50 values. Compound concentrations tested were 10 000, 3 333, 1 111, 370.4, 123.4, 41.2, 13.7, 4.6, 1.5 and 0.5 nM with 0.25% residual DMSO.",CHEMBL5727202,Q15722,Leukotriene B4 receptor 1,EC50,C[C@@H](c1ccccn1)C1COc2cc(-c3ccccc3C(=O)NS(=O)(=O)C3(C)CC3)ccc2[C@H]1O,6.8124792791635365
CHEMBL5806293,CHEMBL3911,Leukotriene B4 receptor 1,EC50,=,67.0,nM,CHEMBL5734216,B,"BLT-1 cAMP Assay: The ability of compounds to antagonize the human BLT1 receptor was determined using a kit to measure changes in intracellular cyclic AMP levels (cAMP dynamic assay kit, Cisbio Cat. No. 62AM4PEC). HEK293 cells recombinantly expressing human BLT1 receptor, previously frozen in Recovery Medium (Life Technologies, Cat. No. 12648-010) were thawed and diluted into assay medium (HBSS (Hyclone SH 30268.01), 20 mM HEPES (Gibco 15630-106), 800 μM IBMX (Sigma I5879), 0.1% DTPA BSA (Perkin Elmer CR84-100)). The cell suspension was centrifuged at 200×g for 10 min and then resuspended in fresh assay medium to a density of 2.5×105 cells/mL. A Labcyte Echo 550 acoustic dispenser was used to transfer 25 nL of test compound dissolved in DMSO into the wells of a dry 384-well plate (Greiner 784075). All subsequent liquid additions were performed using a BIORAPTR (FRD; Beckman Coulter). Next, 5 μL of cell suspension was added and incubated for 20 min. at 37° C. and 5% CO2 in a humidified plastic tray. To test for agonist activity 51 μL of assay buffer containing forskolin (Sigma F-6886. 4 μM for BLT1) was added and incubated for 30 minutes at 37° C. and 5% CO2 in a humidified plastic tray. To test for antagonist activity 5 μL of assay buffer containing forskolin (Sigma F-6886. 4 μM for BLT1) and either LTB4 (Sigma Aldrich L0517; 2 nM BLT1) was added and incubated for 30 minutes at 37° C. and 5% CO2 in a humidified plastic tray.The levels of cAMP were detected using the CisBio kit following the manufacturer's instructions: cAMP-d2 vial was reconstituted with distilled water and then diluted accordingly with conjugate & lysis buffer. 5 μL of cAMP-d2 working solution was added to all of the wells of the assay plate. cAMP-Cryptate vial was reconstituted with distilled water and then diluted accordingly with conjugate & lysis buffer. 5 μL of cAMP-Cryptate working solution were added to the assay plate. The assay plate was shaken for 3 minutes and incubated at room temperature for 45 minutes, then read on Perkin Elmer Envision. cAMP standard curve and fit data were plotted using a 4 parameter dose response curve fitting algorithm to fit curve. A 4-parameter curve fit (Max, min, log EC50 and slope) was used to transform fluorescent 665 nm/615 nm ratio signal to cAMP concentration. After normalization to treated and untreated controls, the percent effect of signal at each compound concentration was calculated. The plot of percent effect versus the log of compound concentration was fit with a 4-parameter concentration response equation to calculate EC50 values. Compound concentrations tested were 10 000, 3 333, 1 111, 370.4, 123.4, 41.2, 13.7, 4.6, 1.5 and 0.5 nM with 0.25% residual DMSO.",CHEMBL5727202,Q15722,Leukotriene B4 receptor 1,EC50,C[C@H](c1ccccn1)C1COc2cc(-c3ccccc3C(=O)NS(=O)(=O)C3(C)CC3)ccc2[C@H]1O,7.173925197299173
CHEMBL5877624,CHEMBL3911,Leukotriene B4 receptor 1,EC50,=,6.0,nM,CHEMBL5734288,B,"cAMP Assay: The ability of compounds to antagonize the human BLT1 receptor was determined using a kit to measure changes in intracellular cyclic AMP levels (cAMP dynamic assay kit, Cisbio Cat. No. 62AM4PEC). HEK293 cells recombinantly expressing human BLT1 receptor, previously frozen in Recovery Medium (Life Technologies, Cat. No. 12648-010) were thawed and diluted into assay medium (HBSS (Hyclone SH 30268.01), 20 mM HEPES (Gibco 15630-106), 800 μM IBMX (Sigma 15879), 0.1% DTPA BSA (Perkin Elmer CR84-100)). The cell suspension was centrifuged at 200×g for 10 min and then resuspended in fresh assay medium to a density of 2.5×105 cells/mL. A Labcyte Echo 550 acoustic dispenser was used to transfer 25 nL of test compound dissolved in DMSO into the wells of a dry 384-well plate (Greiner 784075). All subsequent liquid additions were performed using a BIORAPTR (FRD; Beckman Coulter). Next, 5 μL of cell suspension was added and incubated for 20 min. at 37° C. and 5% CO2 in a humidified plastic tray. To test for agonist activity 5 μL of assay buffer containing forskolin (Sigma F-6886. 4 μM for BLT1) was added and incubated for 30 minutes at 37° C. and 5% CO2 in a humidified plastic tray. To test for antagonist activity 5 μL of assay buffer containing forskolin (Sigma F-6886. 4 μM for BLT1) and either LTB4 (Sigma Aldrich L0517; 2 nM BLT1) was added and incubated for 30 minutes at 37° C. and 5% CO2 in a humidified plastic tray.",CHEMBL5727245,Q15722,Leukotriene B4 receptor 1,EC50,CC1(S(=O)(=O)NC(=O)c2ccccc2-c2ccc3c(c2)OC[C@@H](Cc2ccc(-c4cncs4)cn2)[C@@H]3O)CC1,8.221848749616356
CHEMBL5935715,CHEMBL3911,Leukotriene B4 receptor 1,EC50,=,6.0,nM,CHEMBL5734288,B,"cAMP Assay: The ability of compounds to antagonize the human BLT1 receptor was determined using a kit to measure changes in intracellular cyclic AMP levels (cAMP dynamic assay kit, Cisbio Cat. No. 62AM4PEC). HEK293 cells recombinantly expressing human BLT1 receptor, previously frozen in Recovery Medium (Life Technologies, Cat. No. 12648-010) were thawed and diluted into assay medium (HBSS (Hyclone SH 30268.01), 20 mM HEPES (Gibco 15630-106), 800 μM IBMX (Sigma 15879), 0.1% DTPA BSA (Perkin Elmer CR84-100)). The cell suspension was centrifuged at 200×g for 10 min and then resuspended in fresh assay medium to a density of 2.5×105 cells/mL. A Labcyte Echo 550 acoustic dispenser was used to transfer 25 nL of test compound dissolved in DMSO into the wells of a dry 384-well plate (Greiner 784075). All subsequent liquid additions were performed using a BIORAPTR (FRD; Beckman Coulter). Next, 5 μL of cell suspension was added and incubated for 20 min. at 37° C. and 5% CO2 in a humidified plastic tray. To test for agonist activity 5 μL of assay buffer containing forskolin (Sigma F-6886. 4 μM for BLT1) was added and incubated for 30 minutes at 37° C. and 5% CO2 in a humidified plastic tray. To test for antagonist activity 5 μL of assay buffer containing forskolin (Sigma F-6886. 4 μM for BLT1) and either LTB4 (Sigma Aldrich L0517; 2 nM BLT1) was added and incubated for 30 minutes at 37° C. and 5% CO2 in a humidified plastic tray.",CHEMBL5727245,Q15722,Leukotriene B4 receptor 1,EC50,CC1(S(=O)(=O)NC(=O)c2ccccc2-c2ccc3c(c2)OC[C@H](Cc2ccc(-c4cncs4)cn2)[C@H]3O)CC1,8.221848749616356
CHEMBL5935715,CHEMBL3911,Leukotriene B4 receptor 1,EC50,=,78.0,nM,CHEMBL5734288,B,"cAMP Assay: The ability of compounds to antagonize the human BLT1 receptor was determined using a kit to measure changes in intracellular cyclic AMP levels (cAMP dynamic assay kit, Cisbio Cat. No. 62AM4PEC). HEK293 cells recombinantly expressing human BLT1 receptor, previously frozen in Recovery Medium (Life Technologies, Cat. No. 12648-010) were thawed and diluted into assay medium (HBSS (Hyclone SH 30268.01), 20 mM HEPES (Gibco 15630-106), 800 μM IBMX (Sigma 15879), 0.1% DTPA BSA (Perkin Elmer CR84-100)). The cell suspension was centrifuged at 200×g for 10 min and then resuspended in fresh assay medium to a density of 2.5×105 cells/mL. A Labcyte Echo 550 acoustic dispenser was used to transfer 25 nL of test compound dissolved in DMSO into the wells of a dry 384-well plate (Greiner 784075). All subsequent liquid additions were performed using a BIORAPTR (FRD; Beckman Coulter). Next, 5 μL of cell suspension was added and incubated for 20 min. at 37° C. and 5% CO2 in a humidified plastic tray. To test for agonist activity 5 μL of assay buffer containing forskolin (Sigma F-6886. 4 μM for BLT1) was added and incubated for 30 minutes at 37° C. and 5% CO2 in a humidified plastic tray. To test for antagonist activity 5 μL of assay buffer containing forskolin (Sigma F-6886. 4 μM for BLT1) and either LTB4 (Sigma Aldrich L0517; 2 nM BLT1) was added and incubated for 30 minutes at 37° C. and 5% CO2 in a humidified plastic tray.",CHEMBL5727245,Q15722,Leukotriene B4 receptor 1,EC50,CC1(S(=O)(=O)NC(=O)c2ccccc2-c2ccc3c(c2)OC[C@H](Cc2ccc(-c4cncs4)cn2)[C@H]3O)CC1,7.107905397309519
CHEMBL5865532,CHEMBL3911,Leukotriene B4 receptor 1,EC50,=,8.0,nM,CHEMBL5734288,B,"cAMP Assay: The ability of compounds to antagonize the human BLT1 receptor was determined using a kit to measure changes in intracellular cyclic AMP levels (cAMP dynamic assay kit, Cisbio Cat. No. 62AM4PEC). HEK293 cells recombinantly expressing human BLT1 receptor, previously frozen in Recovery Medium (Life Technologies, Cat. No. 12648-010) were thawed and diluted into assay medium (HBSS (Hyclone SH 30268.01), 20 mM HEPES (Gibco 15630-106), 800 μM IBMX (Sigma 15879), 0.1% DTPA BSA (Perkin Elmer CR84-100)). The cell suspension was centrifuged at 200×g for 10 min and then resuspended in fresh assay medium to a density of 2.5×105 cells/mL. A Labcyte Echo 550 acoustic dispenser was used to transfer 25 nL of test compound dissolved in DMSO into the wells of a dry 384-well plate (Greiner 784075). All subsequent liquid additions were performed using a BIORAPTR (FRD; Beckman Coulter). Next, 5 μL of cell suspension was added and incubated for 20 min. at 37° C. and 5% CO2 in a humidified plastic tray. To test for agonist activity 5 μL of assay buffer containing forskolin (Sigma F-6886. 4 μM for BLT1) was added and incubated for 30 minutes at 37° C. and 5% CO2 in a humidified plastic tray. To test for antagonist activity 5 μL of assay buffer containing forskolin (Sigma F-6886. 4 μM for BLT1) and either LTB4 (Sigma Aldrich L0517; 2 nM BLT1) was added and incubated for 30 minutes at 37° C. and 5% CO2 in a humidified plastic tray.",CHEMBL5727245,Q15722,Leukotriene B4 receptor 1,EC50,CC(C)(C)S(=O)(=O)NC(=O)c1ccccc1-c1ccc2c(c1)OC[C@H](Cc1ccc(-c3cncs3)cn1)[C@H]2O,8.096910013008056
CHEMBL5785717,CHEMBL3911,Leukotriene B4 receptor 1,EC50,=,5.0,nM,CHEMBL5734288,B,"cAMP Assay: The ability of compounds to antagonize the human BLT1 receptor was determined using a kit to measure changes in intracellular cyclic AMP levels (cAMP dynamic assay kit, Cisbio Cat. No. 62AM4PEC). HEK293 cells recombinantly expressing human BLT1 receptor, previously frozen in Recovery Medium (Life Technologies, Cat. No. 12648-010) were thawed and diluted into assay medium (HBSS (Hyclone SH 30268.01), 20 mM HEPES (Gibco 15630-106), 800 μM IBMX (Sigma 15879), 0.1% DTPA BSA (Perkin Elmer CR84-100)). The cell suspension was centrifuged at 200×g for 10 min and then resuspended in fresh assay medium to a density of 2.5×105 cells/mL. A Labcyte Echo 550 acoustic dispenser was used to transfer 25 nL of test compound dissolved in DMSO into the wells of a dry 384-well plate (Greiner 784075). All subsequent liquid additions were performed using a BIORAPTR (FRD; Beckman Coulter). Next, 5 μL of cell suspension was added and incubated for 20 min. at 37° C. and 5% CO2 in a humidified plastic tray. To test for agonist activity 5 μL of assay buffer containing forskolin (Sigma F-6886. 4 μM for BLT1) was added and incubated for 30 minutes at 37° C. and 5% CO2 in a humidified plastic tray. To test for antagonist activity 5 μL of assay buffer containing forskolin (Sigma F-6886. 4 μM for BLT1) and either LTB4 (Sigma Aldrich L0517; 2 nM BLT1) was added and incubated for 30 minutes at 37° C. and 5% CO2 in a humidified plastic tray.",CHEMBL5727245,Q15722,Leukotriene B4 receptor 1,EC50,CC(C)(C)S(=O)(=O)NC(=O)c1ccccc1-c1ccc2c(c1)OC[C@@H](Cc1ccc(-c3cncs3)cn1)[C@@H]2O,8.301029995663981
CHEMBL5865532,CHEMBL3911,Leukotriene B4 receptor 1,EC50,=,128.0,nM,CHEMBL5734288,B,"cAMP Assay: The ability of compounds to antagonize the human BLT1 receptor was determined using a kit to measure changes in intracellular cyclic AMP levels (cAMP dynamic assay kit, Cisbio Cat. No. 62AM4PEC). HEK293 cells recombinantly expressing human BLT1 receptor, previously frozen in Recovery Medium (Life Technologies, Cat. No. 12648-010) were thawed and diluted into assay medium (HBSS (Hyclone SH 30268.01), 20 mM HEPES (Gibco 15630-106), 800 μM IBMX (Sigma 15879), 0.1% DTPA BSA (Perkin Elmer CR84-100)). The cell suspension was centrifuged at 200×g for 10 min and then resuspended in fresh assay medium to a density of 2.5×105 cells/mL. A Labcyte Echo 550 acoustic dispenser was used to transfer 25 nL of test compound dissolved in DMSO into the wells of a dry 384-well plate (Greiner 784075). All subsequent liquid additions were performed using a BIORAPTR (FRD; Beckman Coulter). Next, 5 μL of cell suspension was added and incubated for 20 min. at 37° C. and 5% CO2 in a humidified plastic tray. To test for agonist activity 5 μL of assay buffer containing forskolin (Sigma F-6886. 4 μM for BLT1) was added and incubated for 30 minutes at 37° C. and 5% CO2 in a humidified plastic tray. To test for antagonist activity 5 μL of assay buffer containing forskolin (Sigma F-6886. 4 μM for BLT1) and either LTB4 (Sigma Aldrich L0517; 2 nM BLT1) was added and incubated for 30 minutes at 37° C. and 5% CO2 in a humidified plastic tray.",CHEMBL5727245,Q15722,Leukotriene B4 receptor 1,EC50,CC(C)(C)S(=O)(=O)NC(=O)c1ccccc1-c1ccc2c(c1)OC[C@H](Cc1ccc(-c3cncs3)cn1)[C@H]2O,6.892790030352131
CHEMBL5763654,CHEMBL3911,Leukotriene B4 receptor 1,EC50,=,5.0,nM,CHEMBL5734288,B,"cAMP Assay: The ability of compounds to antagonize the human BLT1 receptor was determined using a kit to measure changes in intracellular cyclic AMP levels (cAMP dynamic assay kit, Cisbio Cat. No. 62AM4PEC). HEK293 cells recombinantly expressing human BLT1 receptor, previously frozen in Recovery Medium (Life Technologies, Cat. No. 12648-010) were thawed and diluted into assay medium (HBSS (Hyclone SH 30268.01), 20 mM HEPES (Gibco 15630-106), 800 μM IBMX (Sigma 15879), 0.1% DTPA BSA (Perkin Elmer CR84-100)). The cell suspension was centrifuged at 200×g for 10 min and then resuspended in fresh assay medium to a density of 2.5×105 cells/mL. A Labcyte Echo 550 acoustic dispenser was used to transfer 25 nL of test compound dissolved in DMSO into the wells of a dry 384-well plate (Greiner 784075). All subsequent liquid additions were performed using a BIORAPTR (FRD; Beckman Coulter). Next, 5 μL of cell suspension was added and incubated for 20 min. at 37° C. and 5% CO2 in a humidified plastic tray. To test for agonist activity 5 μL of assay buffer containing forskolin (Sigma F-6886. 4 μM for BLT1) was added and incubated for 30 minutes at 37° C. and 5% CO2 in a humidified plastic tray. To test for antagonist activity 5 μL of assay buffer containing forskolin (Sigma F-6886. 4 μM for BLT1) and either LTB4 (Sigma Aldrich L0517; 2 nM BLT1) was added and incubated for 30 minutes at 37° C. and 5% CO2 in a humidified plastic tray.",CHEMBL5727245,Q15722,Leukotriene B4 receptor 1,EC50,Cc1ncc(-c2ccc(C[C@H]3COc4cc(-c5ccccc5C(=O)NS(=O)(=O)C(C)(C)C)ccc4[C@@H]3O)nc2)s1,8.301029995663981
CHEMBL5819760,CHEMBL3911,Leukotriene B4 receptor 1,EC50,=,12.0,nM,CHEMBL5734288,B,"cAMP Assay: The ability of compounds to antagonize the human BLT1 receptor was determined using a kit to measure changes in intracellular cyclic AMP levels (cAMP dynamic assay kit, Cisbio Cat. No. 62AM4PEC). HEK293 cells recombinantly expressing human BLT1 receptor, previously frozen in Recovery Medium (Life Technologies, Cat. No. 12648-010) were thawed and diluted into assay medium (HBSS (Hyclone SH 30268.01), 20 mM HEPES (Gibco 15630-106), 800 μM IBMX (Sigma 15879), 0.1% DTPA BSA (Perkin Elmer CR84-100)). The cell suspension was centrifuged at 200×g for 10 min and then resuspended in fresh assay medium to a density of 2.5×105 cells/mL. A Labcyte Echo 550 acoustic dispenser was used to transfer 25 nL of test compound dissolved in DMSO into the wells of a dry 384-well plate (Greiner 784075). All subsequent liquid additions were performed using a BIORAPTR (FRD; Beckman Coulter). Next, 5 μL of cell suspension was added and incubated for 20 min. at 37° C. and 5% CO2 in a humidified plastic tray. To test for agonist activity 5 μL of assay buffer containing forskolin (Sigma F-6886. 4 μM for BLT1) was added and incubated for 30 minutes at 37° C. and 5% CO2 in a humidified plastic tray. To test for antagonist activity 5 μL of assay buffer containing forskolin (Sigma F-6886. 4 μM for BLT1) and either LTB4 (Sigma Aldrich L0517; 2 nM BLT1) was added and incubated for 30 minutes at 37° C. and 5% CO2 in a humidified plastic tray.",CHEMBL5727245,Q15722,Leukotriene B4 receptor 1,EC50,O=C(NS(=O)(=O)C1CC1)c1ccccc1-c1ccc2c(c1)OC[C@H](Cc1ccc(-c3cncs3)cn1)[C@H]2O,7.920818753952375
CHEMBL5820535,CHEMBL3911,Leukotriene B4 receptor 1,EC50,=,9.0,nM,CHEMBL5734288,B,"cAMP Assay: The ability of compounds to antagonize the human BLT1 receptor was determined using a kit to measure changes in intracellular cyclic AMP levels (cAMP dynamic assay kit, Cisbio Cat. No. 62AM4PEC). HEK293 cells recombinantly expressing human BLT1 receptor, previously frozen in Recovery Medium (Life Technologies, Cat. No. 12648-010) were thawed and diluted into assay medium (HBSS (Hyclone SH 30268.01), 20 mM HEPES (Gibco 15630-106), 800 μM IBMX (Sigma 15879), 0.1% DTPA BSA (Perkin Elmer CR84-100)). The cell suspension was centrifuged at 200×g for 10 min and then resuspended in fresh assay medium to a density of 2.5×105 cells/mL. A Labcyte Echo 550 acoustic dispenser was used to transfer 25 nL of test compound dissolved in DMSO into the wells of a dry 384-well plate (Greiner 784075). All subsequent liquid additions were performed using a BIORAPTR (FRD; Beckman Coulter). Next, 5 μL of cell suspension was added and incubated for 20 min. at 37° C. and 5% CO2 in a humidified plastic tray. To test for agonist activity 5 μL of assay buffer containing forskolin (Sigma F-6886. 4 μM for BLT1) was added and incubated for 30 minutes at 37° C. and 5% CO2 in a humidified plastic tray. To test for antagonist activity 5 μL of assay buffer containing forskolin (Sigma F-6886. 4 μM for BLT1) and either LTB4 (Sigma Aldrich L0517; 2 nM BLT1) was added and incubated for 30 minutes at 37° C. and 5% CO2 in a humidified plastic tray.",CHEMBL5727245,Q15722,Leukotriene B4 receptor 1,EC50,Cc1ncc(-c2ccc(C[C@H]3COc4cc(-c5ccccc5C(=O)NS(=O)(=O)C5CC5)ccc4[C@@H]3O)nc2)s1,8.045757490560675
CHEMBL5820535,CHEMBL3911,Leukotriene B4 receptor 1,EC50,=,6.0,nM,CHEMBL5734288,B,"cAMP Assay: The ability of compounds to antagonize the human BLT1 receptor was determined using a kit to measure changes in intracellular cyclic AMP levels (cAMP dynamic assay kit, Cisbio Cat. No. 62AM4PEC). HEK293 cells recombinantly expressing human BLT1 receptor, previously frozen in Recovery Medium (Life Technologies, Cat. No. 12648-010) were thawed and diluted into assay medium (HBSS (Hyclone SH 30268.01), 20 mM HEPES (Gibco 15630-106), 800 μM IBMX (Sigma 15879), 0.1% DTPA BSA (Perkin Elmer CR84-100)). The cell suspension was centrifuged at 200×g for 10 min and then resuspended in fresh assay medium to a density of 2.5×105 cells/mL. A Labcyte Echo 550 acoustic dispenser was used to transfer 25 nL of test compound dissolved in DMSO into the wells of a dry 384-well plate (Greiner 784075). All subsequent liquid additions were performed using a BIORAPTR (FRD; Beckman Coulter). Next, 5 μL of cell suspension was added and incubated for 20 min. at 37° C. and 5% CO2 in a humidified plastic tray. To test for agonist activity 5 μL of assay buffer containing forskolin (Sigma F-6886. 4 μM for BLT1) was added and incubated for 30 minutes at 37° C. and 5% CO2 in a humidified plastic tray. To test for antagonist activity 5 μL of assay buffer containing forskolin (Sigma F-6886. 4 μM for BLT1) and either LTB4 (Sigma Aldrich L0517; 2 nM BLT1) was added and incubated for 30 minutes at 37° C. and 5% CO2 in a humidified plastic tray.",CHEMBL5727245,Q15722,Leukotriene B4 receptor 1,EC50,Cc1ncc(-c2ccc(C[C@H]3COc4cc(-c5ccccc5C(=O)NS(=O)(=O)C5CC5)ccc4[C@@H]3O)nc2)s1,8.221848749616356
CHEMBL5922060,CHEMBL3911,Leukotriene B4 receptor 1,EC50,=,391.0,nM,CHEMBL5734288,B,"cAMP Assay: The ability of compounds to antagonize the human BLT1 receptor was determined using a kit to measure changes in intracellular cyclic AMP levels (cAMP dynamic assay kit, Cisbio Cat. No. 62AM4PEC). HEK293 cells recombinantly expressing human BLT1 receptor, previously frozen in Recovery Medium (Life Technologies, Cat. No. 12648-010) were thawed and diluted into assay medium (HBSS (Hyclone SH 30268.01), 20 mM HEPES (Gibco 15630-106), 800 μM IBMX (Sigma 15879), 0.1% DTPA BSA (Perkin Elmer CR84-100)). The cell suspension was centrifuged at 200×g for 10 min and then resuspended in fresh assay medium to a density of 2.5×105 cells/mL. A Labcyte Echo 550 acoustic dispenser was used to transfer 25 nL of test compound dissolved in DMSO into the wells of a dry 384-well plate (Greiner 784075). All subsequent liquid additions were performed using a BIORAPTR (FRD; Beckman Coulter). Next, 5 μL of cell suspension was added and incubated for 20 min. at 37° C. and 5% CO2 in a humidified plastic tray. To test for agonist activity 5 μL of assay buffer containing forskolin (Sigma F-6886. 4 μM for BLT1) was added and incubated for 30 minutes at 37° C. and 5% CO2 in a humidified plastic tray. To test for antagonist activity 5 μL of assay buffer containing forskolin (Sigma F-6886. 4 μM for BLT1) and either LTB4 (Sigma Aldrich L0517; 2 nM BLT1) was added and incubated for 30 minutes at 37° C. and 5% CO2 in a humidified plastic tray.",CHEMBL5727245,Q15722,Leukotriene B4 receptor 1,EC50,Cc1ncc(-c2ccc(C[C@@H]3COc4cc(-c5ccccc5C(=O)NS(=O)(=O)C5CC5)ccc4[C@H]3O)nc2)s1,6.407823242604133
