molecule_chembl_id,target_chembl_id,target_pref_name,standard_type,standard_relation,standard_value,standard_units,assay_chembl_id,assay_type,assay_description,document_chembl_id,uniprot_id,target_pref_name,readout,smiles,pActivity
CHEMBL54256,CHEMBL2001,P2Y purinoceptor 12,IC50,=,1100.0,nM,CHEMBL766760,B,Ability to displace [3H]2-MeS-ADP from human Purinergic receptor P2Y12,CHEMBL1134134,Q9H244,P2Y purinoceptor 12,IC50,CS(=O)(=O)c1ccc2c(c1)SC1=NS(=O)(=O)C(C(=O)CS(=O)(=O)Nc3nc4ccc(S(C)(=O)=O)cc4s3)=C(O)N12,5.958607314841775
CHEMBL53599,CHEMBL2001,P2Y purinoceptor 12,IC50,=,800.0,nM,CHEMBL766760,B,Ability to displace [3H]2-MeS-ADP from human Purinergic receptor P2Y12,CHEMBL1134134,Q9H244,P2Y purinoceptor 12,IC50,COc1ccc2c(c1)SC1=NS(=O)(=O)C(C(=O)CS(=O)(=O)Nc3nc4ccc(OC)cc4s3)=C(O)N12,6.096910013008056
CHEMBL301805,CHEMBL2001,P2Y purinoceptor 12,IC50,=,77000.0,nM,CHEMBL766760,B,Ability to displace [3H]2-MeS-ADP from human Purinergic receptor P2Y12,CHEMBL1134134,Q9H244,P2Y purinoceptor 12,IC50,COc1cccc2c1N1C(O)=CS(=O)(=O)N=C1S2,4.113509274827518
CHEMBL299895,CHEMBL2001,P2Y purinoceptor 12,IC50,=,480.0,nM,CHEMBL766762,B,Binding affinity against Purinergic receptor P2Y12 using [3H]2-methylthio-ADP as radioligand,CHEMBL1144962,Q9H244,P2Y purinoceptor 12,IC50,CC(CC[C@@H](C)C1CC[C@H]2[C@@H]3C[C@H](OS(=O)(=O)[O-])[C@H]4C[C@H](OS(=O)(=O)[O-])[C@H](OS(=O)(=O)[O-])C[C@]4(C)[C@@]3(C)CC[C@]12C)C(C)(C)C.[Na+].[Na+].[Na+],6.318758762624412
CHEMBL540200,CHEMBL2001,P2Y purinoceptor 12,IC50,=,170.0,nM,CHEMBL766760,B,Ability to displace [3H]2-MeS-ADP from human Purinergic receptor P2Y12,CHEMBL1134134,Q9H244,P2Y purinoceptor 12,IC50,CCOc1ccc2c(c1)SC1=NS(=O)(=O)C(C(=O)CS(=O)(=O)Nc3nc4ccc(OCC)cc4s3)=C(O)N12,6.769551078621726
CHEMBL540200,CHEMBL2001,P2Y purinoceptor 12,IC50,=,40.0,nM,CHEMBL766761,B,Compound was evaluated for its ability to inhibit human Purinergic receptor P2Y12 expressed in Xenopus oocyte,CHEMBL1134134,Q9H244,P2Y purinoceptor 12,IC50,CCOc1ccc2c(c1)SC1=NS(=O)(=O)C(C(=O)CS(=O)(=O)Nc3nc4ccc(OCC)cc4s3)=C(O)N12,7.3979400086720375
CHEMBL301991,CHEMBL2001,P2Y purinoceptor 12,IC50,=,22000.0,nM,CHEMBL766760,B,Ability to displace [3H]2-MeS-ADP from human Purinergic receptor P2Y12,CHEMBL1134134,Q9H244,P2Y purinoceptor 12,IC50,Cc1ccc2c(c1)SC1=NS(=O)(=O)C(C(=O)CS(=O)(=O)Nc3nc4ccc(C)cc4s3)=C(O)N12,4.657577319177793
CHEMBL299983,CHEMBL2001,P2Y purinoceptor 12,IC50,=,35000.0,nM,CHEMBL766760,B,Ability to displace [3H]2-MeS-ADP from human Purinergic receptor P2Y12,CHEMBL1134134,Q9H244,P2Y purinoceptor 12,IC50,O=C1/C(=C(\O)CS(=O)(=O)Nc2nc3ccc(Cl)cc3s2)S(=O)(=O)N=C2Sc3cc(Cl)ccc3N12,4.455931955649724
CHEMBL53491,CHEMBL2001,P2Y purinoceptor 12,IC50,=,21000.0,nM,CHEMBL766760,B,Ability to displace [3H]2-MeS-ADP from human Purinergic receptor P2Y12,CHEMBL1134134,Q9H244,P2Y purinoceptor 12,IC50,O=C1/C(=C(\O)CS(=O)(=O)Nc2nc3ccccc3s2)S(=O)(=O)N=C2Sc3ccccc3N12,4.6777807052660805
CHEMBL50806,CHEMBL2001,P2Y purinoceptor 12,IC50,=,170.0,nM,CHEMBL766760,B,Ability to displace [3H]2-MeS-ADP from human Purinergic receptor P2Y12,CHEMBL1134134,Q9H244,P2Y purinoceptor 12,IC50,CCOc1ccc2nc(NC(=O)CS(=O)(=O)Nc3nc4ccc(OCC)cc4s3)sc2c1,6.769551078621726
CHEMBL299307,CHEMBL2001,P2Y purinoceptor 12,IC50,=,2200.0,nM,CHEMBL766762,B,Binding affinity against Purinergic receptor P2Y12 using [3H]2-methylthio-ADP as radioligand,CHEMBL1144962,Q9H244,P2Y purinoceptor 12,IC50,CC(C(O)C(O)[C@@H](C)C1CC[C@H]2[C@@H]3CC[C@H]4C[C@H](OS(=O)(=O)[O-])[C@H](OS(=O)(=O)[O-])C[C@]4(C)[C@@]3(C)CC[C@]12C)C(C)(C)C.[Na+].[Na+],5.657577319177793
CHEMBL50192,CHEMBL2001,P2Y purinoceptor 12,IC50,=,37000.0,nM,CHEMBL766760,B,Ability to displace [3H]2-MeS-ADP from human Purinergic receptor P2Y12,CHEMBL1134134,Q9H244,P2Y purinoceptor 12,IC50,O=C1/C(=C(\O)CS(=O)(=O)Nc2nc3ccc(F)cc3s2)S(=O)(=O)N=C2Sc3cc(F)ccc3N12,4.431798275933005
CHEMBL300750,CHEMBL2001,P2Y purinoceptor 12,IC50,=,35000.0,nM,CHEMBL766760,B,Ability to displace [3H]2-MeS-ADP from human Purinergic receptor P2Y12,CHEMBL1134134,Q9H244,P2Y purinoceptor 12,IC50,O=C1/C(=C(\O)CS(=O)(=O)Nc2nc3ccc([N+](=O)[O-])cc3s2)S(=O)(=O)N=C2Sc3cc([N+](=O)[O-])ccc3N12,4.455931955649724
CHEMBL300240,CHEMBL2001,P2Y purinoceptor 12,IC50,=,1800.0,nM,CHEMBL766760,B,Ability to displace [3H]2-MeS-ADP from human Purinergic receptor P2Y12,CHEMBL1134134,Q9H244,P2Y purinoceptor 12,IC50,CCOC(=O)c1ccc2c(c1)SC1=NS(=O)(=O)C(C(=O)CS(=O)(=O)Nc3nc4ccc(C(=O)OCC)cc4s3)=C(O)N12,5.7447274948966935
CHEMBL1782534,CHEMBL2001,P2Y purinoceptor 12,IC50,=,320.0,nM,CHEMBL1786558,B,Displacement of [125I]-AZ11931285 from human recombinant P2Y12 receptor expressed in platelet cell membrane after 1 hr by scintillation counting,CHEMBL1782056,Q9H244,P2Y purinoceptor 12,IC50,CCOC(=O)c1cc(C#N)c(N2CCN(C(=O)Nc3ccccc3)CC2)nc1C(F)(F)F,6.494850021680094
CHEMBL1782535,CHEMBL2001,P2Y purinoceptor 12,IC50,=,920.0,nM,CHEMBL1786558,B,Displacement of [125I]-AZ11931285 from human recombinant P2Y12 receptor expressed in platelet cell membrane after 1 hr by scintillation counting,CHEMBL1782056,Q9H244,P2Y purinoceptor 12,IC50,CCOC(=O)c1cnc(N2CCN(C(=O)Nc3ccccc3)CC2)c(C#N)c1,6.036212172654444
CHEMBL1782536,CHEMBL2001,P2Y purinoceptor 12,IC50,=,880.0,nM,CHEMBL1786558,B,Displacement of [125I]-AZ11931285 from human recombinant P2Y12 receptor expressed in platelet cell membrane after 1 hr by scintillation counting,CHEMBL1782056,Q9H244,P2Y purinoceptor 12,IC50,CCOC(=O)c1cnc(N2CCN(C(=O)Nc3ccccc3)CC2)c(Cl)c1,6.055517327849831
CHEMBL1782537,CHEMBL2001,P2Y purinoceptor 12,IC50,=,1800.0,nM,CHEMBL1786558,B,Displacement of [125I]-AZ11931285 from human recombinant P2Y12 receptor expressed in platelet cell membrane after 1 hr by scintillation counting,CHEMBL1782056,Q9H244,P2Y purinoceptor 12,IC50,CCOC(=O)c1cnc(N2CCN(C(=O)Nc3ccccc3)CC2)c(Br)c1,5.7447274948966935
CHEMBL1782538,CHEMBL2001,P2Y purinoceptor 12,IC50,=,4100.0,nM,CHEMBL1786558,B,Displacement of [125I]-AZ11931285 from human recombinant P2Y12 receptor expressed in platelet cell membrane after 1 hr by scintillation counting,CHEMBL1782056,Q9H244,P2Y purinoceptor 12,IC50,CCOC(=O)c1ccc(N2CCN(C(=O)Nc3ccccc3)CC2)nc1,5.3872161432802645
CHEMBL1782541,CHEMBL2001,P2Y purinoceptor 12,IC50,=,9800.0,nM,CHEMBL1786558,B,Displacement of [125I]-AZ11931285 from human recombinant P2Y12 receptor expressed in platelet cell membrane after 1 hr by scintillation counting,CHEMBL1782056,Q9H244,P2Y purinoceptor 12,IC50,COC(=O)c1cnc(N2CCN(C(=O)Nc3ccccc3)CC2)c(Cl)c1,5.008773924307505
CHEMBL1782542,CHEMBL2001,P2Y purinoceptor 12,IC50,=,2400.0,nM,CHEMBL1786558,B,Displacement of [125I]-AZ11931285 from human recombinant P2Y12 receptor expressed in platelet cell membrane after 1 hr by scintillation counting,CHEMBL1782056,Q9H244,P2Y purinoceptor 12,IC50,CC(C)OC(=O)c1cnc(N2CCN(C(=O)Nc3ccccc3)CC2)c(Cl)c1,5.619788758288394
CHEMBL1784184,CHEMBL2001,P2Y purinoceptor 12,IC50,=,9600.0,nM,CHEMBL1786558,B,Displacement of [125I]-AZ11931285 from human recombinant P2Y12 receptor expressed in platelet cell membrane after 1 hr by scintillation counting,CHEMBL1782056,Q9H244,P2Y purinoceptor 12,IC50,CCOC(=O)c1cnc(N2CCN(C(=O)N(C)c3ccccc3)CC2)c(Cl)c1,5.017728766960431
CHEMBL1784185,CHEMBL2001,P2Y purinoceptor 12,IC50,=,1800.0,nM,CHEMBL1786558,B,Displacement of [125I]-AZ11931285 from human recombinant P2Y12 receptor expressed in platelet cell membrane after 1 hr by scintillation counting,CHEMBL1782056,Q9H244,P2Y purinoceptor 12,IC50,CCOC(=O)c1cc(C#N)c(N2CCN(C(=O)Nc3ccccc3Cl)CC2)nc1C(F)(F)F,5.7447274948966935
CHEMBL1784186,CHEMBL2001,P2Y purinoceptor 12,IC50,=,2300.0,nM,CHEMBL1786558,B,Displacement of [125I]-AZ11931285 from human recombinant P2Y12 receptor expressed in platelet cell membrane after 1 hr by scintillation counting,CHEMBL1782056,Q9H244,P2Y purinoceptor 12,IC50,CCOC(=O)c1cc(C#N)c(N2CCN(C(=O)Nc3ccccc3C)CC2)nc1C(F)(F)F,5.638272163982407
CHEMBL1784187,CHEMBL2001,P2Y purinoceptor 12,IC50,=,1900.0,nM,CHEMBL1786558,B,Displacement of [125I]-AZ11931285 from human recombinant P2Y12 receptor expressed in platelet cell membrane after 1 hr by scintillation counting,CHEMBL1782056,Q9H244,P2Y purinoceptor 12,IC50,CCOC(=O)c1cc(C#N)c(N2CCN(C(=O)Nc3ccccc3C(C)C)CC2)nc1C(F)(F)F,5.721246399047171
CHEMBL1784188,CHEMBL2001,P2Y purinoceptor 12,IC50,=,1700.0,nM,CHEMBL1786558,B,Displacement of [125I]-AZ11931285 from human recombinant P2Y12 receptor expressed in platelet cell membrane after 1 hr by scintillation counting,CHEMBL1782056,Q9H244,P2Y purinoceptor 12,IC50,CCOC(=O)c1cc(C#N)c(N2CCN(C(=O)Nc3ccccc3OC)CC2)nc1C(F)(F)F,5.769551078621726
CHEMBL1784189,CHEMBL2001,P2Y purinoceptor 12,IC50,=,490.0,nM,CHEMBL1786558,B,Displacement of [125I]-AZ11931285 from human recombinant P2Y12 receptor expressed in platelet cell membrane after 1 hr by scintillation counting,CHEMBL1782056,Q9H244,P2Y purinoceptor 12,IC50,CCOC(=O)c1cc(C#N)c(N2CCN(C(=O)Nc3cccc(Cl)c3)CC2)nc1C(F)(F)F,6.309803919971486
CHEMBL1784190,CHEMBL2001,P2Y purinoceptor 12,IC50,=,210.0,nM,CHEMBL1786558,B,Displacement of [125I]-AZ11931285 from human recombinant P2Y12 receptor expressed in platelet cell membrane after 1 hr by scintillation counting,CHEMBL1782056,Q9H244,P2Y purinoceptor 12,IC50,CCOC(=O)c1cc(C#N)c(N2CCN(C(=O)Nc3cccc(C)c3)CC2)nc1C(F)(F)F,6.6777807052660805
CHEMBL1784191,CHEMBL2001,P2Y purinoceptor 12,IC50,=,1800.0,nM,CHEMBL1786558,B,Displacement of [125I]-AZ11931285 from human recombinant P2Y12 receptor expressed in platelet cell membrane after 1 hr by scintillation counting,CHEMBL1782056,Q9H244,P2Y purinoceptor 12,IC50,CCOC(=O)c1cc(C#N)c(N2CCN(C(=O)Nc3cccc(C#N)c3)CC2)nc1C(F)(F)F,5.7447274948966935
CHEMBL1784192,CHEMBL2001,P2Y purinoceptor 12,IC50,=,770.0,nM,CHEMBL1786558,B,Displacement of [125I]-AZ11931285 from human recombinant P2Y12 receptor expressed in platelet cell membrane after 1 hr by scintillation counting,CHEMBL1782056,Q9H244,P2Y purinoceptor 12,IC50,CCOC(=O)c1cc(C#N)c(N2CCN(C(=O)Nc3cccc(OC)c3)CC2)nc1C(F)(F)F,6.113509274827518
CHEMBL1784193,CHEMBL2001,P2Y purinoceptor 12,IC50,=,310.0,nM,CHEMBL1786558,B,Displacement of [125I]-AZ11931285 from human recombinant P2Y12 receptor expressed in platelet cell membrane after 1 hr by scintillation counting,CHEMBL1782056,Q9H244,P2Y purinoceptor 12,IC50,CCOC(=O)c1cc(C#N)c(N2CCN(C(=O)Nc3ccc(Cl)cc3)CC2)nc1C(F)(F)F,6.508638306165727
CHEMBL1784194,CHEMBL2001,P2Y purinoceptor 12,IC50,=,1100.0,nM,CHEMBL1786558,B,Displacement of [125I]-AZ11931285 from human recombinant P2Y12 receptor expressed in platelet cell membrane after 1 hr by scintillation counting,CHEMBL1782056,Q9H244,P2Y purinoceptor 12,IC50,CCOC(=O)c1cc(C#N)c(N2CCN(C(=O)Nc3ccc(C)cc3)CC2)nc1C(F)(F)F,5.958607314841775
CHEMBL1784178,CHEMBL2001,P2Y purinoceptor 12,IC50,=,2700.0,nM,CHEMBL1786558,B,Displacement of [125I]-AZ11931285 from human recombinant P2Y12 receptor expressed in platelet cell membrane after 1 hr by scintillation counting,CHEMBL1782056,Q9H244,P2Y purinoceptor 12,IC50,CCOC(=O)c1cc(C#N)c(N2CCN(C(=O)Nc3ccc(C(C)C)cc3)CC2)nc1C(F)(F)F,5.568636235841012
CHEMBL1784195,CHEMBL2001,P2Y purinoceptor 12,IC50,=,6800.0,nM,CHEMBL1786558,B,Displacement of [125I]-AZ11931285 from human recombinant P2Y12 receptor expressed in platelet cell membrane after 1 hr by scintillation counting,CHEMBL1782056,Q9H244,P2Y purinoceptor 12,IC50,CCOC(=O)c1cc(C#N)c(N2CCN(C(=O)Nc3ccc(C#N)cc3)CC2)nc1C(F)(F)F,5.167491087293763
CHEMBL1784196,CHEMBL2001,P2Y purinoceptor 12,IC50,=,2300.0,nM,CHEMBL1786558,B,Displacement of [125I]-AZ11931285 from human recombinant P2Y12 receptor expressed in platelet cell membrane after 1 hr by scintillation counting,CHEMBL1782056,Q9H244,P2Y purinoceptor 12,IC50,CCOC(=O)c1cc(C#N)c(N2CCN(C(=O)Nc3ccc(F)c(F)c3)CC2)nc1C(F)(F)F,5.638272163982407
CHEMBL1784197,CHEMBL2001,P2Y purinoceptor 12,IC50,=,190.0,nM,CHEMBL1786558,B,Displacement of [125I]-AZ11931285 from human recombinant P2Y12 receptor expressed in platelet cell membrane after 1 hr by scintillation counting,CHEMBL1782056,Q9H244,P2Y purinoceptor 12,IC50,CCOC(=O)c1cc(C#N)c(N2CCN(C(=O)Nc3ccc(Cl)c(Cl)c3)CC2)nc1C(F)(F)F,6.721246399047171
CHEMBL1784198,CHEMBL2001,P2Y purinoceptor 12,IC50,=,190.0,nM,CHEMBL1786558,B,Displacement of [125I]-AZ11931285 from human recombinant P2Y12 receptor expressed in platelet cell membrane after 1 hr by scintillation counting,CHEMBL1782056,Q9H244,P2Y purinoceptor 12,IC50,CCOC(=O)c1cc(C#N)c(N2CCN(C(=O)Nc3ccc4ccccc4c3)CC2)nc1C(F)(F)F,6.721246399047171
CHEMBL1784199,CHEMBL2001,P2Y purinoceptor 12,IC50,=,3100.0,nM,CHEMBL1786558,B,Displacement of [125I]-AZ11931285 from human recombinant P2Y12 receptor expressed in platelet cell membrane after 1 hr by scintillation counting,CHEMBL1782056,Q9H244,P2Y purinoceptor 12,IC50,CCOC(=O)c1cc(C#N)c(N2CCN(C(=O)NCCc3ccccc3)CC2)nc1C(F)(F)F,5.508638306165727
CHEMBL1784200,CHEMBL2001,P2Y purinoceptor 12,IC50,=,2700.0,nM,CHEMBL1786558,B,Displacement of [125I]-AZ11931285 from human recombinant P2Y12 receptor expressed in platelet cell membrane after 1 hr by scintillation counting,CHEMBL1782056,Q9H244,P2Y purinoceptor 12,IC50,CCOC(=O)c1cnc(N2CCN(C(=O)Nc3ccccc3Cl)CC2)c(Cl)c1,5.568636235841012
CHEMBL1784201,CHEMBL2001,P2Y purinoceptor 12,IC50,=,1400.0,nM,CHEMBL1786558,B,Displacement of [125I]-AZ11931285 from human recombinant P2Y12 receptor expressed in platelet cell membrane after 1 hr by scintillation counting,CHEMBL1782056,Q9H244,P2Y purinoceptor 12,IC50,CCOC(=O)c1cnc(N2CCN(C(=O)Nc3ccccc3C)CC2)c(Cl)c1,5.853871964321762
CHEMBL1784202,CHEMBL2001,P2Y purinoceptor 12,IC50,=,1400.0,nM,CHEMBL1786558,B,Displacement of [125I]-AZ11931285 from human recombinant P2Y12 receptor expressed in platelet cell membrane after 1 hr by scintillation counting,CHEMBL1782056,Q9H244,P2Y purinoceptor 12,IC50,CCOC(=O)c1cnc(N2CCN(C(=O)Nc3ccccc3C(C)C)CC2)c(Cl)c1,5.853871964321762
CHEMBL1784203,CHEMBL2001,P2Y purinoceptor 12,IC50,=,3200.0,nM,CHEMBL1786558,B,Displacement of [125I]-AZ11931285 from human recombinant P2Y12 receptor expressed in platelet cell membrane after 1 hr by scintillation counting,CHEMBL1782056,Q9H244,P2Y purinoceptor 12,IC50,CCOC(=O)c1cnc(N2CCN(C(=O)Nc3ccccc3OC)CC2)c(Cl)c1,5.494850021680094
CHEMBL1784204,CHEMBL2001,P2Y purinoceptor 12,IC50,=,170.0,nM,CHEMBL1786558,B,Displacement of [125I]-AZ11931285 from human recombinant P2Y12 receptor expressed in platelet cell membrane after 1 hr by scintillation counting,CHEMBL1782056,Q9H244,P2Y purinoceptor 12,IC50,CCOC(=O)c1cnc(N2CCN(C(=O)Nc3cccc(Cl)c3)CC2)c(Cl)c1,6.769551078621726
CHEMBL1784205,CHEMBL2001,P2Y purinoceptor 12,IC50,=,240.0,nM,CHEMBL1786558,B,Displacement of [125I]-AZ11931285 from human recombinant P2Y12 receptor expressed in platelet cell membrane after 1 hr by scintillation counting,CHEMBL1782056,Q9H244,P2Y purinoceptor 12,IC50,CCOC(=O)c1cnc(N2CCN(C(=O)Nc3cccc(C)c3)CC2)c(Cl)c1,6.619788758288394
CHEMBL1784206,CHEMBL2001,P2Y purinoceptor 12,IC50,=,1700.0,nM,CHEMBL1786558,B,Displacement of [125I]-AZ11931285 from human recombinant P2Y12 receptor expressed in platelet cell membrane after 1 hr by scintillation counting,CHEMBL1782056,Q9H244,P2Y purinoceptor 12,IC50,CCOC(=O)c1cnc(N2CCN(C(=O)Nc3cccc(OC)c3)CC2)c(Cl)c1,5.769551078621726
CHEMBL1784207,CHEMBL2001,P2Y purinoceptor 12,IC50,=,600.0,nM,CHEMBL1786558,B,Displacement of [125I]-AZ11931285 from human recombinant P2Y12 receptor expressed in platelet cell membrane after 1 hr by scintillation counting,CHEMBL1782056,Q9H244,P2Y purinoceptor 12,IC50,CCOC(=O)c1cnc(N2CCN(C(=O)Nc3ccc(Cl)cc3)CC2)c(Cl)c1,6.221848749616356
CHEMBL1784208,CHEMBL2001,P2Y purinoceptor 12,IC50,=,600.0,nM,CHEMBL1786558,B,Displacement of [125I]-AZ11931285 from human recombinant P2Y12 receptor expressed in platelet cell membrane after 1 hr by scintillation counting,CHEMBL1782056,Q9H244,P2Y purinoceptor 12,IC50,CCOC(=O)c1cnc(N2CCN(C(=O)Nc3ccc(C)cc3)CC2)c(Cl)c1,6.221848749616356
CHEMBL1784209,CHEMBL2001,P2Y purinoceptor 12,IC50,=,6600.0,nM,CHEMBL1786558,B,Displacement of [125I]-AZ11931285 from human recombinant P2Y12 receptor expressed in platelet cell membrane after 1 hr by scintillation counting,CHEMBL1782056,Q9H244,P2Y purinoceptor 12,IC50,CCOC(=O)c1cnc(N2CCN(C(=O)Nc3ccc(C(C)C)cc3)CC2)c(Cl)c1,5.180456064458131
CHEMBL1784210,CHEMBL2001,P2Y purinoceptor 12,IC50,=,5400.0,nM,CHEMBL1786558,B,Displacement of [125I]-AZ11931285 from human recombinant P2Y12 receptor expressed in platelet cell membrane after 1 hr by scintillation counting,CHEMBL1782056,Q9H244,P2Y purinoceptor 12,IC50,CCOC(=O)c1cnc(N2CCN(C(=O)Nc3ccc(F)c(F)c3)CC2)c(Cl)c1,5.267606240177031
CHEMBL1784211,CHEMBL2001,P2Y purinoceptor 12,IC50,=,1200.0,nM,CHEMBL1786558,B,Displacement of [125I]-AZ11931285 from human recombinant P2Y12 receptor expressed in platelet cell membrane after 1 hr by scintillation counting,CHEMBL1782056,Q9H244,P2Y purinoceptor 12,IC50,CCOC(=O)c1cnc(N2CCN(C(=O)Nc3ccc(Cl)c(Cl)c3)CC2)c(Cl)c1,5.920818753952375
CHEMBL1784212,CHEMBL2001,P2Y purinoceptor 12,IC50,=,110.0,nM,CHEMBL1786558,B,Displacement of [125I]-AZ11931285 from human recombinant P2Y12 receptor expressed in platelet cell membrane after 1 hr by scintillation counting,CHEMBL1782056,Q9H244,P2Y purinoceptor 12,IC50,CCOC(=O)c1cnc(N2CCN(C(=O)Nc3cccc4ccccc34)CC2)c(Cl)c1,6.958607314841775
CHEMBL1784213,CHEMBL2001,P2Y purinoceptor 12,IC50,=,380.0,nM,CHEMBL1786558,B,Displacement of [125I]-AZ11931285 from human recombinant P2Y12 receptor expressed in platelet cell membrane after 1 hr by scintillation counting,CHEMBL1782056,Q9H244,P2Y purinoceptor 12,IC50,CCOC(=O)c1cnc(N2CCN(C(=O)Nc3ccc4ccccc4c3)CC2)c(Cl)c1,6.42021640338319
CHEMBL1784214,CHEMBL2001,P2Y purinoceptor 12,IC50,=,5700.0,nM,CHEMBL1786558,B,Displacement of [125I]-AZ11931285 from human recombinant P2Y12 receptor expressed in platelet cell membrane after 1 hr by scintillation counting,CHEMBL1782056,Q9H244,P2Y purinoceptor 12,IC50,CCOC(=O)c1cnc(N2CCN(C(=O)NCCc3ccccc3)CC2)c(Cl)c1,5.2441251443275085
CHEMBL1784215,CHEMBL2001,P2Y purinoceptor 12,IC50,=,580.0,nM,CHEMBL1786558,B,Displacement of [125I]-AZ11931285 from human recombinant P2Y12 receptor expressed in platelet cell membrane after 1 hr by scintillation counting,CHEMBL1782056,Q9H244,P2Y purinoceptor 12,IC50,CCOC(=O)c1cc(C#N)c(N2CCN(C(=O)NCc3ccccc3)CC2)nc1C(F)(F)F,6.236572006437063
CHEMBL1784216,CHEMBL2001,P2Y purinoceptor 12,IC50,=,500.0,nM,CHEMBL1786558,B,Displacement of [125I]-AZ11931285 from human recombinant P2Y12 receptor expressed in platelet cell membrane after 1 hr by scintillation counting,CHEMBL1782056,Q9H244,P2Y purinoceptor 12,IC50,CCOC(=O)c1cc(C#N)c(N2CCN(C(=O)NCc3ccccc3Cl)CC2)nc1C(F)(F)F,6.301029995663981
CHEMBL1784217,CHEMBL2001,P2Y purinoceptor 12,IC50,=,510.0,nM,CHEMBL1786558,B,Displacement of [125I]-AZ11931285 from human recombinant P2Y12 receptor expressed in platelet cell membrane after 1 hr by scintillation counting,CHEMBL1782056,Q9H244,P2Y purinoceptor 12,IC50,CCOC(=O)c1cc(C#N)c(N2CCN(C(=O)NCc3ccccc3C)CC2)nc1C(F)(F)F,6.292429823902063
CHEMBL1784218,CHEMBL2001,P2Y purinoceptor 12,IC50,=,820.0,nM,CHEMBL1786558,B,Displacement of [125I]-AZ11931285 from human recombinant P2Y12 receptor expressed in platelet cell membrane after 1 hr by scintillation counting,CHEMBL1782056,Q9H244,P2Y purinoceptor 12,IC50,CCOC(=O)c1cc(C#N)c(N2CCN(C(=O)NCc3cccc(F)c3)CC2)nc1C(F)(F)F,6.086186147616283
CHEMBL1784219,CHEMBL2001,P2Y purinoceptor 12,IC50,=,750.0,nM,CHEMBL1786558,B,Displacement of [125I]-AZ11931285 from human recombinant P2Y12 receptor expressed in platelet cell membrane after 1 hr by scintillation counting,CHEMBL1782056,Q9H244,P2Y purinoceptor 12,IC50,CCOC(=O)c1cc(C#N)c(N2CCN(C(=O)NCc3cccc(C)c3)CC2)nc1C(F)(F)F,6.1249387366083
CHEMBL1784220,CHEMBL2001,P2Y purinoceptor 12,IC50,=,470.0,nM,CHEMBL1786558,B,Displacement of [125I]-AZ11931285 from human recombinant P2Y12 receptor expressed in platelet cell membrane after 1 hr by scintillation counting,CHEMBL1782056,Q9H244,P2Y purinoceptor 12,IC50,CCOC(=O)c1cc(C#N)c(N2CCN(C(=O)NCc3ccc(F)cc3)CC2)nc1C(F)(F)F,6.327902142064282
CHEMBL1784221,CHEMBL2001,P2Y purinoceptor 12,IC50,=,320.0,nM,CHEMBL1786558,B,Displacement of [125I]-AZ11931285 from human recombinant P2Y12 receptor expressed in platelet cell membrane after 1 hr by scintillation counting,CHEMBL1782056,Q9H244,P2Y purinoceptor 12,IC50,CCOC(=O)c1cc(C#N)c(N2CCN(C(=O)NCc3ccc(C)cc3)CC2)nc1C(F)(F)F,6.494850021680094
CHEMBL1784222,CHEMBL2001,P2Y purinoceptor 12,IC50,=,430.0,nM,CHEMBL1786558,B,Displacement of [125I]-AZ11931285 from human recombinant P2Y12 receptor expressed in platelet cell membrane after 1 hr by scintillation counting,CHEMBL1782056,Q9H244,P2Y purinoceptor 12,IC50,CCOC(=O)c1cc(C#N)c(N2CCN(C(=O)NCc3ccc(OC)cc3)CC2)nc1C(F)(F)F,6.366531544420413
CHEMBL1784223,CHEMBL2001,P2Y purinoceptor 12,IC50,=,480.0,nM,CHEMBL1786558,B,Displacement of [125I]-AZ11931285 from human recombinant P2Y12 receptor expressed in platelet cell membrane after 1 hr by scintillation counting,CHEMBL1782056,Q9H244,P2Y purinoceptor 12,IC50,CCOC(=O)c1cc(C#N)c(N2CCN(C(=O)NCc3ccc(Cl)c(Cl)c3)CC2)nc1C(F)(F)F,6.318758762624412
CHEMBL1784224,CHEMBL2001,P2Y purinoceptor 12,IC50,=,330.0,nM,CHEMBL1786558,B,Displacement of [125I]-AZ11931285 from human recombinant P2Y12 receptor expressed in platelet cell membrane after 1 hr by scintillation counting,CHEMBL1782056,Q9H244,P2Y purinoceptor 12,IC50,CCOC(=O)c1cc(C#N)c(N2CCN(C(=O)N[C@@H](C)c3ccccc3)CC2)nc1C(F)(F)F,6.481486060122112
CHEMBL1784225,CHEMBL2001,P2Y purinoceptor 12,IC50,=,590.0,nM,CHEMBL1786558,B,Displacement of [125I]-AZ11931285 from human recombinant P2Y12 receptor expressed in platelet cell membrane after 1 hr by scintillation counting,CHEMBL1782056,Q9H244,P2Y purinoceptor 12,IC50,C=C(C)c1cccc(C(C)(C)NC(=O)N2CCN(c3nc(C(F)(F)F)c(C(=O)OCC)cc3C#N)CC2)c1,6.229147988357855
CHEMBL1782078,CHEMBL2001,P2Y purinoceptor 12,IC50,=,2400.0,nM,CHEMBL1786558,B,Displacement of [125I]-AZ11931285 from human recombinant P2Y12 receptor expressed in platelet cell membrane after 1 hr by scintillation counting,CHEMBL1782056,Q9H244,P2Y purinoceptor 12,IC50,CCOC(=O)c1cnc(N2CCN(C(=O)NCc3ccccc3)CC2)c(Cl)c1,5.619788758288394
CHEMBL1784226,CHEMBL2001,P2Y purinoceptor 12,IC50,=,1100.0,nM,CHEMBL1786558,B,Displacement of [125I]-AZ11931285 from human recombinant P2Y12 receptor expressed in platelet cell membrane after 1 hr by scintillation counting,CHEMBL1782056,Q9H244,P2Y purinoceptor 12,IC50,CCOC(=O)c1cnc(N2CCN(C(=O)NCc3ccccc3C)CC2)c(Cl)c1,5.958607314841775
CHEMBL1784227,CHEMBL2001,P2Y purinoceptor 12,IC50,=,2700.0,nM,CHEMBL1786558,B,Displacement of [125I]-AZ11931285 from human recombinant P2Y12 receptor expressed in platelet cell membrane after 1 hr by scintillation counting,CHEMBL1782056,Q9H244,P2Y purinoceptor 12,IC50,CCOC(=O)c1cnc(N2CCN(C(=O)NCc3cccc(F)c3)CC2)c(Cl)c1,5.568636235841012
CHEMBL1784228,CHEMBL2001,P2Y purinoceptor 12,IC50,=,1700.0,nM,CHEMBL1786558,B,Displacement of [125I]-AZ11931285 from human recombinant P2Y12 receptor expressed in platelet cell membrane after 1 hr by scintillation counting,CHEMBL1782056,Q9H244,P2Y purinoceptor 12,IC50,CCOC(=O)c1cnc(N2CCN(C(=O)NCc3cccc(C)c3)CC2)c(Cl)c1,5.769551078621726
CHEMBL1784229,CHEMBL2001,P2Y purinoceptor 12,IC50,=,1600.0,nM,CHEMBL1786558,B,Displacement of [125I]-AZ11931285 from human recombinant P2Y12 receptor expressed in platelet cell membrane after 1 hr by scintillation counting,CHEMBL1782056,Q9H244,P2Y purinoceptor 12,IC50,CCOC(=O)c1cnc(N2CCN(C(=O)NCc3ccc(F)cc3)CC2)c(Cl)c1,5.795880017344075
CHEMBL1784230,CHEMBL2001,P2Y purinoceptor 12,IC50,=,970.0,nM,CHEMBL1786558,B,Displacement of [125I]-AZ11931285 from human recombinant P2Y12 receptor expressed in platelet cell membrane after 1 hr by scintillation counting,CHEMBL1782056,Q9H244,P2Y purinoceptor 12,IC50,CCOC(=O)c1cnc(N2CCN(C(=O)NCc3ccc(C)cc3)CC2)c(Cl)c1,6.013228265733755
CHEMBL1784231,CHEMBL2001,P2Y purinoceptor 12,IC50,=,4600.0,nM,CHEMBL1786558,B,Displacement of [125I]-AZ11931285 from human recombinant P2Y12 receptor expressed in platelet cell membrane after 1 hr by scintillation counting,CHEMBL1782056,Q9H244,P2Y purinoceptor 12,IC50,CCOC(=O)c1cnc(N2CCN(C(=O)NCc3ccc(OC)cc3)CC2)c(Cl)c1,5.337242168318426
CHEMBL1784232,CHEMBL2001,P2Y purinoceptor 12,IC50,=,780.0,nM,CHEMBL1786558,B,Displacement of [125I]-AZ11931285 from human recombinant P2Y12 receptor expressed in platelet cell membrane after 1 hr by scintillation counting,CHEMBL1782056,Q9H244,P2Y purinoceptor 12,IC50,CCOC(=O)c1cnc(N2CCN(C(=O)NCc3ccc(Cl)c(Cl)c3)CC2)c(Cl)c1,6.107905397309519
CHEMBL1784233,CHEMBL2001,P2Y purinoceptor 12,IC50,=,950.0,nM,CHEMBL1786558,B,Displacement of [125I]-AZ11931285 from human recombinant P2Y12 receptor expressed in platelet cell membrane after 1 hr by scintillation counting,CHEMBL1782056,Q9H244,P2Y purinoceptor 12,IC50,CCOC(=O)c1cnc(N2CCN(C(=O)N[C@@H](C)c3ccccc3)CC2)c(Cl)c1,6.022276394711152
CHEMBL1784234,CHEMBL2001,P2Y purinoceptor 12,IC50,=,610.0,nM,CHEMBL1786558,B,Displacement of [125I]-AZ11931285 from human recombinant P2Y12 receptor expressed in platelet cell membrane after 1 hr by scintillation counting,CHEMBL1782056,Q9H244,P2Y purinoceptor 12,IC50,C=C(C)c1cccc(C(C)(C)NC(=O)N2CCN(c3ncc(C(=O)OCC)cc3Cl)CC2)c1,6.214670164989233
CHEMBL1784235,CHEMBL2001,P2Y purinoceptor 12,IC50,=,1000.0,nM,CHEMBL1786558,B,Displacement of [125I]-AZ11931285 from human recombinant P2Y12 receptor expressed in platelet cell membrane after 1 hr by scintillation counting,CHEMBL1782056,Q9H244,P2Y purinoceptor 12,IC50,CCOC(=O)c1cc(C#N)c(N2CCN(C(=O)N[C@@H]3C[C@H]3c3ccccc3)CC2)nc1C(F)(F)F,6.0
CHEMBL1784238,CHEMBL2001,P2Y purinoceptor 12,IC50,=,1900.0,nM,CHEMBL1786558,B,Displacement of [125I]-AZ11931285 from human recombinant P2Y12 receptor expressed in platelet cell membrane after 1 hr by scintillation counting,CHEMBL1782056,Q9H244,P2Y purinoceptor 12,IC50,CCOC(=O)c1cnc(N2CCN(C(=O)Nc3cccs3)CC2)c(Cl)c1,5.721246399047171
CHEMBL1784240,CHEMBL2001,P2Y purinoceptor 12,IC50,=,5600.0,nM,CHEMBL1786558,B,Displacement of [125I]-AZ11931285 from human recombinant P2Y12 receptor expressed in platelet cell membrane after 1 hr by scintillation counting,CHEMBL1782056,Q9H244,P2Y purinoceptor 12,IC50,CCOC(=O)c1cnc(N2CCN(C(=O)NCCc3cccs3)CC2)c(Cl)c1,5.251811972993799
CHEMBL1784241,CHEMBL2001,P2Y purinoceptor 12,IC50,=,10000.0,nM,CHEMBL1786558,B,Displacement of [125I]-AZ11931285 from human recombinant P2Y12 receptor expressed in platelet cell membrane after 1 hr by scintillation counting,CHEMBL1782056,Q9H244,P2Y purinoceptor 12,IC50,CCOC(=O)c1cnc(N2CCN(C(=O)NC3CCCCO3)CC2)c(Cl)c1,5.0
CHEMBL2402269,CHEMBL2001,P2Y purinoceptor 12,IC50,=,12000.0,nM,CHEMBL2404825,B,Displacement of [125I]-AZ11931285 from P2Y12 receptor (unknown origin) after 1 hr by scintillation counting analysis,CHEMBL2401653,Q9H244,P2Y purinoceptor 12,IC50,CCOC(=O)c1cnc(N2CCN(C(=S)Nc3ccccc3)CC2)c(Cl)c1,4.920818753952375
CHEMBL2402270,CHEMBL2001,P2Y purinoceptor 12,IC50,=,9900.0,nM,CHEMBL2404825,B,Displacement of [125I]-AZ11931285 from P2Y12 receptor (unknown origin) after 1 hr by scintillation counting analysis,CHEMBL2401653,Q9H244,P2Y purinoceptor 12,IC50,CCOC(=O)c1cnc(N2CCN(C(=O)NC(=O)c3ccccc3)CC2)c(Cl)c1,5.00436480540245
CHEMBL2402154,CHEMBL2001,P2Y purinoceptor 12,IC50,=,9300.0,nM,CHEMBL2404825,B,Displacement of [125I]-AZ11931285 from P2Y12 receptor (unknown origin) after 1 hr by scintillation counting analysis,CHEMBL2401653,Q9H244,P2Y purinoceptor 12,IC50,CCCS(=O)(=O)c1cnc(N2CCN(C(=O)NS(=O)(=O)c3ccc(Cl)s3)CC2)c(Cl)c1,5.031517051446064
CHEMBL2402261,CHEMBL2001,P2Y purinoceptor 12,IC50,=,4800.0,nM,CHEMBL2404825,B,Displacement of [125I]-AZ11931285 from P2Y12 receptor (unknown origin) after 1 hr by scintillation counting analysis,CHEMBL2401653,Q9H244,P2Y purinoceptor 12,IC50,CCOC(=O)c1cnc(N2CCC(NC(=O)NS(=O)(=O)c3ccccc3)CC2)c(Cl)c1,5.318758762624412
CHEMBL2402153,CHEMBL2001,P2Y purinoceptor 12,IC50,=,3800.0,nM,CHEMBL2404822,B,Antagonist activity at P2Y12 receptor in human washed platelets assessed as inhibition of fibrinogen-induced aggregation,CHEMBL2401653,Q9H244,P2Y purinoceptor 12,IC50,O=C(c1cnc(N2CCN(C(=O)NS(=O)(=O)c3ccc(Cl)s3)CC2)c(Cl)c1)C1CC1,5.42021640338319
CHEMBL2402145,CHEMBL2001,P2Y purinoceptor 12,IC50,=,2900.0,nM,CHEMBL2404825,B,Displacement of [125I]-AZ11931285 from P2Y12 receptor (unknown origin) after 1 hr by scintillation counting analysis,CHEMBL2401653,Q9H244,P2Y purinoceptor 12,IC50,CCOC(=O)c1cc(C#N)c(N2C[C@@H]3C[C@H]2CN3C(=O)NS(=O)(=O)c2ccc(Cl)s2)nc1C,5.537602002101044
CHEMBL2402243,CHEMBL2001,P2Y purinoceptor 12,IC50,=,2400.0,nM,CHEMBL2404825,B,Displacement of [125I]-AZ11931285 from P2Y12 receptor (unknown origin) after 1 hr by scintillation counting analysis,CHEMBL2401653,Q9H244,P2Y purinoceptor 12,IC50,C=C(NC(=O)N1CCN(c2ncc(C(=O)OCC)cc2Cl)CC1)c1ccccc1,5.619788758288394
CHEMBL2402271,CHEMBL2001,P2Y purinoceptor 12,IC50,=,2400.0,nM,CHEMBL2404825,B,Displacement of [125I]-AZ11931285 from P2Y12 receptor (unknown origin) after 1 hr by scintillation counting analysis,CHEMBL2401653,Q9H244,P2Y purinoceptor 12,IC50,CCOC(=O)c1cnc(N2CCN(C(=S)NC(=O)c3ccccc3)CC2)c(Cl)c1,5.619788758288394
CHEMBL1784201,CHEMBL2001,P2Y purinoceptor 12,IC50,=,1400.0,nM,CHEMBL2404825,B,Displacement of [125I]-AZ11931285 from P2Y12 receptor (unknown origin) after 1 hr by scintillation counting analysis,CHEMBL2401653,Q9H244,P2Y purinoceptor 12,IC50,CCOC(=O)c1cnc(N2CCN(C(=O)Nc3ccccc3C)CC2)c(Cl)c1,5.853871964321762
CHEMBL2402156,CHEMBL2001,P2Y purinoceptor 12,IC50,=,1300.0,nM,CHEMBL2404825,B,Displacement of [125I]-AZ11931285 from P2Y12 receptor (unknown origin) after 1 hr by scintillation counting analysis,CHEMBL2401653,Q9H244,P2Y purinoceptor 12,IC50,CCOC(=O)c1cc(C#N)c(N2CCN(C(=O)NCCc3cccs3)CC2)nc1C(F)(F)F,5.886056647693163
CHEMBL2402252,CHEMBL2001,P2Y purinoceptor 12,IC50,=,1100.0,nM,CHEMBL2404822,B,Antagonist activity at P2Y12 receptor in human washed platelets assessed as inhibition of fibrinogen-induced aggregation,CHEMBL2401653,Q9H244,P2Y purinoceptor 12,IC50,CCOC(=O)c1cnc(N2CCN(C(=O)NS(=O)(=O)c3ccccc3Cl)CC2)c(Cl)c1,5.958607314841775
CHEMBL2402267,CHEMBL2001,P2Y purinoceptor 12,IC50,=,1100.0,nM,CHEMBL2404822,B,Antagonist activity at P2Y12 receptor in human washed platelets assessed as inhibition of fibrinogen-induced aggregation,CHEMBL2401653,Q9H244,P2Y purinoceptor 12,IC50,CCOC(=O)c1cnc(N2CCN(C(=O)NS(=O)(=O)c3ccccc3)CC2)c(Cl)c1,5.958607314841775
CHEMBL1782535,CHEMBL2001,P2Y purinoceptor 12,IC50,=,920.0,nM,CHEMBL2404825,B,Displacement of [125I]-AZ11931285 from P2Y12 receptor (unknown origin) after 1 hr by scintillation counting analysis,CHEMBL2401653,Q9H244,P2Y purinoceptor 12,IC50,CCOC(=O)c1cnc(N2CCN(C(=O)Nc3ccccc3)CC2)c(C#N)c1,6.036212172654444
CHEMBL1782536,CHEMBL2001,P2Y purinoceptor 12,IC50,=,890.0,nM,CHEMBL2404825,B,Displacement of [125I]-AZ11931285 from P2Y12 receptor (unknown origin) after 1 hr by scintillation counting analysis,CHEMBL2401653,Q9H244,P2Y purinoceptor 12,IC50,CCOC(=O)c1cnc(N2CCN(C(=O)Nc3ccccc3)CC2)c(Cl)c1,6.050609993355087
CHEMBL2402252,CHEMBL2001,P2Y purinoceptor 12,IC50,=,870.0,nM,CHEMBL2404825,B,Displacement of [125I]-AZ11931285 from P2Y12 receptor (unknown origin) after 1 hr by scintillation counting analysis,CHEMBL2401653,Q9H244,P2Y purinoceptor 12,IC50,CCOC(=O)c1cnc(N2CCN(C(=O)NS(=O)(=O)c3ccccc3Cl)CC2)c(Cl)c1,6.060480747381382
CHEMBL2402249,CHEMBL2001,P2Y purinoceptor 12,IC50,=,800.0,nM,CHEMBL2404822,B,Antagonist activity at P2Y12 receptor in human washed platelets assessed as inhibition of fibrinogen-induced aggregation,CHEMBL2401653,Q9H244,P2Y purinoceptor 12,IC50,CCOC(=O)c1cc(C#N)c(N2CCN(C(=O)NS(=O)(=O)c3ccc(Cl)cc3)CC2)nc1C(F)(F)F,6.096910013008056
CHEMBL2402247,CHEMBL2001,P2Y purinoceptor 12,IC50,=,690.0,nM,CHEMBL2404825,B,Displacement of [125I]-AZ11931285 from P2Y12 receptor (unknown origin) after 1 hr by scintillation counting analysis,CHEMBL2401653,Q9H244,P2Y purinoceptor 12,IC50,CCOC(=O)c1cc(C#N)c(N2CCN(C(=O)NS(=O)(=O)c3ccccc3Cl)CC2)nc1C(F)(F)F,6.161150909262744
CHEMBL2402268,CHEMBL2001,P2Y purinoceptor 12,IC50,=,680.0,nM,CHEMBL2404825,B,Displacement of [125I]-AZ11931285 from P2Y12 receptor (unknown origin) after 1 hr by scintillation counting analysis,CHEMBL2401653,Q9H244,P2Y purinoceptor 12,IC50,CCOC(=O)c1cnc(N2CCN(C(=O)Nc3ccccc3)CC2CCC(=O)O)c(Cl)c1,6.167491087293763
CHEMBL2402155,CHEMBL2001,P2Y purinoceptor 12,IC50,=,660.0,nM,CHEMBL2404825,B,Displacement of [125I]-AZ11931285 from P2Y12 receptor (unknown origin) after 1 hr by scintillation counting analysis,CHEMBL2401653,Q9H244,P2Y purinoceptor 12,IC50,CCOC(=O)c1ccc(N2CCN(C(=O)NS(=O)(=O)c3ccc(Cl)s3)CC2)c(Cl)c1,6.180456064458131
CHEMBL2402147,CHEMBL2001,P2Y purinoceptor 12,IC50,=,650.0,nM,CHEMBL2404825,B,Displacement of [125I]-AZ11931285 from P2Y12 receptor (unknown origin) after 1 hr by scintillation counting analysis,CHEMBL2401653,Q9H244,P2Y purinoceptor 12,IC50,COC(=O)c1cnc(N2CCN(C(=O)NS(=O)(=O)c3ccc(Cl)s3)CC2)c(Cl)c1,6.187086643357144
CHEMBL2402143,CHEMBL2001,P2Y purinoceptor 12,IC50,=,630.0,nM,CHEMBL2404825,B,Displacement of [125I]-AZ11931285 from P2Y12 receptor (unknown origin) after 1 hr by scintillation counting analysis,CHEMBL2401653,Q9H244,P2Y purinoceptor 12,IC50,CCOC(=O)c1cc(C#N)c(N2CCCN(C(=O)NS(=O)(=O)c3ccc(Cl)s3)CC2)nc1C,6.200659450546418
CHEMBL1784208,CHEMBL2001,P2Y purinoceptor 12,IC50,=,600.0,nM,CHEMBL2404825,B,Displacement of [125I]-AZ11931285 from P2Y12 receptor (unknown origin) after 1 hr by scintillation counting analysis,CHEMBL2401653,Q9H244,P2Y purinoceptor 12,IC50,CCOC(=O)c1cnc(N2CCN(C(=O)Nc3ccc(C)cc3)CC2)c(Cl)c1,6.221848749616356
CHEMBL2402152,CHEMBL2001,P2Y purinoceptor 12,IC50,=,560.0,nM,CHEMBL2404825,B,Displacement of [125I]-AZ11931285 from P2Y12 receptor (unknown origin) after 1 hr by scintillation counting analysis,CHEMBL2401653,Q9H244,P2Y purinoceptor 12,IC50,CCCC(=O)c1cnc(N2CCN(C(=O)NS(=O)(=O)c3ccc(Cl)s3)CC2)c(Cl)c1,6.251811972993799
CHEMBL2402253,CHEMBL2001,P2Y purinoceptor 12,IC50,=,520.0,nM,CHEMBL2404825,B,Displacement of [125I]-AZ11931285 from P2Y12 receptor (unknown origin) after 1 hr by scintillation counting analysis,CHEMBL2401653,Q9H244,P2Y purinoceptor 12,IC50,CCOC(=O)c1cnc(N2CCN(C(=O)NS(=O)(=O)c3ccc(Cl)cc3)CC2)c(Cl)c1,6.2839966563652006
CHEMBL1784220,CHEMBL2001,P2Y purinoceptor 12,IC50,=,470.0,nM,CHEMBL2404825,B,Displacement of [125I]-AZ11931285 from P2Y12 receptor (unknown origin) after 1 hr by scintillation counting analysis,CHEMBL2401653,Q9H244,P2Y purinoceptor 12,IC50,CCOC(=O)c1cc(C#N)c(N2CCN(C(=O)NCc3ccc(F)cc3)CC2)nc1C(F)(F)F,6.327902142064282
CHEMBL2402259,CHEMBL2001,P2Y purinoceptor 12,IC50,=,440.0,nM,CHEMBL2404822,B,Antagonist activity at P2Y12 receptor in human washed platelets assessed as inhibition of fibrinogen-induced aggregation,CHEMBL2401653,Q9H244,P2Y purinoceptor 12,IC50,CCOC(=O)c1cc(C#N)c(N2CC(NC(=O)NS(=O)(=O)Cc3ccccc3)C2)nc1C,6.356547323513812
CHEMBL2402256,CHEMBL2001,P2Y purinoceptor 12,IC50,=,430.0,nM,CHEMBL2404825,B,Displacement of [125I]-AZ11931285 from P2Y12 receptor (unknown origin) after 1 hr by scintillation counting analysis,CHEMBL2401653,Q9H244,P2Y purinoceptor 12,IC50,CCOC(=O)c1cnc(N2CC(NC(=O)NS(=O)(=O)c3ccccc3)C2)c(Cl)c1,6.366531544420413
CHEMBL2402246,CHEMBL2001,P2Y purinoceptor 12,IC50,=,430.0,nM,CHEMBL2404825,B,Displacement of [125I]-AZ11931285 from P2Y12 receptor (unknown origin) after 1 hr by scintillation counting analysis,CHEMBL2401653,Q9H244,P2Y purinoceptor 12,IC50,CCOC(=O)c1cc(C#N)c(N2CCN(C(=O)NS(=O)(=O)c3ccccc3C)CC2)nc1C(F)(F)F,6.366531544420413
CHEMBL2402153,CHEMBL2001,P2Y purinoceptor 12,IC50,=,420.0,nM,CHEMBL2404825,B,Displacement of [125I]-AZ11931285 from P2Y12 receptor (unknown origin) after 1 hr by scintillation counting analysis,CHEMBL2401653,Q9H244,P2Y purinoceptor 12,IC50,O=C(c1cnc(N2CCN(C(=O)NS(=O)(=O)c3ccc(Cl)s3)CC2)c(Cl)c1)C1CC1,6.376750709602099
CHEMBL2402254,CHEMBL2001,P2Y purinoceptor 12,IC50,=,370.0,nM,CHEMBL2404825,B,Displacement of [125I]-AZ11931285 from P2Y12 receptor (unknown origin) after 1 hr by scintillation counting analysis,CHEMBL2401653,Q9H244,P2Y purinoceptor 12,IC50,CCOC(=O)c1cnc(N2CCN(C(=O)NS(=O)(=O)c3ccc(F)cc3)CC2)c(Cl)c1,6.431798275933005
CHEMBL1782534,CHEMBL2001,P2Y purinoceptor 12,IC50,=,330.0,nM,CHEMBL2404825,B,Displacement of [125I]-AZ11931285 from P2Y12 receptor (unknown origin) after 1 hr by scintillation counting analysis,CHEMBL2401653,Q9H244,P2Y purinoceptor 12,IC50,CCOC(=O)c1cc(C#N)c(N2CCN(C(=O)Nc3ccccc3)CC2)nc1C(F)(F)F,6.481486060122112
CHEMBL2402273,CHEMBL2001,P2Y purinoceptor 12,IC50,=,300.0,nM,CHEMBL2404825,B,Displacement of [125I]-AZ11931285 from P2Y12 receptor (unknown origin) after 1 hr by scintillation counting analysis,CHEMBL2401653,Q9H244,P2Y purinoceptor 12,IC50,CCOC(=O)c1cnc(N2CCN(C(=O)NS(=O)(=O)c3ccc(C)cc3)CC2)c(Cl)c1,6.522878745280337
CHEMBL2402251,CHEMBL2001,P2Y purinoceptor 12,IC50,=,260.0,nM,CHEMBL2404822,B,Antagonist activity at P2Y12 receptor in human washed platelets assessed as inhibition of fibrinogen-induced aggregation,CHEMBL2401653,Q9H244,P2Y purinoceptor 12,IC50,CCOC(=O)c1cnc(N2CCN(C(=O)NS(=O)(=O)c3ccc(Cl)s3)CC2)c(Cl)c1,6.585026652029182
CHEMBL2402150,CHEMBL2001,P2Y purinoceptor 12,IC50,=,250.0,nM,CHEMBL2404825,B,Displacement of [125I]-AZ11931285 from P2Y12 receptor (unknown origin) after 1 hr by scintillation counting analysis,CHEMBL2401653,Q9H244,P2Y purinoceptor 12,IC50,CC(C)OC(=O)c1cnc(N2CCN(C(=O)NS(=O)(=O)c3ccc(Cl)s3)CC2)c(Cl)c1,6.6020599913279625
CHEMBL2402146,CHEMBL2001,P2Y purinoceptor 12,IC50,=,240.0,nM,CHEMBL2404825,B,Displacement of [125I]-AZ11931285 from P2Y12 receptor (unknown origin) after 1 hr by scintillation counting analysis,CHEMBL2401653,Q9H244,P2Y purinoceptor 12,IC50,CCOC(=O)c1cc(C#N)c(N2CC3CN(C(=O)NS(=O)(=O)c4ccccc4)CC3C2)nc1C,6.619788758288394
CHEMBL2402250,CHEMBL2001,P2Y purinoceptor 12,IC50,=,230.0,nM,CHEMBL2404825,B,Displacement of [125I]-AZ11931285 from P2Y12 receptor (unknown origin) after 1 hr by scintillation counting analysis,CHEMBL2401653,Q9H244,P2Y purinoceptor 12,IC50,CCOC(=O)c1cc(C#N)c(N2CCN(C(=O)NS(=O)(=O)c3ccc(F)cc3)CC2)nc1C(F)(F)F,6.638272163982407
CHEMBL2402262,CHEMBL2001,P2Y purinoceptor 12,IC50,=,210.0,nM,CHEMBL2404822,B,Antagonist activity at P2Y12 receptor in human washed platelets assessed as inhibition of fibrinogen-induced aggregation,CHEMBL2401653,Q9H244,P2Y purinoceptor 12,IC50,CCOC(=O)c1cc(C#N)c(N2CCC(NC(=O)NS(=O)(=O)c3ccc(Cl)cc3)CC2)nc1C,6.6777807052660805
CHEMBL2402148,CHEMBL2001,P2Y purinoceptor 12,IC50,=,210.0,nM,CHEMBL2404825,B,Displacement of [125I]-AZ11931285 from P2Y12 receptor (unknown origin) after 1 hr by scintillation counting analysis,CHEMBL2401653,Q9H244,P2Y purinoceptor 12,IC50,CCCOC(=O)c1cnc(N2CCN(C(=O)NS(=O)(=O)c3ccc(Cl)s3)CC2)c(Cl)c1,6.6777807052660805
CHEMBL2402257,CHEMBL2001,P2Y purinoceptor 12,IC50,=,190.0,nM,CHEMBL2404822,B,Antagonist activity at P2Y12 receptor in human washed platelets assessed as inhibition of fibrinogen-induced aggregation,CHEMBL2401653,Q9H244,P2Y purinoceptor 12,IC50,CCOC(=O)c1cc(C#N)c(N2CC(NC(=O)NS(=O)(=O)c3ccccc3)C2)nc1C,6.721246399047171
CHEMBL2402273,CHEMBL2001,P2Y purinoceptor 12,IC50,=,190.0,nM,CHEMBL2404822,B,Antagonist activity at P2Y12 receptor in human washed platelets assessed as inhibition of fibrinogen-induced aggregation,CHEMBL2401653,Q9H244,P2Y purinoceptor 12,IC50,CCOC(=O)c1cnc(N2CCN(C(=O)NS(=O)(=O)c3ccc(C)cc3)CC2)c(Cl)c1,6.721246399047171
CHEMBL2402262,CHEMBL2001,P2Y purinoceptor 12,IC50,=,190.0,nM,CHEMBL2404825,B,Displacement of [125I]-AZ11931285 from P2Y12 receptor (unknown origin) after 1 hr by scintillation counting analysis,CHEMBL2401653,Q9H244,P2Y purinoceptor 12,IC50,CCOC(=O)c1cc(C#N)c(N2CCC(NC(=O)NS(=O)(=O)c3ccc(Cl)cc3)CC2)nc1C,6.721246399047171
CHEMBL2402267,CHEMBL2001,P2Y purinoceptor 12,IC50,=,180.0,nM,CHEMBL2404825,B,Displacement of [125I]-AZ11931285 from P2Y12 receptor (unknown origin) after 1 hr by scintillation counting analysis,CHEMBL2401653,Q9H244,P2Y purinoceptor 12,IC50,CCOC(=O)c1cnc(N2CCN(C(=O)NS(=O)(=O)c3ccccc3)CC2)c(Cl)c1,6.7447274948966935
CHEMBL2402245,CHEMBL2001,P2Y purinoceptor 12,IC50,=,170.0,nM,CHEMBL2404825,B,Displacement of [125I]-AZ11931285 from P2Y12 receptor (unknown origin) after 1 hr by scintillation counting analysis,CHEMBL2401653,Q9H244,P2Y purinoceptor 12,IC50,CCOC(=O)c1cc(C#N)c(N2CCN(C(=O)NS(=O)(=O)c3ccccc3)CC2)nc1C(F)(F)F,6.769551078621726
CHEMBL2402248,CHEMBL2001,P2Y purinoceptor 12,IC50,=,160.0,nM,CHEMBL2404822,B,Antagonist activity at P2Y12 receptor in human washed platelets assessed as inhibition of fibrinogen-induced aggregation,CHEMBL2401653,Q9H244,P2Y purinoceptor 12,IC50,CCOC(=O)c1cc(C#N)c(N2CCN(C(=O)NS(=O)(=O)c3ccc(C)cc3)CC2)nc1C(F)(F)F,6.795880017344075
CHEMBL2402272,CHEMBL2001,P2Y purinoceptor 12,IC50,=,150.0,nM,CHEMBL2404825,B,Displacement of [125I]-AZ11931285 from P2Y12 receptor (unknown origin) after 1 hr by scintillation counting analysis,CHEMBL2401653,Q9H244,P2Y purinoceptor 12,IC50,CCOC(=O)c1cnc(N2CCN(C(=O)NS(=O)(=O)c3ccccc3C)CC2)c(Cl)c1,6.823908740944319
CHEMBL2402151,CHEMBL2001,P2Y purinoceptor 12,IC50,=,140.0,nM,CHEMBL2404825,B,Displacement of [125I]-AZ11931285 from P2Y12 receptor (unknown origin) after 1 hr by scintillation counting analysis,CHEMBL2401653,Q9H244,P2Y purinoceptor 12,IC50,CC(C)CCOC(=O)c1cnc(N2CCN(C(=O)NS(=O)(=O)c3ccc(Cl)s3)CC2)c(Cl)c1,6.853871964321762
CHEMBL2402265,CHEMBL2001,P2Y purinoceptor 12,IC50,=,140.0,nM,CHEMBL2404825,B,Displacement of [125I]-AZ11931285 from P2Y12 receptor (unknown origin) after 1 hr by scintillation counting analysis,CHEMBL2401653,Q9H244,P2Y purinoceptor 12,IC50,CCOC(=O)c1cc(C#N)c(N2CCN(C(=O)NS(=O)(=O)c3ccccc3)CC2)nc1C,6.853871964321762
CHEMBL2402245,CHEMBL2001,P2Y purinoceptor 12,IC50,=,120.0,nM,CHEMBL2404822,B,Antagonist activity at P2Y12 receptor in human washed platelets assessed as inhibition of fibrinogen-induced aggregation,CHEMBL2401653,Q9H244,P2Y purinoceptor 12,IC50,CCOC(=O)c1cc(C#N)c(N2CCN(C(=O)NS(=O)(=O)c3ccccc3)CC2)nc1C(F)(F)F,6.920818753952375
CHEMBL2402248,CHEMBL2001,P2Y purinoceptor 12,IC50,=,120.0,nM,CHEMBL2404825,B,Displacement of [125I]-AZ11931285 from P2Y12 receptor (unknown origin) after 1 hr by scintillation counting analysis,CHEMBL2401653,Q9H244,P2Y purinoceptor 12,IC50,CCOC(=O)c1cc(C#N)c(N2CCN(C(=O)NS(=O)(=O)c3ccc(C)cc3)CC2)nc1C(F)(F)F,6.920818753952375
CHEMBL2402149,CHEMBL2001,P2Y purinoceptor 12,IC50,=,95.0,nM,CHEMBL2404825,B,Displacement of [125I]-AZ11931285 from P2Y12 receptor (unknown origin) after 1 hr by scintillation counting analysis,CHEMBL2401653,Q9H244,P2Y purinoceptor 12,IC50,CCCCOC(=O)c1cnc(N2CCN(C(=O)NS(=O)(=O)c3ccc(Cl)s3)CC2)c(Cl)c1,7.022276394711152
CHEMBL2402142,CHEMBL2001,P2Y purinoceptor 12,IC50,=,95.0,nM,CHEMBL2404825,B,Displacement of [125I]-AZ11931285 from P2Y12 receptor (unknown origin) after 1 hr by scintillation counting analysis,CHEMBL2401653,Q9H244,P2Y purinoceptor 12,IC50,CCOC(=O)c1cc(C#N)c(N2CCN(C(=O)NS(=O)(=O)c3ccc(Cl)s3)C(CCC(=O)O)C2)nc1C(F)(F)F,7.022276394711152
CHEMBL2402258,CHEMBL2001,P2Y purinoceptor 12,IC50,=,94.0,nM,CHEMBL2404822,B,Antagonist activity at P2Y12 receptor in human washed platelets assessed as inhibition of fibrinogen-induced aggregation,CHEMBL2401653,Q9H244,P2Y purinoceptor 12,IC50,CCOC(=O)c1cc(C#N)c(N2CC(NC(=O)NS(=O)(=O)c3ccc(Cl)cc3)C2)nc1C,7.026872146400302
CHEMBL2402251,CHEMBL2001,P2Y purinoceptor 12,IC50,=,90.0,nM,CHEMBL2404825,B,Displacement of [125I]-AZ11931285 from P2Y12 receptor (unknown origin) after 1 hr by scintillation counting analysis,CHEMBL2401653,Q9H244,P2Y purinoceptor 12,IC50,CCOC(=O)c1cnc(N2CCN(C(=O)NS(=O)(=O)c3ccc(Cl)s3)CC2)c(Cl)c1,7.045757490560675
CHEMBL2402263,CHEMBL2001,P2Y purinoceptor 12,IC50,=,88.0,nM,CHEMBL2404825,B,Displacement of [125I]-AZ11931285 from P2Y12 receptor (unknown origin) after 1 hr by scintillation counting analysis,CHEMBL2401653,Q9H244,P2Y purinoceptor 12,IC50,CCOC(=O)c1cc(C#N)c(N2CCC(NC(=O)NS(=O)(=O)Cc3ccccc3)CC2)nc1C,7.055517327849831
CHEMBL2402258,CHEMBL2001,P2Y purinoceptor 12,IC50,=,86.0,nM,CHEMBL2404825,B,Displacement of [125I]-AZ11931285 from P2Y12 receptor (unknown origin) after 1 hr by scintillation counting analysis,CHEMBL2401653,Q9H244,P2Y purinoceptor 12,IC50,CCOC(=O)c1cc(C#N)c(N2CC(NC(=O)NS(=O)(=O)c3ccc(Cl)cc3)C2)nc1C,7.0655015487564325
CHEMBL2402259,CHEMBL2001,P2Y purinoceptor 12,IC50,=,79.0,nM,CHEMBL2404825,B,Displacement of [125I]-AZ11931285 from P2Y12 receptor (unknown origin) after 1 hr by scintillation counting analysis,CHEMBL2401653,Q9H244,P2Y purinoceptor 12,IC50,CCOC(=O)c1cc(C#N)c(N2CC(NC(=O)NS(=O)(=O)Cc3ccccc3)C2)nc1C,7.102372908709558
CHEMBL2402244,CHEMBL2001,P2Y purinoceptor 12,IC50,=,79.0,nM,CHEMBL2404825,B,Displacement of [125I]-AZ11931285 from P2Y12 receptor (unknown origin) after 1 hr by scintillation counting analysis,CHEMBL2401653,Q9H244,P2Y purinoceptor 12,IC50,CCOC(=O)c1cc(C#N)c(N2CCN(C(=O)NS(=O)(=O)c3ccc(Cl)s3)CC2)nc1C(F)(F)F,7.102372908709558
CHEMBL2402249,CHEMBL2001,P2Y purinoceptor 12,IC50,=,68.0,nM,CHEMBL2404825,B,Displacement of [125I]-AZ11931285 from P2Y12 receptor (unknown origin) after 1 hr by scintillation counting analysis,CHEMBL2401653,Q9H244,P2Y purinoceptor 12,IC50,CCOC(=O)c1cc(C#N)c(N2CCN(C(=O)NS(=O)(=O)c3ccc(Cl)cc3)CC2)nc1C(F)(F)F,7.167491087293763
CHEMBL2402144,CHEMBL2001,P2Y purinoceptor 12,IC50,=,64.0,nM,CHEMBL2404825,B,Displacement of [125I]-AZ11931285 from P2Y12 receptor (unknown origin) after 1 hr by scintillation counting analysis,CHEMBL2401653,Q9H244,P2Y purinoceptor 12,IC50,CCOC(=O)c1cc(C#N)c(N2CCN(C(=O)NS(=O)(=O)c3ccc(Cl)s3)CC2C)nc1C,7.1938200260161125
CHEMBL2402257,CHEMBL2001,P2Y purinoceptor 12,IC50,=,62.0,nM,CHEMBL2404825,B,Displacement of [125I]-AZ11931285 from P2Y12 receptor (unknown origin) after 1 hr by scintillation counting analysis,CHEMBL2401653,Q9H244,P2Y purinoceptor 12,IC50,CCOC(=O)c1cc(C#N)c(N2CC(NC(=O)NS(=O)(=O)c3ccccc3)C2)nc1C,7.207608310501746
CHEMBL2402264,CHEMBL2001,P2Y purinoceptor 12,IC50,=,42.0,nM,CHEMBL2404825,B,Displacement of [125I]-AZ11931285 from P2Y12 receptor (unknown origin) after 1 hr by scintillation counting analysis,CHEMBL2401653,Q9H244,P2Y purinoceptor 12,IC50,CCOC(=O)c1cc(C#N)c(N2CCN(C(=O)NS(=O)(=O)c3ccc(Cl)s3)CC2)nc1C,7.376750709602099
CHEMBL2402244,CHEMBL2001,P2Y purinoceptor 12,IC50,=,38.0,nM,CHEMBL2404822,B,Antagonist activity at P2Y12 receptor in human washed platelets assessed as inhibition of fibrinogen-induced aggregation,CHEMBL2401653,Q9H244,P2Y purinoceptor 12,IC50,CCOC(=O)c1cc(C#N)c(N2CCN(C(=O)NS(=O)(=O)c3ccc(Cl)s3)CC2)nc1C(F)(F)F,7.42021640338319
CHEMBL2402266,CHEMBL2001,P2Y purinoceptor 12,IC50,=,33.0,nM,CHEMBL2404825,B,Displacement of [125I]-AZ11931285 from P2Y12 receptor (unknown origin) after 1 hr by scintillation counting analysis,CHEMBL2401653,Q9H244,P2Y purinoceptor 12,IC50,CCOC(=O)c1cc(C#N)c(N2CCN(C(=O)NS(=O)(=O)Cc3ccccc3)CC2)nc1C,7.481486060122112
CHEMBL2402144,CHEMBL2001,P2Y purinoceptor 12,IC50,=,31.0,nM,CHEMBL2404822,B,Antagonist activity at P2Y12 receptor in human washed platelets assessed as inhibition of fibrinogen-induced aggregation,CHEMBL2401653,Q9H244,P2Y purinoceptor 12,IC50,CCOC(=O)c1cc(C#N)c(N2CCN(C(=O)NS(=O)(=O)c3ccc(Cl)s3)CC2C)nc1C,7.508638306165727
CHEMBL2402142,CHEMBL2001,P2Y purinoceptor 12,IC50,=,31.0,nM,CHEMBL2404822,B,Antagonist activity at P2Y12 receptor in human washed platelets assessed as inhibition of fibrinogen-induced aggregation,CHEMBL2401653,Q9H244,P2Y purinoceptor 12,IC50,CCOC(=O)c1cc(C#N)c(N2CCN(C(=O)NS(=O)(=O)c3ccc(Cl)s3)C(CCC(=O)O)C2)nc1C(F)(F)F,7.508638306165727
CHEMBL2402260,CHEMBL2001,P2Y purinoceptor 12,IC50,=,27.0,nM,CHEMBL2404825,B,Displacement of [125I]-AZ11931285 from P2Y12 receptor (unknown origin) after 1 hr by scintillation counting analysis,CHEMBL2401653,Q9H244,P2Y purinoceptor 12,IC50,CCOC(=O)c1cc(C#N)c(N2CCC(NC(=O)NS(=O)(=O)c3ccc(Cl)s3)CC2)nc1C,7.568636235841012
CHEMBL2402260,CHEMBL2001,P2Y purinoceptor 12,IC50,=,26.0,nM,CHEMBL2404822,B,Antagonist activity at P2Y12 receptor in human washed platelets assessed as inhibition of fibrinogen-induced aggregation,CHEMBL2401653,Q9H244,P2Y purinoceptor 12,IC50,CCOC(=O)c1cc(C#N)c(N2CCC(NC(=O)NS(=O)(=O)c3ccc(Cl)s3)CC2)nc1C,7.585026652029182
CHEMBL2402266,CHEMBL2001,P2Y purinoceptor 12,IC50,=,20.0,nM,CHEMBL2404822,B,Antagonist activity at P2Y12 receptor in human washed platelets assessed as inhibition of fibrinogen-induced aggregation,CHEMBL2401653,Q9H244,P2Y purinoceptor 12,IC50,CCOC(=O)c1cc(C#N)c(N2CCN(C(=O)NS(=O)(=O)Cc3ccccc3)CC2)nc1C,7.698970004336019
CHEMBL2402264,CHEMBL2001,P2Y purinoceptor 12,IC50,=,19.0,nM,CHEMBL2404822,B,Antagonist activity at P2Y12 receptor in human washed platelets assessed as inhibition of fibrinogen-induced aggregation,CHEMBL2401653,Q9H244,P2Y purinoceptor 12,IC50,CCOC(=O)c1cc(C#N)c(N2CCN(C(=O)NS(=O)(=O)c3ccc(Cl)s3)CC2)nc1C,7.721246399047171
CHEMBL2402255,CHEMBL2001,P2Y purinoceptor 12,IC50,=,6.3,nM,CHEMBL2404825,B,Displacement of [125I]-AZ11931285 from P2Y12 receptor (unknown origin) after 1 hr by scintillation counting analysis,CHEMBL2401653,Q9H244,P2Y purinoceptor 12,IC50,CCOC(=O)c1cc(C#N)c(N2CC(NC(=O)NS(=O)(=O)c3ccc(Cl)s3)C2)nc1C,8.200659450546418
CHEMBL2402255,CHEMBL2001,P2Y purinoceptor 12,IC50,=,9.5,nM,CHEMBL2404822,B,Antagonist activity at P2Y12 receptor in human washed platelets assessed as inhibition of fibrinogen-induced aggregation,CHEMBL2401653,Q9H244,P2Y purinoceptor 12,IC50,CCOC(=O)c1cc(C#N)c(N2CC(NC(=O)NS(=O)(=O)c3ccc(Cl)s3)C2)nc1C,8.022276394711152
CHEMBL2419499,CHEMBL2001,P2Y purinoceptor 12,IC50,=,39.0,nM,CHEMBL2424010,B,Antagonist activity at human P2Y12 receptor assessed as inhibition of fibrinogen-induced platelet aggregation by washed platelet assay,CHEMBL2417494,Q9H244,P2Y purinoceptor 12,IC50,CCOC(=O)c1cc(C#N)c(N2CCC(C(=O)NS(=O)(=O)c3ccc(Cl)s3)CC2)nc1C,7.4089353929735005
CHEMBL2419498,CHEMBL2001,P2Y purinoceptor 12,IC50,=,740.0,nM,CHEMBL2424010,B,Antagonist activity at human P2Y12 receptor assessed as inhibition of fibrinogen-induced platelet aggregation by washed platelet assay,CHEMBL2417494,Q9H244,P2Y purinoceptor 12,IC50,CCOC(=O)c1cnc(N2CCC(C(=O)NS(=O)(=O)c3ccc(Cl)s3)CC2)c(Cl)c1,6.130768280269024
CHEMBL2419497,CHEMBL2001,P2Y purinoceptor 12,IC50,=,68.0,nM,CHEMBL2424010,B,Antagonist activity at human P2Y12 receptor assessed as inhibition of fibrinogen-induced platelet aggregation by washed platelet assay,CHEMBL2417494,Q9H244,P2Y purinoceptor 12,IC50,CCOC(=O)c1cc(C#N)c(N2CC(C(=O)NS(=O)(=O)c3ccc(Cl)s3)C2)nc1C,7.167491087293763
CHEMBL2419496,CHEMBL2001,P2Y purinoceptor 12,IC50,=,480.0,nM,CHEMBL2424010,B,Antagonist activity at human P2Y12 receptor assessed as inhibition of fibrinogen-induced platelet aggregation by washed platelet assay,CHEMBL2417494,Q9H244,P2Y purinoceptor 12,IC50,CCOC(=O)c1cnc(N2CC(C(=O)NS(=O)(=O)c3ccc(Cl)s3)C2)c(Cl)c1,6.318758762624412
CHEMBL2419495,CHEMBL2001,P2Y purinoceptor 12,IC50,=,2700.0,nM,CHEMBL2423147,B,Antagonist activity at P2Y12 receptor in human whole blood assessed as inhibition of ADP-induced platelet aggregation after 5 mins by residual platelet count assay,CHEMBL2417494,Q9H244,P2Y purinoceptor 12,IC50,CCOC(=O)c1cc(C#N)c(N2CCC(C(=O)NS(=O)(=O)Cc3ccc(F)cc3F)CC2)nc1C,5.568636235841012
CHEMBL2419493,CHEMBL2001,P2Y purinoceptor 12,IC50,=,2900.0,nM,CHEMBL2423147,B,Antagonist activity at P2Y12 receptor in human whole blood assessed as inhibition of ADP-induced platelet aggregation after 5 mins by residual platelet count assay,CHEMBL2417494,Q9H244,P2Y purinoceptor 12,IC50,CCOC(=O)c1cc(C#N)c(N2CCC(C(=O)NS(=O)(=O)Cc3ccc(C)cc3)CC2)nc1C,5.537602002101044
CHEMBL2419492,CHEMBL2001,P2Y purinoceptor 12,IC50,=,9000.0,nM,CHEMBL2423147,B,Antagonist activity at P2Y12 receptor in human whole blood assessed as inhibition of ADP-induced platelet aggregation after 5 mins by residual platelet count assay,CHEMBL2417494,Q9H244,P2Y purinoceptor 12,IC50,CCOC(=O)c1cc(C#N)c(N2CCC(C(=O)NS(=O)(=O)Cc3ccc(OC)cc3)CC2)nc1C,5.045757490560675
CHEMBL2419491,CHEMBL2001,P2Y purinoceptor 12,IC50,=,2900.0,nM,CHEMBL2423147,B,Antagonist activity at P2Y12 receptor in human whole blood assessed as inhibition of ADP-induced platelet aggregation after 5 mins by residual platelet count assay,CHEMBL2417494,Q9H244,P2Y purinoceptor 12,IC50,CCOC(=O)c1cc(C#N)c(N2CCC(C(=O)NS(=O)(=O)Cc3ccc(F)cc3)CC2)nc1C,5.537602002101044
CHEMBL2419490,CHEMBL2001,P2Y purinoceptor 12,IC50,=,3200.0,nM,CHEMBL2423147,B,Antagonist activity at P2Y12 receptor in human whole blood assessed as inhibition of ADP-induced platelet aggregation after 5 mins by residual platelet count assay,CHEMBL2417494,Q9H244,P2Y purinoceptor 12,IC50,CCOC(=O)c1cc(C#N)c(N2CCC(C(=O)NS(=O)(=O)Cc3ccccc3)CC2)nc1C,5.494850021680094
CHEMBL2419487,CHEMBL2001,P2Y purinoceptor 12,IC50,=,1800.0,nM,CHEMBL2423147,B,Antagonist activity at P2Y12 receptor in human whole blood assessed as inhibition of ADP-induced platelet aggregation after 5 mins by residual platelet count assay,CHEMBL2417494,Q9H244,P2Y purinoceptor 12,IC50,CCOC(=O)c1cc(C#N)c(N2CC(C(=O)NS(=O)(=O)Cc3ccc(C)cc3)C2)nc1C,5.7447274948966935
CHEMBL2419486,CHEMBL2001,P2Y purinoceptor 12,IC50,=,1200.0,nM,CHEMBL2423147,B,Antagonist activity at P2Y12 receptor in human whole blood assessed as inhibition of ADP-induced platelet aggregation after 5 mins by residual platelet count assay,CHEMBL2417494,Q9H244,P2Y purinoceptor 12,IC50,CCOC(=O)c1cc(C#N)c(N2CC(C(=O)NS(=O)(=O)Cc3ccc(F)cc3)C2)nc1C,5.920818753952375
CHEMBL2419485,CHEMBL2001,P2Y purinoceptor 12,IC50,=,2800.0,nM,CHEMBL2423147,B,Antagonist activity at P2Y12 receptor in human whole blood assessed as inhibition of ADP-induced platelet aggregation after 5 mins by residual platelet count assay,CHEMBL2417494,Q9H244,P2Y purinoceptor 12,IC50,CCOC(=O)c1cc(C#N)c(N2CC(C(=O)NS(=O)(=O)Cc3ccc(Cl)cc3)C2)nc1C,5.552841968657781
CHEMBL2419484,CHEMBL2001,P2Y purinoceptor 12,IC50,=,19000.0,nM,CHEMBL2423147,B,Antagonist activity at P2Y12 receptor in human whole blood assessed as inhibition of ADP-induced platelet aggregation after 5 mins by residual platelet count assay,CHEMBL2417494,Q9H244,P2Y purinoceptor 12,IC50,CCOC(=O)c1cc(C#N)c(N2CC(C(=O)NS(=O)(=O)Cc3cccc(C)c3)C2)nc1C,4.721246399047171
CHEMBL2419501,CHEMBL2001,P2Y purinoceptor 12,IC50,=,2400.0,nM,CHEMBL2423147,B,Antagonist activity at P2Y12 receptor in human whole blood assessed as inhibition of ADP-induced platelet aggregation after 5 mins by residual platelet count assay,CHEMBL2417494,Q9H244,P2Y purinoceptor 12,IC50,CCOC(=O)c1cc(C#N)c(N2CC(C(=O)NS(=O)(=O)Cc3ccccc3)C2)nc1C,5.619788758288394
CHEMBL2419495,CHEMBL2001,P2Y purinoceptor 12,IC50,=,11.0,nM,CHEMBL2423149,B,Displacement of [125I]-AZ11931285 from P2Y12 receptor (unknown origin) expressed in CHO cell membrane after 1 hr by scintillation counting analysis,CHEMBL2417494,Q9H244,P2Y purinoceptor 12,IC50,CCOC(=O)c1cc(C#N)c(N2CCC(C(=O)NS(=O)(=O)Cc3ccc(F)cc3F)CC2)nc1C,7.958607314841775
CHEMBL2419494,CHEMBL2001,P2Y purinoceptor 12,IC50,=,160.0,nM,CHEMBL2423149,B,Displacement of [125I]-AZ11931285 from P2Y12 receptor (unknown origin) expressed in CHO cell membrane after 1 hr by scintillation counting analysis,CHEMBL2417494,Q9H244,P2Y purinoceptor 12,IC50,CCOC(=O)c1cc(C#N)c(N2CCC(C(=O)NS(=O)(=O)Cc3ccc(C(C)C)cc3)CC2)nc1C,6.795880017344075
CHEMBL2419493,CHEMBL2001,P2Y purinoceptor 12,IC50,=,7.0,nM,CHEMBL2423149,B,Displacement of [125I]-AZ11931285 from P2Y12 receptor (unknown origin) expressed in CHO cell membrane after 1 hr by scintillation counting analysis,CHEMBL2417494,Q9H244,P2Y purinoceptor 12,IC50,CCOC(=O)c1cc(C#N)c(N2CCC(C(=O)NS(=O)(=O)Cc3ccc(C)cc3)CC2)nc1C,8.154901959985743
CHEMBL2419492,CHEMBL2001,P2Y purinoceptor 12,IC50,=,30.0,nM,CHEMBL2423149,B,Displacement of [125I]-AZ11931285 from P2Y12 receptor (unknown origin) expressed in CHO cell membrane after 1 hr by scintillation counting analysis,CHEMBL2417494,Q9H244,P2Y purinoceptor 12,IC50,CCOC(=O)c1cc(C#N)c(N2CCC(C(=O)NS(=O)(=O)Cc3ccc(OC)cc3)CC2)nc1C,7.522878745280337
CHEMBL2419491,CHEMBL2001,P2Y purinoceptor 12,IC50,=,15.0,nM,CHEMBL2423149,B,Displacement of [125I]-AZ11931285 from P2Y12 receptor (unknown origin) expressed in CHO cell membrane after 1 hr by scintillation counting analysis,CHEMBL2417494,Q9H244,P2Y purinoceptor 12,IC50,CCOC(=O)c1cc(C#N)c(N2CCC(C(=O)NS(=O)(=O)Cc3ccc(F)cc3)CC2)nc1C,7.823908740944319
CHEMBL2419490,CHEMBL2001,P2Y purinoceptor 12,IC50,=,11.0,nM,CHEMBL2423149,B,Displacement of [125I]-AZ11931285 from P2Y12 receptor (unknown origin) expressed in CHO cell membrane after 1 hr by scintillation counting analysis,CHEMBL2417494,Q9H244,P2Y purinoceptor 12,IC50,CCOC(=O)c1cc(C#N)c(N2CCC(C(=O)NS(=O)(=O)Cc3ccccc3)CC2)nc1C,7.958607314841775
CHEMBL2419489,CHEMBL2001,P2Y purinoceptor 12,IC50,=,120.0,nM,CHEMBL2423149,B,Displacement of [125I]-AZ11931285 from P2Y12 receptor (unknown origin) expressed in CHO cell membrane after 1 hr by scintillation counting analysis,CHEMBL2417494,Q9H244,P2Y purinoceptor 12,IC50,CCOC(=O)c1cc(C#N)c(N2CCC(C(=O)NS(=O)(=O)c3ccccc3)CC2)nc1C,6.920818753952375
CHEMBL2419488,CHEMBL2001,P2Y purinoceptor 12,IC50,=,230.0,nM,CHEMBL2423149,B,Displacement of [125I]-AZ11931285 from P2Y12 receptor (unknown origin) expressed in CHO cell membrane after 1 hr by scintillation counting analysis,CHEMBL2417494,Q9H244,P2Y purinoceptor 12,IC50,CCOC(=O)c1cc(C#N)c(N2CC(C(=O)NS(=O)(=O)Cc3ccc(CO)cc3)C2)nc1C,6.638272163982407
CHEMBL2419487,CHEMBL2001,P2Y purinoceptor 12,IC50,=,6.0,nM,CHEMBL2423149,B,Displacement of [125I]-AZ11931285 from P2Y12 receptor (unknown origin) expressed in CHO cell membrane after 1 hr by scintillation counting analysis,CHEMBL2417494,Q9H244,P2Y purinoceptor 12,IC50,CCOC(=O)c1cc(C#N)c(N2CC(C(=O)NS(=O)(=O)Cc3ccc(C)cc3)C2)nc1C,8.221848749616356
CHEMBL2419486,CHEMBL2001,P2Y purinoceptor 12,IC50,=,12.0,nM,CHEMBL2423149,B,Displacement of [125I]-AZ11931285 from P2Y12 receptor (unknown origin) expressed in CHO cell membrane after 1 hr by scintillation counting analysis,CHEMBL2417494,Q9H244,P2Y purinoceptor 12,IC50,CCOC(=O)c1cc(C#N)c(N2CC(C(=O)NS(=O)(=O)Cc3ccc(F)cc3)C2)nc1C,7.920818753952375
CHEMBL2419485,CHEMBL2001,P2Y purinoceptor 12,IC50,=,10.0,nM,CHEMBL2423149,B,Displacement of [125I]-AZ11931285 from P2Y12 receptor (unknown origin) expressed in CHO cell membrane after 1 hr by scintillation counting analysis,CHEMBL2417494,Q9H244,P2Y purinoceptor 12,IC50,CCOC(=O)c1cc(C#N)c(N2CC(C(=O)NS(=O)(=O)Cc3ccc(Cl)cc3)C2)nc1C,8.0
CHEMBL2419484,CHEMBL2001,P2Y purinoceptor 12,IC50,=,32.0,nM,CHEMBL2423149,B,Displacement of [125I]-AZ11931285 from P2Y12 receptor (unknown origin) expressed in CHO cell membrane after 1 hr by scintillation counting analysis,CHEMBL2417494,Q9H244,P2Y purinoceptor 12,IC50,CCOC(=O)c1cc(C#N)c(N2CC(C(=O)NS(=O)(=O)Cc3cccc(C)c3)C2)nc1C,7.494850021680094
CHEMBL2419483,CHEMBL2001,P2Y purinoceptor 12,IC50,=,110.0,nM,CHEMBL2423149,B,Displacement of [125I]-AZ11931285 from P2Y12 receptor (unknown origin) expressed in CHO cell membrane after 1 hr by scintillation counting analysis,CHEMBL2417494,Q9H244,P2Y purinoceptor 12,IC50,CCOC(=O)c1cc(C#N)c(N2CC(C(=O)NS(=O)(=O)Cc3cccc(C(F)(F)F)c3)C2)nc1C,6.958607314841775
CHEMBL2419482,CHEMBL2001,P2Y purinoceptor 12,IC50,=,67.0,nM,CHEMBL2423149,B,Displacement of [125I]-AZ11931285 from P2Y12 receptor (unknown origin) expressed in CHO cell membrane after 1 hr by scintillation counting analysis,CHEMBL2417494,Q9H244,P2Y purinoceptor 12,IC50,CCOC(=O)c1cc(C#N)c(N2CC(C(=O)NS(=O)(=O)Cc3ccccc3C)C2)nc1C,7.173925197299173
CHEMBL2419481,CHEMBL2001,P2Y purinoceptor 12,IC50,=,89.0,nM,CHEMBL2423149,B,Displacement of [125I]-AZ11931285 from P2Y12 receptor (unknown origin) expressed in CHO cell membrane after 1 hr by scintillation counting analysis,CHEMBL2417494,Q9H244,P2Y purinoceptor 12,IC50,CCOC(=O)c1cc(C#N)c(N2CC(C(=O)NS(=O)(=O)CC3CCCCC3)C2)nc1C,7.050609993355087
CHEMBL2419480,CHEMBL2001,P2Y purinoceptor 12,IC50,=,220.0,nM,CHEMBL2423149,B,Displacement of [125I]-AZ11931285 from P2Y12 receptor (unknown origin) expressed in CHO cell membrane after 1 hr by scintillation counting analysis,CHEMBL2417494,Q9H244,P2Y purinoceptor 12,IC50,CCOC(=O)c1cc(C#N)c(N2CC(C(=O)NS(=O)(=O)CCc3ccccc3)C2)nc1C,6.657577319177793
CHEMBL2419501,CHEMBL2001,P2Y purinoceptor 12,IC50,=,17.0,nM,CHEMBL2423149,B,Displacement of [125I]-AZ11931285 from P2Y12 receptor (unknown origin) expressed in CHO cell membrane after 1 hr by scintillation counting analysis,CHEMBL2417494,Q9H244,P2Y purinoceptor 12,IC50,CCOC(=O)c1cc(C#N)c(N2CC(C(=O)NS(=O)(=O)Cc3ccccc3)C2)nc1C,7.769551078621726
CHEMBL2419500,CHEMBL2001,P2Y purinoceptor 12,IC50,=,200.0,nM,CHEMBL2423149,B,Displacement of [125I]-AZ11931285 from P2Y12 receptor (unknown origin) expressed in CHO cell membrane after 1 hr by scintillation counting analysis,CHEMBL2417494,Q9H244,P2Y purinoceptor 12,IC50,CCOC(=O)c1cc(C#N)c(N2CC(C(=O)NS(=O)(=O)c3ccccc3)C2)nc1C,6.698970004336019
CHEMBL2419499,CHEMBL2001,P2Y purinoceptor 12,IC50,=,39.0,nM,CHEMBL2423149,B,Displacement of [125I]-AZ11931285 from P2Y12 receptor (unknown origin) expressed in CHO cell membrane after 1 hr by scintillation counting analysis,CHEMBL2417494,Q9H244,P2Y purinoceptor 12,IC50,CCOC(=O)c1cc(C#N)c(N2CCC(C(=O)NS(=O)(=O)c3ccc(Cl)s3)CC2)nc1C,7.4089353929735005
CHEMBL2419498,CHEMBL2001,P2Y purinoceptor 12,IC50,=,200.0,nM,CHEMBL2423149,B,Displacement of [125I]-AZ11931285 from P2Y12 receptor (unknown origin) expressed in CHO cell membrane after 1 hr by scintillation counting analysis,CHEMBL2417494,Q9H244,P2Y purinoceptor 12,IC50,CCOC(=O)c1cnc(N2CCC(C(=O)NS(=O)(=O)c3ccc(Cl)s3)CC2)c(Cl)c1,6.698970004336019
CHEMBL2419497,CHEMBL2001,P2Y purinoceptor 12,IC50,=,59.0,nM,CHEMBL2423149,B,Displacement of [125I]-AZ11931285 from P2Y12 receptor (unknown origin) expressed in CHO cell membrane after 1 hr by scintillation counting analysis,CHEMBL2417494,Q9H244,P2Y purinoceptor 12,IC50,CCOC(=O)c1cc(C#N)c(N2CC(C(=O)NS(=O)(=O)c3ccc(Cl)s3)C2)nc1C,7.229147988357855
CHEMBL2419496,CHEMBL2001,P2Y purinoceptor 12,IC50,=,500.0,nM,CHEMBL2423149,B,Displacement of [125I]-AZ11931285 from P2Y12 receptor (unknown origin) expressed in CHO cell membrane after 1 hr by scintillation counting analysis,CHEMBL2417494,Q9H244,P2Y purinoceptor 12,IC50,CCOC(=O)c1cnc(N2CC(C(=O)NS(=O)(=O)c3ccc(Cl)s3)C2)c(Cl)c1,6.301029995663981
CHEMBL3098250,CHEMBL2001,P2Y purinoceptor 12,IC50,=,4820.0,nM,CHEMBL3101028,B,Antagonist activity at P2Y12 receptor in human platelet-rich plasma assessed as inhibition of ADP-induced platelet aggregation incubated for 5 mins prior to ADP-challenge by light transmission-based assay,CHEMBL3098001,Q9H244,P2Y purinoceptor 12,IC50,CCCSc1nc(N[C@@H]2C[C@H]2c2ccc(F)c(F)c2)c2nnn([C@@H]3C[C@H](OCC(F)CO)[C@@H](O)[C@H]3O)c2n1,5.31695296176115
CHEMBL3098247,CHEMBL2001,P2Y purinoceptor 12,IC50,=,330.0,nM,CHEMBL3101028,B,Antagonist activity at P2Y12 receptor in human platelet-rich plasma assessed as inhibition of ADP-induced platelet aggregation incubated for 5 mins prior to ADP-challenge by light transmission-based assay,CHEMBL3098001,Q9H244,P2Y purinoceptor 12,IC50,CCCSc1nc(N[C@@H]2C[C@H]2c2ccc(F)c(F)c2)c2nnn([C@@H]3C[C@H](F)[C@@H](O)[C@H]3O)c2n1,6.481486060122112
CHEMBL3098246,CHEMBL2001,P2Y purinoceptor 12,IC50,=,1970.0,nM,CHEMBL3101028,B,Antagonist activity at P2Y12 receptor in human platelet-rich plasma assessed as inhibition of ADP-induced platelet aggregation incubated for 5 mins prior to ADP-challenge by light transmission-based assay,CHEMBL3098001,Q9H244,P2Y purinoceptor 12,IC50,CCCSc1nc(N[C@@H]2C[C@H]2c2ccc(F)c(F)c2)c2nnn([C@@H]3C=C[C@@H](O)[C@H]3O)c2n1,5.7055337738384075
CHEMBL3098244,CHEMBL2001,P2Y purinoceptor 12,IC50,=,6350.0,nM,CHEMBL3101028,B,Antagonist activity at P2Y12 receptor in human platelet-rich plasma assessed as inhibition of ADP-induced platelet aggregation incubated for 5 mins prior to ADP-challenge by light transmission-based assay,CHEMBL3098001,Q9H244,P2Y purinoceptor 12,IC50,CCCSc1nc(N[C@@H]2C[C@H]2c2ccc(F)c(F)c2)c2nnn([C@H]3[C@H](O)[C@H](O)[C@@H](OCCO)[C@@H]3F)c2n1,5.197226274708024
CHEMBL3098243,CHEMBL2001,P2Y purinoceptor 12,IC50,=,1670.0,nM,CHEMBL3101028,B,Antagonist activity at P2Y12 receptor in human platelet-rich plasma assessed as inhibition of ADP-induced platelet aggregation incubated for 5 mins prior to ADP-challenge by light transmission-based assay,CHEMBL3098001,Q9H244,P2Y purinoceptor 12,IC50,CCCSc1nc(N[C@@H]2C[C@H]2c2ccc(F)c(F)c2)c2nnn([C@H]3[C@H](O)[C@H](O)[C@@H](O)[C@@H]3F)c2n1,5.777283528852417
CHEMBL3098242,CHEMBL2001,P2Y purinoceptor 12,IC50,=,350.0,nM,CHEMBL3101028,B,Antagonist activity at P2Y12 receptor in human platelet-rich plasma assessed as inhibition of ADP-induced platelet aggregation incubated for 5 mins prior to ADP-challenge by light transmission-based assay,CHEMBL3098001,Q9H244,P2Y purinoceptor 12,IC50,CCCSc1nc(N[C@@H]2C[C@H]2c2ccc(F)c(F)c2)c2nnn([C@H]3[C@H](O)[C@H](O)[C@@H](OCCO)[C@H]3F)c2n1,6.455931955649724
CHEMBL3098241,CHEMBL2001,P2Y purinoceptor 12,IC50,=,220.0,nM,CHEMBL3101028,B,Antagonist activity at P2Y12 receptor in human platelet-rich plasma assessed as inhibition of ADP-induced platelet aggregation incubated for 5 mins prior to ADP-challenge by light transmission-based assay,CHEMBL3098001,Q9H244,P2Y purinoceptor 12,IC50,CCCSc1nc(N[C@@H]2C[C@H]2c2ccc(F)c(F)c2)c2nnn([C@H]3[C@H](O)[C@H](O)[C@@H](O)[C@H]3F)c2n1,6.657577319177793
CHEMBL3098240,CHEMBL2001,P2Y purinoceptor 12,IC50,=,1730.0,nM,CHEMBL3101028,B,Antagonist activity at P2Y12 receptor in human platelet-rich plasma assessed as inhibition of ADP-induced platelet aggregation incubated for 5 mins prior to ADP-challenge by light transmission-based assay,CHEMBL3098001,Q9H244,P2Y purinoceptor 12,IC50,CCCSc1nc(N[C@@H]2C[C@H]2c2ccc(F)c(F)c2)c2nnn(C3[C@H](O)[C@H](O)[C@@H](O)[C@H]3O)c2n1,5.761953896871205
CHEMBL3098239,CHEMBL2001,P2Y purinoceptor 12,IC50,=,11280.0,nM,CHEMBL3101028,B,Antagonist activity at P2Y12 receptor in human platelet-rich plasma assessed as inhibition of ADP-induced platelet aggregation incubated for 5 mins prior to ADP-challenge by light transmission-based assay,CHEMBL3098001,Q9H244,P2Y purinoceptor 12,IC50,CCCSc1nc(N[C@@H]2C[C@H]2c2ccc(F)c(F)c2)c2nnn([C@H]3[C@H](O)[C@H](O)[C@@H](OCCO)[C@@H]3O)c2n1,4.947690900352677
CHEMBL3098238,CHEMBL2001,P2Y purinoceptor 12,IC50,=,16300.0,nM,CHEMBL3101028,B,Antagonist activity at P2Y12 receptor in human platelet-rich plasma assessed as inhibition of ADP-induced platelet aggregation incubated for 5 mins prior to ADP-challenge by light transmission-based assay,CHEMBL3098001,Q9H244,P2Y purinoceptor 12,IC50,CCCSc1nc(N[C@@H]2C[C@H]2c2ccc(F)c(F)c2)c2nnn([C@H]3[C@H](O)[C@H](O)[C@@H](O)[C@@H]3O)c2n1,4.787812395596042
CHEMBL3098234,CHEMBL2001,P2Y purinoceptor 12,IC50,=,280.0,nM,CHEMBL3101028,B,Antagonist activity at P2Y12 receptor in human platelet-rich plasma assessed as inhibition of ADP-induced platelet aggregation incubated for 5 mins prior to ADP-challenge by light transmission-based assay,CHEMBL3098001,Q9H244,P2Y purinoceptor 12,IC50,CCCSc1nc(N[C@@H]2C[C@H]2c2ccc(Cl)s2)c2nnn([C@@H]3C[C@H](OCCO)[C@@H](O)[C@H]3O)c2n1,6.552841968657781
CHEMBL398435,CHEMBL2001,P2Y purinoceptor 12,IC50,=,500.0,nM,CHEMBL3101028,B,Antagonist activity at P2Y12 receptor in human platelet-rich plasma assessed as inhibition of ADP-induced platelet aggregation incubated for 5 mins prior to ADP-challenge by light transmission-based assay,CHEMBL3098001,Q9H244,P2Y purinoceptor 12,IC50,CCCSc1nc(N[C@@H]2C[C@H]2c2ccc(F)c(F)c2)c2nnn([C@@H]3C[C@H](OCCO)[C@@H](O)[C@H]3O)c2n1,6.301029995663981
CHEMBL3288123,CHEMBL2001,P2Y purinoceptor 12,IC50,=,4.0,nM,CHEMBL3291830,B,Displacement of [125I]AZ11931285 from human P2Y12 receptor expressed in CHOK1 cell membrane after 60 mins,CHEMBL3286224,Q9H244,P2Y purinoceptor 12,IC50,CCCC(=O)c1cc(C#N)c(N2CCC(C(=O)NS(=O)(=O)C3(c4ccccc4)CC3)CC2)nc1SC,8.397940008672037
CHEMBL2419490,CHEMBL2001,P2Y purinoceptor 12,IC50,=,9.0,nM,CHEMBL3291830,B,Displacement of [125I]AZ11931285 from human P2Y12 receptor expressed in CHOK1 cell membrane after 60 mins,CHEMBL3286224,Q9H244,P2Y purinoceptor 12,IC50,CCOC(=O)c1cc(C#N)c(N2CCC(C(=O)NS(=O)(=O)Cc3ccccc3)CC2)nc1C,8.045757490560675
CHEMBL2419490,CHEMBL2001,P2Y purinoceptor 12,IC50,=,14.0,nM,CHEMBL3291829,B,Displacement of [125I]AZ11931285 from human P2Y12 receptor expressed in CHOK1 cell membrane after 60 seconds,CHEMBL3286224,Q9H244,P2Y purinoceptor 12,IC50,CCOC(=O)c1cc(C#N)c(N2CCC(C(=O)NS(=O)(=O)Cc3ccccc3)CC2)nc1C,7.853871964321762
CHEMBL2419490,CHEMBL2001,P2Y purinoceptor 12,IC50,=,22.0,nM,CHEMBL3291828,B,Displacement of [125I]AZ11931285 from human P2Y12 receptor expressed in CHOK1 cell membrane after 30 seconds,CHEMBL3286224,Q9H244,P2Y purinoceptor 12,IC50,CCOC(=O)c1cc(C#N)c(N2CCC(C(=O)NS(=O)(=O)Cc3ccccc3)CC2)nc1C,7.657577319177793
CHEMBL3288123,CHEMBL2001,P2Y purinoceptor 12,IC50,=,23.0,nM,CHEMBL3291829,B,Displacement of [125I]AZ11931285 from human P2Y12 receptor expressed in CHOK1 cell membrane after 60 seconds,CHEMBL3286224,Q9H244,P2Y purinoceptor 12,IC50,CCCC(=O)c1cc(C#N)c(N2CCC(C(=O)NS(=O)(=O)C3(c4ccccc4)CC3)CC2)nc1SC,7.638272163982407
CHEMBL3288123,CHEMBL2001,P2Y purinoceptor 12,IC50,=,41.0,nM,CHEMBL3291828,B,Displacement of [125I]AZ11931285 from human P2Y12 receptor expressed in CHOK1 cell membrane after 30 seconds,CHEMBL3286224,Q9H244,P2Y purinoceptor 12,IC50,CCCC(=O)c1cc(C#N)c(N2CCC(C(=O)NS(=O)(=O)C3(c4ccccc4)CC3)CC2)nc1SC,7.3872161432802645
CHEMBL2419490,CHEMBL2001,P2Y purinoceptor 12,IC50,=,44.0,nM,CHEMBL3291827,B,Displacement of [125I]AZ11931285 from human P2Y12 receptor expressed in CHOK1 cell membrane after 10 seconds,CHEMBL3286224,Q9H244,P2Y purinoceptor 12,IC50,CCOC(=O)c1cc(C#N)c(N2CCC(C(=O)NS(=O)(=O)Cc3ccccc3)CC2)nc1C,7.356547323513812
CHEMBL3288123,CHEMBL2001,P2Y purinoceptor 12,IC50,=,126.0,nM,CHEMBL3291827,B,Displacement of [125I]AZ11931285 from human P2Y12 receptor expressed in CHOK1 cell membrane after 10 seconds,CHEMBL3286224,Q9H244,P2Y purinoceptor 12,IC50,CCCC(=O)c1cc(C#N)c(N2CCC(C(=O)NS(=O)(=O)C3(c4ccccc4)CC3)CC2)nc1SC,6.899629454882437
CHEMBL3288123,CHEMBL2001,P2Y purinoceptor 12,IC50,=,1.0,nM,CHEMBL3291814,B,Antagonist activity P2Y12 receptor in human washed platelets assessed as inhibition of ADP-induced platelet aggregation after 5 to 90 mins by spectrophotometric analysis,CHEMBL3286224,Q9H244,P2Y purinoceptor 12,IC50,CCCC(=O)c1cc(C#N)c(N2CCC(C(=O)NS(=O)(=O)C3(c4ccccc4)CC3)CC2)nc1SC,9.0
CHEMBL2419490,CHEMBL2001,P2Y purinoceptor 12,IC50,=,9.0,nM,CHEMBL3291814,B,Antagonist activity P2Y12 receptor in human washed platelets assessed as inhibition of ADP-induced platelet aggregation after 5 to 90 mins by spectrophotometric analysis,CHEMBL3286224,Q9H244,P2Y purinoceptor 12,IC50,CCOC(=O)c1cc(C#N)c(N2CCC(C(=O)NS(=O)(=O)Cc3ccccc3)CC2)nc1C,8.045757490560675
CHEMBL3288123,CHEMBL2001,P2Y purinoceptor 12,IC50,=,640.0,nM,CHEMBL3291548,B,Antagonist activity P2Y12 receptor in human blood assessed as inhibition of ADP-induced platelet aggregation measured as residual platelet count after 5 mins by flow cytometric analysis,CHEMBL3286224,Q9H244,P2Y purinoceptor 12,IC50,CCCC(=O)c1cc(C#N)c(N2CCC(C(=O)NS(=O)(=O)C3(c4ccccc4)CC3)CC2)nc1SC,6.1938200260161125
CHEMBL3288127,CHEMBL2001,P2Y purinoceptor 12,IC50,=,1400.0,nM,CHEMBL3291548,B,Antagonist activity P2Y12 receptor in human blood assessed as inhibition of ADP-induced platelet aggregation measured as residual platelet count after 5 mins by flow cytometric analysis,CHEMBL3286224,Q9H244,P2Y purinoceptor 12,IC50,CCCC(=O)c1cc(C#N)c(N2CCC(C(=O)NS(=O)(=O)Cc3ccccc3)CC2)nc1SC,5.853871964321762
CHEMBL2419490,CHEMBL2001,P2Y purinoceptor 12,IC50,=,3200.0,nM,CHEMBL3291548,B,Antagonist activity P2Y12 receptor in human blood assessed as inhibition of ADP-induced platelet aggregation measured as residual platelet count after 5 mins by flow cytometric analysis,CHEMBL3286224,Q9H244,P2Y purinoceptor 12,IC50,CCOC(=O)c1cc(C#N)c(N2CCC(C(=O)NS(=O)(=O)Cc3ccccc3)CC2)nc1C,5.494850021680094
CHEMBL3288134,CHEMBL2001,P2Y purinoceptor 12,IC50,=,7000.0,nM,CHEMBL3291548,B,Antagonist activity P2Y12 receptor in human blood assessed as inhibition of ADP-induced platelet aggregation measured as residual platelet count after 5 mins by flow cytometric analysis,CHEMBL3286224,Q9H244,P2Y purinoceptor 12,IC50,CCCC(=O)c1cc(C#N)c(N2CCC(C(=O)NS(=O)(=O)Cc3ccccc3)CC2)nc1C,5.154901959985743
CHEMBL3288130,CHEMBL2001,P2Y purinoceptor 12,IC50,=,8000.0,nM,CHEMBL3291548,B,Antagonist activity P2Y12 receptor in human blood assessed as inhibition of ADP-induced platelet aggregation measured as residual platelet count after 5 mins by flow cytometric analysis,CHEMBL3286224,Q9H244,P2Y purinoceptor 12,IC50,CCCC(=O)c1cc(C#N)c(N2CCC(C(=O)NS(=O)(=O)Cc3ccccc3)CC2)nc1CF,5.096910013008056
CHEMBL3288132,CHEMBL2001,P2Y purinoceptor 12,IC50,=,10300.0,nM,CHEMBL3291548,B,Antagonist activity P2Y12 receptor in human blood assessed as inhibition of ADP-induced platelet aggregation measured as residual platelet count after 5 mins by flow cytometric analysis,CHEMBL3286224,Q9H244,P2Y purinoceptor 12,IC50,CCCC(=O)c1cc(C#N)c(N2CCC(C(=O)NS(=O)(=O)Cc3ccccc3)CC2)nc1OC,4.987162775294828
CHEMBL3288129,CHEMBL2001,P2Y purinoceptor 12,IC50,=,10500.0,nM,CHEMBL3291548,B,Antagonist activity P2Y12 receptor in human blood assessed as inhibition of ADP-induced platelet aggregation measured as residual platelet count after 5 mins by flow cytometric analysis,CHEMBL3286224,Q9H244,P2Y purinoceptor 12,IC50,CCCC(=O)c1cc(C#N)c(N2CCC(C(=O)NS(=O)(=O)Cc3ccc(Cl)cc3)CC2)nc1C,4.978810700930062
CHEMBL3288128,CHEMBL2001,P2Y purinoceptor 12,IC50,=,11000.0,nM,CHEMBL3291548,B,Antagonist activity P2Y12 receptor in human blood assessed as inhibition of ADP-induced platelet aggregation measured as residual platelet count after 5 mins by flow cytometric analysis,CHEMBL3286224,Q9H244,P2Y purinoceptor 12,IC50,CCCC(=O)c1cc(C#N)c(N2CCC(C(=O)NS(=O)(=O)Cc3ccc(C)cc3)CC2)nc1C,4.958607314841775
CHEMBL3288126,CHEMBL2001,P2Y purinoceptor 12,IC50,=,11000.0,nM,CHEMBL3291548,B,Antagonist activity P2Y12 receptor in human blood assessed as inhibition of ADP-induced platelet aggregation measured as residual platelet count after 5 mins by flow cytometric analysis,CHEMBL3286224,Q9H244,P2Y purinoceptor 12,IC50,CCCC(=O)c1cc(C#N)c(N2CCC(C(=O)NS(=O)(=O)Cc3ccc(F)cc3F)CC2)nc1C,4.958607314841775
CHEMBL3288131,CHEMBL2001,P2Y purinoceptor 12,IC50,=,11500.0,nM,CHEMBL3291548,B,Antagonist activity P2Y12 receptor in human blood assessed as inhibition of ADP-induced platelet aggregation measured as residual platelet count after 5 mins by flow cytometric analysis,CHEMBL3286224,Q9H244,P2Y purinoceptor 12,IC50,CCCC(=O)c1cc(C#N)c(N2CCC(C(=O)NS(=O)(=O)Cc3ccccc3)CC2)nc1C(F)F,4.939302159646388
CHEMBL3288122,CHEMBL2001,P2Y purinoceptor 12,IC50,=,20000.0,nM,CHEMBL3291548,B,Antagonist activity P2Y12 receptor in human blood assessed as inhibition of ADP-induced platelet aggregation measured as residual platelet count after 5 mins by flow cytometric analysis,CHEMBL3286224,Q9H244,P2Y purinoceptor 12,IC50,CCCC(=O)c1cc(C#N)c(N2CCC(C(=O)NS(=O)(=O)C3(c4ccccc4)CC3)CC2)nc1C,4.698970004336019
CHEMBL3288121,CHEMBL2001,P2Y purinoceptor 12,IC50,=,28000.0,nM,CHEMBL3291548,B,Antagonist activity P2Y12 receptor in human blood assessed as inhibition of ADP-induced platelet aggregation measured as residual platelet count after 5 mins by flow cytometric analysis,CHEMBL3286224,Q9H244,P2Y purinoceptor 12,IC50,CCCC(=O)c1cc(C#N)c(N2CCC(C(=O)NS(=O)(=O)C(C)c3ccccc3)CC2)nc1C,4.552841968657781
CHEMBL3326900,CHEMBL2001,P2Y purinoceptor 12,IC50,=,1540.0,nM,CHEMBL3367077,B,Displacement of [33P]2MeS-ADP from P2Y12 receptor (unknown origin) transfected in CHO cells after 30 mins by scintillation counting analysis,CHEMBL3352233,Q9H244,P2Y purinoceptor 12,IC50,CCOC(=O)c1c(C)nn(-c2ccc(C(=O)NCc3ccccc3OC)cc2)c1C,5.8124792791635365
CHEMBL3326901,CHEMBL2001,P2Y purinoceptor 12,IC50,=,1260.0,nM,CHEMBL3367077,B,Displacement of [33P]2MeS-ADP from P2Y12 receptor (unknown origin) transfected in CHO cells after 30 mins by scintillation counting analysis,CHEMBL3352233,Q9H244,P2Y purinoceptor 12,IC50,CCOC(=O)c1c(C)nn(-c2ccc(NC(=O)Nc3ccc(Cl)cc3)cc2)c1C,5.899629454882437
CHEMBL3326902,CHEMBL2001,P2Y purinoceptor 12,IC50,=,80.0,nM,CHEMBL3367077,B,Displacement of [33P]2MeS-ADP from P2Y12 receptor (unknown origin) transfected in CHO cells after 30 mins by scintillation counting analysis,CHEMBL3352233,Q9H244,P2Y purinoceptor 12,IC50,CCOC(=O)c1c(C)nn(-c2ccc(NC(=O)Nc3ccccc3OCCCC(=O)O)cc2)c1C,7.096910013008056
CHEMBL3326903,CHEMBL2001,P2Y purinoceptor 12,IC50,=,17.0,nM,CHEMBL3367077,B,Displacement of [33P]2MeS-ADP from P2Y12 receptor (unknown origin) transfected in CHO cells after 30 mins by scintillation counting analysis,CHEMBL3352233,Q9H244,P2Y purinoceptor 12,IC50,CCCC(=O)c1cnn(-c2ccc(NC(=O)Nc3cc(C)ccc3OCCCC(=O)O)cc2)c1C,7.769551078621726
CHEMBL3326904,CHEMBL2001,P2Y purinoceptor 12,IC50,=,47.0,nM,CHEMBL3367077,B,Displacement of [33P]2MeS-ADP from P2Y12 receptor (unknown origin) transfected in CHO cells after 30 mins by scintillation counting analysis,CHEMBL3352233,Q9H244,P2Y purinoceptor 12,IC50,CCCC(=O)c1cnn(-c2ccc(NC(=O)n3cc(CCCC(=O)O)c4ccc(C)cc43)cc2)c1C,7.327902142064282
CHEMBL3326905,CHEMBL2001,P2Y purinoceptor 12,IC50,=,24.0,nM,CHEMBL3367077,B,Displacement of [33P]2MeS-ADP from P2Y12 receptor (unknown origin) transfected in CHO cells after 30 mins by scintillation counting analysis,CHEMBL3352233,Q9H244,P2Y purinoceptor 12,IC50,CCCC(=O)c1cnn(-c2ccc(NC(=O)c3cn(CCCC(=O)O)c4ccc(C)cc34)cc2)c1C,7.619788758288394
CHEMBL3326906,CHEMBL2001,P2Y purinoceptor 12,IC50,=,7.0,nM,CHEMBL3367077,B,Displacement of [33P]2MeS-ADP from P2Y12 receptor (unknown origin) transfected in CHO cells after 30 mins by scintillation counting analysis,CHEMBL3352233,Q9H244,P2Y purinoceptor 12,IC50,CCCC(=O)c1cnn(-c2ccc(NC(=O)c3cn(CCC(=O)O)c4ccc(C)cc34)cc2)c1C,8.154901959985743
CHEMBL3326907,CHEMBL2001,P2Y purinoceptor 12,IC50,=,0.9,nM,CHEMBL3367077,B,Displacement of [33P]2MeS-ADP from P2Y12 receptor (unknown origin) transfected in CHO cells after 30 mins by scintillation counting analysis,CHEMBL3352233,Q9H244,P2Y purinoceptor 12,IC50,CCCC(=O)c1cnn(-c2ccc(NC(=O)c3cn(CC(=O)O)c4ccc(C)cc34)cc2)c1C,9.045757490560675
CHEMBL3326908,CHEMBL2001,P2Y purinoceptor 12,IC50,=,304.0,nM,CHEMBL3367077,B,Displacement of [33P]2MeS-ADP from P2Y12 receptor (unknown origin) transfected in CHO cells after 30 mins by scintillation counting analysis,CHEMBL3352233,Q9H244,P2Y purinoceptor 12,IC50,CCCC(=O)c1cnn(-c2ccc(N(C)C(=O)c3cn(CC(=O)O)c4ccc(C)cc34)cc2)c1C,6.517126416391246
CHEMBL3325625,CHEMBL2001,P2Y purinoceptor 12,IC50,=,84.0,nM,CHEMBL3367077,B,Displacement of [33P]2MeS-ADP from P2Y12 receptor (unknown origin) transfected in CHO cells after 30 mins by scintillation counting analysis,CHEMBL3352233,Q9H244,P2Y purinoceptor 12,IC50,CCCC(=O)c1cnn(-c2ccc(NC(=O)c3c(C)n(CC(=O)O)c4ccc(C)cc34)cc2)c1C,7.075720713938118
CHEMBL3325626,CHEMBL2001,P2Y purinoceptor 12,IC50,=,272.0,nM,CHEMBL3367077,B,Displacement of [33P]2MeS-ADP from P2Y12 receptor (unknown origin) transfected in CHO cells after 30 mins by scintillation counting analysis,CHEMBL3352233,Q9H244,P2Y purinoceptor 12,IC50,CCCC(=O)c1cnn(-c2ccc(NC(=O)c3cn(CC(=O)O)c4ccc(C)c(C)c34)cc2)c1C,6.565431095965801
CHEMBL3325627,CHEMBL2001,P2Y purinoceptor 12,IC50,=,5.1,nM,CHEMBL3367077,B,Displacement of [33P]2MeS-ADP from P2Y12 receptor (unknown origin) transfected in CHO cells after 30 mins by scintillation counting analysis,CHEMBL3352233,Q9H244,P2Y purinoceptor 12,IC50,CCCC(=O)c1cnn(-c2ccc(NC(=O)c3cn(CC(=O)O)c4cc(C)c(C)cc34)cc2)c1C,8.292429823902063
CHEMBL3325628,CHEMBL2001,P2Y purinoceptor 12,IC50,=,93.0,nM,CHEMBL3367077,B,Displacement of [33P]2MeS-ADP from P2Y12 receptor (unknown origin) transfected in CHO cells after 30 mins by scintillation counting analysis,CHEMBL3352233,Q9H244,P2Y purinoceptor 12,IC50,CCCC(=O)c1cnn(-c2ccc(NC(=O)c3cn(CC(=O)OC)c4ccc(C)cc34)cc2)c1C,7.031517051446065
CHEMBL3325629,CHEMBL2001,P2Y purinoceptor 12,IC50,=,31.0,nM,CHEMBL3367077,B,Displacement of [33P]2MeS-ADP from P2Y12 receptor (unknown origin) transfected in CHO cells after 30 mins by scintillation counting analysis,CHEMBL3352233,Q9H244,P2Y purinoceptor 12,IC50,CCCC(=O)c1cnn(-c2ccc(NC(=O)c3cn(CC(=O)N(C)C)c4cc(C)c(C)cc34)cc2)c1C,7.508638306165727
CHEMBL3325630,CHEMBL2001,P2Y purinoceptor 12,IC50,=,39.0,nM,CHEMBL3367077,B,Displacement of [33P]2MeS-ADP from P2Y12 receptor (unknown origin) transfected in CHO cells after 30 mins by scintillation counting analysis,CHEMBL3352233,Q9H244,P2Y purinoceptor 12,IC50,CCCC(=O)c1cnn(-c2ccc(NC(=O)c3cn(CC(=O)N4CCN(C)CC4)c4cc(C)c(C)cc34)cc2)c1C.Cl,7.4089353929735005
CHEMBL3325631,CHEMBL2001,P2Y purinoceptor 12,IC50,=,31.0,nM,CHEMBL3367077,B,Displacement of [33P]2MeS-ADP from P2Y12 receptor (unknown origin) transfected in CHO cells after 30 mins by scintillation counting analysis,CHEMBL3352233,Q9H244,P2Y purinoceptor 12,IC50,CCCC(=O)c1cnn(-c2ccc(NC(=O)c3cn(CC(=O)N4CCN(C)CC4)c4ccc(C)cc34)cc2)c1C.Cl,7.508638306165727
CHEMBL3325632,CHEMBL2001,P2Y purinoceptor 12,IC50,=,61.0,nM,CHEMBL3367077,B,Displacement of [33P]2MeS-ADP from P2Y12 receptor (unknown origin) transfected in CHO cells after 30 mins by scintillation counting analysis,CHEMBL3352233,Q9H244,P2Y purinoceptor 12,IC50,CCCC(=O)c1cnn(-c2ccc(NC(=O)c3cn(CC(=O)N[C@H]4CCNC4)c4ccc(C)cc34)cc2)c1C,7.214670164989233
CHEMBL3325633,CHEMBL2001,P2Y purinoceptor 12,IC50,=,94.0,nM,CHEMBL3367077,B,Displacement of [33P]2MeS-ADP from P2Y12 receptor (unknown origin) transfected in CHO cells after 30 mins by scintillation counting analysis,CHEMBL3352233,Q9H244,P2Y purinoceptor 12,IC50,CCCC(=O)c1cnn(-c2ccc(NC(=O)c3cn(CC(=O)N(C)CCNC)c4ccc(C)cc34)cc2)c1C,7.026872146400302
CHEMBL3325634,CHEMBL2001,P2Y purinoceptor 12,IC50,=,92.0,nM,CHEMBL3367077,B,Displacement of [33P]2MeS-ADP from P2Y12 receptor (unknown origin) transfected in CHO cells after 30 mins by scintillation counting analysis,CHEMBL3352233,Q9H244,P2Y purinoceptor 12,IC50,CCCC(=O)c1cnn(-c2ccc(NC(=O)c3cn(CC(=O)NCCN(C)C)c4ccc(C)cc34)cc2)c1C,7.036212172654444
CHEMBL3325635,CHEMBL2001,P2Y purinoceptor 12,IC50,=,194.0,nM,CHEMBL3367077,B,Displacement of [33P]2MeS-ADP from P2Y12 receptor (unknown origin) transfected in CHO cells after 30 mins by scintillation counting analysis,CHEMBL3352233,Q9H244,P2Y purinoceptor 12,IC50,CCCC(=O)c1cnn(-c2ccc(NC(=O)c3cn(CC(=O)NCCN4CCCC4)c4ccc(C)cc34)cc2)c1C,6.7121982700697735
CHEMBL3325636,CHEMBL2001,P2Y purinoceptor 12,IC50,=,124.0,nM,CHEMBL3367077,B,Displacement of [33P]2MeS-ADP from P2Y12 receptor (unknown origin) transfected in CHO cells after 30 mins by scintillation counting analysis,CHEMBL3352233,Q9H244,P2Y purinoceptor 12,IC50,CCCC(=O)c1cnn(-c2ccc(NC(=O)c3cn(CC(=O)N(C)CCN4CCCC4)c4ccc(C)cc34)cc2)c1C,6.906578314837764
CHEMBL3325637,CHEMBL2001,P2Y purinoceptor 12,IC50,=,61.0,nM,CHEMBL3367077,B,Displacement of [33P]2MeS-ADP from P2Y12 receptor (unknown origin) transfected in CHO cells after 30 mins by scintillation counting analysis,CHEMBL3352233,Q9H244,P2Y purinoceptor 12,IC50,CCCC(=O)c1cnn(-c2ccc(NC(=O)c3cn(CC(=O)NCCn4ccnc4)c4ccc(C)cc34)cc2)c1C,7.214670164989233
CHEMBL3325638,CHEMBL2001,P2Y purinoceptor 12,IC50,=,88.0,nM,CHEMBL3367077,B,Displacement of [33P]2MeS-ADP from P2Y12 receptor (unknown origin) transfected in CHO cells after 30 mins by scintillation counting analysis,CHEMBL3352233,Q9H244,P2Y purinoceptor 12,IC50,CCCC(=O)c1cnn(-c2ccc(NC(=O)c3cn(CC(=O)NC(C)CN(C)C)c4ccc(C)cc34)cc2)c1C,7.055517327849831
CHEMBL3325639,CHEMBL2001,P2Y purinoceptor 12,IC50,=,139.0,nM,CHEMBL3367077,B,Displacement of [33P]2MeS-ADP from P2Y12 receptor (unknown origin) transfected in CHO cells after 30 mins by scintillation counting analysis,CHEMBL3352233,Q9H244,P2Y purinoceptor 12,IC50,CCCC(=O)c1cnn(-c2ccc(NC(=O)c3cn(CC(=O)NC4CCN(C)CC4)c4ccc(C)cc34)cc2)c1C,6.856985199745905
CHEMBL3325640,CHEMBL2001,P2Y purinoceptor 12,IC50,=,47.0,nM,CHEMBL3367077,B,Displacement of [33P]2MeS-ADP from P2Y12 receptor (unknown origin) transfected in CHO cells after 30 mins by scintillation counting analysis,CHEMBL3352233,Q9H244,P2Y purinoceptor 12,IC50,CCCC(=O)c1cnn(-c2ccc(NC(=O)c3cn(CC(=O)N(C)C4CCN(C)C4)c4ccc(C)cc34)cc2)c1C,7.327902142064282
CHEMBL3325641,CHEMBL2001,P2Y purinoceptor 12,IC50,=,71.0,nM,CHEMBL3367077,B,Displacement of [33P]2MeS-ADP from P2Y12 receptor (unknown origin) transfected in CHO cells after 30 mins by scintillation counting analysis,CHEMBL3352233,Q9H244,P2Y purinoceptor 12,IC50,CCCC(=O)c1cnn(-c2ccc(NC(=O)c3cn(CC(=O)NC4CCCN(C)C4)c4ccc(C)cc34)cc2)c1C,7.1487416512809245
CHEMBL3325642,CHEMBL2001,P2Y purinoceptor 12,IC50,=,84.0,nM,CHEMBL3367077,B,Displacement of [33P]2MeS-ADP from P2Y12 receptor (unknown origin) transfected in CHO cells after 30 mins by scintillation counting analysis,CHEMBL3352233,Q9H244,P2Y purinoceptor 12,IC50,CCCC(=O)c1cnn(-c2ccc(NC(=O)c3cn(CC(=O)N(C)CC4CCCN(C)C4)c4ccc(C)cc34)cc2)c1C,7.075720713938118
CHEMBL3325643,CHEMBL2001,P2Y purinoceptor 12,IC50,=,95.0,nM,CHEMBL3367077,B,Displacement of [33P]2MeS-ADP from P2Y12 receptor (unknown origin) transfected in CHO cells after 30 mins by scintillation counting analysis,CHEMBL3352233,Q9H244,P2Y purinoceptor 12,IC50,CCCC(=O)c1cnn(-c2ccc(NC(=O)c3cn(CC(=O)N4CCCN(C)CC4)c4ccc(C)cc34)cc2)c1C,7.022276394711152
CHEMBL3325644,CHEMBL2001,P2Y purinoceptor 12,IC50,=,71.0,nM,CHEMBL3367077,B,Displacement of [33P]2MeS-ADP from P2Y12 receptor (unknown origin) transfected in CHO cells after 30 mins by scintillation counting analysis,CHEMBL3352233,Q9H244,P2Y purinoceptor 12,IC50,CCCC(=O)c1cnn(-c2ccc(NC(=O)c3cn(CC(=O)N4CCC(N)CC4)c4ccc(C)cc34)cc2)c1C,7.1487416512809245
CHEMBL3325645,CHEMBL2001,P2Y purinoceptor 12,IC50,=,115.0,nM,CHEMBL3367077,B,Displacement of [33P]2MeS-ADP from P2Y12 receptor (unknown origin) transfected in CHO cells after 30 mins by scintillation counting analysis,CHEMBL3352233,Q9H244,P2Y purinoceptor 12,IC50,CCCC(=O)c1cnn(-c2ccc(NC(=O)c3cn(CC(=O)N4CCC(NC)CC4)c4ccc(C)cc34)cc2)c1C,6.939302159646388
CHEMBL3325646,CHEMBL2001,P2Y purinoceptor 12,IC50,=,94.0,nM,CHEMBL3367077,B,Displacement of [33P]2MeS-ADP from P2Y12 receptor (unknown origin) transfected in CHO cells after 30 mins by scintillation counting analysis,CHEMBL3352233,Q9H244,P2Y purinoceptor 12,IC50,CCCC(=O)c1cnn(-c2ccc(NC(=O)c3cn(CC(=O)N4CCC(NC)C4)c4ccc(C)cc34)cc2)c1C,7.026872146400302
CHEMBL3325647,CHEMBL2001,P2Y purinoceptor 12,IC50,=,87.0,nM,CHEMBL3367077,B,Displacement of [33P]2MeS-ADP from P2Y12 receptor (unknown origin) transfected in CHO cells after 30 mins by scintillation counting analysis,CHEMBL3352233,Q9H244,P2Y purinoceptor 12,IC50,CCCC(=O)c1cnn(-c2ccc(NC(=O)c3cn(CC(=O)N4CCC(N(C)C)C4)c4ccc(C)cc34)cc2)c1C,7.060480747381382
CHEMBL3325648,CHEMBL2001,P2Y purinoceptor 12,IC50,=,46.0,nM,CHEMBL3367077,B,Displacement of [33P]2MeS-ADP from P2Y12 receptor (unknown origin) transfected in CHO cells after 30 mins by scintillation counting analysis,CHEMBL3352233,Q9H244,P2Y purinoceptor 12,IC50,CCCC(=O)c1cnn(-c2ccc(NC(=O)c3cn(CC(=O)N4CCCC(N)C4)c4ccc(C)cc34)cc2)c1C,7.337242168318426
CHEMBL3325649,CHEMBL2001,P2Y purinoceptor 12,IC50,=,65.0,nM,CHEMBL3367077,B,Displacement of [33P]2MeS-ADP from P2Y12 receptor (unknown origin) transfected in CHO cells after 30 mins by scintillation counting analysis,CHEMBL3352233,Q9H244,P2Y purinoceptor 12,IC50,CCCC(=O)c1cnn(-c2ccc(NC(=O)c3cn(CC(=O)N4CCCC(NC)C4)c4ccc(C)cc34)cc2)c1C,7.187086643357144
CHEMBL3325650,CHEMBL2001,P2Y purinoceptor 12,IC50,=,73.0,nM,CHEMBL3367077,B,Displacement of [33P]2MeS-ADP from P2Y12 receptor (unknown origin) transfected in CHO cells after 30 mins by scintillation counting analysis,CHEMBL3352233,Q9H244,P2Y purinoceptor 12,IC50,CCCC(=O)c1cnn(-c2ccc(NC(=O)c3cn(CC(=O)N4CCCC(N(C)C)C4)c4ccc(C)cc34)cc2)c1C,7.136677139879544
CHEMBL3325651,CHEMBL2001,P2Y purinoceptor 12,IC50,=,111.0,nM,CHEMBL3367077,B,Displacement of [33P]2MeS-ADP from P2Y12 receptor (unknown origin) transfected in CHO cells after 30 mins by scintillation counting analysis,CHEMBL3352233,Q9H244,P2Y purinoceptor 12,IC50,CCCC(=O)c1cnn(-c2ccc(NC(=O)c3cn(CC(=O)N4CCCCC4CN)c4ccc(C)cc34)cc2)c1C,6.954677021213342
CHEMBL3325652,CHEMBL2001,P2Y purinoceptor 12,IC50,=,100.0,nM,CHEMBL3367077,B,Displacement of [33P]2MeS-ADP from P2Y12 receptor (unknown origin) transfected in CHO cells after 30 mins by scintillation counting analysis,CHEMBL3352233,Q9H244,P2Y purinoceptor 12,IC50,CCCC(=O)c1cnn(-c2ccc(NC(=O)c3cn(CC(=O)N4CCCCC4CN4CCCC4)c4ccc(C)cc34)cc2)c1C,7.0
CHEMBL3325653,CHEMBL2001,P2Y purinoceptor 12,IC50,=,117.0,nM,CHEMBL3367077,B,Displacement of [33P]2MeS-ADP from P2Y12 receptor (unknown origin) transfected in CHO cells after 30 mins by scintillation counting analysis,CHEMBL3352233,Q9H244,P2Y purinoceptor 12,IC50,CCCC(=O)c1cnn(-c2ccc(NC(=O)c3cn(CC(=O)N4CC5CCNC5C4)c4ccc(C)cc34)cc2)c1C,6.931814138253838
CHEMBL3325654,CHEMBL2001,P2Y purinoceptor 12,IC50,=,89.0,nM,CHEMBL3367077,B,Displacement of [33P]2MeS-ADP from P2Y12 receptor (unknown origin) transfected in CHO cells after 30 mins by scintillation counting analysis,CHEMBL3352233,Q9H244,P2Y purinoceptor 12,IC50,CCCC(=O)c1cnn(-c2ccc(NC(=O)c3cn(CC(=O)N4CC5CCN(C)C5C4)c4ccc(C)cc34)cc2)c1C,7.050609993355087
CHEMBL3325655,CHEMBL2001,P2Y purinoceptor 12,IC50,=,106.0,nM,CHEMBL3367077,B,Displacement of [33P]2MeS-ADP from P2Y12 receptor (unknown origin) transfected in CHO cells after 30 mins by scintillation counting analysis,CHEMBL3352233,Q9H244,P2Y purinoceptor 12,IC50,CCCC(=O)c1cnn(-c2ccc(NC(=O)c3cn(CC(=O)N4CC5CNCC5C4)c4ccc(C)cc34)cc2)c1C,6.97469413473523
CHEMBL3325656,CHEMBL2001,P2Y purinoceptor 12,IC50,=,33.0,nM,CHEMBL3367077,B,Displacement of [33P]2MeS-ADP from P2Y12 receptor (unknown origin) transfected in CHO cells after 30 mins by scintillation counting analysis,CHEMBL3352233,Q9H244,P2Y purinoceptor 12,IC50,CCCC(=O)c1cnn(-c2ccc(NC(=O)c3cn(CC(=O)N4CC5CN(C)CC5C4)c4ccc(C)cc34)cc2)c1C,7.481486060122112
CHEMBL3325657,CHEMBL2001,P2Y purinoceptor 12,IC50,=,66.0,nM,CHEMBL3367077,B,Displacement of [33P]2MeS-ADP from P2Y12 receptor (unknown origin) transfected in CHO cells after 30 mins by scintillation counting analysis,CHEMBL3352233,Q9H244,P2Y purinoceptor 12,IC50,CCCC(=O)c1cnn(-c2ccc(NC(=O)c3cn(CC(=O)N4CCN(CC)CC4)c4ccc(C)cc34)cc2)c1C,7.180456064458131
CHEMBL3325658,CHEMBL2001,P2Y purinoceptor 12,IC50,=,121.0,nM,CHEMBL3367077,B,Displacement of [33P]2MeS-ADP from P2Y12 receptor (unknown origin) transfected in CHO cells after 30 mins by scintillation counting analysis,CHEMBL3352233,Q9H244,P2Y purinoceptor 12,IC50,CCCCN1CCN(C(=O)Cn2cc(C(=O)Nc3ccc(-n4ncc(C(=O)CCC)c4C)cc3)c3cc(C)ccc32)CC1,6.91721462968355
CHEMBL3325659,CHEMBL2001,P2Y purinoceptor 12,IC50,=,41.0,nM,CHEMBL3367077,B,Displacement of [33P]2MeS-ADP from P2Y12 receptor (unknown origin) transfected in CHO cells after 30 mins by scintillation counting analysis,CHEMBL3352233,Q9H244,P2Y purinoceptor 12,IC50,CCCC(=O)c1cnn(-c2ccc(NC(=O)c3cn(CC(=O)N4CCN(CCO)CC4)c4ccc(C)cc34)cc2)c1C,7.3872161432802645
CHEMBL3325660,CHEMBL2001,P2Y purinoceptor 12,IC50,=,20.0,nM,CHEMBL3367077,B,Displacement of [33P]2MeS-ADP from P2Y12 receptor (unknown origin) transfected in CHO cells after 30 mins by scintillation counting analysis,CHEMBL3352233,Q9H244,P2Y purinoceptor 12,IC50,CCCC(=O)c1cnn(-c2ccc(NC(=O)c3cn(CC(=O)N4CCN(CCOC)CC4)c4ccc(C)cc34)cc2)c1C,7.698970004336019
CHEMBL3325661,CHEMBL2001,P2Y purinoceptor 12,IC50,=,29.0,nM,CHEMBL3367077,B,Displacement of [33P]2MeS-ADP from P2Y12 receptor (unknown origin) transfected in CHO cells after 30 mins by scintillation counting analysis,CHEMBL3352233,Q9H244,P2Y purinoceptor 12,IC50,CCCC(=O)c1cnn(-c2ccc(NC(=O)c3cn(CC(=O)N4CCN(CC5CC5)CC4)c4ccc(C)cc34)cc2)c1C,7.537602002101044
CHEMBL3325662,CHEMBL2001,P2Y purinoceptor 12,IC50,=,44.0,nM,CHEMBL3367077,B,Displacement of [33P]2MeS-ADP from P2Y12 receptor (unknown origin) transfected in CHO cells after 30 mins by scintillation counting analysis,CHEMBL3352233,Q9H244,P2Y purinoceptor 12,IC50,CCCC(=O)c1cnn(-c2ccc(NC(=O)c3cn(CC(=O)N4CCN(C5CC5)CC4)c4ccc(C)cc34)cc2)c1C,7.356547323513812
CHEMBL3325663,CHEMBL2001,P2Y purinoceptor 12,IC50,=,76.0,nM,CHEMBL3367077,B,Displacement of [33P]2MeS-ADP from P2Y12 receptor (unknown origin) transfected in CHO cells after 30 mins by scintillation counting analysis,CHEMBL3352233,Q9H244,P2Y purinoceptor 12,IC50,CCCC(=O)c1cnn(-c2ccc(NC(=O)c3cn(CC(=O)N4CCN5CCCC5C4)c4ccc(C)cc34)cc2)c1C,7.119186407719209
CHEMBL3325664,CHEMBL2001,P2Y purinoceptor 12,IC50,=,82.0,nM,CHEMBL3367077,B,Displacement of [33P]2MeS-ADP from P2Y12 receptor (unknown origin) transfected in CHO cells after 30 mins by scintillation counting analysis,CHEMBL3352233,Q9H244,P2Y purinoceptor 12,IC50,CCCC(=O)c1cnn(-c2ccc(NC(=O)c3cn(CC(=O)N4CCN(C(C)C)CC4)c4ccc(C)cc34)cc2)c1C,7.086186147616283
CHEMBL3325665,CHEMBL2001,P2Y purinoceptor 12,IC50,=,46.0,nM,CHEMBL3367077,B,Displacement of [33P]2MeS-ADP from P2Y12 receptor (unknown origin) transfected in CHO cells after 30 mins by scintillation counting analysis,CHEMBL3352233,Q9H244,P2Y purinoceptor 12,IC50,CCCC(=O)c1cnn(-c2ccc(NC(=O)c3cn(CC(=O)N4CCNC(C)C4)c4ccc(C)cc34)cc2)c1C,7.337242168318426
CHEMBL3325666,CHEMBL2001,P2Y purinoceptor 12,IC50,=,27.0,nM,CHEMBL3367077,B,Displacement of [33P]2MeS-ADP from P2Y12 receptor (unknown origin) transfected in CHO cells after 30 mins by scintillation counting analysis,CHEMBL3352233,Q9H244,P2Y purinoceptor 12,IC50,CCCC(=O)c1cnn(-c2ccc(NC(=O)c3cn(CC(=O)N4CCN(C)C(C)C4)c4ccc(C)cc34)cc2)c1C,7.568636235841012
CHEMBL3325779,CHEMBL2001,P2Y purinoceptor 12,IC50,=,102.0,nM,CHEMBL3367077,B,Displacement of [33P]2MeS-ADP from P2Y12 receptor (unknown origin) transfected in CHO cells after 30 mins by scintillation counting analysis,CHEMBL3352233,Q9H244,P2Y purinoceptor 12,IC50,CCCC(=O)c1cnn(-c2ccc(NC(=O)c3cn(CC(=O)N4CC(C)NC(C)C4)c4ccc(C)cc34)cc2)c1C,6.991399828238082
CHEMBL3325780,CHEMBL2001,P2Y purinoceptor 12,IC50,=,28.0,nM,CHEMBL3367077,B,Displacement of [33P]2MeS-ADP from P2Y12 receptor (unknown origin) transfected in CHO cells after 30 mins by scintillation counting analysis,CHEMBL3352233,Q9H244,P2Y purinoceptor 12,IC50,CCCC(=O)c1cnn(-c2ccc(NC(=O)c3cn(CC(=O)N4CC(C)N(C)C(C)C4)c4ccc(C)cc34)cc2)c1C,7.552841968657781
CHEMBL3325781,CHEMBL2001,P2Y purinoceptor 12,IC50,=,26.0,nM,CHEMBL3367077,B,Displacement of [33P]2MeS-ADP from P2Y12 receptor (unknown origin) transfected in CHO cells after 30 mins by scintillation counting analysis,CHEMBL3352233,Q9H244,P2Y purinoceptor 12,IC50,CCCC(=O)c1cnn(-c2ccc(NC(=O)c3cn(CC(=O)N4CCNCC4)c4ccc(C)cc34)cc2)c1C,7.585026652029182
CHEMBL3325782,CHEMBL2001,P2Y purinoceptor 12,IC50,=,19.0,nM,CHEMBL3367077,B,Displacement of [33P]2MeS-ADP from P2Y12 receptor (unknown origin) transfected in CHO cells after 30 mins by scintillation counting analysis,CHEMBL3352233,Q9H244,P2Y purinoceptor 12,IC50,CCCC(=O)c1cnn(-c2ccc(NC(=O)c3cn(CC(=O)N4CCN(CCF)CC4)c4ccc(C)cc34)cc2)c1C,7.721246399047171
CHEMBL3325783,CHEMBL2001,P2Y purinoceptor 12,IC50,=,19.0,nM,CHEMBL3367077,B,Displacement of [33P]2MeS-ADP from P2Y12 receptor (unknown origin) transfected in CHO cells after 30 mins by scintillation counting analysis,CHEMBL3352233,Q9H244,P2Y purinoceptor 12,IC50,CCCC(=O)c1cnn(-c2ccc(NC(=O)c3cn(CC(=O)N4CCN(CC(F)F)CC4)c4ccc(C)cc34)cc2)c1C,7.721246399047171
CHEMBL3325784,CHEMBL2001,P2Y purinoceptor 12,IC50,=,66.0,nM,CHEMBL3367077,B,Displacement of [33P]2MeS-ADP from P2Y12 receptor (unknown origin) transfected in CHO cells after 30 mins by scintillation counting analysis,CHEMBL3352233,Q9H244,P2Y purinoceptor 12,IC50,CCCC(=O)c1cnn(-c2ccc(NC(=O)c3cn(CC(=O)N4CCN(CC(F)(F)F)CC4)c4ccc(C)cc34)cc2)c1C,7.180456064458131
CHEMBL3325785,CHEMBL2001,P2Y purinoceptor 12,IC50,=,15.0,nM,CHEMBL3367077,B,Displacement of [33P]2MeS-ADP from P2Y12 receptor (unknown origin) transfected in CHO cells after 30 mins by scintillation counting analysis,CHEMBL3352233,Q9H244,P2Y purinoceptor 12,IC50,CCCC(=O)c1cnn(-c2ccc(NC(=O)c3cn(CC(=O)N4C[C@@H]5C[C@@H](O)CN5C[C@@H]4C)c4ccc(C)cc34)cc2)c1C,7.823908740944319
CHEMBL3325786,CHEMBL2001,P2Y purinoceptor 12,IC50,=,86.0,nM,CHEMBL3367077,B,Displacement of [33P]2MeS-ADP from P2Y12 receptor (unknown origin) transfected in CHO cells after 30 mins by scintillation counting analysis,CHEMBL3352233,Q9H244,P2Y purinoceptor 12,IC50,CCCC(=O)c1cnn(-c2ccc(NC(=O)c3cn(CC(=O)N4C[C@@H]5C[C@H]4CN5)c4ccc(C)cc34)cc2)c1C,7.0655015487564325
CHEMBL3325787,CHEMBL2001,P2Y purinoceptor 12,IC50,=,70.0,nM,CHEMBL3367077,B,Displacement of [33P]2MeS-ADP from P2Y12 receptor (unknown origin) transfected in CHO cells after 30 mins by scintillation counting analysis,CHEMBL3352233,Q9H244,P2Y purinoceptor 12,IC50,CCCC(=O)c1cnn(-c2ccc(NC(=O)c3cn(CC(=O)N4C[C@@H]5C[C@H]4CN5C)c4ccc(C)cc34)cc2)c1C,7.154901959985743
CHEMBL3325788,CHEMBL2001,P2Y purinoceptor 12,IC50,=,12.0,nM,CHEMBL3367077,B,Displacement of [33P]2MeS-ADP from P2Y12 receptor (unknown origin) transfected in CHO cells after 30 mins by scintillation counting analysis,CHEMBL3352233,Q9H244,P2Y purinoceptor 12,IC50,CCCC(=O)c1cnn(-c2ccc(NC(=O)c3cn(CC(=O)N4CCN(Cc5ccc(F)cc5)CC4)c4ccc(C)cc34)cc2)c1C,7.920818753952375
CHEMBL3325789,CHEMBL2001,P2Y purinoceptor 12,IC50,=,22.0,nM,CHEMBL3367077,B,Displacement of [33P]2MeS-ADP from P2Y12 receptor (unknown origin) transfected in CHO cells after 30 mins by scintillation counting analysis,CHEMBL3352233,Q9H244,P2Y purinoceptor 12,IC50,CCCC(=O)c1cnn(-c2ccc(NC(=O)c3cn(CC(=O)N4CCN(C)CC4)c4ccc(OC)cc34)cc2)c1C,7.657577319177793
CHEMBL3325452,CHEMBL2001,P2Y purinoceptor 12,IC50,=,27.0,nM,CHEMBL3367077,B,Displacement of [33P]2MeS-ADP from P2Y12 receptor (unknown origin) transfected in CHO cells after 30 mins by scintillation counting analysis,CHEMBL3352233,Q9H244,P2Y purinoceptor 12,IC50,CCCC(=O)c1cnn(-c2ccc(NC(=O)c3cn(CC(=O)N4CCN(C)CC4)c4ccc(Cl)cc34)cc2)c1C,7.568636235841012
CHEMBL3325790,CHEMBL2001,P2Y purinoceptor 12,IC50,=,48.0,nM,CHEMBL3367077,B,Displacement of [33P]2MeS-ADP from P2Y12 receptor (unknown origin) transfected in CHO cells after 30 mins by scintillation counting analysis,CHEMBL3352233,Q9H244,P2Y purinoceptor 12,IC50,CCCC(=O)c1cnn(-c2ccc(NC(=O)c3cn(CC(=O)N4CCN(C)CC4)c4cc(F)c(Cl)cc34)cc2)c1C,7.318758762624412
CHEMBL3325791,CHEMBL2001,P2Y purinoceptor 12,IC50,=,48.0,nM,CHEMBL3367077,B,Displacement of [33P]2MeS-ADP from P2Y12 receptor (unknown origin) transfected in CHO cells after 30 mins by scintillation counting analysis,CHEMBL3352233,Q9H244,P2Y purinoceptor 12,IC50,CCCC(=O)c1cnn(-c2ccc(NC(=O)c3cn(CC(=O)N4CCN(C)CC4)c4cc(C)c(Br)cc34)cc2)c1C,7.318758762624412
CHEMBL3325792,CHEMBL2001,P2Y purinoceptor 12,IC50,=,50.0,nM,CHEMBL3367077,B,Displacement of [33P]2MeS-ADP from P2Y12 receptor (unknown origin) transfected in CHO cells after 30 mins by scintillation counting analysis,CHEMBL3352233,Q9H244,P2Y purinoceptor 12,IC50,CCCC(=O)c1cnn(-c2ccc(NC(=O)c3cn(CC(=O)N4CCN(C)CC4)c4ccc(C(F)(F)F)cc34)cc2)c1C,7.301029995663981
CHEMBL3325793,CHEMBL2001,P2Y purinoceptor 12,IC50,=,34.0,nM,CHEMBL3367077,B,Displacement of [33P]2MeS-ADP from P2Y12 receptor (unknown origin) transfected in CHO cells after 30 mins by scintillation counting analysis,CHEMBL3352233,Q9H244,P2Y purinoceptor 12,IC50,CCCC(=O)c1cnn(-c2ccc(NC(=O)c3cn(CC(=O)N4CCN(C)CC4)c4cc(C)c(Cl)cc34)cc2)c1C,7.468521082957745
CHEMBL3325794,CHEMBL2001,P2Y purinoceptor 12,IC50,=,76.0,nM,CHEMBL3367077,B,Displacement of [33P]2MeS-ADP from P2Y12 receptor (unknown origin) transfected in CHO cells after 30 mins by scintillation counting analysis,CHEMBL3352233,Q9H244,P2Y purinoceptor 12,IC50,CCCC(=O)c1cnn(-c2ccc(NC(=O)c3cn(CC(=O)N4CCN(C)CC4)c4ccc(C#N)cc34)cc2)c1C,7.119186407719209
CHEMBL3325795,CHEMBL2001,P2Y purinoceptor 12,IC50,=,118.0,nM,CHEMBL3367077,B,Displacement of [33P]2MeS-ADP from P2Y12 receptor (unknown origin) transfected in CHO cells after 30 mins by scintillation counting analysis,CHEMBL3352233,Q9H244,P2Y purinoceptor 12,IC50,CCCC(=O)c1cnn(-c2ccc(NC(=O)c3cn(CC(=O)N4CCN(C)CC4)c4cc(Br)c(C)cc34)cc2)c1C,6.928117992693874
CHEMBL3325796,CHEMBL2001,P2Y purinoceptor 12,IC50,=,138.0,nM,CHEMBL3367077,B,Displacement of [33P]2MeS-ADP from P2Y12 receptor (unknown origin) transfected in CHO cells after 30 mins by scintillation counting analysis,CHEMBL3352233,Q9H244,P2Y purinoceptor 12,IC50,CCCC(=O)c1cnn(-c2ccc(NC(=O)c3cn(CC(=O)N4CCN(C)CC4)c4cc(Cl)c(C)cc34)cc2)c1C,6.860120913598763
CHEMBL3325797,CHEMBL2001,P2Y purinoceptor 12,IC50,=,99.0,nM,CHEMBL3367077,B,Displacement of [33P]2MeS-ADP from P2Y12 receptor (unknown origin) transfected in CHO cells after 30 mins by scintillation counting analysis,CHEMBL3352233,Q9H244,P2Y purinoceptor 12,IC50,CCCC(=O)c1cnn(-c2ccc(NC(=O)c3cn(CC(=O)N4CCN(C)CC4)c4cc(Cl)c(Cl)cc34)cc2)c1C,7.00436480540245
CHEMBL3325798,CHEMBL2001,P2Y purinoceptor 12,IC50,=,142.0,nM,CHEMBL3367077,B,Displacement of [33P]2MeS-ADP from P2Y12 receptor (unknown origin) transfected in CHO cells after 30 mins by scintillation counting analysis,CHEMBL3352233,Q9H244,P2Y purinoceptor 12,IC50,CCCC(=O)c1cnn(-c2ccc(NC(=O)c3cn(CC(=O)N4CCN(C)CC4)c4ccc(F)cc34)cc2)c1C,6.847711655616944
CHEMBL3325801,CHEMBL2001,P2Y purinoceptor 12,IC50,=,15.0,nM,CHEMBL3367077,B,Displacement of [33P]2MeS-ADP from P2Y12 receptor (unknown origin) transfected in CHO cells after 30 mins by scintillation counting analysis,CHEMBL3352233,Q9H244,P2Y purinoceptor 12,IC50,CCCC(=O)c1cnn(-c2ccc(NC(=O)c3cn(CC(=O)N4CCN(CCOC)CC4)c4ccc(Cl)cc34)cc2)c1C,7.823908740944319
CHEMBL3325802,CHEMBL2001,P2Y purinoceptor 12,IC50,=,11.0,nM,CHEMBL3367077,B,Displacement of [33P]2MeS-ADP from P2Y12 receptor (unknown origin) transfected in CHO cells after 30 mins by scintillation counting analysis,CHEMBL3352233,Q9H244,P2Y purinoceptor 12,IC50,CCCC(=O)c1cnn(-c2ccc(NC(=O)c3cn(CC(=O)N4CCN(CCO)CC4)c4ccc(Cl)cc34)cc2)c1C,7.958607314841775
CHEMBL3325803,CHEMBL2001,P2Y purinoceptor 12,IC50,=,11.0,nM,CHEMBL3367077,B,Displacement of [33P]2MeS-ADP from P2Y12 receptor (unknown origin) transfected in CHO cells after 30 mins by scintillation counting analysis,CHEMBL3352233,Q9H244,P2Y purinoceptor 12,IC50,CCCC(=O)c1cnn(-c2ccc(NC(=O)c3cn(CC(=O)N4CCN(CC(=O)N(C)C)CC4)c4ccc(Cl)cc34)cc2)c1C,7.958607314841775
CHEMBL3325804,CHEMBL2001,P2Y purinoceptor 12,IC50,=,11.0,nM,CHEMBL3367077,B,Displacement of [33P]2MeS-ADP from P2Y12 receptor (unknown origin) transfected in CHO cells after 30 mins by scintillation counting analysis,CHEMBL3352233,Q9H244,P2Y purinoceptor 12,IC50,CCCC(=O)c1cnn(-c2ccc(NC(=O)c3cn(CC(=O)N4CCN(Cc5cc(C)on5)CC4)c4ccc(Cl)cc34)cc2)c1C,7.958607314841775
CHEMBL3325805,CHEMBL2001,P2Y purinoceptor 12,IC50,=,8.0,nM,CHEMBL3367077,B,Displacement of [33P]2MeS-ADP from P2Y12 receptor (unknown origin) transfected in CHO cells after 30 mins by scintillation counting analysis,CHEMBL3352233,Q9H244,P2Y purinoceptor 12,IC50,CCCC(=O)c1cnn(-c2ccc(NC(=O)c3cn(CC(=O)N4CCN5CCN(C)C(=O)C5C4)c4ccc(Cl)cc34)cc2)c1C,8.096910013008056
CHEMBL3325805,CHEMBL2001,P2Y purinoceptor 12,IC50,=,7.0,nM,CHEMBL3367077,B,Displacement of [33P]2MeS-ADP from P2Y12 receptor (unknown origin) transfected in CHO cells after 30 mins by scintillation counting analysis,CHEMBL3352233,Q9H244,P2Y purinoceptor 12,IC50,CCCC(=O)c1cnn(-c2ccc(NC(=O)c3cn(CC(=O)N4CCN5CCN(C)C(=O)C5C4)c4ccc(Cl)cc34)cc2)c1C,8.154901959985743
CHEMBL3325805,CHEMBL2001,P2Y purinoceptor 12,IC50,=,12.0,nM,CHEMBL3367077,B,Displacement of [33P]2MeS-ADP from P2Y12 receptor (unknown origin) transfected in CHO cells after 30 mins by scintillation counting analysis,CHEMBL3352233,Q9H244,P2Y purinoceptor 12,IC50,CCCC(=O)c1cnn(-c2ccc(NC(=O)c3cn(CC(=O)N4CCN5CCN(C)C(=O)C5C4)c4ccc(Cl)cc34)cc2)c1C,7.920818753952375
CHEMBL3325806,CHEMBL2001,P2Y purinoceptor 12,IC50,=,336.0,nM,CHEMBL3367077,B,Displacement of [33P]2MeS-ADP from P2Y12 receptor (unknown origin) transfected in CHO cells after 30 mins by scintillation counting analysis,CHEMBL3352233,Q9H244,P2Y purinoceptor 12,IC50,CCC(=O)c1cnn(-c2ccc(NC(=O)c3cn(CC(=O)N4CCN(C)CC4)c4ccc(Cl)cc34)cc2)c1C,6.4736607226101555
CHEMBL3325807,CHEMBL2001,P2Y purinoceptor 12,IC50,=,143.0,nM,CHEMBL3367077,B,Displacement of [33P]2MeS-ADP from P2Y12 receptor (unknown origin) transfected in CHO cells after 30 mins by scintillation counting analysis,CHEMBL3352233,Q9H244,P2Y purinoceptor 12,IC50,CC(=O)c1cnn(-c2ccc(NC(=O)c3cn(CC(=O)N4CCN(C)CC4)c4ccc(Cl)cc34)cc2)c1C,6.844663962534938
CHEMBL3325808,CHEMBL2001,P2Y purinoceptor 12,IC50,=,574.0,nM,CHEMBL3367077,B,Displacement of [33P]2MeS-ADP from P2Y12 receptor (unknown origin) transfected in CHO cells after 30 mins by scintillation counting analysis,CHEMBL3352233,Q9H244,P2Y purinoceptor 12,IC50,Cc1c(C(=O)CCC(F)(F)F)cnn1-c1ccc(NC(=O)c2cn(CC(=O)N3CCN(C)CC3)c3ccc(Cl)cc23)cc1,6.241088107602026
CHEMBL3325891,CHEMBL2001,P2Y purinoceptor 12,IC50,=,17.0,nM,CHEMBL3367077,B,Displacement of [33P]2MeS-ADP from P2Y12 receptor (unknown origin) transfected in CHO cells after 30 mins by scintillation counting analysis,CHEMBL3352233,Q9H244,P2Y purinoceptor 12,IC50,CCCC(=O)c1cnn(-c2ccc(NC(=O)c3cn(CC(=O)N4CCN(C)CC4)c4ccc(Cl)cc34)nn2)c1C,7.769551078621726
CHEMBL3325892,CHEMBL2001,P2Y purinoceptor 12,IC50,=,275.0,nM,CHEMBL3367077,B,Displacement of [33P]2MeS-ADP from P2Y12 receptor (unknown origin) transfected in CHO cells after 30 mins by scintillation counting analysis,CHEMBL3352233,Q9H244,P2Y purinoceptor 12,IC50,CCCC(=O)c1cnn(-c2cnc(NC(=O)c3cn(CC(=O)N4CCN(C)CC4)c4ccc(Cl)cc34)cn2)c1C,6.560667306169737
CHEMBL3325893,CHEMBL2001,P2Y purinoceptor 12,IC50,=,40.0,nM,CHEMBL3367077,B,Displacement of [33P]2MeS-ADP from P2Y12 receptor (unknown origin) transfected in CHO cells after 30 mins by scintillation counting analysis,CHEMBL3352233,Q9H244,P2Y purinoceptor 12,IC50,CCCC(=O)c1cnn([C@H]2CC[C@H](NC(=O)c3cn(CC(=O)N4CCN(C)CC4)c4ccc(Cl)cc34)CC2)c1C,7.3979400086720375
CHEMBL3325894,CHEMBL2001,P2Y purinoceptor 12,IC50,=,7.0,nM,CHEMBL3367077,B,Displacement of [33P]2MeS-ADP from P2Y12 receptor (unknown origin) transfected in CHO cells after 30 mins by scintillation counting analysis,CHEMBL3352233,Q9H244,P2Y purinoceptor 12,IC50,CCCC(=O)c1cnn(C2CCN(NC(=O)c3cn(CC(=O)N4CCN(C)CC4)c4ccc(Cl)cc34)CC2)c1C,8.154901959985743
CHEMBL3325895,CHEMBL2001,P2Y purinoceptor 12,IC50,=,480.0,nM,CHEMBL3367077,B,Displacement of [33P]2MeS-ADP from P2Y12 receptor (unknown origin) transfected in CHO cells after 30 mins by scintillation counting analysis,CHEMBL3352233,Q9H244,P2Y purinoceptor 12,IC50,CCCC(=O)c1cnn(-c2ccc(OC(=O)c3cn(CC(=O)N4CCN(C)CC4)c4ccc(Cl)cc34)cc2)c1C,6.318758762624412
CHEMBL3325896,CHEMBL2001,P2Y purinoceptor 12,IC50,=,48.0,nM,CHEMBL3367077,B,Displacement of [33P]2MeS-ADP from P2Y12 receptor (unknown origin) transfected in CHO cells after 30 mins by scintillation counting analysis,CHEMBL3352233,Q9H244,P2Y purinoceptor 12,IC50,CCCC(=O)c1cnn(-c2ccc(NC(=O)c3cn(CC(=O)N4CCN(C)CC4)c4ccc(Cl)cc34)c(C#N)c2)c1C,7.318758762624412
CHEMBL3325897,CHEMBL2001,P2Y purinoceptor 12,IC50,=,75.0,nM,CHEMBL3367077,B,Displacement of [33P]2MeS-ADP from P2Y12 receptor (unknown origin) transfected in CHO cells after 30 mins by scintillation counting analysis,CHEMBL3352233,Q9H244,P2Y purinoceptor 12,IC50,CCCC(=O)c1cnn(-c2ccc(NC(=O)c3cn(CC(=O)N4CCN(C)CC4)c4ccc(Cl)cc34)c(C(=O)O)c2)c1C,7.1249387366083
CHEMBL3325898,CHEMBL2001,P2Y purinoceptor 12,IC50,=,266.0,nM,CHEMBL3367077,B,Displacement of [33P]2MeS-ADP from P2Y12 receptor (unknown origin) transfected in CHO cells after 30 mins by scintillation counting analysis,CHEMBL3352233,Q9H244,P2Y purinoceptor 12,IC50,CCCC(=O)c1cnn(-c2ccc(NC(=O)c3cn(CC(=O)N4CCN(C)CC4)c4ccc(Cl)cc34)c(C(N)=O)c2)c1C,6.575118363368933
CHEMBL3325899,CHEMBL2001,P2Y purinoceptor 12,IC50,=,559.0,nM,CHEMBL3367077,B,Displacement of [33P]2MeS-ADP from P2Y12 receptor (unknown origin) transfected in CHO cells after 30 mins by scintillation counting analysis,CHEMBL3352233,Q9H244,P2Y purinoceptor 12,IC50,CCCC(=O)c1cnn(-c2ccc3c(c2)OCCN3C(=O)c2cn(CC(=O)N3CCN(C)CC3)c3ccc(Cl)cc23)c1C,6.252588192113577
CHEMBL3326900,CHEMBL2001,P2Y purinoceptor 12,IC50,=,16800.0,nM,CHEMBL3367078,B,Antagonist activity at P2Y12 receptor in human platelet rich plasma assessed as inhibition of ADP-induced aggregation,CHEMBL3352233,Q9H244,P2Y purinoceptor 12,IC50,CCOC(=O)c1c(C)nn(-c2ccc(C(=O)NCc3ccccc3OC)cc2)c1C,4.774690718274137
CHEMBL3326901,CHEMBL2001,P2Y purinoceptor 12,IC50,=,4500.0,nM,CHEMBL3367078,B,Antagonist activity at P2Y12 receptor in human platelet rich plasma assessed as inhibition of ADP-induced aggregation,CHEMBL3352233,Q9H244,P2Y purinoceptor 12,IC50,CCOC(=O)c1c(C)nn(-c2ccc(NC(=O)Nc3ccc(Cl)cc3)cc2)c1C,5.346787486224656
CHEMBL3326902,CHEMBL2001,P2Y purinoceptor 12,IC50,=,13000.0,nM,CHEMBL3367078,B,Antagonist activity at P2Y12 receptor in human platelet rich plasma assessed as inhibition of ADP-induced aggregation,CHEMBL3352233,Q9H244,P2Y purinoceptor 12,IC50,CCOC(=O)c1c(C)nn(-c2ccc(NC(=O)Nc3ccccc3OCCCC(=O)O)cc2)c1C,4.886056647693163
CHEMBL3326905,CHEMBL2001,P2Y purinoceptor 12,IC50,=,20000.0,nM,CHEMBL3367078,B,Antagonist activity at P2Y12 receptor in human platelet rich plasma assessed as inhibition of ADP-induced aggregation,CHEMBL3352233,Q9H244,P2Y purinoceptor 12,IC50,CCCC(=O)c1cnn(-c2ccc(NC(=O)c3cn(CCCC(=O)O)c4ccc(C)cc34)cc2)c1C,4.698970004336019
CHEMBL3326906,CHEMBL2001,P2Y purinoceptor 12,IC50,=,4000.0,nM,CHEMBL3367078,B,Antagonist activity at P2Y12 receptor in human platelet rich plasma assessed as inhibition of ADP-induced aggregation,CHEMBL3352233,Q9H244,P2Y purinoceptor 12,IC50,CCCC(=O)c1cnn(-c2ccc(NC(=O)c3cn(CCC(=O)O)c4ccc(C)cc34)cc2)c1C,5.3979400086720375
CHEMBL3326907,CHEMBL2001,P2Y purinoceptor 12,IC50,=,1800.0,nM,CHEMBL3367078,B,Antagonist activity at P2Y12 receptor in human platelet rich plasma assessed as inhibition of ADP-induced aggregation,CHEMBL3352233,Q9H244,P2Y purinoceptor 12,IC50,CCCC(=O)c1cnn(-c2ccc(NC(=O)c3cn(CC(=O)O)c4ccc(C)cc34)cc2)c1C,5.7447274948966935
CHEMBL3325625,CHEMBL2001,P2Y purinoceptor 12,IC50,=,15000.0,nM,CHEMBL3367078,B,Antagonist activity at P2Y12 receptor in human platelet rich plasma assessed as inhibition of ADP-induced aggregation,CHEMBL3352233,Q9H244,P2Y purinoceptor 12,IC50,CCCC(=O)c1cnn(-c2ccc(NC(=O)c3c(C)n(CC(=O)O)c4ccc(C)cc34)cc2)c1C,4.823908740944319
CHEMBL3325627,CHEMBL2001,P2Y purinoceptor 12,IC50,=,400.0,nM,CHEMBL3367078,B,Antagonist activity at P2Y12 receptor in human platelet rich plasma assessed as inhibition of ADP-induced aggregation,CHEMBL3352233,Q9H244,P2Y purinoceptor 12,IC50,CCCC(=O)c1cnn(-c2ccc(NC(=O)c3cn(CC(=O)O)c4cc(C)c(C)cc34)cc2)c1C,6.3979400086720375
CHEMBL3325628,CHEMBL2001,P2Y purinoceptor 12,IC50,=,4100.0,nM,CHEMBL3367078,B,Antagonist activity at P2Y12 receptor in human platelet rich plasma assessed as inhibition of ADP-induced aggregation,CHEMBL3352233,Q9H244,P2Y purinoceptor 12,IC50,CCCC(=O)c1cnn(-c2ccc(NC(=O)c3cn(CC(=O)OC)c4ccc(C)cc34)cc2)c1C,5.3872161432802645
CHEMBL3325629,CHEMBL2001,P2Y purinoceptor 12,IC50,=,800.0,nM,CHEMBL3367078,B,Antagonist activity at P2Y12 receptor in human platelet rich plasma assessed as inhibition of ADP-induced aggregation,CHEMBL3352233,Q9H244,P2Y purinoceptor 12,IC50,CCCC(=O)c1cnn(-c2ccc(NC(=O)c3cn(CC(=O)N(C)C)c4cc(C)c(C)cc34)cc2)c1C,6.096910013008056
CHEMBL3325630,CHEMBL2001,P2Y purinoceptor 12,IC50,=,500.0,nM,CHEMBL3367078,B,Antagonist activity at P2Y12 receptor in human platelet rich plasma assessed as inhibition of ADP-induced aggregation,CHEMBL3352233,Q9H244,P2Y purinoceptor 12,IC50,CCCC(=O)c1cnn(-c2ccc(NC(=O)c3cn(CC(=O)N4CCN(C)CC4)c4cc(C)c(C)cc34)cc2)c1C.Cl,6.301029995663981
CHEMBL3325631,CHEMBL2001,P2Y purinoceptor 12,IC50,=,500.0,nM,CHEMBL3367078,B,Antagonist activity at P2Y12 receptor in human platelet rich plasma assessed as inhibition of ADP-induced aggregation,CHEMBL3352233,Q9H244,P2Y purinoceptor 12,IC50,CCCC(=O)c1cnn(-c2ccc(NC(=O)c3cn(CC(=O)N4CCN(C)CC4)c4ccc(C)cc34)cc2)c1C.Cl,6.301029995663981
CHEMBL3325789,CHEMBL2001,P2Y purinoceptor 12,IC50,=,400.0,nM,CHEMBL3367078,B,Antagonist activity at P2Y12 receptor in human platelet rich plasma assessed as inhibition of ADP-induced aggregation,CHEMBL3352233,Q9H244,P2Y purinoceptor 12,IC50,CCCC(=O)c1cnn(-c2ccc(NC(=O)c3cn(CC(=O)N4CCN(C)CC4)c4ccc(OC)cc34)cc2)c1C,6.3979400086720375
CHEMBL3325452,CHEMBL2001,P2Y purinoceptor 12,IC50,=,500.0,nM,CHEMBL3367078,B,Antagonist activity at P2Y12 receptor in human platelet rich plasma assessed as inhibition of ADP-induced aggregation,CHEMBL3352233,Q9H244,P2Y purinoceptor 12,IC50,CCCC(=O)c1cnn(-c2ccc(NC(=O)c3cn(CC(=O)N4CCN(C)CC4)c4ccc(Cl)cc34)cc2)c1C,6.301029995663981
CHEMBL3325790,CHEMBL2001,P2Y purinoceptor 12,IC50,=,500.0,nM,CHEMBL3367078,B,Antagonist activity at P2Y12 receptor in human platelet rich plasma assessed as inhibition of ADP-induced aggregation,CHEMBL3352233,Q9H244,P2Y purinoceptor 12,IC50,CCCC(=O)c1cnn(-c2ccc(NC(=O)c3cn(CC(=O)N4CCN(C)CC4)c4cc(F)c(Cl)cc34)cc2)c1C,6.301029995663981
CHEMBL3325791,CHEMBL2001,P2Y purinoceptor 12,IC50,=,1100.0,nM,CHEMBL3367078,B,Antagonist activity at P2Y12 receptor in human platelet rich plasma assessed as inhibition of ADP-induced aggregation,CHEMBL3352233,Q9H244,P2Y purinoceptor 12,IC50,CCCC(=O)c1cnn(-c2ccc(NC(=O)c3cn(CC(=O)N4CCN(C)CC4)c4cc(C)c(Br)cc34)cc2)c1C,5.958607314841775
CHEMBL3325792,CHEMBL2001,P2Y purinoceptor 12,IC50,=,700.0,nM,CHEMBL3367078,B,Antagonist activity at P2Y12 receptor in human platelet rich plasma assessed as inhibition of ADP-induced aggregation,CHEMBL3352233,Q9H244,P2Y purinoceptor 12,IC50,CCCC(=O)c1cnn(-c2ccc(NC(=O)c3cn(CC(=O)N4CCN(C)CC4)c4ccc(C(F)(F)F)cc34)cc2)c1C,6.154901959985743
CHEMBL3325793,CHEMBL2001,P2Y purinoceptor 12,IC50,=,500.0,nM,CHEMBL3367078,B,Antagonist activity at P2Y12 receptor in human platelet rich plasma assessed as inhibition of ADP-induced aggregation,CHEMBL3352233,Q9H244,P2Y purinoceptor 12,IC50,CCCC(=O)c1cnn(-c2ccc(NC(=O)c3cn(CC(=O)N4CCN(C)CC4)c4cc(C)c(Cl)cc34)cc2)c1C,6.301029995663981
CHEMBL3325801,CHEMBL2001,P2Y purinoceptor 12,IC50,=,300.0,nM,CHEMBL3367078,B,Antagonist activity at P2Y12 receptor in human platelet rich plasma assessed as inhibition of ADP-induced aggregation,CHEMBL3352233,Q9H244,P2Y purinoceptor 12,IC50,CCCC(=O)c1cnn(-c2ccc(NC(=O)c3cn(CC(=O)N4CCN(CCOC)CC4)c4ccc(Cl)cc34)cc2)c1C,6.522878745280337
CHEMBL3325802,CHEMBL2001,P2Y purinoceptor 12,IC50,=,300.0,nM,CHEMBL3367078,B,Antagonist activity at P2Y12 receptor in human platelet rich plasma assessed as inhibition of ADP-induced aggregation,CHEMBL3352233,Q9H244,P2Y purinoceptor 12,IC50,CCCC(=O)c1cnn(-c2ccc(NC(=O)c3cn(CC(=O)N4CCN(CCO)CC4)c4ccc(Cl)cc34)cc2)c1C,6.522878745280337
CHEMBL3325803,CHEMBL2001,P2Y purinoceptor 12,IC50,=,400.0,nM,CHEMBL3367078,B,Antagonist activity at P2Y12 receptor in human platelet rich plasma assessed as inhibition of ADP-induced aggregation,CHEMBL3352233,Q9H244,P2Y purinoceptor 12,IC50,CCCC(=O)c1cnn(-c2ccc(NC(=O)c3cn(CC(=O)N4CCN(CC(=O)N(C)C)CC4)c4ccc(Cl)cc34)cc2)c1C,6.3979400086720375
CHEMBL3325804,CHEMBL2001,P2Y purinoceptor 12,IC50,=,300.0,nM,CHEMBL3367078,B,Antagonist activity at P2Y12 receptor in human platelet rich plasma assessed as inhibition of ADP-induced aggregation,CHEMBL3352233,Q9H244,P2Y purinoceptor 12,IC50,CCCC(=O)c1cnn(-c2ccc(NC(=O)c3cn(CC(=O)N4CCN(Cc5cc(C)on5)CC4)c4ccc(Cl)cc34)cc2)c1C,6.522878745280337
CHEMBL3325805,CHEMBL2001,P2Y purinoceptor 12,IC50,=,200.0,nM,CHEMBL3367078,B,Antagonist activity at P2Y12 receptor in human platelet rich plasma assessed as inhibition of ADP-induced aggregation,CHEMBL3352233,Q9H244,P2Y purinoceptor 12,IC50,CCCC(=O)c1cnn(-c2ccc(NC(=O)c3cn(CC(=O)N4CCN5CCN(C)C(=O)C5C4)c4ccc(Cl)cc34)cc2)c1C,6.698970004336019
CHEMBL3325805,CHEMBL2001,P2Y purinoceptor 12,IC50,=,300.0,nM,CHEMBL3367078,B,Antagonist activity at P2Y12 receptor in human platelet rich plasma assessed as inhibition of ADP-induced aggregation,CHEMBL3352233,Q9H244,P2Y purinoceptor 12,IC50,CCCC(=O)c1cnn(-c2ccc(NC(=O)c3cn(CC(=O)N4CCN5CCN(C)C(=O)C5C4)c4ccc(Cl)cc34)cc2)c1C,6.522878745280337
CHEMBL3325805,CHEMBL2001,P2Y purinoceptor 12,IC50,=,500.0,nM,CHEMBL3367078,B,Antagonist activity at P2Y12 receptor in human platelet rich plasma assessed as inhibition of ADP-induced aggregation,CHEMBL3352233,Q9H244,P2Y purinoceptor 12,IC50,CCCC(=O)c1cnn(-c2ccc(NC(=O)c3cn(CC(=O)N4CCN5CCN(C)C(=O)C5C4)c4ccc(Cl)cc34)cc2)c1C,6.301029995663981
CHEMBL3322615,CHEMBL2001,P2Y purinoceptor 12,IC50,=,169.0,nM,CHEMBL3369059,B,Displacement of [3H]-2-methyl-thio-adenosine 5'-diphosphate from human recombinant P2Y12 expressed in CHO cell membranes by scintillation counting method,CHEMBL3351863,Q9H244,P2Y purinoceptor 12,IC50,CCOC(=O)N1CCN(C(=O)[C@H](CCC(=O)O)NC(=O)c2cc(NCCO)nc(-c3ccccc3)n2)CC1,6.772113295386326
CHEMBL3322616,CHEMBL2001,P2Y purinoceptor 12,IC50,=,198.0,nM,CHEMBL3369059,B,Displacement of [3H]-2-methyl-thio-adenosine 5'-diphosphate from human recombinant P2Y12 expressed in CHO cell membranes by scintillation counting method,CHEMBL3351863,Q9H244,P2Y purinoceptor 12,IC50,CCOC(=O)N1CCN(C(=O)[C@H](CCC(=O)O)NC(=O)c2cc(NCCC(=O)O)nc(-c3ccccc3)n2)CC1,6.703334809738469
CHEMBL3322617,CHEMBL2001,P2Y purinoceptor 12,IC50,=,2780.0,nM,CHEMBL3369059,B,Displacement of [3H]-2-methyl-thio-adenosine 5'-diphosphate from human recombinant P2Y12 expressed in CHO cell membranes by scintillation counting method,CHEMBL3351863,Q9H244,P2Y purinoceptor 12,IC50,CCOC(=O)N1CCN(C(=O)[C@H](CCC(=O)O)NC(=O)c2cc(NCCN(C)C)nc(-c3ccccc3)n2)CC1,5.555955204081924
CHEMBL3322618,CHEMBL2001,P2Y purinoceptor 12,IC50,=,257.0,nM,CHEMBL3369059,B,Displacement of [3H]-2-methyl-thio-adenosine 5'-diphosphate from human recombinant P2Y12 expressed in CHO cell membranes by scintillation counting method,CHEMBL3351863,Q9H244,P2Y purinoceptor 12,IC50,CCOC(=O)N1CCN(C(=O)[C@H](CCC(=O)O)NC(=O)c2cc(NCCN3CCOCC3)nc(-c3ccccc3)n2)CC1,6.590066876668706
CHEMBL3322619,CHEMBL2001,P2Y purinoceptor 12,IC50,=,201.0,nM,CHEMBL3369059,B,Displacement of [3H]-2-methyl-thio-adenosine 5'-diphosphate from human recombinant P2Y12 expressed in CHO cell membranes by scintillation counting method,CHEMBL3351863,Q9H244,P2Y purinoceptor 12,IC50,CCOC(=O)N1CCN(C(=O)[C@H](CCC(=O)O)NC(=O)c2cc(N3CCCCC3)nc(-c3ccccc3)n2)CC1,6.6968039425795105
CHEMBL3322620,CHEMBL2001,P2Y purinoceptor 12,IC50,=,46.0,nM,CHEMBL3369059,B,Displacement of [3H]-2-methyl-thio-adenosine 5'-diphosphate from human recombinant P2Y12 expressed in CHO cell membranes by scintillation counting method,CHEMBL3351863,Q9H244,P2Y purinoceptor 12,IC50,CCOC(=O)N1CCN(C(=O)[C@H](CCC(=O)O)NC(=O)c2cc(N3CCN(C)CC3)nc(-c3ccccc3)n2)CC1,7.337242168318426
CHEMBL3322621,CHEMBL2001,P2Y purinoceptor 12,IC50,=,100.0,nM,CHEMBL3369059,B,Displacement of [3H]-2-methyl-thio-adenosine 5'-diphosphate from human recombinant P2Y12 expressed in CHO cell membranes by scintillation counting method,CHEMBL3351863,Q9H244,P2Y purinoceptor 12,IC50,CCOC(=O)N1CCN(C(=O)[C@H](CCC(=O)O)NC(=O)c2cc(N3CCOCC3)nc(-c3ccccc3)n2)CC1,7.0
CHEMBL3322622,CHEMBL2001,P2Y purinoceptor 12,IC50,=,27.0,nM,CHEMBL3369059,B,Displacement of [3H]-2-methyl-thio-adenosine 5'-diphosphate from human recombinant P2Y12 expressed in CHO cell membranes by scintillation counting method,CHEMBL3351863,Q9H244,P2Y purinoceptor 12,IC50,CCOC(=O)N1CCN(C(=O)[C@H](CCC(=O)O)NC(=O)c2cc(-n3cc(C)cn3)nc(-c3ccccc3)n2)CC1,7.568636235841012
CHEMBL3322623,CHEMBL2001,P2Y purinoceptor 12,IC50,=,219.0,nM,CHEMBL3369059,B,Displacement of [3H]-2-methyl-thio-adenosine 5'-diphosphate from human recombinant P2Y12 expressed in CHO cell membranes by scintillation counting method,CHEMBL3351863,Q9H244,P2Y purinoceptor 12,IC50,CCOC(=O)N1CCN(C(=O)[C@H](CCC(=O)O)NC(=O)c2cc(NC(=O)C3CCCCC3)nc(-c3ccccc3)n2)CC1,6.6595558851598815
CHEMBL3322624,CHEMBL2001,P2Y purinoceptor 12,IC50,=,178.0,nM,CHEMBL3369059,B,Displacement of [3H]-2-methyl-thio-adenosine 5'-diphosphate from human recombinant P2Y12 expressed in CHO cell membranes by scintillation counting method,CHEMBL3351863,Q9H244,P2Y purinoceptor 12,IC50,CCOC(=O)N1CCN(C(=O)[C@H](CCC(=O)O)NC(=O)c2cc(NC(=O)c3ccccc3)nc(-c3ccccc3)n2)CC1,6.7495799976911055
CHEMBL3322597,CHEMBL2001,P2Y purinoceptor 12,IC50,=,142.0,nM,CHEMBL3369059,B,Displacement of [3H]-2-methyl-thio-adenosine 5'-diphosphate from human recombinant P2Y12 expressed in CHO cell membranes by scintillation counting method,CHEMBL3351863,Q9H244,P2Y purinoceptor 12,IC50,CCOC(=O)N1CCN(C(=O)[C@H](CCC(=O)O)NC(=O)c2cc(NS(=O)(=O)CC)nc(-c3ccccc3)n2)CC1,6.847711655616944
CHEMBL3322598,CHEMBL2001,P2Y purinoceptor 12,IC50,=,266.0,nM,CHEMBL3369059,B,Displacement of [3H]-2-methyl-thio-adenosine 5'-diphosphate from human recombinant P2Y12 expressed in CHO cell membranes by scintillation counting method,CHEMBL3351863,Q9H244,P2Y purinoceptor 12,IC50,CCOC(=O)N1CCN(C(=O)[C@H](CCC(=O)O)NC(=O)c2cc(NS(=O)(=O)c3ccccc3)nc(-c3ccccc3)n2)CC1,6.575118363368933
CHEMBL3322599,CHEMBL2001,P2Y purinoceptor 12,IC50,=,98.0,nM,CHEMBL3369059,B,Displacement of [3H]-2-methyl-thio-adenosine 5'-diphosphate from human recombinant P2Y12 expressed in CHO cell membranes by scintillation counting method,CHEMBL3351863,Q9H244,P2Y purinoceptor 12,IC50,CCCCc1cc(C(=O)N[C@@H](CCC(=O)O)C(=O)N2CCN(C(=O)OCC)CC2)nc(-c2ccccc2)n1,7.008773924307505
CHEMBL3322625,CHEMBL2001,P2Y purinoceptor 12,IC50,=,59.5,nM,CHEMBL3369059,B,Displacement of [3H]-2-methyl-thio-adenosine 5'-diphosphate from human recombinant P2Y12 expressed in CHO cell membranes by scintillation counting method,CHEMBL3351863,Q9H244,P2Y purinoceptor 12,IC50,CCOC(=O)N1CCN(C(=O)[C@H](CCC(=O)O)NC(=O)c2cc(C3CC3)nc(-c3ccccc3)n2)CC1,7.22548303427145
CHEMBL3322626,CHEMBL2001,P2Y purinoceptor 12,IC50,=,52.0,nM,CHEMBL3369059,B,Displacement of [3H]-2-methyl-thio-adenosine 5'-diphosphate from human recombinant P2Y12 expressed in CHO cell membranes by scintillation counting method,CHEMBL3351863,Q9H244,P2Y purinoceptor 12,IC50,CCOC(=O)N1CCN(C(=O)[C@H](CCC(=O)O)NC(=O)c2cc(C(C)C)nc(-c3ccccc3)n2)CC1,7.2839966563652006
CHEMBL3322627,CHEMBL2001,P2Y purinoceptor 12,IC50,=,36.0,nM,CHEMBL3369059,B,Displacement of [3H]-2-methyl-thio-adenosine 5'-diphosphate from human recombinant P2Y12 expressed in CHO cell membranes by scintillation counting method,CHEMBL3351863,Q9H244,P2Y purinoceptor 12,IC50,CCOC(=O)N1CCN(C(=O)[C@H](CCC(=O)O)NC(=O)c2cc(C(C)(C)C)nc(-c3ccccc3)n2)CC1,7.443697499232712
CHEMBL3322628,CHEMBL2001,P2Y purinoceptor 12,IC50,=,21.0,nM,CHEMBL3369059,B,Displacement of [3H]-2-methyl-thio-adenosine 5'-diphosphate from human recombinant P2Y12 expressed in CHO cell membranes by scintillation counting method,CHEMBL3351863,Q9H244,P2Y purinoceptor 12,IC50,CCOC(=O)N1CCN(C(=O)[C@H](CCC(=O)O)NC(=O)c2cc(C(C)(C)CO)nc(-c3ccccc3)n2)CC1,7.6777807052660805
CHEMBL3322629,CHEMBL2001,P2Y purinoceptor 12,IC50,=,53.0,nM,CHEMBL3369059,B,Displacement of [3H]-2-methyl-thio-adenosine 5'-diphosphate from human recombinant P2Y12 expressed in CHO cell membranes by scintillation counting method,CHEMBL3351863,Q9H244,P2Y purinoceptor 12,IC50,CCOC(=O)N1CCN(C(=O)[C@H](CCC(=O)O)NC(=O)c2cc(-c3ccncc3)nc(-c3ccccc3)n2)CC1,7.275724130399211
CHEMBL3322630,CHEMBL2001,P2Y purinoceptor 12,IC50,=,129.0,nM,CHEMBL3369059,B,Displacement of [3H]-2-methyl-thio-adenosine 5'-diphosphate from human recombinant P2Y12 expressed in CHO cell membranes by scintillation counting method,CHEMBL3351863,Q9H244,P2Y purinoceptor 12,IC50,CCOC(=O)N1CCN(C(=O)[C@H](CCC(=O)O)NC(=O)c2cc(-c3ccc[n+]([O-])c3)nc(-c3ccccc3)n2)CC1,6.889410289700751
CHEMBL598998,CHEMBL2001,P2Y purinoceptor 12,IC50,=,64.0,nM,CHEMBL3369059,B,Displacement of [3H]-2-methyl-thio-adenosine 5'-diphosphate from human recombinant P2Y12 expressed in CHO cell membranes by scintillation counting method,CHEMBL3351863,Q9H244,P2Y purinoceptor 12,IC50,CCOC(=O)N1CCN(C(=O)[C@H](CCC(=O)O)NC(=O)c2cc(-c3ccccc3)nc(-c3ccccc3)n2)CC1,7.1938200260161125
CHEMBL3322631,CHEMBL2001,P2Y purinoceptor 12,IC50,=,31.0,nM,CHEMBL3369059,B,Displacement of [3H]-2-methyl-thio-adenosine 5'-diphosphate from human recombinant P2Y12 expressed in CHO cell membranes by scintillation counting method,CHEMBL3351863,Q9H244,P2Y purinoceptor 12,IC50,CCOC(=O)N1CCN(C(=O)[C@H](CCC(=O)O)NC(=O)c2cc(-c3ccc(OC)cc3)nc(-c3ccccc3)n2)CC1,7.508638306165727
CHEMBL3322632,CHEMBL2001,P2Y purinoceptor 12,IC50,=,11.0,nM,CHEMBL3369059,B,Displacement of [3H]-2-methyl-thio-adenosine 5'-diphosphate from human recombinant P2Y12 expressed in CHO cell membranes by scintillation counting method,CHEMBL3351863,Q9H244,P2Y purinoceptor 12,IC50,CCOC(=O)N1CCN(C(=O)[C@H](CCC(=O)O)NC(=O)c2cc(-c3ccsc3)nc(-c3ccccc3)n2)CC1,7.958607314841775
CHEMBL3322633,CHEMBL2001,P2Y purinoceptor 12,IC50,=,73.0,nM,CHEMBL3369059,B,Displacement of [3H]-2-methyl-thio-adenosine 5'-diphosphate from human recombinant P2Y12 expressed in CHO cell membranes by scintillation counting method,CHEMBL3351863,Q9H244,P2Y purinoceptor 12,IC50,CCOC(=O)N1CCN(C(=O)[C@H](CCC(=O)O)NC(=O)c2cc(-c3cn[nH]c3)nc(-c3ccccc3)n2)CC1,7.136677139879544
CHEMBL3322634,CHEMBL2001,P2Y purinoceptor 12,IC50,=,533.0,nM,CHEMBL3369059,B,Displacement of [3H]-2-methyl-thio-adenosine 5'-diphosphate from human recombinant P2Y12 expressed in CHO cell membranes by scintillation counting method,CHEMBL3351863,Q9H244,P2Y purinoceptor 12,IC50,CCOC(=O)N1CCN(C(=O)[C@H](CCC(=O)O)NC(=O)c2cc(CN3CCCCC3)nc(-c3ccccc3)n2)CC1,6.273272790973428
CHEMBL3321766,CHEMBL2001,P2Y purinoceptor 12,IC50,=,428.0,nM,CHEMBL3369059,B,Displacement of [3H]-2-methyl-thio-adenosine 5'-diphosphate from human recombinant P2Y12 expressed in CHO cell membranes by scintillation counting method,CHEMBL3351863,Q9H244,P2Y purinoceptor 12,IC50,CCOC(=O)N1CCN(C(=O)[C@H](CCC(=O)O)NC(=O)c2cc(CN3CCOCC3)nc(-c3ccccc3)n2)CC1,6.368556230986828
CHEMBL3322635,CHEMBL2001,P2Y purinoceptor 12,IC50,=,279.0,nM,CHEMBL3369059,B,Displacement of [3H]-2-methyl-thio-adenosine 5'-diphosphate from human recombinant P2Y12 expressed in CHO cell membranes by scintillation counting method,CHEMBL3351863,Q9H244,P2Y purinoceptor 12,IC50,CCOC(=O)N1CCN(C(=O)[C@H](CCC(=O)O)NC(=O)c2cc(NCCCO)nc(-c3ccccc3)n2)CC1,6.554395796726403
CHEMBL3322636,CHEMBL2001,P2Y purinoceptor 12,IC50,=,223.0,nM,CHEMBL3369059,B,Displacement of [3H]-2-methyl-thio-adenosine 5'-diphosphate from human recombinant P2Y12 expressed in CHO cell membranes by scintillation counting method,CHEMBL3351863,Q9H244,P2Y purinoceptor 12,IC50,CCOC(=O)N1CCN(C(=O)[C@H](CCC(=O)O)NC(=O)c2cc(N[C@H]3CC[C@H](O)CC3)nc(-c3ccccc3)n2)CC1,6.651695136951839
CHEMBL3322637,CHEMBL2001,P2Y purinoceptor 12,IC50,=,56.0,nM,CHEMBL3369059,B,Displacement of [3H]-2-methyl-thio-adenosine 5'-diphosphate from human recombinant P2Y12 expressed in CHO cell membranes by scintillation counting method,CHEMBL3351863,Q9H244,P2Y purinoceptor 12,IC50,CCOC(=O)N1CCN(C(=O)[C@H](CCC(=O)O)NC(=O)c2cc(NC(C)CO)nc(-c3ccccc3)n2)CC1,7.251811972993799
CHEMBL3322638,CHEMBL2001,P2Y purinoceptor 12,IC50,=,97.0,nM,CHEMBL3369059,B,Displacement of [3H]-2-methyl-thio-adenosine 5'-diphosphate from human recombinant P2Y12 expressed in CHO cell membranes by scintillation counting method,CHEMBL3351863,Q9H244,P2Y purinoceptor 12,IC50,CCOC(=O)N1CCN(C(=O)[C@H](CCC(=O)O)NC(=O)c2cc(NC(C)COC)nc(-c3ccccc3)n2)CC1,7.013228265733755
CHEMBL3322639,CHEMBL2001,P2Y purinoceptor 12,IC50,=,52.0,nM,CHEMBL3369059,B,Displacement of [3H]-2-methyl-thio-adenosine 5'-diphosphate from human recombinant P2Y12 expressed in CHO cell membranes by scintillation counting method,CHEMBL3351863,Q9H244,P2Y purinoceptor 12,IC50,CCOC(=O)N1CCN(C(=O)[C@H](CCC(=O)O)NC(=O)c2cc(N3CC[C@@H](O)C3)nc(-c3ccccc3)n2)CC1,7.2839966563652006
CHEMBL3322614,CHEMBL2001,P2Y purinoceptor 12,IC50,=,122.0,nM,CHEMBL3369059,B,Displacement of [3H]-2-methyl-thio-adenosine 5'-diphosphate from human recombinant P2Y12 expressed in CHO cell membranes by scintillation counting method,CHEMBL3351863,Q9H244,P2Y purinoceptor 12,IC50,CCOC(=O)N1CCN(C(=O)[C@H](CCC(=O)O)NC(=O)c2cc(NCc3ccccc3)nc(-c3ccccc3)n2)CC1,6.913640169325252
CHEMBL3322613,CHEMBL2001,P2Y purinoceptor 12,IC50,=,177.0,nM,CHEMBL3369059,B,Displacement of [3H]-2-methyl-thio-adenosine 5'-diphosphate from human recombinant P2Y12 expressed in CHO cell membranes by scintillation counting method,CHEMBL3351863,Q9H244,P2Y purinoceptor 12,IC50,CCOC(=O)N1CCN(C(=O)[C@H](CCC(=O)O)NC(=O)c2cc(Nc3ccccc3)nc(-c3ccccc3)n2)CC1,6.752026733638194
CHEMBL3322612,CHEMBL2001,P2Y purinoceptor 12,IC50,=,95.5,nM,CHEMBL3369059,B,Displacement of [3H]-2-methyl-thio-adenosine 5'-diphosphate from human recombinant P2Y12 expressed in CHO cell membranes by scintillation counting method,CHEMBL3351863,Q9H244,P2Y purinoceptor 12,IC50,CCOC(=O)N1CCN(C(=O)[C@H](CCC(=O)O)NC(=O)c2cc(NC(C)C)nc(-c3ccccc3)n2)CC1,7.019996628416253
CHEMBL3322611,CHEMBL2001,P2Y purinoceptor 12,IC50,=,162.0,nM,CHEMBL3369059,B,Displacement of [3H]-2-methyl-thio-adenosine 5'-diphosphate from human recombinant P2Y12 expressed in CHO cell membranes by scintillation counting method,CHEMBL3351863,Q9H244,P2Y purinoceptor 12,IC50,CCCNc1cc(C(=O)N[C@@H](CCC(=O)O)C(=O)N2CCN(C(=O)OCC)CC2)nc(-c2ccccc2)n1,6.790484985457369
CHEMBL3322640,CHEMBL2001,P2Y purinoceptor 12,IC50,=,46.0,nM,CHEMBL3369059,B,Displacement of [3H]-2-methyl-thio-adenosine 5'-diphosphate from human recombinant P2Y12 expressed in CHO cell membranes by scintillation counting method,CHEMBL3351863,Q9H244,P2Y purinoceptor 12,IC50,CCOC(=O)N1CCN(C(=O)[C@H](CCC(=O)O)NC(=O)c2cc(N3CC[C@H](O)C3)nc(-c3ccccc3)n2)CC1,7.337242168318426
CHEMBL3322641,CHEMBL2001,P2Y purinoceptor 12,IC50,=,21.0,nM,CHEMBL3369059,B,Displacement of [3H]-2-methyl-thio-adenosine 5'-diphosphate from human recombinant P2Y12 expressed in CHO cell membranes by scintillation counting method,CHEMBL3351863,Q9H244,P2Y purinoceptor 12,IC50,CCOC(=O)N1CCN(C(=O)[C@H](CCC(=O)O)NC(=O)c2cc(N3CCCC(O)C3)nc(-c3ccccc3)n2)CC1,7.6777807052660805
CHEMBL3322642,CHEMBL2001,P2Y purinoceptor 12,IC50,=,16.0,nM,CHEMBL3369059,B,Displacement of [3H]-2-methyl-thio-adenosine 5'-diphosphate from human recombinant P2Y12 expressed in CHO cell membranes by scintillation counting method,CHEMBL3351863,Q9H244,P2Y purinoceptor 12,IC50,CCOC(=O)N1CCN(C(=O)[C@H](CCC(=O)O)NC(=O)c2cc(N3CC[C@H](OC)C3)nc(-c3ccccc3)n2)CC1,7.795880017344075
CHEMBL3322643,CHEMBL2001,P2Y purinoceptor 12,IC50,=,25.0,nM,CHEMBL3369059,B,Displacement of [3H]-2-methyl-thio-adenosine 5'-diphosphate from human recombinant P2Y12 expressed in CHO cell membranes by scintillation counting method,CHEMBL3351863,Q9H244,P2Y purinoceptor 12,IC50,CCOC(=O)N1CCN(C(=O)[C@H](CCC(=O)O)NC(=O)c2cc(N[C@@H]3CCOC3)nc(-c3ccccc3)n2)CC1,7.6020599913279625
CHEMBL3322644,CHEMBL2001,P2Y purinoceptor 12,IC50,=,76.0,nM,CHEMBL3369059,B,Displacement of [3H]-2-methyl-thio-adenosine 5'-diphosphate from human recombinant P2Y12 expressed in CHO cell membranes by scintillation counting method,CHEMBL3351863,Q9H244,P2Y purinoceptor 12,IC50,CCOC(=O)N1CCN(C(=O)[C@H](CCC(=O)O)NC(=O)c2cc(N3CCC(N)C3)nc(-c3ccccc3)n2)CC1,7.119186407719209
CHEMBL3322645,CHEMBL2001,P2Y purinoceptor 12,IC50,=,291.0,nM,CHEMBL3369059,B,Displacement of [3H]-2-methyl-thio-adenosine 5'-diphosphate from human recombinant P2Y12 expressed in CHO cell membranes by scintillation counting method,CHEMBL3351863,Q9H244,P2Y purinoceptor 12,IC50,CCOC(=O)N1CCN(C(=O)[C@H](CCC(=O)O)NC(=O)c2cc(N3CCCCC3CN(C)C)nc(-c3ccccc3)n2)CC1,6.536107011014092
CHEMBL3322646,CHEMBL2001,P2Y purinoceptor 12,IC50,=,218.0,nM,CHEMBL3369059,B,Displacement of [3H]-2-methyl-thio-adenosine 5'-diphosphate from human recombinant P2Y12 expressed in CHO cell membranes by scintillation counting method,CHEMBL3351863,Q9H244,P2Y purinoceptor 12,IC50,CCOC(=O)N1CCN(C(=O)[C@H](CCC(=O)O)NC(=O)c2cc(CCCO)nc(-c3ccccc3)n2)CC1,6.661543506395395
CHEMBL3322647,CHEMBL2001,P2Y purinoceptor 12,IC50,=,40.0,nM,CHEMBL3369059,B,Displacement of [3H]-2-methyl-thio-adenosine 5'-diphosphate from human recombinant P2Y12 expressed in CHO cell membranes by scintillation counting method,CHEMBL3351863,Q9H244,P2Y purinoceptor 12,IC50,CCOC(=O)N1CCN(C(=O)[C@H](CCC(=O)O)NC(=O)c2cc(C3CCC(O)CC3)nc(-c3ccccc3)n2)CC1,7.3979400086720375
CHEMBL3322648,CHEMBL2001,P2Y purinoceptor 12,IC50,=,35.0,nM,CHEMBL3369059,B,Displacement of [3H]-2-methyl-thio-adenosine 5'-diphosphate from human recombinant P2Y12 expressed in CHO cell membranes by scintillation counting method,CHEMBL3351863,Q9H244,P2Y purinoceptor 12,IC50,CCOC(=O)N1CCN(C(=O)[C@H](CCC(=O)O)NC(=O)c2cc(C(C)(C)O)nc(-c3ccccc3)n2)CC1,7.455931955649724
CHEMBL3322649,CHEMBL2001,P2Y purinoceptor 12,IC50,=,23.0,nM,CHEMBL3369059,B,Displacement of [3H]-2-methyl-thio-adenosine 5'-diphosphate from human recombinant P2Y12 expressed in CHO cell membranes by scintillation counting method,CHEMBL3351863,Q9H244,P2Y purinoceptor 12,IC50,CCOC(=O)N1CCN(C(=O)[C@H](CCC(=O)O)NC(=O)c2cc([C@H]3C[C@@H]3CO)nc(-c3ccccc3)n2)CC1,7.638272163982407
CHEMBL3322650,CHEMBL2001,P2Y purinoceptor 12,IC50,=,39.0,nM,CHEMBL3369059,B,Displacement of [3H]-2-methyl-thio-adenosine 5'-diphosphate from human recombinant P2Y12 expressed in CHO cell membranes by scintillation counting method,CHEMBL3351863,Q9H244,P2Y purinoceptor 12,IC50,CCOC(=O)N1CCN(C(=O)[C@H](CCC(=O)O)NC(=O)c2cc([C@H]3C[C@@H]3COC)nc(-c3ccccc3)n2)CC1,7.4089353929735005
CHEMBL3322651,CHEMBL2001,P2Y purinoceptor 12,IC50,=,43.0,nM,CHEMBL3369059,B,Displacement of [3H]-2-methyl-thio-adenosine 5'-diphosphate from human recombinant P2Y12 expressed in CHO cell membranes by scintillation counting method,CHEMBL3351863,Q9H244,P2Y purinoceptor 12,IC50,CCOC(=O)N1CCN(C(=O)[C@H](CCC(=O)O)NC(=O)c2cc([C@@H]3C[C@H]3COC)nc(-c3ccccc3)n2)CC1,7.366531544420413
CHEMBL3322650,CHEMBL2001,P2Y purinoceptor 12,IC50,=,15.0,nM,CHEMBL3369059,B,Displacement of [3H]-2-methyl-thio-adenosine 5'-diphosphate from human recombinant P2Y12 expressed in CHO cell membranes by scintillation counting method,CHEMBL3351863,Q9H244,P2Y purinoceptor 12,IC50,CCOC(=O)N1CCN(C(=O)[C@H](CCC(=O)O)NC(=O)c2cc([C@H]3C[C@@H]3COC)nc(-c3ccccc3)n2)CC1,7.823908740944319
CHEMBL3322652,CHEMBL2001,P2Y purinoceptor 12,IC50,=,3.0,nM,CHEMBL3369059,B,Displacement of [3H]-2-methyl-thio-adenosine 5'-diphosphate from human recombinant P2Y12 expressed in CHO cell membranes by scintillation counting method,CHEMBL3351863,Q9H244,P2Y purinoceptor 12,IC50,CCCCOC(=O)N1CCN(C(=O)[C@H](CCC(=O)O)NC(=O)c2cc(N3CC[C@H](OC)C3)nc(-c3ccccc3)n2)CC1,8.522878745280337
CHEMBL3322653,CHEMBL2001,P2Y purinoceptor 12,IC50,=,3.0,nM,CHEMBL3369059,B,Displacement of [3H]-2-methyl-thio-adenosine 5'-diphosphate from human recombinant P2Y12 expressed in CHO cell membranes by scintillation counting method,CHEMBL3351863,Q9H244,P2Y purinoceptor 12,IC50,CCCCOC(=O)N1CCN(C(=O)[C@H](CCC(=O)O)NC(=O)c2cc([C@H]3C[C@@H]3COC)nc(-c3ccccc3)n2)CC1,8.522878745280337
CHEMBL3322654,CHEMBL2001,P2Y purinoceptor 12,IC50,=,9.0,nM,CHEMBL3369059,B,Displacement of [3H]-2-methyl-thio-adenosine 5'-diphosphate from human recombinant P2Y12 expressed in CHO cell membranes by scintillation counting method,CHEMBL3351863,Q9H244,P2Y purinoceptor 12,IC50,CCCCOC(=O)N1CCN(C(=O)[C@H](CCC(=O)O)NC(=O)c2cc([C@H]3C[C@H]3COC)nc(-c3ccccc3)n2)CC1,8.045757490560675
CHEMBL3322653,CHEMBL2001,P2Y purinoceptor 12,IC50,=,4.8,nM,CHEMBL3369059,B,Displacement of [3H]-2-methyl-thio-adenosine 5'-diphosphate from human recombinant P2Y12 expressed in CHO cell membranes by scintillation counting method,CHEMBL3351863,Q9H244,P2Y purinoceptor 12,IC50,CCCCOC(=O)N1CCN(C(=O)[C@H](CCC(=O)O)NC(=O)c2cc([C@H]3C[C@@H]3COC)nc(-c3ccccc3)n2)CC1,8.318758762624412
CHEMBL334966,CHEMBL2001,P2Y purinoceptor 12,IC50,=,2.0,nM,CHEMBL3590963,B,Antagonist activity at P2Y12 receptor in human washed platelets assessed as inhibition of ADP-induced aggregation preincubated for 5 mins followed by ADP addition by turbidimetric analysis,CHEMBL3588795,Q9H244,P2Y purinoceptor 12,IC50,CSCCNc1nc(SCCC(F)(F)F)nc2c1ncn2[C@@H]1O[C@H](COP(=O)(O)OP(=O)(O)C(Cl)(Cl)P(=O)(O)O)[C@@H](O)[C@H]1O,8.698970004336019
CHEMBL3745979,CHEMBL2001,P2Y purinoceptor 12,IC50,=,1400.0,nM,CHEMBL3748118,B,Antagonist activity at human platelet P2Y12 receptor assessed as inhibition of ADP-mediated decrease in intra-platelet phosphorylated VASP by FLUO-4 staining based flow cytometric analysis,CHEMBL3745686,Q9H244,P2Y purinoceptor 12,IC50,CSc1nc(N)c2ncn([C@@H]3O[C@H](COP(=O)([O-])OP(=O)([O-])OP(=O)([O-])OP(=O)([O-])OC[C@H]4O[C@@H](n5cnc6c(N)nc(SC)nc65)[C@H](O)[C@@H]4O)[C@@H](O)[C@H]3O)c2n1.[Na+].[Na+].[Na+].[Na+],5.853871964321762
CHEMBL3746558,CHEMBL2001,P2Y purinoceptor 12,IC50,=,2400.0,nM,CHEMBL3748118,B,Antagonist activity at human platelet P2Y12 receptor assessed as inhibition of ADP-mediated decrease in intra-platelet phosphorylated VASP by FLUO-4 staining based flow cytometric analysis,CHEMBL3745686,Q9H244,P2Y purinoceptor 12,IC50,CSc1nc(N)c2ncn([C@@H]3O[C@H](COP(=O)([S-])OP(=O)([O-])OP(=O)([O-])OP(=O)([S-])OC[C@H]4O[C@@H](n5cnc6c(N)nc(SC)nc65)[C@H](O)[C@@H]4O)[C@@H](O)[C@H]3O)c2n1.[Na+].[Na+].[Na+].[Na+],5.619788758288394
CHEMBL3746620,CHEMBL2001,P2Y purinoceptor 12,IC50,=,310.0,nM,CHEMBL3748118,B,Antagonist activity at human platelet P2Y12 receptor assessed as inhibition of ADP-mediated decrease in intra-platelet phosphorylated VASP by FLUO-4 staining based flow cytometric analysis,CHEMBL3745686,Q9H244,P2Y purinoceptor 12,IC50,CSc1nc(N)c2ncn([C@@H]3O[C@H](COP(=O)([O-])OP(=O)([O-])C(Cl)P(=O)([O-])OP(=O)([O-])OC[C@H]4O[C@@H](n5cnc6c(N)nc(SC)nc65)[C@H](O)[C@@H]4O)[C@@H](O)[C@H]3O)c2n1.[Na+].[Na+].[Na+].[Na+],6.508638306165727
CHEMBL3747385,CHEMBL2001,P2Y purinoceptor 12,IC50,=,220.0,nM,CHEMBL3748118,B,Antagonist activity at human platelet P2Y12 receptor assessed as inhibition of ADP-mediated decrease in intra-platelet phosphorylated VASP by FLUO-4 staining based flow cytometric analysis,CHEMBL3745686,Q9H244,P2Y purinoceptor 12,IC50,CSc1nc(N)c2ncn([C@@H]3O[C@H](COP(=O)([S-])OP(=O)([O-])C(Cl)P(=O)([O-])OP(=O)([S-])OC[C@H]4O[C@@H](n5cnc6c(N)nc(SC)nc65)[C@H](O)[C@@H]4O)[C@@H](O)[C@H]3O)c2n1.[Na+].[Na+].[Na+].[Na+],6.657577319177793
CHEMBL3747704,CHEMBL2001,P2Y purinoceptor 12,IC50,=,140.0,nM,CHEMBL3748118,B,Antagonist activity at human platelet P2Y12 receptor assessed as inhibition of ADP-mediated decrease in intra-platelet phosphorylated VASP by FLUO-4 staining based flow cytometric analysis,CHEMBL3745686,Q9H244,P2Y purinoceptor 12,IC50,CCSc1nc(N)c2ncn([C@@H]3O[C@H](COP(=O)([S-])OP(=O)([O-])C(Cl)P(=O)([O-])OP(=O)([S-])OC[C@H]4O[C@@H](n5cnc6c(N)nc(SCC)nc65)[C@H](O)[C@@H]4O)[C@@H](O)[C@H]3O)c2n1.[Na+].[Na+].[Na+].[Na+],6.853871964321762
CHEMBL3745863,CHEMBL2001,P2Y purinoceptor 12,IC50,=,1020.0,nM,CHEMBL3748118,B,Antagonist activity at human platelet P2Y12 receptor assessed as inhibition of ADP-mediated decrease in intra-platelet phosphorylated VASP by FLUO-4 staining based flow cytometric analysis,CHEMBL3745686,Q9H244,P2Y purinoceptor 12,IC50,CCCSc1nc(N)c2ncn([C@@H]3O[C@H](COP(=O)([S-])OP(=O)([O-])C(Cl)P(=O)([O-])OP(=O)([S-])OC[C@H]4O[C@@H](n5cnc6c(N)nc(SCCC)nc65)[C@H](O)[C@@H]4O)[C@@H](O)[C@H]3O)c2n1.[Na+].[Na+].[Na+].[Na+],5.991399828238082
CHEMBL3746192,CHEMBL2001,P2Y purinoceptor 12,IC50,=,210.0,nM,CHEMBL3748118,B,Antagonist activity at human platelet P2Y12 receptor assessed as inhibition of ADP-mediated decrease in intra-platelet phosphorylated VASP by FLUO-4 staining based flow cytometric analysis,CHEMBL3745686,Q9H244,P2Y purinoceptor 12,IC50,Nc1nc(SCCC(F)(F)F)nc2c1ncn2[C@@H]1O[C@H](COP(=O)([S-])OP(=O)([O-])C(Cl)P(=O)([O-])OP(=O)([S-])OC[C@H]2O[C@@H](n3cnc4c(N)nc(SCCC(F)(F)F)nc43)[C@H](O)[C@@H]2O)[C@@H](O)[C@H]1O.[Na+].[Na+].[Na+].[Na+],6.6777807052660805
CHEMBL3746188,CHEMBL2001,P2Y purinoceptor 12,IC50,=,3100.0,nM,CHEMBL3748118,B,Antagonist activity at human platelet P2Y12 receptor assessed as inhibition of ADP-mediated decrease in intra-platelet phosphorylated VASP by FLUO-4 staining based flow cytometric analysis,CHEMBL3745686,Q9H244,P2Y purinoceptor 12,IC50,CCCCCSc1nc(N)c2ncn([C@@H]3O[C@H](COP(=O)([S-])OP(=O)([O-])C(Cl)P(=O)([O-])OP(=O)([S-])OC[C@H]4O[C@@H](n5cnc6c(N)nc(SCCCCC)nc65)[C@H](O)[C@@H]4O)[C@@H](O)[C@H]3O)c2n1.[Na+].[Na+].[Na+].[Na+],5.508638306165727
CHEMBL3746502,CHEMBL2001,P2Y purinoceptor 12,IC50,=,9300.0,nM,CHEMBL3748118,B,Antagonist activity at human platelet P2Y12 receptor assessed as inhibition of ADP-mediated decrease in intra-platelet phosphorylated VASP by FLUO-4 staining based flow cytometric analysis,CHEMBL3745686,Q9H244,P2Y purinoceptor 12,IC50,Nc1nc(Cl)nc2c1ncn2[C@@H]1O[C@H](COP(=O)([S-])OP(=O)([O-])C(Cl)P(=O)([O-])OP(=O)([S-])OC[C@H]2O[C@@H](n3cnc4c(N)nc(Cl)nc43)[C@H](O)[C@@H]2O)[C@@H](O)[C@H]1O.[Na+].[Na+].[Na+].[Na+],5.031517051446064
CHEMBL3746598,CHEMBL2001,P2Y purinoceptor 12,IC50,=,340.0,nM,CHEMBL3748118,B,Antagonist activity at human platelet P2Y12 receptor assessed as inhibition of ADP-mediated decrease in intra-platelet phosphorylated VASP by FLUO-4 staining based flow cytometric analysis,CHEMBL3745686,Q9H244,P2Y purinoceptor 12,IC50,Nc1nc(Br)nc2c1ncn2[C@@H]1O[C@H](COP(=O)([S-])OP(=O)([O-])C(Cl)P(=O)([O-])OP(=O)([S-])OC[C@H]2O[C@@H](n3cnc4c(N)nc(Br)nc43)[C@H](O)[C@@H]2O)[C@@H](O)[C@H]1O.[Na+].[Na+].[Na+].[Na+],6.468521082957745
CHEMBL3746901,CHEMBL2001,P2Y purinoceptor 12,IC50,=,1350.0,nM,CHEMBL3748118,B,Antagonist activity at human platelet P2Y12 receptor assessed as inhibition of ADP-mediated decrease in intra-platelet phosphorylated VASP by FLUO-4 staining based flow cytometric analysis,CHEMBL3745686,Q9H244,P2Y purinoceptor 12,IC50,Nc1nc(I)nc2c1ncn2[C@@H]1O[C@H](COP(=O)([S-])OP(=O)([O-])C(Cl)P(=O)([O-])OP(=O)([S-])OC[C@H]2O[C@@H](n3cnc4c(N)nc(I)nc43)[C@H](O)[C@@H]2O)[C@@H](O)[C@H]1O.[Na+].[Na+].[Na+].[Na+],5.8696662315049934
CHEMBL3746451,CHEMBL2001,P2Y purinoceptor 12,IC50,=,156000.0,nM,CHEMBL3748118,B,Antagonist activity at human platelet P2Y12 receptor assessed as inhibition of ADP-mediated decrease in intra-platelet phosphorylated VASP by FLUO-4 staining based flow cytometric analysis,CHEMBL3745686,Q9H244,P2Y purinoceptor 12,IC50,CCCNc1ncnc2c1ncn2[C@@H]1O[C@H](COP(=O)([S-])OP(=O)([O-])C(Cl)P(=O)([O-])OP(=O)([S-])OC[C@H]2O[C@@H](n3cnc4c(NCCC)ncnc43)[C@H](O)[C@@H]2O)[C@@H](O)[C@H]1O.[Na+].[Na+].[Na+].[Na+],3.806875401645538
CHEMBL3746852,CHEMBL2001,P2Y purinoceptor 12,IC50,=,730.0,nM,CHEMBL3748118,B,Antagonist activity at human platelet P2Y12 receptor assessed as inhibition of ADP-mediated decrease in intra-platelet phosphorylated VASP by FLUO-4 staining based flow cytometric analysis,CHEMBL3745686,Q9H244,P2Y purinoceptor 12,IC50,CNc1nc(SC)nc2c1ncn2[C@@H]1O[C@H](COP(=O)([S-])OP(=O)([O-])C(Cl)P(=O)([O-])OP(=O)([S-])OC[C@H]2O[C@@H](n3cnc4c(NC)nc(SC)nc43)[C@H](O)[C@@H]2O)[C@@H](O)[C@H]1O.[Na+].[Na+].[Na+].[Na+],6.136677139879544
CHEMBL3746312,CHEMBL2001,P2Y purinoceptor 12,IC50,=,1120.0,nM,CHEMBL3748118,B,Antagonist activity at human platelet P2Y12 receptor assessed as inhibition of ADP-mediated decrease in intra-platelet phosphorylated VASP by FLUO-4 staining based flow cytometric analysis,CHEMBL3745686,Q9H244,P2Y purinoceptor 12,IC50,CSc1nc(N)c2ncn([C@@H]3O[C@H](COP(=O)([S-])OP(=O)([O-])C(Cl)(Cl)P(=O)([O-])OP(=O)([S-])OC[C@H]4O[C@@H](n5cnc6c(N)nc(SC)nc65)[C@H](O)[C@@H]4O)[C@@H](O)[C@H]3O)c2n1.[Na+].[Na+].[Na+].[Na+],5.950781977329818
CHEMBL334966,CHEMBL2001,P2Y purinoceptor 12,IC50,=,18.3,nM,CHEMBL3748118,B,Antagonist activity at human platelet P2Y12 receptor assessed as inhibition of ADP-mediated decrease in intra-platelet phosphorylated VASP by FLUO-4 staining based flow cytometric analysis,CHEMBL3745686,Q9H244,P2Y purinoceptor 12,IC50,CSCCNc1nc(SCCC(F)(F)F)nc2c1ncn2[C@@H]1O[C@H](COP(=O)(O)OP(=O)(O)C(Cl)(Cl)P(=O)(O)O)[C@@H](O)[C@H]1O,7.73754891026957
CHEMBL14249,CHEMBL2001,P2Y purinoceptor 12,IC50,=,251188.64,nM,CHEMBL3802945,B,Antagonist activity at P2Y12 receptor in human platelets assessed as inhibition of ADP-induced platelet aggregation by turbidimetric method,CHEMBL3797132,Q9H244,P2Y purinoceptor 12,IC50,Nc1ncnc2c1ncn2[C@@H]1O[C@H](COP(=O)(O)OP(=O)(O)OP(=O)(O)O)[C@@H](O)[C@H]1O,3.600000005447872
CHEMBL1160356,CHEMBL2001,P2Y purinoceptor 12,IC50,=,316227.77,nM,CHEMBL3802945,B,Antagonist activity at P2Y12 receptor in human platelets assessed as inhibition of ADP-induced platelet aggregation by turbidimetric method,CHEMBL3797132,Q9H244,P2Y purinoceptor 12,IC50,Nc1ncnc2c1ncn2[C@@H]1O[C@H](COP(=O)(O)OP(=O)(O)C(Cl)(Cl)P(=O)(O)O)[C@@H](O)[C@H]1O,3.499999994529686
CHEMBL336292,CHEMBL2001,P2Y purinoceptor 12,IC50,=,2.512,nM,CHEMBL3802945,B,Antagonist activity at P2Y12 receptor in human platelets assessed as inhibition of ADP-induced platelet aggregation by turbidimetric method,CHEMBL3797132,Q9H244,P2Y purinoceptor 12,IC50,CCCSc1nc(N)c2ncn([C@@H]3O[C@H](COP(=O)(O)OP(=O)(O)C(Cl)(Cl)P(=O)(O)O)[C@@H](O)[C@H]3O)c2n1,8.599980364934842
CHEMBL1160364,CHEMBL2001,P2Y purinoceptor 12,IC50,=,0.7943,nM,CHEMBL3802945,B,Antagonist activity at P2Y12 receptor in human platelets assessed as inhibition of ADP-induced platelet aggregation by turbidimetric method,CHEMBL3797132,Q9H244,P2Y purinoceptor 12,IC50,O=P(O)(OC[C@H]1O[C@@H](n2cnc3c(NCC(F)(F)F)nc(SCCC(F)(F)F)nc32)[C@H](O)[C@@H]1O)OP(=O)(O)C(Cl)(Cl)P(=O)(O)O,9.100015437450608
CHEMBL334966,CHEMBL2001,P2Y purinoceptor 12,IC50,=,0.3981,nM,CHEMBL3802945,B,Antagonist activity at P2Y12 receptor in human platelets assessed as inhibition of ADP-induced platelet aggregation by turbidimetric method,CHEMBL3797132,Q9H244,P2Y purinoceptor 12,IC50,CSCCNc1nc(SCCC(F)(F)F)nc2c1ncn2[C@@H]1O[C@H](COP(=O)(O)OP(=O)(O)C(Cl)(Cl)P(=O)(O)O)[C@@H](O)[C@H]1O,9.400007822415901
CHEMBL398435,CHEMBL2001,P2Y purinoceptor 12,IC50,=,5.012,nM,CHEMBL3802946,B,Antagonist activity at P2Y12 receptor (unknown origin),CHEMBL3797132,Q9H244,P2Y purinoceptor 12,IC50,CCCSc1nc(N[C@@H]2C[C@H]2c2ccc(F)c(F)c2)c2nnn([C@@H]3C[C@H](OCCO)[C@@H](O)[C@H]3O)c2n1,8.299988937677888
CHEMBL3798413,CHEMBL2001,P2Y purinoceptor 12,IC50,=,2.0,nM,CHEMBL3802947,B,Displacement of [3H]-2-Mes-ADP from human P2Y12 receptor by beta-counter analysis,CHEMBL3797132,Q9H244,P2Y purinoceptor 12,IC50,CCCSc1nc(N[C@@H]2C[C@H]2c2ccccc2)c2nnn([C@@H]3C[C@H](c4nnn[nH]4)[C@@H](O)[C@H]3O)c2n1,8.698970004336019
CHEMBL3798413,CHEMBL2001,P2Y purinoceptor 12,IC50,=,2.0,nM,CHEMBL3802948,B,Antagonist activity at P2Y12 receptor in human platelets assessed as inhibition of ADP-induced platelet aggregation by microplate reader analysis,CHEMBL3797132,Q9H244,P2Y purinoceptor 12,IC50,CCCSc1nc(N[C@@H]2C[C@H]2c2ccccc2)c2nnn([C@@H]3C[C@H](c4nnn[nH]4)[C@@H](O)[C@H]3O)c2n1,8.698970004336019
CHEMBL2402264,CHEMBL2001,P2Y purinoceptor 12,IC50,=,40.0,nM,CHEMBL3802949,B,Binding affinity to P2Y12 receptor (unknown origin),CHEMBL3797132,Q9H244,P2Y purinoceptor 12,IC50,CCOC(=O)c1cc(C#N)c(N2CCN(C(=O)NS(=O)(=O)c3ccc(Cl)s3)CC2)nc1C,7.3979400086720375
CHEMBL2419497,CHEMBL2001,P2Y purinoceptor 12,IC50,=,60.0,nM,CHEMBL3802949,B,Binding affinity to P2Y12 receptor (unknown origin),CHEMBL3797132,Q9H244,P2Y purinoceptor 12,IC50,CCOC(=O)c1cc(C#N)c(N2CC(C(=O)NS(=O)(=O)c3ccc(Cl)s3)C2)nc1C,7.221848749616356
CHEMBL3798029,CHEMBL2001,P2Y purinoceptor 12,IC50,=,440.0,nM,CHEMBL3802949,B,Binding affinity to P2Y12 receptor (unknown origin),CHEMBL3797132,Q9H244,P2Y purinoceptor 12,IC50,CCc1cnc(-c2cc(C#N)c(N3CC(C(=O)NS(=O)(=O)c4ccc(Cl)s4)C3)nc2C)o1,6.356547323513812
CHEMBL2172275,CHEMBL2001,P2Y purinoceptor 12,IC50,=,29.0,nM,CHEMBL3802954,B,Displacement of [3H]-2-Mes-ADP from human P2Y12 receptor,CHEMBL3797132,Q9H244,P2Y purinoceptor 12,IC50,CCOC(=O)N1CCN(C(=O)[C@H](CCC(=O)O)NC(=O)c2cc(OC(C)(C)C(=O)OCC)c3ccc(C)cc3n2)CC1,7.537602002101044
CHEMBL3797316,CHEMBL2001,P2Y purinoceptor 12,IC50,=,5.3,nM,CHEMBL3802954,B,Displacement of [3H]-2-Mes-ADP from human P2Y12 receptor,CHEMBL3797132,Q9H244,P2Y purinoceptor 12,IC50,CCOC(=O)N1CCN(C(=O)[C@H](CCC(=O)O)NC(=O)c2cc(OC(C)(C)C(=O)O)c3ccc(C)cc3n2)CC1,8.275724130399212
CHEMBL2172275,CHEMBL2001,P2Y purinoceptor 12,IC50,=,130.0,nM,CHEMBL3802955,B,Antagonist activity at P2Y12 receptor in human washed platelets assessed as inhibition of ADP-induced platelet aggregation measured for 5 mins by light transmission analysis,CHEMBL3797132,Q9H244,P2Y purinoceptor 12,IC50,CCOC(=O)N1CCN(C(=O)[C@H](CCC(=O)O)NC(=O)c2cc(OC(C)(C)C(=O)OCC)c3ccc(C)cc3n2)CC1,6.886056647693163
CHEMBL3797316,CHEMBL2001,P2Y purinoceptor 12,IC50,=,8.3,nM,CHEMBL3802955,B,Antagonist activity at P2Y12 receptor in human washed platelets assessed as inhibition of ADP-induced platelet aggregation measured for 5 mins by light transmission analysis,CHEMBL3797132,Q9H244,P2Y purinoceptor 12,IC50,CCOC(=O)N1CCN(C(=O)[C@H](CCC(=O)O)NC(=O)c2cc(OC(C)(C)C(=O)O)c3ccc(C)cc3n2)CC1,8.080921907623926
CHEMBL3652603,CHEMBL2001,P2Y purinoceptor 12,IC50,=,132.0,nM,CHEMBL3705643,B,"Binding Assay: The ability of a test compound to bind to the P2Y12 receptor was evaluated in a recombinant cell membrane binding assay. In this competitive binding assay, the test compound competed against a radiolabeled agonist for binding to the P2Y12 receptor, expressed on the cell membrane. Inhibition of binding of the labeled material was measured and correlated to the amount and potency of the test compound. This binding assay is a modification of the procedure described by Takasaki, J. et. al, Mol. Pharmacol., 2001, Vol. 60, pg. 432.",CHEMBL3639290,Q9H244,P2Y purinoceptor 12,IC50,CCOC(=O)[C@@H]1CCCN1C(=O)COc1cc(C(=O)N[C@@H](CCC(=O)O)C(=O)N2CCN(C(=O)OCC)CC2)nc2cc(C)ccc12,6.8794260687941495
CHEMBL3652604,CHEMBL2001,P2Y purinoceptor 12,IC50,=,67.0,nM,CHEMBL3705643,B,"Binding Assay: The ability of a test compound to bind to the P2Y12 receptor was evaluated in a recombinant cell membrane binding assay. In this competitive binding assay, the test compound competed against a radiolabeled agonist for binding to the P2Y12 receptor, expressed on the cell membrane. Inhibition of binding of the labeled material was measured and correlated to the amount and potency of the test compound. This binding assay is a modification of the procedure described by Takasaki, J. et. al, Mol. Pharmacol., 2001, Vol. 60, pg. 432.",CHEMBL3639290,Q9H244,P2Y purinoceptor 12,IC50,CCOC(=O)N1CCN(C(=O)[C@H](CCC(=O)O)NC(=O)c2cc(OCC(=O)N3CCC[C@H]3C(=O)NCC(F)(F)F)c3ccccc3n2)CC1,7.173925197299173
CHEMBL3652605,CHEMBL2001,P2Y purinoceptor 12,IC50,=,65.0,nM,CHEMBL3705643,B,"Binding Assay: The ability of a test compound to bind to the P2Y12 receptor was evaluated in a recombinant cell membrane binding assay. In this competitive binding assay, the test compound competed against a radiolabeled agonist for binding to the P2Y12 receptor, expressed on the cell membrane. Inhibition of binding of the labeled material was measured and correlated to the amount and potency of the test compound. This binding assay is a modification of the procedure described by Takasaki, J. et. al, Mol. Pharmacol., 2001, Vol. 60, pg. 432.",CHEMBL3639290,Q9H244,P2Y purinoceptor 12,IC50,CCOC(=O)N1CCN(C(=O)[C@H](CCC(=O)O)NC(=O)c2cc(OCC(=O)N3CCC[C@H]3C(=O)NC3CCC3)c3cc(F)c(F)cc3n2)CC1,7.187086643357144
CHEMBL3652606,CHEMBL2001,P2Y purinoceptor 12,IC50,=,17.0,nM,CHEMBL3705643,B,"Binding Assay: The ability of a test compound to bind to the P2Y12 receptor was evaluated in a recombinant cell membrane binding assay. In this competitive binding assay, the test compound competed against a radiolabeled agonist for binding to the P2Y12 receptor, expressed on the cell membrane. Inhibition of binding of the labeled material was measured and correlated to the amount and potency of the test compound. This binding assay is a modification of the procedure described by Takasaki, J. et. al, Mol. Pharmacol., 2001, Vol. 60, pg. 432.",CHEMBL3639290,Q9H244,P2Y purinoceptor 12,IC50,CCOC(=O)N1CCN(C(=O)[C@H](CCC(=O)O)NC(=O)c2cc(OCC(=O)N3CCC[C@H]3C(=O)N3CCCC3)c3ccc(C)cc3n2)CC1,7.769551078621726
CHEMBL3652607,CHEMBL2001,P2Y purinoceptor 12,IC50,=,83.0,nM,CHEMBL3705643,B,"Binding Assay: The ability of a test compound to bind to the P2Y12 receptor was evaluated in a recombinant cell membrane binding assay. In this competitive binding assay, the test compound competed against a radiolabeled agonist for binding to the P2Y12 receptor, expressed on the cell membrane. Inhibition of binding of the labeled material was measured and correlated to the amount and potency of the test compound. This binding assay is a modification of the procedure described by Takasaki, J. et. al, Mol. Pharmacol., 2001, Vol. 60, pg. 432.",CHEMBL3639290,Q9H244,P2Y purinoceptor 12,IC50,CCOC(=O)N1CCN(C(=O)[C@H](CCC(N)=O)NC(=O)c2cc(OCC(=O)N3CCC[C@H]3C(=O)NC3CCC3)c3ccc(C)cc3n2)CC1,7.080921907623926
CHEMBL3652608,CHEMBL2001,P2Y purinoceptor 12,IC50,=,71.0,nM,CHEMBL3705643,B,"Binding Assay: The ability of a test compound to bind to the P2Y12 receptor was evaluated in a recombinant cell membrane binding assay. In this competitive binding assay, the test compound competed against a radiolabeled agonist for binding to the P2Y12 receptor, expressed on the cell membrane. Inhibition of binding of the labeled material was measured and correlated to the amount and potency of the test compound. This binding assay is a modification of the procedure described by Takasaki, J. et. al, Mol. Pharmacol., 2001, Vol. 60, pg. 432.",CHEMBL3639290,Q9H244,P2Y purinoceptor 12,IC50,CCOC(=O)N1CCN(C(=O)[C@H](CCC(=O)OCC2CCCC2)NC(=O)c2cc(OCC(=O)N3CCC[C@H]3C(=O)NC3CCC3)c3ccc(C)cc3n2)CC1,7.1487416512809245
CHEMBL3652609,CHEMBL2001,P2Y purinoceptor 12,IC50,=,28.0,nM,CHEMBL3705643,B,"Binding Assay: The ability of a test compound to bind to the P2Y12 receptor was evaluated in a recombinant cell membrane binding assay. In this competitive binding assay, the test compound competed against a radiolabeled agonist for binding to the P2Y12 receptor, expressed on the cell membrane. Inhibition of binding of the labeled material was measured and correlated to the amount and potency of the test compound. This binding assay is a modification of the procedure described by Takasaki, J. et. al, Mol. Pharmacol., 2001, Vol. 60, pg. 432.",CHEMBL3639290,Q9H244,P2Y purinoceptor 12,IC50,CCOC(=O)N1CCN(C(=O)[C@H](CCC(=O)OCC(C)C)NC(=O)c2cc(OCC(=O)N3CCC[C@H]3C(=O)NC3CCC3)c3ccc(C)cc3n2)CC1,7.552841968657781
CHEMBL3652610,CHEMBL2001,P2Y purinoceptor 12,IC50,=,9.0,nM,CHEMBL3705643,B,"Binding Assay: The ability of a test compound to bind to the P2Y12 receptor was evaluated in a recombinant cell membrane binding assay. In this competitive binding assay, the test compound competed against a radiolabeled agonist for binding to the P2Y12 receptor, expressed on the cell membrane. Inhibition of binding of the labeled material was measured and correlated to the amount and potency of the test compound. This binding assay is a modification of the procedure described by Takasaki, J. et. al, Mol. Pharmacol., 2001, Vol. 60, pg. 432.",CHEMBL3639290,Q9H244,P2Y purinoceptor 12,IC50,CCOC(=O)N1CCN(C(=O)[C@H](CC(=O)O)NC(=O)c2cc(OCC(=O)N3CCC[C@H]3C(=O)NC3CCC3)c3cc(F)c(C)cc3n2)CC1,8.045757490560675
CHEMBL3652611,CHEMBL2001,P2Y purinoceptor 12,IC50,=,12.0,nM,CHEMBL3705643,B,"Binding Assay: The ability of a test compound to bind to the P2Y12 receptor was evaluated in a recombinant cell membrane binding assay. In this competitive binding assay, the test compound competed against a radiolabeled agonist for binding to the P2Y12 receptor, expressed on the cell membrane. Inhibition of binding of the labeled material was measured and correlated to the amount and potency of the test compound. This binding assay is a modification of the procedure described by Takasaki, J. et. al, Mol. Pharmacol., 2001, Vol. 60, pg. 432.",CHEMBL3639290,Q9H244,P2Y purinoceptor 12,IC50,CCOC(=O)N1CCN(C(=O)[C@H](CCC(=O)O)NC(=O)c2cc(O[C@H](C)C(=O)N3CCC[C@H]3C(=O)N3CCCCC3)c3ccc(C)cc3n2)CC1,7.920818753952375
CHEMBL3652612,CHEMBL2001,P2Y purinoceptor 12,IC50,=,5.0,nM,CHEMBL3705643,B,"Binding Assay: The ability of a test compound to bind to the P2Y12 receptor was evaluated in a recombinant cell membrane binding assay. In this competitive binding assay, the test compound competed against a radiolabeled agonist for binding to the P2Y12 receptor, expressed on the cell membrane. Inhibition of binding of the labeled material was measured and correlated to the amount and potency of the test compound. This binding assay is a modification of the procedure described by Takasaki, J. et. al, Mol. Pharmacol., 2001, Vol. 60, pg. 432.",CHEMBL3639290,Q9H244,P2Y purinoceptor 12,IC50,CCOC(=O)N1CCN(C(=O)[C@H](CCC(=O)O)NC(=O)c2cc(O[C@H](C)C(=O)N3CCC[C@H]3C(=O)NCC3CC3)c3ccc(C)cc3n2)CC1,8.301029995663981
CHEMBL3652613,CHEMBL2001,P2Y purinoceptor 12,IC50,=,102.0,nM,CHEMBL3705643,B,"Binding Assay: The ability of a test compound to bind to the P2Y12 receptor was evaluated in a recombinant cell membrane binding assay. In this competitive binding assay, the test compound competed against a radiolabeled agonist for binding to the P2Y12 receptor, expressed on the cell membrane. Inhibition of binding of the labeled material was measured and correlated to the amount and potency of the test compound. This binding assay is a modification of the procedure described by Takasaki, J. et. al, Mol. Pharmacol., 2001, Vol. 60, pg. 432.",CHEMBL3639290,Q9H244,P2Y purinoceptor 12,IC50,CCOC(=O)N1CCN(C(=O)[C@H](CCC(=O)O)NC(=O)c2cc(OCC(=O)N3CCCC3c3ccccc3)c3ccccc3n2)CC1,6.991399828238082
CHEMBL3652614,CHEMBL2001,P2Y purinoceptor 12,IC50,=,4.0,nM,CHEMBL3705643,B,"Binding Assay: The ability of a test compound to bind to the P2Y12 receptor was evaluated in a recombinant cell membrane binding assay. In this competitive binding assay, the test compound competed against a radiolabeled agonist for binding to the P2Y12 receptor, expressed on the cell membrane. Inhibition of binding of the labeled material was measured and correlated to the amount and potency of the test compound. This binding assay is a modification of the procedure described by Takasaki, J. et. al, Mol. Pharmacol., 2001, Vol. 60, pg. 432.",CHEMBL3639290,Q9H244,P2Y purinoceptor 12,IC50,CCCCOC(=O)N1CCN(C(=O)[C@H](CCO)NC(=O)c2cc(OCC(=O)N3CCC[C@H]3C(=O)NC3CCC3)c3ccc(C)cc3n2)CC1,8.397940008672037
CHEMBL3652615,CHEMBL2001,P2Y purinoceptor 12,IC50,=,5.0,nM,CHEMBL3705643,B,"Binding Assay: The ability of a test compound to bind to the P2Y12 receptor was evaluated in a recombinant cell membrane binding assay. In this competitive binding assay, the test compound competed against a radiolabeled agonist for binding to the P2Y12 receptor, expressed on the cell membrane. Inhibition of binding of the labeled material was measured and correlated to the amount and potency of the test compound. This binding assay is a modification of the procedure described by Takasaki, J. et. al, Mol. Pharmacol., 2001, Vol. 60, pg. 432.",CHEMBL3639290,Q9H244,P2Y purinoceptor 12,IC50,CCCOC(=O)N1CCN(C(=O)[C@H](CCC(=O)OC)NC(=O)c2cc(OCC(=O)N3CCC[C@H]3C(=O)NC3CCC3)c3ccc(C)cc3n2)CC1,8.301029995663981
CHEMBL3652616,CHEMBL2001,P2Y purinoceptor 12,IC50,=,3.0,nM,CHEMBL3705643,B,"Binding Assay: The ability of a test compound to bind to the P2Y12 receptor was evaluated in a recombinant cell membrane binding assay. In this competitive binding assay, the test compound competed against a radiolabeled agonist for binding to the P2Y12 receptor, expressed on the cell membrane. Inhibition of binding of the labeled material was measured and correlated to the amount and potency of the test compound. This binding assay is a modification of the procedure described by Takasaki, J. et. al, Mol. Pharmacol., 2001, Vol. 60, pg. 432.",CHEMBL3639290,Q9H244,P2Y purinoceptor 12,IC50,Cc1ccc2c(OCC(=O)N3CCC[C@H]3C(=O)NC3CCC3)cc(C(=O)NCC(=O)N3CCN(C(=O)OCCC(F)(F)F)CC3)nc2c1,8.522878745280337
CHEMBL3652617,CHEMBL2001,P2Y purinoceptor 12,IC50,=,5.0,nM,CHEMBL3705643,B,"Binding Assay: The ability of a test compound to bind to the P2Y12 receptor was evaluated in a recombinant cell membrane binding assay. In this competitive binding assay, the test compound competed against a radiolabeled agonist for binding to the P2Y12 receptor, expressed on the cell membrane. Inhibition of binding of the labeled material was measured and correlated to the amount and potency of the test compound. This binding assay is a modification of the procedure described by Takasaki, J. et. al, Mol. Pharmacol., 2001, Vol. 60, pg. 432.",CHEMBL3639290,Q9H244,P2Y purinoceptor 12,IC50,CCCCOC(=O)N1CCN(C(=O)CNC(=O)c2cc(OCC(=O)N3CCC[C@H]3C(=O)NC3CCC3)c3ccccc3n2)CC1,8.301029995663981
CHEMBL3652618,CHEMBL2001,P2Y purinoceptor 12,IC50,=,8.0,nM,CHEMBL3705643,B,"Binding Assay: The ability of a test compound to bind to the P2Y12 receptor was evaluated in a recombinant cell membrane binding assay. In this competitive binding assay, the test compound competed against a radiolabeled agonist for binding to the P2Y12 receptor, expressed on the cell membrane. Inhibition of binding of the labeled material was measured and correlated to the amount and potency of the test compound. This binding assay is a modification of the procedure described by Takasaki, J. et. al, Mol. Pharmacol., 2001, Vol. 60, pg. 432.",CHEMBL3639290,Q9H244,P2Y purinoceptor 12,IC50,CCCCOC(=O)N1CCN(C(=O)[C@H](CCc2nnn[nH]2)NC(=O)c2cc(OCC(=O)N3CCC[C@H]3C(=O)NC3CCC3)c3ccc(C)cc3n2)CC1,8.096910013008056
CHEMBL3652619,CHEMBL2001,P2Y purinoceptor 12,IC50,=,4.0,nM,CHEMBL3705643,B,"Binding Assay: The ability of a test compound to bind to the P2Y12 receptor was evaluated in a recombinant cell membrane binding assay. In this competitive binding assay, the test compound competed against a radiolabeled agonist for binding to the P2Y12 receptor, expressed on the cell membrane. Inhibition of binding of the labeled material was measured and correlated to the amount and potency of the test compound. This binding assay is a modification of the procedure described by Takasaki, J. et. al, Mol. Pharmacol., 2001, Vol. 60, pg. 432.",CHEMBL3639290,Q9H244,P2Y purinoceptor 12,IC50,CCCCOC(=O)N1CCN(C(=O)[C@H](CO)NC(=O)c2cc(OCC(=O)N3CCC[C@H]3C(=O)NC3CCC3)c3ccc(C)cc3n2)CC1,8.397940008672037
CHEMBL256057,CHEMBL2001,P2Y purinoceptor 12,IC50,=,3120.0,nM,CHEMBL4011255,B,Antagonist activity at human P2Y12 receptor expressed in CHO cells assessed as inhibition of 2-MeSADP-induced beta-arrestin translocation preincubated for 30 mins followed by 2-MeSADP addition measured after 90 mins by luminescence-based topcount method,CHEMBL4007497,Q9H244,P2Y purinoceptor 12,IC50,Nc1c(S(=O)(=O)[O-])cc(Nc2ccccc2)c2c1C(=O)c1ccccc1C2=O.[Na+],5.505845405981557
CHEMBL4069492,CHEMBL2001,P2Y purinoceptor 12,IC50,=,60.4,nM,CHEMBL4011255,B,Antagonist activity at human P2Y12 receptor expressed in CHO cells assessed as inhibition of 2-MeSADP-induced beta-arrestin translocation preincubated for 30 mins followed by 2-MeSADP addition measured after 90 mins by luminescence-based topcount method,CHEMBL4007497,Q9H244,P2Y purinoceptor 12,IC50,Cc1cc(Nc2cc(S(=O)(=O)[O-])c(N)c3c2C(=O)c2ccccc2C3=O)ccc1O.[Na+],7.218963061378869
CHEMBL4087247,CHEMBL2001,P2Y purinoceptor 12,IC50,=,2410.0,nM,CHEMBL4011255,B,Antagonist activity at human P2Y12 receptor expressed in CHO cells assessed as inhibition of 2-MeSADP-induced beta-arrestin translocation preincubated for 30 mins followed by 2-MeSADP addition measured after 90 mins by luminescence-based topcount method,CHEMBL4007497,Q9H244,P2Y purinoceptor 12,IC50,Cc1ccc(Sc2ccc(Nc3cc(S(=O)(=O)[O-])c(N)c4c3C(=O)c3ccccc3C4=O)cc2)c(C)c1.[Na+],5.617982957425132
CHEMBL4081274,CHEMBL2001,P2Y purinoceptor 12,IC50,=,2960.0,nM,CHEMBL4011255,B,Antagonist activity at human P2Y12 receptor expressed in CHO cells assessed as inhibition of 2-MeSADP-induced beta-arrestin translocation preincubated for 30 mins followed by 2-MeSADP addition measured after 90 mins by luminescence-based topcount method,CHEMBL4007497,Q9H244,P2Y purinoceptor 12,IC50,Cc1ccc(C)c(Sc2ccc(Nc3cc(S(=O)(=O)[O-])c(N)c4c3C(=O)c3ccccc3C4=O)cc2)c1.[Na+],5.528708288941061
CHEMBL4099292,CHEMBL2001,P2Y purinoceptor 12,IC50,=,2340.0,nM,CHEMBL4011255,B,Antagonist activity at human P2Y12 receptor expressed in CHO cells assessed as inhibition of 2-MeSADP-induced beta-arrestin translocation preincubated for 30 mins followed by 2-MeSADP addition measured after 90 mins by luminescence-based topcount method,CHEMBL4007497,Q9H244,P2Y purinoceptor 12,IC50,Cc1ccc(Sc2ccc(Nc3cc(S(=O)(=O)[O-])c(N)c4c3C(=O)c3ccccc3C4=O)cc2)cc1C.[Na+],5.630784142589857
CHEMBL4090874,CHEMBL2001,P2Y purinoceptor 12,IC50,=,3590.0,nM,CHEMBL4011255,B,Antagonist activity at human P2Y12 receptor expressed in CHO cells assessed as inhibition of 2-MeSADP-induced beta-arrestin translocation preincubated for 30 mins followed by 2-MeSADP addition measured after 90 mins by luminescence-based topcount method,CHEMBL4007497,Q9H244,P2Y purinoceptor 12,IC50,Nc1c(S(=O)(=O)[O-])cc(Nc2ccc(SCc3cccnc3)cc2)c2c1C(=O)c1ccccc1C2=O.[Na+],5.444905551421681
CHEMBL398435,CHEMBL2001,P2Y purinoceptor 12,IC50,=,320.0,nM,CHEMBL4045540,B,Inhibition of P2Y12 in human platelet rich plasma assessed as reduction in ADP-induced platelet aggregation pre-incubated before ADP addition and measured after 10 mins by Bruker spectrophotometry,CHEMBL4043160,Q9H244,P2Y purinoceptor 12,IC50,CCCSc1nc(N[C@@H]2C[C@H]2c2ccc(F)c(F)c2)c2nnn([C@@H]3C[C@H](OCCO)[C@@H](O)[C@H]3O)c2n1,6.494850021680094
CHEMBL84963,CHEMBL2001,P2Y purinoceptor 12,IC50,=,7430000.0,nM,CHEMBL4045540,B,Inhibition of P2Y12 in human platelet rich plasma assessed as reduction in ADP-induced platelet aggregation pre-incubated before ADP addition and measured after 10 mins by Bruker spectrophotometry,CHEMBL4043160,Q9H244,P2Y purinoceptor 12,IC50,c1ccc2[nH]nnc2c1,2.129011186239425
CHEMBL1456115,CHEMBL2001,P2Y purinoceptor 12,IC50,=,2060000.0,nM,CHEMBL4045540,B,Inhibition of P2Y12 in human platelet rich plasma assessed as reduction in ADP-induced platelet aggregation pre-incubated before ADP addition and measured after 10 mins by Bruker spectrophotometry,CHEMBL4043160,Q9H244,P2Y purinoceptor 12,IC50,O=[N+]([O-])c1cccc2[nH]nnc12,2.6861327796308467
CHEMBL4073608,CHEMBL2001,P2Y purinoceptor 12,IC50,=,1840000.0,nM,CHEMBL4045540,B,Inhibition of P2Y12 in human platelet rich plasma assessed as reduction in ADP-induced platelet aggregation pre-incubated before ADP addition and measured after 10 mins by Bruker spectrophotometry,CHEMBL4043160,Q9H244,P2Y purinoceptor 12,IC50,Cn1nnc2c([N+](=O)[O-])cccc21,2.735182176990463
CHEMBL4099652,CHEMBL2001,P2Y purinoceptor 12,IC50,=,1960000.0,nM,CHEMBL4045540,B,Inhibition of P2Y12 in human platelet rich plasma assessed as reduction in ADP-induced platelet aggregation pre-incubated before ADP addition and measured after 10 mins by Bruker spectrophotometry,CHEMBL4043160,Q9H244,P2Y purinoceptor 12,IC50,Cn1nc2cccc([N+](=O)[O-])c2n1,2.7077439286435236
CHEMBL4084826,CHEMBL2001,P2Y purinoceptor 12,IC50,=,1800000.0,nM,CHEMBL4045540,B,Inhibition of P2Y12 in human platelet rich plasma assessed as reduction in ADP-induced platelet aggregation pre-incubated before ADP addition and measured after 10 mins by Bruker spectrophotometry,CHEMBL4043160,Q9H244,P2Y purinoceptor 12,IC50,Cn1nnc2cccc([N+](=O)[O-])c21,2.7447274948966935
CHEMBL4102781,CHEMBL2001,P2Y purinoceptor 12,IC50,=,1500000.0,nM,CHEMBL4045540,B,Inhibition of P2Y12 in human platelet rich plasma assessed as reduction in ADP-induced platelet aggregation pre-incubated before ADP addition and measured after 10 mins by Bruker spectrophotometry,CHEMBL4043160,Q9H244,P2Y purinoceptor 12,IC50,CCn1nnc2c([N+](=O)[O-])cccc21,2.8239087409443187
CHEMBL4076556,CHEMBL2001,P2Y purinoceptor 12,IC50,=,1620000.0,nM,CHEMBL4045540,B,Inhibition of P2Y12 in human platelet rich plasma assessed as reduction in ADP-induced platelet aggregation pre-incubated before ADP addition and measured after 10 mins by Bruker spectrophotometry,CHEMBL4043160,Q9H244,P2Y purinoceptor 12,IC50,CCn1nc2cccc([N+](=O)[O-])c2n1,2.7904849854573692
CHEMBL4100042,CHEMBL2001,P2Y purinoceptor 12,IC50,=,1300000.0,nM,CHEMBL4045540,B,Inhibition of P2Y12 in human platelet rich plasma assessed as reduction in ADP-induced platelet aggregation pre-incubated before ADP addition and measured after 10 mins by Bruker spectrophotometry,CHEMBL4043160,Q9H244,P2Y purinoceptor 12,IC50,CCCn1nnc2c([N+](=O)[O-])cccc21,2.886056647693163
CHEMBL4062156,CHEMBL2001,P2Y purinoceptor 12,IC50,=,1320000.0,nM,CHEMBL4045540,B,Inhibition of P2Y12 in human platelet rich plasma assessed as reduction in ADP-induced platelet aggregation pre-incubated before ADP addition and measured after 10 mins by Bruker spectrophotometry,CHEMBL4043160,Q9H244,P2Y purinoceptor 12,IC50,CCCn1nc2cccc([N+](=O)[O-])c2n1,2.8794260687941504
CHEMBL4075142,CHEMBL2001,P2Y purinoceptor 12,IC50,=,1050000.0,nM,CHEMBL4045540,B,Inhibition of P2Y12 in human platelet rich plasma assessed as reduction in ADP-induced platelet aggregation pre-incubated before ADP addition and measured after 10 mins by Bruker spectrophotometry,CHEMBL4043160,Q9H244,P2Y purinoceptor 12,IC50,CCCCn1nnc2c([N+](=O)[O-])cccc21,2.9788107009300617
CHEMBL4078992,CHEMBL2001,P2Y purinoceptor 12,IC50,=,1070000.0,nM,CHEMBL4045540,B,Inhibition of P2Y12 in human platelet rich plasma assessed as reduction in ADP-induced platelet aggregation pre-incubated before ADP addition and measured after 10 mins by Bruker spectrophotometry,CHEMBL4043160,Q9H244,P2Y purinoceptor 12,IC50,CCCCn1nc2cccc([N+](=O)[O-])c2n1,2.9706162223147903
CHEMBL4076196,CHEMBL2001,P2Y purinoceptor 12,IC50,=,1070000.0,nM,CHEMBL4045540,B,Inhibition of P2Y12 in human platelet rich plasma assessed as reduction in ADP-induced platelet aggregation pre-incubated before ADP addition and measured after 10 mins by Bruker spectrophotometry,CHEMBL4043160,Q9H244,P2Y purinoceptor 12,IC50,CCCCCn1nnc2c([N+](=O)[O-])cccc21,2.9706162223147903
CHEMBL4071889,CHEMBL2001,P2Y purinoceptor 12,IC50,=,1020000.0,nM,CHEMBL4045540,B,Inhibition of P2Y12 in human platelet rich plasma assessed as reduction in ADP-induced platelet aggregation pre-incubated before ADP addition and measured after 10 mins by Bruker spectrophotometry,CHEMBL4043160,Q9H244,P2Y purinoceptor 12,IC50,CCCCCn1nc2cccc([N+](=O)[O-])c2n1,2.991399828238082
CHEMBL4093411,CHEMBL2001,P2Y purinoceptor 12,IC50,=,1040000.0,nM,CHEMBL4045540,B,Inhibition of P2Y12 in human platelet rich plasma assessed as reduction in ADP-induced platelet aggregation pre-incubated before ADP addition and measured after 10 mins by Bruker spectrophotometry,CHEMBL4043160,Q9H244,P2Y purinoceptor 12,IC50,CCCCCCn1nnc2c([N+](=O)[O-])cccc21,2.9829666607012193
CHEMBL4087845,CHEMBL2001,P2Y purinoceptor 12,IC50,=,940000.0,nM,CHEMBL4045540,B,Inhibition of P2Y12 in human platelet rich plasma assessed as reduction in ADP-induced platelet aggregation pre-incubated before ADP addition and measured after 10 mins by Bruker spectrophotometry,CHEMBL4043160,Q9H244,P2Y purinoceptor 12,IC50,CCCCCCn1nc2cccc([N+](=O)[O-])c2n1,3.0268721464003017
CHEMBL4075331,CHEMBL2001,P2Y purinoceptor 12,IC50,=,950000.0,nM,CHEMBL4045540,B,Inhibition of P2Y12 in human platelet rich plasma assessed as reduction in ADP-induced platelet aggregation pre-incubated before ADP addition and measured after 10 mins by Bruker spectrophotometry,CHEMBL4043160,Q9H244,P2Y purinoceptor 12,IC50,CCCCCCCn1nnc2c([N+](=O)[O-])cccc21,3.0222763947111524
CHEMBL4075411,CHEMBL2001,P2Y purinoceptor 12,IC50,=,930000.0,nM,CHEMBL4045540,B,Inhibition of P2Y12 in human platelet rich plasma assessed as reduction in ADP-induced platelet aggregation pre-incubated before ADP addition and measured after 10 mins by Bruker spectrophotometry,CHEMBL4043160,Q9H244,P2Y purinoceptor 12,IC50,CCCCCCCn1nc2cccc([N+](=O)[O-])c2n1,3.031517051446065
CHEMBL4067755,CHEMBL2001,P2Y purinoceptor 12,IC50,=,940000.0,nM,CHEMBL4045540,B,Inhibition of P2Y12 in human platelet rich plasma assessed as reduction in ADP-induced platelet aggregation pre-incubated before ADP addition and measured after 10 mins by Bruker spectrophotometry,CHEMBL4043160,Q9H244,P2Y purinoceptor 12,IC50,CCCCCCCCn1nnc2c([N+](=O)[O-])cccc21,3.0268721464003017
CHEMBL4077654,CHEMBL2001,P2Y purinoceptor 12,IC50,=,920000.0,nM,CHEMBL4045540,B,Inhibition of P2Y12 in human platelet rich plasma assessed as reduction in ADP-induced platelet aggregation pre-incubated before ADP addition and measured after 10 mins by Bruker spectrophotometry,CHEMBL4043160,Q9H244,P2Y purinoceptor 12,IC50,CCCCCCCCn1nc2cccc([N+](=O)[O-])c2n1,3.0362121726544444
CHEMBL4079813,CHEMBL2001,P2Y purinoceptor 12,IC50,=,910000.0,nM,CHEMBL4045540,B,Inhibition of P2Y12 in human platelet rich plasma assessed as reduction in ADP-induced platelet aggregation pre-incubated before ADP addition and measured after 10 mins by Bruker spectrophotometry,CHEMBL4043160,Q9H244,P2Y purinoceptor 12,IC50,O=[N+]([O-])c1cccc2c1nnn2CCCCl,3.040958607678906
CHEMBL4060620,CHEMBL2001,P2Y purinoceptor 12,IC50,=,1260000.0,nM,CHEMBL4045540,B,Inhibition of P2Y12 in human platelet rich plasma assessed as reduction in ADP-induced platelet aggregation pre-incubated before ADP addition and measured after 10 mins by Bruker spectrophotometry,CHEMBL4043160,Q9H244,P2Y purinoceptor 12,IC50,O=[N+]([O-])c1cccc2nn(CCCCl)nc12,2.8996294548824375
CHEMBL4075841,CHEMBL2001,P2Y purinoceptor 12,IC50,=,810000.0,nM,CHEMBL4045540,B,Inhibition of P2Y12 in human platelet rich plasma assessed as reduction in ADP-induced platelet aggregation pre-incubated before ADP addition and measured after 10 mins by Bruker spectrophotometry,CHEMBL4043160,Q9H244,P2Y purinoceptor 12,IC50,O=[N+]([O-])c1cccc2c1nnn2Cc1ccccc1,3.0915149811213505
CHEMBL4065540,CHEMBL2001,P2Y purinoceptor 12,IC50,=,820000.0,nM,CHEMBL4045540,B,Inhibition of P2Y12 in human platelet rich plasma assessed as reduction in ADP-induced platelet aggregation pre-incubated before ADP addition and measured after 10 mins by Bruker spectrophotometry,CHEMBL4043160,Q9H244,P2Y purinoceptor 12,IC50,O=[N+]([O-])c1cccc2nn(Cc3ccccc3)nc12,3.0861861476162833
CHEMBL4077194,CHEMBL2001,P2Y purinoceptor 12,IC50,=,650000.0,nM,CHEMBL4045540,B,Inhibition of P2Y12 in human platelet rich plasma assessed as reduction in ADP-induced platelet aggregation pre-incubated before ADP addition and measured after 10 mins by Bruker spectrophotometry,CHEMBL4043160,Q9H244,P2Y purinoceptor 12,IC50,O=C(c1ccccc1)n1nnc2c([N+](=O)[O-])cccc21,3.1870866433571443
CHEMBL4087693,CHEMBL2001,P2Y purinoceptor 12,IC50,=,860000.0,nM,CHEMBL4045540,B,Inhibition of P2Y12 in human platelet rich plasma assessed as reduction in ADP-induced platelet aggregation pre-incubated before ADP addition and measured after 10 mins by Bruker spectrophotometry,CHEMBL4043160,Q9H244,P2Y purinoceptor 12,IC50,Cc1ccc(S(=O)(=O)n2nnc3c([N+](=O)[O-])cccc32)cc1,3.0655015487564325
CHEMBL4229219,CHEMBL2001,P2Y purinoceptor 12,IC50,=,860.0,nM,CHEMBL4223325,B,Displacement of [3H]2MeSADP from P2Y12 receptor in human platelets after 60 mins by TopCount scintillation counting method,CHEMBL4219207,Q9H244,P2Y purinoceptor 12,IC50,CCOC(=O)N1CCN(C(=O)CNC(=O)C=C2c3ccccc3-c3ccccc32)CC1,6.065501548756432
CHEMBL4227347,CHEMBL2001,P2Y purinoceptor 12,IC50,=,690.0,nM,CHEMBL4223325,B,Displacement of [3H]2MeSADP from P2Y12 receptor in human platelets after 60 mins by TopCount scintillation counting method,CHEMBL4219207,Q9H244,P2Y purinoceptor 12,IC50,CCOC(=O)N1CCN(C(=O)CNC(=O)c2cc(OC)c3ccccc3n2)CC1,6.161150909262744
CHEMBL4225415,CHEMBL2001,P2Y purinoceptor 12,IC50,=,1800.0,nM,CHEMBL4223325,B,Displacement of [3H]2MeSADP from P2Y12 receptor in human platelets after 60 mins by TopCount scintillation counting method,CHEMBL4219207,Q9H244,P2Y purinoceptor 12,IC50,CCOC(=O)N1CCN(C(=O)CNC(=O)c2ccc3ccccc3c2)CC1,5.7447274948966935
CHEMBL4225138,CHEMBL2001,P2Y purinoceptor 12,IC50,=,1700.0,nM,CHEMBL4223325,B,Displacement of [3H]2MeSADP from P2Y12 receptor in human platelets after 60 mins by TopCount scintillation counting method,CHEMBL4219207,Q9H244,P2Y purinoceptor 12,IC50,CCOC(=O)N1CCN(C(=O)CNC(=O)c2cc(OC)c3ccccc3n2)C[C@@H]1C,5.769551078621726
CHEMBL4228398,CHEMBL2001,P2Y purinoceptor 12,IC50,=,4300.0,nM,CHEMBL4223325,B,Displacement of [3H]2MeSADP from P2Y12 receptor in human platelets after 60 mins by TopCount scintillation counting method,CHEMBL4219207,Q9H244,P2Y purinoceptor 12,IC50,CCOC(=O)N1CCN(C(=O)CNC(=O)c2cc(OC)c3ccccc3n2)C[C@H]1C,5.366531544420413
CHEMBL4225935,CHEMBL2001,P2Y purinoceptor 12,IC50,=,4500.0,nM,CHEMBL4223325,B,Displacement of [3H]2MeSADP from P2Y12 receptor in human platelets after 60 mins by TopCount scintillation counting method,CHEMBL4219207,Q9H244,P2Y purinoceptor 12,IC50,CCOC(=O)N1CCN(C(=O)CNC(=O)c2cc(OC)c3ccccc3n2)[C@H](C)C1,5.346787486224656
CHEMBL4227969,CHEMBL2001,P2Y purinoceptor 12,IC50,=,1100.0,nM,CHEMBL4223325,B,Displacement of [3H]2MeSADP from P2Y12 receptor in human platelets after 60 mins by TopCount scintillation counting method,CHEMBL4219207,Q9H244,P2Y purinoceptor 12,IC50,CCOC(=O)N1CCN(C(=O)CNC(=O)c2cc(OC)c3ccccc3n2)[C@@H](C)C1,5.958607314841775
CHEMBL4226722,CHEMBL2001,P2Y purinoceptor 12,IC50,=,1900.0,nM,CHEMBL4223325,B,Displacement of [3H]2MeSADP from P2Y12 receptor in human platelets after 60 mins by TopCount scintillation counting method,CHEMBL4219207,Q9H244,P2Y purinoceptor 12,IC50,CCOC(=O)N1CCN(C(=O)[C@H](C)NC(=O)c2cc(OC)c3ccccc3n2)CC1,5.721246399047171
CHEMBL4227196,CHEMBL2001,P2Y purinoceptor 12,IC50,=,14000.0,nM,CHEMBL4223325,B,Displacement of [3H]2MeSADP from P2Y12 receptor in human platelets after 60 mins by TopCount scintillation counting method,CHEMBL4219207,Q9H244,P2Y purinoceptor 12,IC50,CCOC(=O)N1CCN(C(=O)[C@@H](C)NC(=O)c2cc(OC)c3ccccc3n2)CC1,4.853871964321762
CHEMBL4229217,CHEMBL2001,P2Y purinoceptor 12,IC50,=,21000.0,nM,CHEMBL4223325,B,Displacement of [3H]2MeSADP from P2Y12 receptor in human platelets after 60 mins by TopCount scintillation counting method,CHEMBL4219207,Q9H244,P2Y purinoceptor 12,IC50,CCOC(=O)N1CCN(C(=O)CN(C)C(=O)c2cc(OC)c3ccccc3n2)CC1,4.6777807052660805
CHEMBL4225388,CHEMBL2001,P2Y purinoceptor 12,IC50,=,840.0,nM,CHEMBL4223325,B,Displacement of [3H]2MeSADP from P2Y12 receptor in human platelets after 60 mins by TopCount scintillation counting method,CHEMBL4219207,Q9H244,P2Y purinoceptor 12,IC50,CCOC(=O)N1CCN(C(=O)CNC(=O)c2cc(OCC)c3ccccc3n2)CC1,6.075720713938118
CHEMBL4225733,CHEMBL2001,P2Y purinoceptor 12,IC50,=,520.0,nM,CHEMBL4223325,B,Displacement of [3H]2MeSADP from P2Y12 receptor in human platelets after 60 mins by TopCount scintillation counting method,CHEMBL4219207,Q9H244,P2Y purinoceptor 12,IC50,CCCOc1cc(C(=O)NCC(=O)N2CCN(C(=O)OCC)CC2)nc2ccccc12,6.2839966563652006
CHEMBL4228342,CHEMBL2001,P2Y purinoceptor 12,IC50,=,890.0,nM,CHEMBL4223325,B,Displacement of [3H]2MeSADP from P2Y12 receptor in human platelets after 60 mins by TopCount scintillation counting method,CHEMBL4219207,Q9H244,P2Y purinoceptor 12,IC50,COc1cc(C(=O)NCC(=O)N2CCN(c3cccc(C)c3)CC2)nc2ccccc12,6.050609993355087
CHEMBL4227774,CHEMBL2001,P2Y purinoceptor 12,IC50,=,910.0,nM,CHEMBL4223325,B,Displacement of [3H]2MeSADP from P2Y12 receptor in human platelets after 60 mins by TopCount scintillation counting method,CHEMBL4219207,Q9H244,P2Y purinoceptor 12,IC50,COc1cc(C(=O)NCC(=O)N2CCN(C(=O)NC(C)(C)C)CC2)nc2ccccc12,6.040958607678906
CHEMBL4226930,CHEMBL2001,P2Y purinoceptor 12,IC50,=,1200.0,nM,CHEMBL4223325,B,Displacement of [3H]2MeSADP from P2Y12 receptor in human platelets after 60 mins by TopCount scintillation counting method,CHEMBL4219207,Q9H244,P2Y purinoceptor 12,IC50,CCCCCC(=O)N1CCN(C(=O)CNC(=O)c2cc(OC)c3ccccc3n2)CC1,5.920818753952375
CHEMBL4227910,CHEMBL2001,P2Y purinoceptor 12,IC50,=,1800.0,nM,CHEMBL4223325,B,Displacement of [3H]2MeSADP from P2Y12 receptor in human platelets after 60 mins by TopCount scintillation counting method,CHEMBL4219207,Q9H244,P2Y purinoceptor 12,IC50,CCc1ccc(C(=O)N2CCN(C(=O)CNC(=O)c3cc(OC)c4ccccc4n3)CC2)cc1,5.7447274948966935
CHEMBL4228736,CHEMBL2001,P2Y purinoceptor 12,IC50,=,1500.0,nM,CHEMBL4223325,B,Displacement of [3H]2MeSADP from P2Y12 receptor in human platelets after 60 mins by TopCount scintillation counting method,CHEMBL4219207,Q9H244,P2Y purinoceptor 12,IC50,CCOC(=O)N1CCN(C(=O)[C@@H](NC(=O)c2cc(OC)c3ccccc3n2)C(C)C)CC1,5.823908740944319
CHEMBL4227070,CHEMBL2001,P2Y purinoceptor 12,IC50,=,8600.0,nM,CHEMBL4223325,B,Displacement of [3H]2MeSADP from P2Y12 receptor in human platelets after 60 mins by TopCount scintillation counting method,CHEMBL4219207,Q9H244,P2Y purinoceptor 12,IC50,CCOC(=O)N1CCN(C(=O)[C@H](Cc2ccccc2)NC(=O)c2cc(OC)c3ccccc3n2)CC1,5.065501548756432
CHEMBL4228996,CHEMBL2001,P2Y purinoceptor 12,IC50,=,150.0,nM,CHEMBL4223325,B,Displacement of [3H]2MeSADP from P2Y12 receptor in human platelets after 60 mins by TopCount scintillation counting method,CHEMBL4219207,Q9H244,P2Y purinoceptor 12,IC50,CCOC(=O)N1CCN(C(=O)[C@H](CC(=O)O)NC(=O)c2cc(OC)c3ccccc3n2)CC1,6.823908740944319
CHEMBL4228420,CHEMBL2001,P2Y purinoceptor 12,IC50,=,86.0,nM,CHEMBL4223325,B,Displacement of [3H]2MeSADP from P2Y12 receptor in human platelets after 60 mins by TopCount scintillation counting method,CHEMBL4219207,Q9H244,P2Y purinoceptor 12,IC50,CCOC(=O)N1CCN(C(=O)[C@H](CCC(=O)O)NC(=O)c2cc(OC)c3ccccc3n2)CC1,7.0655015487564325
CHEMBL4229257,CHEMBL2001,P2Y purinoceptor 12,IC50,=,26000.0,nM,CHEMBL4223325,B,Displacement of [3H]2MeSADP from P2Y12 receptor in human platelets after 60 mins by TopCount scintillation counting method,CHEMBL4219207,Q9H244,P2Y purinoceptor 12,IC50,CCOC(=O)N1CCN(C(=O)[C@H](CCCCN)NC(=O)c2cc(OC)c3ccccc3n2)CC1,4.585026652029182
CHEMBL4228684,CHEMBL2001,P2Y purinoceptor 12,IC50,=,1100.0,nM,CHEMBL4223325,B,Displacement of [3H]2MeSADP from P2Y12 receptor in human platelets after 60 mins by TopCount scintillation counting method,CHEMBL4219207,Q9H244,P2Y purinoceptor 12,IC50,CCOC(=O)N1CCN(C(=O)[C@H](CO)NC(=O)c2cc(OC)c3ccccc3n2)CC1,5.958607314841775
CHEMBL4224920,CHEMBL2001,P2Y purinoceptor 12,IC50,=,2100.0,nM,CHEMBL4223325,B,Displacement of [3H]2MeSADP from P2Y12 receptor in human platelets after 60 mins by TopCount scintillation counting method,CHEMBL4219207,Q9H244,P2Y purinoceptor 12,IC50,CCOC(=O)N1CCN(C(=O)[C@H](CC(N)=O)NC(=O)c2cc(OC)c3ccccc3n2)CC1,5.6777807052660805
CHEMBL4228415,CHEMBL2001,P2Y purinoceptor 12,IC50,=,2500.0,nM,CHEMBL4223325,B,Displacement of [3H]2MeSADP from P2Y12 receptor in human platelets after 60 mins by TopCount scintillation counting method,CHEMBL4219207,Q9H244,P2Y purinoceptor 12,IC50,CCOC(=O)N1CCN(C(=O)[C@H](CCC(N)=O)NC(=O)c2cc(OC)c3ccccc3n2)CC1,5.6020599913279625
CHEMBL4227595,CHEMBL2001,P2Y purinoceptor 12,IC50,=,1500.0,nM,CHEMBL4223325,B,Displacement of [3H]2MeSADP from P2Y12 receptor in human platelets after 60 mins by TopCount scintillation counting method,CHEMBL4219207,Q9H244,P2Y purinoceptor 12,IC50,CCOC(=O)N1CCN(C(=O)[C@H](Cc2cnc[nH]2)NC(=O)c2cc(OC)c3ccccc3n2)CC1,5.823908740944319
CHEMBL4228020,CHEMBL2001,P2Y purinoceptor 12,IC50,=,7900.0,nM,CHEMBL4223325,B,Displacement of [3H]2MeSADP from P2Y12 receptor in human platelets after 60 mins by TopCount scintillation counting method,CHEMBL4219207,Q9H244,P2Y purinoceptor 12,IC50,CCOC(=O)N1CCN(C(=O)[C@H](Cc2c[nH]c3ccccc23)NC(=O)c2cc(OC)c3ccccc3n2)CC1,5.102372908709558
CHEMBL4227170,CHEMBL2001,P2Y purinoceptor 12,IC50,=,18000.0,nM,CHEMBL4223325,B,Displacement of [3H]2MeSADP from P2Y12 receptor in human platelets after 60 mins by TopCount scintillation counting method,CHEMBL4219207,Q9H244,P2Y purinoceptor 12,IC50,CCOC(=O)N1CCN(C(=O)[C@@H](CC(=O)O)NC(=O)c2cc(OC)c3ccccc3n2)CC1,4.7447274948966935
CHEMBL4227756,CHEMBL2001,P2Y purinoceptor 12,IC50,=,22000.0,nM,CHEMBL4223325,B,Displacement of [3H]2MeSADP from P2Y12 receptor in human platelets after 60 mins by TopCount scintillation counting method,CHEMBL4219207,Q9H244,P2Y purinoceptor 12,IC50,CCOC(=O)N1CCN(C(=O)[C@@H](CCC(=O)O)NC(=O)c2cc(OC)c3ccccc3n2)CC1,4.657577319177793
CHEMBL4226913,CHEMBL2001,P2Y purinoceptor 12,IC50,=,270.0,nM,CHEMBL4223325,B,Displacement of [3H]2MeSADP from P2Y12 receptor in human platelets after 60 mins by TopCount scintillation counting method,CHEMBL4219207,Q9H244,P2Y purinoceptor 12,IC50,CCOC(=O)N1CCN(C(=O)[C@H](CCCC(=O)O)NC(=O)c2cc(OC)c3ccccc3n2)CC1,6.568636235841012
CHEMBL4227647,CHEMBL2001,P2Y purinoceptor 12,IC50,=,1100.0,nM,CHEMBL4223325,B,Displacement of [3H]2MeSADP from P2Y12 receptor in human platelets after 60 mins by TopCount scintillation counting method,CHEMBL4219207,Q9H244,P2Y purinoceptor 12,IC50,CCOC(=O)N1CCN(C(=O)[C@H](CC(=O)NCC(=O)O)NC(=O)c2cc(OC)c3ccccc3n2)CC1,5.958607314841775
CHEMBL4226648,CHEMBL2001,P2Y purinoceptor 12,IC50,=,190.0,nM,CHEMBL4223325,B,Displacement of [3H]2MeSADP from P2Y12 receptor in human platelets after 60 mins by TopCount scintillation counting method,CHEMBL4219207,Q9H244,P2Y purinoceptor 12,IC50,CCOC(=O)N1CCN(C(=O)[C@@H](CSCC(=O)O)NC(=O)c2cc(OC)c3ccccc3n2)CC1,6.721246399047171
CHEMBL4227949,CHEMBL2001,P2Y purinoceptor 12,IC50,=,200.0,nM,CHEMBL4223325,B,Displacement of [3H]2MeSADP from P2Y12 receptor in human platelets after 60 mins by TopCount scintillation counting method,CHEMBL4219207,Q9H244,P2Y purinoceptor 12,IC50,CCOC(=O)N1CCN(C(=O)[C@H](COCC(=O)O)NC(=O)c2cc(OC)c3ccccc3n2)CC1,6.698970004336019
CHEMBL347921,CHEMBL2001,P2Y purinoceptor 12,IC50,=,176000.0,nM,CHEMBL4678940,B,Antagonist activity at P2Y12 in human whole blood assessed as suppression of ADP-induced decrease in PGE1-induced VASP phosphorylation measured after 10 mins by immunostaining based flow cytometric analysis,CHEMBL4673353,Q9H244,P2Y purinoceptor 12,IC50,CNc1nc(Cl)nc2c1ncn2CC(COC(=O)C(C)(C)C)COC(=O)C(C)(C)C,3.7544873321858505
CHEMBL398435,CHEMBL2001,P2Y purinoceptor 12,IC50,=,5140.0,nM,CHEMBL4678940,B,Antagonist activity at P2Y12 in human whole blood assessed as suppression of ADP-induced decrease in PGE1-induced VASP phosphorylation measured after 10 mins by immunostaining based flow cytometric analysis,CHEMBL4673353,Q9H244,P2Y purinoceptor 12,IC50,CCCSc1nc(N[C@@H]2C[C@H]2c2ccc(F)c(F)c2)c2nnn([C@@H]3C[C@H](OCCO)[C@@H](O)[C@H]3O)c2n1,5.289036881004725
CHEMBL4786038,CHEMBL2001,P2Y purinoceptor 12,IC50,=,148920.0,nM,CHEMBL4678940,B,Antagonist activity at P2Y12 in human whole blood assessed as suppression of ADP-induced decrease in PGE1-induced VASP phosphorylation measured after 10 mins by immunostaining based flow cytometric analysis,CHEMBL4673353,Q9H244,P2Y purinoceptor 12,IC50,Cc1nc(-c2cccc(C#N)c2)n(OCc2ccc(C#N)cc2)c1C(=O)O,3.827046972453646
CHEMBL398435,CHEMBL2001,P2Y purinoceptor 12,IC50,=,10.0,nM,CHEMBL5105401,B,Inhibition of P2Y12 (unknown origin),CHEMBL5104116,Q9H244,P2Y purinoceptor 12,IC50,CCCSc1nc(N[C@@H]2C[C@H]2c2ccc(F)c(F)c2)c2nnn([C@@H]3C[C@H](OCCO)[C@@H](O)[C@H]3O)c2n1,8.0
CHEMBL334966,CHEMBL2001,P2Y purinoceptor 12,IC50,=,0.45,nM,CHEMBL5105401,B,Inhibition of P2Y12 (unknown origin),CHEMBL5104116,Q9H244,P2Y purinoceptor 12,IC50,CSCCNc1nc(SCCC(F)(F)F)nc2c1ncn2[C@@H]1O[C@H](COP(=O)(O)OP(=O)(O)C(Cl)(Cl)P(=O)(O)O)[C@@H](O)[C@H]1O,9.346787486224656
CHEMBL3325891,CHEMBL2001,P2Y purinoceptor 12,IC50,=,17.0,nM,CHEMBL5105401,B,Inhibition of P2Y12 (unknown origin),CHEMBL5104116,Q9H244,P2Y purinoceptor 12,IC50,CCCC(=O)c1cnn(-c2ccc(NC(=O)c3cn(CC(=O)N4CCN(C)CC4)c4ccc(Cl)cc34)nn2)c1C,7.769551078621726
CHEMBL1201772,CHEMBL2001,P2Y purinoceptor 12,IC50,=,1800.0,nM,CHEMBL5105401,B,Inhibition of P2Y12 (unknown origin),CHEMBL5104116,Q9H244,P2Y purinoceptor 12,IC50,CC(=O)Oc1cc2c(s1)CCN(C(C(=O)C1CC1)c1ccccc1F)C2,5.7447274948966935
CHEMBL1771,CHEMBL2001,P2Y purinoceptor 12,IC50,=,2400.0,nM,CHEMBL5105401,B,Inhibition of P2Y12 (unknown origin),CHEMBL5104116,Q9H244,P2Y purinoceptor 12,IC50,COC(=O)[C@H](c1ccccc1Cl)N1CCc2sccc2C1,5.619788758288394
CHEMBL5177774,CHEMBL2001,P2Y purinoceptor 12,IC50,=,2200.0,nM,CHEMBL5126962,B,Displacement of [3H]2MeSADP from P2Y12 (unknown origin),CHEMBL5126507,Q9H244,P2Y purinoceptor 12,IC50,C[C@H]([C@@H](O)[C@H](O)[C@@H](C)C(C)(C)C)[C@H]1CC[C@H]2[C@@H]3CC[C@H]4C[C@@H](OS(=O)(=O)O)[C@H](OS(=O)(=O)O)C[C@]4(C)[C@H]3CC[C@]12C,5.657577319177793
CHEMBL5183695,CHEMBL2001,P2Y purinoceptor 12,IC50,=,480.0,nM,CHEMBL5126962,B,Displacement of [3H]2MeSADP from P2Y12 (unknown origin),CHEMBL5126507,Q9H244,P2Y purinoceptor 12,IC50,C[C@H](CC[C@@H](C)C(C)(C)C)[C@H]1CC[C@H]2[C@@H]3C[C@H](OS(=O)(=O)[O-])[C@H]4C[C@@H](OS(=O)(=O)[O-])[C@H](OS(=O)(=O)[O-])C[C@]4(C)[C@H]3CC[C@]12C.[Na+].[Na+].[Na+],6.318758762624412
CHEMBL5209548,CHEMBL2001,P2Y purinoceptor 12,IC50,=,320.0,nM,CHEMBL5126963,B,Binding affinity to P2Y12 (unknown origin),CHEMBL5126507,Q9H244,P2Y purinoceptor 12,IC50,Cc1cnc(-c2cnc(N3CCN(C(=O)NS(=O)(=O)c4ccccc4)CC3)c(Cl)c2)o1,6.494850021680094
CHEMBL5172707,CHEMBL2001,P2Y purinoceptor 12,IC50,=,379.0,nM,CHEMBL5126973,B,Displacement of [33P]2MeSADP from human P2Y12 expressed in CHO cell membranes preincubated for 15 mins followed by [33P]2MeSADP addition and measured after 20 mins by microbeta scintillation counting method,CHEMBL5126507,Q9H244,P2Y purinoceptor 12,IC50,CCOC(=O)N1CCN(C(=O)[C@H](CC(C(=O)O)C(=O)O)NC(=O)c2cc(OC3(C(=O)OCC)CCC3)n(-c3ccccc3)n2)CC1,6.421360790031928
CHEMBL5207212,CHEMBL2001,P2Y purinoceptor 12,IC50,=,10.0,nM,CHEMBL5126973,B,Displacement of [33P]2MeSADP from human P2Y12 expressed in CHO cell membranes preincubated for 15 mins followed by [33P]2MeSADP addition and measured after 20 mins by microbeta scintillation counting method,CHEMBL5126507,Q9H244,P2Y purinoceptor 12,IC50,CCCCOC(=O)N1CCN(C(=O)[C@H](CCC(=O)O)NC(=O)c2cc(OCC(=O)N3CCC[C@H]3C(=O)NCC(F)F)n(-c3ccccc3)n2)CC1,8.0
CHEMBL5190693,CHEMBL2001,P2Y purinoceptor 12,IC50,=,10.0,nM,CHEMBL5126973,B,Displacement of [33P]2MeSADP from human P2Y12 expressed in CHO cell membranes preincubated for 15 mins followed by [33P]2MeSADP addition and measured after 20 mins by microbeta scintillation counting method,CHEMBL5126507,Q9H244,P2Y purinoceptor 12,IC50,CCOC(=O)N1CCN(C(=O)[C@H](CCNS(=O)(=O)C(F)(F)F)NC(=O)c2cc(OCC(=O)N3CCC[C@H]3C(=O)NC3CCC3)n(-c3ccccc3)n2)CC1,8.0
CHEMBL3652616,CHEMBL2001,P2Y purinoceptor 12,IC50,=,3.0,nM,CHEMBL5126973,B,Displacement of [33P]2MeSADP from human P2Y12 expressed in CHO cell membranes preincubated for 15 mins followed by [33P]2MeSADP addition and measured after 20 mins by microbeta scintillation counting method,CHEMBL5126507,Q9H244,P2Y purinoceptor 12,IC50,Cc1ccc2c(OCC(=O)N3CCC[C@H]3C(=O)NC3CCC3)cc(C(=O)NCC(=O)N3CCN(C(=O)OCCC(F)(F)F)CC3)nc2c1,8.522878745280337
CHEMBL5170672,CHEMBL2001,P2Y purinoceptor 12,IC50,=,30.0,nM,CHEMBL5126973,B,Displacement of [33P]2MeSADP from human P2Y12 expressed in CHO cell membranes preincubated for 15 mins followed by [33P]2MeSADP addition and measured after 20 mins by microbeta scintillation counting method,CHEMBL5126507,Q9H244,P2Y purinoceptor 12,IC50,Cc1[nH]c(-c2ccccc2)c(/C=C/C(=O)O)c1C(=O)C(=O)N1CCN(c2cccc(C(F)(F)F)c2)CC1,7.522878745280337
CHEMBL569732,CHEMBL2001,P2Y purinoceptor 12,IC50,=,71.0,nM,CHEMBL5126983,B,Displacement of tritium-labeled 2MeSADP from human P2Y12 expressed in CHO cells measured after 2 hrs by scintillation counting method,CHEMBL5126507,Q9H244,P2Y purinoceptor 12,IC50,CCCCOC(=O)N1CCN(C(=O)[C@H](CCC(=O)O)NC(=O)c2cc(OC3CCNCC3)nc(-c3ccccc3)n2)CC1,7.1487416512809245
CHEMBL5207480,CHEMBL2001,P2Y purinoceptor 12,IC50,=,61.0,nM,CHEMBL5126983,B,Displacement of tritium-labeled 2MeSADP from human P2Y12 expressed in CHO cells measured after 2 hrs by scintillation counting method,CHEMBL5126507,Q9H244,P2Y purinoceptor 12,IC50,CCOC(=O)N1CCN(C(=O)[C@H](CCC(=O)O)NC(=O)c2cc(N3CCC[C@@H]3COC)nc(-c3ccccc3)n2)CC1,7.214670164989233
CHEMBL5188874,CHEMBL2001,P2Y purinoceptor 12,IC50,=,3.0,nM,CHEMBL5126983,B,Displacement of tritium-labeled 2MeSADP from human P2Y12 expressed in CHO cells measured after 2 hrs by scintillation counting method,CHEMBL5126507,Q9H244,P2Y purinoceptor 12,IC50,CCCCOC(=O)N1CCN(C(=O)[C@H](CP(=O)(O)O)NC(=O)c2cc(N3CCN(C)CC3)nc(-c3ccccc3)n2)CC1,8.522878745280337
CHEMBL5196387,CHEMBL2001,P2Y purinoceptor 12,IC50,=,2.8,nM,CHEMBL5126983,B,Displacement of tritium-labeled 2MeSADP from human P2Y12 expressed in CHO cells measured after 2 hrs by scintillation counting method,CHEMBL5126507,Q9H244,P2Y purinoceptor 12,IC50,CCCCOC(=O)N1CCN(C(=O)[C@H](CP2(=O)OCc3cccc(C)c3O2)NC(=O)c2cc(N3CC[C@H](OC)C3)nc(-c3ccccc3)n2)CC1,8.55284196865778
CHEMBL5204363,CHEMBL2001,P2Y purinoceptor 12,IC50,=,34.0,nM,CHEMBL5126983,B,Displacement of tritium-labeled 2MeSADP from human P2Y12 expressed in CHO cells measured after 2 hrs by scintillation counting method,CHEMBL5126507,Q9H244,P2Y purinoceptor 12,IC50,CCOC(=O)N1CCN(C(=O)[C@@H](CCC(=O)O)NC(=O)c2cc(Cl)cc(-c3ccccc3)n2)CC1,7.468521082957745
CHEMBL5179719,CHEMBL2001,P2Y purinoceptor 12,IC50,=,1.0,nM,CHEMBL5126983,B,Displacement of tritium-labeled 2MeSADP from human P2Y12 expressed in CHO cells measured after 2 hrs by scintillation counting method,CHEMBL5126507,Q9H244,P2Y purinoceptor 12,IC50,CCCCOC(=O)N1CCN(C(=O)[C@H](CP(=O)(O)O)NC(=O)c2csc(-c3ccccc3)n2)CC1,9.0
CHEMBL5184268,CHEMBL2001,P2Y purinoceptor 12,IC50,=,1.0,nM,CHEMBL5126983,B,Displacement of tritium-labeled 2MeSADP from human P2Y12 expressed in CHO cells measured after 2 hrs by scintillation counting method,CHEMBL5126507,Q9H244,P2Y purinoceptor 12,IC50,CCCCOC(=O)N1CCN(C(=O)[C@H](Cc2ccc(P(=O)(O)O)cc2)NC(=O)c2csc(-c3ccccc3)n2)CC1,9.0
CHEMBL5195237,CHEMBL2001,P2Y purinoceptor 12,IC50,=,1.0,nM,CHEMBL5126983,B,Displacement of tritium-labeled 2MeSADP from human P2Y12 expressed in CHO cells measured after 2 hrs by scintillation counting method,CHEMBL5126507,Q9H244,P2Y purinoceptor 12,IC50,CCOC(=O)N1CCN(C(=O)[C@H](Cc2ccc(P(=O)(O)O)cc2)NC(=O)c2csc(-c3ccccc3)n2)CC1,9.0
CHEMBL5173489,CHEMBL2001,P2Y purinoceptor 12,IC50,=,1.0,nM,CHEMBL5126983,B,Displacement of tritium-labeled 2MeSADP from human P2Y12 expressed in CHO cells measured after 2 hrs by scintillation counting method,CHEMBL5126507,Q9H244,P2Y purinoceptor 12,IC50,CCCCOC(=O)N1CCN(C(=O)[C@H](CCC(=O)O)NC(=O)c2nc(-c3ccccc3)sc2N2CC[C@H](OC)C2)CC1,9.0
CHEMBL5192953,CHEMBL2001,P2Y purinoceptor 12,IC50,=,1.0,nM,CHEMBL5126983,B,Displacement of tritium-labeled 2MeSADP from human P2Y12 expressed in CHO cells measured after 2 hrs by scintillation counting method,CHEMBL5126507,Q9H244,P2Y purinoceptor 12,IC50,CCCCOC(=O)N1CCN(C(=O)[C@H](CP(=O)(O)O)NC(=O)c2nc(-c3ccccc3)sc2N2CCN(C)CC2)CC1,9.0
CHEMBL5203416,CHEMBL2001,P2Y purinoceptor 12,IC50,=,1.0,nM,CHEMBL5126983,B,Displacement of tritium-labeled 2MeSADP from human P2Y12 expressed in CHO cells measured after 2 hrs by scintillation counting method,CHEMBL5126507,Q9H244,P2Y purinoceptor 12,IC50,CCCCOC(=O)N1CCN(C(=O)[C@H](CP(=O)(O)O)NC(=O)c2nc(-c3ccccc3)sc2N(C)CCCC)CC1,9.0
CHEMBL5197988,CHEMBL2001,P2Y purinoceptor 12,IC50,=,1349.0,nM,CHEMBL5126984,B,Displacement of 2-MeS[3H]-ADP from P2Y12 (unknown origin) expressed in HEK293 cells preincubated for 5 mins followed by 2-MeS[3H]-ADP addition and measured after 30 mins by Topcount beta counter analysis,CHEMBL5126507,Q9H244,P2Y purinoceptor 12,IC50,CCCSc1nc(N[C@@H]2C[C@H]2c2ccccc2)c2nnn([C@@H]3CC[C@H](O)[C@@H](O)[C@H]3O)c2n1,5.869988050328096
CHEMBL2103828,CHEMBL2001,P2Y purinoceptor 12,IC50,=,50.0,nM,CHEMBL5126995,B,Displacement of [3H]2MeSADP from human P2Y12 preincubated for 5 mins followed by [3H]2MeSADP addition and measured after 15 mins by scintillation counting method,CHEMBL5126507,Q9H244,P2Y purinoceptor 12,IC50,CNc1cc2[nH]c(=O)n(-c3ccc(NC(=O)NS(=O)(=O)c4ccc(Cl)s4)cc3)c(=O)c2cc1F,7.301029995663981
CHEMBL5206028,CHEMBL2001,P2Y purinoceptor 12,IC50,=,6.0,nM,CHEMBL5152323,B,Inhibition of human P2Y12,CHEMBL5150013,Q9H244,P2Y purinoceptor 12,IC50,CCOC(=O)c1cc(C#N)c(N2CC(N[11C](=O)NS(=O)(=O)c3ccc(Cl)s3)C2)nc1C,8.221848749616356
CHEMBL5280208,CHEMBL2001,P2Y purinoceptor 12,IC50,=,6490.0,nM,CHEMBL5232958,B,Antagonist activity at P2Y12 receptor in human blood platelets assessed as inhibition of ADP-induced platelet aggregation compound preincubated with blood for 5 mins prior to ADP addition by electrode aggregometry assay,CHEMBL5230169,Q9H244,P2Y purinoceptor 12,IC50,O=C(CCC(=O)Nc1ccc2[nH]c3ccccc3c(=O)c2c1)Nc1ccc2[nH]c3ccccc3c(=O)c2c1,5.187755303199631
CHEMBL5288399,CHEMBL2001,P2Y purinoceptor 12,IC50,=,35000.0,nM,CHEMBL5232958,B,Antagonist activity at P2Y12 receptor in human blood platelets assessed as inhibition of ADP-induced platelet aggregation compound preincubated with blood for 5 mins prior to ADP addition by electrode aggregometry assay,CHEMBL5230169,Q9H244,P2Y purinoceptor 12,IC50,O=C(CCCCCCCC(=O)Nc1ccc2[nH]c3ccccc3c(=O)c2c1)Nc1ccc2[nH]c3ccccc3c(=O)c2c1,4.455931955649724
CHEMBL5279963,CHEMBL2001,P2Y purinoceptor 12,IC50,=,4200.0,nM,CHEMBL5232958,B,Antagonist activity at P2Y12 receptor in human blood platelets assessed as inhibition of ADP-induced platelet aggregation compound preincubated with blood for 5 mins prior to ADP addition by electrode aggregometry assay,CHEMBL5230169,Q9H244,P2Y purinoceptor 12,IC50,CCOC(=O)c1cc(NC(=O)c2cc(NC(=O)c3cc(NC(=O)c4c(-c5ccccc5)noc4C)cn3C)cn2C)cn1C,5.376750709602099
CHEMBL334966,CHEMBL2001,P2Y purinoceptor 12,IC50,=,0.4,nM,CHEMBL5257760,B,Antagonist activity at P2Y12 (unknown origin),CHEMBL5257031,Q9H244,P2Y purinoceptor 12,IC50,CSCCNc1nc(SCCC(F)(F)F)nc2c1ncn2[C@@H]1O[C@H](COP(=O)(O)OP(=O)(O)C(Cl)(Cl)P(=O)(O)O)[C@@H](O)[C@H]1O,9.397940008672037
CHEMBL250832,CHEMBL2001,P2Y purinoceptor 12,IC50,=,100.0,nM,CHEMBL5257761,B,Antagonist activity at human P2Y12 by aggregation assay,CHEMBL5257031,Q9H244,P2Y purinoceptor 12,IC50,CCCCNc1nc(SCCC)nc2c1ncn2[C@@H]1O[C@H](/C=C/C(=O)N[C@@H](CC(=O)O)C(=O)O)[C@@H](O)[C@H]1O,7.0
CHEMBL251024,CHEMBL2001,P2Y purinoceptor 12,IC50,=,0.3162,nM,CHEMBL5257761,B,Antagonist activity at human P2Y12 by aggregation assay,CHEMBL5257031,Q9H244,P2Y purinoceptor 12,IC50,CCCCNc1nc(SCCC)nc2c1nnn2[C@@H]1O[C@H](/C=C/C(=O)N[C@@H](CC(=O)O)C(=O)O)[C@@H](O)[C@H]1O,9.500038134403809
CHEMBL437204,CHEMBL2001,P2Y purinoceptor 12,IC50,=,0.5012,nM,CHEMBL5257761,B,Antagonist activity at human P2Y12 by aggregation assay,CHEMBL5257031,Q9H244,P2Y purinoceptor 12,IC50,CCCCNc1nc(SCCC)nc2c1nnn2[C@@H]1C[C@H](/C=C/C(=O)N[C@@H](CC(=O)O)C(=O)O)[C@@H](O)[C@H]1O,9.299988937677888
CHEMBL2172275,CHEMBL2001,P2Y purinoceptor 12,IC50,=,129.9,nM,CHEMBL5257763,B,Antagonist activity at human P2Y12,CHEMBL5257031,Q9H244,P2Y purinoceptor 12,IC50,CCOC(=O)N1CCN(C(=O)[C@H](CCC(=O)O)NC(=O)c2cc(OC(C)(C)C(=O)OCC)c3ccc(C)cc3n2)CC1,6.886390848926972
CHEMBL3797316,CHEMBL2001,P2Y purinoceptor 12,IC50,=,8.3,nM,CHEMBL5257763,B,Antagonist activity at human P2Y12,CHEMBL5257031,Q9H244,P2Y purinoceptor 12,IC50,CCOC(=O)N1CCN(C(=O)[C@H](CCC(=O)O)NC(=O)c2cc(OC(C)(C)C(=O)O)c3ccc(C)cc3n2)CC1,8.080921907623926
CHEMBL540200,CHEMBL2001,P2Y purinoceptor 12,IC50,=,170.0,nM,CHEMBL5257763,B,Antagonist activity at human P2Y12,CHEMBL5257031,Q9H244,P2Y purinoceptor 12,IC50,CCOc1ccc2c(c1)SC1=NS(=O)(=O)C(C(=O)CS(=O)(=O)Nc3nc4ccc(OCC)cc4s3)=C(O)N12,6.769551078621726
